"recordType","id","subject","year","questionNumber","questionType","answerSourceStatus","answerSourceEvidence","requiresImage","imageCount","imageFilesAvailable","requiresContext","contextEmbeddedInStem","contextImageLinked","teacherVerdict","reviewerName","reviewerQualification","reviewedAt","reviewerSigned","reviewStatus"
"ITEM","OFF-0001","國文","110","1","歷屆真題","verified","依110年國中教育會考官方選擇題參考答案一覽表核對：國文第1題官方答案A，與目前正解索引及選項相符。答案表：https://drive.google.com/file/d/1z7jBxC9t24e2Y3WK71XxWe0JOjJRLcNW/view","false","0","0","false","false","false","","","","","false","UNSIGNED_OR_INCOMPLETE"
"ITEM","OFF-0002","國文","110","2","歷屆真題","verified","依110年國中教育會考官方選擇題參考答案一覽表核對：國文第2題官方答案D，與目前正解索引及選項相符。答案表：https://drive.google.com/file/d/1z7jBxC9t24e2Y3WK71XxWe0JOjJRLcNW/view","false","0","0","false","false","false","","","","","false","UNSIGNED_OR_INCOMPLETE"
"ITEM","OFF-0003","國文","110","3","歷屆真題","verified","依110年國中教育會考官方選擇題參考答案一覽表核對：國文第3題官方答案C，與目前正解索引及選項相符。答案表：https://drive.google.com/file/d/1z7jBxC9t24e2Y3WK71XxWe0JOjJRLcNW/view","true","1","1","false","false","true","","","","","false","UNSIGNED_OR_INCOMPLETE"
"ITEM","OFF-0004","國文","110","4","歷屆真題","verified","依110年國中教育會考官方選擇題參考答案一覽表核對：國文第4題官方答案B，與目前正解索引及選項相符。答案表：https://drive.google.com/file/d/1z7jBxC9t24e2Y3WK71XxWe0JOjJRLcNW/view","false","0","0","false","false","false","","","","","false","UNSIGNED_OR_INCOMPLETE"
"ITEM","OFF-0005","國文","110","5","歷屆真題","verified","依110年國中教育會考官方選擇題參考答案一覽表核對：國文第5題官方答案C，與目前正解索引及選項相符。答案表：https://drive.google.com/file/d/1z7jBxC9t24e2Y3WK71XxWe0JOjJRLcNW/view","false","0","0","false","false","false","","","","","false","UNSIGNED_OR_INCOMPLETE"
"ITEM","OFF-0006","國文","110","6","歷屆真題","verified","依110年國中教育會考官方選擇題參考答案一覽表核對：國文第6題官方答案A，與目前正解索引及選項相符。答案表：https://drive.google.com/file/d/1z7jBxC9t24e2Y3WK71XxWe0JOjJRLcNW/view","false","0","0","false","true","false","","","","","false","UNSIGNED_OR_INCOMPLETE"
"ITEM","OFF-0007","國文","110","7","歷屆真題","verified","依110年國中教育會考官方選擇題參考答案一覽表核對：國文第7題官方答案A，與目前正解索引及選項相符。答案表：https://drive.google.com/file/d/1z7jBxC9t24e2Y3WK71XxWe0JOjJRLcNW/view","false","0","0","false","false","false","","","","","false","UNSIGNED_OR_INCOMPLETE"
"ITEM","OFF-0008","國文","110","8","歷屆真題","verified","依110年國中教育會考官方選擇題參考答案一覽表核對：國文第8題官方答案D，與目前正解索引及選項相符。答案表：https://drive.google.com/file/d/1z7jBxC9t24e2Y3WK71XxWe0JOjJRLcNW/view","false","0","0","false","false","false","","","","","false","UNSIGNED_OR_INCOMPLETE"
"ITEM","OFF-0009","國文","110","9","歷屆真題","verified","依110年國中教育會考官方選擇題參考答案一覽表核對：國文第9題官方答案D，與目前正解索引及選項相符。答案表：https://drive.google.com/file/d/1z7jBxC9t24e2Y3WK71XxWe0JOjJRLcNW/view","false","0","0","false","false","false","","","","","false","UNSIGNED_OR_INCOMPLETE"
"ITEM","OFF-0010","國文","110","10","歷屆真題","verified","依110年國中教育會考官方選擇題參考答案一覽表核對：國文第10題官方答案B，與目前正解索引及選項相符。答案表：https://drive.google.com/file/d/1z7jBxC9t24e2Y3WK71XxWe0JOjJRLcNW/view","false","0","0","false","false","false","","","","","false","UNSIGNED_OR_INCOMPLETE"
"ITEM","OFF-0011","國文","110","11","歷屆真題","verified","依110年國中教育會考官方選擇題參考答案一覽表核對：國文第11題官方答案B，與目前正解索引及選項相符。答案表：https://drive.google.com/file/d/1z7jBxC9t24e2Y3WK71XxWe0JOjJRLcNW/view","false","0","0","false","false","false","","","","","false","UNSIGNED_OR_INCOMPLETE"
"ITEM","OFF-0012","國文","110","12","歷屆真題","verified","依110年國中教育會考官方選擇題參考答案一覽表核對：國文第12題官方答案B，與目前正解索引及選項相符。答案表：https://drive.google.com/file/d/1z7jBxC9t24e2Y3WK71XxWe0JOjJRLcNW/view","false","0","0","false","false","false","","","","","false","UNSIGNED_OR_INCOMPLETE"
"ITEM","OFF-0013","國文","110","13","歷屆真題","verified","依110年國中教育會考官方選擇題參考答案一覽表核對：國文第13題官方答案A，與目前正解索引及選項相符。答案表：https://drive.google.com/file/d/1z7jBxC9t24e2Y3WK71XxWe0JOjJRLcNW/view","true","1","1","false","false","true","","","","","false","UNSIGNED_OR_INCOMPLETE"
"ITEM","OFF-0014","國文","110","14","歷屆真題","verified","依110年國中教育會考官方選擇題參考答案一覽表核對：國文第14題官方答案B，與目前正解索引及選項相符。答案表：https://drive.google.com/file/d/1z7jBxC9t24e2Y3WK71XxWe0JOjJRLcNW/view","false","0","0","false","false","false","","","","","false","UNSIGNED_OR_INCOMPLETE"
"ITEM","OFF-0015","國文","110","15","歷屆真題","verified","依110年國中教育會考官方選擇題參考答案一覽表核對：國文第15題官方答案C，與目前正解索引及選項相符。答案表：https://drive.google.com/file/d/1z7jBxC9t24e2Y3WK71XxWe0JOjJRLcNW/view","false","0","0","false","false","false","","","","","false","UNSIGNED_OR_INCOMPLETE"
"ITEM","OFF-0016","國文","110","16","歷屆真題","verified","依110年國中教育會考官方選擇題參考答案一覽表核對：國文第16題官方答案B，與目前正解索引及選項相符。答案表：https://drive.google.com/file/d/1z7jBxC9t24e2Y3WK71XxWe0JOjJRLcNW/view","true","1","1","false","false","true","","","","","false","UNSIGNED_OR_INCOMPLETE"
"ITEM","OFF-0017","國文","110","17","歷屆真題","verified","依110年國中教育會考官方選擇題參考答案一覽表核對：國文第17題官方答案A，與目前正解索引及選項相符。答案表：https://drive.google.com/file/d/1z7jBxC9t24e2Y3WK71XxWe0JOjJRLcNW/view","false","0","0","false","false","false","","","","","false","UNSIGNED_OR_INCOMPLETE"
"ITEM","OFF-0018","國文","110","18","歷屆真題","verified","依110年國中教育會考官方選擇題參考答案一覽表核對：國文第18題官方答案D，與目前正解索引及選項相符。答案表：https://drive.google.com/file/d/1z7jBxC9t24e2Y3WK71XxWe0JOjJRLcNW/view","false","0","0","false","false","false","","","","","false","UNSIGNED_OR_INCOMPLETE"
"ITEM","OFF-0019","國文","110","19","歷屆真題","verified","依110年國中教育會考官方選擇題參考答案一覽表核對：國文第19題官方答案C，與目前正解索引及選項相符。答案表：https://drive.google.com/file/d/1z7jBxC9t24e2Y3WK71XxWe0JOjJRLcNW/view","false","0","0","false","false","false","","","","","false","UNSIGNED_OR_INCOMPLETE"
"ITEM","OFF-0020","國文","110","20","歷屆真題","verified","依110年國中教育會考官方選擇題參考答案一覽表核對：國文第20題官方答案D，與目前正解索引及選項相符。答案表：https://drive.google.com/file/d/1z7jBxC9t24e2Y3WK71XxWe0JOjJRLcNW/view","false","0","0","false","false","false","","","","","false","UNSIGNED_OR_INCOMPLETE"
"ITEM","OFF-0021","國文","110","21","歷屆真題","verified","依110年國中教育會考官方選擇題參考答案一覽表核對：國文第21題官方答案B，與目前正解索引及選項相符。答案表：https://drive.google.com/file/d/1z7jBxC9t24e2Y3WK71XxWe0JOjJRLcNW/view","false","0","0","false","false","false","","","","","false","UNSIGNED_OR_INCOMPLETE"
"ITEM","OFF-0022","國文","110","22","歷屆真題","verified","依110年國中教育會考官方選擇題參考答案一覽表核對：國文第22題官方答案D，與目前正解索引及選項相符。答案表：https://drive.google.com/file/d/1z7jBxC9t24e2Y3WK71XxWe0JOjJRLcNW/view","false","0","0","false","false","false","","","","","false","UNSIGNED_OR_INCOMPLETE"
"ITEM","OFF-0023","國文","110","23","歷屆真題","verified","依110年國中教育會考官方選擇題參考答案一覽表核對：國文第23題官方答案A，與目前正解索引及選項相符。答案表：https://drive.google.com/file/d/1z7jBxC9t24e2Y3WK71XxWe0JOjJRLcNW/view","false","0","0","false","false","false","","","","","false","UNSIGNED_OR_INCOMPLETE"
"ITEM","OFF-0024","國文","110","24","歷屆真題","verified","依110年國中教育會考官方選擇題參考答案一覽表核對：國文第24題官方答案D，與目前正解索引及選項相符。答案表：https://drive.google.com/file/d/1z7jBxC9t24e2Y3WK71XxWe0JOjJRLcNW/view","false","0","0","false","false","false","","","","","false","UNSIGNED_OR_INCOMPLETE"
"ITEM","OFF-0025","國文","110","25","歷屆真題","verified","依110年國中教育會考官方選擇題參考答案一覽表核對：國文第25題官方答案B，與目前正解索引及選項相符。答案表：https://drive.google.com/file/d/1z7jBxC9t24e2Y3WK71XxWe0JOjJRLcNW/view","false","0","0","false","false","false","","","","","false","UNSIGNED_OR_INCOMPLETE"
"ITEM","OFF-0026","國文","110","26","歷屆真題","verified","依110年國中教育會考官方選擇題參考答案一覽表核對：國文第26題官方答案C，與目前正解索引及選項相符。答案表：https://drive.google.com/file/d/1z7jBxC9t24e2Y3WK71XxWe0JOjJRLcNW/view","false","0","0","false","false","false","","","","","false","UNSIGNED_OR_INCOMPLETE"
"ITEM","OFF-0027","國文","110","27","歷屆真題","verified","依110年國中教育會考官方選擇題參考答案一覽表核對：國文第27題官方答案A，與目前正解索引及選項相符。答案表：https://drive.google.com/file/d/1z7jBxC9t24e2Y3WK71XxWe0JOjJRLcNW/view","false","0","0","false","false","false","","","","","false","UNSIGNED_OR_INCOMPLETE"
"ITEM","OFF-0028","國文","110","28","歷屆真題","verified","依110年國中教育會考官方選擇題參考答案一覽表核對：國文第28題官方答案B，與目前正解索引及選項相符。答案表：https://drive.google.com/file/d/1z7jBxC9t24e2Y3WK71XxWe0JOjJRLcNW/view","false","0","0","false","false","false","","","","","false","UNSIGNED_OR_INCOMPLETE"
"ITEM","OFF-0029","國文","110","29","歷屆真題","verified","依110年國中教育會考官方選擇題參考答案一覽表核對：國文第29題官方答案D，與目前正解索引及選項相符。答案表：https://drive.google.com/file/d/1z7jBxC9t24e2Y3WK71XxWe0JOjJRLcNW/view","false","0","0","false","false","false","","","","","false","UNSIGNED_OR_INCOMPLETE"
"ITEM","OFF-0030","國文","110","30","歷屆真題","verified","依110年國中教育會考官方選擇題參考答案一覽表核對：國文第30題官方答案C，與目前正解索引及選項相符。答案表：https://drive.google.com/file/d/1z7jBxC9t24e2Y3WK71XxWe0JOjJRLcNW/view","false","0","0","false","false","false","","","","","false","UNSIGNED_OR_INCOMPLETE"
"ITEM","OFF-0031","國文","110","31","歷屆真題","verified","依110年國中教育會考官方選擇題參考答案一覽表核對：國文第31題官方答案D，與目前正解索引及選項相符。答案表：https://drive.google.com/file/d/1z7jBxC9t24e2Y3WK71XxWe0JOjJRLcNW/view","false","0","0","false","false","false","","","","","false","UNSIGNED_OR_INCOMPLETE"
"ITEM","OFF-0032","國文","110","32","歷屆真題","verified","依110年國中教育會考官方選擇題參考答案一覽表核對：國文第32題官方答案D，與目前正解索引及選項相符。答案表：https://drive.google.com/file/d/1z7jBxC9t24e2Y3WK71XxWe0JOjJRLcNW/view","false","0","0","false","false","false","","","","","false","UNSIGNED_OR_INCOMPLETE"
"ITEM","OFF-0033","國文","110","33","歷屆真題","verified","依110年國中教育會考官方選擇題參考答案一覽表核對：國文第33題官方答案D，與目前正解索引及選項相符。答案表：https://drive.google.com/file/d/1z7jBxC9t24e2Y3WK71XxWe0JOjJRLcNW/view","false","0","0","false","true","false","","","","","false","UNSIGNED_OR_INCOMPLETE"
"ITEM","OFF-0034","國文","110","34","歷屆真題","verified","依110年國中教育會考官方選擇題參考答案一覽表核對：國文第34題官方答案C，與目前正解索引及選項相符。答案表：https://drive.google.com/file/d/1z7jBxC9t24e2Y3WK71XxWe0JOjJRLcNW/view","false","0","0","false","true","false","","","","","false","UNSIGNED_OR_INCOMPLETE"
"ITEM","OFF-0035","國文","110","35","歷屆真題","verified","依110年國中教育會考官方選擇題參考答案一覽表核對：國文第35題官方答案C，與目前正解索引及選項相符。答案表：https://drive.google.com/file/d/1z7jBxC9t24e2Y3WK71XxWe0JOjJRLcNW/view","false","0","0","false","true","false","","","","","false","UNSIGNED_OR_INCOMPLETE"
"ITEM","OFF-0036","國文","110","36","歷屆真題","verified","依110年國中教育會考官方選擇題參考答案一覽表核對：國文第36題官方答案B，與目前正解索引及選項相符。答案表：https://drive.google.com/file/d/1z7jBxC9t24e2Y3WK71XxWe0JOjJRLcNW/view","false","0","0","false","true","false","","","","","false","UNSIGNED_OR_INCOMPLETE"
"ITEM","OFF-0037","國文","110","37","歷屆真題","verified","依110年國中教育會考官方選擇題參考答案一覽表核對：國文第37題官方答案B，與目前正解索引及選項相符。答案表：https://drive.google.com/file/d/1z7jBxC9t24e2Y3WK71XxWe0JOjJRLcNW/view","false","0","0","false","true","false","","","","","false","UNSIGNED_OR_INCOMPLETE"
"ITEM","OFF-0038","國文","110","38","歷屆真題","verified","依110年國中教育會考官方選擇題參考答案一覽表核對：國文第38題官方答案A，與目前正解索引及選項相符。答案表：https://drive.google.com/file/d/1z7jBxC9t24e2Y3WK71XxWe0JOjJRLcNW/view","false","0","0","false","true","false","","","","","false","UNSIGNED_OR_INCOMPLETE"
"ITEM","OFF-0039","國文","110","39","歷屆真題","verified","依110年國中教育會考官方選擇題參考答案一覽表核對：國文第39題官方答案A，與目前正解索引及選項相符。答案表：https://drive.google.com/file/d/1z7jBxC9t24e2Y3WK71XxWe0JOjJRLcNW/view","false","0","0","false","true","false","","","","","false","UNSIGNED_OR_INCOMPLETE"
"ITEM","OFF-0040","國文","110","40","歷屆真題","verified","依110年國中教育會考官方選擇題參考答案一覽表核對：國文第40題官方答案C，與目前正解索引及選項相符。答案表：https://drive.google.com/file/d/1z7jBxC9t24e2Y3WK71XxWe0JOjJRLcNW/view","false","0","0","false","true","false","","","","","false","UNSIGNED_OR_INCOMPLETE"
"ITEM","OFF-0041","國文","110","41","歷屆真題","verified","依110年國中教育會考官方選擇題參考答案一覽表核對：國文第41題官方答案B，與目前正解索引及選項相符。答案表：https://drive.google.com/file/d/1z7jBxC9t24e2Y3WK71XxWe0JOjJRLcNW/view","false","0","0","false","true","false","","","","","false","UNSIGNED_OR_INCOMPLETE"
"ITEM","OFF-0042","國文","110","42","歷屆真題","verified","依110年國中教育會考官方選擇題參考答案一覽表核對：國文第42題官方答案A，與目前正解索引及選項相符。答案表：https://drive.google.com/file/d/1z7jBxC9t24e2Y3WK71XxWe0JOjJRLcNW/view","false","0","0","false","true","false","","","","","false","UNSIGNED_OR_INCOMPLETE"
"ITEM","OFF-0043","國文","110","43","歷屆真題","verified","依110年國中教育會考官方選擇題參考答案一覽表核對：國文第43題官方答案B，與目前正解索引及選項相符。答案表：https://drive.google.com/file/d/1z7jBxC9t24e2Y3WK71XxWe0JOjJRLcNW/view","false","0","0","false","true","false","","","","","false","UNSIGNED_OR_INCOMPLETE"
"ITEM","OFF-0044","國文","110","44","歷屆真題","verified","依110年國中教育會考官方選擇題參考答案一覽表核對：國文第44題官方答案D，與目前正解索引及選項相符。答案表：https://drive.google.com/file/d/1z7jBxC9t24e2Y3WK71XxWe0JOjJRLcNW/view","false","0","0","false","true","false","","","","","false","UNSIGNED_OR_INCOMPLETE"
"ITEM","OFF-0045","國文","110","45","歷屆真題","verified","依110年國中教育會考官方選擇題參考答案一覽表核對：國文第45題官方答案A，與目前正解索引及選項相符。答案表：https://drive.google.com/file/d/1z7jBxC9t24e2Y3WK71XxWe0JOjJRLcNW/view","false","0","0","false","true","false","","","","","false","UNSIGNED_OR_INCOMPLETE"
"ITEM","OFF-0046","國文","110","46","歷屆真題","verified","依110年國中教育會考國文原卷第14頁與官方答案表核對；官方答案D。","false","0","0","false","false","false","","","","","false","UNSIGNED_OR_INCOMPLETE"
"ITEM","OFF-0047","國文","110","47","歷屆真題","verified","依110年國中教育會考國文原卷第14頁及官方答案表核對；原卷的乙文與年表已整理為完整、單一版本。官方答案C。","false","0","0","false","false","false","","","","","false","UNSIGNED_OR_INCOMPLETE"
"ITEM","OFF-0048","國文","110","48","歷屆真題","verified","依110年國中教育會考國文原卷第14頁與官方答案表核對；完整年表已轉錄入題幹。官方答案D。","false","0","0","false","false","false","","","","","false","UNSIGNED_OR_INCOMPLETE"
"ITEM","OFF-0233","國文","111","1","歷屆真題","verified","依111年國中教育會考官方選擇題參考答案一覽表核對：國文第1題官方答案D，與目前正解索引及選項相符。答案表：https://drive.google.com/file/d/1IeMHI4BmTpC_2Oc1lQ1Qj6XWHDf9qwGd/view","false","0","0","false","false","false","","","","","false","UNSIGNED_OR_INCOMPLETE"
"ITEM","OFF-0234","國文","111","2","歷屆真題","verified","依111年國中教育會考官方選擇題參考答案一覽表核對：國文第2題官方答案A，與目前正解索引及選項相符。答案表：https://drive.google.com/file/d/1IeMHI4BmTpC_2Oc1lQ1Qj6XWHDf9qwGd/view","false","0","0","false","false","false","","","","","false","UNSIGNED_OR_INCOMPLETE"
"ITEM","OFF-0235","國文","111","3","歷屆真題","verified","依111年國中教育會考官方選擇題參考答案一覽表核對：國文第3題官方答案A，與目前正解索引及選項相符。答案表：https://drive.google.com/file/d/1IeMHI4BmTpC_2Oc1lQ1Qj6XWHDf9qwGd/view","false","0","0","false","true","false","","","","","false","UNSIGNED_OR_INCOMPLETE"
"ITEM","OFF-0236","國文","111","4","歷屆真題","verified","依111年國中教育會考官方選擇題參考答案一覽表核對：國文第4題官方答案B，與目前正解索引及選項相符。答案表：https://drive.google.com/file/d/1IeMHI4BmTpC_2Oc1lQ1Qj6XWHDf9qwGd/view","true","1","1","false","false","true","","","","","false","UNSIGNED_OR_INCOMPLETE"
"ITEM","OFF-0237","國文","111","5","歷屆真題","verified","依111年國中教育會考官方選擇題參考答案一覽表核對：國文第5題官方答案D，與目前正解索引及選項相符。答案表：https://drive.google.com/file/d/1IeMHI4BmTpC_2Oc1lQ1Qj6XWHDf9qwGd/view","false","0","0","false","true","false","","","","","false","UNSIGNED_OR_INCOMPLETE"
"ITEM","OFF-0238","國文","111","6","歷屆真題","verified","依111年國中教育會考官方選擇題參考答案一覽表核對：國文第6題官方答案C，與目前正解索引及選項相符。答案表：https://drive.google.com/file/d/1IeMHI4BmTpC_2Oc1lQ1Qj6XWHDf9qwGd/view","false","0","0","false","false","false","","","","","false","UNSIGNED_OR_INCOMPLETE"
"ITEM","OFF-0239","國文","111","7","歷屆真題","verified","依111年國中教育會考官方選擇題參考答案一覽表核對：國文第7題官方答案C，與目前正解索引及選項相符。答案表：https://drive.google.com/file/d/1IeMHI4BmTpC_2Oc1lQ1Qj6XWHDf9qwGd/view","false","0","0","false","true","false","","","","","false","UNSIGNED_OR_INCOMPLETE"
"ITEM","OFF-0240","國文","111","8","歷屆真題","verified","依111年國中教育會考官方選擇題參考答案一覽表核對：國文第8題官方答案C，與目前正解索引及選項相符。答案表：https://drive.google.com/file/d/1IeMHI4BmTpC_2Oc1lQ1Qj6XWHDf9qwGd/view","false","0","0","false","true","false","","","","","false","UNSIGNED_OR_INCOMPLETE"
"ITEM","OFF-0241","國文","111","9","歷屆真題","verified","依111年國中教育會考官方選擇題參考答案一覽表核對：國文第9題官方答案B，與目前正解索引及選項相符。答案表：https://drive.google.com/file/d/1IeMHI4BmTpC_2Oc1lQ1Qj6XWHDf9qwGd/view","false","0","0","false","true","false","","","","","false","UNSIGNED_OR_INCOMPLETE"
"ITEM","OFF-0242","國文","111","10","歷屆真題","verified","依111年國中教育會考官方選擇題參考答案一覽表核對：國文第10題官方答案C，與目前正解索引及選項相符。答案表：https://drive.google.com/file/d/1IeMHI4BmTpC_2Oc1lQ1Qj6XWHDf9qwGd/view","false","0","0","false","true","false","","","","","false","UNSIGNED_OR_INCOMPLETE"
"ITEM","OFF-0243","國文","111","11","歷屆真題","verified","依111年國中教育會考官方選擇題參考答案一覽表核對：國文第11題官方答案A，與目前正解索引及選項相符。答案表：https://drive.google.com/file/d/1IeMHI4BmTpC_2Oc1lQ1Qj6XWHDf9qwGd/view","false","0","0","false","false","false","","","","","false","UNSIGNED_OR_INCOMPLETE"
"ITEM","OFF-0244","國文","111","12","歷屆真題","verified","依111年國中教育會考官方選擇題參考答案一覽表核對：國文第12題官方答案D，與目前正解索引及選項相符。答案表：https://drive.google.com/file/d/1IeMHI4BmTpC_2Oc1lQ1Qj6XWHDf9qwGd/view","false","0","0","false","false","false","","","","","false","UNSIGNED_OR_INCOMPLETE"
"ITEM","OFF-0245","國文","111","13","歷屆真題","verified","依111年國中教育會考官方選擇題參考答案一覽表核對：國文第13題官方答案C，與目前正解索引及選項相符。答案表：https://drive.google.com/file/d/1IeMHI4BmTpC_2Oc1lQ1Qj6XWHDf9qwGd/view","false","0","0","false","true","false","","","","","false","UNSIGNED_OR_INCOMPLETE"
"ITEM","OFF-0246","國文","111","14","歷屆真題","verified","依111年國中教育會考官方選擇題參考答案一覽表核對：國文第14題官方答案A，與目前正解索引及選項相符。答案表：https://drive.google.com/file/d/1IeMHI4BmTpC_2Oc1lQ1Qj6XWHDf9qwGd/view","false","0","0","false","true","false","","","","","false","UNSIGNED_OR_INCOMPLETE"
"ITEM","OFF-0247","國文","111","15","歷屆真題","verified","依111年國中教育會考官方選擇題參考答案一覽表核對：國文第15題官方答案D，與目前正解索引及選項相符。答案表：https://drive.google.com/file/d/1IeMHI4BmTpC_2Oc1lQ1Qj6XWHDf9qwGd/view","false","0","0","false","false","false","","","","","false","UNSIGNED_OR_INCOMPLETE"
"ITEM","OFF-0248","國文","111","16","歷屆真題","verified","依111年國中教育會考官方選擇題參考答案一覽表核對：國文第16題官方答案A，與目前正解索引及選項相符。答案表：https://drive.google.com/file/d/1IeMHI4BmTpC_2Oc1lQ1Qj6XWHDf9qwGd/view","false","0","0","false","true","false","","","","","false","UNSIGNED_OR_INCOMPLETE"
"ITEM","OFF-0249","國文","111","17","歷屆真題","verified","依111年國中教育會考官方選擇題參考答案一覽表核對：國文第17題官方答案A，與目前正解索引及選項相符。答案表：https://drive.google.com/file/d/1IeMHI4BmTpC_2Oc1lQ1Qj6XWHDf9qwGd/view","false","0","0","false","false","false","","","","","false","UNSIGNED_OR_INCOMPLETE"
"ITEM","OFF-0250","國文","111","18","歷屆真題","verified","依111年國中教育會考官方選擇題參考答案一覽表核對：國文第18題官方答案A，與目前正解索引及選項相符。答案表：https://drive.google.com/file/d/1IeMHI4BmTpC_2Oc1lQ1Qj6XWHDf9qwGd/view","false","0","0","false","true","false","","","","","false","UNSIGNED_OR_INCOMPLETE"
"ITEM","OFF-0251","國文","111","19","歷屆真題","verified","依111年國中教育會考官方選擇題參考答案一覽表核對：國文第19題官方答案B，與目前正解索引及選項相符。答案表：https://drive.google.com/file/d/1IeMHI4BmTpC_2Oc1lQ1Qj6XWHDf9qwGd/view","false","0","0","false","false","false","","","","","false","UNSIGNED_OR_INCOMPLETE"
"ITEM","OFF-0252","國文","111","20","歷屆真題","verified","依111年國中教育會考官方選擇題參考答案一覽表核對：國文第20題官方答案C，與目前正解索引及選項相符。答案表：https://drive.google.com/file/d/1IeMHI4BmTpC_2Oc1lQ1Qj6XWHDf9qwGd/view","false","0","0","false","true","false","","","","","false","UNSIGNED_OR_INCOMPLETE"
"ITEM","OFF-0253","國文","111","21","歷屆真題","verified","依111年國中教育會考官方選擇題參考答案一覽表核對：國文第21題官方答案D，與目前正解索引及選項相符。答案表：https://drive.google.com/file/d/1IeMHI4BmTpC_2Oc1lQ1Qj6XWHDf9qwGd/view","false","0","0","false","false","false","","","","","false","UNSIGNED_OR_INCOMPLETE"
"ITEM","OFF-0254","國文","111","22","歷屆真題","verified","依111年國中教育會考官方選擇題參考答案一覽表核對：國文第22題官方答案A，與目前正解索引及選項相符。答案表：https://drive.google.com/file/d/1IeMHI4BmTpC_2Oc1lQ1Qj6XWHDf9qwGd/view","false","0","0","false","true","false","","","","","false","UNSIGNED_OR_INCOMPLETE"
"ITEM","OFF-0255","國文","111","23","歷屆真題","verified","依111年國中教育會考官方選擇題參考答案一覽表核對：國文第23題官方答案B，與目前正解索引及選項相符。答案表：https://drive.google.com/file/d/1IeMHI4BmTpC_2Oc1lQ1Qj6XWHDf9qwGd/view","false","0","0","false","true","false","","","","","false","UNSIGNED_OR_INCOMPLETE"
"ITEM","OFF-0256","國文","111","24","歷屆真題","verified","依111年國中教育會考官方選擇題參考答案一覽表核對：國文第24題官方答案A，與目前正解索引及選項相符。答案表：https://drive.google.com/file/d/1IeMHI4BmTpC_2Oc1lQ1Qj6XWHDf9qwGd/view","false","0","0","false","true","false","","","","","false","UNSIGNED_OR_INCOMPLETE"
"ITEM","OFF-0257","國文","111","25","歷屆真題","verified","依111年國中教育會考官方選擇題參考答案一覽表核對：國文第25題官方答案D，與目前正解索引及選項相符。答案表：https://drive.google.com/file/d/1IeMHI4BmTpC_2Oc1lQ1Qj6XWHDf9qwGd/view","false","0","0","false","true","false","","","","","false","UNSIGNED_OR_INCOMPLETE"
"ITEM","OFF-0258","國文","111","26","歷屆真題","verified","依111年國中教育會考官方選擇題參考答案一覽表核對：國文第26題官方答案C，與目前正解索引及選項相符。答案表：https://drive.google.com/file/d/1IeMHI4BmTpC_2Oc1lQ1Qj6XWHDf9qwGd/view","false","0","0","false","false","false","","","","","false","UNSIGNED_OR_INCOMPLETE"
"ITEM","OFF-0259","國文","111","27","歷屆真題","verified","依111年國中教育會考官方選擇題參考答案一覽表核對：國文第27題官方答案C，與目前正解索引及選項相符。答案表：https://drive.google.com/file/d/1IeMHI4BmTpC_2Oc1lQ1Qj6XWHDf9qwGd/view","false","0","0","false","false","false","","","","","false","UNSIGNED_OR_INCOMPLETE"
"ITEM","OFF-0260","國文","111","28","歷屆真題","verified","依111年國中教育會考官方選擇題參考答案一覽表核對：國文第28題官方答案D，與目前正解索引及選項相符。答案表：https://drive.google.com/file/d/1IeMHI4BmTpC_2Oc1lQ1Qj6XWHDf9qwGd/view","false","0","0","false","true","false","","","","","false","UNSIGNED_OR_INCOMPLETE"
"ITEM","OFF-0261","國文","111","29","歷屆真題","verified","依111年國中教育會考官方選擇題參考答案一覽表核對：國文第29題官方答案B，與目前正解索引及選項相符。答案表：https://drive.google.com/file/d/1IeMHI4BmTpC_2Oc1lQ1Qj6XWHDf9qwGd/view","false","0","0","false","true","false","","","","","false","UNSIGNED_OR_INCOMPLETE"
"ITEM","OFF-0262","國文","111","30","歷屆真題","verified","依111年國中教育會考官方選擇題參考答案一覽表核對：國文第30題官方答案B，與目前正解索引及選項相符。答案表：https://drive.google.com/file/d/1IeMHI4BmTpC_2Oc1lQ1Qj6XWHDf9qwGd/view","false","0","0","false","true","false","","","","","false","UNSIGNED_OR_INCOMPLETE"
"ITEM","OFF-0263","國文","111","31","歷屆真題","verified","依111年國中教育會考官方選擇題參考答案一覽表核對：國文第31題官方答案D，與目前正解索引及選項相符。答案表：https://drive.google.com/file/d/1IeMHI4BmTpC_2Oc1lQ1Qj6XWHDf9qwGd/view","false","0","0","false","true","false","","","","","false","UNSIGNED_OR_INCOMPLETE"
"ITEM","OFF-0264","國文","111","32","歷屆真題","verified","依111年國中教育會考官方選擇題參考答案一覽表核對：國文第32題官方答案C，與目前正解索引及選項相符。答案表：https://drive.google.com/file/d/1IeMHI4BmTpC_2Oc1lQ1Qj6XWHDf9qwGd/view","false","0","0","false","true","false","","","","","false","UNSIGNED_OR_INCOMPLETE"
"ITEM","OFF-0265","國文","111","33","歷屆真題","verified","依111年國中教育會考官方選擇題參考答案一覽表核對：國文第33題官方答案B，與目前正解索引及選項相符。答案表：https://drive.google.com/file/d/1IeMHI4BmTpC_2Oc1lQ1Qj6XWHDf9qwGd/view","false","0","0","false","true","false","","","","","false","UNSIGNED_OR_INCOMPLETE"
"ITEM","OFF-0266","國文","111","34","歷屆真題","verified","依111年國中教育會考官方選擇題參考答案一覽表核對：國文第34題官方答案C，與目前正解索引及選項相符。答案表：https://drive.google.com/file/d/1IeMHI4BmTpC_2Oc1lQ1Qj6XWHDf9qwGd/view","false","0","0","false","true","false","","","","","false","UNSIGNED_OR_INCOMPLETE"
"ITEM","OFF-0267","國文","111","35","歷屆真題","verified","依111年國中教育會考官方選擇題參考答案一覽表核對：國文第35題官方答案D，與目前正解索引及選項相符。答案表：https://drive.google.com/file/d/1IeMHI4BmTpC_2Oc1lQ1Qj6XWHDf9qwGd/view","false","0","0","false","true","false","","","","","false","UNSIGNED_OR_INCOMPLETE"
"ITEM","OFF-0268","國文","111","36","歷屆真題","verified","依111年國中教育會考官方選擇題參考答案一覽表核對：國文第36題官方答案B，與目前正解索引及選項相符。答案表：https://drive.google.com/file/d/1IeMHI4BmTpC_2Oc1lQ1Qj6XWHDf9qwGd/view","true","1","1","false","true","true","","","","","false","UNSIGNED_OR_INCOMPLETE"
"ITEM","OFF-0269","國文","111","37","歷屆真題","verified","依111年國中教育會考官方選擇題參考答案一覽表核對：國文第37題官方答案B，與目前正解索引及選項相符。答案表：https://drive.google.com/file/d/1IeMHI4BmTpC_2Oc1lQ1Qj6XWHDf9qwGd/view","false","0","0","false","true","false","","","","","false","UNSIGNED_OR_INCOMPLETE"
"ITEM","OFF-0270","國文","111","38","歷屆真題","verified","依111年國中教育會考官方選擇題參考答案一覽表核對：國文第38題官方答案A，與目前正解索引及選項相符。答案表：https://drive.google.com/file/d/1IeMHI4BmTpC_2Oc1lQ1Qj6XWHDf9qwGd/view","false","0","0","false","true","false","","","","","false","UNSIGNED_OR_INCOMPLETE"
"ITEM","OFF-0271","國文","111","39","歷屆真題","verified","依111年國中教育會考官方選擇題參考答案一覽表核對：國文第39題官方答案D，與目前正解索引及選項相符。答案表：https://drive.google.com/file/d/1IeMHI4BmTpC_2Oc1lQ1Qj6XWHDf9qwGd/view","false","0","0","false","true","false","","","","","false","UNSIGNED_OR_INCOMPLETE"
"ITEM","OFF-0272","國文","111","40","歷屆真題","verified","依111年國中教育會考官方選擇題參考答案一覽表核對：國文第40題官方答案B，與目前正解索引及選項相符。答案表：https://drive.google.com/file/d/1IeMHI4BmTpC_2Oc1lQ1Qj6XWHDf9qwGd/view","false","0","0","false","true","false","","","","","false","UNSIGNED_OR_INCOMPLETE"
"ITEM","OFF-0273","國文","111","41","歷屆真題","verified","依111年國中教育會考官方選擇題參考答案一覽表核對：國文第41題官方答案C，與目前正解索引及選項相符。答案表：https://drive.google.com/file/d/1IeMHI4BmTpC_2Oc1lQ1Qj6XWHDf9qwGd/view","false","0","0","false","true","false","","","","","false","UNSIGNED_OR_INCOMPLETE"
"ITEM","OFF-0274","國文","111","42","歷屆真題","verified","依111年國中教育會考官方選擇題參考答案一覽表核對：國文第42題官方答案D，與目前正解索引及選項相符。答案表：https://drive.google.com/file/d/1IeMHI4BmTpC_2Oc1lQ1Qj6XWHDf9qwGd/view","false","0","0","false","true","false","","","","","false","UNSIGNED_OR_INCOMPLETE"
"ITEM","OFF-0447","國文","112","1","歷屆真題","verified","依112年國中教育會考官方選擇題參考答案一覽表核對：國文第1題官方答案D，與目前正解索引及選項相符。答案表：https://drive.google.com/file/d/1OT5r0que_0bXSy0kwLEOEJMssce2OnL0/view","false","0","0","false","false","false","","","","","false","UNSIGNED_OR_INCOMPLETE"
"ITEM","OFF-0448","國文","112","2","歷屆真題","verified","依112年國中教育會考官方選擇題參考答案一覽表核對：國文第2題官方答案D，與目前正解索引及選項相符。答案表：https://drive.google.com/file/d/1OT5r0que_0bXSy0kwLEOEJMssce2OnL0/view","false","0","0","false","false","false","","","","","false","UNSIGNED_OR_INCOMPLETE"
"ITEM","OFF-0449","國文","112","3","歷屆真題","verified","依112年國中教育會考官方選擇題參考答案一覽表核對：國文第3題官方答案C，與目前正解索引及選項相符。答案表：https://drive.google.com/file/d/1OT5r0que_0bXSy0kwLEOEJMssce2OnL0/view","false","0","0","false","false","false","","","","","false","UNSIGNED_OR_INCOMPLETE"
"ITEM","OFF-0450","國文","112","4","歷屆真題","verified","依112年國中教育會考官方選擇題參考答案一覽表核對：國文第4題官方答案C，與目前正解索引及選項相符。答案表：https://drive.google.com/file/d/1OT5r0que_0bXSy0kwLEOEJMssce2OnL0/view","false","0","0","false","false","false","","","","","false","UNSIGNED_OR_INCOMPLETE"
"ITEM","OFF-0451","國文","112","5","歷屆真題","verified","依112年國中教育會考官方選擇題參考答案一覽表核對：國文第5題官方答案D，與目前正解索引及選項相符。答案表：https://drive.google.com/file/d/1OT5r0que_0bXSy0kwLEOEJMssce2OnL0/view","false","0","0","false","false","false","","","","","false","UNSIGNED_OR_INCOMPLETE"
"ITEM","OFF-0452","國文","112","6","歷屆真題","verified","依112年國中教育會考官方選擇題參考答案一覽表核對：國文第6題官方答案C，與目前正解索引及選項相符。答案表：https://drive.google.com/file/d/1OT5r0que_0bXSy0kwLEOEJMssce2OnL0/view","false","0","0","false","false","false","","","","","false","UNSIGNED_OR_INCOMPLETE"
"ITEM","OFF-0453","國文","112","7","歷屆真題","verified","依112年國中教育會考官方選擇題參考答案一覽表核對：國文第7題官方答案A，與目前正解索引及選項相符。答案表：https://drive.google.com/file/d/1OT5r0que_0bXSy0kwLEOEJMssce2OnL0/view","false","0","0","false","false","false","","","","","false","UNSIGNED_OR_INCOMPLETE"
"ITEM","OFF-0454","國文","112","8","歷屆真題","verified","依112年國中教育會考官方選擇題參考答案一覽表核對：國文第8題官方答案A，與目前正解索引及選項相符。答案表：https://drive.google.com/file/d/1OT5r0que_0bXSy0kwLEOEJMssce2OnL0/view","true","1","1","false","false","true","","","","","false","UNSIGNED_OR_INCOMPLETE"
"ITEM","OFF-0455","國文","112","9","歷屆真題","verified","依112年國中教育會考官方選擇題參考答案一覽表核對：國文第9題官方答案A，與目前正解索引及選項相符。答案表：https://drive.google.com/file/d/1OT5r0que_0bXSy0kwLEOEJMssce2OnL0/view","false","0","0","false","false","false","","","","","false","UNSIGNED_OR_INCOMPLETE"
"ITEM","OFF-0456","國文","112","10","歷屆真題","verified","依112年國中教育會考官方選擇題參考答案一覽表核對：國文第10題官方答案D，與目前正解索引及選項相符。答案表：https://drive.google.com/file/d/1OT5r0que_0bXSy0kwLEOEJMssce2OnL0/view","false","0","0","false","false","false","","","","","false","UNSIGNED_OR_INCOMPLETE"
"ITEM","OFF-0457","國文","112","11","歷屆真題","verified","依112年國中教育會考官方選擇題參考答案一覽表核對：國文第11題官方答案C，與目前正解索引及選項相符。答案表：https://drive.google.com/file/d/1OT5r0que_0bXSy0kwLEOEJMssce2OnL0/view","false","0","0","false","false","false","","","","","false","UNSIGNED_OR_INCOMPLETE"
"ITEM","OFF-0458","國文","112","12","歷屆真題","verified","依112年國中教育會考官方選擇題參考答案一覽表核對：國文第12題官方答案A，與目前正解索引及選項相符。答案表：https://drive.google.com/file/d/1OT5r0que_0bXSy0kwLEOEJMssce2OnL0/view","false","0","0","false","false","false","","","","","false","UNSIGNED_OR_INCOMPLETE"
"ITEM","OFF-0459","國文","112","13","歷屆真題","verified","依112年國中教育會考官方選擇題參考答案一覽表核對：國文第13題官方答案B，與目前正解索引及選項相符。答案表：https://drive.google.com/file/d/1OT5r0que_0bXSy0kwLEOEJMssce2OnL0/view","false","0","0","false","false","false","","","","","false","UNSIGNED_OR_INCOMPLETE"
"ITEM","OFF-0460","國文","112","14","歷屆真題","verified","依112年國中教育會考官方選擇題參考答案一覽表核對：國文第14題官方答案C，與目前正解索引及選項相符。答案表：https://drive.google.com/file/d/1OT5r0que_0bXSy0kwLEOEJMssce2OnL0/view","false","0","0","false","false","false","","","","","false","UNSIGNED_OR_INCOMPLETE"
"ITEM","OFF-0461","國文","112","15","歷屆真題","verified","依112年國中教育會考官方選擇題參考答案一覽表核對：國文第15題官方答案B，與目前正解索引及選項相符。答案表：https://drive.google.com/file/d/1OT5r0que_0bXSy0kwLEOEJMssce2OnL0/view","false","0","0","false","false","false","","","","","false","UNSIGNED_OR_INCOMPLETE"
"ITEM","OFF-0462","國文","112","16","歷屆真題","verified","依112年國中教育會考官方選擇題參考答案一覽表核對：國文第16題官方答案D，與目前正解索引及選項相符。答案表：https://drive.google.com/file/d/1OT5r0que_0bXSy0kwLEOEJMssce2OnL0/view","false","0","0","false","false","false","","","","","false","UNSIGNED_OR_INCOMPLETE"
"ITEM","OFF-0463","國文","112","17","歷屆真題","verified","依112年國中教育會考官方選擇題參考答案一覽表核對：國文第17題官方答案A，與目前正解索引及選項相符。答案表：https://drive.google.com/file/d/1OT5r0que_0bXSy0kwLEOEJMssce2OnL0/view","true","1","1","false","false","true","","","","","false","UNSIGNED_OR_INCOMPLETE"
"ITEM","OFF-0464","國文","112","18","歷屆真題","verified","依112年國中教育會考官方選擇題參考答案一覽表核對：國文第18題官方答案C，與目前正解索引及選項相符。答案表：https://drive.google.com/file/d/1OT5r0que_0bXSy0kwLEOEJMssce2OnL0/view","false","0","0","false","false","false","","","","","false","UNSIGNED_OR_INCOMPLETE"
"ITEM","OFF-0465","國文","112","19","歷屆真題","verified","依112年國中教育會考官方選擇題參考答案一覽表核對：國文第19題官方答案A，與目前正解索引及選項相符。答案表：https://drive.google.com/file/d/1OT5r0que_0bXSy0kwLEOEJMssce2OnL0/view","false","0","0","false","false","false","","","","","false","UNSIGNED_OR_INCOMPLETE"
"ITEM","OFF-0466","國文","112","20","歷屆真題","verified","依112年國中教育會考官方選擇題參考答案一覽表核對：國文第20題官方答案B，與目前正解索引及選項相符。答案表：https://drive.google.com/file/d/1OT5r0que_0bXSy0kwLEOEJMssce2OnL0/view","false","0","0","false","false","false","","","","","false","UNSIGNED_OR_INCOMPLETE"
"ITEM","OFF-0467","國文","112","21","歷屆真題","verified","依112年國中教育會考官方選擇題參考答案一覽表核對：國文第21題官方答案C，與目前正解索引及選項相符。答案表：https://drive.google.com/file/d/1OT5r0que_0bXSy0kwLEOEJMssce2OnL0/view","false","0","0","false","false","false","","","","","false","UNSIGNED_OR_INCOMPLETE"
"ITEM","OFF-0468","國文","112","22","歷屆真題","verified","依112年國中教育會考官方選擇題參考答案一覽表核對：國文第22題官方答案D，與目前正解索引及選項相符。答案表：https://drive.google.com/file/d/1OT5r0que_0bXSy0kwLEOEJMssce2OnL0/view","false","0","0","false","false","false","","","","","false","UNSIGNED_OR_INCOMPLETE"
"ITEM","OFF-0469","國文","112","23","歷屆真題","verified","依112年國中教育會考官方選擇題參考答案一覽表核對：國文第23題官方答案D，與目前正解索引及選項相符。答案表：https://drive.google.com/file/d/1OT5r0que_0bXSy0kwLEOEJMssce2OnL0/view","false","0","0","false","false","false","","","","","false","UNSIGNED_OR_INCOMPLETE"
"ITEM","OFF-0470","國文","112","24","歷屆真題","verified","依112年國中教育會考官方選擇題參考答案一覽表核對：國文第24題官方答案B，與目前正解索引及選項相符。答案表：https://drive.google.com/file/d/1OT5r0que_0bXSy0kwLEOEJMssce2OnL0/view","false","0","0","false","false","false","","","","","false","UNSIGNED_OR_INCOMPLETE"
"ITEM","OFF-0471","國文","112","25","歷屆真題","verified","依112年國中教育會考官方選擇題參考答案一覽表核對：國文第25題官方答案D，與目前正解索引及選項相符。答案表：https://drive.google.com/file/d/1OT5r0que_0bXSy0kwLEOEJMssce2OnL0/view","false","0","0","false","true","false","","","","","false","UNSIGNED_OR_INCOMPLETE"
"ITEM","OFF-0472","國文","112","26","歷屆真題","verified","依112年國中教育會考官方選擇題參考答案一覽表核對：國文第26題官方答案A，與目前正解索引及選項相符。答案表：https://drive.google.com/file/d/1OT5r0que_0bXSy0kwLEOEJMssce2OnL0/view","false","0","0","false","true","false","","","","","false","UNSIGNED_OR_INCOMPLETE"
"ITEM","OFF-0473","國文","112","27","歷屆真題","verified","依112年國中教育會考官方選擇題參考答案一覽表核對：國文第27題官方答案A，與目前正解索引及選項相符。答案表：https://drive.google.com/file/d/1OT5r0que_0bXSy0kwLEOEJMssce2OnL0/view","false","0","0","false","true","false","","","","","false","UNSIGNED_OR_INCOMPLETE"
"ITEM","OFF-0474","國文","112","28","歷屆真題","verified","依112年國中教育會考官方選擇題參考答案一覽表核對：國文第28題官方答案B，與目前正解索引及選項相符。答案表：https://drive.google.com/file/d/1OT5r0que_0bXSy0kwLEOEJMssce2OnL0/view","false","0","0","false","true","false","","","","","false","UNSIGNED_OR_INCOMPLETE"
"ITEM","OFF-0475","國文","112","29","歷屆真題","verified","依112年國中教育會考官方選擇題參考答案一覽表核對：國文第29題官方答案C，與目前正解索引及選項相符。答案表：https://drive.google.com/file/d/1OT5r0que_0bXSy0kwLEOEJMssce2OnL0/view","false","0","0","false","true","false","","","","","false","UNSIGNED_OR_INCOMPLETE"
"ITEM","OFF-0476","國文","112","30","歷屆真題","verified","依112年國中教育會考官方選擇題參考答案一覽表核對：國文第30題官方答案A，與目前正解索引及選項相符。答案表：https://drive.google.com/file/d/1OT5r0que_0bXSy0kwLEOEJMssce2OnL0/view","false","0","0","false","true","false","","","","","false","UNSIGNED_OR_INCOMPLETE"
"ITEM","OFF-0477","國文","112","31","歷屆真題","verified","依112年國中教育會考官方選擇題參考答案一覽表核對：國文第31題官方答案C，與目前正解索引及選項相符。答案表：https://drive.google.com/file/d/1OT5r0que_0bXSy0kwLEOEJMssce2OnL0/view","false","0","0","false","true","false","","","","","false","UNSIGNED_OR_INCOMPLETE"
"ITEM","OFF-0478","國文","112","32","歷屆真題","verified","依112年國中教育會考官方選擇題參考答案一覽表核對：國文第32題官方答案B，與目前正解索引及選項相符。答案表：https://drive.google.com/file/d/1OT5r0que_0bXSy0kwLEOEJMssce2OnL0/view","false","0","0","true","true","false","","","","","false","UNSIGNED_OR_INCOMPLETE"
"ITEM","OFF-0479","國文","112","33","歷屆真題","verified","依112年國中教育會考官方選擇題參考答案一覽表核對：國文第33題官方答案C，與目前正解索引及選項相符。答案表：https://drive.google.com/file/d/1OT5r0que_0bXSy0kwLEOEJMssce2OnL0/view","false","0","0","true","true","false","","","","","false","UNSIGNED_OR_INCOMPLETE"
"ITEM","OFF-0480","國文","112","34","歷屆真題","verified","依112年國中教育會考官方選擇題參考答案一覽表核對：國文第34題官方答案B，與目前正解索引及選項相符。答案表：https://drive.google.com/file/d/1OT5r0que_0bXSy0kwLEOEJMssce2OnL0/view","false","0","0","true","true","false","","","","","false","UNSIGNED_OR_INCOMPLETE"
"ITEM","OFF-0481","國文","112","35","歷屆真題","verified","依112年國中教育會考官方選擇題參考答案一覽表核對：國文第35題官方答案B，與目前正解索引及選項相符。答案表：https://drive.google.com/file/d/1OT5r0que_0bXSy0kwLEOEJMssce2OnL0/view","false","0","0","true","true","false","","","","","false","UNSIGNED_OR_INCOMPLETE"
"ITEM","OFF-0482","國文","112","36","歷屆真題","verified","依112年國中教育會考官方選擇題參考答案一覽表核對：國文第36題官方答案C，與目前正解索引及選項相符。答案表：https://drive.google.com/file/d/1OT5r0que_0bXSy0kwLEOEJMssce2OnL0/view","false","0","0","true","true","false","","","","","false","UNSIGNED_OR_INCOMPLETE"
"ITEM","OFF-0483","國文","112","37","歷屆真題","verified","依112年國中教育會考官方選擇題參考答案一覽表核對：國文第37題官方答案B，與目前正解索引及選項相符。答案表：https://drive.google.com/file/d/1OT5r0que_0bXSy0kwLEOEJMssce2OnL0/view","false","0","0","true","true","false","","","","","false","UNSIGNED_OR_INCOMPLETE"
"ITEM","OFF-0484","國文","112","38","歷屆真題","verified","依112年國中教育會考官方選擇題參考答案一覽表核對：國文第38題官方答案A，與目前正解索引及選項相符。答案表：https://drive.google.com/file/d/1OT5r0que_0bXSy0kwLEOEJMssce2OnL0/view","true","1","1","true","true","true","","","","","false","UNSIGNED_OR_INCOMPLETE"
"ITEM","OFF-0485","國文","112","39","歷屆真題","verified","依112年國中教育會考官方選擇題參考答案一覽表核對：國文第39題官方答案D，與目前正解索引及選項相符。答案表：https://drive.google.com/file/d/1OT5r0que_0bXSy0kwLEOEJMssce2OnL0/view","false","0","0","true","true","false","","","","","false","UNSIGNED_OR_INCOMPLETE"
"ITEM","OFF-0486","國文","112","40","歷屆真題","verified","依112年國中教育會考官方選擇題參考答案一覽表核對：國文第40題官方答案D，與目前正解索引及選項相符。答案表：https://drive.google.com/file/d/1OT5r0que_0bXSy0kwLEOEJMssce2OnL0/view","false","0","0","true","true","false","","","","","false","UNSIGNED_OR_INCOMPLETE"
"ITEM","OFF-0487","國文","112","41","歷屆真題","verified","依112年國中教育會考官方選擇題參考答案一覽表核對：國文第41題官方答案B，與目前正解索引及選項相符。答案表：https://drive.google.com/file/d/1OT5r0que_0bXSy0kwLEOEJMssce2OnL0/view","false","0","0","true","true","false","","","","","false","UNSIGNED_OR_INCOMPLETE"
"ITEM","OFF-0488","國文","112","42","歷屆真題","verified","依112年國中教育會考官方選擇題參考答案一覽表核對：國文第42題官方答案D，與目前正解索引及選項相符。答案表：https://drive.google.com/file/d/1OT5r0que_0bXSy0kwLEOEJMssce2OnL0/view","false","0","0","true","true","false","","","","","false","UNSIGNED_OR_INCOMPLETE"
"ITEM","OFF-0661","國文","113","1","歷屆真題","verified","依113年國中教育會考官方選擇題參考答案一覽表核對：國文第1題官方答案D，與目前正解索引及選項相符。答案表：https://drive.google.com/file/d/1cWlogP9FBRX1eD5kjgVDP2_6f8VCLSB4/view","true","1","1","false","false","true","","","","","false","UNSIGNED_OR_INCOMPLETE"
"ITEM","OFF-0662","國文","113","2","歷屆真題","verified","依113年國中教育會考官方選擇題參考答案一覽表核對：國文第2題官方答案D，與目前正解索引及選項相符。答案表：https://drive.google.com/file/d/1cWlogP9FBRX1eD5kjgVDP2_6f8VCLSB4/view","false","0","0","false","false","false","","","","","false","UNSIGNED_OR_INCOMPLETE"
"ITEM","OFF-0663","國文","113","3","歷屆真題","verified","依113年國中教育會考官方選擇題參考答案一覽表核對：國文第3題官方答案B，與目前正解索引及選項相符。答案表：https://drive.google.com/file/d/1cWlogP9FBRX1eD5kjgVDP2_6f8VCLSB4/view","false","0","0","false","false","false","","","","","false","UNSIGNED_OR_INCOMPLETE"
"ITEM","OFF-0664","國文","113","4","歷屆真題","verified","依113年國中教育會考官方選擇題參考答案一覽表核對：國文第4題官方答案B，與目前正解索引及選項相符。答案表：https://drive.google.com/file/d/1cWlogP9FBRX1eD5kjgVDP2_6f8VCLSB4/view","false","0","0","false","false","false","","","","","false","UNSIGNED_OR_INCOMPLETE"
"ITEM","OFF-0665","國文","113","5","歷屆真題","verified","依113年國中教育會考官方選擇題參考答案一覽表核對：國文第5題官方答案C，與目前正解索引及選項相符。答案表：https://drive.google.com/file/d/1cWlogP9FBRX1eD5kjgVDP2_6f8VCLSB4/view","true","1","1","false","false","true","","","","","false","UNSIGNED_OR_INCOMPLETE"
"ITEM","OFF-0666","國文","113","6","歷屆真題","verified","依113年國中教育會考官方選擇題參考答案一覽表核對：國文第6題官方答案D，與目前正解索引及選項相符。答案表：https://drive.google.com/file/d/1cWlogP9FBRX1eD5kjgVDP2_6f8VCLSB4/view","false","0","0","false","false","false","","","","","false","UNSIGNED_OR_INCOMPLETE"
"ITEM","OFF-0667","國文","113","7","歷屆真題","verified","依113年國中教育會考官方選擇題參考答案一覽表核對：國文第7題官方答案B，與目前正解索引及選項相符。答案表：https://drive.google.com/file/d/1cWlogP9FBRX1eD5kjgVDP2_6f8VCLSB4/view","false","0","0","false","false","false","","","","","false","UNSIGNED_OR_INCOMPLETE"
"ITEM","OFF-0668","國文","113","8","歷屆真題","verified","依113年國中教育會考官方選擇題參考答案一覽表核對：國文第8題官方答案C，與目前正解索引及選項相符。答案表：https://drive.google.com/file/d/1cWlogP9FBRX1eD5kjgVDP2_6f8VCLSB4/view","false","0","0","false","false","false","","","","","false","UNSIGNED_OR_INCOMPLETE"
"ITEM","OFF-0669","國文","113","9","歷屆真題","verified","依113年國中教育會考官方選擇題參考答案一覽表核對：國文第9題官方答案B，與目前正解索引及選項相符。答案表：https://drive.google.com/file/d/1cWlogP9FBRX1eD5kjgVDP2_6f8VCLSB4/view","false","0","0","false","true","false","","","","","false","UNSIGNED_OR_INCOMPLETE"
"ITEM","OFF-0670","國文","113","10","歷屆真題","verified","依113年國中教育會考官方選擇題參考答案一覽表核對：國文第10題官方答案A，與目前正解索引及選項相符。答案表：https://drive.google.com/file/d/1cWlogP9FBRX1eD5kjgVDP2_6f8VCLSB4/view","true","1","1","false","false","true","","","","","false","UNSIGNED_OR_INCOMPLETE"
"ITEM","OFF-0671","國文","113","11","歷屆真題","verified","依113年國中教育會考官方選擇題參考答案一覽表核對：國文第11題官方答案C，與目前正解索引及選項相符。答案表：https://drive.google.com/file/d/1cWlogP9FBRX1eD5kjgVDP2_6f8VCLSB4/view","false","0","0","false","false","false","","","","","false","UNSIGNED_OR_INCOMPLETE"
"ITEM","OFF-0672","國文","113","12","歷屆真題","verified","依113年國中教育會考官方選擇題參考答案一覽表核對：國文第12題官方答案C，與目前正解索引及選項相符。答案表：https://drive.google.com/file/d/1cWlogP9FBRX1eD5kjgVDP2_6f8VCLSB4/view","false","0","0","false","true","false","","","","","false","UNSIGNED_OR_INCOMPLETE"
"ITEM","OFF-0673","國文","113","13","歷屆真題","已依113年官方國文題本及翰林解析核對","官方解析答案為 C；D 對光照的解讀過度泛化。","false","0","0","false","true","false","","","","","false","UNSIGNED_OR_INCOMPLETE"
"ITEM","OFF-0674","國文","113","14","歷屆真題","verified","依113年國中教育會考官方選擇題參考答案一覽表核對：國文第14題官方答案B，與目前正解索引及選項相符。答案表：https://drive.google.com/file/d/1cWlogP9FBRX1eD5kjgVDP2_6f8VCLSB4/view","false","0","0","false","false","false","","","","","false","UNSIGNED_OR_INCOMPLETE"
"ITEM","OFF-0675","國文","113","15","歷屆真題","verified","依113年國中教育會考官方選擇題參考答案一覽表核對：國文第15題官方答案C，與目前正解索引及選項相符。答案表：https://drive.google.com/file/d/1cWlogP9FBRX1eD5kjgVDP2_6f8VCLSB4/view","false","0","0","false","false","false","","","","","false","UNSIGNED_OR_INCOMPLETE"
"ITEM","OFF-0676","國文","113","16","歷屆真題","verified","依113年國中教育會考官方選擇題參考答案一覽表核對：國文第16題官方答案D，與目前正解索引及選項相符。答案表：https://drive.google.com/file/d/1cWlogP9FBRX1eD5kjgVDP2_6f8VCLSB4/view","false","0","0","false","false","false","","","","","false","UNSIGNED_OR_INCOMPLETE"
"ITEM","OFF-0677","國文","113","17","歷屆真題","verified","依113年國中教育會考官方選擇題參考答案一覽表核對：國文第17題官方答案B，與目前正解索引及選項相符。答案表：https://drive.google.com/file/d/1cWlogP9FBRX1eD5kjgVDP2_6f8VCLSB4/view","false","0","0","false","false","false","","","","","false","UNSIGNED_OR_INCOMPLETE"
"ITEM","OFF-0678","國文","113","18","歷屆真題","verified","依113年國中教育會考官方選擇題參考答案一覽表核對：國文第18題官方答案A，與目前正解索引及選項相符。答案表：https://drive.google.com/file/d/1cWlogP9FBRX1eD5kjgVDP2_6f8VCLSB4/view","false","0","0","false","false","false","","","","","false","UNSIGNED_OR_INCOMPLETE"
"ITEM","OFF-0679","國文","113","19","歷屆真題","verified","依113年國中教育會考官方選擇題參考答案一覽表核對：國文第19題官方答案D，與目前正解索引及選項相符。答案表：https://drive.google.com/file/d/1cWlogP9FBRX1eD5kjgVDP2_6f8VCLSB4/view","false","0","0","false","false","false","","","","","false","UNSIGNED_OR_INCOMPLETE"
"ITEM","OFF-0680","國文","113","20","歷屆真題","verified","依113年國中教育會考官方選擇題參考答案一覽表核對：國文第20題官方答案A，與目前正解索引及選項相符。答案表：https://drive.google.com/file/d/1cWlogP9FBRX1eD5kjgVDP2_6f8VCLSB4/view","true","1","1","false","false","true","","","","","false","UNSIGNED_OR_INCOMPLETE"
"ITEM","OFF-0681","國文","113","21","歷屆真題","verified","依113年國中教育會考官方選擇題參考答案一覽表核對：國文第21題官方答案C，與目前正解索引及選項相符。答案表：https://drive.google.com/file/d/1cWlogP9FBRX1eD5kjgVDP2_6f8VCLSB4/view","false","0","0","false","false","false","","","","","false","UNSIGNED_OR_INCOMPLETE"
"ITEM","OFF-0682","國文","113","22","歷屆真題","verified","依113年國中教育會考官方選擇題參考答案一覽表核對：國文第22題官方答案A，與目前正解索引及選項相符。答案表：https://drive.google.com/file/d/1cWlogP9FBRX1eD5kjgVDP2_6f8VCLSB4/view","false","0","0","false","true","false","","","","","false","UNSIGNED_OR_INCOMPLETE"
"ITEM","OFF-0683","國文","113","23","歷屆真題","verified","依113年國中教育會考官方選擇題參考答案一覽表核對：國文第23題官方答案D，與目前正解索引及選項相符。答案表：https://drive.google.com/file/d/1cWlogP9FBRX1eD5kjgVDP2_6f8VCLSB4/view","false","0","0","false","true","false","","","","","false","UNSIGNED_OR_INCOMPLETE"
"ITEM","OFF-0684","國文","113","24","歷屆真題","verified","依113年國中教育會考官方選擇題參考答案一覽表核對：國文第24題官方答案A，與目前正解索引及選項相符。答案表：https://drive.google.com/file/d/1cWlogP9FBRX1eD5kjgVDP2_6f8VCLSB4/view","false","0","0","false","false","false","","","","","false","UNSIGNED_OR_INCOMPLETE"
"ITEM","OFF-0685","國文","113","25","歷屆真題","verified","依113年國中教育會考官方選擇題參考答案一覽表核對：國文第25題官方答案A，與目前正解索引及選項相符。答案表：https://drive.google.com/file/d/1cWlogP9FBRX1eD5kjgVDP2_6f8VCLSB4/view","false","0","0","false","true","false","","","","","false","UNSIGNED_OR_INCOMPLETE"
"ITEM","OFF-0686","國文","113","26","歷屆真題","verified","依113年國中教育會考官方選擇題參考答案一覽表核對：國文第26題官方答案D，與目前正解索引及選項相符。答案表：https://drive.google.com/file/d/1cWlogP9FBRX1eD5kjgVDP2_6f8VCLSB4/view","false","0","0","false","true","false","","","","","false","UNSIGNED_OR_INCOMPLETE"
"ITEM","OFF-0687","國文","113","27","歷屆真題","verified","依113年國中教育會考官方選擇題參考答案一覽表核對：國文第27題官方答案A，與目前正解索引及選項相符。答案表：https://drive.google.com/file/d/1cWlogP9FBRX1eD5kjgVDP2_6f8VCLSB4/view","false","0","0","false","true","false","","","","","false","UNSIGNED_OR_INCOMPLETE"
"ITEM","OFF-0688","國文","113","28","歷屆真題","verified","依113年國中教育會考官方選擇題參考答案一覽表核對：國文第28題官方答案B，與目前正解索引及選項相符。答案表：https://drive.google.com/file/d/1cWlogP9FBRX1eD5kjgVDP2_6f8VCLSB4/view","false","0","0","false","true","false","","","","","false","UNSIGNED_OR_INCOMPLETE"
"ITEM","OFF-0689","國文","113","29","歷屆真題","verified","依113年國中教育會考官方選擇題參考答案一覽表核對：國文第29題官方答案D，與目前正解索引及選項相符。答案表：https://drive.google.com/file/d/1cWlogP9FBRX1eD5kjgVDP2_6f8VCLSB4/view","false","0","0","true","true","false","","","","","false","UNSIGNED_OR_INCOMPLETE"
"ITEM","OFF-0690","國文","113","30","歷屆真題","verified","依113年國中教育會考官方選擇題參考答案一覽表核對：國文第30題官方答案C，與目前正解索引及選項相符。答案表：https://drive.google.com/file/d/1cWlogP9FBRX1eD5kjgVDP2_6f8VCLSB4/view","false","0","0","true","true","false","","","","","false","UNSIGNED_OR_INCOMPLETE"
"ITEM","OFF-0691","國文","113","31","歷屆真題","verified","依113年國中教育會考官方選擇題參考答案一覽表核對：國文第31題官方答案A，與目前正解索引及選項相符。答案表：https://drive.google.com/file/d/1cWlogP9FBRX1eD5kjgVDP2_6f8VCLSB4/view","false","0","0","false","true","false","","","","","false","UNSIGNED_OR_INCOMPLETE"
"ITEM","OFF-0692","國文","113","32","歷屆真題","verified","依113年國中教育會考官方選擇題參考答案一覽表核對：國文第32題官方答案A，與目前正解索引及選項相符。答案表：https://drive.google.com/file/d/1cWlogP9FBRX1eD5kjgVDP2_6f8VCLSB4/view","true","1","1","false","true","true","","","","","false","UNSIGNED_OR_INCOMPLETE"
"ITEM","OFF-0693","國文","113","33","歷屆真題","verified","依113年國中教育會考官方選擇題參考答案一覽表核對：國文第33題官方答案B，與目前正解索引及選項相符。答案表：https://drive.google.com/file/d/1cWlogP9FBRX1eD5kjgVDP2_6f8VCLSB4/view","true","1","1","false","true","true","","","","","false","UNSIGNED_OR_INCOMPLETE"
"ITEM","OFF-0694","國文","113","34","歷屆真題","verified","依113年國中教育會考官方選擇題參考答案一覽表核對：國文第34題官方答案D，與目前正解索引及選項相符。答案表：https://drive.google.com/file/d/1cWlogP9FBRX1eD5kjgVDP2_6f8VCLSB4/view","false","0","0","false","true","false","","","","","false","UNSIGNED_OR_INCOMPLETE"
"ITEM","OFF-0695","國文","113","35","歷屆真題","verified","依113年國中教育會考官方選擇題參考答案一覽表核對：國文第35題官方答案C，與目前正解索引及選項相符。答案表：https://drive.google.com/file/d/1cWlogP9FBRX1eD5kjgVDP2_6f8VCLSB4/view","false","0","0","false","true","false","","","","","false","UNSIGNED_OR_INCOMPLETE"
"ITEM","OFF-0696","國文","113","36","歷屆真題","verified","依113年國中教育會考官方選擇題參考答案一覽表核對：國文第36題官方答案C，與目前正解索引及選項相符。答案表：https://drive.google.com/file/d/1cWlogP9FBRX1eD5kjgVDP2_6f8VCLSB4/view","false","0","0","false","true","false","","","","","false","UNSIGNED_OR_INCOMPLETE"
"ITEM","OFF-0697","國文","113","37","歷屆真題","verified","依113年國中教育會考官方選擇題參考答案一覽表核對：國文第37題官方答案B，與目前正解索引及選項相符。答案表：https://drive.google.com/file/d/1cWlogP9FBRX1eD5kjgVDP2_6f8VCLSB4/view","false","0","0","false","true","false","","","","","false","UNSIGNED_OR_INCOMPLETE"
"ITEM","OFF-0698","國文","113","38","歷屆真題","verified","依113年國中教育會考官方選擇題參考答案一覽表核對：國文第38題官方答案B，與目前正解索引及選項相符。答案表：https://drive.google.com/file/d/1cWlogP9FBRX1eD5kjgVDP2_6f8VCLSB4/view","false","0","0","false","true","false","","","","","false","UNSIGNED_OR_INCOMPLETE"
"ITEM","OFF-0699","國文","113","39","歷屆真題","verified","依113年國中教育會考官方選擇題參考答案一覽表核對：國文第39題官方答案B，與目前正解索引及選項相符。答案表：https://drive.google.com/file/d/1cWlogP9FBRX1eD5kjgVDP2_6f8VCLSB4/view","false","0","0","false","true","false","","","","","false","UNSIGNED_OR_INCOMPLETE"
"ITEM","OFF-0700","國文","113","40","歷屆真題","verified","依113年國中教育會考官方選擇題參考答案一覽表核對：國文第40題官方答案C，與目前正解索引及選項相符。答案表：https://drive.google.com/file/d/1cWlogP9FBRX1eD5kjgVDP2_6f8VCLSB4/view","false","0","0","false","true","false","","","","","false","UNSIGNED_OR_INCOMPLETE"
"ITEM","OFF-0701","國文","113","41","歷屆真題","verified","依113年國中教育會考官方選擇題參考答案一覽表核對：國文第41題官方答案D，與目前正解索引及選項相符。答案表：https://drive.google.com/file/d/1cWlogP9FBRX1eD5kjgVDP2_6f8VCLSB4/view","false","0","0","false","true","false","","","","","false","UNSIGNED_OR_INCOMPLETE"
"ITEM","OFF-0702","國文","113","42","歷屆真題","verified","依113年國中教育會考官方選擇題參考答案一覽表核對：國文第42題官方答案B，與目前正解索引及選項相符。答案表：https://drive.google.com/file/d/1cWlogP9FBRX1eD5kjgVDP2_6f8VCLSB4/view","false","0","0","false","true","false","","","","","false","UNSIGNED_OR_INCOMPLETE"
"ITEM","OFF-0875","國文","114","1","歷屆真題","verified","依114年國中教育會考官方選擇題參考答案一覽表核對：國文第1題官方答案D，與目前正解索引及選項相符。答案表：https://drive.google.com/file/d/175hz0lHG4GTDNxYet9lrRDu0lmC_G08o/view","false","0","0","false","false","false","","","","","false","UNSIGNED_OR_INCOMPLETE"
"ITEM","OFF-0876","國文","114","2","歷屆真題","verified","依114年國中教育會考官方選擇題參考答案一覽表核對：國文第2題官方答案B，與目前正解索引及選項相符。答案表：https://drive.google.com/file/d/175hz0lHG4GTDNxYet9lrRDu0lmC_G08o/view","false","0","0","false","false","false","","","","","false","UNSIGNED_OR_INCOMPLETE"
"ITEM","OFF-0877","國文","114","3","歷屆真題","verified","依114年國中教育會考官方選擇題參考答案一覽表核對：國文第3題官方答案B，與目前正解索引及選項相符。答案表：https://drive.google.com/file/d/175hz0lHG4GTDNxYet9lrRDu0lmC_G08o/view","true","1","1","false","false","true","","","","","false","UNSIGNED_OR_INCOMPLETE"
"ITEM","OFF-0878","國文","114","4","歷屆真題","verified","依114年國中教育會考官方選擇題參考答案一覽表核對：國文第4題官方答案B，與目前正解索引及選項相符。答案表：https://drive.google.com/file/d/175hz0lHG4GTDNxYet9lrRDu0lmC_G08o/view","false","0","0","false","false","false","","","","","false","UNSIGNED_OR_INCOMPLETE"
"ITEM","OFF-0879","國文","114","5","歷屆真題","verified","依114年國中教育會考官方選擇題參考答案一覽表核對：國文第5題官方答案A，與目前正解索引及選項相符。答案表：https://drive.google.com/file/d/175hz0lHG4GTDNxYet9lrRDu0lmC_G08o/view","true","1","1","false","false","true","","","","","false","UNSIGNED_OR_INCOMPLETE"
"ITEM","OFF-0880","國文","114","6","歷屆真題","verified","依114年國中教育會考官方選擇題參考答案一覽表核對：國文第6題官方答案A，與目前正解索引及選項相符。答案表：https://drive.google.com/file/d/175hz0lHG4GTDNxYet9lrRDu0lmC_G08o/view","false","0","0","false","false","false","","","","","false","UNSIGNED_OR_INCOMPLETE"
"ITEM","OFF-0881","國文","114","7","歷屆真題","已依114年官方國文題本第2頁核對文字與原圖","答案 B；題目所需兩圖共同規則已轉錄於題幹，避免前台再顯示整頁PDF截圖。","false","0","0","false","false","false","","","","","false","UNSIGNED_OR_INCOMPLETE"
"ITEM","OFF-0882","國文","114","8","歷屆真題","verified","依114年國中教育會考官方選擇題參考答案一覽表核對：國文第8題官方答案C，與目前正解索引及選項相符。答案表：https://drive.google.com/file/d/175hz0lHG4GTDNxYet9lrRDu0lmC_G08o/view","false","0","0","false","false","false","","","","","false","UNSIGNED_OR_INCOMPLETE"
"ITEM","OFF-0883","國文","114","9","歷屆真題","verified","依114年國中教育會考官方選擇題參考答案一覽表核對：國文第9題官方答案C，與目前正解索引及選項相符。答案表：https://drive.google.com/file/d/175hz0lHG4GTDNxYet9lrRDu0lmC_G08o/view","false","0","0","false","true","false","","","","","false","UNSIGNED_OR_INCOMPLETE"
"ITEM","OFF-0884","國文","114","10","歷屆真題","verified","依114年國中教育會考官方選擇題參考答案一覽表核對：國文第10題官方答案A，與目前正解索引及選項相符。答案表：https://drive.google.com/file/d/175hz0lHG4GTDNxYet9lrRDu0lmC_G08o/view","false","0","0","false","true","false","","","","","false","UNSIGNED_OR_INCOMPLETE"
"ITEM","OFF-0885","國文","114","11","歷屆真題","verified","依114年國中教育會考官方選擇題參考答案一覽表核對：國文第11題官方答案D，與目前正解索引及選項相符。答案表：https://drive.google.com/file/d/175hz0lHG4GTDNxYet9lrRDu0lmC_G08o/view","false","0","0","false","false","false","","","","","false","UNSIGNED_OR_INCOMPLETE"
"ITEM","OFF-0886","國文","114","12","歷屆真題","verified","依114年國中教育會考官方選擇題參考答案一覽表核對：國文第12題官方答案C，與目前正解索引及選項相符。答案表：https://drive.google.com/file/d/175hz0lHG4GTDNxYet9lrRDu0lmC_G08o/view","false","0","0","false","false","false","","","","","false","UNSIGNED_OR_INCOMPLETE"
"ITEM","OFF-0887","國文","114","13","歷屆真題","verified","依114年國中教育會考官方選擇題參考答案一覽表核對：國文第13題官方答案C，與目前正解索引及選項相符。答案表：https://drive.google.com/file/d/175hz0lHG4GTDNxYet9lrRDu0lmC_G08o/view","false","0","0","false","false","false","","","","","false","UNSIGNED_OR_INCOMPLETE"
"ITEM","OFF-0888","國文","114","14","歷屆真題","verified","依114年國中教育會考官方選擇題參考答案一覽表核對：國文第14題官方答案A，與目前正解索引及選項相符。答案表：https://drive.google.com/file/d/175hz0lHG4GTDNxYet9lrRDu0lmC_G08o/view","false","0","0","false","false","false","","","","","false","UNSIGNED_OR_INCOMPLETE"
"ITEM","OFF-0889","國文","114","15","歷屆真題","verified","依114年國中教育會考官方選擇題參考答案一覽表核對：國文第15題官方答案A，與目前正解索引及選項相符。答案表：https://drive.google.com/file/d/175hz0lHG4GTDNxYet9lrRDu0lmC_G08o/view","false","0","0","false","false","false","","","","","false","UNSIGNED_OR_INCOMPLETE"
"ITEM","OFF-0890","國文","114","16","歷屆真題","verified","依114年國中教育會考官方選擇題參考答案一覽表核對：國文第16題官方答案A，與目前正解索引及選項相符。答案表：https://drive.google.com/file/d/175hz0lHG4GTDNxYet9lrRDu0lmC_G08o/view","false","0","0","false","false","false","","","","","false","UNSIGNED_OR_INCOMPLETE"
"ITEM","OFF-0891","國文","114","17","歷屆真題","verified","依114年國中教育會考官方選擇題參考答案一覽表核對：國文第17題官方答案C，與目前正解索引及選項相符。答案表：https://drive.google.com/file/d/175hz0lHG4GTDNxYet9lrRDu0lmC_G08o/view","false","0","0","false","false","false","","","","","false","UNSIGNED_OR_INCOMPLETE"
"ITEM","OFF-0892","國文","114","18","歷屆真題","verified","依114年國中教育會考官方選擇題參考答案一覽表核對：國文第18題官方答案D，與目前正解索引及選項相符。答案表：https://drive.google.com/file/d/175hz0lHG4GTDNxYet9lrRDu0lmC_G08o/view","false","0","0","false","false","false","","","","","false","UNSIGNED_OR_INCOMPLETE"
"ITEM","OFF-0893","國文","114","19","歷屆真題","verified","依114年國中教育會考官方選擇題參考答案一覽表核對：國文第19題官方答案A，與目前正解索引及選項相符。答案表：https://drive.google.com/file/d/175hz0lHG4GTDNxYet9lrRDu0lmC_G08o/view","false","0","0","false","false","false","","","","","false","UNSIGNED_OR_INCOMPLETE"
"ITEM","OFF-0894","國文","114","20","歷屆真題","verified","依114年國中教育會考官方選擇題參考答案一覽表核對：國文第20題官方答案D，與目前正解索引及選項相符。答案表：https://drive.google.com/file/d/175hz0lHG4GTDNxYet9lrRDu0lmC_G08o/view","false","0","0","false","false","false","","","","","false","UNSIGNED_OR_INCOMPLETE"
"ITEM","OFF-0895","國文","114","21","歷屆真題","已依114年官方國文題本賽程表與翰林解析卷核對","核對左右半區、準決賽敗者及官方選項；答案 D。","true","1","1","false","false","true","","","","","false","UNSIGNED_OR_INCOMPLETE"
"ITEM","OFF-0896","國文","114","22","歷屆真題","已依114年官方國文題本與翰林解析卷核對","「本流既大，所謀益增，不暇唱曲」直接說明工作增加；完整短文已置於題幹，不需截圖。答案 B。","false","0","0","false","false","false","","","","","false","UNSIGNED_OR_INCOMPLETE"
"ITEM","OFF-0897","國文","114","23","歷屆真題","已依114年官方國文題本表格與翰林解析卷核對","遠卒心畏胡；當地募民因自保而赴胡不避死。答案 D。","false","0","0","false","false","false","","","","","false","UNSIGNED_OR_INCOMPLETE"
"ITEM","OFF-0898","國文","114","24","歷屆真題","已依114年官方國文題本與翰林解析卷核對","文中明言作品為魏泰所作並嫁名梅聖俞；完整原文已置於題幹。答案 B。","false","0","0","false","false","false","","","","","false","UNSIGNED_OR_INCOMPLETE"
"ITEM","OFF-0899","國文","114","25","歷屆真題","已依114年官方國文題本閱讀材料與翰林解析卷核對","材料說噴水警示會暴露藏身位置；僅保留含閱讀材料的必要頁圖。答案 B。","true","1","1","true","false","true","","","","","false","UNSIGNED_OR_INCOMPLETE"
"ITEM","OFF-0900","國文","114","26","歷屆真題","已依114年官方國文題本閱讀材料與翰林解析卷核對","祖孫對公呆的不同解讀暗示世代價值觀差異；答案 A。","true","1","1","true","false","true","","","","","false","UNSIGNED_OR_INCOMPLETE"
"ITEM","OFF-0901","國文","114","27","歷屆真題","已依114年官方國文題本路線圖與翰林解析卷核對","春季北上應經蘭嶼、琉球，圖（二）漏畫蘭嶼路段；答案 B。","true","1","1","false","true","true","","","","","false","UNSIGNED_OR_INCOMPLETE"
"ITEM","OFF-0902","國文","114","28","歷屆真題","已依114年官方國文題本圖文與翰林解析卷核對","文中直接給出食物來源與上升氣流地形兩項條件；答案 C。","false","0","0","false","true","false","","","","","false","UNSIGNED_OR_INCOMPLETE"
"ITEM","OFF-0903","國文","114","29","歷屆真題","已依114年官方國文題本甲文與翰林解析卷核對","視覺化寫作把情境轉成讀者可想像的畫面；答案 C。","false","0","0","false","true","false","","","","","false","UNSIGNED_OR_INCOMPLETE"
"ITEM","OFF-0904","國文","114","30","歷屆真題","已依114年官方國文題本乙劇本及續頁與翰林解析卷核對","「容啦」後鼓棒斷裂，是動作結果並形成情節轉折；答案 D。","false","0","0","false","true","false","","","","","false","UNSIGNED_OR_INCOMPLETE"
"ITEM","OFF-0905","國文","114","31","歷屆真題","verified","依114年國中教育會考官方選擇題參考答案一覽表核對：國文第31題官方答案C，與目前正解索引及選項相符。答案表：https://drive.google.com/file/d/175hz0lHG4GTDNxYet9lrRDu0lmC_G08o/view","false","0","0","false","true","false","","","","","false","UNSIGNED_OR_INCOMPLETE"
"ITEM","OFF-0906","國文","114","32","歷屆真題","verified","依114年國中教育會考官方選擇題參考答案一覽表核對：國文第32題官方答案C，與目前正解索引及選項相符。答案表：https://drive.google.com/file/d/175hz0lHG4GTDNxYet9lrRDu0lmC_G08o/view","false","0","0","false","true","false","","","","","false","UNSIGNED_OR_INCOMPLETE"
"ITEM","OFF-0907","國文","114","33","歷屆真題","verified","依114年國中教育會考官方選擇題參考答案一覽表核對：國文第33題官方答案D，與目前正解索引及選項相符。答案表：https://drive.google.com/file/d/175hz0lHG4GTDNxYet9lrRDu0lmC_G08o/view","false","0","0","false","true","false","","","","","false","UNSIGNED_OR_INCOMPLETE"
"ITEM","OFF-0908","國文","114","34","歷屆真題","verified","依114年國中教育會考官方選擇題參考答案一覽表核對：國文第34題官方答案A，與目前正解索引及選項相符。答案表：https://drive.google.com/file/d/175hz0lHG4GTDNxYet9lrRDu0lmC_G08o/view","false","0","0","false","true","false","","","","","false","UNSIGNED_OR_INCOMPLETE"
"ITEM","OFF-0909","國文","114","35","歷屆真題","verified","依114年國中教育會考官方選擇題參考答案一覽表核對：國文第35題官方答案D，與目前正解索引及選項相符。答案表：https://drive.google.com/file/d/175hz0lHG4GTDNxYet9lrRDu0lmC_G08o/view","false","0","0","false","true","false","","","","","false","UNSIGNED_OR_INCOMPLETE"
"ITEM","OFF-0910","國文","114","36","歷屆真題","verified","依114年國中教育會考官方選擇題參考答案一覽表核對：國文第36題官方答案B，與目前正解索引及選項相符。答案表：https://drive.google.com/file/d/175hz0lHG4GTDNxYet9lrRDu0lmC_G08o/view","false","0","0","false","true","false","","","","","false","UNSIGNED_OR_INCOMPLETE"
"ITEM","OFF-0911","國文","114","37","歷屆真題","verified","依114年國中教育會考官方選擇題參考答案一覽表核對：國文第37題官方答案C，與目前正解索引及選項相符。答案表：https://drive.google.com/file/d/175hz0lHG4GTDNxYet9lrRDu0lmC_G08o/view","false","0","0","false","true","false","","","","","false","UNSIGNED_OR_INCOMPLETE"
"ITEM","OFF-0912","國文","114","38","歷屆真題","verified","依114年國中教育會考官方選擇題參考答案一覽表核對：國文第38題官方答案A，與目前正解索引及選項相符。答案表：https://drive.google.com/file/d/175hz0lHG4GTDNxYet9lrRDu0lmC_G08o/view","true","1","1","false","true","true","","","","","false","UNSIGNED_OR_INCOMPLETE"
"ITEM","OFF-0913","國文","114","39","歷屆真題","verified","依114年國中教育會考官方選擇題參考答案一覽表核對：國文第39題官方答案D，與目前正解索引及選項相符。答案表：https://drive.google.com/file/d/175hz0lHG4GTDNxYet9lrRDu0lmC_G08o/view","false","0","0","false","true","false","","","","","false","UNSIGNED_OR_INCOMPLETE"
"ITEM","OFF-0914","國文","114","40","歷屆真題","verified","依114年國中教育會考官方選擇題參考答案一覽表核對：國文第40題官方答案B，與目前正解索引及選項相符。答案表：https://drive.google.com/file/d/175hz0lHG4GTDNxYet9lrRDu0lmC_G08o/view","false","0","0","false","true","false","","","","","false","UNSIGNED_OR_INCOMPLETE"
"ITEM","OFF-0915","國文","114","41","歷屆真題","verified","依114年國中教育會考官方選擇題參考答案一覽表核對：國文第41題官方答案D，與目前正解索引及選項相符。答案表：https://drive.google.com/file/d/175hz0lHG4GTDNxYet9lrRDu0lmC_G08o/view","false","0","0","false","true","false","","","","","false","UNSIGNED_OR_INCOMPLETE"
"ITEM","OFF-0916","國文","114","42","歷屆真題","verified","依114年國中教育會考官方選擇題參考答案一覽表核對：國文第42題官方答案B，與目前正解索引及選項相符。答案表：https://drive.google.com/file/d/175hz0lHG4GTDNxYet9lrRDu0lmC_G08o/view","false","0","0","false","true","false","","","","","false","UNSIGNED_OR_INCOMPLETE"
"ITEM","OFF-0049","英文","110","1","歷屆真題","verified","依110年國中教育會考官方選擇題參考答案一覽表核對：英文第1題官方答案D，與目前正解索引及選項相符。答案表：https://drive.google.com/file/d/1z7jBxC9t24e2Y3WK71XxWe0JOjJRLcNW/view","true","1","1","false","false","true","","","","","false","UNSIGNED_OR_INCOMPLETE"
"ITEM","OFF-0050","英文","110","2","歷屆真題","verified","依110年國中教育會考官方選擇題參考答案一覽表核對：英文第2題官方答案C，與目前正解索引及選項相符。答案表：https://drive.google.com/file/d/1z7jBxC9t24e2Y3WK71XxWe0JOjJRLcNW/view","false","0","0","false","false","false","","","","","false","UNSIGNED_OR_INCOMPLETE"
"ITEM","OFF-0051","英文","110","3","歷屆真題","verified","依110年國中教育會考官方選擇題參考答案一覽表核對：英文第3題官方答案D，與目前正解索引及選項相符。答案表：https://drive.google.com/file/d/1z7jBxC9t24e2Y3WK71XxWe0JOjJRLcNW/view","false","0","0","false","false","false","","","","","false","UNSIGNED_OR_INCOMPLETE"
"ITEM","OFF-0052","英文","110","4","歷屆真題","verified","依110年國中教育會考官方選擇題參考答案一覽表核對：英文第4題官方答案A，與目前正解索引及選項相符。答案表：https://drive.google.com/file/d/1z7jBxC9t24e2Y3WK71XxWe0JOjJRLcNW/view","false","0","0","false","false","false","","","","","false","UNSIGNED_OR_INCOMPLETE"
"ITEM","OFF-0053","英文","110","5","歷屆真題","verified","依110年國中教育會考官方選擇題參考答案一覽表核對：英文第5題官方答案C，與目前正解索引及選項相符。答案表：https://drive.google.com/file/d/1z7jBxC9t24e2Y3WK71XxWe0JOjJRLcNW/view","false","0","0","false","false","false","","","","","false","UNSIGNED_OR_INCOMPLETE"
"ITEM","OFF-0054","英文","110","6","歷屆真題","verified","依110年國中教育會考官方選擇題參考答案一覽表核對：英文第6題官方答案B，與目前正解索引及選項相符。答案表：https://drive.google.com/file/d/1z7jBxC9t24e2Y3WK71XxWe0JOjJRLcNW/view","false","0","0","false","false","false","","","","","false","UNSIGNED_OR_INCOMPLETE"
"ITEM","OFF-0055","英文","110","7","歷屆真題","verified","依110年國中教育會考官方選擇題參考答案一覽表核對：英文第7題官方答案D，與目前正解索引及選項相符。答案表：https://drive.google.com/file/d/1z7jBxC9t24e2Y3WK71XxWe0JOjJRLcNW/view","false","0","0","false","false","false","","","","","false","UNSIGNED_OR_INCOMPLETE"
"ITEM","OFF-0056","英文","110","8","歷屆真題","verified","依110年國中教育會考官方選擇題參考答案一覽表核對：英文第8題官方答案B，與目前正解索引及選項相符。答案表：https://drive.google.com/file/d/1z7jBxC9t24e2Y3WK71XxWe0JOjJRLcNW/view","false","0","0","false","false","false","","","","","false","UNSIGNED_OR_INCOMPLETE"
"ITEM","OFF-0057","英文","110","9","歷屆真題","verified","依110年國中教育會考官方選擇題參考答案一覽表核對：英文第9題官方答案B，與目前正解索引及選項相符。答案表：https://drive.google.com/file/d/1z7jBxC9t24e2Y3WK71XxWe0JOjJRLcNW/view","false","0","0","false","false","false","","","","","false","UNSIGNED_OR_INCOMPLETE"
"ITEM","OFF-0058","英文","110","10","歷屆真題","verified","依110年國中教育會考官方選擇題參考答案一覽表核對：英文第10題官方答案A，與目前正解索引及選項相符。答案表：https://drive.google.com/file/d/1z7jBxC9t24e2Y3WK71XxWe0JOjJRLcNW/view","false","0","0","false","false","false","","","","","false","UNSIGNED_OR_INCOMPLETE"
"ITEM","OFF-0059","英文","110","11","歷屆真題","verified","依110年國中教育會考官方選擇題參考答案一覽表核對：英文第11題官方答案C，與目前正解索引及選項相符。答案表：https://drive.google.com/file/d/1z7jBxC9t24e2Y3WK71XxWe0JOjJRLcNW/view","false","0","0","false","false","false","","","","","false","UNSIGNED_OR_INCOMPLETE"
"ITEM","OFF-0060","英文","110","12","歷屆真題","verified","依110年國中教育會考官方選擇題參考答案一覽表核對：英文第12題官方答案C，與目前正解索引及選項相符。答案表：https://drive.google.com/file/d/1z7jBxC9t24e2Y3WK71XxWe0JOjJRLcNW/view","false","0","0","false","false","false","","","","","false","UNSIGNED_OR_INCOMPLETE"
"ITEM","OFF-0061","英文","110","13","歷屆真題","verified","依110年國中教育會考官方選擇題參考答案一覽表核對：英文第13題官方答案B，與目前正解索引及選項相符。答案表：https://drive.google.com/file/d/1z7jBxC9t24e2Y3WK71XxWe0JOjJRLcNW/view","false","0","0","false","false","false","","","","","false","UNSIGNED_OR_INCOMPLETE"
"ITEM","OFF-0062","英文","110","14","歷屆真題","verified","依110年國中教育會考官方選擇題參考答案一覽表核對：英文第14題官方答案A，與目前正解索引及選項相符。答案表：https://drive.google.com/file/d/1z7jBxC9t24e2Y3WK71XxWe0JOjJRLcNW/view","false","0","0","false","false","false","","","","","false","UNSIGNED_OR_INCOMPLETE"
"ITEM","OFF-0063","英文","110","15","歷屆真題","verified","依110年國中教育會考官方選擇題參考答案一覽表核對：英文第15題官方答案B，與目前正解索引及選項相符。答案表：https://drive.google.com/file/d/1z7jBxC9t24e2Y3WK71XxWe0JOjJRLcNW/view","false","1","1","true","true","true","","","","","false","UNSIGNED_OR_INCOMPLETE"
"ITEM","OFF-0064","英文","110","16","歷屆真題","verified","依110年國中教育會考官方選擇題參考答案一覽表核對：英文第16題官方答案D，與目前正解索引及選項相符。答案表：https://drive.google.com/file/d/1z7jBxC9t24e2Y3WK71XxWe0JOjJRLcNW/view","false","1","1","true","true","true","","","","","false","UNSIGNED_OR_INCOMPLETE"
"ITEM","OFF-0065","英文","110","17","歷屆真題","verified","依110年國中教育會考官方選擇題參考答案一覽表核對：英文第17題官方答案B，與目前正解索引及選項相符。答案表：https://drive.google.com/file/d/1z7jBxC9t24e2Y3WK71XxWe0JOjJRLcNW/view","true","1","1","true","true","true","","","","","false","UNSIGNED_OR_INCOMPLETE"
"ITEM","OFF-0066","英文","110","18","歷屆真題","verified","依110年國中教育會考官方選擇題參考答案一覽表核對：英文第18題官方答案C，與目前正解索引及選項相符。答案表：https://drive.google.com/file/d/1z7jBxC9t24e2Y3WK71XxWe0JOjJRLcNW/view","false","1","1","true","true","true","","","","","false","UNSIGNED_OR_INCOMPLETE"
"ITEM","OFF-0067","英文","110","19","歷屆真題","verified","依110年國中教育會考官方選擇題參考答案一覽表核對：英文第19題官方答案A，與目前正解索引及選項相符。答案表：https://drive.google.com/file/d/1z7jBxC9t24e2Y3WK71XxWe0JOjJRLcNW/view","false","1","1","true","true","true","","","","","false","UNSIGNED_OR_INCOMPLETE"
"ITEM","OFF-0068","英文","110","20","歷屆真題","verified","依110年國中教育會考官方選擇題參考答案一覽表核對：英文第20題官方答案C，與目前正解索引及選項相符。答案表：https://drive.google.com/file/d/1z7jBxC9t24e2Y3WK71XxWe0JOjJRLcNW/view","true","1","1","true","true","true","","","","","false","UNSIGNED_OR_INCOMPLETE"
"ITEM","OFF-0069","英文","110","21","歷屆真題","verified","依110年國中教育會考官方選擇題參考答案一覽表核對：英文第21題官方答案C，與目前正解索引及選項相符。答案表：https://drive.google.com/file/d/1z7jBxC9t24e2Y3WK71XxWe0JOjJRLcNW/view","false","1","1","true","true","true","","","","","false","UNSIGNED_OR_INCOMPLETE"
"ITEM","OFF-0070","英文","110","22","歷屆真題","verified","依110年國中教育會考官方選擇題參考答案一覽表核對：英文第22題官方答案A，與目前正解索引及選項相符。答案表：https://drive.google.com/file/d/1z7jBxC9t24e2Y3WK71XxWe0JOjJRLcNW/view","false","0","0","true","true","false","","","","","false","UNSIGNED_OR_INCOMPLETE"
"ITEM","OFF-0071","英文","110","23","歷屆真題","verified","依110年國中教育會考官方選擇題參考答案一覽表核對：英文第23題官方答案D，與目前正解索引及選項相符。答案表：https://drive.google.com/file/d/1z7jBxC9t24e2Y3WK71XxWe0JOjJRLcNW/view","false","1","1","true","true","true","","","","","false","UNSIGNED_OR_INCOMPLETE"
"ITEM","OFF-0072","英文","110","24","歷屆真題","verified","依110年國中教育會考官方選擇題參考答案一覽表核對：英文第24題官方答案C，與目前正解索引及選項相符。答案表：https://drive.google.com/file/d/1z7jBxC9t24e2Y3WK71XxWe0JOjJRLcNW/view","false","1","1","true","true","true","","","","","false","UNSIGNED_OR_INCOMPLETE"
"ITEM","OFF-0073","英文","110","25","歷屆真題","verified","依110年國中教育會考官方選擇題參考答案一覽表核對：英文第25題官方答案B，與目前正解索引及選項相符。答案表：https://drive.google.com/file/d/1z7jBxC9t24e2Y3WK71XxWe0JOjJRLcNW/view","false","0","0","false","true","false","","","","","false","UNSIGNED_OR_INCOMPLETE"
"ITEM","OFF-0074","英文","110","26","歷屆真題","verified","依110年國中教育會考官方選擇題參考答案一覽表核對：英文第26題官方答案A，與目前正解索引及選項相符。答案表：https://drive.google.com/file/d/1z7jBxC9t24e2Y3WK71XxWe0JOjJRLcNW/view","false","0","0","false","true","false","","","","","false","UNSIGNED_OR_INCOMPLETE"
"ITEM","OFF-0075","英文","110","27","歷屆真題","verified","依110年國中教育會考官方選擇題參考答案一覽表核對：英文第27題官方答案B，與目前正解索引及選項相符。答案表：https://drive.google.com/file/d/1z7jBxC9t24e2Y3WK71XxWe0JOjJRLcNW/view","false","0","0","false","true","false","","","","","false","UNSIGNED_OR_INCOMPLETE"
"ITEM","OFF-0076","英文","110","28","歷屆真題","verified","依110年國中教育會考官方選擇題參考答案一覽表核對：英文第28題官方答案C，與目前正解索引及選項相符。答案表：https://drive.google.com/file/d/1z7jBxC9t24e2Y3WK71XxWe0JOjJRLcNW/view","false","0","0","false","true","false","","","","","false","UNSIGNED_OR_INCOMPLETE"
"ITEM","OFF-0077","英文","110","29","歷屆真題","verified","依110年國中教育會考官方選擇題參考答案一覽表核對：英文第29題官方答案D，與目前正解索引及選項相符。答案表：https://drive.google.com/file/d/1z7jBxC9t24e2Y3WK71XxWe0JOjJRLcNW/view","false","0","0","false","true","false","","","","","false","UNSIGNED_OR_INCOMPLETE"
"ITEM","OFF-0078","英文","110","30","歷屆真題","verified","依110年國中教育會考官方選擇題參考答案一覽表核對：英文第30題官方答案D，與目前正解索引及選項相符。答案表：https://drive.google.com/file/d/1z7jBxC9t24e2Y3WK71XxWe0JOjJRLcNW/view","false","0","0","false","true","false","","","","","false","UNSIGNED_OR_INCOMPLETE"
"ITEM","OFF-0079","英文","110","31","歷屆真題","verified","依110年國中教育會考官方選擇題參考答案一覽表核對：英文第31題官方答案A，與目前正解索引及選項相符。答案表：https://drive.google.com/file/d/1z7jBxC9t24e2Y3WK71XxWe0JOjJRLcNW/view","false","0","0","false","true","false","","","","","false","UNSIGNED_OR_INCOMPLETE"
"ITEM","OFF-0080","英文","110","32","歷屆真題","verified","依110年國中教育會考官方選擇題參考答案一覽表核對：英文第32題官方答案D，與目前正解索引及選項相符。答案表：https://drive.google.com/file/d/1z7jBxC9t24e2Y3WK71XxWe0JOjJRLcNW/view","false","0","0","false","true","false","","","","","false","UNSIGNED_OR_INCOMPLETE"
"ITEM","OFF-0081","英文","110","33","歷屆真題","verified","依110年國中教育會考官方選擇題參考答案一覽表核對：英文第33題官方答案B，與目前正解索引及選項相符。答案表：https://drive.google.com/file/d/1z7jBxC9t24e2Y3WK71XxWe0JOjJRLcNW/view","false","0","0","false","true","false","","","","","false","UNSIGNED_OR_INCOMPLETE"
"ITEM","OFF-0082","英文","110","34","歷屆真題","verified","依110年國中教育會考官方選擇題參考答案一覽表核對：英文第34題官方答案A，與目前正解索引及選項相符。答案表：https://drive.google.com/file/d/1z7jBxC9t24e2Y3WK71XxWe0JOjJRLcNW/view","false","0","0","false","true","false","","","","","false","UNSIGNED_OR_INCOMPLETE"
"ITEM","OFF-0083","英文","110","35","歷屆真題","verified","依110年國中教育會考官方選擇題參考答案一覽表核對：英文第35題官方答案D，與目前正解索引及選項相符。答案表：https://drive.google.com/file/d/1z7jBxC9t24e2Y3WK71XxWe0JOjJRLcNW/view","false","0","0","false","true","false","","","","","false","UNSIGNED_OR_INCOMPLETE"
"ITEM","OFF-0084","英文","110","36","歷屆真題","verified","依110年國中教育會考官方選擇題參考答案一覽表核對：英文第36題官方答案A，與目前正解索引及選項相符。答案表：https://drive.google.com/file/d/1z7jBxC9t24e2Y3WK71XxWe0JOjJRLcNW/view","false","0","0","false","true","false","","","","","false","UNSIGNED_OR_INCOMPLETE"
"ITEM","OFF-0085","英文","110","37","歷屆真題","verified","依110年國中教育會考官方選擇題參考答案一覽表核對：英文第37題官方答案C，與目前正解索引及選項相符。答案表：https://drive.google.com/file/d/1z7jBxC9t24e2Y3WK71XxWe0JOjJRLcNW/view","false","0","0","false","true","false","","","","","false","UNSIGNED_OR_INCOMPLETE"
"ITEM","OFF-0086","英文","110","38","歷屆真題","verified","依110年國中教育會考官方選擇題參考答案一覽表核對：英文第38題官方答案C，與目前正解索引及選項相符。答案表：https://drive.google.com/file/d/1z7jBxC9t24e2Y3WK71XxWe0JOjJRLcNW/view","false","0","0","false","true","false","","","","","false","UNSIGNED_OR_INCOMPLETE"
"ITEM","OFF-0087","英文","110","39","歷屆真題","verified","依110年國中教育會考官方選擇題參考答案一覽表核對：英文第39題官方答案A，與目前正解索引及選項相符。答案表：https://drive.google.com/file/d/1z7jBxC9t24e2Y3WK71XxWe0JOjJRLcNW/view","false","0","0","false","true","false","","","","","false","UNSIGNED_OR_INCOMPLETE"
"ITEM","OFF-0088","英文","110","40","歷屆真題","verified","依110年國中教育會考官方選擇題參考答案一覽表核對：英文第40題官方答案B，與目前正解索引及選項相符。答案表：https://drive.google.com/file/d/1z7jBxC9t24e2Y3WK71XxWe0JOjJRLcNW/view","false","0","0","false","true","false","","","","","false","UNSIGNED_OR_INCOMPLETE"
"ITEM","OFF-0089","英文","110","41","歷屆真題","verified","依110年國中教育會考官方選擇題參考答案一覽表核對：英文第41題官方答案A，與目前正解索引及選項相符。答案表：https://drive.google.com/file/d/1z7jBxC9t24e2Y3WK71XxWe0JOjJRLcNW/view","false","0","0","false","true","false","","","","","false","UNSIGNED_OR_INCOMPLETE"
"ITEM","OFF-0275","英文","111","1","歷屆真題","verified","依111年國中教育會考官方選擇題參考答案一覽表核對：英文第1題官方答案A，與目前正解索引及選項相符。答案表：https://drive.google.com/file/d/1IeMHI4BmTpC_2Oc1lQ1Qj6XWHDf9qwGd/view","true","1","1","false","false","true","","","","","false","UNSIGNED_OR_INCOMPLETE"
"ITEM","OFF-0276","英文","111","2","歷屆真題","verified","依111年國中教育會考官方選擇題參考答案一覽表核對：英文第2題官方答案A，與目前正解索引及選項相符。答案表：https://drive.google.com/file/d/1IeMHI4BmTpC_2Oc1lQ1Qj6XWHDf9qwGd/view","false","0","0","false","false","false","","","","","false","UNSIGNED_OR_INCOMPLETE"
"ITEM","OFF-0277","英文","111","3","歷屆真題","verified","依111年國中教育會考官方選擇題參考答案一覽表核對：英文第3題官方答案C，與目前正解索引及選項相符。答案表：https://drive.google.com/file/d/1IeMHI4BmTpC_2Oc1lQ1Qj6XWHDf9qwGd/view","false","0","0","false","false","false","","","","","false","UNSIGNED_OR_INCOMPLETE"
"ITEM","OFF-0278","英文","111","4","歷屆真題","verified","依111年國中教育會考官方選擇題參考答案一覽表核對：英文第4題官方答案C，與目前正解索引及選項相符。答案表：https://drive.google.com/file/d/1IeMHI4BmTpC_2Oc1lQ1Qj6XWHDf9qwGd/view","false","0","0","false","false","false","","","","","false","UNSIGNED_OR_INCOMPLETE"
"ITEM","OFF-0279","英文","111","5","歷屆真題","verified","依111年國中教育會考官方選擇題參考答案一覽表核對：英文第5題官方答案B，與目前正解索引及選項相符。答案表：https://drive.google.com/file/d/1IeMHI4BmTpC_2Oc1lQ1Qj6XWHDf9qwGd/view","false","0","0","false","false","false","","","","","false","UNSIGNED_OR_INCOMPLETE"
"ITEM","OFF-0280","英文","111","6","歷屆真題","verified","依111年國中教育會考官方選擇題參考答案一覽表核對：英文第6題官方答案A，與目前正解索引及選項相符。答案表：https://drive.google.com/file/d/1IeMHI4BmTpC_2Oc1lQ1Qj6XWHDf9qwGd/view","false","0","0","false","false","false","","","","","false","UNSIGNED_OR_INCOMPLETE"
"ITEM","OFF-0281","英文","111","7","歷屆真題","verified","依111年國中教育會考官方選擇題參考答案一覽表核對：英文第7題官方答案B，與目前正解索引及選項相符。答案表：https://drive.google.com/file/d/1IeMHI4BmTpC_2Oc1lQ1Qj6XWHDf9qwGd/view","false","0","0","false","false","false","","","","","false","UNSIGNED_OR_INCOMPLETE"
"ITEM","OFF-0282","英文","111","8","歷屆真題","verified","依111年國中教育會考官方選擇題參考答案一覽表核對：英文第8題官方答案B，與目前正解索引及選項相符。答案表：https://drive.google.com/file/d/1IeMHI4BmTpC_2Oc1lQ1Qj6XWHDf9qwGd/view","false","0","0","false","false","false","","","","","false","UNSIGNED_OR_INCOMPLETE"
"ITEM","OFF-0283","英文","111","9","歷屆真題","verified","依111年國中教育會考官方選擇題參考答案一覽表核對：英文第9題官方答案A，與目前正解索引及選項相符。答案表：https://drive.google.com/file/d/1IeMHI4BmTpC_2Oc1lQ1Qj6XWHDf9qwGd/view","false","0","0","false","false","false","","","","","false","UNSIGNED_OR_INCOMPLETE"
"ITEM","OFF-0284","英文","111","10","歷屆真題","verified","依111年國中教育會考官方選擇題參考答案一覽表核對：英文第10題官方答案D，與目前正解索引及選項相符。答案表：https://drive.google.com/file/d/1IeMHI4BmTpC_2Oc1lQ1Qj6XWHDf9qwGd/view","false","0","0","false","false","false","","","","","false","UNSIGNED_OR_INCOMPLETE"
"ITEM","OFF-0285","英文","111","11","歷屆真題","verified","依111年國中教育會考官方選擇題參考答案一覽表核對：英文第11題官方答案C，與目前正解索引及選項相符。答案表：https://drive.google.com/file/d/1IeMHI4BmTpC_2Oc1lQ1Qj6XWHDf9qwGd/view","false","0","0","false","false","false","","","","","false","UNSIGNED_OR_INCOMPLETE"
"ITEM","OFF-0286","英文","111","12","歷屆真題","verified","依111年國中教育會考官方選擇題參考答案一覽表核對：英文第12題官方答案B，與目前正解索引及選項相符。答案表：https://drive.google.com/file/d/1IeMHI4BmTpC_2Oc1lQ1Qj6XWHDf9qwGd/view","false","0","0","false","false","false","","","","","false","UNSIGNED_OR_INCOMPLETE"
"ITEM","OFF-0287","英文","111","13","歷屆真題","verified","依111年國中教育會考官方選擇題參考答案一覽表核對：英文第13題官方答案D，與目前正解索引及選項相符。答案表：https://drive.google.com/file/d/1IeMHI4BmTpC_2Oc1lQ1Qj6XWHDf9qwGd/view","false","0","0","false","false","false","","","","","false","UNSIGNED_OR_INCOMPLETE"
"ITEM","OFF-0288","英文","111","14","歷屆真題","verified","依111年國中教育會考官方選擇題參考答案一覽表核對：英文第14題官方答案C，與目前正解索引及選項相符。答案表：https://drive.google.com/file/d/1IeMHI4BmTpC_2Oc1lQ1Qj6XWHDf9qwGd/view","false","0","0","false","false","false","","","","","false","UNSIGNED_OR_INCOMPLETE"
"ITEM","OFF-0289","英文","111","15","歷屆真題","verified","依111年國中教育會考官方選擇題參考答案一覽表核對：英文第15題官方答案B，與目前正解索引及選項相符。答案表：https://drive.google.com/file/d/1IeMHI4BmTpC_2Oc1lQ1Qj6XWHDf9qwGd/view","false","0","0","false","false","false","","","","","false","UNSIGNED_OR_INCOMPLETE"
"ITEM","OFF-0290","英文","111","16","歷屆真題","verified","依111年國中教育會考官方選擇題參考答案一覽表核對：英文第16題官方答案C，與目前正解索引及選項相符。答案表：https://drive.google.com/file/d/1IeMHI4BmTpC_2Oc1lQ1Qj6XWHDf9qwGd/view","false","0","0","false","false","false","","","","","false","UNSIGNED_OR_INCOMPLETE"
"ITEM","OFF-0291","英文","111","17","歷屆真題","verified","依111年國中教育會考官方選擇題參考答案一覽表核對：英文第17題官方答案D，與目前正解索引及選項相符。答案表：https://drive.google.com/file/d/1IeMHI4BmTpC_2Oc1lQ1Qj6XWHDf9qwGd/view","false","0","0","false","false","false","","","","","false","UNSIGNED_OR_INCOMPLETE"
"ITEM","OFF-0292","英文","111","18","歷屆真題","verified","依111年國中教育會考官方選擇題參考答案一覽表核對：英文第18題官方答案C，與目前正解索引及選項相符。答案表：https://drive.google.com/file/d/1IeMHI4BmTpC_2Oc1lQ1Qj6XWHDf9qwGd/view","false","0","0","false","false","false","","","","","false","UNSIGNED_OR_INCOMPLETE"
"ITEM","OFF-0293","英文","111","19","歷屆真題","verified","依111年國中教育會考官方選擇題參考答案一覽表核對：英文第19題官方答案A，與目前正解索引及選項相符。答案表：https://drive.google.com/file/d/1IeMHI4BmTpC_2Oc1lQ1Qj6XWHDf9qwGd/view","false","0","0","false","false","false","","","","","false","UNSIGNED_OR_INCOMPLETE"
"ITEM","OFF-0294","英文","111","20","歷屆真題","verified","依111年國中教育會考官方選擇題參考答案一覽表核對：英文第20題官方答案D，與目前正解索引及選項相符。答案表：https://drive.google.com/file/d/1IeMHI4BmTpC_2Oc1lQ1Qj6XWHDf9qwGd/view","false","0","0","false","false","false","","","","","false","UNSIGNED_OR_INCOMPLETE"
"ITEM","OFF-0295","英文","111","21","歷屆真題","verified","依111年國中教育會考官方選擇題參考答案一覽表核對：英文第21題官方答案C，與目前正解索引及選項相符。答案表：https://drive.google.com/file/d/1IeMHI4BmTpC_2Oc1lQ1Qj6XWHDf9qwGd/view","false","0","0","false","true","false","","","","","false","UNSIGNED_OR_INCOMPLETE"
"ITEM","OFF-0296","英文","111","22","歷屆真題","verified","依111年國中教育會考官方選擇題參考答案一覽表核對：英文第22題官方答案C，與目前正解索引及選項相符。答案表：https://drive.google.com/file/d/1IeMHI4BmTpC_2Oc1lQ1Qj6XWHDf9qwGd/view","false","0","0","false","true","false","","","","","false","UNSIGNED_OR_INCOMPLETE"
"ITEM","OFF-0297","英文","111","23","歷屆真題","verified","依111年國中教育會考官方選擇題參考答案一覽表核對：英文第23題官方答案D，與目前正解索引及選項相符。答案表：https://drive.google.com/file/d/1IeMHI4BmTpC_2Oc1lQ1Qj6XWHDf9qwGd/view","false","0","0","false","true","false","","","","","false","UNSIGNED_OR_INCOMPLETE"
"ITEM","OFF-0298","英文","111","24","歷屆真題","verified","依111年國中教育會考官方選擇題參考答案一覽表核對：英文第24題官方答案C，與目前正解索引及選項相符。答案表：https://drive.google.com/file/d/1IeMHI4BmTpC_2Oc1lQ1Qj6XWHDf9qwGd/view","false","0","0","false","true","false","","","","","false","UNSIGNED_OR_INCOMPLETE"
"ITEM","OFF-0299","英文","111","25","歷屆真題","verified","依111年國中教育會考官方選擇題參考答案一覽表核對：英文第25題官方答案A，與目前正解索引及選項相符。答案表：https://drive.google.com/file/d/1IeMHI4BmTpC_2Oc1lQ1Qj6XWHDf9qwGd/view","false","0","0","false","true","false","","","","","false","UNSIGNED_OR_INCOMPLETE"
"ITEM","OFF-0300","英文","111","26","歷屆真題","verified","依111年國中教育會考官方選擇題參考答案一覽表核對：英文第26題官方答案C，與目前正解索引及選項相符。答案表：https://drive.google.com/file/d/1IeMHI4BmTpC_2Oc1lQ1Qj6XWHDf9qwGd/view","false","0","0","false","true","false","","","","","false","UNSIGNED_OR_INCOMPLETE"
"ITEM","OFF-0301","英文","111","27","歷屆真題","verified","依111年國中教育會考官方選擇題參考答案一覽表核對：英文第27題官方答案A，與目前正解索引及選項相符。答案表：https://drive.google.com/file/d/1IeMHI4BmTpC_2Oc1lQ1Qj6XWHDf9qwGd/view","false","0","0","false","true","false","","","","","false","UNSIGNED_OR_INCOMPLETE"
"ITEM","OFF-0302","英文","111","28","歷屆真題","verified","依111年國中教育會考官方選擇題參考答案一覽表核對：英文第28題官方答案D，與目前正解索引及選項相符。答案表：https://drive.google.com/file/d/1IeMHI4BmTpC_2Oc1lQ1Qj6XWHDf9qwGd/view","false","0","0","false","true","false","","","","","false","UNSIGNED_OR_INCOMPLETE"
"ITEM","OFF-0303","英文","111","29","歷屆真題","verified","依111年國中教育會考官方選擇題參考答案一覽表核對：英文第29題官方答案B，與目前正解索引及選項相符。答案表：https://drive.google.com/file/d/1IeMHI4BmTpC_2Oc1lQ1Qj6XWHDf9qwGd/view","false","0","0","false","true","false","","","","","false","UNSIGNED_OR_INCOMPLETE"
"ITEM","OFF-0304","英文","111","30","歷屆真題","verified","依111年國中教育會考官方選擇題參考答案一覽表核對：英文第30題官方答案D，與目前正解索引及選項相符。答案表：https://drive.google.com/file/d/1IeMHI4BmTpC_2Oc1lQ1Qj6XWHDf9qwGd/view","false","0","0","false","true","false","","","","","false","UNSIGNED_OR_INCOMPLETE"
"ITEM","OFF-0305","英文","111","31","歷屆真題","verified","依111年國中教育會考官方選擇題參考答案一覽表核對：英文第31題官方答案A，與目前正解索引及選項相符。答案表：https://drive.google.com/file/d/1IeMHI4BmTpC_2Oc1lQ1Qj6XWHDf9qwGd/view","false","0","0","false","true","false","","","","","false","UNSIGNED_OR_INCOMPLETE"
"ITEM","OFF-0306","英文","111","32","歷屆真題","verified","依111年國中教育會考官方選擇題參考答案一覽表核對：英文第32題官方答案D，與目前正解索引及選項相符。答案表：https://drive.google.com/file/d/1IeMHI4BmTpC_2Oc1lQ1Qj6XWHDf9qwGd/view","false","0","0","false","true","false","","","","","false","UNSIGNED_OR_INCOMPLETE"
"ITEM","OFF-0307","英文","111","33","歷屆真題","verified","依111年國中教育會考官方選擇題參考答案一覽表核對：英文第33題官方答案D，與目前正解索引及選項相符。答案表：https://drive.google.com/file/d/1IeMHI4BmTpC_2Oc1lQ1Qj6XWHDf9qwGd/view","true","1","1","true","true","true","","","","","false","UNSIGNED_OR_INCOMPLETE"
"ITEM","OFF-0308","英文","111","34","歷屆真題","verified","依111年國中教育會考官方選擇題參考答案一覽表核對：英文第34題官方答案B，與目前正解索引及選項相符。答案表：https://drive.google.com/file/d/1IeMHI4BmTpC_2Oc1lQ1Qj6XWHDf9qwGd/view","false","0","0","false","true","false","","","","","false","UNSIGNED_OR_INCOMPLETE"
"ITEM","OFF-0309","英文","111","35","歷屆真題","verified","依111年國中教育會考官方選擇題參考答案一覽表核對：英文第35題官方答案D，與目前正解索引及選項相符。答案表：https://drive.google.com/file/d/1IeMHI4BmTpC_2Oc1lQ1Qj6XWHDf9qwGd/view","false","0","0","false","true","false","","","","","false","UNSIGNED_OR_INCOMPLETE"
"ITEM","OFF-0310","英文","111","36","歷屆真題","verified","依111年國中教育會考官方選擇題參考答案一覽表核對：英文第36題官方答案B，與目前正解索引及選項相符。答案表：https://drive.google.com/file/d/1IeMHI4BmTpC_2Oc1lQ1Qj6XWHDf9qwGd/view","false","0","0","false","true","false","","","","","false","UNSIGNED_OR_INCOMPLETE"
"ITEM","OFF-0311","英文","111","37","歷屆真題","verified","依111年國中教育會考官方選擇題參考答案一覽表核對：英文第37題官方答案C，與目前正解索引及選項相符。答案表：https://drive.google.com/file/d/1IeMHI4BmTpC_2Oc1lQ1Qj6XWHDf9qwGd/view","true","1","1","false","true","true","","","","","false","UNSIGNED_OR_INCOMPLETE"
"ITEM","OFF-0312","英文","111","38","歷屆真題","verified","依111年國中教育會考官方選擇題參考答案一覽表核對：英文第38題官方答案B，與目前正解索引及選項相符。答案表：https://drive.google.com/file/d/1IeMHI4BmTpC_2Oc1lQ1Qj6XWHDf9qwGd/view","false","0","0","false","true","false","","","","","false","UNSIGNED_OR_INCOMPLETE"
"ITEM","OFF-0313","英文","111","39","歷屆真題","verified","依111年國中教育會考官方選擇題參考答案一覽表核對：英文第39題官方答案A，與目前正解索引及選項相符。答案表：https://drive.google.com/file/d/1IeMHI4BmTpC_2Oc1lQ1Qj6XWHDf9qwGd/view","true","1","1","true","true","true","","","","","false","UNSIGNED_OR_INCOMPLETE"
"ITEM","OFF-0314","英文","111","40","歷屆真題","verified","依111年國中教育會考官方選擇題參考答案一覽表核對：英文第40題官方答案D，與目前正解索引及選項相符。答案表：https://drive.google.com/file/d/1IeMHI4BmTpC_2Oc1lQ1Qj6XWHDf9qwGd/view","false","0","0","false","true","false","","","","","false","UNSIGNED_OR_INCOMPLETE"
"ITEM","OFF-0315","英文","111","41","歷屆真題","verified","依111年國中教育會考官方選擇題參考答案一覽表核對：英文第41題官方答案C，與目前正解索引及選項相符。答案表：https://drive.google.com/file/d/1IeMHI4BmTpC_2Oc1lQ1Qj6XWHDf9qwGd/view","false","0","0","false","true","false","","","","","false","UNSIGNED_OR_INCOMPLETE"
"ITEM","OFF-0316","英文","111","42","歷屆真題","verified","依111年國中教育會考官方選擇題參考答案一覽表核對：英文第42題官方答案A，與目前正解索引及選項相符。答案表：https://drive.google.com/file/d/1IeMHI4BmTpC_2Oc1lQ1Qj6XWHDf9qwGd/view","false","0","0","false","true","false","","","","","false","UNSIGNED_OR_INCOMPLETE"
"ITEM","OFF-0317","英文","111","43","歷屆真題","verified","依111年國中教育會考官方選擇題參考答案一覽表核對：英文第43題官方答案A，與目前正解索引及選項相符。答案表：https://drive.google.com/file/d/1IeMHI4BmTpC_2Oc1lQ1Qj6XWHDf9qwGd/view","false","0","0","false","true","false","","","","","false","UNSIGNED_OR_INCOMPLETE"
"ITEM","OFF-0489","英文","112","1","歷屆真題","verified","依112年國中教育會考官方選擇題參考答案一覽表核對：英文第1題官方答案B，與目前正解索引及選項相符。答案表：https://drive.google.com/file/d/1OT5r0que_0bXSy0kwLEOEJMssce2OnL0/view","true","1","1","false","false","true","","","","","false","UNSIGNED_OR_INCOMPLETE"
"ITEM","OFF-0490","英文","112","2","歷屆真題","verified","依112年國中教育會考官方選擇題參考答案一覽表核對：英文第2題官方答案D，與目前正解索引及選項相符。答案表：https://drive.google.com/file/d/1OT5r0que_0bXSy0kwLEOEJMssce2OnL0/view","false","0","0","false","false","false","","","","","false","UNSIGNED_OR_INCOMPLETE"
"ITEM","OFF-0491","英文","112","3","歷屆真題","verified","依112年國中教育會考官方選擇題參考答案一覽表核對：英文第3題官方答案D，與目前正解索引及選項相符。答案表：https://drive.google.com/file/d/1OT5r0que_0bXSy0kwLEOEJMssce2OnL0/view","false","0","0","false","false","false","","","","","false","UNSIGNED_OR_INCOMPLETE"
"ITEM","OFF-0492","英文","112","4","歷屆真題","verified","依112年國中教育會考官方選擇題參考答案一覽表核對：英文第4題官方答案B，與目前正解索引及選項相符。答案表：https://drive.google.com/file/d/1OT5r0que_0bXSy0kwLEOEJMssce2OnL0/view","false","0","0","false","false","false","","","","","false","UNSIGNED_OR_INCOMPLETE"
"ITEM","OFF-0493","英文","112","5","歷屆真題","verified","依112年國中教育會考官方選擇題參考答案一覽表核對：英文第5題官方答案A，與目前正解索引及選項相符。答案表：https://drive.google.com/file/d/1OT5r0que_0bXSy0kwLEOEJMssce2OnL0/view","false","0","0","false","false","false","","","","","false","UNSIGNED_OR_INCOMPLETE"
"ITEM","OFF-0494","英文","112","6","歷屆真題","verified","依112年國中教育會考官方選擇題參考答案一覽表核對：英文第6題官方答案B，與目前正解索引及選項相符。答案表：https://drive.google.com/file/d/1OT5r0que_0bXSy0kwLEOEJMssce2OnL0/view","false","0","0","false","false","false","","","","","false","UNSIGNED_OR_INCOMPLETE"
"ITEM","OFF-0495","英文","112","7","歷屆真題","verified","依112年國中教育會考官方選擇題參考答案一覽表核對：英文第7題官方答案A，與目前正解索引及選項相符。答案表：https://drive.google.com/file/d/1OT5r0que_0bXSy0kwLEOEJMssce2OnL0/view","false","0","0","false","false","false","","","","","false","UNSIGNED_OR_INCOMPLETE"
"ITEM","OFF-0496","英文","112","8","歷屆真題","verified","依112年國中教育會考官方選擇題參考答案一覽表核對：英文第8題官方答案C，與目前正解索引及選項相符。答案表：https://drive.google.com/file/d/1OT5r0que_0bXSy0kwLEOEJMssce2OnL0/view","false","0","0","false","false","false","","","","","false","UNSIGNED_OR_INCOMPLETE"
"ITEM","OFF-0497","英文","112","9","歷屆真題","verified","依112年國中教育會考官方選擇題參考答案一覽表核對：英文第9題官方答案C，與目前正解索引及選項相符。答案表：https://drive.google.com/file/d/1OT5r0que_0bXSy0kwLEOEJMssce2OnL0/view","false","0","0","false","false","false","","","","","false","UNSIGNED_OR_INCOMPLETE"
"ITEM","OFF-0498","英文","112","10","歷屆真題","verified","依112年國中教育會考官方選擇題參考答案一覽表核對：英文第10題官方答案D，與目前正解索引及選項相符。答案表：https://drive.google.com/file/d/1OT5r0que_0bXSy0kwLEOEJMssce2OnL0/view","false","0","0","false","false","false","","","","","false","UNSIGNED_OR_INCOMPLETE"
"ITEM","OFF-0499","英文","112","11","歷屆真題","verified","依112年國中教育會考官方選擇題參考答案一覽表核對：英文第11題官方答案D，與目前正解索引及選項相符。答案表：https://drive.google.com/file/d/1OT5r0que_0bXSy0kwLEOEJMssce2OnL0/view","false","0","0","false","false","false","","","","","false","UNSIGNED_OR_INCOMPLETE"
"ITEM","OFF-0500","英文","112","12","歷屆真題","verified","依112年國中教育會考官方選擇題參考答案一覽表核對：英文第12題官方答案C，與目前正解索引及選項相符。答案表：https://drive.google.com/file/d/1OT5r0que_0bXSy0kwLEOEJMssce2OnL0/view","false","0","0","false","false","false","","","","","false","UNSIGNED_OR_INCOMPLETE"
"ITEM","OFF-0501","英文","112","13","歷屆真題","verified","依112年國中教育會考官方選擇題參考答案一覽表核對：英文第13題官方答案C，與目前正解索引及選項相符。答案表：https://drive.google.com/file/d/1OT5r0que_0bXSy0kwLEOEJMssce2OnL0/view","false","0","0","false","false","false","","","","","false","UNSIGNED_OR_INCOMPLETE"
"ITEM","OFF-0502","英文","112","14","歷屆真題","verified","依112年國中教育會考官方選擇題參考答案一覽表核對：英文第14題官方答案C，與目前正解索引及選項相符。答案表：https://drive.google.com/file/d/1OT5r0que_0bXSy0kwLEOEJMssce2OnL0/view","false","0","0","false","false","false","","","","","false","UNSIGNED_OR_INCOMPLETE"
"ITEM","OFF-0503","英文","112","15","歷屆真題","verified","依112年國中教育會考官方選擇題參考答案一覽表核對：英文第15題官方答案D，與目前正解索引及選項相符。答案表：https://drive.google.com/file/d/1OT5r0que_0bXSy0kwLEOEJMssce2OnL0/view","false","0","0","false","false","false","","","","","false","UNSIGNED_OR_INCOMPLETE"
"ITEM","OFF-0504","英文","112","16","歷屆真題","verified","依112年國中教育會考官方選擇題參考答案一覽表核對：英文第16題官方答案C，與目前正解索引及選項相符。答案表：https://drive.google.com/file/d/1OT5r0que_0bXSy0kwLEOEJMssce2OnL0/view","false","0","0","false","false","false","","","","","false","UNSIGNED_OR_INCOMPLETE"
"ITEM","OFF-0505","英文","112","17","歷屆真題","verified","依112年國中教育會考官方選擇題參考答案一覽表核對：英文第17題官方答案C，與目前正解索引及選項相符。答案表：https://drive.google.com/file/d/1OT5r0que_0bXSy0kwLEOEJMssce2OnL0/view","false","0","0","false","false","false","","","","","false","UNSIGNED_OR_INCOMPLETE"
"ITEM","OFF-0506","英文","112","18","歷屆真題","verified","依112年國中教育會考官方選擇題參考答案一覽表核對：英文第18題官方答案B，與目前正解索引及選項相符。答案表：https://drive.google.com/file/d/1OT5r0que_0bXSy0kwLEOEJMssce2OnL0/view","false","0","0","false","false","false","","","","","false","UNSIGNED_OR_INCOMPLETE"
"ITEM","OFF-0507","英文","112","19","歷屆真題","verified","依112年國中教育會考官方選擇題參考答案一覽表核對：英文第19題官方答案D，與目前正解索引及選項相符。答案表：https://drive.google.com/file/d/1OT5r0que_0bXSy0kwLEOEJMssce2OnL0/view","false","0","0","false","false","false","","","","","false","UNSIGNED_OR_INCOMPLETE"
"ITEM","OFF-0508","英文","112","20","歷屆真題","verified","依112年國中教育會考官方選擇題參考答案一覽表核對：英文第20題官方答案C，與目前正解索引及選項相符。答案表：https://drive.google.com/file/d/1OT5r0que_0bXSy0kwLEOEJMssce2OnL0/view","false","0","0","false","false","false","","","","","false","UNSIGNED_OR_INCOMPLETE"
"ITEM","OFF-0509","英文","112","21","歷屆真題","verified","依112年國中教育會考官方選擇題參考答案一覽表核對：英文第21題官方答案A，與目前正解索引及選項相符。答案表：https://drive.google.com/file/d/1OT5r0que_0bXSy0kwLEOEJMssce2OnL0/view","false","0","0","false","false","false","","","","","false","UNSIGNED_OR_INCOMPLETE"
"ITEM","OFF-0510","英文","112","22","歷屆真題","verified","依112年國中教育會考官方選擇題參考答案一覽表核對：英文第22題官方答案B，與目前正解索引及選項相符。答案表：https://drive.google.com/file/d/1OT5r0que_0bXSy0kwLEOEJMssce2OnL0/view","false","0","0","false","false","false","","","","","false","UNSIGNED_OR_INCOMPLETE"
"ITEM","OFF-0511","英文","112","23","歷屆真題","verified","依112年國中教育會考官方選擇題參考答案一覽表核對：英文第23題官方答案D，與目前正解索引及選項相符。答案表：https://drive.google.com/file/d/1OT5r0que_0bXSy0kwLEOEJMssce2OnL0/view","false","0","0","false","false","false","","","","","false","UNSIGNED_OR_INCOMPLETE"
"ITEM","OFF-0512","英文","112","24","歷屆真題","verified","依112年國中教育會考官方選擇題參考答案一覽表核對：英文第24題官方答案B，與目前正解索引及選項相符。答案表：https://drive.google.com/file/d/1OT5r0que_0bXSy0kwLEOEJMssce2OnL0/view","true","1","1","true","false","true","","","","","false","UNSIGNED_OR_INCOMPLETE"
"ITEM","OFF-0513","英文","112","25","歷屆真題","verified","依112年國中教育會考官方選擇題參考答案一覽表核對：英文第25題官方答案B，與目前正解索引及選項相符。答案表：https://drive.google.com/file/d/1OT5r0que_0bXSy0kwLEOEJMssce2OnL0/view","true","1","1","true","false","true","","","","","false","UNSIGNED_OR_INCOMPLETE"
"ITEM","OFF-0514","英文","112","26","歷屆真題","verified","依112年國中教育會考官方選擇題參考答案一覽表核對：英文第26題官方答案A，與目前正解索引及選項相符。答案表：https://drive.google.com/file/d/1OT5r0que_0bXSy0kwLEOEJMssce2OnL0/view","true","1","1","true","false","true","","","","","false","UNSIGNED_OR_INCOMPLETE"
"ITEM","OFF-0515","英文","112","27","歷屆真題","verified","依112年國中教育會考官方選擇題參考答案一覽表核對：英文第27題官方答案A，與目前正解索引及選項相符。答案表：https://drive.google.com/file/d/1OT5r0que_0bXSy0kwLEOEJMssce2OnL0/view","true","1","1","true","false","true","","","","","false","UNSIGNED_OR_INCOMPLETE"
"ITEM","OFF-0516","英文","112","28","歷屆真題","verified","依112年國中教育會考官方選擇題參考答案一覽表核對：英文第28題官方答案C，與目前正解索引及選項相符。答案表：https://drive.google.com/file/d/1OT5r0que_0bXSy0kwLEOEJMssce2OnL0/view","true","1","1","true","false","true","","","","","false","UNSIGNED_OR_INCOMPLETE"
"ITEM","OFF-0517","英文","112","29","歷屆真題","verified","依112年國中教育會考官方選擇題參考答案一覽表核對：英文第29題官方答案D，與目前正解索引及選項相符。答案表：https://drive.google.com/file/d/1OT5r0que_0bXSy0kwLEOEJMssce2OnL0/view","true","1","1","true","false","true","","","","","false","UNSIGNED_OR_INCOMPLETE"
"ITEM","OFF-0518","英文","112","30","歷屆真題","verified","依112年國中教育會考官方選擇題參考答案一覽表核對：英文第30題官方答案B，與目前正解索引及選項相符。答案表：https://drive.google.com/file/d/1OT5r0que_0bXSy0kwLEOEJMssce2OnL0/view","false","0","0","false","true","false","","","","","false","UNSIGNED_OR_INCOMPLETE"
"ITEM","OFF-0519","英文","112","31","歷屆真題","verified","依112年國中教育會考官方選擇題參考答案一覽表核對：英文第31題官方答案A，與目前正解索引及選項相符。答案表：https://drive.google.com/file/d/1OT5r0que_0bXSy0kwLEOEJMssce2OnL0/view","false","0","0","false","true","false","","","","","false","UNSIGNED_OR_INCOMPLETE"
"ITEM","OFF-0520","英文","112","32","歷屆真題","verified","依112年國中教育會考官方選擇題參考答案一覽表核對：英文第32題官方答案A，與目前正解索引及選項相符。答案表：https://drive.google.com/file/d/1OT5r0que_0bXSy0kwLEOEJMssce2OnL0/view","false","0","0","false","true","false","","","","","false","UNSIGNED_OR_INCOMPLETE"
"ITEM","OFF-0521","英文","112","33","歷屆真題","verified","依112年國中教育會考官方選擇題參考答案一覽表核對：英文第33題官方答案D，與目前正解索引及選項相符。答案表：https://drive.google.com/file/d/1OT5r0que_0bXSy0kwLEOEJMssce2OnL0/view","false","0","0","false","true","false","","","","","false","UNSIGNED_OR_INCOMPLETE"
"ITEM","OFF-0522","英文","112","34","歷屆真題","verified","依112年國中教育會考官方選擇題參考答案一覽表核對：英文第34題官方答案C，與目前正解索引及選項相符。答案表：https://drive.google.com/file/d/1OT5r0que_0bXSy0kwLEOEJMssce2OnL0/view","false","0","0","false","true","false","","","","","false","UNSIGNED_OR_INCOMPLETE"
"ITEM","OFF-0523","英文","112","35","歷屆真題","verified","依112年國中教育會考官方選擇題參考答案一覽表核對：英文第35題官方答案B，與目前正解索引及選項相符。答案表：https://drive.google.com/file/d/1OT5r0que_0bXSy0kwLEOEJMssce2OnL0/view","false","0","0","false","true","false","","","","","false","UNSIGNED_OR_INCOMPLETE"
"ITEM","OFF-0524","英文","112","36","歷屆真題","verified","依112年國中教育會考官方選擇題參考答案一覽表核對：英文第36題官方答案D，與目前正解索引及選項相符。答案表：https://drive.google.com/file/d/1OT5r0que_0bXSy0kwLEOEJMssce2OnL0/view","false","0","0","false","true","false","","","","","false","UNSIGNED_OR_INCOMPLETE"
"ITEM","OFF-0525","英文","112","37","歷屆真題","verified","依112年國中教育會考官方選擇題參考答案一覽表核對：英文第37題官方答案D，與目前正解索引及選項相符。答案表：https://drive.google.com/file/d/1OT5r0que_0bXSy0kwLEOEJMssce2OnL0/view","false","0","0","false","true","false","","","","","false","UNSIGNED_OR_INCOMPLETE"
"ITEM","OFF-0526","英文","112","38","歷屆真題","verified","依112年國中教育會考官方選擇題參考答案一覽表核對：英文第38題官方答案B，與目前正解索引及選項相符。答案表：https://drive.google.com/file/d/1OT5r0que_0bXSy0kwLEOEJMssce2OnL0/view","false","0","0","false","true","false","","","","","false","UNSIGNED_OR_INCOMPLETE"
"ITEM","OFF-0527","英文","112","39","歷屆真題","verified","依112年國中教育會考官方選擇題參考答案一覽表核對：英文第39題官方答案B，與目前正解索引及選項相符。答案表：https://drive.google.com/file/d/1OT5r0que_0bXSy0kwLEOEJMssce2OnL0/view","false","0","0","false","true","false","","","","","false","UNSIGNED_OR_INCOMPLETE"
"ITEM","OFF-0528","英文","112","40","歷屆真題","verified","依112年國中教育會考官方選擇題參考答案一覽表核對：英文第40題官方答案C，與目前正解索引及選項相符。答案表：https://drive.google.com/file/d/1OT5r0que_0bXSy0kwLEOEJMssce2OnL0/view","false","0","0","false","true","false","","","","","false","UNSIGNED_OR_INCOMPLETE"
"ITEM","OFF-0529","英文","112","41","歷屆真題","verified","依112年國中教育會考官方選擇題參考答案一覽表核對：英文第41題官方答案B，與目前正解索引及選項相符。答案表：https://drive.google.com/file/d/1OT5r0que_0bXSy0kwLEOEJMssce2OnL0/view","false","0","0","false","true","false","","","","","false","UNSIGNED_OR_INCOMPLETE"
"ITEM","OFF-0530","英文","112","42","歷屆真題","verified","依112年國中教育會考官方選擇題參考答案一覽表核對：英文第42題官方答案A，與目前正解索引及選項相符。答案表：https://drive.google.com/file/d/1OT5r0que_0bXSy0kwLEOEJMssce2OnL0/view","false","0","0","false","true","false","","","","","false","UNSIGNED_OR_INCOMPLETE"
"ITEM","OFF-0531","英文","112","43","歷屆真題","verified","依112年國中教育會考官方選擇題參考答案一覽表核對：英文第43題官方答案A，與目前正解索引及選項相符。答案表：https://drive.google.com/file/d/1OT5r0que_0bXSy0kwLEOEJMssce2OnL0/view","false","0","0","false","true","false","","","","","false","UNSIGNED_OR_INCOMPLETE"
"ITEM","OFF-0703","英文","113","1","歷屆真題","verified","依113年國中教育會考官方選擇題參考答案一覽表核對：英文第1題官方答案A，與目前正解索引及選項相符。答案表：https://drive.google.com/file/d/1cWlogP9FBRX1eD5kjgVDP2_6f8VCLSB4/view","true","1","1","false","false","true","","","","","false","UNSIGNED_OR_INCOMPLETE"
"ITEM","OFF-0704","英文","113","2","歷屆真題","verified","依113年國中教育會考官方選擇題參考答案一覽表核對：英文第2題官方答案C，與目前正解索引及選項相符。答案表：https://drive.google.com/file/d/1cWlogP9FBRX1eD5kjgVDP2_6f8VCLSB4/view","false","0","0","false","false","false","","","","","false","UNSIGNED_OR_INCOMPLETE"
"ITEM","OFF-0705","英文","113","3","歷屆真題","verified","依113年國中教育會考官方選擇題參考答案一覽表核對：英文第3題官方答案B，與目前正解索引及選項相符。答案表：https://drive.google.com/file/d/1cWlogP9FBRX1eD5kjgVDP2_6f8VCLSB4/view","false","0","0","false","false","false","","","","","false","UNSIGNED_OR_INCOMPLETE"
"ITEM","OFF-0706","英文","113","4","歷屆真題","verified","依113年國中教育會考官方選擇題參考答案一覽表核對：英文第4題官方答案B，與目前正解索引及選項相符。答案表：https://drive.google.com/file/d/1cWlogP9FBRX1eD5kjgVDP2_6f8VCLSB4/view","false","0","0","false","false","false","","","","","false","UNSIGNED_OR_INCOMPLETE"
"ITEM","OFF-0707","英文","113","5","歷屆真題","verified","依113年國中教育會考官方選擇題參考答案一覽表核對：英文第5題官方答案D，與目前正解索引及選項相符。答案表：https://drive.google.com/file/d/1cWlogP9FBRX1eD5kjgVDP2_6f8VCLSB4/view","false","0","0","false","false","false","","","","","false","UNSIGNED_OR_INCOMPLETE"
"ITEM","OFF-0708","英文","113","6","歷屆真題","verified","依113年國中教育會考官方選擇題參考答案一覽表核對：英文第6題官方答案D，與目前正解索引及選項相符。答案表：https://drive.google.com/file/d/1cWlogP9FBRX1eD5kjgVDP2_6f8VCLSB4/view","false","0","0","false","false","false","","","","","false","UNSIGNED_OR_INCOMPLETE"
"ITEM","OFF-0709","英文","113","7","歷屆真題","verified","依113年國中教育會考官方選擇題參考答案一覽表核對：英文第7題官方答案B，與目前正解索引及選項相符。答案表：https://drive.google.com/file/d/1cWlogP9FBRX1eD5kjgVDP2_6f8VCLSB4/view","false","0","0","false","false","false","","","","","false","UNSIGNED_OR_INCOMPLETE"
"ITEM","OFF-0710","英文","113","8","歷屆真題","verified","依113年國中教育會考官方選擇題參考答案一覽表核對：英文第8題官方答案D，與目前正解索引及選項相符。答案表：https://drive.google.com/file/d/1cWlogP9FBRX1eD5kjgVDP2_6f8VCLSB4/view","false","0","0","false","false","false","","","","","false","UNSIGNED_OR_INCOMPLETE"
"ITEM","OFF-0711","英文","113","9","歷屆真題","verified","依113年國中教育會考官方選擇題參考答案一覽表核對：英文第9題官方答案C，與目前正解索引及選項相符。答案表：https://drive.google.com/file/d/1cWlogP9FBRX1eD5kjgVDP2_6f8VCLSB4/view","false","0","0","false","false","false","","","","","false","UNSIGNED_OR_INCOMPLETE"
"ITEM","OFF-0712","英文","113","10","歷屆真題","verified","依113年國中教育會考官方選擇題參考答案一覽表核對：英文第10題官方答案D，與目前正解索引及選項相符。答案表：https://drive.google.com/file/d/1cWlogP9FBRX1eD5kjgVDP2_6f8VCLSB4/view","false","0","0","false","false","false","","","","","false","UNSIGNED_OR_INCOMPLETE"
"ITEM","OFF-0713","英文","113","11","歷屆真題","verified","依113年國中教育會考官方選擇題參考答案一覽表核對：英文第11題官方答案C，與目前正解索引及選項相符。答案表：https://drive.google.com/file/d/1cWlogP9FBRX1eD5kjgVDP2_6f8VCLSB4/view","false","0","0","false","false","false","","","","","false","UNSIGNED_OR_INCOMPLETE"
"ITEM","OFF-0714","英文","113","12","歷屆真題","verified","依113年國中教育會考官方選擇題參考答案一覽表核對：英文第12題官方答案A，與目前正解索引及選項相符。答案表：https://drive.google.com/file/d/1cWlogP9FBRX1eD5kjgVDP2_6f8VCLSB4/view","false","0","0","false","false","false","","","","","false","UNSIGNED_OR_INCOMPLETE"
"ITEM","OFF-0715","英文","113","13","歷屆真題","verified","依113年國中教育會考官方選擇題參考答案一覽表核對：英文第13題官方答案A，與目前正解索引及選項相符。答案表：https://drive.google.com/file/d/1cWlogP9FBRX1eD5kjgVDP2_6f8VCLSB4/view","false","0","0","false","false","false","","","","","false","UNSIGNED_OR_INCOMPLETE"
"ITEM","OFF-0716","英文","113","14","歷屆真題","verified","依113年國中教育會考官方選擇題參考答案一覽表核對：英文第14題官方答案A，與目前正解索引及選項相符。答案表：https://drive.google.com/file/d/1cWlogP9FBRX1eD5kjgVDP2_6f8VCLSB4/view","false","0","0","false","false","false","","","","","false","UNSIGNED_OR_INCOMPLETE"
"ITEM","OFF-0717","英文","113","15","歷屆真題","verified","依113年國中教育會考官方選擇題參考答案一覽表核對：英文第15題官方答案C，與目前正解索引及選項相符。答案表：https://drive.google.com/file/d/1cWlogP9FBRX1eD5kjgVDP2_6f8VCLSB4/view","false","0","0","false","false","false","","","","","false","UNSIGNED_OR_INCOMPLETE"
"ITEM","OFF-0718","英文","113","16","歷屆真題","verified","依113年國中教育會考官方選擇題參考答案一覽表核對：英文第16題官方答案D，與目前正解索引及選項相符。答案表：https://drive.google.com/file/d/1cWlogP9FBRX1eD5kjgVDP2_6f8VCLSB4/view","false","0","0","false","false","false","","","","","false","UNSIGNED_OR_INCOMPLETE"
"ITEM","OFF-0719","英文","113","17","歷屆真題","verified","依113年國中教育會考官方選擇題參考答案一覽表核對：英文第17題官方答案C，與目前正解索引及選項相符。答案表：https://drive.google.com/file/d/1cWlogP9FBRX1eD5kjgVDP2_6f8VCLSB4/view","false","0","0","false","false","false","","","","","false","UNSIGNED_OR_INCOMPLETE"
"ITEM","OFF-0720","英文","113","18","歷屆真題","verified","依113年國中教育會考官方選擇題參考答案一覽表核對：英文第18題官方答案D，與目前正解索引及選項相符。答案表：https://drive.google.com/file/d/1cWlogP9FBRX1eD5kjgVDP2_6f8VCLSB4/view","false","0","0","false","false","false","","","","","false","UNSIGNED_OR_INCOMPLETE"
"ITEM","OFF-0721","英文","113","19","歷屆真題","verified","依113年國中教育會考官方選擇題參考答案一覽表核對：英文第19題官方答案A，與目前正解索引及選項相符。答案表：https://drive.google.com/file/d/1cWlogP9FBRX1eD5kjgVDP2_6f8VCLSB4/view","false","0","0","false","false","false","","","","","false","UNSIGNED_OR_INCOMPLETE"
"ITEM","OFF-0722","英文","113","20","歷屆真題","verified","依113年國中教育會考官方選擇題參考答案一覽表核對：英文第20題官方答案C，與目前正解索引及選項相符。答案表：https://drive.google.com/file/d/1cWlogP9FBRX1eD5kjgVDP2_6f8VCLSB4/view","false","0","0","false","false","false","","","","","false","UNSIGNED_OR_INCOMPLETE"
"ITEM","OFF-0723","英文","113","21","歷屆真題","verified","依113年國中教育會考官方選擇題參考答案一覽表核對：英文第21題官方答案B，與目前正解索引及選項相符。答案表：https://drive.google.com/file/d/1cWlogP9FBRX1eD5kjgVDP2_6f8VCLSB4/view","false","0","0","false","false","false","","","","","false","UNSIGNED_OR_INCOMPLETE"
"ITEM","OFF-0724","英文","113","22","歷屆真題","verified","依113年國中教育會考官方選擇題參考答案一覽表核對：英文第22題官方答案D，與目前正解索引及選項相符。答案表：https://drive.google.com/file/d/1cWlogP9FBRX1eD5kjgVDP2_6f8VCLSB4/view","false","0","0","false","true","false","","","","","false","UNSIGNED_OR_INCOMPLETE"
"ITEM","OFF-0725","英文","113","23","歷屆真題","verified","依113年國中教育會考官方選擇題參考答案一覽表核對：英文第23題官方答案C，與目前正解索引及選項相符。答案表：https://drive.google.com/file/d/1cWlogP9FBRX1eD5kjgVDP2_6f8VCLSB4/view","false","0","0","false","true","false","","","","","false","UNSIGNED_OR_INCOMPLETE"
"ITEM","OFF-0726","英文","113","24","歷屆真題","verified","依113年國中教育會考官方選擇題參考答案一覽表核對：英文第24題官方答案C，與目前正解索引及選項相符。答案表：https://drive.google.com/file/d/1cWlogP9FBRX1eD5kjgVDP2_6f8VCLSB4/view","false","0","0","false","true","false","","","","","false","UNSIGNED_OR_INCOMPLETE"
"ITEM","OFF-0727","英文","113","25","歷屆真題","verified","依113年國中教育會考官方選擇題參考答案一覽表核對：英文第25題官方答案B，與目前正解索引及選項相符。答案表：https://drive.google.com/file/d/1cWlogP9FBRX1eD5kjgVDP2_6f8VCLSB4/view","false","0","0","false","true","false","","","","","false","UNSIGNED_OR_INCOMPLETE"
"ITEM","OFF-0728","英文","113","26","歷屆真題","verified","依113年國中教育會考官方選擇題參考答案一覽表核對：英文第26題官方答案A，與目前正解索引及選項相符。答案表：https://drive.google.com/file/d/1cWlogP9FBRX1eD5kjgVDP2_6f8VCLSB4/view","false","0","0","false","true","false","","","","","false","UNSIGNED_OR_INCOMPLETE"
"ITEM","OFF-0729","英文","113","27","歷屆真題","verified","依113年國中教育會考官方選擇題參考答案一覽表核對：英文第27題官方答案D，與目前正解索引及選項相符。答案表：https://drive.google.com/file/d/1cWlogP9FBRX1eD5kjgVDP2_6f8VCLSB4/view","true","1","1","false","true","true","","","","","false","UNSIGNED_OR_INCOMPLETE"
"ITEM","OFF-0730","英文","113","28","歷屆真題","verified","依113年國中教育會考官方選擇題參考答案一覽表核對：英文第28題官方答案B，與目前正解索引及選項相符。答案表：https://drive.google.com/file/d/1cWlogP9FBRX1eD5kjgVDP2_6f8VCLSB4/view","false","0","0","false","true","false","","","","","false","UNSIGNED_OR_INCOMPLETE"
"ITEM","OFF-0731","英文","113","29","歷屆真題","verified","依113年國中教育會考官方選擇題參考答案一覽表核對：英文第29題官方答案B，與目前正解索引及選項相符。答案表：https://drive.google.com/file/d/1cWlogP9FBRX1eD5kjgVDP2_6f8VCLSB4/view","false","0","0","false","true","false","","","","","false","UNSIGNED_OR_INCOMPLETE"
"ITEM","OFF-0732","英文","113","30","歷屆真題","verified","依113年國中教育會考官方選擇題參考答案一覽表核對：英文第30題官方答案A，與目前正解索引及選項相符。答案表：https://drive.google.com/file/d/1cWlogP9FBRX1eD5kjgVDP2_6f8VCLSB4/view","false","0","0","false","true","false","","","","","false","UNSIGNED_OR_INCOMPLETE"
"ITEM","OFF-0733","英文","113","31","歷屆真題","verified","依113年國中教育會考官方選擇題參考答案一覽表核對：英文第31題官方答案D，與目前正解索引及選項相符。答案表：https://drive.google.com/file/d/1cWlogP9FBRX1eD5kjgVDP2_6f8VCLSB4/view","false","0","0","false","true","false","","","","","false","UNSIGNED_OR_INCOMPLETE"
"ITEM","OFF-0734","英文","113","32","歷屆真題","verified","依113年國中教育會考官方選擇題參考答案一覽表核對：英文第32題官方答案A，與目前正解索引及選項相符。答案表：https://drive.google.com/file/d/1cWlogP9FBRX1eD5kjgVDP2_6f8VCLSB4/view","false","0","0","false","true","false","","","","","false","UNSIGNED_OR_INCOMPLETE"
"ITEM","OFF-0735","英文","113","33","歷屆真題","verified","依113年國中教育會考官方選擇題參考答案一覽表核對：英文第33題官方答案A，與目前正解索引及選項相符。答案表：https://drive.google.com/file/d/1cWlogP9FBRX1eD5kjgVDP2_6f8VCLSB4/view","false","0","0","false","true","false","","","","","false","UNSIGNED_OR_INCOMPLETE"
"ITEM","OFF-0736","英文","113","34","歷屆真題","verified","依113年國中教育會考官方選擇題參考答案一覽表核對：英文第34題官方答案B，與目前正解索引及選項相符。答案表：https://drive.google.com/file/d/1cWlogP9FBRX1eD5kjgVDP2_6f8VCLSB4/view","false","0","0","false","true","false","","","","","false","UNSIGNED_OR_INCOMPLETE"
"ITEM","OFF-0737","英文","113","35","歷屆真題","verified","依113年國中教育會考官方選擇題參考答案一覽表核對：英文第35題官方答案A，與目前正解索引及選項相符。答案表：https://drive.google.com/file/d/1cWlogP9FBRX1eD5kjgVDP2_6f8VCLSB4/view","false","0","0","false","true","false","","","","","false","UNSIGNED_OR_INCOMPLETE"
"ITEM","OFF-0738","英文","113","36","歷屆真題","verified","依113年國中教育會考官方選擇題參考答案一覽表核對：英文第36題官方答案B，與目前正解索引及選項相符。答案表：https://drive.google.com/file/d/1cWlogP9FBRX1eD5kjgVDP2_6f8VCLSB4/view","false","0","0","false","true","false","","","","","false","UNSIGNED_OR_INCOMPLETE"
"ITEM","OFF-0739","英文","113","37","歷屆真題","verified","依113年國中教育會考官方選擇題參考答案一覽表核對：英文第37題官方答案B，與目前正解索引及選項相符。答案表：https://drive.google.com/file/d/1cWlogP9FBRX1eD5kjgVDP2_6f8VCLSB4/view","false","0","0","false","true","false","","","","","false","UNSIGNED_OR_INCOMPLETE"
"ITEM","OFF-0740","英文","113","38","歷屆真題","verified","依113年國中教育會考官方選擇題參考答案一覽表核對：英文第38題官方答案C，與目前正解索引及選項相符。答案表：https://drive.google.com/file/d/1cWlogP9FBRX1eD5kjgVDP2_6f8VCLSB4/view","false","0","0","false","true","false","","","","","false","UNSIGNED_OR_INCOMPLETE"
"ITEM","OFF-0741","英文","113","39","歷屆真題","verified","依113年國中教育會考官方選擇題參考答案一覽表核對：英文第39題官方答案C，與目前正解索引及選項相符。答案表：https://drive.google.com/file/d/1cWlogP9FBRX1eD5kjgVDP2_6f8VCLSB4/view","false","0","0","false","true","false","","","","","false","UNSIGNED_OR_INCOMPLETE"
"ITEM","OFF-0742","英文","113","40","歷屆真題","verified","依113年國中教育會考官方選擇題參考答案一覽表核對：英文第40題官方答案A，與目前正解索引及選項相符。答案表：https://drive.google.com/file/d/1cWlogP9FBRX1eD5kjgVDP2_6f8VCLSB4/view","false","0","0","false","true","false","","","","","false","UNSIGNED_OR_INCOMPLETE"
"ITEM","OFF-0743","英文","113","41","歷屆真題","verified","依113年國中教育會考官方選擇題參考答案一覽表核對：英文第41題官方答案B，與目前正解索引及選項相符。答案表：https://drive.google.com/file/d/1cWlogP9FBRX1eD5kjgVDP2_6f8VCLSB4/view","true","1","1","false","false","true","","","","","false","UNSIGNED_OR_INCOMPLETE"
"ITEM","OFF-0744","英文","113","42","歷屆真題","verified","依113年國中教育會考官方選擇題參考答案一覽表核對：英文第42題官方答案B，與目前正解索引及選項相符。答案表：https://drive.google.com/file/d/1cWlogP9FBRX1eD5kjgVDP2_6f8VCLSB4/view","false","0","0","false","true","false","","","","","false","UNSIGNED_OR_INCOMPLETE"
"ITEM","OFF-0745","英文","113","43","歷屆真題","verified","依113年國中教育會考官方選擇題參考答案一覽表核對：英文第43題官方答案D，與目前正解索引及選項相符。答案表：https://drive.google.com/file/d/1cWlogP9FBRX1eD5kjgVDP2_6f8VCLSB4/view","false","0","0","false","true","false","","","","","false","UNSIGNED_OR_INCOMPLETE"
"ITEM","OFF-0917","英文","114","1","歷屆真題","verified","依114年國中教育會考官方選擇題參考答案一覽表核對：英文第1題官方答案D，與目前正解索引及選項相符。答案表：https://drive.google.com/file/d/175hz0lHG4GTDNxYet9lrRDu0lmC_G08o/view","true","1","1","false","false","true","","","","","false","UNSIGNED_OR_INCOMPLETE"
"ITEM","OFF-0918","英文","114","2","歷屆真題","verified","依114年國中教育會考官方選擇題參考答案一覽表核對：英文第2題官方答案D，與目前正解索引及選項相符。答案表：https://drive.google.com/file/d/175hz0lHG4GTDNxYet9lrRDu0lmC_G08o/view","false","0","0","false","false","false","","","","","false","UNSIGNED_OR_INCOMPLETE"
"ITEM","OFF-0919","英文","114","3","歷屆真題","verified","依114年國中教育會考官方選擇題參考答案一覽表核對：英文第3題官方答案C，與目前正解索引及選項相符。答案表：https://drive.google.com/file/d/175hz0lHG4GTDNxYet9lrRDu0lmC_G08o/view","false","0","0","false","false","false","","","","","false","UNSIGNED_OR_INCOMPLETE"
"ITEM","OFF-0920","英文","114","4","歷屆真題","verified","依114年國中教育會考官方選擇題參考答案一覽表核對：英文第4題官方答案B，與目前正解索引及選項相符。答案表：https://drive.google.com/file/d/175hz0lHG4GTDNxYet9lrRDu0lmC_G08o/view","false","0","0","false","false","false","","","","","false","UNSIGNED_OR_INCOMPLETE"
"ITEM","OFF-0921","英文","114","5","歷屆真題","verified","依114年國中教育會考官方選擇題參考答案一覽表核對：英文第5題官方答案D，與目前正解索引及選項相符。答案表：https://drive.google.com/file/d/175hz0lHG4GTDNxYet9lrRDu0lmC_G08o/view","false","0","0","false","false","false","","","","","false","UNSIGNED_OR_INCOMPLETE"
"ITEM","OFF-0922","英文","114","6","歷屆真題","verified","依114年國中教育會考官方選擇題參考答案一覽表核對：英文第6題官方答案A，與目前正解索引及選項相符。答案表：https://drive.google.com/file/d/175hz0lHG4GTDNxYet9lrRDu0lmC_G08o/view","false","0","0","false","false","false","","","","","false","UNSIGNED_OR_INCOMPLETE"
"ITEM","OFF-0923","英文","114","7","歷屆真題","verified","依114年國中教育會考官方選擇題參考答案一覽表核對：英文第7題官方答案A，與目前正解索引及選項相符。答案表：https://drive.google.com/file/d/175hz0lHG4GTDNxYet9lrRDu0lmC_G08o/view","false","0","0","false","false","false","","","","","false","UNSIGNED_OR_INCOMPLETE"
"ITEM","OFF-0924","英文","114","8","歷屆真題","verified","依114年國中教育會考官方選擇題參考答案一覽表核對：英文第8題官方答案B，與目前正解索引及選項相符。答案表：https://drive.google.com/file/d/175hz0lHG4GTDNxYet9lrRDu0lmC_G08o/view","false","0","0","false","false","false","","","","","false","UNSIGNED_OR_INCOMPLETE"
"ITEM","OFF-0925","英文","114","9","歷屆真題","verified","依114年國中教育會考官方選擇題參考答案一覽表核對：英文第9題官方答案D，與目前正解索引及選項相符。答案表：https://drive.google.com/file/d/175hz0lHG4GTDNxYet9lrRDu0lmC_G08o/view","false","0","0","false","false","false","","","","","false","UNSIGNED_OR_INCOMPLETE"
"ITEM","OFF-0926","英文","114","10","歷屆真題","verified","依114年國中教育會考官方選擇題參考答案一覽表核對：英文第10題官方答案C，與目前正解索引及選項相符。答案表：https://drive.google.com/file/d/175hz0lHG4GTDNxYet9lrRDu0lmC_G08o/view","false","0","0","false","false","false","","","","","false","UNSIGNED_OR_INCOMPLETE"
"ITEM","OFF-0927","英文","114","11","歷屆真題","verified","依114年國中教育會考官方選擇題參考答案一覽表核對：英文第11題官方答案A，與目前正解索引及選項相符。答案表：https://drive.google.com/file/d/175hz0lHG4GTDNxYet9lrRDu0lmC_G08o/view","false","0","0","false","false","false","","","","","false","UNSIGNED_OR_INCOMPLETE"
"ITEM","OFF-0928","英文","114","12","歷屆真題","verified","依114年國中教育會考官方選擇題參考答案一覽表核對：英文第12題官方答案D，與目前正解索引及選項相符。答案表：https://drive.google.com/file/d/175hz0lHG4GTDNxYet9lrRDu0lmC_G08o/view","false","0","0","false","false","false","","","","","false","UNSIGNED_OR_INCOMPLETE"
"ITEM","OFF-0929","英文","114","13","歷屆真題","verified","依114年國中教育會考官方選擇題參考答案一覽表核對：英文第13題官方答案D，與目前正解索引及選項相符。答案表：https://drive.google.com/file/d/175hz0lHG4GTDNxYet9lrRDu0lmC_G08o/view","false","0","0","false","false","false","","","","","false","UNSIGNED_OR_INCOMPLETE"
"ITEM","OFF-0930","英文","114","14","歷屆真題","verified","依114年國中教育會考官方選擇題參考答案一覽表核對：英文第14題官方答案A，與目前正解索引及選項相符。答案表：https://drive.google.com/file/d/175hz0lHG4GTDNxYet9lrRDu0lmC_G08o/view","false","0","0","false","false","false","","","","","false","UNSIGNED_OR_INCOMPLETE"
"ITEM","OFF-0931","英文","114","15","歷屆真題","verified","依114年國中教育會考官方選擇題參考答案一覽表核對：英文第15題官方答案A，與目前正解索引及選項相符。答案表：https://drive.google.com/file/d/175hz0lHG4GTDNxYet9lrRDu0lmC_G08o/view","false","0","0","false","false","false","","","","","false","UNSIGNED_OR_INCOMPLETE"
"ITEM","OFF-0932","英文","114","16","歷屆真題","verified","依114年國中教育會考官方選擇題參考答案一覽表核對：英文第16題官方答案D，與目前正解索引及選項相符。答案表：https://drive.google.com/file/d/175hz0lHG4GTDNxYet9lrRDu0lmC_G08o/view","false","0","0","false","false","false","","","","","false","UNSIGNED_OR_INCOMPLETE"
"ITEM","OFF-0933","英文","114","17","歷屆真題","verified","依114年國中教育會考官方選擇題參考答案一覽表核對：英文第17題官方答案B，與目前正解索引及選項相符。答案表：https://drive.google.com/file/d/175hz0lHG4GTDNxYet9lrRDu0lmC_G08o/view","false","0","0","false","false","false","","","","","false","UNSIGNED_OR_INCOMPLETE"
"ITEM","OFF-0934","英文","114","18","歷屆真題","verified","依114年國中教育會考官方選擇題參考答案一覽表核對：英文第18題官方答案A，與目前正解索引及選項相符。答案表：https://drive.google.com/file/d/175hz0lHG4GTDNxYet9lrRDu0lmC_G08o/view","false","0","0","false","false","false","","","","","false","UNSIGNED_OR_INCOMPLETE"
"ITEM","OFF-0935","英文","114","19","歷屆真題","verified","依114年國中教育會考官方選擇題參考答案一覽表核對：英文第19題官方答案B，與目前正解索引及選項相符。答案表：https://drive.google.com/file/d/175hz0lHG4GTDNxYet9lrRDu0lmC_G08o/view","false","0","0","false","false","false","","","","","false","UNSIGNED_OR_INCOMPLETE"
"ITEM","OFF-0936","英文","114","20","歷屆真題","verified","依114年國中教育會考官方選擇題參考答案一覽表核對：英文第20題官方答案B，與目前正解索引及選項相符。答案表：https://drive.google.com/file/d/175hz0lHG4GTDNxYet9lrRDu0lmC_G08o/view","false","0","0","false","true","false","","","","","false","UNSIGNED_OR_INCOMPLETE"
"ITEM","OFF-0937","英文","114","21","歷屆真題","verified","依114年國中教育會考官方選擇題參考答案一覽表核對：英文第21題官方答案B，與目前正解索引及選項相符。答案表：https://drive.google.com/file/d/175hz0lHG4GTDNxYet9lrRDu0lmC_G08o/view","false","0","0","false","true","false","","","","","false","UNSIGNED_OR_INCOMPLETE"
"ITEM","OFF-0938","英文","114","22","歷屆真題","verified","依114年國中教育會考官方選擇題參考答案一覽表核對：英文第22題官方答案A，與目前正解索引及選項相符。答案表：https://drive.google.com/file/d/175hz0lHG4GTDNxYet9lrRDu0lmC_G08o/view","false","0","0","false","false","false","","","","","false","UNSIGNED_OR_INCOMPLETE"
"ITEM","OFF-0939","英文","114","23","歷屆真題","verified","依114年國中教育會考官方選擇題參考答案一覽表核對：英文第23題官方答案C，與目前正解索引及選項相符。答案表：https://drive.google.com/file/d/175hz0lHG4GTDNxYet9lrRDu0lmC_G08o/view","false","0","0","false","false","false","","","","","false","UNSIGNED_OR_INCOMPLETE"
"ITEM","OFF-0940","英文","114","24","歷屆真題","verified","依114年國中教育會考官方選擇題參考答案一覽表核對：英文第24題官方答案D，與目前正解索引及選項相符。答案表：https://drive.google.com/file/d/175hz0lHG4GTDNxYet9lrRDu0lmC_G08o/view","false","0","0","false","false","false","","","","","false","UNSIGNED_OR_INCOMPLETE"
"ITEM","OFF-0941","英文","114","25","歷屆真題","已依114年官方英文科題本第25題核對","答案 C。地圖顯示車站與歷史博物館都在 Zone 1，White Lake 在 Zone 2。週五可買 Zone 1 平日一日卡 $20；週六買 Zones 1–2 週末卡 $50，總計 $70。","false","0","0","false","false","false","","","","","false","UNSIGNED_OR_INCOMPLETE"
"ITEM","OFF-0942","英文","114","26","歷屆真題","verified","依114年國中教育會考官方選擇題參考答案一覽表核對：英文第26題官方答案C，與目前正解索引及選項相符。答案表：https://drive.google.com/file/d/175hz0lHG4GTDNxYet9lrRDu0lmC_G08o/view","false","0","0","false","true","false","","","","","false","UNSIGNED_OR_INCOMPLETE"
"ITEM","OFF-0943","英文","114","27","歷屆真題","verified","依114年國中教育會考官方選擇題參考答案一覽表核對：英文第27題官方答案A，與目前正解索引及選項相符。答案表：https://drive.google.com/file/d/175hz0lHG4GTDNxYet9lrRDu0lmC_G08o/view","false","0","0","false","true","false","","","","","false","UNSIGNED_OR_INCOMPLETE"
"ITEM","OFF-0944","英文","114","28","歷屆真題","verified","依114年國中教育會考官方選擇題參考答案一覽表核對：英文第28題官方答案D，與目前正解索引及選項相符。答案表：https://drive.google.com/file/d/175hz0lHG4GTDNxYet9lrRDu0lmC_G08o/view","false","0","0","false","true","false","","","","","false","UNSIGNED_OR_INCOMPLETE"
"ITEM","OFF-0945","英文","114","29","歷屆真題","verified","依114年國中教育會考官方選擇題參考答案一覽表核對：英文第29題官方答案C，與目前正解索引及選項相符。答案表：https://drive.google.com/file/d/175hz0lHG4GTDNxYet9lrRDu0lmC_G08o/view","true","2","2","false","false","true","","","","","false","UNSIGNED_OR_INCOMPLETE"
"ITEM","OFF-0946","英文","114","30","歷屆真題","verified","依114年國中教育會考官方選擇題參考答案一覽表核對：英文第30題官方答案D，與目前正解索引及選項相符。答案表：https://drive.google.com/file/d/175hz0lHG4GTDNxYet9lrRDu0lmC_G08o/view","true","2","2","false","false","true","","","","","false","UNSIGNED_OR_INCOMPLETE"
"ITEM","OFF-0947","英文","114","31","歷屆真題","已依114年官方英文科題本第31題核對","答案是 B，cut down the last trees（砍掉最後的樹）。Picture 7 前句說有人砍掉最後的樹，did it 回指這個動作。","true","2","2","true","true","true","","","","","false","UNSIGNED_OR_INCOMPLETE"
"ITEM","OFF-0948","英文","114","32","歷屆真題","已依114年官方英文科題本第32題核對","答案 D。文章明說 Ariely 想知道是否有人也有和他相同的 IKEA 感受；origami study 是用來檢驗這種感受。","false","0","0","false","true","false","","","","","false","UNSIGNED_OR_INCOMPLETE"
"ITEM","OFF-0949","英文","114","33","歷屆真題","已依114年官方英文科題本第33題核對","答案 A。買家只願意付 5 美分，摺紙製作者認為作品值 25 美分，所以買家對製作者作品的估價較低。","false","0","0","false","true","false","","","","","false","UNSIGNED_OR_INCOMPLETE"
"ITEM","OFF-0950","英文","114","34","歷屆真題","已依114年官方英文科題本第34題核對","答案 B。IKEA effect 指人們往往更珍惜自己參與製作的東西；讓 Mia 一起料理蔬菜，最能讓她參與並提高對成果的認同。","false","0","0","false","false","false","","","","","false","UNSIGNED_OR_INCOMPLETE"
"ITEM","OFF-0951","英文","114","35","歷屆真題","已依114年官方英文科題本第35題核對","答案 C。文章從 1972 年電工爭取加薪、政府應對，到停電期間大眾承受的影響，說明這幅電工圖片背後的歷史。","false","0","0","false","true","false","","","","","false","UNSIGNED_OR_INCOMPLETE"
"ITEM","OFF-0952","英文","114","36","歷屆真題","已依114年官方英文科題本第36題核對","答案 C。電工第二次要求加薪、縮短工時並持續施壓，政府與民眾因此受影響；這使人們覺得他們要求太多、不知何時停止。","false","0","0","false","true","false","","","","","false","UNSIGNED_OR_INCOMPLETE"
"ITEM","OFF-0953","英文","114","37","歷屆真題","verified","依114年國中教育會考官方選擇題參考答案一覽表核對：英文第37題官方答案C，與目前正解索引及選項相符。答案表：https://drive.google.com/file/d/175hz0lHG4GTDNxYet9lrRDu0lmC_G08o/view","false","0","0","false","true","false","","","","","false","UNSIGNED_OR_INCOMPLETE"
"ITEM","OFF-0954","英文","114","38","歷屆真題","verified","依114年國中教育會考官方選擇題參考答案一覽表核對：英文第38題官方答案B，與目前正解索引及選項相符。答案表：https://drive.google.com/file/d/175hz0lHG4GTDNxYet9lrRDu0lmC_G08o/view","false","0","0","true","true","false","","","","","false","UNSIGNED_OR_INCOMPLETE"
"ITEM","OFF-0955","英文","114","39","歷屆真題","verified","依114年國中教育會考官方選擇題參考答案一覽表核對：英文第39題官方答案C，與目前正解索引及選項相符。答案表：https://drive.google.com/file/d/175hz0lHG4GTDNxYet9lrRDu0lmC_G08o/view","false","0","0","true","true","false","","","","","false","UNSIGNED_OR_INCOMPLETE"
"ITEM","OFF-0956","英文","114","40","歷屆真題","verified","依114年國中教育會考官方選擇題參考答案一覽表核對：英文第40題官方答案C，與目前正解索引及選項相符。答案表：https://drive.google.com/file/d/175hz0lHG4GTDNxYet9lrRDu0lmC_G08o/view","false","0","0","true","true","false","","","","","false","UNSIGNED_OR_INCOMPLETE"
"ITEM","OFF-0957","英文","114","41","歷屆真題","verified","依114年國中教育會考官方選擇題參考答案一覽表核對：英文第41題官方答案A，與目前正解索引及選項相符。答案表：https://drive.google.com/file/d/175hz0lHG4GTDNxYet9lrRDu0lmC_G08o/view","false","0","0","true","true","false","","","","","false","UNSIGNED_OR_INCOMPLETE"
"ITEM","OFF-0958","英文","114","42","歷屆真題","verified","依114年國中教育會考官方選擇題參考答案一覽表核對：英文第42題官方答案B，與目前正解索引及選項相符。答案表：https://drive.google.com/file/d/175hz0lHG4GTDNxYet9lrRDu0lmC_G08o/view","false","0","0","true","true","false","","","","","false","UNSIGNED_OR_INCOMPLETE"
"ITEM","OFF-0959","英文","114","43","歷屆真題","verified","依114年國中教育會考官方選擇題參考答案一覽表核對：英文第43題官方答案A，與目前正解索引及選項相符。答案表：https://drive.google.com/file/d/175hz0lHG4GTDNxYet9lrRDu0lmC_G08o/view","false","0","0","true","true","false","","","","","false","UNSIGNED_OR_INCOMPLETE"
"ITEM","OFF-0090","數學","110","1","非選擇題","not_applicable","官方選擇題參考答案一覽表不涵蓋此數學非選擇題；此欄不代表非選題內容已完成教師審核。題本：https://drive.google.com/file/d/1sKc4iLzr8WlbbxMA83Y0NNryYv9rqHiG/view","false","0","0","false","false","false","","","","","false","UNSIGNED_OR_INCOMPLETE"
"ITEM","OFF-MATH-110-Q01-MC","數學","110","1","歷屆真題","verified","依110年官方數學選擇題答案表核對：第1題答案A，與正解索引相符。答案表：https://drive.google.com/file/d/1z7jBxC9t24e2Y3WK71XxWe0JOjJRLcNW/view","true","1","1","false","false","true","","","","","false","UNSIGNED_OR_INCOMPLETE"
"ITEM","OFF-0091","數學","110","2","非選擇題","not_applicable","官方選擇題參考答案一覽表不涵蓋此數學非選擇題；此欄不代表非選題內容已完成教師審核。題本：https://drive.google.com/file/d/1sKc4iLzr8WlbbxMA83Y0NNryYv9rqHiG/view","false","0","0","false","false","false","","","","","false","UNSIGNED_OR_INCOMPLETE"
"ITEM","OFF-MATH-110-Q02-MC","數學","110","2","歷屆真題","verified","依110年官方數學選擇題答案表核對：第2題答案B，與正解索引相符。答案表：https://drive.google.com/file/d/1z7jBxC9t24e2Y3WK71XxWe0JOjJRLcNW/view","false","0","0","false","false","false","","","","","false","UNSIGNED_OR_INCOMPLETE"
"ITEM","OFF-0092","數學","110","3","歷屆真題","verified","依110年國中教育會考官方選擇題參考答案一覽表核對：數學第3題官方答案D，與目前正解索引及選項相符。答案表：https://drive.google.com/file/d/1z7jBxC9t24e2Y3WK71XxWe0JOjJRLcNW/view","false","0","0","false","false","false","","","","","false","UNSIGNED_OR_INCOMPLETE"
"ITEM","OFF-0093","數學","110","4","歷屆真題","verified","依110年國中教育會考官方選擇題參考答案一覽表核對：數學第4題官方答案C，與目前正解索引及選項相符。答案表：https://drive.google.com/file/d/1z7jBxC9t24e2Y3WK71XxWe0JOjJRLcNW/view","true","1","1","false","false","true","","","","","false","UNSIGNED_OR_INCOMPLETE"
"ITEM","OFF-0094","數學","110","5","歷屆真題","verified","依110年國中教育會考官方選擇題參考答案一覽表核對：數學第5題官方答案D，與目前正解索引及選項相符。答案表：https://drive.google.com/file/d/1z7jBxC9t24e2Y3WK71XxWe0JOjJRLcNW/view","false","0","0","false","false","false","","","","","false","UNSIGNED_OR_INCOMPLETE"
"ITEM","OFF-0095","數學","110","6","歷屆真題","verified","依110年國中教育會考官方選擇題參考答案一覽表核對：數學第6題官方答案C，與目前正解索引及選項相符。答案表：https://drive.google.com/file/d/1z7jBxC9t24e2Y3WK71XxWe0JOjJRLcNW/view","false","0","0","false","false","false","","","","","false","UNSIGNED_OR_INCOMPLETE"
"ITEM","OFF-0096","數學","110","7","歷屆真題","verified","依110年國中教育會考官方選擇題參考答案一覽表核對：數學第7題官方答案B，與目前正解索引及選項相符。答案表：https://drive.google.com/file/d/1z7jBxC9t24e2Y3WK71XxWe0JOjJRLcNW/view","true","1","1","false","false","true","","","","","false","UNSIGNED_OR_INCOMPLETE"
"ITEM","OFF-0097","數學","110","8","歷屆真題","verified","依110年國中教育會考官方選擇題參考答案一覽表核對：數學第8題官方答案C，與目前正解索引及選項相符。答案表：https://drive.google.com/file/d/1z7jBxC9t24e2Y3WK71XxWe0JOjJRLcNW/view","false","0","0","false","false","false","","","","","false","UNSIGNED_OR_INCOMPLETE"
"ITEM","OFF-0098","數學","110","9","歷屆真題","verified","依110年國中教育會考官方選擇題參考答案一覽表核對：數學第9題官方答案C，與目前正解索引及選項相符。答案表：https://drive.google.com/file/d/1z7jBxC9t24e2Y3WK71XxWe0JOjJRLcNW/view","true","1","1","false","false","true","","","","","false","UNSIGNED_OR_INCOMPLETE"
"ITEM","OFF-0099","數學","110","10","歷屆真題","verified","依110年國中教育會考官方選擇題參考答案一覽表核對：數學第10題官方答案D，與目前正解索引及選項相符。答案表：https://drive.google.com/file/d/1z7jBxC9t24e2Y3WK71XxWe0JOjJRLcNW/view","false","0","0","false","false","false","","","","","false","UNSIGNED_OR_INCOMPLETE"
"ITEM","OFF-0100","數學","110","11","歷屆真題","verified","依110年國中教育會考官方選擇題參考答案一覽表核對：數學第11題官方答案D，與目前正解索引及選項相符。答案表：https://drive.google.com/file/d/1z7jBxC9t24e2Y3WK71XxWe0JOjJRLcNW/view","false","0","0","false","false","false","","","","","false","UNSIGNED_OR_INCOMPLETE"
"ITEM","OFF-0101","數學","110","12","歷屆真題","verified","依110年國中教育會考官方選擇題參考答案一覽表核對：數學第12題官方答案B，與目前正解索引及選項相符。答案表：https://drive.google.com/file/d/1z7jBxC9t24e2Y3WK71XxWe0JOjJRLcNW/view","false","0","0","false","false","false","","","","","false","UNSIGNED_OR_INCOMPLETE"
"ITEM","OFF-0102","數學","110","13","歷屆真題","verified","依110年國中教育會考官方選擇題參考答案一覽表核對：數學第13題官方答案B，與目前正解索引及選項相符。答案表：https://drive.google.com/file/d/1z7jBxC9t24e2Y3WK71XxWe0JOjJRLcNW/view","false","0","0","false","false","false","","","","","false","UNSIGNED_OR_INCOMPLETE"
"ITEM","OFF-0103","數學","110","14","歷屆真題","verified","依110年國中教育會考官方選擇題參考答案一覽表核對：數學第14題官方答案C，與目前正解索引及選項相符。答案表：https://drive.google.com/file/d/1z7jBxC9t24e2Y3WK71XxWe0JOjJRLcNW/view","false","0","0","false","false","false","","","","","false","UNSIGNED_OR_INCOMPLETE"
"ITEM","OFF-0104","數學","110","15","歷屆真題","verified","依110年國中教育會考官方選擇題參考答案一覽表核對：數學第15題官方答案B，與目前正解索引及選項相符。答案表：https://drive.google.com/file/d/1z7jBxC9t24e2Y3WK71XxWe0JOjJRLcNW/view","true","1","1","false","false","true","","","","","false","UNSIGNED_OR_INCOMPLETE"
"ITEM","OFF-0105","數學","110","16","歷屆真題","verified","依110年國中教育會考官方選擇題參考答案一覽表核對：數學第16題官方答案B，與目前正解索引及選項相符。答案表：https://drive.google.com/file/d/1z7jBxC9t24e2Y3WK71XxWe0JOjJRLcNW/view","false","0","0","false","false","false","","","","","false","UNSIGNED_OR_INCOMPLETE"
"ITEM","OFF-0106","數學","110","17","歷屆真題","verified","依110年國中教育會考官方選擇題參考答案一覽表核對：數學第17題官方答案D，與目前正解索引及選項相符。答案表：https://drive.google.com/file/d/1z7jBxC9t24e2Y3WK71XxWe0JOjJRLcNW/view","true","1","1","false","false","true","","","","","false","UNSIGNED_OR_INCOMPLETE"
"ITEM","OFF-0107","數學","110","18","歷屆真題","verified","依110年國中教育會考官方選擇題參考答案一覽表核對：數學第18題官方答案A，與目前正解索引及選項相符。答案表：https://drive.google.com/file/d/1z7jBxC9t24e2Y3WK71XxWe0JOjJRLcNW/view","false","0","0","false","false","false","","","","","false","UNSIGNED_OR_INCOMPLETE"
"ITEM","OFF-0108","數學","110","19","歷屆真題","verified","依110年國中教育會考官方選擇題參考答案一覽表核對：數學第19題官方答案D，與目前正解索引及選項相符。答案表：https://drive.google.com/file/d/1z7jBxC9t24e2Y3WK71XxWe0JOjJRLcNW/view","true","1","1","false","false","true","","","","","false","UNSIGNED_OR_INCOMPLETE"
"ITEM","OFF-0109","數學","110","20","歷屆真題","verified","依110年國中教育會考官方選擇題參考答案一覽表核對：數學第20題官方答案B，與目前正解索引及選項相符。答案表：https://drive.google.com/file/d/1z7jBxC9t24e2Y3WK71XxWe0JOjJRLcNW/view","false","0","0","false","false","false","","","","","false","UNSIGNED_OR_INCOMPLETE"
"ITEM","OFF-0110","數學","110","21","歷屆真題","verified","依110年國中教育會考官方選擇題參考答案一覽表核對：數學第21題官方答案A，與目前正解索引及選項相符。答案表：https://drive.google.com/file/d/1z7jBxC9t24e2Y3WK71XxWe0JOjJRLcNW/view","true","1","1","false","false","true","","","","","false","UNSIGNED_OR_INCOMPLETE"
"ITEM","OFF-0111","數學","110","22","歷屆真題","verified","依110年國中教育會考官方選擇題參考答案一覽表核對：數學第22題官方答案C，與目前正解索引及選項相符。答案表：https://drive.google.com/file/d/1z7jBxC9t24e2Y3WK71XxWe0JOjJRLcNW/view","false","0","0","false","false","false","","","","","false","UNSIGNED_OR_INCOMPLETE"
"ITEM","OFF-0112","數學","110","23","歷屆真題","verified","依110年國中教育會考官方選擇題參考答案一覽表核對：數學第23題官方答案A，與目前正解索引及選項相符。答案表：https://drive.google.com/file/d/1z7jBxC9t24e2Y3WK71XxWe0JOjJRLcNW/view","true","1","1","false","false","true","","","","","false","UNSIGNED_OR_INCOMPLETE"
"ITEM","OFF-0113","數學","110","24","歷屆真題","verified","依110年國中教育會考官方選擇題參考答案一覽表核對：數學第24題官方答案C，與目前正解索引及選項相符。答案表：https://drive.google.com/file/d/1z7jBxC9t24e2Y3WK71XxWe0JOjJRLcNW/view","false","0","0","false","false","false","","","","","false","UNSIGNED_OR_INCOMPLETE"
"ITEM","OFF-0114","數學","110","25","歷屆真題","verified","依110年國中教育會考官方選擇題參考答案一覽表核對：數學第25題官方答案A，與目前正解索引及選項相符。答案表：https://drive.google.com/file/d/1z7jBxC9t24e2Y3WK71XxWe0JOjJRLcNW/view","true","1","1","false","false","true","","","","","false","UNSIGNED_OR_INCOMPLETE"
"ITEM","OFF-0115","數學","110","26","歷屆真題","verified","依110年國中教育會考官方選擇題參考答案一覽表核對：數學第26題官方答案A，與目前正解索引及選項相符。答案表：https://drive.google.com/file/d/1z7jBxC9t24e2Y3WK71XxWe0JOjJRLcNW/view","true","1","1","false","false","true","","","","","false","UNSIGNED_OR_INCOMPLETE"
"ITEM","OFF-0318","數學","111","1","非選擇題","not_applicable","官方選擇題參考答案一覽表不涵蓋此數學非選擇題；此欄不代表非選題內容已完成教師審核。題本：https://drive.google.com/file/d/15GDoX37pXdUsluIw79o2bkhgfiL1HxCG/view","false","0","0","false","false","false","","","","","false","UNSIGNED_OR_INCOMPLETE"
"ITEM","OFF-MATH-111-Q01-MC","數學","111","1","歷屆真題","verified","依111年官方數學選擇題答案表核對：第1題答案A，與正解索引相符。答案表：https://drive.google.com/file/d/1IeMHI4BmTpC_2Oc1lQ1Qj6XWHDf9qwGd/view","true","1","1","false","false","true","","","","","false","UNSIGNED_OR_INCOMPLETE"
"ITEM","OFF-0319","數學","111","2","非選擇題","not_applicable","官方選擇題參考答案一覽表不涵蓋此數學非選擇題；此欄不代表非選題內容已完成教師審核。題本：https://drive.google.com/file/d/15GDoX37pXdUsluIw79o2bkhgfiL1HxCG/view","false","0","0","false","false","false","","","","","false","UNSIGNED_OR_INCOMPLETE"
"ITEM","OFF-MATH-111-Q02-MC","數學","111","2","歷屆真題","verified","依111年官方數學選擇題答案表核對：第2題答案D，與正解索引相符。答案表：https://drive.google.com/file/d/1IeMHI4BmTpC_2Oc1lQ1Qj6XWHDf9qwGd/view","false","0","0","false","false","false","","","","","false","UNSIGNED_OR_INCOMPLETE"
"ITEM","OFF-0320","數學","111","3","歷屆真題","verified","依111年國中教育會考官方選擇題參考答案一覽表核對：數學第3題官方答案C，與目前正解索引及選項相符。答案表：https://drive.google.com/file/d/1IeMHI4BmTpC_2Oc1lQ1Qj6XWHDf9qwGd/view","false","0","0","false","false","false","","","","","false","UNSIGNED_OR_INCOMPLETE"
"ITEM","OFF-0321","數學","111","4","歷屆真題","verified","依111年國中教育會考官方選擇題參考答案一覽表核對：數學第4題官方答案B，與目前正解索引及選項相符。答案表：https://drive.google.com/file/d/1IeMHI4BmTpC_2Oc1lQ1Qj6XWHDf9qwGd/view","true","1","1","false","false","true","","","","","false","UNSIGNED_OR_INCOMPLETE"
"ITEM","OFF-0322","數學","111","5","歷屆真題","verified","依111年國中教育會考官方選擇題參考答案一覽表核對：數學第5題官方答案A，與目前正解索引及選項相符。答案表：https://drive.google.com/file/d/1IeMHI4BmTpC_2Oc1lQ1Qj6XWHDf9qwGd/view","false","0","0","false","false","false","","","","","false","UNSIGNED_OR_INCOMPLETE"
"ITEM","OFF-0323","數學","111","6","歷屆真題","verified","依111年國中教育會考官方選擇題參考答案一覽表核對：數學第6題官方答案D，與目前正解索引及選項相符。答案表：https://drive.google.com/file/d/1IeMHI4BmTpC_2Oc1lQ1Qj6XWHDf9qwGd/view","false","0","0","false","false","false","","","","","false","UNSIGNED_OR_INCOMPLETE"
"ITEM","OFF-0324","數學","111","7","歷屆真題","verified","依111年國中教育會考官方選擇題參考答案一覽表核對：數學第7題官方答案D，與目前正解索引及選項相符。答案表：https://drive.google.com/file/d/1IeMHI4BmTpC_2Oc1lQ1Qj6XWHDf9qwGd/view","false","0","0","false","false","false","","","","","false","UNSIGNED_OR_INCOMPLETE"
"ITEM","OFF-0325","數學","111","8","歷屆真題","verified","依111年國中教育會考官方選擇題參考答案一覽表核對：數學第8題官方答案A，與目前正解索引及選項相符。答案表：https://drive.google.com/file/d/1IeMHI4BmTpC_2Oc1lQ1Qj6XWHDf9qwGd/view","false","0","0","false","false","false","","","","","false","UNSIGNED_OR_INCOMPLETE"
"ITEM","OFF-0326","數學","111","9","歷屆真題","verified","依111年國中教育會考官方選擇題參考答案一覽表核對：數學第9題官方答案C，與目前正解索引及選項相符。答案表：https://drive.google.com/file/d/1IeMHI4BmTpC_2Oc1lQ1Qj6XWHDf9qwGd/view","false","0","0","false","false","false","","","","","false","UNSIGNED_OR_INCOMPLETE"
"ITEM","OFF-0327","數學","111","10","歷屆真題","verified","依111年國中教育會考官方選擇題參考答案一覽表核對：數學第10題官方答案C，與目前正解索引及選項相符。答案表：https://drive.google.com/file/d/1IeMHI4BmTpC_2Oc1lQ1Qj6XWHDf9qwGd/view","false","0","0","false","false","false","","","","","false","UNSIGNED_OR_INCOMPLETE"
"ITEM","OFF-0328","數學","111","11","歷屆真題","verified","依111年國中教育會考官方選擇題參考答案一覽表核對：數學第11題官方答案C，與目前正解索引及選項相符。答案表：https://drive.google.com/file/d/1IeMHI4BmTpC_2Oc1lQ1Qj6XWHDf9qwGd/view","false","0","0","false","false","false","","","","","false","UNSIGNED_OR_INCOMPLETE"
"ITEM","OFF-0329","數學","111","12","歷屆真題","verified","依111年國中教育會考官方選擇題參考答案一覽表核對：數學第12題官方答案B，與目前正解索引及選項相符。答案表：https://drive.google.com/file/d/1IeMHI4BmTpC_2Oc1lQ1Qj6XWHDf9qwGd/view","false","0","0","false","false","false","","","","","false","UNSIGNED_OR_INCOMPLETE"
"ITEM","OFF-0330","數學","111","13","歷屆真題","verified","依111年國中教育會考官方選擇題參考答案一覽表核對：數學第13題官方答案D，與目前正解索引及選項相符。答案表：https://drive.google.com/file/d/1IeMHI4BmTpC_2Oc1lQ1Qj6XWHDf9qwGd/view","true","1","1","false","false","true","","","","","false","UNSIGNED_OR_INCOMPLETE"
"ITEM","OFF-0331","數學","111","14","歷屆真題","verified","依111年國中教育會考官方選擇題參考答案一覽表核對：數學第14題官方答案C，與目前正解索引及選項相符。答案表：https://drive.google.com/file/d/1IeMHI4BmTpC_2Oc1lQ1Qj6XWHDf9qwGd/view","false","0","0","false","false","false","","","","","false","UNSIGNED_OR_INCOMPLETE"
"ITEM","OFF-0332","數學","111","15","歷屆真題","verified","依111年國中教育會考官方選擇題參考答案一覽表核對：數學第15題官方答案B，與目前正解索引及選項相符。答案表：https://drive.google.com/file/d/1IeMHI4BmTpC_2Oc1lQ1Qj6XWHDf9qwGd/view","true","1","1","false","false","true","","","","","false","UNSIGNED_OR_INCOMPLETE"
"ITEM","OFF-0333","數學","111","16","歷屆真題","verified","依111年國中教育會考官方選擇題參考答案一覽表核對：數學第16題官方答案A，與目前正解索引及選項相符。答案表：https://drive.google.com/file/d/1IeMHI4BmTpC_2Oc1lQ1Qj6XWHDf9qwGd/view","true","1","1","false","false","true","","","","","false","UNSIGNED_OR_INCOMPLETE"
"ITEM","OFF-0334","數學","111","17","歷屆真題","verified","依111年國中教育會考官方選擇題參考答案一覽表核對：數學第17題官方答案A，與目前正解索引及選項相符。答案表：https://drive.google.com/file/d/1IeMHI4BmTpC_2Oc1lQ1Qj6XWHDf9qwGd/view","true","1","1","false","false","true","","","","","false","UNSIGNED_OR_INCOMPLETE"
"ITEM","OFF-0335","數學","111","18","歷屆真題","verified","依111年國中教育會考官方選擇題參考答案一覽表核對：數學第18題官方答案B，與目前正解索引及選項相符。答案表：https://drive.google.com/file/d/1IeMHI4BmTpC_2Oc1lQ1Qj6XWHDf9qwGd/view","false","0","0","false","false","false","","","","","false","UNSIGNED_OR_INCOMPLETE"
"ITEM","OFF-0336","數學","111","19","歷屆真題","verified","依111年國中教育會考官方選擇題參考答案一覽表核對：數學第19題官方答案B，與目前正解索引及選項相符。答案表：https://drive.google.com/file/d/1IeMHI4BmTpC_2Oc1lQ1Qj6XWHDf9qwGd/view","true","1","1","false","false","true","","","","","false","UNSIGNED_OR_INCOMPLETE"
"ITEM","OFF-0337","數學","111","20","歷屆真題","verified","依111年國中教育會考官方選擇題參考答案一覽表核對：數學第20題官方答案C，與目前正解索引及選項相符。答案表：https://drive.google.com/file/d/1IeMHI4BmTpC_2Oc1lQ1Qj6XWHDf9qwGd/view","true","1","1","false","false","true","","","","","false","UNSIGNED_OR_INCOMPLETE"
"ITEM","OFF-0338","數學","111","21","歷屆真題","verified","依111年國中教育會考官方選擇題參考答案一覽表核對：數學第21題官方答案B，與目前正解索引及選項相符。答案表：https://drive.google.com/file/d/1IeMHI4BmTpC_2Oc1lQ1Qj6XWHDf9qwGd/view","true","1","1","false","false","true","","","","","false","UNSIGNED_OR_INCOMPLETE"
"ITEM","OFF-0339","數學","111","22","歷屆真題","verified","依111年國中教育會考官方選擇題參考答案一覽表核對：數學第22題官方答案A，與題幹計算及目前選項相符。答案表：https://drive.google.com/file/d/1IeMHI4BmTpC_2Oc1lQ1Qj6XWHDf9qwGd/view","false","0","0","false","false","false","","","","","false","UNSIGNED_OR_INCOMPLETE"
"ITEM","OFF-0340","數學","111","23","歷屆真題","verified","依111年國中教育會考官方選擇題參考答案一覽表核對：數學第23題官方答案D，與目前正解索引及選項相符。答案表：https://drive.google.com/file/d/1IeMHI4BmTpC_2Oc1lQ1Qj6XWHDf9qwGd/view","true","1","1","false","false","true","","","","","false","UNSIGNED_OR_INCOMPLETE"
"ITEM","OFF-0341","數學","111","24","歷屆真題","verified","依111年國中教育會考官方選擇題參考答案一覽表核對：數學第24題官方答案D，與目前正解索引及選項相符。答案表：https://drive.google.com/file/d/1IeMHI4BmTpC_2Oc1lQ1Qj6XWHDf9qwGd/view","false","0","0","false","false","false","","","","","false","UNSIGNED_OR_INCOMPLETE"
"ITEM","OFF-0342","數學","111","25","歷屆真題","verified","依111年國中教育會考官方選擇題參考答案一覽表核對：數學第25題官方答案D，與目前正解索引及選項相符。答案表：https://drive.google.com/file/d/1IeMHI4BmTpC_2Oc1lQ1Qj6XWHDf9qwGd/view","false","0","0","false","false","false","","","","","false","UNSIGNED_OR_INCOMPLETE"
"ITEM","OFF-0532","數學","112","1","非選擇題","not_applicable","官方選擇題參考答案一覽表不涵蓋此數學非選擇題；此欄不代表非選題內容已完成教師審核。題本：https://drive.google.com/file/d/1im3JF0E8d8RC__Z8MW9MQXCuonjPN3f_/view","false","0","0","false","false","false","","","","","false","UNSIGNED_OR_INCOMPLETE"
"ITEM","OFF-MATH-112-Q01-MC","數學","112","1","歷屆真題","verified","依112年官方數學選擇題答案表核對：第1題答案A，與正解索引相符。答案表：https://drive.google.com/file/d/1OT5r0que_0bXSy0kwLEOEJMssce2OnL0/view","false","0","0","false","false","false","","","","","false","UNSIGNED_OR_INCOMPLETE"
"ITEM","OFF-0533","數學","112","2","非選擇題","not_applicable","官方選擇題參考答案一覽表不涵蓋此數學非選擇題；此欄不代表非選題內容已完成教師審核。題本：https://drive.google.com/file/d/1im3JF0E8d8RC__Z8MW9MQXCuonjPN3f_/view","true","2","2","true","false","true","","","","","false","UNSIGNED_OR_INCOMPLETE"
"ITEM","OFF-MATH-112-Q02-MC","數學","112","2","歷屆真題","verified","依112年官方數學選擇題答案表核對：第2題答案C，與正解索引相符。答案表：https://drive.google.com/file/d/1OT5r0que_0bXSy0kwLEOEJMssce2OnL0/view","false","0","0","false","false","false","","","","","false","UNSIGNED_OR_INCOMPLETE"
"ITEM","OFF-0534","數學","112","3","歷屆真題","verified","依112年國中教育會考官方選擇題參考答案一覽表核對：數學第3題官方答案B，與目前正解索引及選項相符。答案表：https://drive.google.com/file/d/1OT5r0que_0bXSy0kwLEOEJMssce2OnL0/view","true","1","1","false","false","true","","","","","false","UNSIGNED_OR_INCOMPLETE"
"ITEM","OFF-0535","數學","112","4","歷屆真題","verified","依112年國中教育會考官方選擇題參考答案一覽表核對：數學第4題官方答案C，與目前正解索引及選項相符。答案表：https://drive.google.com/file/d/1OT5r0que_0bXSy0kwLEOEJMssce2OnL0/view","false","0","0","false","false","false","","","","","false","UNSIGNED_OR_INCOMPLETE"
"ITEM","OFF-0536","數學","112","5","歷屆真題","verified","依112年國中教育會考官方選擇題參考答案一覽表核對：數學第5題官方答案B，與目前正解索引及選項相符。答案表：https://drive.google.com/file/d/1OT5r0que_0bXSy0kwLEOEJMssce2OnL0/view","false","0","0","false","false","false","","","","","false","UNSIGNED_OR_INCOMPLETE"
"ITEM","OFF-0537","數學","112","6","歷屆真題","verified","依112年國中教育會考官方選擇題參考答案一覽表核對：數學第6題官方答案A，與目前正解索引及選項相符。答案表：https://drive.google.com/file/d/1OT5r0que_0bXSy0kwLEOEJMssce2OnL0/view","false","0","0","false","false","false","","","","","false","UNSIGNED_OR_INCOMPLETE"
"ITEM","OFF-0538","數學","112","7","歷屆真題","verified","依112年國中教育會考官方選擇題參考答案一覽表核對：數學第7題官方答案A，與目前正解索引及選項相符。答案表：https://drive.google.com/file/d/1OT5r0que_0bXSy0kwLEOEJMssce2OnL0/view","true","1","1","false","false","true","","","","","false","UNSIGNED_OR_INCOMPLETE"
"ITEM","OFF-0539","數學","112","8","歷屆真題","verified","依112年國中教育會考官方選擇題參考答案一覽表核對：數學第8題官方答案C，與目前正解索引及選項相符。答案表：https://drive.google.com/file/d/1OT5r0que_0bXSy0kwLEOEJMssce2OnL0/view","true","1","1","false","false","true","","","","","false","UNSIGNED_OR_INCOMPLETE"
"ITEM","OFF-0540","數學","112","9","歷屆真題","verified","依112年國中教育會考官方選擇題參考答案一覽表核對：數學第9題官方答案B，與目前正解索引及選項相符。答案表：https://drive.google.com/file/d/1OT5r0que_0bXSy0kwLEOEJMssce2OnL0/view","false","0","0","false","false","false","","","","","false","UNSIGNED_OR_INCOMPLETE"
"ITEM","OFF-0541","數學","112","10","歷屆真題","verified","依112年國中教育會考官方選擇題參考答案一覽表核對：數學第10題官方答案D，與目前正解索引及選項相符。答案表：https://drive.google.com/file/d/1OT5r0que_0bXSy0kwLEOEJMssce2OnL0/view","false","0","0","false","false","false","","","","","false","UNSIGNED_OR_INCOMPLETE"
"ITEM","OFF-0542","數學","112","11","歷屆真題","verified","依112年國中教育會考官方選擇題參考答案一覽表核對：數學第11題官方答案D，與目前正解索引及選項相符。答案表：https://drive.google.com/file/d/1OT5r0que_0bXSy0kwLEOEJMssce2OnL0/view","false","0","0","false","false","false","","","","","false","UNSIGNED_OR_INCOMPLETE"
"ITEM","OFF-0543","數學","112","12","歷屆真題","verified","依112年國中教育會考官方選擇題參考答案一覽表核對：數學第12題官方答案A，與目前正解索引及選項相符。答案表：https://drive.google.com/file/d/1OT5r0que_0bXSy0kwLEOEJMssce2OnL0/view","false","0","0","false","false","false","","","","","false","UNSIGNED_OR_INCOMPLETE"
"ITEM","OFF-0544","數學","112","13","歷屆真題","verified","依112年國中教育會考官方選擇題參考答案一覽表核對：數學第13題官方答案A，與目前正解索引及選項相符。答案表：https://drive.google.com/file/d/1OT5r0que_0bXSy0kwLEOEJMssce2OnL0/view","true","1","1","false","false","true","","","","","false","UNSIGNED_OR_INCOMPLETE"
"ITEM","OFF-0545","數學","112","14","歷屆真題","verified","依112年國中教育會考官方選擇題參考答案一覽表核對：數學第14題官方答案B，與目前正解索引及選項相符。答案表：https://drive.google.com/file/d/1OT5r0que_0bXSy0kwLEOEJMssce2OnL0/view","false","0","0","false","false","false","","","","","false","UNSIGNED_OR_INCOMPLETE"
"ITEM","OFF-0546","數學","112","15","歷屆真題","verified","依112年國中教育會考官方選擇題參考答案一覽表核對：數學第15題官方答案D，與目前正解索引及選項相符。答案表：https://drive.google.com/file/d/1OT5r0que_0bXSy0kwLEOEJMssce2OnL0/view","false","0","0","false","false","false","","","","","false","UNSIGNED_OR_INCOMPLETE"
"ITEM","OFF-0547","數學","112","16","歷屆真題","verified","依112年國中教育會考官方選擇題參考答案一覽表核對：數學第16題官方答案C，與目前正解索引及選項相符。答案表：https://drive.google.com/file/d/1OT5r0que_0bXSy0kwLEOEJMssce2OnL0/view","false","0","0","false","false","false","","","","","false","UNSIGNED_OR_INCOMPLETE"
"ITEM","OFF-0548","數學","112","17","歷屆真題","verified","依112年國中教育會考官方選擇題參考答案一覽表核對：數學第17題官方答案D，與目前正解索引及選項相符。答案表：https://drive.google.com/file/d/1OT5r0que_0bXSy0kwLEOEJMssce2OnL0/view","true","1","1","false","false","true","","","","","false","UNSIGNED_OR_INCOMPLETE"
"ITEM","OFF-0549","數學","112","18","歷屆真題","verified","依112年國中教育會考官方選擇題參考答案一覽表核對：數學第18題官方答案B，與目前正解索引及選項相符。答案表：https://drive.google.com/file/d/1OT5r0que_0bXSy0kwLEOEJMssce2OnL0/view","false","0","0","false","false","false","","","","","false","UNSIGNED_OR_INCOMPLETE"
"ITEM","OFF-0550","數學","112","19","歷屆真題","verified","依112年國中教育會考官方選擇題參考答案一覽表核對：數學第19題官方答案B，與目前正解索引及選項相符。答案表：https://drive.google.com/file/d/1OT5r0que_0bXSy0kwLEOEJMssce2OnL0/view","true","1","1","false","false","true","","","","","false","UNSIGNED_OR_INCOMPLETE"
"ITEM","OFF-0551","數學","112","20","歷屆真題","verified","依112年國中教育會考官方選擇題參考答案一覽表核對：數學第20題官方答案C，與目前正解索引及選項相符。答案表：https://drive.google.com/file/d/1OT5r0que_0bXSy0kwLEOEJMssce2OnL0/view","true","1","1","false","false","true","","","","","false","UNSIGNED_OR_INCOMPLETE"
"ITEM","OFF-0552","數學","112","21","歷屆真題","verified","依112年國中教育會考官方選擇題參考答案一覽表核對：數學第21題官方答案D，與目前正解索引及選項相符。答案表：https://drive.google.com/file/d/1OT5r0que_0bXSy0kwLEOEJMssce2OnL0/view","true","1","1","false","false","true","","","","","false","UNSIGNED_OR_INCOMPLETE"
"ITEM","OFF-0553","數學","112","22","歷屆真題","verified","依112年國中教育會考官方選擇題參考答案一覽表核對：數學第22題官方答案C，與目前正解索引及選項相符。答案表：https://drive.google.com/file/d/1OT5r0que_0bXSy0kwLEOEJMssce2OnL0/view","true","1","1","false","false","true","","","","","false","UNSIGNED_OR_INCOMPLETE"
"ITEM","OFF-0554","數學","112","23","歷屆真題","verified","依112年國中教育會考官方選擇題參考答案一覽表核對：數學第23題官方答案B，與目前正解索引及選項相符。答案表：https://drive.google.com/file/d/1OT5r0que_0bXSy0kwLEOEJMssce2OnL0/view","true","1","1","false","false","true","","","","","false","UNSIGNED_OR_INCOMPLETE"
"ITEM","OFF-0555","數學","112","24","歷屆真題","verified","依112年國中教育會考官方選擇題參考答案一覽表核對：數學第24題官方答案D，與目前正解索引及選項相符。答案表：https://drive.google.com/file/d/1OT5r0que_0bXSy0kwLEOEJMssce2OnL0/view","true","1","1","true","false","true","","","","","false","UNSIGNED_OR_INCOMPLETE"
"ITEM","OFF-0556","數學","112","25","歷屆真題","verified","依112年國中教育會考官方選擇題參考答案一覽表核對：數學第25題官方答案A，與目前正解索引及選項相符。答案表：https://drive.google.com/file/d/1OT5r0que_0bXSy0kwLEOEJMssce2OnL0/view","false","0","0","false","false","false","","","","","false","UNSIGNED_OR_INCOMPLETE"
"ITEM","OFF-0746","數學","113","1","非選擇題","not_applicable","官方選擇題參考答案一覽表不涵蓋此數學非選擇題；此欄不代表非選題內容已完成教師審核。題本：https://drive.google.com/file/d/1MXfrOI_4KyxF6A-2NNd_J_eIuo3Epa46/view","true","3","3","true","false","true","","","","","false","UNSIGNED_OR_INCOMPLETE"
"ITEM","OFF-MATH-113-Q01-MC","數學","113","1","歷屆真題","verified","依113年官方數學選擇題答案表核對：第1題答案A，與正解索引相符。答案表：https://drive.google.com/file/d/1cWlogP9FBRX1eD5kjgVDP2_6f8VCLSB4/view","false","0","0","false","false","false","","","","","false","UNSIGNED_OR_INCOMPLETE"
"ITEM","OFF-0747","數學","113","2","非選擇題","not_applicable","官方選擇題參考答案一覽表不涵蓋此數學非選擇題；此欄不代表非選題內容已完成教師審核。題本：https://drive.google.com/file/d/1MXfrOI_4KyxF6A-2NNd_J_eIuo3Epa46/view","true","3","3","true","false","true","","","","","false","UNSIGNED_OR_INCOMPLETE"
"ITEM","OFF-MATH-113-Q02-MC","數學","113","2","歷屆真題","verified","依113年官方數學選擇題答案表核對：第2題答案A，與正解索引相符。答案表：https://drive.google.com/file/d/1cWlogP9FBRX1eD5kjgVDP2_6f8VCLSB4/view","true","1","1","false","false","true","","","","","false","UNSIGNED_OR_INCOMPLETE"
"ITEM","OFF-0748","數學","113","3","歷屆真題","verified","依113年會考數學官方解析卷核對：方程為5x−3y＝28、y＝−3x；代入得x＝2、y＝−6，故a＋b＝−4，答案為C。官方解析卷：https://website.hle.com.tw/mgz/file/jma/113%E5%B9%B4%E6%9C%83%E8%80%83_%E8%A7%A3%E6%9E%90%E5%8D%B7%28%E6%95%B8%E5%AD%B8%29-%E7%BF%B0%E6%9E%97.pdf","false","0","0","false","false","false","","","","","false","UNSIGNED_OR_INCOMPLETE"
"ITEM","OFF-0749","數學","113","4","歷屆真題","verified","依113年國中教育會考官方選擇題參考答案一覽表核對：數學第4題官方答案D，與目前正解索引及選項相符。答案表：https://drive.google.com/file/d/1cWlogP9FBRX1eD5kjgVDP2_6f8VCLSB4/view","true","2","2","false","false","true","","","","","false","UNSIGNED_OR_INCOMPLETE"
"ITEM","OFF-0750","數學","113","5","歷屆真題","verified","依113年國中教育會考官方選擇題參考答案一覽表核對：數學第5題官方答案B，與目前正解索引及選項相符。答案表：https://drive.google.com/file/d/1cWlogP9FBRX1eD5kjgVDP2_6f8VCLSB4/view","true","1","1","false","false","true","","","","","false","UNSIGNED_OR_INCOMPLETE"
"ITEM","OFF-0751","數學","113","6","歷屆真題","verified","依113年國中教育會考官方選擇題參考答案一覽表核對：數學第6題官方答案D，與目前正解索引及選項相符。答案表：https://drive.google.com/file/d/1cWlogP9FBRX1eD5kjgVDP2_6f8VCLSB4/view","false","0","0","false","false","false","","","","","false","UNSIGNED_OR_INCOMPLETE"
"ITEM","OFF-0752","數學","113","7","歷屆真題","verified","依113年國中教育會考官方選擇題參考答案一覽表核對：數學第7題官方答案D，與目前正解索引及選項相符。答案表：https://drive.google.com/file/d/1cWlogP9FBRX1eD5kjgVDP2_6f8VCLSB4/view","true","1","1","false","false","true","","","","","false","UNSIGNED_OR_INCOMPLETE"
"ITEM","OFF-0753","數學","113","8","歷屆真題","verified","依113年國中教育會考官方選擇題參考答案一覽表核對：數學第8題官方答案C，與目前正解索引及選項相符。答案表：https://drive.google.com/file/d/1cWlogP9FBRX1eD5kjgVDP2_6f8VCLSB4/view","false","0","0","false","false","false","","","","","false","UNSIGNED_OR_INCOMPLETE"
"ITEM","OFF-0754","數學","113","9","歷屆真題","verified","依113年國中教育會考官方選擇題參考答案一覽表核對：數學第9題官方答案C，與目前正解索引及選項相符。答案表：https://drive.google.com/file/d/1cWlogP9FBRX1eD5kjgVDP2_6f8VCLSB4/view","false","0","0","false","false","false","","","","","false","UNSIGNED_OR_INCOMPLETE"
"ITEM","OFF-0755","數學","113","10","歷屆真題","verified","依113年國中教育會考官方選擇題參考答案一覽表核對：數學第10題官方答案C，與目前正解索引及選項相符。答案表：https://drive.google.com/file/d/1cWlogP9FBRX1eD5kjgVDP2_6f8VCLSB4/view","false","0","0","false","false","false","","","","","false","UNSIGNED_OR_INCOMPLETE"
"ITEM","OFF-0756","數學","113","11","歷屆真題","verified","依113年國中教育會考官方選擇題參考答案一覽表核對：數學第11題官方答案A，與目前正解索引及選項相符。答案表：https://drive.google.com/file/d/1cWlogP9FBRX1eD5kjgVDP2_6f8VCLSB4/view","false","0","0","false","false","false","","","","","false","UNSIGNED_OR_INCOMPLETE"
"ITEM","OFF-0757","數學","113","12","歷屆真題","verified","依113年國中教育會考官方選擇題參考答案一覽表核對：數學第12題官方答案C，與目前正解索引及選項相符。答案表：https://drive.google.com/file/d/1cWlogP9FBRX1eD5kjgVDP2_6f8VCLSB4/view","false","0","0","false","false","false","","","","","false","UNSIGNED_OR_INCOMPLETE"
"ITEM","OFF-0758","數學","113","13","歷屆真題","verified","依113年國中教育會考官方選擇題參考答案一覽表核對：數學第13題官方答案B，與目前正解索引及選項相符。答案表：https://drive.google.com/file/d/1cWlogP9FBRX1eD5kjgVDP2_6f8VCLSB4/view","false","0","0","false","false","false","","","","","false","UNSIGNED_OR_INCOMPLETE"
"ITEM","OFF-0759","數學","113","14","歷屆真題","verified","依113年國中教育會考官方選擇題參考答案一覽表核對：數學第14題官方答案C，與目前正解索引及選項相符。答案表：https://drive.google.com/file/d/1cWlogP9FBRX1eD5kjgVDP2_6f8VCLSB4/view","false","0","0","false","false","false","","","","","false","UNSIGNED_OR_INCOMPLETE"
"ITEM","OFF-0760","數學","113","15","歷屆真題","verified","依113年國中教育會考官方選擇題參考答案一覽表核對：數學第15題官方答案B，與目前正解索引及選項相符。答案表：https://drive.google.com/file/d/1cWlogP9FBRX1eD5kjgVDP2_6f8VCLSB4/view","false","0","0","false","false","false","","","","","false","UNSIGNED_OR_INCOMPLETE"
"ITEM","OFF-0761","數學","113","16","歷屆真題","verified","依113年國中教育會考官方選擇題參考答案一覽表核對：數學第16題官方答案B，與目前正解索引及選項相符。答案表：https://drive.google.com/file/d/1cWlogP9FBRX1eD5kjgVDP2_6f8VCLSB4/view","false","0","0","false","false","false","","","","","false","UNSIGNED_OR_INCOMPLETE"
"ITEM","OFF-0762","數學","113","17","歷屆真題","verified","依113年國中教育會考官方選擇題參考答案一覽表核對：數學第17題官方答案A，與目前正解索引及選項相符。答案表：https://drive.google.com/file/d/1cWlogP9FBRX1eD5kjgVDP2_6f8VCLSB4/view","false","0","0","false","false","false","","","","","false","UNSIGNED_OR_INCOMPLETE"
"ITEM","OFF-0763","數學","113","18","歷屆真題","verified","依113年國中教育會考官方選擇題參考答案一覽表核對：數學第18題官方答案A，與目前正解索引及選項相符。答案表：https://drive.google.com/file/d/1cWlogP9FBRX1eD5kjgVDP2_6f8VCLSB4/view","true","1","1","false","false","true","","","","","false","UNSIGNED_OR_INCOMPLETE"
"ITEM","OFF-0764","數學","113","19","歷屆真題","verified","依113年國中教育會考官方選擇題參考答案一覽表核對：數學第19題官方答案B，與目前正解索引及選項相符。答案表：https://drive.google.com/file/d/1cWlogP9FBRX1eD5kjgVDP2_6f8VCLSB4/view","true","1","1","false","false","true","","","","","false","UNSIGNED_OR_INCOMPLETE"
"ITEM","OFF-0765","數學","113","20","歷屆真題","verified","依113年國中教育會考官方選擇題參考答案一覽表核對：數學第20題官方答案D，與目前正解索引及選項相符。答案表：https://drive.google.com/file/d/1cWlogP9FBRX1eD5kjgVDP2_6f8VCLSB4/view","true","1","1","false","false","true","","","","","false","UNSIGNED_OR_INCOMPLETE"
"ITEM","OFF-0766","數學","113","21","歷屆真題","verified","依113年國中教育會考官方選擇題參考答案一覽表核對：數學第21題官方答案D，與目前正解索引及選項相符。答案表：https://drive.google.com/file/d/1cWlogP9FBRX1eD5kjgVDP2_6f8VCLSB4/view","true","1","1","false","false","true","","","","","false","UNSIGNED_OR_INCOMPLETE"
"ITEM","OFF-0767","數學","113","22","歷屆真題","verified","依113年國中教育會考官方選擇題參考答案一覽表核對：數學第22題官方答案A，與目前正解索引及選項相符。答案表：https://drive.google.com/file/d/1cWlogP9FBRX1eD5kjgVDP2_6f8VCLSB4/view","true","1","1","false","false","true","","","","","false","UNSIGNED_OR_INCOMPLETE"
"ITEM","OFF-0768","數學","113","23","歷屆真題","verified","依113年國中教育會考官方選擇題參考答案一覽表核對：數學第23題官方答案B，與目前正解索引及選項相符。答案表：https://drive.google.com/file/d/1cWlogP9FBRX1eD5kjgVDP2_6f8VCLSB4/view","true","1","1","false","false","true","","","","","false","UNSIGNED_OR_INCOMPLETE"
"ITEM","OFF-0769","數學","113","24","歷屆真題","verified","依113年國中教育會考官方選擇題參考答案一覽表核對：數學第24題官方答案D，與目前正解索引及選項相符。答案表：https://drive.google.com/file/d/1cWlogP9FBRX1eD5kjgVDP2_6f8VCLSB4/view","false","0","0","false","false","false","","","","","false","UNSIGNED_OR_INCOMPLETE"
"ITEM","OFF-0770","數學","113","25","歷屆真題","verified","依113年國中教育會考官方選擇題參考答案一覽表核對：數學第25題官方答案B，與目前正解索引及選項相符。答案表：https://drive.google.com/file/d/1cWlogP9FBRX1eD5kjgVDP2_6f8VCLSB4/view","false","0","0","false","false","false","","","","","false","UNSIGNED_OR_INCOMPLETE"
"ITEM","OFF-0960","數學","114","1","非選擇題","not_applicable","官方選擇題參考答案一覽表不涵蓋此數學非選擇題；此欄不代表非選題內容已完成教師審核。題本：https://drive.google.com/file/d/1c2AGC67Bq344EdGSZkO9SZhrY50hHTJx/view","false","0","0","false","false","false","","","","","false","UNSIGNED_OR_INCOMPLETE"
"ITEM","OFF-MATH-114-Q01-MC","數學","114","1","歷屆真題","verified","依114年官方數學選擇題答案表核對：第1題答案C，與正解索引相符。答案表：https://drive.google.com/file/d/175hz0lHG4GTDNxYet9lrRDu0lmC_G08o/view","false","0","0","false","false","false","","","","","false","UNSIGNED_OR_INCOMPLETE"
"ITEM","OFF-0961","數學","114","2","非選擇題","not_applicable","官方選擇題參考答案一覽表不涵蓋此數學非選擇題；此欄不代表非選題內容已完成教師審核。題本：https://drive.google.com/file/d/1c2AGC67Bq344EdGSZkO9SZhrY50hHTJx/view","true","1","1","true","false","true","","","","","false","UNSIGNED_OR_INCOMPLETE"
"ITEM","OFF-MATH-114-Q02-MC","數學","114","2","歷屆真題","verified","依114年官方數學選擇題答案表核對：第2題答案B，與正解索引相符。答案表：https://drive.google.com/file/d/175hz0lHG4GTDNxYet9lrRDu0lmC_G08o/view","false","0","0","false","false","false","","","","","false","UNSIGNED_OR_INCOMPLETE"
"ITEM","OFF-0962","數學","114","3","歷屆真題","verified","依114年國中教育會考官方選擇題參考答案一覽表核對：數學第3題官方答案C，與目前正解索引及選項相符。答案表：https://drive.google.com/file/d/175hz0lHG4GTDNxYet9lrRDu0lmC_G08o/view","true","1","1","false","false","true","","","","","false","UNSIGNED_OR_INCOMPLETE"
"ITEM","OFF-0963","數學","114","4","歷屆真題","verified","依114年國中教育會考官方選擇題參考答案一覽表核對：數學第4題官方答案B，與目前正解索引及選項相符。答案表：https://drive.google.com/file/d/175hz0lHG4GTDNxYet9lrRDu0lmC_G08o/view","false","0","0","false","false","false","","","","","false","UNSIGNED_OR_INCOMPLETE"
"ITEM","OFF-0964","數學","114","5","歷屆真題","verified","依114年國中教育會考官方選擇題參考答案一覽表核對：數學第5題官方答案C，與目前正解索引及選項相符。答案表：https://drive.google.com/file/d/175hz0lHG4GTDNxYet9lrRDu0lmC_G08o/view","false","0","0","false","false","false","","","","","false","UNSIGNED_OR_INCOMPLETE"
"ITEM","OFF-0965","數學","114","6","歷屆真題","verified","依114年國中教育會考官方選擇題參考答案一覽表核對：數學第6題官方答案A，與目前正解索引及選項相符。答案表：https://drive.google.com/file/d/175hz0lHG4GTDNxYet9lrRDu0lmC_G08o/view","false","0","0","false","false","false","","","","","false","UNSIGNED_OR_INCOMPLETE"
"ITEM","OFF-0966","數學","114","7","歷屆真題","verified","依114年國中教育會考官方選擇題參考答案一覽表核對：數學第7題官方答案A，與目前正解索引及選項相符。答案表：https://drive.google.com/file/d/175hz0lHG4GTDNxYet9lrRDu0lmC_G08o/view","false","0","0","false","false","false","","","","","false","UNSIGNED_OR_INCOMPLETE"
"ITEM","OFF-0967","數學","114","8","歷屆真題","verified","依114年國中教育會考官方選擇題參考答案一覽表核對：數學第8題官方答案C，與目前正解索引及選項相符。答案表：https://drive.google.com/file/d/175hz0lHG4GTDNxYet9lrRDu0lmC_G08o/view","false","0","0","false","false","false","","","","","false","UNSIGNED_OR_INCOMPLETE"
"ITEM","OFF-0968","數學","114","9","歷屆真題","verified","依114年國中教育會考官方選擇題參考答案一覽表核對：數學第9題官方答案A，與目前正解索引及選項相符。答案表：https://drive.google.com/file/d/175hz0lHG4GTDNxYet9lrRDu0lmC_G08o/view","false","0","0","false","false","false","","","","","false","UNSIGNED_OR_INCOMPLETE"
"ITEM","OFF-0969","數學","114","10","歷屆真題","verified","依114年國中教育會考官方選擇題參考答案一覽表核對：數學第10題官方答案A，與目前正解索引及選項相符。答案表：https://drive.google.com/file/d/175hz0lHG4GTDNxYet9lrRDu0lmC_G08o/view","false","0","0","false","false","false","","","","","false","UNSIGNED_OR_INCOMPLETE"
"ITEM","OFF-0970","數學","114","11","歷屆真題","verified","依114年國中教育會考官方選擇題參考答案一覽表核對：數學第11題官方答案B，與目前正解索引及選項相符。答案表：https://drive.google.com/file/d/175hz0lHG4GTDNxYet9lrRDu0lmC_G08o/view","false","0","0","false","false","false","","","","","false","UNSIGNED_OR_INCOMPLETE"
"ITEM","OFF-0971","數學","114","12","歷屆真題","verified","依114年國中教育會考官方選擇題參考答案一覽表核對：數學第12題官方答案D，與目前正解索引及選項相符。答案表：https://drive.google.com/file/d/175hz0lHG4GTDNxYet9lrRDu0lmC_G08o/view","false","0","0","false","false","false","","","","","false","UNSIGNED_OR_INCOMPLETE"
"ITEM","OFF-0972","數學","114","13","歷屆真題","verified","依114年國中教育會考官方選擇題參考答案一覽表核對：數學第13題官方答案A，與目前正解索引及選項相符。答案表：https://drive.google.com/file/d/175hz0lHG4GTDNxYet9lrRDu0lmC_G08o/view","false","0","0","false","false","false","","","","","false","UNSIGNED_OR_INCOMPLETE"
"ITEM","OFF-0973","數學","114","14","歷屆真題","verified","依114年國中教育會考官方選擇題參考答案一覽表核對：數學第14題官方答案C，與目前正解索引及選項相符。答案表：https://drive.google.com/file/d/175hz0lHG4GTDNxYet9lrRDu0lmC_G08o/view","false","0","0","false","false","false","","","","","false","UNSIGNED_OR_INCOMPLETE"
"ITEM","OFF-0974","數學","114","15","歷屆真題","verified","依114年國中教育會考官方選擇題參考答案一覽表核對：數學第15題官方答案B，與目前正解索引及選項相符。答案表：https://drive.google.com/file/d/175hz0lHG4GTDNxYet9lrRDu0lmC_G08o/view","false","0","0","false","false","false","","","","","false","UNSIGNED_OR_INCOMPLETE"
"ITEM","OFF-0975","數學","114","16","歷屆真題","verified","依114年國中教育會考官方選擇題參考答案一覽表核對：數學第16題官方答案D，與目前正解索引及選項相符。答案表：https://drive.google.com/file/d/175hz0lHG4GTDNxYet9lrRDu0lmC_G08o/view","false","0","0","false","false","false","","","","","false","UNSIGNED_OR_INCOMPLETE"
"ITEM","OFF-0976","數學","114","17","歷屆真題","verified","依114年國中教育會考官方選擇題參考答案一覽表核對：數學第17題官方答案D，與目前正解索引及選項相符。答案表：https://drive.google.com/file/d/175hz0lHG4GTDNxYet9lrRDu0lmC_G08o/view","false","0","0","false","false","false","","","","","false","UNSIGNED_OR_INCOMPLETE"
"ITEM","OFF-0977","數學","114","18","歷屆真題","verified","依114年國中教育會考官方選擇題參考答案一覽表核對：數學第18題官方答案B，與目前正解索引及選項相符。答案表：https://drive.google.com/file/d/175hz0lHG4GTDNxYet9lrRDu0lmC_G08o/view","false","0","0","false","false","false","","","","","false","UNSIGNED_OR_INCOMPLETE"
"ITEM","OFF-0978","數學","114","19","歷屆真題","verified","依114年國中教育會考官方選擇題參考答案一覽表核對：數學第19題官方答案C，與目前正解索引及選項相符。答案表：https://drive.google.com/file/d/175hz0lHG4GTDNxYet9lrRDu0lmC_G08o/view","false","0","0","false","false","false","","","","","false","UNSIGNED_OR_INCOMPLETE"
"ITEM","OFF-0979","數學","114","20","歷屆真題","verified","依114年國中教育會考官方選擇題參考答案一覽表核對：數學第20題官方答案A，與目前正解索引及選項相符。答案表：https://drive.google.com/file/d/175hz0lHG4GTDNxYet9lrRDu0lmC_G08o/view","true","1","1","false","false","true","","","","","false","UNSIGNED_OR_INCOMPLETE"
"ITEM","OFF-0980","數學","114","21","歷屆真題","verified","依114年國中教育會考官方選擇題參考答案一覽表核對：數學第21題官方答案D，與目前正解索引及選項相符。答案表：https://drive.google.com/file/d/175hz0lHG4GTDNxYet9lrRDu0lmC_G08o/view","false","0","0","false","false","false","","","","","false","UNSIGNED_OR_INCOMPLETE"
"ITEM","OFF-0981","數學","114","22","歷屆真題","verified","依114年國中教育會考官方選擇題參考答案一覽表核對：數學第22題官方答案B，與目前正解索引及選項相符。答案表：https://drive.google.com/file/d/175hz0lHG4GTDNxYet9lrRDu0lmC_G08o/view","false","0","0","false","false","false","","","","","false","UNSIGNED_OR_INCOMPLETE"
"ITEM","OFF-0982","數學","114","23","歷屆真題","verified","依114年國中教育會考官方選擇題參考答案一覽表核對：數學第23題官方答案D，與目前正解索引及選項相符。答案表：https://drive.google.com/file/d/175hz0lHG4GTDNxYet9lrRDu0lmC_G08o/view","true","1","1","false","false","true","","","","","false","UNSIGNED_OR_INCOMPLETE"
"ITEM","OFF-0983","數學","114","24","歷屆真題","verified","依114年國中教育會考官方選擇題參考答案一覽表核對：數學第24題官方答案D，與目前正解索引及選項相符。答案表：https://drive.google.com/file/d/175hz0lHG4GTDNxYet9lrRDu0lmC_G08o/view","false","0","0","false","true","false","","","","","false","UNSIGNED_OR_INCOMPLETE"
"ITEM","OFF-0984","數學","114","25","歷屆真題","verified","依114年國中教育會考官方選擇題參考答案一覽表核對：數學第25題官方答案B，與目前正解索引及選項相符。答案表：https://drive.google.com/file/d/175hz0lHG4GTDNxYet9lrRDu0lmC_G08o/view","false","0","0","false","false","false","","","","","false","UNSIGNED_OR_INCOMPLETE"
"ITEM","OFF-0179","自然","110","1","歷屆真題","verified","依110年國中教育會考官方選擇題參考答案一覽表核對：自然第1題官方答案A，與目前正解索引及選項相符。答案表：https://drive.google.com/file/d/1z7jBxC9t24e2Y3WK71XxWe0JOjJRLcNW/view","true","1","1","false","false","true","","","","","false","UNSIGNED_OR_INCOMPLETE"
"ITEM","OFF-0180","自然","110","2","歷屆真題","verified","依110年國中教育會考官方選擇題參考答案一覽表核對：自然第2題官方答案D，與目前正解索引及選項相符。答案表：https://drive.google.com/file/d/1z7jBxC9t24e2Y3WK71XxWe0JOjJRLcNW/view","false","0","0","false","false","false","","","","","false","UNSIGNED_OR_INCOMPLETE"
"ITEM","OFF-0181","自然","110","3","歷屆真題","verified","依110年國中教育會考官方選擇題參考答案一覽表核對：自然第3題官方答案C，與目前正解索引及選項相符。答案表：https://drive.google.com/file/d/1z7jBxC9t24e2Y3WK71XxWe0JOjJRLcNW/view","true","1","1","false","false","true","","","","","false","UNSIGNED_OR_INCOMPLETE"
"ITEM","OFF-0182","自然","110","4","歷屆真題","verified","依110年國中教育會考官方選擇題參考答案一覽表核對：自然第4題官方答案D，與目前正解索引及選項相符。答案表：https://drive.google.com/file/d/1z7jBxC9t24e2Y3WK71XxWe0JOjJRLcNW/view","false","0","0","false","false","false","","","","","false","UNSIGNED_OR_INCOMPLETE"
"ITEM","OFF-0183","自然","110","5","歷屆真題","verified","依110年國中教育會考官方選擇題參考答案一覽表核對：自然第5題官方答案D，與目前正解索引及選項相符。答案表：https://drive.google.com/file/d/1z7jBxC9t24e2Y3WK71XxWe0JOjJRLcNW/view","false","0","0","false","false","false","","","","","false","UNSIGNED_OR_INCOMPLETE"
"ITEM","OFF-0184","自然","110","6","歷屆真題","verified","依110年國中教育會考官方選擇題參考答案一覽表核對：自然第6題官方答案C，與目前正解索引及選項相符。答案表：https://drive.google.com/file/d/1z7jBxC9t24e2Y3WK71XxWe0JOjJRLcNW/view","false","0","0","false","false","false","","","","","false","UNSIGNED_OR_INCOMPLETE"
"ITEM","OFF-0185","自然","110","7","歷屆真題","verified","依110年國中教育會考官方選擇題參考答案一覽表核對：自然第7題官方答案A，與目前正解索引及選項相符。答案表：https://drive.google.com/file/d/1z7jBxC9t24e2Y3WK71XxWe0JOjJRLcNW/view","true","1","1","false","false","true","","","","","false","UNSIGNED_OR_INCOMPLETE"
"ITEM","OFF-0186","自然","110","8","歷屆真題","已依110年自然科官方題本第8題核對題幹與圖示","原題幹混入重複圖號與OCR碎片；已依兩位學生對話整理成完整問題。圖中兩支音叉均為360 Hz，答案仍為B：只更換其中一支為500 Hz以測試不同頻率是否共振。","true","1","1","false","false","true","","","","","false","UNSIGNED_OR_INCOMPLETE"
"ITEM","OFF-0187","自然","110","9","歷屆真題","verified","依110年國中教育會考官方選擇題參考答案一覽表核對：自然第9題官方答案B，與目前正解索引及選項相符。答案表：https://drive.google.com/file/d/1z7jBxC9t24e2Y3WK71XxWe0JOjJRLcNW/view","false","0","0","false","false","false","","","","","false","UNSIGNED_OR_INCOMPLETE"
"ITEM","OFF-0188","自然","110","10","歷屆真題","verified","依110年國中教育會考官方選擇題參考答案一覽表核對：自然第10題官方答案A，與目前正解索引及選項相符。答案表：https://drive.google.com/file/d/1z7jBxC9t24e2Y3WK71XxWe0JOjJRLcNW/view","false","0","0","false","false","false","","","","","false","UNSIGNED_OR_INCOMPLETE"
"ITEM","OFF-0189","自然","110","11","歷屆真題","verified","依110年國中教育會考官方選擇題參考答案一覽表核對：自然第11題官方答案C，與目前正解索引及選項相符。答案表：https://drive.google.com/file/d/1z7jBxC9t24e2Y3WK71XxWe0JOjJRLcNW/view","true","1","1","false","false","true","","","","","false","UNSIGNED_OR_INCOMPLETE"
"ITEM","OFF-0190","自然","110","12","歷屆真題","verified","依110年國中教育會考官方選擇題參考答案一覽表核對：自然第12題官方答案D，與目前正解索引及選項相符。答案表：https://drive.google.com/file/d/1z7jBxC9t24e2Y3WK71XxWe0JOjJRLcNW/view","true","1","1","false","false","true","","","","","false","UNSIGNED_OR_INCOMPLETE"
"ITEM","OFF-0191","自然","110","13","歷屆真題","verified","依110年國中教育會考官方選擇題參考答案一覽表核對：自然第13題官方答案B，與目前正解索引及選項相符。答案表：https://drive.google.com/file/d/1z7jBxC9t24e2Y3WK71XxWe0JOjJRLcNW/view","false","0","0","false","false","false","","","","","false","UNSIGNED_OR_INCOMPLETE"
"ITEM","OFF-0192","自然","110","14","歷屆真題","verified","依110年國中教育會考官方選擇題參考答案一覽表核對：自然第14題官方答案A，與目前正解索引及選項相符。答案表：https://drive.google.com/file/d/1z7jBxC9t24e2Y3WK71XxWe0JOjJRLcNW/view","false","0","0","false","false","false","","","","","false","UNSIGNED_OR_INCOMPLETE"
"ITEM","OFF-0193","自然","110","15","歷屆真題","verified","依110年國中教育會考官方選擇題參考答案一覽表核對：自然第15題官方答案A，與目前正解索引及選項相符。答案表：https://drive.google.com/file/d/1z7jBxC9t24e2Y3WK71XxWe0JOjJRLcNW/view","false","0","0","false","false","false","","","","","false","UNSIGNED_OR_INCOMPLETE"
"ITEM","OFF-0194","自然","110","16","歷屆真題","verified","依110年國中教育會考官方選擇題參考答案一覽表核對：自然第16題官方答案C，與目前正解索引及選項相符。答案表：https://drive.google.com/file/d/1z7jBxC9t24e2Y3WK71XxWe0JOjJRLcNW/view","true","1","1","false","false","true","","","","","false","UNSIGNED_OR_INCOMPLETE"
"ITEM","OFF-0195","自然","110","17","歷屆真題","verified","依110年國中教育會考官方選擇題參考答案一覽表核對：自然第17題官方答案A，與目前正解索引及選項相符。答案表：https://drive.google.com/file/d/1z7jBxC9t24e2Y3WK71XxWe0JOjJRLcNW/view","true","1","1","false","false","true","","","","","false","UNSIGNED_OR_INCOMPLETE"
"ITEM","OFF-0196","自然","110","18","歷屆真題","verified","依110年國中教育會考官方選擇題參考答案一覽表核對：自然第18題官方答案C，與目前正解索引及選項相符。答案表：https://drive.google.com/file/d/1z7jBxC9t24e2Y3WK71XxWe0JOjJRLcNW/view","false","0","0","false","false","false","","","","","false","UNSIGNED_OR_INCOMPLETE"
"ITEM","OFF-0197","自然","110","19","歷屆真題","verified","依110年國中教育會考官方選擇題參考答案一覽表核對：自然第19題官方答案B，與目前正解索引及選項相符。答案表：https://drive.google.com/file/d/1z7jBxC9t24e2Y3WK71XxWe0JOjJRLcNW/view","true","1","1","false","false","true","","","","","false","UNSIGNED_OR_INCOMPLETE"
"ITEM","OFF-0198","自然","110","20","歷屆真題","verified","依110年國中教育會考官方選擇題參考答案一覽表核對：自然第20題官方答案C，與目前正解索引及選項相符。答案表：https://drive.google.com/file/d/1z7jBxC9t24e2Y3WK71XxWe0JOjJRLcNW/view","false","0","0","false","false","false","","","","","false","UNSIGNED_OR_INCOMPLETE"
"ITEM","OFF-0199","自然","110","21","歷屆真題","verified","依110年國中教育會考官方選擇題參考答案一覽表核對：自然第21題官方答案D，與目前正解索引及選項相符。答案表：https://drive.google.com/file/d/1z7jBxC9t24e2Y3WK71XxWe0JOjJRLcNW/view","false","0","0","false","false","false","","","","","false","UNSIGNED_OR_INCOMPLETE"
"ITEM","OFF-0200","自然","110","22","歷屆真題","verified","依110年國中教育會考官方選擇題參考答案一覽表核對：自然第22題官方答案A，與目前正解索引及選項相符。答案表：https://drive.google.com/file/d/1z7jBxC9t24e2Y3WK71XxWe0JOjJRLcNW/view","false","0","0","false","false","false","","","","","false","UNSIGNED_OR_INCOMPLETE"
"ITEM","OFF-0201","自然","110","23","歷屆真題","verified","依110年國中教育會考官方選擇題參考答案一覽表核對：自然第23題官方答案C，與目前正解索引及選項相符。答案表：https://drive.google.com/file/d/1z7jBxC9t24e2Y3WK71XxWe0JOjJRLcNW/view","false","0","0","false","false","false","","","","","false","UNSIGNED_OR_INCOMPLETE"
"ITEM","OFF-0202","自然","110","24","歷屆真題","verified","依110年國中教育會考官方選擇題參考答案一覽表核對：自然第24題官方答案A，與目前正解索引及選項相符。答案表：https://drive.google.com/file/d/1z7jBxC9t24e2Y3WK71XxWe0JOjJRLcNW/view","false","0","0","false","false","false","","","","","false","UNSIGNED_OR_INCOMPLETE"
"ITEM","OFF-0203","自然","110","25","歷屆真題","verified","依110年國中教育會考官方選擇題參考答案一覽表核對：自然第25題官方答案A，與目前正解索引及選項相符。答案表：https://drive.google.com/file/d/1z7jBxC9t24e2Y3WK71XxWe0JOjJRLcNW/view","false","0","0","false","false","false","","","","","false","UNSIGNED_OR_INCOMPLETE"
"ITEM","OFF-0204","自然","110","26","歷屆真題","verified","依110年國中教育會考官方選擇題參考答案一覽表核對：自然第26題官方答案D，與目前正解索引及選項相符。答案表：https://drive.google.com/file/d/1z7jBxC9t24e2Y3WK71XxWe0JOjJRLcNW/view","false","0","0","false","false","false","","","","","false","UNSIGNED_OR_INCOMPLETE"
"ITEM","OFF-0205","自然","110","27","歷屆真題","verified","依110年國中教育會考官方選擇題參考答案一覽表核對：自然第27題官方答案D，與目前正解索引及選項相符。答案表：https://drive.google.com/file/d/1z7jBxC9t24e2Y3WK71XxWe0JOjJRLcNW/view","false","0","0","false","false","false","","","","","false","UNSIGNED_OR_INCOMPLETE"
"ITEM","OFF-0206","自然","110","28","歷屆真題","verified","依110年國中教育會考官方選擇題參考答案一覽表核對：自然第28題官方答案A，與目前正解索引及選項相符。答案表：https://drive.google.com/file/d/1z7jBxC9t24e2Y3WK71XxWe0JOjJRLcNW/view","false","0","0","false","false","false","","","","","false","UNSIGNED_OR_INCOMPLETE"
"ITEM","OFF-0207","自然","110","29","歷屆真題","verified","依110年國中教育會考官方選擇題參考答案一覽表核對：自然第29題官方答案D，與目前正解索引及選項相符。答案表：https://drive.google.com/file/d/1z7jBxC9t24e2Y3WK71XxWe0JOjJRLcNW/view","false","0","0","false","false","false","","","","","false","UNSIGNED_OR_INCOMPLETE"
"ITEM","OFF-0208","自然","110","30","歷屆真題","verified","依110年國中教育會考官方選擇題參考答案一覽表核對：自然第30題官方答案D，與目前正解索引及選項相符。答案表：https://drive.google.com/file/d/1z7jBxC9t24e2Y3WK71XxWe0JOjJRLcNW/view","false","0","0","false","false","false","","","","","false","UNSIGNED_OR_INCOMPLETE"
"ITEM","OFF-0209","自然","110","31","歷屆真題","verified","依110年國中教育會考官方選擇題參考答案一覽表核對：自然第31題官方答案B，與目前正解索引及選項相符。答案表：https://drive.google.com/file/d/1z7jBxC9t24e2Y3WK71XxWe0JOjJRLcNW/view","false","0","0","false","false","false","","","","","false","UNSIGNED_OR_INCOMPLETE"
"ITEM","OFF-0210","自然","110","32","歷屆真題","verified","依110年國中教育會考官方選擇題參考答案一覽表核對：自然第32題官方答案B，與目前正解索引及選項相符。答案表：https://drive.google.com/file/d/1z7jBxC9t24e2Y3WK71XxWe0JOjJRLcNW/view","false","0","0","false","false","false","","","","","false","UNSIGNED_OR_INCOMPLETE"
"ITEM","OFF-0211","自然","110","33","歷屆真題","verified","依110年國中教育會考官方選擇題參考答案一覽表核對：自然第33題官方答案B，與目前正解索引及選項相符。答案表：https://drive.google.com/file/d/1z7jBxC9t24e2Y3WK71XxWe0JOjJRLcNW/view","true","1","1","false","false","true","","","","","false","UNSIGNED_OR_INCOMPLETE"
"ITEM","OFF-0212","自然","110","34","歷屆真題","verified","依110年國中教育會考官方選擇題參考答案一覽表核對：自然第34題官方答案A，與目前正解索引及選項相符。答案表：https://drive.google.com/file/d/1z7jBxC9t24e2Y3WK71XxWe0JOjJRLcNW/view","false","0","0","false","false","false","","","","","false","UNSIGNED_OR_INCOMPLETE"
"ITEM","OFF-0213","自然","110","35","歷屆真題","verified","依110年國中教育會考官方選擇題參考答案一覽表核對：自然第35題官方答案B，與目前正解索引及選項相符。答案表：https://drive.google.com/file/d/1z7jBxC9t24e2Y3WK71XxWe0JOjJRLcNW/view","false","0","0","false","false","false","","","","","false","UNSIGNED_OR_INCOMPLETE"
"ITEM","OFF-0214","自然","110","36","歷屆真題","verified","依110年國中教育會考官方選擇題參考答案一覽表核對：自然第36題官方答案D，與目前正解索引及選項相符。答案表：https://drive.google.com/file/d/1z7jBxC9t24e2Y3WK71XxWe0JOjJRLcNW/view","true","1","1","false","false","true","","","","","false","UNSIGNED_OR_INCOMPLETE"
"ITEM","OFF-0215","自然","110","37","歷屆真題","verified","依110年國中教育會考官方選擇題參考答案一覽表核對：自然第37題官方答案D，與目前正解索引及選項相符。答案表：https://drive.google.com/file/d/1z7jBxC9t24e2Y3WK71XxWe0JOjJRLcNW/view","true","1","1","false","false","true","","","","","false","UNSIGNED_OR_INCOMPLETE"
"ITEM","OFF-0216","自然","110","38","歷屆真題","verified","依110年國中教育會考官方選擇題參考答案一覽表核對：自然第38題官方答案C，與目前正解索引及選項相符。答案表：https://drive.google.com/file/d/1z7jBxC9t24e2Y3WK71XxWe0JOjJRLcNW/view","true","1","1","false","false","true","","","","","false","UNSIGNED_OR_INCOMPLETE"
"ITEM","OFF-0217","自然","110","39","歷屆真題","verified","依110年國中教育會考官方選擇題參考答案一覽表核對：自然第39題官方答案D，與目前正解索引及選項相符。答案表：https://drive.google.com/file/d/1z7jBxC9t24e2Y3WK71XxWe0JOjJRLcNW/view","false","0","0","false","false","false","","","","","false","UNSIGNED_OR_INCOMPLETE"
"ITEM","OFF-0218","自然","110","40","歷屆真題","verified","依110年國中教育會考官方選擇題參考答案一覽表核對：自然第40題官方答案D，與目前正解索引及選項相符。答案表：https://drive.google.com/file/d/1z7jBxC9t24e2Y3WK71XxWe0JOjJRLcNW/view","false","0","0","false","false","false","","","","","false","UNSIGNED_OR_INCOMPLETE"
"ITEM","OFF-0219","自然","110","41","歷屆真題","verified","依110年國中教育會考官方選擇題參考答案一覽表核對：自然第41題官方答案A，與目前正解索引及選項相符。答案表：https://drive.google.com/file/d/1z7jBxC9t24e2Y3WK71XxWe0JOjJRLcNW/view","false","0","0","false","false","false","","","","","false","UNSIGNED_OR_INCOMPLETE"
"ITEM","OFF-0220","自然","110","42","歷屆真題","verified","依110年國中教育會考官方選擇題參考答案一覽表核對：自然第42題官方答案C，與目前正解索引及選項相符。答案表：https://drive.google.com/file/d/1z7jBxC9t24e2Y3WK71XxWe0JOjJRLcNW/view","true","1","1","false","false","true","","","","","false","UNSIGNED_OR_INCOMPLETE"
"ITEM","OFF-0221","自然","110","43","歷屆真題","verified","依110年國中教育會考官方選擇題參考答案一覽表核對：自然第43題官方答案B，與目前正解索引及選項相符。答案表：https://drive.google.com/file/d/1z7jBxC9t24e2Y3WK71XxWe0JOjJRLcNW/view","true","1","1","false","false","true","","","","","false","UNSIGNED_OR_INCOMPLETE"
"ITEM","OFF-0222","自然","110","44","歷屆真題","verified","依110年國中教育會考官方選擇題參考答案一覽表核對：自然第44題官方答案C，與目前正解索引及選項相符。答案表：https://drive.google.com/file/d/1z7jBxC9t24e2Y3WK71XxWe0JOjJRLcNW/view","false","0","0","false","false","false","","","","","false","UNSIGNED_OR_INCOMPLETE"
"ITEM","OFF-0223","自然","110","45","歷屆真題","verified","依110年國中教育會考官方選擇題參考答案一覽表核對：自然第45題官方答案A，與目前正解索引及選項相符。答案表：https://drive.google.com/file/d/1z7jBxC9t24e2Y3WK71XxWe0JOjJRLcNW/view","false","0","0","false","false","false","","","","","false","UNSIGNED_OR_INCOMPLETE"
"ITEM","OFF-0224","自然","110","46","歷屆真題","verified","依110年國中教育會考官方選擇題參考答案一覽表核對：自然第46題官方答案B，與目前正解索引及選項相符。答案表：https://drive.google.com/file/d/1z7jBxC9t24e2Y3WK71XxWe0JOjJRLcNW/view","false","0","0","false","true","false","","","","","false","UNSIGNED_OR_INCOMPLETE"
"ITEM","OFF-0225","自然","110","47","歷屆真題","verified","依110年國中教育會考官方選擇題參考答案一覽表核對：自然第47題官方答案A，與目前正解索引及選項相符。答案表：https://drive.google.com/file/d/1z7jBxC9t24e2Y3WK71XxWe0JOjJRLcNW/view","false","0","0","false","true","false","","","","","false","UNSIGNED_OR_INCOMPLETE"
"ITEM","OFF-0226","自然","110","48","歷屆真題","verified","依110年國中教育會考官方選擇題參考答案一覽表核對：自然第48題官方答案C，與目前正解索引及選項相符。答案表：https://drive.google.com/file/d/1z7jBxC9t24e2Y3WK71XxWe0JOjJRLcNW/view","false","0","0","false","true","false","","","","","false","UNSIGNED_OR_INCOMPLETE"
"ITEM","OFF-0227","自然","110","49","歷屆真題","verified","依110年國中教育會考官方選擇題參考答案一覽表核對：自然第49題官方答案C，與目前正解索引及選項相符。答案表：https://drive.google.com/file/d/1z7jBxC9t24e2Y3WK71XxWe0JOjJRLcNW/view","false","0","0","false","true","false","","","","","false","UNSIGNED_OR_INCOMPLETE"
"ITEM","OFF-0228","自然","110","50","歷屆真題","verified","依110年國中教育會考官方選擇題參考答案一覽表核對：自然第50題官方答案C，與目前正解索引及選項相符。答案表：https://drive.google.com/file/d/1z7jBxC9t24e2Y3WK71XxWe0JOjJRLcNW/view","false","0","0","false","true","false","","","","","false","UNSIGNED_OR_INCOMPLETE"
"ITEM","OFF-0229","自然","110","51","歷屆真題","verified","依110年國中教育會考官方選擇題參考答案一覽表核對：自然第51題官方答案B，與目前正解索引及選項相符。答案表：https://drive.google.com/file/d/1z7jBxC9t24e2Y3WK71XxWe0JOjJRLcNW/view","false","0","0","false","true","false","","","","","false","UNSIGNED_OR_INCOMPLETE"
"ITEM","OFF-0230","自然","110","52","歷屆真題","verified","依110年國中教育會考官方選擇題參考答案一覽表核對：自然第52題官方答案B，與目前正解索引及選項相符。答案表：https://drive.google.com/file/d/1z7jBxC9t24e2Y3WK71XxWe0JOjJRLcNW/view","true","1","1","false","true","true","","","","","false","UNSIGNED_OR_INCOMPLETE"
"ITEM","OFF-0231","自然","110","53","歷屆真題","verified","依110年國中教育會考官方選擇題參考答案一覽表核對：自然第53題官方答案D，與目前正解索引及選項相符。答案表：https://drive.google.com/file/d/1z7jBxC9t24e2Y3WK71XxWe0JOjJRLcNW/view","true","1","1","false","true","true","","","","","false","UNSIGNED_OR_INCOMPLETE"
"ITEM","OFF-0232","自然","110","54","歷屆真題","verified","依110年國中教育會考官方選擇題參考答案一覽表核對：自然第54題官方答案B，與目前正解索引及選項相符。答案表：https://drive.google.com/file/d/1z7jBxC9t24e2Y3WK71XxWe0JOjJRLcNW/view","false","0","0","false","true","false","","","","","false","UNSIGNED_OR_INCOMPLETE"
"ITEM","OFF-0397","自然","111","1","歷屆真題","verified","依111年國中教育會考官方選擇題參考答案一覽表核對：自然第1題官方答案A，與目前正解索引及選項相符。答案表：https://drive.google.com/file/d/1IeMHI4BmTpC_2Oc1lQ1Qj6XWHDf9qwGd/view","false","0","0","false","false","false","","","","","false","UNSIGNED_OR_INCOMPLETE"
"ITEM","OFF-0398","自然","111","2","歷屆真題","verified","依111年國中教育會考官方選擇題參考答案一覽表核對：自然第2題官方答案C，與目前正解索引及選項相符。答案表：https://drive.google.com/file/d/1IeMHI4BmTpC_2Oc1lQ1Qj6XWHDf9qwGd/view","false","0","0","false","false","false","","","","","false","UNSIGNED_OR_INCOMPLETE"
"ITEM","OFF-0399","自然","111","3","歷屆真題","verified","依111年國中教育會考官方選擇題參考答案一覽表核對：自然第3題官方答案D，與目前正解索引及選項相符。答案表：https://drive.google.com/file/d/1IeMHI4BmTpC_2Oc1lQ1Qj6XWHDf9qwGd/view","false","0","0","false","false","false","","","","","false","UNSIGNED_OR_INCOMPLETE"
"ITEM","OFF-0400","自然","111","4","歷屆真題","verified","依111年國中教育會考官方選擇題參考答案一覽表核對：自然第4題官方答案C，與目前正解索引及選項相符。答案表：https://drive.google.com/file/d/1IeMHI4BmTpC_2Oc1lQ1Qj6XWHDf9qwGd/view","false","0","0","false","false","false","","","","","false","UNSIGNED_OR_INCOMPLETE"
"ITEM","OFF-0401","自然","111","5","歷屆真題","verified","依111年國中教育會考官方選擇題參考答案一覽表核對：自然第5題官方答案A，與目前正解索引及選項相符。答案表：https://drive.google.com/file/d/1IeMHI4BmTpC_2Oc1lQ1Qj6XWHDf9qwGd/view","false","0","0","false","false","false","","","","","false","UNSIGNED_OR_INCOMPLETE"
"ITEM","OFF-0402","自然","111","6","歷屆真題","verified","依111年國中教育會考官方選擇題參考答案一覽表核對：自然第6題官方答案B，與目前正解索引及選項相符。答案表：https://drive.google.com/file/d/1IeMHI4BmTpC_2Oc1lQ1Qj6XWHDf9qwGd/view","false","0","0","false","true","false","","","","","false","UNSIGNED_OR_INCOMPLETE"
"ITEM","OFF-0403","自然","111","7","歷屆真題","verified","依111年國中教育會考官方選擇題參考答案一覽表核對：自然第7題官方答案B，與目前正解索引及選項相符。答案表：https://drive.google.com/file/d/1IeMHI4BmTpC_2Oc1lQ1Qj6XWHDf9qwGd/view","false","0","0","false","false","false","","","","","false","UNSIGNED_OR_INCOMPLETE"
"ITEM","OFF-0404","自然","111","8","歷屆真題","verified","依111年國中教育會考官方選擇題參考答案一覽表核對：自然第8題官方答案B，與目前正解索引及選項相符。答案表：https://drive.google.com/file/d/1IeMHI4BmTpC_2Oc1lQ1Qj6XWHDf9qwGd/view","false","0","0","false","false","false","","","","","false","UNSIGNED_OR_INCOMPLETE"
"ITEM","OFF-0405","自然","111","9","歷屆真題","verified","依111年國中教育會考官方選擇題參考答案一覽表核對：自然第9題官方答案C，與目前正解索引及選項相符。答案表：https://drive.google.com/file/d/1IeMHI4BmTpC_2Oc1lQ1Qj6XWHDf9qwGd/view","false","0","0","false","false","false","","","","","false","UNSIGNED_OR_INCOMPLETE"
"ITEM","OFF-0406","自然","111","10","歷屆真題","verified","依111年國中教育會考官方選擇題參考答案一覽表核對：自然第10題官方答案A，與目前正解索引及選項相符。答案表：https://drive.google.com/file/d/1IeMHI4BmTpC_2Oc1lQ1Qj6XWHDf9qwGd/view","false","0","0","false","false","false","","","","","false","UNSIGNED_OR_INCOMPLETE"
"ITEM","OFF-0407","自然","111","11","歷屆真題","verified","依111年國中教育會考官方選擇題參考答案一覽表核對：自然第11題官方答案C，與目前正解索引及選項相符。答案表：https://drive.google.com/file/d/1IeMHI4BmTpC_2Oc1lQ1Qj6XWHDf9qwGd/view","false","0","0","false","false","false","","","","","false","UNSIGNED_OR_INCOMPLETE"
"ITEM","OFF-0408","自然","111","12","歷屆真題","verified","依111年國中教育會考官方選擇題參考答案一覽表核對：自然第12題官方答案A，與目前正解索引及選項相符。答案表：https://drive.google.com/file/d/1IeMHI4BmTpC_2Oc1lQ1Qj6XWHDf9qwGd/view","false","0","0","false","false","false","","","","","false","UNSIGNED_OR_INCOMPLETE"
"ITEM","OFF-0409","自然","111","13","歷屆真題","verified","依111年國中教育會考官方選擇題參考答案一覽表核對：自然第13題官方答案C，與目前正解索引及選項相符。答案表：https://drive.google.com/file/d/1IeMHI4BmTpC_2Oc1lQ1Qj6XWHDf9qwGd/view","false","0","0","false","false","false","","","","","false","UNSIGNED_OR_INCOMPLETE"
"ITEM","OFF-0410","自然","111","14","歷屆真題","verified","依111年國中教育會考官方選擇題參考答案一覽表核對：自然第14題官方答案A，與目前正解索引及選項相符。答案表：https://drive.google.com/file/d/1IeMHI4BmTpC_2Oc1lQ1Qj6XWHDf9qwGd/view","false","0","0","false","false","false","","","","","false","UNSIGNED_OR_INCOMPLETE"
"ITEM","OFF-0411","自然","111","15","歷屆真題","verified","依111年國中教育會考官方選擇題參考答案一覽表核對：自然第15題官方答案C，與目前正解索引及選項相符。答案表：https://drive.google.com/file/d/1IeMHI4BmTpC_2Oc1lQ1Qj6XWHDf9qwGd/view","true","1","1","false","false","true","","","","","false","UNSIGNED_OR_INCOMPLETE"
"ITEM","OFF-0412","自然","111","16","歷屆真題","verified","依111年國中教育會考官方選擇題參考答案一覽表核對：自然第16題官方答案B，與目前正解索引及選項相符。答案表：https://drive.google.com/file/d/1IeMHI4BmTpC_2Oc1lQ1Qj6XWHDf9qwGd/view","true","1","1","false","false","true","","","","","false","UNSIGNED_OR_INCOMPLETE"
"ITEM","OFF-0413","自然","111","17","歷屆真題","verified","依111年國中教育會考官方選擇題參考答案一覽表核對：自然第17題官方答案C，與目前正解索引及選項相符。答案表：https://drive.google.com/file/d/1IeMHI4BmTpC_2Oc1lQ1Qj6XWHDf9qwGd/view","true","1","1","false","false","true","","","","","false","UNSIGNED_OR_INCOMPLETE"
"ITEM","OFF-0414","自然","111","18","歷屆真題","verified","依111年國中教育會考官方選擇題參考答案一覽表核對：自然第18題官方答案C，與目前正解索引及選項相符。答案表：https://drive.google.com/file/d/1IeMHI4BmTpC_2Oc1lQ1Qj6XWHDf9qwGd/view","false","0","0","false","false","false","","","","","false","UNSIGNED_OR_INCOMPLETE"
"ITEM","OFF-0415","自然","111","19","歷屆真題","verified","依111年國中教育會考官方選擇題參考答案一覽表核對：自然第19題官方答案B，與目前正解索引及選項相符。答案表：https://drive.google.com/file/d/1IeMHI4BmTpC_2Oc1lQ1Qj6XWHDf9qwGd/view","false","0","0","false","false","false","","","","","false","UNSIGNED_OR_INCOMPLETE"
"ITEM","OFF-0416","自然","111","20","歷屆真題","verified","依111年國中教育會考官方選擇題參考答案一覽表核對：自然第20題官方答案A，與目前正解索引及選項相符。答案表：https://drive.google.com/file/d/1IeMHI4BmTpC_2Oc1lQ1Qj6XWHDf9qwGd/view","true","1","1","false","false","true","","","","","false","UNSIGNED_OR_INCOMPLETE"
"ITEM","OFF-0417","自然","111","21","歷屆真題","verified","依111年國中教育會考官方選擇題參考答案一覽表核對：自然第21題官方答案D，與目前正解索引及選項相符。答案表：https://drive.google.com/file/d/1IeMHI4BmTpC_2Oc1lQ1Qj6XWHDf9qwGd/view","false","0","0","false","false","false","","","","","false","UNSIGNED_OR_INCOMPLETE"
"ITEM","OFF-0418","自然","111","22","歷屆真題","verified","依111年國中教育會考官方選擇題參考答案一覽表核對：自然第22題官方答案B，與目前正解索引及選項相符。答案表：https://drive.google.com/file/d/1IeMHI4BmTpC_2Oc1lQ1Qj6XWHDf9qwGd/view","false","0","0","false","false","false","","","","","false","UNSIGNED_OR_INCOMPLETE"
"ITEM","OFF-0419","自然","111","23","歷屆真題","verified","依111年國中教育會考官方選擇題參考答案一覽表核對：自然第23題官方答案D，與目前正解索引及選項相符。答案表：https://drive.google.com/file/d/1IeMHI4BmTpC_2Oc1lQ1Qj6XWHDf9qwGd/view","false","0","0","false","false","false","","","","","false","UNSIGNED_OR_INCOMPLETE"
"ITEM","OFF-0420","自然","111","24","歷屆真題","verified","依111年國中教育會考官方選擇題參考答案一覽表核對：自然第24題官方答案B，與目前正解索引及選項相符。答案表：https://drive.google.com/file/d/1IeMHI4BmTpC_2Oc1lQ1Qj6XWHDf9qwGd/view","true","1","1","false","false","true","","","","","false","UNSIGNED_OR_INCOMPLETE"
"ITEM","OFF-0421","自然","111","25","歷屆真題","verified","依111年國中教育會考官方選擇題參考答案一覽表核對：自然第25題官方答案D，與目前正解索引及選項相符。答案表：https://drive.google.com/file/d/1IeMHI4BmTpC_2Oc1lQ1Qj6XWHDf9qwGd/view","true","1","1","false","false","true","","","","","false","UNSIGNED_OR_INCOMPLETE"
"ITEM","OFF-0422","自然","111","26","歷屆真題","verified","依111年國中教育會考官方選擇題參考答案一覽表核對：自然第26題官方答案D，與目前正解索引及選項相符。答案表：https://drive.google.com/file/d/1IeMHI4BmTpC_2Oc1lQ1Qj6XWHDf9qwGd/view","false","0","0","false","false","false","","","","","false","UNSIGNED_OR_INCOMPLETE"
"ITEM","OFF-0423","自然","111","27","歷屆真題","verified","依111年國中教育會考官方選擇題參考答案一覽表核對：自然第27題官方答案B，與目前正解索引及選項相符。答案表：https://drive.google.com/file/d/1IeMHI4BmTpC_2Oc1lQ1Qj6XWHDf9qwGd/view","true","2","2","false","false","true","","","","","false","UNSIGNED_OR_INCOMPLETE"
"ITEM","OFF-0424","自然","111","28","歷屆真題","verified","依111年國中教育會考官方選擇題參考答案一覽表核對：自然第28題官方答案B，與目前正解索引及選項相符。答案表：https://drive.google.com/file/d/1IeMHI4BmTpC_2Oc1lQ1Qj6XWHDf9qwGd/view","true","1","1","false","false","true","","","","","false","UNSIGNED_OR_INCOMPLETE"
"ITEM","OFF-0425","自然","111","29","歷屆真題","verified","依111年國中教育會考官方選擇題參考答案一覽表核對：自然第29題官方答案A，與目前正解索引及選項相符。答案表：https://drive.google.com/file/d/1IeMHI4BmTpC_2Oc1lQ1Qj6XWHDf9qwGd/view","false","0","0","false","false","false","","","","","false","UNSIGNED_OR_INCOMPLETE"
"ITEM","OFF-0426","自然","111","30","歷屆真題","verified","依111年國中教育會考官方選擇題參考答案一覽表核對：自然第30題官方答案A，與目前正解索引及選項相符。答案表：https://drive.google.com/file/d/1IeMHI4BmTpC_2Oc1lQ1Qj6XWHDf9qwGd/view","true","1","1","false","false","true","","","","","false","UNSIGNED_OR_INCOMPLETE"
"ITEM","OFF-0427","自然","111","31","歷屆真題","verified","依111年國中教育會考官方選擇題參考答案一覽表核對：自然第31題官方答案C，與目前正解索引及選項相符。答案表：https://drive.google.com/file/d/1IeMHI4BmTpC_2Oc1lQ1Qj6XWHDf9qwGd/view","false","0","0","false","false","false","","","","","false","UNSIGNED_OR_INCOMPLETE"
"ITEM","OFF-0428","自然","111","32","歷屆真題","verified","依111年國中教育會考官方選擇題參考答案一覽表核對：自然第32題官方答案C，與目前正解索引及選項相符。答案表：https://drive.google.com/file/d/1IeMHI4BmTpC_2Oc1lQ1Qj6XWHDf9qwGd/view","false","0","0","false","false","false","","","","","false","UNSIGNED_OR_INCOMPLETE"
"ITEM","OFF-0429","自然","111","33","歷屆真題","verified","依111年國中教育會考官方選擇題參考答案一覽表核對：自然第33題官方答案A，與目前正解索引及選項相符。答案表：https://drive.google.com/file/d/1IeMHI4BmTpC_2Oc1lQ1Qj6XWHDf9qwGd/view","true","1","1","false","false","true","","","","","false","UNSIGNED_OR_INCOMPLETE"
"ITEM","OFF-0430","自然","111","34","歷屆真題","verified","依111年國中教育會考官方選擇題參考答案一覽表核對：自然第34題官方答案D，與目前正解索引及選項相符。答案表：https://drive.google.com/file/d/1IeMHI4BmTpC_2Oc1lQ1Qj6XWHDf9qwGd/view","false","0","0","false","true","false","","","","","false","UNSIGNED_OR_INCOMPLETE"
"ITEM","OFF-0431","自然","111","35","歷屆真題","verified","依111年國中教育會考官方選擇題參考答案一覽表核對：自然第35題官方答案B，與目前正解索引及選項相符。答案表：https://drive.google.com/file/d/1IeMHI4BmTpC_2Oc1lQ1Qj6XWHDf9qwGd/view","false","0","0","false","false","false","","","","","false","UNSIGNED_OR_INCOMPLETE"
"ITEM","OFF-0432","自然","111","36","歷屆真題","verified","依111年國中教育會考官方選擇題參考答案一覽表核對：自然第36題官方答案D，與目前正解索引及選項相符。答案表：https://drive.google.com/file/d/1IeMHI4BmTpC_2Oc1lQ1Qj6XWHDf9qwGd/view","false","0","0","false","false","false","","","","","false","UNSIGNED_OR_INCOMPLETE"
"ITEM","OFF-0433","自然","111","37","歷屆真題","verified","依111年國中教育會考官方選擇題參考答案一覽表核對：自然第37題官方答案B，與目前正解索引及選項相符。答案表：https://drive.google.com/file/d/1IeMHI4BmTpC_2Oc1lQ1Qj6XWHDf9qwGd/view","false","0","0","false","false","false","","","","","false","UNSIGNED_OR_INCOMPLETE"
"ITEM","OFF-0434","自然","111","38","歷屆真題","verified","依111年國中教育會考官方選擇題參考答案一覽表核對：自然第38題官方答案A，與目前正解索引及選項相符。答案表：https://drive.google.com/file/d/1IeMHI4BmTpC_2Oc1lQ1Qj6XWHDf9qwGd/view","false","0","0","false","false","false","","","","","false","UNSIGNED_OR_INCOMPLETE"
"ITEM","OFF-0435","自然","111","39","歷屆真題","verified","依111年國中教育會考官方選擇題參考答案一覽表核對：自然第39題官方答案B，與目前正解索引及選項相符。答案表：https://drive.google.com/file/d/1IeMHI4BmTpC_2Oc1lQ1Qj6XWHDf9qwGd/view","false","0","0","false","false","false","","","","","false","UNSIGNED_OR_INCOMPLETE"
"ITEM","OFF-0436","自然","111","40","歷屆真題","verified","依111年國中教育會考官方選擇題參考答案一覽表核對：自然第40題官方答案D，與目前正解索引及選項相符。答案表：https://drive.google.com/file/d/1IeMHI4BmTpC_2Oc1lQ1Qj6XWHDf9qwGd/view","true","1","1","false","false","true","","","","","false","UNSIGNED_OR_INCOMPLETE"
"ITEM","OFF-0437","自然","111","41","歷屆真題","verified","依111年國中教育會考官方選擇題參考答案一覽表核對：自然第41題官方答案D，與目前正解索引及選項相符。答案表：https://drive.google.com/file/d/1IeMHI4BmTpC_2Oc1lQ1Qj6XWHDf9qwGd/view","false","0","0","false","false","false","","","","","false","UNSIGNED_OR_INCOMPLETE"
"ITEM","OFF-0438","自然","111","42","歷屆真題","verified","依111年國中教育會考官方選擇題參考答案一覽表核對：自然第42題官方答案B，與目前正解索引及選項相符。答案表：https://drive.google.com/file/d/1IeMHI4BmTpC_2Oc1lQ1Qj6XWHDf9qwGd/view","true","1","1","false","false","true","","","","","false","UNSIGNED_OR_INCOMPLETE"
"ITEM","OFF-0439","自然","111","43","歷屆真題","verified","依111年國中教育會考官方選擇題參考答案一覽表核對：自然第43題官方答案C，與目前正解索引及選項相符。答案表：https://drive.google.com/file/d/1IeMHI4BmTpC_2Oc1lQ1Qj6XWHDf9qwGd/view","false","0","0","false","false","false","","","","","false","UNSIGNED_OR_INCOMPLETE"
"ITEM","OFF-0440","自然","111","44","歷屆真題","verified","依111年國中教育會考官方選擇題參考答案一覽表核對：自然第44題官方答案D，與目前正解索引及選項相符。答案表：https://drive.google.com/file/d/1IeMHI4BmTpC_2Oc1lQ1Qj6XWHDf9qwGd/view","false","0","0","false","false","false","","","","","false","UNSIGNED_OR_INCOMPLETE"
"ITEM","OFF-0441","自然","111","45","歷屆真題","verified","依111年國中教育會考官方選擇題參考答案一覽表核對：自然第45題官方答案D，與目前正解索引及選項相符。答案表：https://drive.google.com/file/d/1IeMHI4BmTpC_2Oc1lQ1Qj6XWHDf9qwGd/view","true","1","1","false","false","true","","","","","false","UNSIGNED_OR_INCOMPLETE"
"ITEM","OFF-0442","自然","111","46","歷屆真題","verified","依111年國中教育會考官方選擇題參考答案一覽表核對：自然第46題官方答案D，與目前正解索引及選項相符。答案表：https://drive.google.com/file/d/1IeMHI4BmTpC_2Oc1lQ1Qj6XWHDf9qwGd/view","true","2","2","false","false","true","","","","","false","UNSIGNED_OR_INCOMPLETE"
"ITEM","OFF-0443","自然","111","47","歷屆真題","verified","依111年國中教育會考官方選擇題參考答案一覽表核對：自然第47題官方答案A，與目前正解索引及選項相符。答案表：https://drive.google.com/file/d/1IeMHI4BmTpC_2Oc1lQ1Qj6XWHDf9qwGd/view","true","2","2","false","false","true","","","","","false","UNSIGNED_OR_INCOMPLETE"
"ITEM","OFF-0444","自然","111","48","歷屆真題","verified","依111年國中教育會考官方選擇題參考答案一覽表核對：自然第48題官方答案D，與目前正解索引及選項相符。答案表：https://drive.google.com/file/d/1IeMHI4BmTpC_2Oc1lQ1Qj6XWHDf9qwGd/view","true","1","1","false","false","true","","","","","false","UNSIGNED_OR_INCOMPLETE"
"ITEM","OFF-0445","自然","111","49","歷屆真題","verified","依111年國中教育會考官方選擇題參考答案一覽表核對：自然第49題官方答案C，與目前正解索引及選項相符。答案表：https://drive.google.com/file/d/1IeMHI4BmTpC_2Oc1lQ1Qj6XWHDf9qwGd/view","true","1","1","false","false","true","","","","","false","UNSIGNED_OR_INCOMPLETE"
"ITEM","OFF-0446","自然","111","50","歷屆真題","verified","依111年國中教育會考官方選擇題參考答案一覽表核對：自然第50題官方答案D，與目前正解索引及選項相符。答案表：https://drive.google.com/file/d/1IeMHI4BmTpC_2Oc1lQ1Qj6XWHDf9qwGd/view","false","0","0","false","false","false","","","","","false","UNSIGNED_OR_INCOMPLETE"
"ITEM","OFF-0611","自然","112","1","歷屆真題","verified","依112年國中教育會考官方選擇題參考答案一覽表核對：自然第1題官方答案D，與目前正解索引及選項相符。答案表：https://drive.google.com/file/d/1OT5r0que_0bXSy0kwLEOEJMssce2OnL0/view","false","0","0","false","false","false","","","","","false","UNSIGNED_OR_INCOMPLETE"
"ITEM","OFF-0612","自然","112","2","歷屆真題","verified","依112年國中教育會考官方選擇題參考答案一覽表核對：自然第2題官方答案B，與目前正解索引及選項相符。答案表：https://drive.google.com/file/d/1OT5r0que_0bXSy0kwLEOEJMssce2OnL0/view","false","0","0","false","false","false","","","","","false","UNSIGNED_OR_INCOMPLETE"
"ITEM","OFF-0613","自然","112","3","歷屆真題","verified","依112年國中教育會考官方選擇題參考答案一覽表核對：自然第3題官方答案D，與目前正解索引及選項相符。答案表：https://drive.google.com/file/d/1OT5r0que_0bXSy0kwLEOEJMssce2OnL0/view","true","1","1","false","false","true","","","","","false","UNSIGNED_OR_INCOMPLETE"
"ITEM","OFF-0614","自然","112","4","歷屆真題","verified","依112年國中教育會考官方選擇題參考答案一覽表核對：自然第4題官方答案C，與目前正解索引及選項相符。答案表：https://drive.google.com/file/d/1OT5r0que_0bXSy0kwLEOEJMssce2OnL0/view","false","0","0","false","false","false","","","","","false","UNSIGNED_OR_INCOMPLETE"
"ITEM","OFF-0615","自然","112","5","歷屆真題","verified","依112年國中教育會考官方選擇題參考答案一覽表核對：自然第5題官方答案A，與目前正解索引及選項相符。答案表：https://drive.google.com/file/d/1OT5r0que_0bXSy0kwLEOEJMssce2OnL0/view","true","1","1","false","false","true","","","","","false","UNSIGNED_OR_INCOMPLETE"
"ITEM","OFF-0616","自然","112","6","歷屆真題","verified","依112年國中教育會考官方選擇題參考答案一覽表核對：自然第6題官方答案A，與目前正解索引及選項相符。答案表：https://drive.google.com/file/d/1OT5r0que_0bXSy0kwLEOEJMssce2OnL0/view","true","1","1","false","false","true","","","","","false","UNSIGNED_OR_INCOMPLETE"
"ITEM","OFF-0617","自然","112","7","歷屆真題","verified","依112年國中教育會考官方選擇題參考答案一覽表核對：自然第7題官方答案B，與目前正解索引及選項相符。答案表：https://drive.google.com/file/d/1OT5r0que_0bXSy0kwLEOEJMssce2OnL0/view","false","0","0","false","false","false","","","","","false","UNSIGNED_OR_INCOMPLETE"
"ITEM","OFF-0618","自然","112","8","歷屆真題","verified","依112年國中教育會考官方選擇題參考答案一覽表核對：自然第8題官方答案C，與目前正解索引及選項相符。答案表：https://drive.google.com/file/d/1OT5r0que_0bXSy0kwLEOEJMssce2OnL0/view","false","0","0","false","false","false","","","","","false","UNSIGNED_OR_INCOMPLETE"
"ITEM","OFF-0619","自然","112","9","歷屆真題","verified","依112年國中教育會考官方選擇題參考答案一覽表核對：自然第9題官方答案C，與目前正解索引及選項相符。答案表：https://drive.google.com/file/d/1OT5r0que_0bXSy0kwLEOEJMssce2OnL0/view","false","0","0","false","false","false","","","","","false","UNSIGNED_OR_INCOMPLETE"
"ITEM","OFF-0620","自然","112","10","歷屆真題","verified","依112年國中教育會考官方選擇題參考答案一覽表核對：自然第10題官方答案B，與目前正解索引及選項相符。答案表：https://drive.google.com/file/d/1OT5r0que_0bXSy0kwLEOEJMssce2OnL0/view","false","0","0","false","false","false","","","","","false","UNSIGNED_OR_INCOMPLETE"
"ITEM","OFF-0621","自然","112","11","歷屆真題","verified","依112年國中教育會考官方選擇題參考答案一覽表核對：自然第11題官方答案D，與目前正解索引及選項相符。答案表：https://drive.google.com/file/d/1OT5r0que_0bXSy0kwLEOEJMssce2OnL0/view","true","1","1","false","false","true","","","","","false","UNSIGNED_OR_INCOMPLETE"
"ITEM","OFF-0622","自然","112","12","歷屆真題","verified","依112年國中教育會考官方選擇題參考答案一覽表核對：自然第12題官方答案A，與目前正解索引及選項相符。答案表：https://drive.google.com/file/d/1OT5r0que_0bXSy0kwLEOEJMssce2OnL0/view","false","0","0","false","false","false","","","","","false","UNSIGNED_OR_INCOMPLETE"
"ITEM","OFF-0623","自然","112","13","歷屆真題","verified","依112年國中教育會考官方選擇題參考答案一覽表核對：自然第13題官方答案A，與目前正解索引及選項相符。答案表：https://drive.google.com/file/d/1OT5r0que_0bXSy0kwLEOEJMssce2OnL0/view","true","1","1","false","false","true","","","","","false","UNSIGNED_OR_INCOMPLETE"
"ITEM","OFF-0624","自然","112","14","歷屆真題","verified","依112年國中教育會考官方選擇題參考答案一覽表核對：自然第14題官方答案B，與目前正解索引及選項相符。答案表：https://drive.google.com/file/d/1OT5r0que_0bXSy0kwLEOEJMssce2OnL0/view","false","0","0","false","false","false","","","","","false","UNSIGNED_OR_INCOMPLETE"
"ITEM","OFF-0625","自然","112","15","歷屆真題","verified","依112年國中教育會考官方選擇題參考答案一覽表核對：自然第15題官方答案B，與目前正解索引及選項相符。答案表：https://drive.google.com/file/d/1OT5r0que_0bXSy0kwLEOEJMssce2OnL0/view","false","0","0","false","false","false","","","","","false","UNSIGNED_OR_INCOMPLETE"
"ITEM","OFF-0626","自然","112","16","歷屆真題","verified","依112年國中教育會考官方選擇題參考答案一覽表核對：自然第16題官方答案A，與目前正解索引及選項相符。答案表：https://drive.google.com/file/d/1OT5r0que_0bXSy0kwLEOEJMssce2OnL0/view","false","0","0","false","false","false","","","","","false","UNSIGNED_OR_INCOMPLETE"
"ITEM","OFF-0627","自然","112","17","歷屆真題","verified","依112年國中教育會考官方選擇題參考答案一覽表核對：自然第17題官方答案B，與目前正解索引及選項相符。答案表：https://drive.google.com/file/d/1OT5r0que_0bXSy0kwLEOEJMssce2OnL0/view","true","1","1","false","false","true","","","","","false","UNSIGNED_OR_INCOMPLETE"
"ITEM","OFF-0628","自然","112","18","歷屆真題","verified","依112年國中教育會考官方選擇題參考答案一覽表核對：自然第18題官方答案A，與目前正解索引及選項相符。答案表：https://drive.google.com/file/d/1OT5r0que_0bXSy0kwLEOEJMssce2OnL0/view","true","1","1","false","false","true","","","","","false","UNSIGNED_OR_INCOMPLETE"
"ITEM","OFF-0629","自然","112","19","歷屆真題","verified","依112年國中教育會考官方選擇題參考答案一覽表核對：自然第19題官方答案C，與目前正解索引及選項相符。答案表：https://drive.google.com/file/d/1OT5r0que_0bXSy0kwLEOEJMssce2OnL0/view","true","1","1","false","false","true","","","","","false","UNSIGNED_OR_INCOMPLETE"
"ITEM","OFF-0630","自然","112","20","歷屆真題","verified","依112年國中教育會考官方選擇題參考答案一覽表核對：自然第20題官方答案B，與目前正解索引及選項相符。答案表：https://drive.google.com/file/d/1OT5r0que_0bXSy0kwLEOEJMssce2OnL0/view","true","1","1","false","false","true","","","","","false","UNSIGNED_OR_INCOMPLETE"
"ITEM","OFF-0631","自然","112","21","歷屆真題","verified","依112年國中教育會考官方選擇題參考答案一覽表核對：自然第21題官方答案D，與目前正解索引及選項相符。答案表：https://drive.google.com/file/d/1OT5r0que_0bXSy0kwLEOEJMssce2OnL0/view","true","1","1","false","false","true","","","","","false","UNSIGNED_OR_INCOMPLETE"
"ITEM","OFF-0632","自然","112","22","歷屆真題","verified","依112年國中教育會考官方選擇題參考答案一覽表核對：自然第22題官方答案B，與目前正解索引及選項相符。答案表：https://drive.google.com/file/d/1OT5r0que_0bXSy0kwLEOEJMssce2OnL0/view","true","1","1","false","false","true","","","","","false","UNSIGNED_OR_INCOMPLETE"
"ITEM","OFF-0633","自然","112","23","歷屆真題","verified","依112年國中教育會考官方選擇題參考答案一覽表核對：自然第23題官方答案C，與目前正解索引及選項相符。答案表：https://drive.google.com/file/d/1OT5r0que_0bXSy0kwLEOEJMssce2OnL0/view","true","1","1","false","false","true","","","","","false","UNSIGNED_OR_INCOMPLETE"
"ITEM","OFF-0634","自然","112","24","歷屆真題","verified","依112年國中教育會考官方選擇題參考答案一覽表核對：自然第24題官方答案D，與目前正解索引及選項相符。答案表：https://drive.google.com/file/d/1OT5r0que_0bXSy0kwLEOEJMssce2OnL0/view","true","1","1","false","false","true","","","","","false","UNSIGNED_OR_INCOMPLETE"
"ITEM","OFF-0635","自然","112","25","歷屆真題","verified","依112年國中教育會考官方選擇題參考答案一覽表核對：自然第25題官方答案D，與目前正解索引及選項相符。答案表：https://drive.google.com/file/d/1OT5r0que_0bXSy0kwLEOEJMssce2OnL0/view","true","1","1","false","false","true","","","","","false","UNSIGNED_OR_INCOMPLETE"
"ITEM","OFF-0636","自然","112","26","歷屆真題","verified","依112年國中教育會考官方選擇題參考答案一覽表核對：自然第26題官方答案A，與目前正解索引及選項相符。答案表：https://drive.google.com/file/d/1OT5r0que_0bXSy0kwLEOEJMssce2OnL0/view","false","0","0","false","false","false","","","","","false","UNSIGNED_OR_INCOMPLETE"
"ITEM","OFF-0637","自然","112","27","歷屆真題","verified","依112年國中教育會考官方選擇題參考答案一覽表核對：自然第27題官方答案A，與目前正解索引及選項相符。答案表：https://drive.google.com/file/d/1OT5r0que_0bXSy0kwLEOEJMssce2OnL0/view","false","0","0","false","false","false","","","","","false","UNSIGNED_OR_INCOMPLETE"
"ITEM","OFF-0638","自然","112","28","歷屆真題","verified","依112年國中教育會考官方選擇題參考答案一覽表核對：自然第28題官方答案A，與目前正解索引及選項相符。答案表：https://drive.google.com/file/d/1OT5r0que_0bXSy0kwLEOEJMssce2OnL0/view","true","1","1","false","false","true","","","","","false","UNSIGNED_OR_INCOMPLETE"
"ITEM","OFF-0639","自然","112","29","歷屆真題","verified","依112年國中教育會考官方選擇題參考答案一覽表核對：自然第29題官方答案B，與目前正解索引及選項相符。答案表：https://drive.google.com/file/d/1OT5r0que_0bXSy0kwLEOEJMssce2OnL0/view","true","1","1","false","false","true","","","","","false","UNSIGNED_OR_INCOMPLETE"
"ITEM","OFF-0640","自然","112","30","歷屆真題","verified","依112年國中教育會考官方選擇題參考答案一覽表核對：自然第30題官方答案C，與目前正解索引及選項相符。答案表：https://drive.google.com/file/d/1OT5r0que_0bXSy0kwLEOEJMssce2OnL0/view","false","0","0","false","false","false","","","","","false","UNSIGNED_OR_INCOMPLETE"
"ITEM","OFF-0641","自然","112","31","歷屆真題","verified","依112年國中教育會考官方選擇題參考答案一覽表核對：自然第31題官方答案C，與目前正解索引及選項相符。答案表：https://drive.google.com/file/d/1OT5r0que_0bXSy0kwLEOEJMssce2OnL0/view","true","1","1","false","false","true","","","","","false","UNSIGNED_OR_INCOMPLETE"
"ITEM","OFF-0642","自然","112","32","歷屆真題","verified","依112年國中教育會考官方選擇題參考答案一覽表核對：自然第32題官方答案C，與目前正解索引及選項相符。答案表：https://drive.google.com/file/d/1OT5r0que_0bXSy0kwLEOEJMssce2OnL0/view","true","2","2","false","false","true","","","","","false","UNSIGNED_OR_INCOMPLETE"
"ITEM","OFF-0643","自然","112","33","歷屆真題","verified","依112年國中教育會考官方選擇題參考答案一覽表核對：自然第33題官方答案C，與目前正解索引及選項相符。答案表：https://drive.google.com/file/d/1OT5r0que_0bXSy0kwLEOEJMssce2OnL0/view","false","0","0","false","false","false","","","","","false","UNSIGNED_OR_INCOMPLETE"
"ITEM","OFF-0644","自然","112","34","歷屆真題","verified","依112年國中教育會考官方選擇題參考答案一覽表核對：自然第34題官方答案D，與目前正解索引及選項相符。答案表：https://drive.google.com/file/d/1OT5r0que_0bXSy0kwLEOEJMssce2OnL0/view","false","0","0","false","false","false","","","","","false","UNSIGNED_OR_INCOMPLETE"
"ITEM","OFF-0645","自然","112","35","歷屆真題","verified","依112年國中教育會考官方選擇題參考答案一覽表核對：自然第35題官方答案C，與目前正解索引及選項相符。答案表：https://drive.google.com/file/d/1OT5r0que_0bXSy0kwLEOEJMssce2OnL0/view","true","1","1","false","false","true","","","","","false","UNSIGNED_OR_INCOMPLETE"
"ITEM","OFF-0646","自然","112","36","歷屆真題","verified","依112年國中教育會考官方選擇題參考答案一覽表核對：自然第36題官方答案A，與目前正解索引及選項相符。答案表：https://drive.google.com/file/d/1OT5r0que_0bXSy0kwLEOEJMssce2OnL0/view","true","1","1","false","false","true","","","","","false","UNSIGNED_OR_INCOMPLETE"
"ITEM","OFF-0647","自然","112","37","歷屆真題","verified","依112年國中教育會考官方選擇題參考答案一覽表核對：自然第37題官方答案B，與目前正解索引及選項相符。答案表：https://drive.google.com/file/d/1OT5r0que_0bXSy0kwLEOEJMssce2OnL0/view","true","1","1","false","false","true","","","","","false","UNSIGNED_OR_INCOMPLETE"
"ITEM","OFF-0648","自然","112","38","歷屆真題","verified","依112年國中教育會考官方選擇題參考答案一覽表核對：自然第38題官方答案D，與目前正解索引及選項相符。答案表：https://drive.google.com/file/d/1OT5r0que_0bXSy0kwLEOEJMssce2OnL0/view","false","0","0","false","false","false","","","","","false","UNSIGNED_OR_INCOMPLETE"
"ITEM","OFF-0649","自然","112","39","歷屆真題","verified","依112年國中教育會考官方選擇題參考答案一覽表核對：自然第39題官方答案D，與目前正解索引及選項相符。答案表：https://drive.google.com/file/d/1OT5r0que_0bXSy0kwLEOEJMssce2OnL0/view","false","0","0","false","false","false","","","","","false","UNSIGNED_OR_INCOMPLETE"
"ITEM","OFF-0650","自然","112","40","歷屆真題","verified","依112年國中教育會考官方選擇題參考答案一覽表核對：自然第40題官方答案A，與目前正解索引及選項相符。答案表：https://drive.google.com/file/d/1OT5r0que_0bXSy0kwLEOEJMssce2OnL0/view","false","0","0","false","false","false","","","","","false","UNSIGNED_OR_INCOMPLETE"
"ITEM","OFF-0651","自然","112","41","歷屆真題","verified","依112年國中教育會考官方選擇題參考答案一覽表核對：自然第41題官方答案A，與目前正解索引及選項相符。答案表：https://drive.google.com/file/d/1OT5r0que_0bXSy0kwLEOEJMssce2OnL0/view","true","1","1","false","false","true","","","","","false","UNSIGNED_OR_INCOMPLETE"
"ITEM","OFF-0652","自然","112","42","歷屆真題","verified","依112年國中教育會考官方選擇題參考答案一覽表核對：自然第42題官方答案D，與目前正解索引及選項相符。答案表：https://drive.google.com/file/d/1OT5r0que_0bXSy0kwLEOEJMssce2OnL0/view","true","1","1","false","false","true","","","","","false","UNSIGNED_OR_INCOMPLETE"
"ITEM","OFF-0653","自然","112","43","歷屆真題","verified","依112年國中教育會考官方選擇題參考答案一覽表核對：自然第43題官方答案A，與目前正解索引及選項相符。答案表：https://drive.google.com/file/d/1OT5r0que_0bXSy0kwLEOEJMssce2OnL0/view","false","0","0","false","false","false","","","","","false","UNSIGNED_OR_INCOMPLETE"
"ITEM","OFF-0654","自然","112","44","歷屆真題","verified","依112年國中教育會考官方選擇題參考答案一覽表核對：自然第44題官方答案D，與目前正解索引及選項相符。答案表：https://drive.google.com/file/d/1OT5r0que_0bXSy0kwLEOEJMssce2OnL0/view","true","1","1","false","false","true","","","","","false","UNSIGNED_OR_INCOMPLETE"
"ITEM","OFF-0655","自然","112","45","歷屆真題","verified","依112年國中教育會考官方選擇題參考答案一覽表核對：自然第45題官方答案C，與目前正解索引及選項相符。答案表：https://drive.google.com/file/d/1OT5r0que_0bXSy0kwLEOEJMssce2OnL0/view","false","0","0","false","false","false","","","","","false","UNSIGNED_OR_INCOMPLETE"
"ITEM","OFF-0656","自然","112","46","歷屆真題","verified","依112年國中教育會考官方選擇題參考答案一覽表核對：自然第46題官方答案B，與目前正解索引及選項相符。答案表：https://drive.google.com/file/d/1OT5r0que_0bXSy0kwLEOEJMssce2OnL0/view","true","1","1","false","false","true","","","","","false","UNSIGNED_OR_INCOMPLETE"
"ITEM","OFF-0657","自然","112","47","歷屆真題","verified","依112年國中教育會考官方選擇題參考答案一覽表核對：自然第47題官方答案B，與目前正解索引及選項相符。答案表：https://drive.google.com/file/d/1OT5r0que_0bXSy0kwLEOEJMssce2OnL0/view","false","0","0","false","false","false","","","","","false","UNSIGNED_OR_INCOMPLETE"
"ITEM","OFF-0658","自然","112","48","歷屆真題","verified","依112年國中教育會考官方選擇題參考答案一覽表核對：自然第48題官方答案B，與目前正解索引及選項相符。答案表：https://drive.google.com/file/d/1OT5r0que_0bXSy0kwLEOEJMssce2OnL0/view","false","0","0","false","false","false","","","","","false","UNSIGNED_OR_INCOMPLETE"
"ITEM","OFF-0659","自然","112","49","歷屆真題","verified","依112年國中教育會考官方選擇題參考答案一覽表核對：自然第49題官方答案A，與目前正解索引及選項相符。答案表：https://drive.google.com/file/d/1OT5r0que_0bXSy0kwLEOEJMssce2OnL0/view","true","1","1","false","false","true","","","","","false","UNSIGNED_OR_INCOMPLETE"
"ITEM","OFF-0660","自然","112","50","歷屆真題","verified","依112年國中教育會考官方選擇題參考答案一覽表核對：自然第50題官方答案C，與目前正解索引及選項相符。答案表：https://drive.google.com/file/d/1OT5r0que_0bXSy0kwLEOEJMssce2OnL0/view","true","1","1","false","false","true","","","","","false","UNSIGNED_OR_INCOMPLETE"
"ITEM","OFF-0825","自然","113","1","歷屆真題","verified","依113年國中教育會考官方選擇題參考答案一覽表核對：自然第1題官方答案B，與目前正解索引及選項相符。答案表：https://drive.google.com/file/d/1cWlogP9FBRX1eD5kjgVDP2_6f8VCLSB4/view","false","0","0","false","false","false","","","","","false","UNSIGNED_OR_INCOMPLETE"
"ITEM","OFF-0826","自然","113","2","歷屆真題","verified","依113年國中教育會考官方選擇題參考答案一覽表核對：自然第2題官方答案B，與目前正解索引及選項相符。答案表：https://drive.google.com/file/d/1cWlogP9FBRX1eD5kjgVDP2_6f8VCLSB4/view","false","0","0","false","false","false","","","","","false","UNSIGNED_OR_INCOMPLETE"
"ITEM","OFF-0827","自然","113","3","歷屆真題","verified","依113年國中教育會考官方選擇題參考答案一覽表核對：自然第3題官方答案C，與目前正解索引及選項相符。答案表：https://drive.google.com/file/d/1cWlogP9FBRX1eD5kjgVDP2_6f8VCLSB4/view","true","1","1","false","false","true","","","","","false","UNSIGNED_OR_INCOMPLETE"
"ITEM","OFF-0828","自然","113","4","歷屆真題","verified","依113年國中教育會考官方選擇題參考答案一覽表核對：自然第4題官方答案C，與目前正解索引及選項相符。答案表：https://drive.google.com/file/d/1cWlogP9FBRX1eD5kjgVDP2_6f8VCLSB4/view","false","0","0","false","false","false","","","","","false","UNSIGNED_OR_INCOMPLETE"
"ITEM","OFF-0829","自然","113","5","歷屆真題","verified","依113年國中教育會考官方選擇題參考答案一覽表核對：自然第5題官方答案A，與目前正解索引及選項相符。答案表：https://drive.google.com/file/d/1cWlogP9FBRX1eD5kjgVDP2_6f8VCLSB4/view","false","0","0","false","false","false","","","","","false","UNSIGNED_OR_INCOMPLETE"
"ITEM","OFF-0830","自然","113","6","歷屆真題","verified","依113年國中教育會考官方選擇題參考答案一覽表核對：自然第6題官方答案C，與目前正解索引及選項相符。答案表：https://drive.google.com/file/d/1cWlogP9FBRX1eD5kjgVDP2_6f8VCLSB4/view","true","1","1","false","false","true","","","","","false","UNSIGNED_OR_INCOMPLETE"
"ITEM","OFF-0831","自然","113","7","歷屆真題","verified","依113年國中教育會考官方選擇題參考答案一覽表核對：自然第7題官方答案A，與目前正解索引及選項相符。答案表：https://drive.google.com/file/d/1cWlogP9FBRX1eD5kjgVDP2_6f8VCLSB4/view","false","0","0","false","false","false","","","","","false","UNSIGNED_OR_INCOMPLETE"
"ITEM","OFF-0832","自然","113","8","歷屆真題","verified","依113年國中教育會考官方選擇題參考答案一覽表核對：自然第8題官方答案C，與目前正解索引及選項相符。答案表：https://drive.google.com/file/d/1cWlogP9FBRX1eD5kjgVDP2_6f8VCLSB4/view","true","1","1","false","false","true","","","","","false","UNSIGNED_OR_INCOMPLETE"
"ITEM","OFF-0833","自然","113","9","歷屆真題","verified","依113年國中教育會考官方選擇題參考答案一覽表核對：自然第9題官方答案A，與目前正解索引及選項相符。答案表：https://drive.google.com/file/d/1cWlogP9FBRX1eD5kjgVDP2_6f8VCLSB4/view","true","1","1","false","false","true","","","","","false","UNSIGNED_OR_INCOMPLETE"
"ITEM","OFF-0834","自然","113","10","歷屆真題","verified","依113年國中教育會考官方選擇題參考答案一覽表核對：自然第10題官方答案D，與目前正解索引及選項相符。答案表：https://drive.google.com/file/d/1cWlogP9FBRX1eD5kjgVDP2_6f8VCLSB4/view","true","1","1","false","false","true","","","","","false","UNSIGNED_OR_INCOMPLETE"
"ITEM","OFF-0835","自然","113","11","歷屆真題","verified","依113年國中教育會考官方選擇題參考答案一覽表核對：自然第11題官方答案B，與目前正解索引及選項相符。答案表：https://drive.google.com/file/d/1cWlogP9FBRX1eD5kjgVDP2_6f8VCLSB4/view","false","0","0","false","false","false","","","","","false","UNSIGNED_OR_INCOMPLETE"
"ITEM","OFF-0836","自然","113","12","歷屆真題","verified","依113年國中教育會考官方選擇題參考答案一覽表核對：自然第12題官方答案D，與目前正解索引及選項相符。答案表：https://drive.google.com/file/d/1cWlogP9FBRX1eD5kjgVDP2_6f8VCLSB4/view","false","0","0","false","false","false","","","","","false","UNSIGNED_OR_INCOMPLETE"
"ITEM","OFF-0837","自然","113","13","歷屆真題","verified","依113年國中教育會考官方選擇題參考答案一覽表核對：自然第13題官方答案D，與目前正解索引及選項相符。答案表：https://drive.google.com/file/d/1cWlogP9FBRX1eD5kjgVDP2_6f8VCLSB4/view","false","0","0","false","false","false","","","","","false","UNSIGNED_OR_INCOMPLETE"
"ITEM","OFF-0838","自然","113","14","歷屆真題","verified","依113年國中教育會考官方選擇題參考答案一覽表核對：自然第14題官方答案B，與目前正解索引及選項相符。答案表：https://drive.google.com/file/d/1cWlogP9FBRX1eD5kjgVDP2_6f8VCLSB4/view","false","0","0","false","false","false","","","","","false","UNSIGNED_OR_INCOMPLETE"
"ITEM","OFF-0839","自然","113","15","歷屆真題","verified","依113年國中教育會考官方選擇題參考答案一覽表核對：自然第15題官方答案D，與目前正解索引及選項相符。答案表：https://drive.google.com/file/d/1cWlogP9FBRX1eD5kjgVDP2_6f8VCLSB4/view","true","1","1","false","false","true","","","","","false","UNSIGNED_OR_INCOMPLETE"
"ITEM","OFF-0840","自然","113","16","歷屆真題","verified","依113年國中教育會考官方選擇題參考答案一覽表核對：自然第16題官方答案B，與目前正解索引及選項相符。答案表：https://drive.google.com/file/d/1cWlogP9FBRX1eD5kjgVDP2_6f8VCLSB4/view","false","0","0","false","false","false","","","","","false","UNSIGNED_OR_INCOMPLETE"
"ITEM","OFF-0841","自然","113","17","歷屆真題","verified","依113年國中教育會考官方選擇題參考答案一覽表核對：自然第17題官方答案B，與目前正解索引及選項相符。答案表：https://drive.google.com/file/d/1cWlogP9FBRX1eD5kjgVDP2_6f8VCLSB4/view","false","0","0","false","false","false","","","","","false","UNSIGNED_OR_INCOMPLETE"
"ITEM","OFF-0842","自然","113","18","歷屆真題","verified","依113年國中教育會考官方選擇題參考答案一覽表核對：自然第18題官方答案C，與目前正解索引及選項相符。答案表：https://drive.google.com/file/d/1cWlogP9FBRX1eD5kjgVDP2_6f8VCLSB4/view","false","0","0","false","false","false","","","","","false","UNSIGNED_OR_INCOMPLETE"
"ITEM","OFF-0843","自然","113","19","歷屆真題","verified","依113年國中教育會考官方選擇題參考答案一覽表核對：自然第19題官方答案B，與目前正解索引及選項相符。答案表：https://drive.google.com/file/d/1cWlogP9FBRX1eD5kjgVDP2_6f8VCLSB4/view","false","0","0","false","false","false","","","","","false","UNSIGNED_OR_INCOMPLETE"
"ITEM","OFF-0844","自然","113","20","歷屆真題","verified","依113年國中教育會考官方選擇題參考答案一覽表核對：自然第20題官方答案C，與目前正解索引及選項相符。答案表：https://drive.google.com/file/d/1cWlogP9FBRX1eD5kjgVDP2_6f8VCLSB4/view","false","0","0","false","false","false","","","","","false","UNSIGNED_OR_INCOMPLETE"
"ITEM","OFF-0845","自然","113","21","歷屆真題","verified","依113年國中教育會考官方選擇題參考答案一覽表核對：自然第21題官方答案A，與目前正解索引及選項相符。答案表：https://drive.google.com/file/d/1cWlogP9FBRX1eD5kjgVDP2_6f8VCLSB4/view","false","0","0","false","false","false","","","","","false","UNSIGNED_OR_INCOMPLETE"
"ITEM","OFF-0846","自然","113","22","歷屆真題","verified","依113年國中教育會考官方選擇題參考答案一覽表核對：自然第22題官方答案C，與目前正解索引及選項相符。答案表：https://drive.google.com/file/d/1cWlogP9FBRX1eD5kjgVDP2_6f8VCLSB4/view","false","0","0","false","false","false","","","","","false","UNSIGNED_OR_INCOMPLETE"
"ITEM","OFF-0847","自然","113","23","歷屆真題","verified","依113年國中教育會考官方選擇題參考答案一覽表核對：自然第23題官方答案A，與目前正解索引及選項相符。答案表：https://drive.google.com/file/d/1cWlogP9FBRX1eD5kjgVDP2_6f8VCLSB4/view","false","0","0","false","false","false","","","","","false","UNSIGNED_OR_INCOMPLETE"
"ITEM","OFF-0848","自然","113","24","歷屆真題","verified","依113年國中教育會考官方選擇題參考答案一覽表核對：自然第24題官方答案C，與目前正解索引及選項相符。答案表：https://drive.google.com/file/d/1cWlogP9FBRX1eD5kjgVDP2_6f8VCLSB4/view","false","0","0","false","false","false","","","","","false","UNSIGNED_OR_INCOMPLETE"
"ITEM","OFF-0849","自然","113","25","歷屆真題","verified","依113年國中教育會考官方選擇題參考答案一覽表核對：自然第25題官方答案D，與目前正解索引及選項相符。答案表：https://drive.google.com/file/d/1cWlogP9FBRX1eD5kjgVDP2_6f8VCLSB4/view","false","0","0","false","false","false","","","","","false","UNSIGNED_OR_INCOMPLETE"
"ITEM","OFF-0850","自然","113","26","歷屆真題","verified","依113年國中教育會考官方選擇題參考答案一覽表核對：自然第26題官方答案A，與目前正解索引及選項相符。答案表：https://drive.google.com/file/d/1cWlogP9FBRX1eD5kjgVDP2_6f8VCLSB4/view","false","0","0","false","false","false","","","","","false","UNSIGNED_OR_INCOMPLETE"
"ITEM","OFF-0851","自然","113","27","歷屆真題","verified","依113年國中教育會考官方選擇題參考答案一覽表核對：自然第27題官方答案A，與目前正解索引及選項相符。答案表：https://drive.google.com/file/d/1cWlogP9FBRX1eD5kjgVDP2_6f8VCLSB4/view","false","0","0","false","false","false","","","","","false","UNSIGNED_OR_INCOMPLETE"
"ITEM","OFF-0852","自然","113","28","歷屆真題","verified","依113年國中教育會考官方選擇題參考答案一覽表核對：自然第28題官方答案B，與目前正解索引及選項相符。答案表：https://drive.google.com/file/d/1cWlogP9FBRX1eD5kjgVDP2_6f8VCLSB4/view","false","0","0","false","false","false","","","","","false","UNSIGNED_OR_INCOMPLETE"
"ITEM","OFF-0853","自然","113","29","歷屆真題","verified","依113年國中教育會考官方選擇題參考答案一覽表核對：自然第29題官方答案D，與目前正解索引及選項相符。答案表：https://drive.google.com/file/d/1cWlogP9FBRX1eD5kjgVDP2_6f8VCLSB4/view","false","0","0","false","false","false","","","","","false","UNSIGNED_OR_INCOMPLETE"
"ITEM","OFF-0854","自然","113","30","歷屆真題","verified","依113年國中教育會考官方選擇題參考答案一覽表核對：自然第30題官方答案A，與目前正解索引及選項相符。答案表：https://drive.google.com/file/d/1cWlogP9FBRX1eD5kjgVDP2_6f8VCLSB4/view","false","0","0","false","false","false","","","","","false","UNSIGNED_OR_INCOMPLETE"
"ITEM","OFF-0855","自然","113","31","歷屆真題","verified","依113年國中教育會考官方選擇題參考答案一覽表核對：自然第31題官方答案D，與目前正解索引及選項相符。答案表：https://drive.google.com/file/d/1cWlogP9FBRX1eD5kjgVDP2_6f8VCLSB4/view","true","1","1","false","false","true","","","","","false","UNSIGNED_OR_INCOMPLETE"
"ITEM","OFF-0856","自然","113","32","歷屆真題","verified","依113年國中教育會考官方選擇題參考答案一覽表核對：自然第32題官方答案D，與目前正解索引及選項相符。答案表：https://drive.google.com/file/d/1cWlogP9FBRX1eD5kjgVDP2_6f8VCLSB4/view","false","0","0","false","false","false","","","","","false","UNSIGNED_OR_INCOMPLETE"
"ITEM","OFF-0857","自然","113","33","歷屆真題","verified","依113年國中教育會考官方選擇題參考答案一覽表核對：自然第33題官方答案D，與目前正解索引及選項相符。答案表：https://drive.google.com/file/d/1cWlogP9FBRX1eD5kjgVDP2_6f8VCLSB4/view","false","0","0","false","false","false","","","","","false","UNSIGNED_OR_INCOMPLETE"
"ITEM","OFF-0858","自然","113","34","歷屆真題","verified","依113年國中教育會考官方選擇題參考答案一覽表核對：自然第34題官方答案B，與目前正解索引及選項相符。答案表：https://drive.google.com/file/d/1cWlogP9FBRX1eD5kjgVDP2_6f8VCLSB4/view","false","0","0","false","false","false","","","","","false","UNSIGNED_OR_INCOMPLETE"
"ITEM","OFF-0859","自然","113","35","歷屆真題","verified","依113年國中教育會考官方選擇題參考答案一覽表核對：自然第35題官方答案C，與目前正解索引及選項相符。答案表：https://drive.google.com/file/d/1cWlogP9FBRX1eD5kjgVDP2_6f8VCLSB4/view","true","1","1","false","false","true","","","","","false","UNSIGNED_OR_INCOMPLETE"
"ITEM","OFF-0860","自然","113","36","歷屆真題","verified","依113年國中教育會考官方選擇題參考答案一覽表核對：自然第36題官方答案B，與目前正解索引及選項相符。答案表：https://drive.google.com/file/d/1cWlogP9FBRX1eD5kjgVDP2_6f8VCLSB4/view","true","1","1","false","false","true","","","","","false","UNSIGNED_OR_INCOMPLETE"
"ITEM","OFF-0861","自然","113","37","歷屆真題","verified","依113年國中教育會考官方選擇題參考答案一覽表核對：自然第37題官方答案B，與目前正解索引及選項相符。答案表：https://drive.google.com/file/d/1cWlogP9FBRX1eD5kjgVDP2_6f8VCLSB4/view","false","0","0","false","false","false","","","","","false","UNSIGNED_OR_INCOMPLETE"
"ITEM","OFF-0862","自然","113","38","歷屆真題","verified","依113年國中教育會考官方選擇題參考答案一覽表核對：自然第38題官方答案D，與目前正解索引及選項相符。答案表：https://drive.google.com/file/d/1cWlogP9FBRX1eD5kjgVDP2_6f8VCLSB4/view","false","0","0","false","false","false","","","","","false","UNSIGNED_OR_INCOMPLETE"
"ITEM","OFF-0863","自然","113","39","歷屆真題","verified","依113年國中教育會考官方選擇題參考答案一覽表核對：自然第39題官方答案C，與目前正解索引及選項相符。答案表：https://drive.google.com/file/d/1cWlogP9FBRX1eD5kjgVDP2_6f8VCLSB4/view","false","0","0","false","false","false","","","","","false","UNSIGNED_OR_INCOMPLETE"
"ITEM","OFF-0864","自然","113","40","歷屆真題","verified","依113年國中教育會考官方選擇題參考答案一覽表核對：自然第40題官方答案B，與目前正解索引及選項相符。答案表：https://drive.google.com/file/d/1cWlogP9FBRX1eD5kjgVDP2_6f8VCLSB4/view","true","1","1","false","false","true","","","","","false","UNSIGNED_OR_INCOMPLETE"
"ITEM","OFF-0865","自然","113","41","歷屆真題","verified","依113年國中教育會考官方選擇題參考答案一覽表核對：自然第41題官方答案D，與目前正解索引及選項相符。答案表：https://drive.google.com/file/d/1cWlogP9FBRX1eD5kjgVDP2_6f8VCLSB4/view","false","0","0","false","false","false","","","","","false","UNSIGNED_OR_INCOMPLETE"
"ITEM","OFF-0866","自然","113","42","歷屆真題","verified","依113年國中教育會考官方選擇題參考答案一覽表核對：自然第42題官方答案C，與目前正解索引及選項相符。答案表：https://drive.google.com/file/d/1cWlogP9FBRX1eD5kjgVDP2_6f8VCLSB4/view","false","0","0","false","true","false","","","","","false","UNSIGNED_OR_INCOMPLETE"
"ITEM","OFF-0867","自然","113","43","歷屆真題","verified","依113年國中教育會考官方選擇題參考答案一覽表核對：自然第43題官方答案D，與目前正解索引及選項相符。答案表：https://drive.google.com/file/d/1cWlogP9FBRX1eD5kjgVDP2_6f8VCLSB4/view","false","0","0","false","true","false","","","","","false","UNSIGNED_OR_INCOMPLETE"
"ITEM","OFF-0868","自然","113","44","歷屆真題","verified","依113年國中教育會考官方選擇題參考答案一覽表核對：自然第44題官方答案A，與目前正解索引及選項相符。答案表：https://drive.google.com/file/d/1cWlogP9FBRX1eD5kjgVDP2_6f8VCLSB4/view","false","0","0","false","false","false","","","","","false","UNSIGNED_OR_INCOMPLETE"
"ITEM","OFF-0869","自然","113","45","歷屆真題","verified","依113年國中教育會考官方選擇題參考答案一覽表核對：自然第45題官方答案B，與目前正解索引及選項相符。答案表：https://drive.google.com/file/d/1cWlogP9FBRX1eD5kjgVDP2_6f8VCLSB4/view","false","0","0","false","false","false","","","","","false","UNSIGNED_OR_INCOMPLETE"
"ITEM","OFF-0870","自然","113","46","歷屆真題","verified","依113年國中教育會考官方選擇題參考答案一覽表核對：自然第46題官方答案D，與目前正解索引及選項相符。答案表：https://drive.google.com/file/d/1cWlogP9FBRX1eD5kjgVDP2_6f8VCLSB4/view","false","0","0","false","false","false","","","","","false","UNSIGNED_OR_INCOMPLETE"
"ITEM","OFF-0871","自然","113","47","歷屆真題","verified","依113年國中教育會考官方選擇題參考答案一覽表核對：自然第47題官方答案A，與目前正解索引及選項相符。答案表：https://drive.google.com/file/d/1cWlogP9FBRX1eD5kjgVDP2_6f8VCLSB4/view","false","0","0","false","false","false","","","","","false","UNSIGNED_OR_INCOMPLETE"
"ITEM","OFF-0872","自然","113","48","歷屆真題","verified","依113年國中教育會考官方選擇題參考答案一覽表核對：自然第48題官方答案C，與目前正解索引及選項相符。答案表：https://drive.google.com/file/d/1cWlogP9FBRX1eD5kjgVDP2_6f8VCLSB4/view","false","0","0","false","false","false","","","","","false","UNSIGNED_OR_INCOMPLETE"
"ITEM","OFF-0873","自然","113","49","歷屆真題","verified","依113年國中教育會考官方選擇題參考答案一覽表核對：自然第49題官方答案C，與目前正解索引及選項相符。答案表：https://drive.google.com/file/d/1cWlogP9FBRX1eD5kjgVDP2_6f8VCLSB4/view","true","1","1","false","false","true","","","","","false","UNSIGNED_OR_INCOMPLETE"
"ITEM","OFF-0874","自然","113","50","歷屆真題","verified","依113年國中教育會考官方選擇題參考答案一覽表核對：自然第50題官方答案C，與目前正解索引及選項相符。答案表：https://drive.google.com/file/d/1cWlogP9FBRX1eD5kjgVDP2_6f8VCLSB4/view","false","0","0","false","false","false","","","","","false","UNSIGNED_OR_INCOMPLETE"
"ITEM","OFF-1039","自然","114","1","歷屆真題","verified","依114年國中教育會考官方選擇題參考答案一覽表核對：自然第1題官方答案C，與目前正解索引及選項相符。答案表：https://drive.google.com/file/d/175hz0lHG4GTDNxYet9lrRDu0lmC_G08o/view","false","0","0","false","false","false","","","","","false","UNSIGNED_OR_INCOMPLETE"
"ITEM","OFF-1040","自然","114","2","歷屆真題","verified","依114年國中教育會考官方選擇題參考答案一覽表核對：自然第2題官方答案B，與目前正解索引及選項相符。答案表：https://drive.google.com/file/d/175hz0lHG4GTDNxYet9lrRDu0lmC_G08o/view","false","0","0","false","false","false","","","","","false","UNSIGNED_OR_INCOMPLETE"
"ITEM","OFF-1041","自然","114","3","歷屆真題","verified","依114年國中教育會考官方選擇題參考答案一覽表核對：自然第3題官方答案A，與目前正解索引及選項相符。答案表：https://drive.google.com/file/d/175hz0lHG4GTDNxYet9lrRDu0lmC_G08o/view","false","0","0","false","false","false","","","","","false","UNSIGNED_OR_INCOMPLETE"
"ITEM","OFF-1042","自然","114","4","歷屆真題","已依114年官方自然科第4題及翰林教師解析核對","硫磺為單一元素；N₂O 含氮、氧兩種元素，原卷答案A。","false","0","0","false","false","false","","","","","false","UNSIGNED_OR_INCOMPLETE"
"ITEM","OFF-1043","自然","114","5","歷屆真題","已依114年官方自然科第5題及翰林教師解析核對","依原卷剖面圖冷空氣楔入暖空氣下方、暖空氣沿鋒面上升，答案D。","false","0","0","false","false","false","","","","","false","UNSIGNED_OR_INCOMPLETE"
"ITEM","OFF-1044","自然","114","6","歷屆真題","已依114年官方自然科第6題及翰林教師解析核對","翰林解析指出超抽地下水導致地層下陷；原卷照片A為地層下陷。","false","0","0","false","false","false","","","","","false","UNSIGNED_OR_INCOMPLETE"
"ITEM","OFF-1045","自然","114","7","歷屆真題","已依114年官方自然科第7題及翰林教師解析核對","控制雞蛋種類與地點，只改節日以檢驗太陽直射位置主張，答案B。","false","0","0","false","false","false","","","","","false","UNSIGNED_OR_INCOMPLETE"
"ITEM","OFF-1046","自然","114","8","歷屆真題","已依114年官方自然科第8題及翰林教師解析核對","依甲部位照光、綠色有葉綠素可行光合作用；翰林解析答案A。","false","0","0","false","false","false","","","","","false","UNSIGNED_OR_INCOMPLETE"
"ITEM","OFF-1047","自然","114","9","歷屆真題","已依114年官方自然科第9題及翰林教師解析核對","無摩擦水平平衡得F右=F左=1N，再由第三定律F′右=F右，答案D。","false","0","0","false","false","false","","","","","false","UNSIGNED_OR_INCOMPLETE"
"ITEM","OFF-1048","自然","114","10","歷屆真題","已依114年官方自然科第10題及翰林教師解析核對","依原卷距離由2m至1m及1m至2m的改變，庫侖力分別增大、減小，答案B。","false","0","0","false","false","false","","","","","false","UNSIGNED_OR_INCOMPLETE"
"ITEM","OFF-1049","自然","114","11","歷屆真題","已依114年官方自然科第11題及翰林教師解析核對","30mg/1000g換算為30ppm，教師解析答案C。","false","0","0","false","false","false","","","","","false","UNSIGNED_OR_INCOMPLETE"
"ITEM","OFF-1050","自然","114","12","歷屆真題","已依114年官方自然科第12題及翰林教師解析核對","原卷表格錯誤敘述已逐項轉寫至題幹，控制中樞為兩人皆是大腦，答案C。","false","0","0","false","false","false","","","","","false","UNSIGNED_OR_INCOMPLETE"
"ITEM","OFF-1051","自然","114","13","歷屆真題","已依114年官方自然科第13題及翰林教師解析核對","翰林解析認定高雄位季風背風面、冬季偏乾，答案D。","false","0","0","false","false","false","","","","","false","UNSIGNED_OR_INCOMPLETE"
"ITEM","OFF-1052","自然","114","14","歷屆真題","已依114年官方自然科第14題及翰林教師解析核對","翰林解析答案C；修正題庫錯置為C索引以外的答案索引。","false","0","0","false","false","false","","","","","false","UNSIGNED_OR_INCOMPLETE"
"ITEM","OFF-1053","自然","114","15","歷屆真題","已依114年官方自然科第15題及翰林教師解析核對","翰林教師解析答案B；改用單題板塊圖，不再顯示整頁試卷。","true","1","1","false","false","true","","","","","false","UNSIGNED_OR_INCOMPLETE"
"ITEM","OFF-1054","自然","114","16","歷屆真題","已依114年官方自然科第16題及翰林教師解析核對","依原卷地層剖面及教師解析，石灰岩早於8百萬年，答案C；改用單題剖面圖。","true","1","1","false","false","true","","","","","false","UNSIGNED_OR_INCOMPLETE"
"ITEM","OFF-1055","自然","114","17","歷屆真題","已依114年官方自然科第17題及翰林教師解析核對","原卷比較表已轉寫至題幹，質子數w=20、x=17，電子數y=z=18，答案A。","false","0","0","false","false","false","","","","","false","UNSIGNED_OR_INCOMPLETE"
"ITEM","OFF-1056","自然","114","18","歷屆真題","已依114年官方自然科第18題及翰林教師解析核對","教師解析明示最大靜摩擦力400gw、動摩擦力定值300gw，答案C；改用單題曲線圖。","true","1","1","false","false","true","","","","","false","UNSIGNED_OR_INCOMPLETE"
"ITEM","OFF-1057","自然","114","19","歷屆真題","已依114年官方自然科第19題及翰林教師解析核對","翰林解析指出CO₂形成碳酸並與Ca²⁺生成難溶CaCO₃，答案C。","false","0","0","false","false","false","","","","","false","UNSIGNED_OR_INCOMPLETE"
"ITEM","OFF-1058","自然","114","20","歷屆真題","已依114年官方自然科第20題及翰林教師解析核對","依血糖曲線和教師解析，甲較早促使胰島素分泌，答案B；改用單題圖表。","true","1","1","false","false","true","","","","","false","UNSIGNED_OR_INCOMPLETE"
"ITEM","OFF-1059","自然","114","21","歷屆真題","verified","依114年國中教育會考官方選擇題參考答案一覽表核對：自然第21題官方答案D，與目前正解索引及選項相符。答案表：https://drive.google.com/file/d/175hz0lHG4GTDNxYet9lrRDu0lmC_G08o/view","true","1","1","false","false","true","","","","","false","UNSIGNED_OR_INCOMPLETE"
"ITEM","OFF-1060","自然","114","22","歷屆真題","verified","依114年國中教育會考官方選擇題參考答案一覽表核對：自然第22題官方答案C，與目前正解索引及選項相符。答案表：https://drive.google.com/file/d/175hz0lHG4GTDNxYet9lrRDu0lmC_G08o/view","false","0","0","false","false","false","","","","","false","UNSIGNED_OR_INCOMPLETE"
"ITEM","OFF-1061","自然","114","23","歷屆真題","verified","依114年國中教育會考官方選擇題參考答案一覽表核對：自然第23題官方答案B，與目前正解索引及選項相符。答案表：https://drive.google.com/file/d/175hz0lHG4GTDNxYet9lrRDu0lmC_G08o/view","true","1","1","false","false","true","","","","","false","UNSIGNED_OR_INCOMPLETE"
"ITEM","OFF-1062","自然","114","24","歷屆真題","verified","依114年國中教育會考官方選擇題參考答案一覽表核對：自然第24題官方答案A，與目前正解索引及選項相符。答案表：https://drive.google.com/file/d/175hz0lHG4GTDNxYet9lrRDu0lmC_G08o/view","true","1","1","false","false","true","","","","","false","UNSIGNED_OR_INCOMPLETE"
"ITEM","OFF-1063","自然","114","25","歷屆真題","verified","依114年國中教育會考官方選擇題參考答案一覽表核對：自然第25題官方答案B，與目前正解索引及選項相符。答案表：https://drive.google.com/file/d/175hz0lHG4GTDNxYet9lrRDu0lmC_G08o/view","true","1","1","false","false","true","","","","","false","UNSIGNED_OR_INCOMPLETE"
"ITEM","OFF-1064","自然","114","26","歷屆真題","verified","依114年國中教育會考官方選擇題參考答案一覽表核對：自然第26題官方答案D，與目前正解索引及選項相符。答案表：https://drive.google.com/file/d/175hz0lHG4GTDNxYet9lrRDu0lmC_G08o/view","false","0","0","false","false","false","","","","","false","UNSIGNED_OR_INCOMPLETE"
"ITEM","OFF-1065","自然","114","27","歷屆真題","verified","依114年國中教育會考官方選擇題參考答案一覽表核對：自然第27題官方答案D，與目前正解索引及選項相符。答案表：https://drive.google.com/file/d/175hz0lHG4GTDNxYet9lrRDu0lmC_G08o/view","true","1","1","false","false","true","","","","","false","UNSIGNED_OR_INCOMPLETE"
"ITEM","OFF-1066","自然","114","28","歷屆真題","verified","依114年國中教育會考官方選擇題參考答案一覽表核對：自然第28題官方答案B，與目前正解索引及選項相符。答案表：https://drive.google.com/file/d/175hz0lHG4GTDNxYet9lrRDu0lmC_G08o/view","false","0","0","false","false","false","","","","","false","UNSIGNED_OR_INCOMPLETE"
"ITEM","OFF-1067","自然","114","29","歷屆真題","verified","依114年國中教育會考官方選擇題參考答案一覽表核對：自然第29題官方答案D，與目前正解索引及選項相符。答案表：https://drive.google.com/file/d/175hz0lHG4GTDNxYet9lrRDu0lmC_G08o/view","false","0","0","false","false","false","","","","","false","UNSIGNED_OR_INCOMPLETE"
"ITEM","OFF-1068","自然","114","30","歷屆真題","verified","依114年國中教育會考官方選擇題參考答案一覽表核對：自然第30題官方答案A，與目前正解索引及選項相符。答案表：https://drive.google.com/file/d/175hz0lHG4GTDNxYet9lrRDu0lmC_G08o/view","false","0","0","false","false","false","","","","","false","UNSIGNED_OR_INCOMPLETE"
"ITEM","OFF-1069","自然","114","31","歷屆真題","verified","依114年國中教育會考官方選擇題參考答案一覽表核對：自然第31題官方答案A，與目前正解索引及選項相符。答案表：https://drive.google.com/file/d/175hz0lHG4GTDNxYet9lrRDu0lmC_G08o/view","true","2","2","false","false","true","","","","","false","UNSIGNED_OR_INCOMPLETE"
"ITEM","OFF-1070","自然","114","32","歷屆真題","verified","依114年國中教育會考官方選擇題參考答案一覽表核對：自然第32題官方答案B，與目前正解索引及選項相符。答案表：https://drive.google.com/file/d/175hz0lHG4GTDNxYet9lrRDu0lmC_G08o/view","false","0","0","false","false","false","","","","","false","UNSIGNED_OR_INCOMPLETE"
"ITEM","OFF-1071","自然","114","33","歷屆真題","verified","依114年國中教育會考官方選擇題參考答案一覽表核對：自然第33題官方答案D，與目前正解索引及選項相符。答案表：https://drive.google.com/file/d/175hz0lHG4GTDNxYet9lrRDu0lmC_G08o/view","true","1","1","false","false","true","","","","","false","UNSIGNED_OR_INCOMPLETE"
"ITEM","OFF-1072","自然","114","34","歷屆真題","verified","依114年國中教育會考官方選擇題參考答案一覽表核對：自然第34題官方答案D，與目前正解索引及選項相符。答案表：https://drive.google.com/file/d/175hz0lHG4GTDNxYet9lrRDu0lmC_G08o/view","false","0","0","false","false","false","","","","","false","UNSIGNED_OR_INCOMPLETE"
"ITEM","OFF-1073","自然","114","35","歷屆真題","verified","依114年國中教育會考官方選擇題參考答案一覽表核對：自然第35題官方答案A，與目前正解索引及選項相符。答案表：https://drive.google.com/file/d/175hz0lHG4GTDNxYet9lrRDu0lmC_G08o/view","true","1","1","false","false","true","","","","","false","UNSIGNED_OR_INCOMPLETE"
"ITEM","OFF-1074","自然","114","36","歷屆真題","verified","依114年國中教育會考官方選擇題參考答案一覽表核對：自然第36題官方答案A，與目前正解索引及選項相符。答案表：https://drive.google.com/file/d/175hz0lHG4GTDNxYet9lrRDu0lmC_G08o/view","false","0","0","false","false","false","","","","","false","UNSIGNED_OR_INCOMPLETE"
"ITEM","OFF-1075","自然","114","37","歷屆真題","verified","依114年國中教育會考官方選擇題參考答案一覽表核對：自然第37題官方答案B，與目前正解索引及選項相符。答案表：https://drive.google.com/file/d/175hz0lHG4GTDNxYet9lrRDu0lmC_G08o/view","false","0","0","false","false","false","","","","","false","UNSIGNED_OR_INCOMPLETE"
"ITEM","OFF-1076","自然","114","38","歷屆真題","verified","依114年國中教育會考官方選擇題參考答案一覽表核對：自然第38題官方答案C，與目前正解索引及選項相符。答案表：https://drive.google.com/file/d/175hz0lHG4GTDNxYet9lrRDu0lmC_G08o/view","false","0","0","false","false","false","","","","","false","UNSIGNED_OR_INCOMPLETE"
"ITEM","OFF-1077","自然","114","39","歷屆真題","verified","依114年國中教育會考官方選擇題參考答案一覽表核對：自然第39題官方答案C，與目前正解索引及選項相符。答案表：https://drive.google.com/file/d/175hz0lHG4GTDNxYet9lrRDu0lmC_G08o/view","true","1","1","false","false","true","","","","","false","UNSIGNED_OR_INCOMPLETE"
"ITEM","OFF-1078","自然","114","40","歷屆真題","verified","依114年國中教育會考官方選擇題參考答案一覽表核對：自然第40題官方答案A，與目前正解索引及選項相符。答案表：https://drive.google.com/file/d/175hz0lHG4GTDNxYet9lrRDu0lmC_G08o/view","false","0","0","false","false","false","","","","","false","UNSIGNED_OR_INCOMPLETE"
"ITEM","OFF-1079","自然","114","41","歷屆真題","verified","依114年國中教育會考官方選擇題參考答案一覽表核對：自然第41題官方答案D，與目前正解索引及選項相符。答案表：https://drive.google.com/file/d/175hz0lHG4GTDNxYet9lrRDu0lmC_G08o/view","true","1","1","false","false","true","","","","","false","UNSIGNED_OR_INCOMPLETE"
"ITEM","OFF-1080","自然","114","42","歷屆真題","verified","依114年國中教育會考官方選擇題參考答案一覽表核對：自然第42題官方答案B，與目前正解索引及選項相符。答案表：https://drive.google.com/file/d/175hz0lHG4GTDNxYet9lrRDu0lmC_G08o/view","false","0","0","false","false","false","","","","","false","UNSIGNED_OR_INCOMPLETE"
"ITEM","OFF-1081","自然","114","43","歷屆真題","verified","依114年國中教育會考官方選擇題參考答案一覽表核對：自然第43題官方答案D，與目前正解索引及選項相符。答案表：https://drive.google.com/file/d/175hz0lHG4GTDNxYet9lrRDu0lmC_G08o/view","false","0","0","false","false","false","","","","","false","UNSIGNED_OR_INCOMPLETE"
"ITEM","OFF-1082","自然","114","44","歷屆真題","verified","依114年國中教育會考官方選擇題參考答案一覽表核對：自然第44題官方答案C，與目前正解索引及選項相符。答案表：https://drive.google.com/file/d/175hz0lHG4GTDNxYet9lrRDu0lmC_G08o/view","false","0","0","false","false","false","","","","","false","UNSIGNED_OR_INCOMPLETE"
"ITEM","OFF-1083","自然","114","45","歷屆真題","verified","依114年國中教育會考官方選擇題參考答案一覽表核對：自然第45題官方答案D，與目前正解索引及選項相符。答案表：https://drive.google.com/file/d/175hz0lHG4GTDNxYet9lrRDu0lmC_G08o/view","true","1","1","false","false","true","","","","","false","UNSIGNED_OR_INCOMPLETE"
"ITEM","OFF-1084","自然","114","46","歷屆真題","verified","依114年國中教育會考官方選擇題參考答案一覽表核對：自然第46題官方答案D，與目前正解索引及選項相符。答案表：https://drive.google.com/file/d/175hz0lHG4GTDNxYet9lrRDu0lmC_G08o/view","false","0","0","false","false","false","","","","","false","UNSIGNED_OR_INCOMPLETE"
"ITEM","OFF-1085","自然","114","47","歷屆真題","verified","依114年國中教育會考官方選擇題參考答案一覽表核對：自然第47題官方答案B，與目前正解索引及選項相符。答案表：https://drive.google.com/file/d/175hz0lHG4GTDNxYet9lrRDu0lmC_G08o/view","false","0","0","false","false","false","","","","","false","UNSIGNED_OR_INCOMPLETE"
"ITEM","OFF-1086","自然","114","48","歷屆真題","verified","依114年國中教育會考官方選擇題參考答案一覽表核對：自然第48題官方答案D，與目前正解索引及選項相符。答案表：https://drive.google.com/file/d/175hz0lHG4GTDNxYet9lrRDu0lmC_G08o/view","false","0","0","false","false","false","","","","","false","UNSIGNED_OR_INCOMPLETE"
"ITEM","OFF-1087","自然","114","49","歷屆真題","verified","依114年國中教育會考官方選擇題參考答案一覽表核對：自然第49題官方答案C，與目前正解索引及選項相符。答案表：https://drive.google.com/file/d/175hz0lHG4GTDNxYet9lrRDu0lmC_G08o/view","true","1","1","false","false","true","","","","","false","UNSIGNED_OR_INCOMPLETE"
"ITEM","OFF-1088","自然","114","50","歷屆真題","verified","依114年國中教育會考官方選擇題參考答案一覽表核對：自然第50題官方答案B，與目前正解索引及選項相符。答案表：https://drive.google.com/file/d/175hz0lHG4GTDNxYet9lrRDu0lmC_G08o/view","true","1","1","false","false","true","","","","","false","UNSIGNED_OR_INCOMPLETE"
"ITEM","OFF-0116","社會","110","1","歷屆真題","verified","依110年國中教育會考官方選擇題參考答案一覽表核對：社會第1題官方答案C，與目前正解索引及選項相符。答案表：https://drive.google.com/file/d/1z7jBxC9t24e2Y3WK71XxWe0JOjJRLcNW/view","true","1","1","false","false","true","","","","","false","UNSIGNED_OR_INCOMPLETE"
"ITEM","OFF-0117","社會","110","2","歷屆真題","verified","依110年國中教育會考官方選擇題參考答案一覽表核對：社會第2題官方答案B，與目前正解索引及選項相符。答案表：https://drive.google.com/file/d/1z7jBxC9t24e2Y3WK71XxWe0JOjJRLcNW/view","false","0","0","false","true","false","","","","","false","UNSIGNED_OR_INCOMPLETE"
"ITEM","OFF-0118","社會","110","3","歷屆真題","verified","依110年國中教育會考官方選擇題參考答案一覽表核對：社會第3題官方答案B，與目前正解索引及選項相符。答案表：https://drive.google.com/file/d/1z7jBxC9t24e2Y3WK71XxWe0JOjJRLcNW/view","true","1","1","false","false","true","","","","","false","UNSIGNED_OR_INCOMPLETE"
"ITEM","OFF-0119","社會","110","4","歷屆真題","verified","依110年國中教育會考官方選擇題參考答案一覽表核對：社會第4題官方答案A，與目前正解索引及選項相符。答案表：https://drive.google.com/file/d/1z7jBxC9t24e2Y3WK71XxWe0JOjJRLcNW/view","false","0","0","false","false","false","","","","","false","UNSIGNED_OR_INCOMPLETE"
"ITEM","OFF-0120","社會","110","5","歷屆真題","verified","依110年國中教育會考官方選擇題參考答案一覽表核對：社會第5題官方答案B，與目前正解索引及選項相符。答案表：https://drive.google.com/file/d/1z7jBxC9t24e2Y3WK71XxWe0JOjJRLcNW/view","true","1","1","false","false","true","","","","","false","UNSIGNED_OR_INCOMPLETE"
"ITEM","OFF-0121","社會","110","6","歷屆真題","verified","依110年國中教育會考官方選擇題參考答案一覽表核對：社會第6題官方答案B，與目前正解索引及選項相符。答案表：https://drive.google.com/file/d/1z7jBxC9t24e2Y3WK71XxWe0JOjJRLcNW/view","false","0","0","false","false","false","","","","","false","UNSIGNED_OR_INCOMPLETE"
"ITEM","OFF-0122","社會","110","7","歷屆真題","verified","依110年國中教育會考官方選擇題參考答案一覽表核對：社會第7題官方答案A，與目前正解索引及選項相符。答案表：https://drive.google.com/file/d/1z7jBxC9t24e2Y3WK71XxWe0JOjJRLcNW/view","true","1","1","false","false","true","","","","","false","UNSIGNED_OR_INCOMPLETE"
"ITEM","OFF-0123","社會","110","8","歷屆真題","verified","依110年國中教育會考官方選擇題參考答案一覽表核對：社會第8題官方答案C，與目前正解索引及選項相符。答案表：https://drive.google.com/file/d/1z7jBxC9t24e2Y3WK71XxWe0JOjJRLcNW/view","false","0","0","false","false","false","","","","","false","UNSIGNED_OR_INCOMPLETE"
"ITEM","OFF-0124","社會","110","9","歷屆真題","verified","依110年國中教育會考官方選擇題參考答案一覽表核對：社會第9題官方答案B，與目前正解索引及選項相符。答案表：https://drive.google.com/file/d/1z7jBxC9t24e2Y3WK71XxWe0JOjJRLcNW/view","false","0","0","false","false","false","","","","","false","UNSIGNED_OR_INCOMPLETE"
"ITEM","OFF-0125","社會","110","10","歷屆真題","verified","依110年國中教育會考官方選擇題參考答案一覽表核對：社會第10題官方答案A，與目前正解索引及選項相符。答案表：https://drive.google.com/file/d/1z7jBxC9t24e2Y3WK71XxWe0JOjJRLcNW/view","true","1","1","false","false","true","","","","","false","UNSIGNED_OR_INCOMPLETE"
"ITEM","OFF-0126","社會","110","11","歷屆真題","verified","依110年國中教育會考官方選擇題參考答案一覽表核對：社會第11題官方答案C，與目前正解索引及選項相符。答案表：https://drive.google.com/file/d/1z7jBxC9t24e2Y3WK71XxWe0JOjJRLcNW/view","false","0","0","false","false","false","","","","","false","UNSIGNED_OR_INCOMPLETE"
"ITEM","OFF-0127","社會","110","12","歷屆真題","verified","依110年國中教育會考官方選擇題參考答案一覽表核對：社會第12題官方答案A，與目前正解索引及選項相符。答案表：https://drive.google.com/file/d/1z7jBxC9t24e2Y3WK71XxWe0JOjJRLcNW/view","false","0","0","false","false","false","","","","","false","UNSIGNED_OR_INCOMPLETE"
"ITEM","OFF-0128","社會","110","13","歷屆真題","verified","依110年國中教育會考官方選擇題參考答案一覽表核對：社會第13題官方答案D，與目前正解索引及選項相符。答案表：https://drive.google.com/file/d/1z7jBxC9t24e2Y3WK71XxWe0JOjJRLcNW/view","false","0","0","false","false","false","","","","","false","UNSIGNED_OR_INCOMPLETE"
"ITEM","OFF-0129","社會","110","14","歷屆真題","verified","依110年國中教育會考官方選擇題參考答案一覽表核對：社會第14題官方答案A，與目前正解索引及選項相符。答案表：https://drive.google.com/file/d/1z7jBxC9t24e2Y3WK71XxWe0JOjJRLcNW/view","false","0","0","false","false","false","","","","","false","UNSIGNED_OR_INCOMPLETE"
"ITEM","OFF-0130","社會","110","15","歷屆真題","verified","依110年國中教育會考官方選擇題參考答案一覽表核對：社會第15題官方答案D，與目前正解索引及選項相符。答案表：https://drive.google.com/file/d/1z7jBxC9t24e2Y3WK71XxWe0JOjJRLcNW/view","true","1","1","false","false","true","","","","","false","UNSIGNED_OR_INCOMPLETE"
"ITEM","OFF-0131","社會","110","16","歷屆真題","verified","依110年國中教育會考官方選擇題參考答案一覽表核對：社會第16題官方答案B，與目前正解索引及選項相符。答案表：https://drive.google.com/file/d/1z7jBxC9t24e2Y3WK71XxWe0JOjJRLcNW/view","true","1","1","false","false","true","","","","","false","UNSIGNED_OR_INCOMPLETE"
"ITEM","OFF-0132","社會","110","17","歷屆真題","verified","依110年國中教育會考官方選擇題參考答案一覽表核對：社會第17題官方答案C，與目前正解索引及選項相符。答案表：https://drive.google.com/file/d/1z7jBxC9t24e2Y3WK71XxWe0JOjJRLcNW/view","true","1","1","false","false","true","","","","","false","UNSIGNED_OR_INCOMPLETE"
"ITEM","OFF-0133","社會","110","18","歷屆真題","verified","依110年國中教育會考官方選擇題參考答案一覽表核對：社會第18題官方答案D，與目前正解索引及選項相符。答案表：https://drive.google.com/file/d/1z7jBxC9t24e2Y3WK71XxWe0JOjJRLcNW/view","false","0","0","false","false","false","","","","","false","UNSIGNED_OR_INCOMPLETE"
"ITEM","OFF-0134","社會","110","19","歷屆真題","verified","依110年國中教育會考官方選擇題參考答案一覽表核對：社會第19題官方答案B，與目前正解索引及選項相符。答案表：https://drive.google.com/file/d/1z7jBxC9t24e2Y3WK71XxWe0JOjJRLcNW/view","false","0","0","false","false","false","","","","","false","UNSIGNED_OR_INCOMPLETE"
"ITEM","OFF-0135","社會","110","20","歷屆真題","verified","依110年國中教育會考官方選擇題參考答案一覽表核對：社會第20題官方答案D，與目前正解索引及選項相符。答案表：https://drive.google.com/file/d/1z7jBxC9t24e2Y3WK71XxWe0JOjJRLcNW/view","false","0","0","false","false","false","","","","","false","UNSIGNED_OR_INCOMPLETE"
"ITEM","OFF-0136","社會","110","21","歷屆真題","verified","依110年國中教育會考官方選擇題參考答案一覽表核對：社會第21題官方答案D，與目前正解索引及選項相符。答案表：https://drive.google.com/file/d/1z7jBxC9t24e2Y3WK71XxWe0JOjJRLcNW/view","true","1","1","false","false","true","","","","","false","UNSIGNED_OR_INCOMPLETE"
"ITEM","OFF-0137","社會","110","22","歷屆真題","verified","依110年國中教育會考官方選擇題參考答案一覽表核對：社會第22題官方答案C，與目前正解索引及選項相符。答案表：https://drive.google.com/file/d/1z7jBxC9t24e2Y3WK71XxWe0JOjJRLcNW/view","false","0","0","false","false","false","","","","","false","UNSIGNED_OR_INCOMPLETE"
"ITEM","OFF-0138","社會","110","23","歷屆真題","verified","依110年國中教育會考官方選擇題參考答案一覽表核對：社會第23題官方答案B，與目前正解索引及選項相符。答案表：https://drive.google.com/file/d/1z7jBxC9t24e2Y3WK71XxWe0JOjJRLcNW/view","false","0","0","false","false","false","","","","","false","UNSIGNED_OR_INCOMPLETE"
"ITEM","OFF-0139","社會","110","24","歷屆真題","verified","依110年國中教育會考官方選擇題參考答案一覽表核對：社會第24題官方答案D，與目前正解索引及選項相符。答案表：https://drive.google.com/file/d/1z7jBxC9t24e2Y3WK71XxWe0JOjJRLcNW/view","false","0","0","false","false","false","","","","","false","UNSIGNED_OR_INCOMPLETE"
"ITEM","OFF-0140","社會","110","25","歷屆真題","verified","依110年國中教育會考官方選擇題參考答案一覽表核對：社會第25題官方答案C，與目前正解索引及選項相符。答案表：https://drive.google.com/file/d/1z7jBxC9t24e2Y3WK71XxWe0JOjJRLcNW/view","false","0","0","false","false","false","","","","","false","UNSIGNED_OR_INCOMPLETE"
"ITEM","OFF-0141","社會","110","26","歷屆真題","verified","依110年國中教育會考官方選擇題參考答案一覽表核對：社會第26題官方答案B，與目前正解索引及選項相符。答案表：https://drive.google.com/file/d/1z7jBxC9t24e2Y3WK71XxWe0JOjJRLcNW/view","true","1","1","false","false","true","","","","","false","UNSIGNED_OR_INCOMPLETE"
"ITEM","OFF-0142","社會","110","27","歷屆真題","verified","依110年國中教育會考官方選擇題參考答案一覽表核對：社會第27題官方答案D，與目前正解索引及選項相符。答案表：https://drive.google.com/file/d/1z7jBxC9t24e2Y3WK71XxWe0JOjJRLcNW/view","false","0","0","false","false","false","","","","","false","UNSIGNED_OR_INCOMPLETE"
"ITEM","OFF-0143","社會","110","28","歷屆真題","verified","依110年國中教育會考官方選擇題參考答案一覽表核對：社會第28題官方答案B，與目前正解索引及選項相符。答案表：https://drive.google.com/file/d/1z7jBxC9t24e2Y3WK71XxWe0JOjJRLcNW/view","false","0","0","false","false","false","","","","","false","UNSIGNED_OR_INCOMPLETE"
"ITEM","OFF-0144","社會","110","29","歷屆真題","verified","依110年國中教育會考官方選擇題參考答案一覽表核對：社會第29題官方答案C，與目前正解索引及選項相符。答案表：https://drive.google.com/file/d/1z7jBxC9t24e2Y3WK71XxWe0JOjJRLcNW/view","true","1","1","false","false","true","","","","","false","UNSIGNED_OR_INCOMPLETE"
"ITEM","OFF-0145","社會","110","30","歷屆真題","verified","依110年國中教育會考官方選擇題參考答案一覽表核對：社會第30題官方答案C，與目前正解索引及選項相符。答案表：https://drive.google.com/file/d/1z7jBxC9t24e2Y3WK71XxWe0JOjJRLcNW/view","true","1","1","false","false","true","","","","","false","UNSIGNED_OR_INCOMPLETE"
"ITEM","OFF-0146","社會","110","31","歷屆真題","verified","依110年國中教育會考官方選擇題參考答案一覽表核對：社會第31題官方答案B，與目前正解索引及選項相符。答案表：https://drive.google.com/file/d/1z7jBxC9t24e2Y3WK71XxWe0JOjJRLcNW/view","false","0","0","false","false","false","","","","","false","UNSIGNED_OR_INCOMPLETE"
"ITEM","OFF-0147","社會","110","32","歷屆真題","verified","依110年國中教育會考官方選擇題參考答案一覽表核對：社會第32題官方答案A，與目前正解索引及選項相符。答案表：https://drive.google.com/file/d/1z7jBxC9t24e2Y3WK71XxWe0JOjJRLcNW/view","false","0","0","false","false","false","","","","","false","UNSIGNED_OR_INCOMPLETE"
"ITEM","OFF-0148","社會","110","33","歷屆真題","verified","依110年國中教育會考官方選擇題參考答案一覽表核對：社會第33題官方答案A，與目前正解索引及選項相符。答案表：https://drive.google.com/file/d/1z7jBxC9t24e2Y3WK71XxWe0JOjJRLcNW/view","false","0","0","false","false","false","","","","","false","UNSIGNED_OR_INCOMPLETE"
"ITEM","OFF-0149","社會","110","34","歷屆真題","verified","依110年國中教育會考官方選擇題參考答案一覽表核對：社會第34題官方答案D，與目前正解索引及選項相符。答案表：https://drive.google.com/file/d/1z7jBxC9t24e2Y3WK71XxWe0JOjJRLcNW/view","true","2","2","false","false","true","","","","","false","UNSIGNED_OR_INCOMPLETE"
"ITEM","OFF-0150","社會","110","35","歷屆真題","verified","依110年國中教育會考官方選擇題參考答案一覽表核對：社會第35題官方答案D，與目前正解索引及選項相符。答案表：https://drive.google.com/file/d/1z7jBxC9t24e2Y3WK71XxWe0JOjJRLcNW/view","false","0","0","false","false","false","","","","","false","UNSIGNED_OR_INCOMPLETE"
"ITEM","OFF-0151","社會","110","36","歷屆真題","verified","依110年國中教育會考官方選擇題參考答案一覽表核對：社會第36題官方答案C，與目前正解索引及選項相符。答案表：https://drive.google.com/file/d/1z7jBxC9t24e2Y3WK71XxWe0JOjJRLcNW/view","false","0","0","false","false","false","","","","","false","UNSIGNED_OR_INCOMPLETE"
"ITEM","OFF-0152","社會","110","37","歷屆真題","verified","依110年國中教育會考官方選擇題參考答案一覽表核對：社會第37題官方答案C，與目前正解索引及選項相符。答案表：https://drive.google.com/file/d/1z7jBxC9t24e2Y3WK71XxWe0JOjJRLcNW/view","false","0","0","false","false","false","","","","","false","UNSIGNED_OR_INCOMPLETE"
"ITEM","OFF-0153","社會","110","38","歷屆真題","verified","依110年國中教育會考官方選擇題參考答案一覽表核對：社會第38題官方答案C，與目前正解索引及選項相符。答案表：https://drive.google.com/file/d/1z7jBxC9t24e2Y3WK71XxWe0JOjJRLcNW/view","false","0","0","false","false","false","","","","","false","UNSIGNED_OR_INCOMPLETE"
"ITEM","OFF-0154","社會","110","39","歷屆真題","verified","依110年國中教育會考官方選擇題參考答案一覽表核對：社會第39題官方答案D，與目前正解索引及選項相符。答案表：https://drive.google.com/file/d/1z7jBxC9t24e2Y3WK71XxWe0JOjJRLcNW/view","false","0","0","false","false","false","","","","","false","UNSIGNED_OR_INCOMPLETE"
"ITEM","OFF-0155","社會","110","40","歷屆真題","verified","依110年國中教育會考官方選擇題參考答案一覽表核對：社會第40題官方答案B，與目前正解索引及選項相符。答案表：https://drive.google.com/file/d/1z7jBxC9t24e2Y3WK71XxWe0JOjJRLcNW/view","true","1","1","false","false","true","","","","","false","UNSIGNED_OR_INCOMPLETE"
"ITEM","OFF-0156","社會","110","41","歷屆真題","verified","依110年國中教育會考官方選擇題參考答案一覽表核對：社會第41題官方答案C，與目前正解索引及選項相符。答案表：https://drive.google.com/file/d/1z7jBxC9t24e2Y3WK71XxWe0JOjJRLcNW/view","false","0","0","false","false","false","","","","","false","UNSIGNED_OR_INCOMPLETE"
"ITEM","OFF-0157","社會","110","42","歷屆真題","verified","依110年國中教育會考官方選擇題參考答案一覽表核對：社會第42題官方答案B，與目前正解索引及選項相符。答案表：https://drive.google.com/file/d/1z7jBxC9t24e2Y3WK71XxWe0JOjJRLcNW/view","false","0","0","false","false","false","","","","","false","UNSIGNED_OR_INCOMPLETE"
"ITEM","OFF-0158","社會","110","43","歷屆真題","verified","依110年國中教育會考官方選擇題參考答案一覽表核對：社會第43題官方答案B，與目前正解索引及選項相符。答案表：https://drive.google.com/file/d/1z7jBxC9t24e2Y3WK71XxWe0JOjJRLcNW/view","false","0","0","false","false","false","","","","","false","UNSIGNED_OR_INCOMPLETE"
"ITEM","OFF-0159","社會","110","44","歷屆真題","verified","依110年國中教育會考官方選擇題參考答案一覽表核對：社會第44題官方答案A，與目前正解索引及選項相符。答案表：https://drive.google.com/file/d/1z7jBxC9t24e2Y3WK71XxWe0JOjJRLcNW/view","false","0","0","false","false","false","","","","","false","UNSIGNED_OR_INCOMPLETE"
"ITEM","OFF-0160","社會","110","45","歷屆真題","verified","依110年國中教育會考官方選擇題參考答案一覽表核對：社會第45題官方答案D，與目前正解索引及選項相符。答案表：https://drive.google.com/file/d/1z7jBxC9t24e2Y3WK71XxWe0JOjJRLcNW/view","false","0","0","false","false","false","","","","","false","UNSIGNED_OR_INCOMPLETE"
"ITEM","OFF-0161","社會","110","46","歷屆真題","verified","依110年國中教育會考官方選擇題參考答案一覽表核對：社會第46題官方答案C，與目前正解索引及選項相符。答案表：https://drive.google.com/file/d/1z7jBxC9t24e2Y3WK71XxWe0JOjJRLcNW/view","false","0","0","false","false","false","","","","","false","UNSIGNED_OR_INCOMPLETE"
"ITEM","OFF-0162","社會","110","47","歷屆真題","verified","依110年國中教育會考官方選擇題參考答案一覽表核對：社會第47題官方答案A，與目前正解索引及選項相符。答案表：https://drive.google.com/file/d/1z7jBxC9t24e2Y3WK71XxWe0JOjJRLcNW/view","false","0","0","false","false","false","","","","","false","UNSIGNED_OR_INCOMPLETE"
"ITEM","OFF-0163","社會","110","48","歷屆真題","verified","依110年國中教育會考官方選擇題參考答案一覽表核對：社會第48題官方答案D，與目前正解索引及選項相符。答案表：https://drive.google.com/file/d/1z7jBxC9t24e2Y3WK71XxWe0JOjJRLcNW/view","false","0","0","false","false","false","","","","","false","UNSIGNED_OR_INCOMPLETE"
"ITEM","OFF-0164","社會","110","49","歷屆真題","verified","依110年國中教育會考官方選擇題參考答案一覽表核對：社會第49題官方答案A，與目前正解索引及選項相符。答案表：https://drive.google.com/file/d/1z7jBxC9t24e2Y3WK71XxWe0JOjJRLcNW/view","true","1","1","false","false","true","","","","","false","UNSIGNED_OR_INCOMPLETE"
"ITEM","OFF-0165","社會","110","50","歷屆真題","verified","依110年國中教育會考官方選擇題參考答案一覽表核對：社會第50題官方答案D，與目前正解索引及選項相符。答案表：https://drive.google.com/file/d/1z7jBxC9t24e2Y3WK71XxWe0JOjJRLcNW/view","true","1","1","false","false","true","","","","","false","UNSIGNED_OR_INCOMPLETE"
"ITEM","OFF-0166","社會","110","51","歷屆真題","verified","依110年國中教育會考官方選擇題參考答案一覽表核對：社會第51題官方答案B，與目前正解索引及選項相符。答案表：https://drive.google.com/file/d/1z7jBxC9t24e2Y3WK71XxWe0JOjJRLcNW/view","false","0","0","false","false","false","","","","","false","UNSIGNED_OR_INCOMPLETE"
"ITEM","OFF-0167","社會","110","52","歷屆真題","verified","依110年國中教育會考官方選擇題參考答案一覽表核對：社會第52題官方答案A，與目前正解索引及選項相符。答案表：https://drive.google.com/file/d/1z7jBxC9t24e2Y3WK71XxWe0JOjJRLcNW/view","true","1","1","false","false","true","","","","","false","UNSIGNED_OR_INCOMPLETE"
"ITEM","OFF-0168","社會","110","53","歷屆真題","verified","依110年國中教育會考官方選擇題參考答案一覽表核對：社會第53題官方答案B，與目前正解索引及選項相符。答案表：https://drive.google.com/file/d/1z7jBxC9t24e2Y3WK71XxWe0JOjJRLcNW/view","false","0","0","false","false","false","","","","","false","UNSIGNED_OR_INCOMPLETE"
"ITEM","OFF-0169","社會","110","54","歷屆真題","verified","依110年國中教育會考官方選擇題參考答案一覽表核對：社會第54題官方答案B，與目前正解索引及選項相符。答案表：https://drive.google.com/file/d/1z7jBxC9t24e2Y3WK71XxWe0JOjJRLcNW/view","false","0","0","false","false","false","","","","","false","UNSIGNED_OR_INCOMPLETE"
"ITEM","OFF-0170","社會","110","55","歷屆真題","verified","依110年國中教育會考官方選擇題參考答案一覽表核對：社會第55題官方答案C，與目前正解索引及選項相符。答案表：https://drive.google.com/file/d/1z7jBxC9t24e2Y3WK71XxWe0JOjJRLcNW/view","false","0","0","false","false","false","","","","","false","UNSIGNED_OR_INCOMPLETE"
"ITEM","OFF-0171","社會","110","56","歷屆真題","verified","依110年國中教育會考官方選擇題參考答案一覽表核對：社會第56題官方答案A，與目前正解索引及選項相符。答案表：https://drive.google.com/file/d/1z7jBxC9t24e2Y3WK71XxWe0JOjJRLcNW/view","false","0","0","true","true","false","","","","","false","UNSIGNED_OR_INCOMPLETE"
"ITEM","OFF-0172","社會","110","57","歷屆真題","verified","依110年國中教育會考官方選擇題參考答案一覽表核對：社會第57題官方答案B，與目前正解索引及選項相符。答案表：https://drive.google.com/file/d/1z7jBxC9t24e2Y3WK71XxWe0JOjJRLcNW/view","false","0","0","true","true","false","","","","","false","UNSIGNED_OR_INCOMPLETE"
"ITEM","OFF-0173","社會","110","58","歷屆真題","verified","依110年國中教育會考官方選擇題參考答案一覽表核對：社會第58題官方答案C，與目前正解索引及選項相符。答案表：https://drive.google.com/file/d/1z7jBxC9t24e2Y3WK71XxWe0JOjJRLcNW/view","false","0","0","true","true","false","","","","","false","UNSIGNED_OR_INCOMPLETE"
"ITEM","OFF-0174","社會","110","59","歷屆真題","verified","依110年國中教育會考官方選擇題參考答案一覽表核對：社會第59題官方答案B，與目前正解索引及選項相符。答案表：https://drive.google.com/file/d/1z7jBxC9t24e2Y3WK71XxWe0JOjJRLcNW/view","false","0","0","true","true","false","","","","","false","UNSIGNED_OR_INCOMPLETE"
"ITEM","OFF-0175","社會","110","60","歷屆真題","verified","依110年國中教育會考官方選擇題參考答案一覽表核對：社會第60題官方答案A，與目前正解索引及選項相符。答案表：https://drive.google.com/file/d/1z7jBxC9t24e2Y3WK71XxWe0JOjJRLcNW/view","true","1","1","true","true","true","","","","","false","UNSIGNED_OR_INCOMPLETE"
"ITEM","OFF-0176","社會","110","61","歷屆真題","verified","依110年國中教育會考官方選擇題參考答案一覽表核對：社會第61題官方答案C，與目前正解索引及選項相符。答案表：https://drive.google.com/file/d/1z7jBxC9t24e2Y3WK71XxWe0JOjJRLcNW/view","false","0","0","true","true","false","","","","","false","UNSIGNED_OR_INCOMPLETE"
"ITEM","OFF-0177","社會","110","62","歷屆真題","verified","依110年國中教育會考官方選擇題參考答案一覽表核對：社會第62題官方答案C，與目前正解索引及選項相符。答案表：https://drive.google.com/file/d/1z7jBxC9t24e2Y3WK71XxWe0JOjJRLcNW/view","false","0","0","true","true","false","","","","","false","UNSIGNED_OR_INCOMPLETE"
"ITEM","OFF-0178","社會","110","63","歷屆真題","verified","依110年國中教育會考官方選擇題參考答案一覽表核對：社會第63題官方答案D，與目前正解索引及選項相符。答案表：https://drive.google.com/file/d/1z7jBxC9t24e2Y3WK71XxWe0JOjJRLcNW/view","false","0","0","true","true","false","","","","","false","UNSIGNED_OR_INCOMPLETE"
"ITEM","OFF-0343","社會","111","1","歷屆真題","verified","依111年國中教育會考官方選擇題參考答案一覽表核對：社會第1題官方答案C，與目前正解索引及選項相符。答案表：https://drive.google.com/file/d/1IeMHI4BmTpC_2Oc1lQ1Qj6XWHDf9qwGd/view","false","0","0","false","false","false","","","","","false","UNSIGNED_OR_INCOMPLETE"
"ITEM","OFF-0344","社會","111","2","歷屆真題","verified","依111年國中教育會考官方選擇題參考答案一覽表核對：社會第2題官方答案B，與目前正解索引及選項相符。答案表：https://drive.google.com/file/d/1IeMHI4BmTpC_2Oc1lQ1Qj6XWHDf9qwGd/view","true","1","1","false","false","true","","","","","false","UNSIGNED_OR_INCOMPLETE"
"ITEM","OFF-0345","社會","111","3","歷屆真題","verified","依111年國中教育會考官方選擇題參考答案一覽表核對：社會第3題官方答案C，與目前正解索引及選項相符。答案表：https://drive.google.com/file/d/1IeMHI4BmTpC_2Oc1lQ1Qj6XWHDf9qwGd/view","true","1","1","false","false","true","","","","","false","UNSIGNED_OR_INCOMPLETE"
"ITEM","OFF-0346","社會","111","4","歷屆真題","verified","依111年國中教育會考官方選擇題參考答案一覽表核對：社會第4題官方答案A，與目前正解索引及選項相符。答案表：https://drive.google.com/file/d/1IeMHI4BmTpC_2Oc1lQ1Qj6XWHDf9qwGd/view","false","0","0","false","false","false","","","","","false","UNSIGNED_OR_INCOMPLETE"
"ITEM","OFF-0347","社會","111","5","歷屆真題","verified","依111年國中教育會考官方選擇題參考答案一覽表核對：社會第5題官方答案D，與目前正解索引及選項相符。答案表：https://drive.google.com/file/d/1IeMHI4BmTpC_2Oc1lQ1Qj6XWHDf9qwGd/view","false","0","0","false","false","false","","","","","false","UNSIGNED_OR_INCOMPLETE"
"ITEM","OFF-0348","社會","111","6","歷屆真題","verified","依111年國中教育會考官方選擇題參考答案一覽表核對：社會第6題官方答案B，與目前正解索引及選項相符。答案表：https://drive.google.com/file/d/1IeMHI4BmTpC_2Oc1lQ1Qj6XWHDf9qwGd/view","false","0","0","false","false","false","","","","","false","UNSIGNED_OR_INCOMPLETE"
"ITEM","OFF-0349","社會","111","7","歷屆真題","verified","依111年國中教育會考官方選擇題參考答案一覽表核對：社會第7題官方答案C，與目前正解索引及選項相符。答案表：https://drive.google.com/file/d/1IeMHI4BmTpC_2Oc1lQ1Qj6XWHDf9qwGd/view","false","0","0","false","false","false","","","","","false","UNSIGNED_OR_INCOMPLETE"
"ITEM","OFF-0350","社會","111","8","歷屆真題","verified","依111年國中教育會考官方選擇題參考答案一覽表核對：社會第8題官方答案C，與目前正解索引及選項相符。答案表：https://drive.google.com/file/d/1IeMHI4BmTpC_2Oc1lQ1Qj6XWHDf9qwGd/view","false","0","0","false","false","false","","","","","false","UNSIGNED_OR_INCOMPLETE"
"ITEM","OFF-0351","社會","111","9","歷屆真題","verified","依111年國中教育會考官方選擇題參考答案一覽表核對：社會第9題官方答案B，與目前正解索引及選項相符。答案表：https://drive.google.com/file/d/1IeMHI4BmTpC_2Oc1lQ1Qj6XWHDf9qwGd/view","false","0","0","false","false","false","","","","","false","UNSIGNED_OR_INCOMPLETE"
"ITEM","OFF-0352","社會","111","10","歷屆真題","verified","依111年國中教育會考官方選擇題參考答案一覽表核對：社會第10題官方答案C，與目前正解索引及選項相符。答案表：https://drive.google.com/file/d/1IeMHI4BmTpC_2Oc1lQ1Qj6XWHDf9qwGd/view","false","0","0","false","false","false","","","","","false","UNSIGNED_OR_INCOMPLETE"
"ITEM","OFF-0353","社會","111","11","歷屆真題","verified","依111年國中教育會考官方選擇題參考答案一覽表核對：社會第11題官方答案B，與目前正解索引及選項相符。答案表：https://drive.google.com/file/d/1IeMHI4BmTpC_2Oc1lQ1Qj6XWHDf9qwGd/view","false","0","0","false","false","false","","","","","false","UNSIGNED_OR_INCOMPLETE"
"ITEM","OFF-0354","社會","111","12","歷屆真題","verified","依111年國中教育會考官方選擇題參考答案一覽表核對：社會第12題官方答案A，與目前正解索引及選項相符。答案表：https://drive.google.com/file/d/1IeMHI4BmTpC_2Oc1lQ1Qj6XWHDf9qwGd/view","true","1","1","false","false","true","","","","","false","UNSIGNED_OR_INCOMPLETE"
"ITEM","OFF-0355","社會","111","13","歷屆真題","verified","依111年國中教育會考官方選擇題參考答案一覽表核對：社會第13題官方答案B，與目前正解索引及選項相符。答案表：https://drive.google.com/file/d/1IeMHI4BmTpC_2Oc1lQ1Qj6XWHDf9qwGd/view","false","0","0","false","false","false","","","","","false","UNSIGNED_OR_INCOMPLETE"
"ITEM","OFF-0356","社會","111","14","歷屆真題","verified","依111年國中教育會考官方選擇題參考答案一覽表核對：社會第14題官方答案C，與目前正解索引及選項相符。答案表：https://drive.google.com/file/d/1IeMHI4BmTpC_2Oc1lQ1Qj6XWHDf9qwGd/view","false","0","0","false","false","false","","","","","false","UNSIGNED_OR_INCOMPLETE"
"ITEM","OFF-0357","社會","111","15","歷屆真題","verified","依111年國中教育會考官方選擇題參考答案一覽表核對：社會第15題官方答案D，與目前正解索引及選項相符。答案表：https://drive.google.com/file/d/1IeMHI4BmTpC_2Oc1lQ1Qj6XWHDf9qwGd/view","true","1","1","false","false","true","","","","","false","UNSIGNED_OR_INCOMPLETE"
"ITEM","OFF-0358","社會","111","16","歷屆真題","verified","依111年國中教育會考官方選擇題參考答案一覽表核對：社會第16題官方答案C，與目前正解索引及選項相符。答案表：https://drive.google.com/file/d/1IeMHI4BmTpC_2Oc1lQ1Qj6XWHDf9qwGd/view","true","1","1","false","false","true","","","","","false","UNSIGNED_OR_INCOMPLETE"
"ITEM","OFF-0359","社會","111","17","歷屆真題","verified","依111年國中教育會考官方選擇題參考答案一覽表核對：社會第17題官方答案B，與目前正解索引及選項相符。答案表：https://drive.google.com/file/d/1IeMHI4BmTpC_2Oc1lQ1Qj6XWHDf9qwGd/view","false","0","0","false","false","false","","","","","false","UNSIGNED_OR_INCOMPLETE"
"ITEM","OFF-0360","社會","111","18","歷屆真題","verified","依111年國中教育會考官方選擇題參考答案一覽表核對：社會第18題官方答案C，與目前正解索引及選項相符。答案表：https://drive.google.com/file/d/1IeMHI4BmTpC_2Oc1lQ1Qj6XWHDf9qwGd/view","true","1","1","false","false","true","","","","","false","UNSIGNED_OR_INCOMPLETE"
"ITEM","OFF-0361","社會","111","19","歷屆真題","verified","依111年國中教育會考官方選擇題參考答案一覽表核對：社會第19題官方答案C，與目前正解索引及選項相符。答案表：https://drive.google.com/file/d/1IeMHI4BmTpC_2Oc1lQ1Qj6XWHDf9qwGd/view","false","0","0","false","false","false","","","","","false","UNSIGNED_OR_INCOMPLETE"
"ITEM","OFF-0362","社會","111","20","歷屆真題","verified","依111年國中教育會考官方選擇題參考答案一覽表核對：社會第20題官方答案A，與目前正解索引及選項相符。答案表：https://drive.google.com/file/d/1IeMHI4BmTpC_2Oc1lQ1Qj6XWHDf9qwGd/view","false","0","0","false","false","false","","","","","false","UNSIGNED_OR_INCOMPLETE"
"ITEM","OFF-0363","社會","111","21","歷屆真題","verified","依111年國中教育會考官方選擇題參考答案一覽表核對：社會第21題官方答案B，與目前正解索引及選項相符。答案表：https://drive.google.com/file/d/1IeMHI4BmTpC_2Oc1lQ1Qj6XWHDf9qwGd/view","false","0","0","false","false","false","","","","","false","UNSIGNED_OR_INCOMPLETE"
"ITEM","OFF-0364","社會","111","22","歷屆真題","verified","依111年國中教育會考官方選擇題參考答案一覽表核對：社會第22題官方答案D，與目前正解索引及選項相符。答案表：https://drive.google.com/file/d/1IeMHI4BmTpC_2Oc1lQ1Qj6XWHDf9qwGd/view","false","0","0","false","false","false","","","","","false","UNSIGNED_OR_INCOMPLETE"
"ITEM","OFF-0365","社會","111","23","歷屆真題","verified","依111年國中教育會考官方選擇題參考答案一覽表核對：社會第23題官方答案D，與目前正解索引及選項相符。答案表：https://drive.google.com/file/d/1IeMHI4BmTpC_2Oc1lQ1Qj6XWHDf9qwGd/view","false","0","0","false","false","false","","","","","false","UNSIGNED_OR_INCOMPLETE"
"ITEM","OFF-0366","社會","111","24","歷屆真題","verified","依111年國中教育會考官方選擇題參考答案一覽表核對：社會第24題官方答案B，與目前正解索引及選項相符。答案表：https://drive.google.com/file/d/1IeMHI4BmTpC_2Oc1lQ1Qj6XWHDf9qwGd/view","false","0","0","false","false","false","","","","","false","UNSIGNED_OR_INCOMPLETE"
"ITEM","OFF-0367","社會","111","25","歷屆真題","verified","依111年國中教育會考官方選擇題參考答案一覽表核對：社會第25題官方答案C，與目前正解索引及選項相符。答案表：https://drive.google.com/file/d/1IeMHI4BmTpC_2Oc1lQ1Qj6XWHDf9qwGd/view","false","0","0","false","false","false","","","","","false","UNSIGNED_OR_INCOMPLETE"
"ITEM","OFF-0368","社會","111","26","歷屆真題","verified","依111年國中教育會考官方選擇題參考答案一覽表核對：社會第26題官方答案B，與目前正解索引及選項相符。答案表：https://drive.google.com/file/d/1IeMHI4BmTpC_2Oc1lQ1Qj6XWHDf9qwGd/view","true","1","1","false","false","true","","","","","false","UNSIGNED_OR_INCOMPLETE"
"ITEM","OFF-0369","社會","111","27","歷屆真題","verified","依111年國中教育會考官方選擇題參考答案一覽表核對：社會第27題官方答案D，與目前正解索引及選項相符。答案表：https://drive.google.com/file/d/1IeMHI4BmTpC_2Oc1lQ1Qj6XWHDf9qwGd/view","true","1","1","false","false","true","","","","","false","UNSIGNED_OR_INCOMPLETE"
"ITEM","OFF-0370","社會","111","28","歷屆真題","verified","依111年國中教育會考官方選擇題參考答案一覽表核對：社會第28題官方答案D，與目前正解索引及選項相符。答案表：https://drive.google.com/file/d/1IeMHI4BmTpC_2Oc1lQ1Qj6XWHDf9qwGd/view","true","1","1","false","false","true","","","","","false","UNSIGNED_OR_INCOMPLETE"
"ITEM","OFF-0371","社會","111","29","歷屆真題","verified","依111年國中教育會考官方選擇題參考答案一覽表核對：社會第29題官方答案D，與目前正解索引及選項相符。答案表：https://drive.google.com/file/d/1IeMHI4BmTpC_2Oc1lQ1Qj6XWHDf9qwGd/view","false","0","0","false","false","false","","","","","false","UNSIGNED_OR_INCOMPLETE"
"ITEM","OFF-0372","社會","111","30","歷屆真題","verified","依111年國中教育會考官方選擇題參考答案一覽表核對：社會第30題官方答案B，與目前正解索引及選項相符。答案表：https://drive.google.com/file/d/1IeMHI4BmTpC_2Oc1lQ1Qj6XWHDf9qwGd/view","false","0","0","false","false","false","","","","","false","UNSIGNED_OR_INCOMPLETE"
"ITEM","OFF-0373","社會","111","31","歷屆真題","verified","依111年國中教育會考官方選擇題參考答案一覽表核對：社會第31題官方答案D，與目前正解索引及選項相符。答案表：https://drive.google.com/file/d/1IeMHI4BmTpC_2Oc1lQ1Qj6XWHDf9qwGd/view","true","1","1","false","false","true","","","","","false","UNSIGNED_OR_INCOMPLETE"
"ITEM","OFF-0374","社會","111","32","歷屆真題","verified","依111年國中教育會考官方選擇題參考答案一覽表核對：社會第32題官方答案A，與目前正解索引及選項相符。答案表：https://drive.google.com/file/d/1IeMHI4BmTpC_2Oc1lQ1Qj6XWHDf9qwGd/view","false","0","0","false","false","false","","","","","false","UNSIGNED_OR_INCOMPLETE"
"ITEM","OFF-0375","社會","111","33","歷屆真題","verified","依111年國中教育會考官方選擇題參考答案一覽表核對：社會第33題官方答案A，與目前正解索引及選項相符。答案表：https://drive.google.com/file/d/1IeMHI4BmTpC_2Oc1lQ1Qj6XWHDf9qwGd/view","true","1","1","false","false","true","","","","","false","UNSIGNED_OR_INCOMPLETE"
"ITEM","OFF-0376","社會","111","34","歷屆真題","verified","依111年國中教育會考官方選擇題參考答案一覽表核對：社會第34題官方答案D，與目前正解索引及選項相符。答案表：https://drive.google.com/file/d/1IeMHI4BmTpC_2Oc1lQ1Qj6XWHDf9qwGd/view","false","0","0","false","false","false","","","","","false","UNSIGNED_OR_INCOMPLETE"
"ITEM","OFF-0377","社會","111","35","歷屆真題","verified","依111年國中教育會考官方選擇題參考答案一覽表核對：社會第35題官方答案D，與目前正解索引及選項相符。答案表：https://drive.google.com/file/d/1IeMHI4BmTpC_2Oc1lQ1Qj6XWHDf9qwGd/view","false","0","0","false","false","false","","","","","false","UNSIGNED_OR_INCOMPLETE"
"ITEM","OFF-0378","社會","111","36","歷屆真題","verified","依111年國中教育會考官方選擇題參考答案一覽表核對：社會第36題官方答案D，與目前正解索引及選項相符。答案表：https://drive.google.com/file/d/1IeMHI4BmTpC_2Oc1lQ1Qj6XWHDf9qwGd/view","true","1","1","false","false","true","","","","","false","UNSIGNED_OR_INCOMPLETE"
"ITEM","OFF-0379","社會","111","37","歷屆真題","verified","依111年國中教育會考官方選擇題參考答案一覽表核對：社會第37題官方答案C，與目前正解索引及選項相符。答案表：https://drive.google.com/file/d/1IeMHI4BmTpC_2Oc1lQ1Qj6XWHDf9qwGd/view","false","0","0","false","false","false","","","","","false","UNSIGNED_OR_INCOMPLETE"
"ITEM","OFF-0380","社會","111","38","歷屆真題","verified","依111年國中教育會考官方選擇題參考答案一覽表核對：社會第38題官方答案C，與目前正解索引及選項相符。答案表：https://drive.google.com/file/d/1IeMHI4BmTpC_2Oc1lQ1Qj6XWHDf9qwGd/view","true","1","1","false","false","true","","","","","false","UNSIGNED_OR_INCOMPLETE"
"ITEM","OFF-0381","社會","111","39","歷屆真題","verified","依111年國中教育會考官方選擇題參考答案一覽表核對：社會第39題官方答案C，與目前正解索引及選項相符。答案表：https://drive.google.com/file/d/1IeMHI4BmTpC_2Oc1lQ1Qj6XWHDf9qwGd/view","true","1","1","false","false","true","","","","","false","UNSIGNED_OR_INCOMPLETE"
"ITEM","OFF-0382","社會","111","40","歷屆真題","verified","依111年國中教育會考官方選擇題參考答案一覽表核對：社會第40題官方答案D，與目前正解索引及選項相符。答案表：https://drive.google.com/file/d/1IeMHI4BmTpC_2Oc1lQ1Qj6XWHDf9qwGd/view","true","1","1","false","false","true","","","","","false","UNSIGNED_OR_INCOMPLETE"
"ITEM","OFF-0383","社會","111","41","歷屆真題","verified","依111年國中教育會考官方選擇題參考答案一覽表核對：社會第41題官方答案B，與目前正解索引及選項相符。答案表：https://drive.google.com/file/d/1IeMHI4BmTpC_2Oc1lQ1Qj6XWHDf9qwGd/view","true","1","1","false","false","true","","","","","false","UNSIGNED_OR_INCOMPLETE"
"ITEM","OFF-0384","社會","111","42","歷屆真題","verified","依111年國中教育會考官方選擇題參考答案一覽表核對：社會第42題官方答案D，與目前正解索引及選項相符。答案表：https://drive.google.com/file/d/1IeMHI4BmTpC_2Oc1lQ1Qj6XWHDf9qwGd/view","true","1","1","false","false","true","","","","","false","UNSIGNED_OR_INCOMPLETE"
"ITEM","OFF-0385","社會","111","43","歷屆真題","verified","依111年國中教育會考官方選擇題參考答案一覽表核對：社會第43題官方答案A，與目前正解索引及選項相符。答案表：https://drive.google.com/file/d/1IeMHI4BmTpC_2Oc1lQ1Qj6XWHDf9qwGd/view","true","1","1","false","false","true","","","","","false","UNSIGNED_OR_INCOMPLETE"
"ITEM","OFF-0386","社會","111","44","歷屆真題","verified","依111年國中教育會考官方選擇題參考答案一覽表核對：社會第44題官方答案B，與目前正解索引及選項相符。答案表：https://drive.google.com/file/d/1IeMHI4BmTpC_2Oc1lQ1Qj6XWHDf9qwGd/view","false","0","0","false","true","false","","","","","false","UNSIGNED_OR_INCOMPLETE"
"ITEM","OFF-0387","社會","111","45","歷屆真題","verified","依111年國中教育會考官方選擇題參考答案一覽表核對：社會第45題官方答案B，與目前正解索引及選項相符。答案表：https://drive.google.com/file/d/1IeMHI4BmTpC_2Oc1lQ1Qj6XWHDf9qwGd/view","false","0","0","false","true","false","","","","","false","UNSIGNED_OR_INCOMPLETE"
"ITEM","OFF-0388","社會","111","46","歷屆真題","verified","依111年國中教育會考官方選擇題參考答案一覽表核對：社會第46題官方答案A，與目前正解索引及選項相符。答案表：https://drive.google.com/file/d/1IeMHI4BmTpC_2Oc1lQ1Qj6XWHDf9qwGd/view","true","1","1","false","true","true","","","","","false","UNSIGNED_OR_INCOMPLETE"
"ITEM","OFF-0389","社會","111","47","歷屆真題","verified","依111年國中教育會考官方選擇題參考答案一覽表核對：社會第47題官方答案A，與目前正解索引及選項相符。答案表：https://drive.google.com/file/d/1IeMHI4BmTpC_2Oc1lQ1Qj6XWHDf9qwGd/view","true","1","1","false","true","true","","","","","false","UNSIGNED_OR_INCOMPLETE"
"ITEM","OFF-0390","社會","111","48","歷屆真題","verified","依111年國中教育會考官方選擇題參考答案一覽表核對：社會第48題官方答案B，與目前正解索引及選項相符。答案表：https://drive.google.com/file/d/1IeMHI4BmTpC_2Oc1lQ1Qj6XWHDf9qwGd/view","true","2","2","false","true","true","","","","","false","UNSIGNED_OR_INCOMPLETE"
"ITEM","OFF-0391","社會","111","49","歷屆真題","verified","依111年國中教育會考官方選擇題參考答案一覽表核對：社會第49題官方答案C，與目前正解索引及選項相符。答案表：https://drive.google.com/file/d/1IeMHI4BmTpC_2Oc1lQ1Qj6XWHDf9qwGd/view","false","0","0","false","true","false","","","","","false","UNSIGNED_OR_INCOMPLETE"
"ITEM","OFF-0392","社會","111","50","歷屆真題","verified","依111年國中教育會考官方選擇題參考答案一覽表核對：社會第50題官方答案D，與目前正解索引及選項相符。答案表：https://drive.google.com/file/d/1IeMHI4BmTpC_2Oc1lQ1Qj6XWHDf9qwGd/view","false","0","0","false","true","false","","","","","false","UNSIGNED_OR_INCOMPLETE"
"ITEM","OFF-0393","社會","111","51","歷屆真題","verified","依111年國中教育會考官方選擇題參考答案一覽表核對：社會第51題官方答案C，與目前正解索引及選項相符。答案表：https://drive.google.com/file/d/1IeMHI4BmTpC_2Oc1lQ1Qj6XWHDf9qwGd/view","false","0","0","false","true","false","","","","","false","UNSIGNED_OR_INCOMPLETE"
"ITEM","OFF-0394","社會","111","52","歷屆真題","verified","依111年國中教育會考官方選擇題參考答案一覽表核對：社會第52題官方答案A，與目前正解索引及選項相符。答案表：https://drive.google.com/file/d/1IeMHI4BmTpC_2Oc1lQ1Qj6XWHDf9qwGd/view","false","0","0","false","true","false","","","","","false","UNSIGNED_OR_INCOMPLETE"
"ITEM","OFF-0395","社會","111","53","歷屆真題","verified","依111年國中教育會考官方選擇題參考答案一覽表核對：社會第53題官方答案B，與目前正解索引及選項相符。答案表：https://drive.google.com/file/d/1IeMHI4BmTpC_2Oc1lQ1Qj6XWHDf9qwGd/view","true","1","1","false","true","true","","","","","false","UNSIGNED_OR_INCOMPLETE"
"ITEM","OFF-0396","社會","111","54","歷屆真題","verified","依111年國中教育會考官方選擇題參考答案一覽表核對：社會第54題官方答案A，與目前正解索引及選項相符。答案表：https://drive.google.com/file/d/1IeMHI4BmTpC_2Oc1lQ1Qj6XWHDf9qwGd/view","false","0","0","false","true","false","","","","","false","UNSIGNED_OR_INCOMPLETE"
"ITEM","OFF-0557","社會","112","1","歷屆真題","verified","依112年國中教育會考官方選擇題參考答案一覽表核對：社會第1題官方答案C，與目前正解索引及選項相符。答案表：https://drive.google.com/file/d/1OT5r0que_0bXSy0kwLEOEJMssce2OnL0/view","false","0","0","false","false","false","","","","","false","UNSIGNED_OR_INCOMPLETE"
"ITEM","OFF-0558","社會","112","2","歷屆真題","verified","依112年國中教育會考官方選擇題參考答案一覽表核對：社會第2題官方答案D，與目前正解索引及選項相符。答案表：https://drive.google.com/file/d/1OT5r0que_0bXSy0kwLEOEJMssce2OnL0/view","true","1","1","false","false","true","","","","","false","UNSIGNED_OR_INCOMPLETE"
"ITEM","OFF-0559","社會","112","3","歷屆真題","verified","依112年國中教育會考官方選擇題參考答案一覽表核對：社會第3題官方答案A，與目前正解索引及選項相符。答案表：https://drive.google.com/file/d/1OT5r0que_0bXSy0kwLEOEJMssce2OnL0/view","false","0","0","false","false","false","","","","","false","UNSIGNED_OR_INCOMPLETE"
"ITEM","OFF-0560","社會","112","4","歷屆真題","verified","依112年國中教育會考官方選擇題參考答案一覽表核對：社會第4題官方答案A，與目前正解索引及選項相符。答案表：https://drive.google.com/file/d/1OT5r0que_0bXSy0kwLEOEJMssce2OnL0/view","false","0","0","false","false","false","","","","","false","UNSIGNED_OR_INCOMPLETE"
"ITEM","OFF-0561","社會","112","5","歷屆真題","verified","依112年國中教育會考官方選擇題參考答案一覽表核對：社會第5題官方答案A，與目前正解索引及選項相符。答案表：https://drive.google.com/file/d/1OT5r0que_0bXSy0kwLEOEJMssce2OnL0/view","false","0","0","false","false","false","","","","","false","UNSIGNED_OR_INCOMPLETE"
"ITEM","OFF-0562","社會","112","6","歷屆真題","verified","依112年國中教育會考官方選擇題參考答案一覽表核對：社會第6題官方答案C，與目前正解索引及選項相符。答案表：https://drive.google.com/file/d/1OT5r0que_0bXSy0kwLEOEJMssce2OnL0/view","false","0","0","false","false","false","","","","","false","UNSIGNED_OR_INCOMPLETE"
"ITEM","OFF-0563","社會","112","7","歷屆真題","verified","依112年國中教育會考官方選擇題參考答案一覽表核對：社會第7題官方答案C，與目前正解索引及選項相符。答案表：https://drive.google.com/file/d/1OT5r0que_0bXSy0kwLEOEJMssce2OnL0/view","true","1","1","false","false","true","","","","","false","UNSIGNED_OR_INCOMPLETE"
"ITEM","OFF-0564","社會","112","8","歷屆真題","verified","依112年國中教育會考官方選擇題參考答案一覽表核對：社會第8題官方答案D，與目前正解索引及選項相符。答案表：https://drive.google.com/file/d/1OT5r0que_0bXSy0kwLEOEJMssce2OnL0/view","false","0","0","false","false","false","","","","","false","UNSIGNED_OR_INCOMPLETE"
"ITEM","OFF-0565","社會","112","9","歷屆真題","verified","依112年國中教育會考官方選擇題參考答案一覽表核對：社會第9題官方答案C，與目前正解索引及選項相符。答案表：https://drive.google.com/file/d/1OT5r0que_0bXSy0kwLEOEJMssce2OnL0/view","false","0","0","false","false","false","","","","","false","UNSIGNED_OR_INCOMPLETE"
"ITEM","OFF-0566","社會","112","10","歷屆真題","verified","依112年國中教育會考官方選擇題參考答案一覽表核對：社會第10題官方答案C，與目前正解索引及選項相符。答案表：https://drive.google.com/file/d/1OT5r0que_0bXSy0kwLEOEJMssce2OnL0/view","true","1","1","false","false","true","","","","","false","UNSIGNED_OR_INCOMPLETE"
"ITEM","OFF-0567","社會","112","11","歷屆真題","verified","依112年國中教育會考官方選擇題參考答案一覽表核對：社會第11題官方答案B，與目前正解索引及選項相符。答案表：https://drive.google.com/file/d/1OT5r0que_0bXSy0kwLEOEJMssce2OnL0/view","false","0","0","false","false","false","","","","","false","UNSIGNED_OR_INCOMPLETE"
"ITEM","OFF-0568","社會","112","12","歷屆真題","verified","依112年國中教育會考官方選擇題參考答案一覽表核對：社會第12題官方答案D，與目前正解索引及選項相符。答案表：https://drive.google.com/file/d/1OT5r0que_0bXSy0kwLEOEJMssce2OnL0/view","false","0","0","false","false","false","","","","","false","UNSIGNED_OR_INCOMPLETE"
"ITEM","OFF-0569","社會","112","13","歷屆真題","verified","依112年國中教育會考官方選擇題參考答案一覽表核對：社會第13題官方答案A，與目前正解索引及選項相符。答案表：https://drive.google.com/file/d/1OT5r0que_0bXSy0kwLEOEJMssce2OnL0/view","false","0","0","false","false","false","","","","","false","UNSIGNED_OR_INCOMPLETE"
"ITEM","OFF-0570","社會","112","14","歷屆真題","verified","依112年國中教育會考官方選擇題參考答案一覽表核對：社會第14題官方答案B，與目前正解索引及選項相符。答案表：https://drive.google.com/file/d/1OT5r0que_0bXSy0kwLEOEJMssce2OnL0/view","false","0","0","false","false","false","","","","","false","UNSIGNED_OR_INCOMPLETE"
"ITEM","OFF-0571","社會","112","15","歷屆真題","verified","依112年國中教育會考官方選擇題參考答案一覽表核對：社會第15題官方答案A，與目前正解索引及選項相符。答案表：https://drive.google.com/file/d/1OT5r0que_0bXSy0kwLEOEJMssce2OnL0/view","true","1","1","false","false","true","","","","","false","UNSIGNED_OR_INCOMPLETE"
"ITEM","OFF-0572","社會","112","16","歷屆真題","verified","依112年國中教育會考官方選擇題參考答案一覽表核對：社會第16題官方答案C，與目前正解索引及選項相符。答案表：https://drive.google.com/file/d/1OT5r0que_0bXSy0kwLEOEJMssce2OnL0/view","false","0","0","false","false","false","","","","","false","UNSIGNED_OR_INCOMPLETE"
"ITEM","OFF-0573","社會","112","17","歷屆真題","verified","依112年國中教育會考官方選擇題參考答案一覽表核對：社會第17題官方答案A，與目前正解索引及選項相符。答案表：https://drive.google.com/file/d/1OT5r0que_0bXSy0kwLEOEJMssce2OnL0/view","false","0","0","false","false","false","","","","","false","UNSIGNED_OR_INCOMPLETE"
"ITEM","OFF-0574","社會","112","18","歷屆真題","verified","依112年國中教育會考官方選擇題參考答案一覽表核對：社會第18題官方答案A，與目前正解索引及選項相符。答案表：https://drive.google.com/file/d/1OT5r0que_0bXSy0kwLEOEJMssce2OnL0/view","false","0","0","false","false","false","","","","","false","UNSIGNED_OR_INCOMPLETE"
"ITEM","OFF-0575","社會","112","19","歷屆真題","verified","依112年國中教育會考官方選擇題參考答案一覽表核對：社會第19題官方答案D，與目前正解索引及選項相符。答案表：https://drive.google.com/file/d/1OT5r0que_0bXSy0kwLEOEJMssce2OnL0/view","true","1","1","false","false","true","","","","","false","UNSIGNED_OR_INCOMPLETE"
"ITEM","OFF-0576","社會","112","20","歷屆真題","verified","依112年國中教育會考官方選擇題參考答案一覽表核對：社會第20題官方答案A，與目前正解索引及選項相符。答案表：https://drive.google.com/file/d/1OT5r0que_0bXSy0kwLEOEJMssce2OnL0/view","false","0","0","false","false","false","","","","","false","UNSIGNED_OR_INCOMPLETE"
"ITEM","OFF-0577","社會","112","21","歷屆真題","verified","依112年國中教育會考官方選擇題參考答案一覽表核對：社會第21題官方答案B，與目前正解索引及選項相符。答案表：https://drive.google.com/file/d/1OT5r0que_0bXSy0kwLEOEJMssce2OnL0/view","false","0","0","false","false","false","","","","","false","UNSIGNED_OR_INCOMPLETE"
"ITEM","OFF-0578","社會","112","22","歷屆真題","verified","依112年國中教育會考官方選擇題參考答案一覽表核對：社會第22題官方答案D，與目前正解索引及選項相符。答案表：https://drive.google.com/file/d/1OT5r0que_0bXSy0kwLEOEJMssce2OnL0/view","false","0","0","false","false","false","","","","","false","UNSIGNED_OR_INCOMPLETE"
"ITEM","OFF-0579","社會","112","23","歷屆真題","verified","依112年國中教育會考官方選擇題參考答案一覽表核對：社會第23題官方答案B，與目前正解索引及選項相符。答案表：https://drive.google.com/file/d/1OT5r0que_0bXSy0kwLEOEJMssce2OnL0/view","true","1","1","false","false","true","","","","","false","UNSIGNED_OR_INCOMPLETE"
"ITEM","OFF-0580","社會","112","24","歷屆真題","verified","依112年國中教育會考官方選擇題參考答案一覽表核對：社會第24題官方答案B，與目前正解索引及選項相符。答案表：https://drive.google.com/file/d/1OT5r0que_0bXSy0kwLEOEJMssce2OnL0/view","false","0","0","false","false","false","","","","","false","UNSIGNED_OR_INCOMPLETE"
"ITEM","OFF-0581","社會","112","25","歷屆真題","verified","依112年國中教育會考官方選擇題參考答案一覽表核對：社會第25題官方答案A，與目前正解索引及選項相符。答案表：https://drive.google.com/file/d/1OT5r0que_0bXSy0kwLEOEJMssce2OnL0/view","true","1","1","false","false","true","","","","","false","UNSIGNED_OR_INCOMPLETE"
"ITEM","OFF-0582","社會","112","26","歷屆真題","verified","依112年國中教育會考官方選擇題參考答案一覽表核對：社會第26題官方答案B，與目前正解索引及選項相符。答案表：https://drive.google.com/file/d/1OT5r0que_0bXSy0kwLEOEJMssce2OnL0/view","true","1","1","false","false","true","","","","","false","UNSIGNED_OR_INCOMPLETE"
"ITEM","OFF-0583","社會","112","27","歷屆真題","verified","依112年國中教育會考官方選擇題參考答案一覽表核對：社會第27題官方答案D，與目前正解索引及選項相符。答案表：https://drive.google.com/file/d/1OT5r0que_0bXSy0kwLEOEJMssce2OnL0/view","true","1","1","false","false","true","","","","","false","UNSIGNED_OR_INCOMPLETE"
"ITEM","OFF-0584","社會","112","28","歷屆真題","verified","依112年國中教育會考官方選擇題參考答案一覽表核對：社會第28題官方答案B，與目前正解索引及選項相符。答案表：https://drive.google.com/file/d/1OT5r0que_0bXSy0kwLEOEJMssce2OnL0/view","false","0","0","false","false","false","","","","","false","UNSIGNED_OR_INCOMPLETE"
"ITEM","OFF-0585","社會","112","29","歷屆真題","verified","依112年國中教育會考官方選擇題參考答案一覽表核對：社會第29題官方答案A，與目前正解索引及選項相符。答案表：https://drive.google.com/file/d/1OT5r0que_0bXSy0kwLEOEJMssce2OnL0/view","false","0","0","false","false","false","","","","","false","UNSIGNED_OR_INCOMPLETE"
"ITEM","OFF-0586","社會","112","30","歷屆真題","verified","依112年國中教育會考官方選擇題參考答案一覽表核對：社會第30題官方答案D，與目前正解索引及選項相符。答案表：https://drive.google.com/file/d/1OT5r0que_0bXSy0kwLEOEJMssce2OnL0/view","false","0","0","false","false","false","","","","","false","UNSIGNED_OR_INCOMPLETE"
"ITEM","OFF-0587","社會","112","31","歷屆真題","verified","依112年國中教育會考官方選擇題參考答案一覽表核對：社會第31題官方答案C，與目前正解索引及選項相符。答案表：https://drive.google.com/file/d/1OT5r0que_0bXSy0kwLEOEJMssce2OnL0/view","false","0","0","false","false","false","","","","","false","UNSIGNED_OR_INCOMPLETE"
"ITEM","OFF-0588","社會","112","32","歷屆真題","verified","依112年國中教育會考官方選擇題參考答案一覽表核對：社會第32題官方答案D，與目前正解索引及選項相符。答案表：https://drive.google.com/file/d/1OT5r0que_0bXSy0kwLEOEJMssce2OnL0/view","false","0","0","false","false","false","","","","","false","UNSIGNED_OR_INCOMPLETE"
"ITEM","OFF-0589","社會","112","33","歷屆真題","verified","依112年國中教育會考官方選擇題參考答案一覽表核對：社會第33題官方答案B，與目前正解索引及選項相符。答案表：https://drive.google.com/file/d/1OT5r0que_0bXSy0kwLEOEJMssce2OnL0/view","false","0","0","false","false","false","","","","","false","UNSIGNED_OR_INCOMPLETE"
"ITEM","OFF-0590","社會","112","34","歷屆真題","verified","依112年國中教育會考官方選擇題參考答案一覽表核對：社會第34題官方答案D，與目前正解索引及選項相符。答案表：https://drive.google.com/file/d/1OT5r0que_0bXSy0kwLEOEJMssce2OnL0/view","false","0","0","false","false","false","","","","","false","UNSIGNED_OR_INCOMPLETE"
"ITEM","OFF-0591","社會","112","35","歷屆真題","verified","依112年國中教育會考官方選擇題參考答案一覽表核對：社會第35題官方答案D，與目前正解索引及選項相符。答案表：https://drive.google.com/file/d/1OT5r0que_0bXSy0kwLEOEJMssce2OnL0/view","false","0","0","false","false","false","","","","","false","UNSIGNED_OR_INCOMPLETE"
"ITEM","OFF-0592","社會","112","36","歷屆真題","verified","依112年國中教育會考官方選擇題參考答案一覽表核對：社會第36題官方答案C，與目前正解索引及選項相符。答案表：https://drive.google.com/file/d/1OT5r0que_0bXSy0kwLEOEJMssce2OnL0/view","false","0","0","false","false","false","","","","","false","UNSIGNED_OR_INCOMPLETE"
"ITEM","OFF-0593","社會","112","37","歷屆真題","verified","依112年國中教育會考官方選擇題參考答案一覽表核對：社會第37題官方答案B，與目前正解索引及選項相符。答案表：https://drive.google.com/file/d/1OT5r0que_0bXSy0kwLEOEJMssce2OnL0/view","false","0","0","false","false","false","","","","","false","UNSIGNED_OR_INCOMPLETE"
"ITEM","OFF-0594","社會","112","38","歷屆真題","verified","依112年國中教育會考官方選擇題參考答案一覽表核對：社會第38題官方答案D，與目前正解索引及選項相符。答案表：https://drive.google.com/file/d/1OT5r0que_0bXSy0kwLEOEJMssce2OnL0/view","false","0","0","false","false","false","","","","","false","UNSIGNED_OR_INCOMPLETE"
"ITEM","OFF-0595","社會","112","39","歷屆真題","verified","依112年國中教育會考官方選擇題參考答案一覽表核對：社會第39題官方答案A，與目前正解索引及選項相符。答案表：https://drive.google.com/file/d/1OT5r0que_0bXSy0kwLEOEJMssce2OnL0/view","false","0","0","false","false","false","","","","","false","UNSIGNED_OR_INCOMPLETE"
"ITEM","OFF-0596","社會","112","40","歷屆真題","verified","依112年國中教育會考官方選擇題參考答案一覽表核對：社會第40題官方答案A，與目前正解索引及選項相符。答案表：https://drive.google.com/file/d/1OT5r0que_0bXSy0kwLEOEJMssce2OnL0/view","false","0","0","false","false","false","","","","","false","UNSIGNED_OR_INCOMPLETE"
"ITEM","OFF-0597","社會","112","41","歷屆真題","verified","依112年國中教育會考官方選擇題參考答案一覽表核對：社會第41題官方答案C，與目前正解索引及選項相符。答案表：https://drive.google.com/file/d/1OT5r0que_0bXSy0kwLEOEJMssce2OnL0/view","true","1","1","false","false","true","","","","","false","UNSIGNED_OR_INCOMPLETE"
"ITEM","OFF-0598","社會","112","42","歷屆真題","verified","依112年國中教育會考官方選擇題參考答案一覽表核對：社會第42題官方答案D，與目前正解索引及選項相符。答案表：https://drive.google.com/file/d/1OT5r0que_0bXSy0kwLEOEJMssce2OnL0/view","false","0","0","false","false","false","","","","","false","UNSIGNED_OR_INCOMPLETE"
"ITEM","OFF-0599","社會","112","43","歷屆真題","verified","依112年國中教育會考官方選擇題參考答案一覽表核對：社會第43題官方答案C，與目前正解索引及選項相符。答案表：https://drive.google.com/file/d/1OT5r0que_0bXSy0kwLEOEJMssce2OnL0/view","false","0","0","false","false","false","","","","","false","UNSIGNED_OR_INCOMPLETE"
"ITEM","OFF-0600","社會","112","44","歷屆真題","verified","依112年國中教育會考官方選擇題參考答案一覽表核對：社會第44題官方答案C，與目前正解索引及選項相符。答案表：https://drive.google.com/file/d/1OT5r0que_0bXSy0kwLEOEJMssce2OnL0/view","false","0","0","false","true","false","","","","","false","UNSIGNED_OR_INCOMPLETE"
"ITEM","OFF-0601","社會","112","45","歷屆真題","verified","依112年國中教育會考官方選擇題參考答案一覽表核對：社會第45題官方答案D，與目前正解索引及選項相符。答案表：https://drive.google.com/file/d/1OT5r0que_0bXSy0kwLEOEJMssce2OnL0/view","false","0","0","false","true","false","","","","","false","UNSIGNED_OR_INCOMPLETE"
"ITEM","OFF-0602","社會","112","46","歷屆真題","verified","依112年國中教育會考官方選擇題參考答案一覽表核對：社會第46題官方答案B，與目前正解索引及選項相符。答案表：https://drive.google.com/file/d/1OT5r0que_0bXSy0kwLEOEJMssce2OnL0/view","false","0","0","false","true","false","","","","","false","UNSIGNED_OR_INCOMPLETE"
"ITEM","OFF-0603","社會","112","47","歷屆真題","verified","依112年國中教育會考官方選擇題參考答案一覽表核對：社會第47題官方答案C，與目前正解索引及選項相符。答案表：https://drive.google.com/file/d/1OT5r0que_0bXSy0kwLEOEJMssce2OnL0/view","true","1","1","false","true","true","","","","","false","UNSIGNED_OR_INCOMPLETE"
"ITEM","OFF-0604","社會","112","48","歷屆真題","verified","依112年國中教育會考官方選擇題參考答案一覽表核對：社會第48題官方答案D，與目前正解索引及選項相符。答案表：https://drive.google.com/file/d/1OT5r0que_0bXSy0kwLEOEJMssce2OnL0/view","false","0","0","false","true","false","","","","","false","UNSIGNED_OR_INCOMPLETE"
"ITEM","OFF-0605","社會","112","49","歷屆真題","verified","依112年國中教育會考官方選擇題參考答案一覽表核對：社會第49題官方答案B，與目前正解索引及選項相符。答案表：https://drive.google.com/file/d/1OT5r0que_0bXSy0kwLEOEJMssce2OnL0/view","false","0","0","false","true","false","","","","","false","UNSIGNED_OR_INCOMPLETE"
"ITEM","OFF-0606","社會","112","50","歷屆真題","verified","依112年國中教育會考官方選擇題參考答案一覽表核對：社會第50題官方答案A，與目前正解索引及選項相符。答案表：https://drive.google.com/file/d/1OT5r0que_0bXSy0kwLEOEJMssce2OnL0/view","false","0","0","false","true","false","","","","","false","UNSIGNED_OR_INCOMPLETE"
"ITEM","OFF-0607","社會","112","51","歷屆真題","verified","依112年國中教育會考官方選擇題參考答案一覽表核對：社會第51題官方答案A，與目前正解索引及選項相符。答案表：https://drive.google.com/file/d/1OT5r0que_0bXSy0kwLEOEJMssce2OnL0/view","false","0","0","false","true","false","","","","","false","UNSIGNED_OR_INCOMPLETE"
"ITEM","OFF-0608","社會","112","52","歷屆真題","verified","依112年國中教育會考官方選擇題參考答案一覽表核對：社會第52題官方答案D，與目前正解索引及選項相符。答案表：https://drive.google.com/file/d/1OT5r0que_0bXSy0kwLEOEJMssce2OnL0/view","false","0","0","false","true","false","","","","","false","UNSIGNED_OR_INCOMPLETE"
"ITEM","OFF-0609","社會","112","53","歷屆真題","verified","依112年國中教育會考官方選擇題參考答案一覽表核對：社會第53題官方答案B，與目前正解索引及選項相符。答案表：https://drive.google.com/file/d/1OT5r0que_0bXSy0kwLEOEJMssce2OnL0/view","false","0","0","false","true","false","","","","","false","UNSIGNED_OR_INCOMPLETE"
"ITEM","OFF-0610","社會","112","54","歷屆真題","verified","依112年國中教育會考官方選擇題參考答案一覽表核對：社會第54題官方答案C，與目前正解索引及選項相符。答案表：https://drive.google.com/file/d/1OT5r0que_0bXSy0kwLEOEJMssce2OnL0/view","false","0","0","false","true","false","","","","","false","UNSIGNED_OR_INCOMPLETE"
"ITEM","OFF-0771","社會","113","1","歷屆真題","verified","依113年國中教育會考官方選擇題參考答案一覽表核對：社會第1題官方答案B，與目前正解索引及選項相符。答案表：https://drive.google.com/file/d/1cWlogP9FBRX1eD5kjgVDP2_6f8VCLSB4/view","false","0","0","false","false","false","","","","","false","UNSIGNED_OR_INCOMPLETE"
"ITEM","OFF-0772","社會","113","2","歷屆真題","verified","依113年國中教育會考官方選擇題參考答案一覽表核對：社會第2題官方答案A，與目前正解索引及選項相符。答案表：https://drive.google.com/file/d/1cWlogP9FBRX1eD5kjgVDP2_6f8VCLSB4/view","false","0","0","false","false","false","","","","","false","UNSIGNED_OR_INCOMPLETE"
"ITEM","OFF-0773","社會","113","3","歷屆真題","verified","依113年國中教育會考官方選擇題參考答案一覽表核對：社會第3題官方答案B，與目前正解索引及選項相符。答案表：https://drive.google.com/file/d/1cWlogP9FBRX1eD5kjgVDP2_6f8VCLSB4/view","true","1","1","false","false","true","","","","","false","UNSIGNED_OR_INCOMPLETE"
"ITEM","OFF-0774","社會","113","4","歷屆真題","verified","依113年國中教育會考官方選擇題參考答案一覽表核對：社會第4題官方答案A，與目前正解索引及選項相符。答案表：https://drive.google.com/file/d/1cWlogP9FBRX1eD5kjgVDP2_6f8VCLSB4/view","true","1","1","false","false","true","","","","","false","UNSIGNED_OR_INCOMPLETE"
"ITEM","OFF-0775","社會","113","5","歷屆真題","verified","依113年國中教育會考官方選擇題參考答案一覽表核對：社會第5題官方答案B，與目前正解索引及選項相符。答案表：https://drive.google.com/file/d/1cWlogP9FBRX1eD5kjgVDP2_6f8VCLSB4/view","false","0","0","false","false","false","","","","","false","UNSIGNED_OR_INCOMPLETE"
"ITEM","OFF-0776","社會","113","6","歷屆真題","verified","依113年國中教育會考官方選擇題參考答案一覽表核對：社會第6題官方答案C，與目前正解索引及選項相符。答案表：https://drive.google.com/file/d/1cWlogP9FBRX1eD5kjgVDP2_6f8VCLSB4/view","false","0","0","false","false","false","","","","","false","UNSIGNED_OR_INCOMPLETE"
"ITEM","OFF-0777","社會","113","7","歷屆真題","verified","依113年國中教育會考官方選擇題參考答案一覽表核對：社會第7題官方答案D，與目前正解索引及選項相符。答案表：https://drive.google.com/file/d/1cWlogP9FBRX1eD5kjgVDP2_6f8VCLSB4/view","true","1","1","false","false","true","","","","","false","UNSIGNED_OR_INCOMPLETE"
"ITEM","OFF-0778","社會","113","8","歷屆真題","verified","依113年國中教育會考官方選擇題參考答案一覽表核對：社會第8題官方答案C，與目前正解索引及選項相符。答案表：https://drive.google.com/file/d/1cWlogP9FBRX1eD5kjgVDP2_6f8VCLSB4/view","false","0","0","false","false","false","","","","","false","UNSIGNED_OR_INCOMPLETE"
"ITEM","OFF-0779","社會","113","9","歷屆真題","verified","依113年國中教育會考官方選擇題參考答案一覽表核對：社會第9題官方答案A，與目前正解索引及選項相符。答案表：https://drive.google.com/file/d/1cWlogP9FBRX1eD5kjgVDP2_6f8VCLSB4/view","false","0","0","false","false","false","","","","","false","UNSIGNED_OR_INCOMPLETE"
"ITEM","OFF-0780","社會","113","10","歷屆真題","verified","依113年國中教育會考官方選擇題參考答案一覽表核對：社會第10題官方答案C，與目前正解索引及選項相符。答案表：https://drive.google.com/file/d/1cWlogP9FBRX1eD5kjgVDP2_6f8VCLSB4/view","false","0","0","false","false","false","","","","","false","UNSIGNED_OR_INCOMPLETE"
"ITEM","OFF-0781","社會","113","11","歷屆真題","verified","依113年國中教育會考官方選擇題參考答案一覽表核對：社會第11題官方答案C，與目前正解索引及選項相符。答案表：https://drive.google.com/file/d/1cWlogP9FBRX1eD5kjgVDP2_6f8VCLSB4/view","false","0","0","false","false","false","","","","","false","UNSIGNED_OR_INCOMPLETE"
"ITEM","OFF-0782","社會","113","12","歷屆真題","verified","依113年國中教育會考官方選擇題參考答案一覽表核對：社會第12題官方答案B，與目前正解索引及選項相符。答案表：https://drive.google.com/file/d/1cWlogP9FBRX1eD5kjgVDP2_6f8VCLSB4/view","false","0","0","false","false","false","","","","","false","UNSIGNED_OR_INCOMPLETE"
"ITEM","OFF-0783","社會","113","13","歷屆真題","verified","依113年國中教育會考官方選擇題參考答案一覽表核對：社會第13題官方答案C，與目前正解索引及選項相符。答案表：https://drive.google.com/file/d/1cWlogP9FBRX1eD5kjgVDP2_6f8VCLSB4/view","false","0","0","false","false","false","","","","","false","UNSIGNED_OR_INCOMPLETE"
"ITEM","OFF-0784","社會","113","14","歷屆真題","verified","依113年國中教育會考官方選擇題參考答案一覽表核對：社會第14題官方答案D，與目前正解索引及選項相符。答案表：https://drive.google.com/file/d/1cWlogP9FBRX1eD5kjgVDP2_6f8VCLSB4/view","false","0","0","false","false","false","","","","","false","UNSIGNED_OR_INCOMPLETE"
"ITEM","OFF-0785","社會","113","15","歷屆真題","verified","依113年國中教育會考官方選擇題參考答案一覽表核對：社會第15題官方答案C，與目前正解索引及選項相符。答案表：https://drive.google.com/file/d/1cWlogP9FBRX1eD5kjgVDP2_6f8VCLSB4/view","true","1","1","false","false","true","","","","","false","UNSIGNED_OR_INCOMPLETE"
"ITEM","OFF-0786","社會","113","16","歷屆真題","verified","依113年國中教育會考官方選擇題參考答案一覽表核對：社會第16題官方答案C，與目前正解索引及選項相符。答案表：https://drive.google.com/file/d/1cWlogP9FBRX1eD5kjgVDP2_6f8VCLSB4/view","true","1","1","false","false","true","","","","","false","UNSIGNED_OR_INCOMPLETE"
"ITEM","OFF-0787","社會","113","17","歷屆真題","verified","依113年國中教育會考官方選擇題參考答案一覽表核對：社會第17題官方答案A，與目前正解索引及選項相符。答案表：https://drive.google.com/file/d/1cWlogP9FBRX1eD5kjgVDP2_6f8VCLSB4/view","true","1","1","false","false","true","","","","","false","UNSIGNED_OR_INCOMPLETE"
"ITEM","OFF-0788","社會","113","18","歷屆真題","verified","依113年國中教育會考官方選擇題參考答案一覽表核對：社會第18題官方答案C，與目前正解索引及選項相符。答案表：https://drive.google.com/file/d/1cWlogP9FBRX1eD5kjgVDP2_6f8VCLSB4/view","true","1","1","false","false","true","","","","","false","UNSIGNED_OR_INCOMPLETE"
"ITEM","OFF-0789","社會","113","19","歷屆真題","verified","依113年國中教育會考官方選擇題參考答案一覽表核對：社會第19題官方答案D，與目前正解索引及選項相符。答案表：https://drive.google.com/file/d/1cWlogP9FBRX1eD5kjgVDP2_6f8VCLSB4/view","false","0","0","false","false","false","","","","","false","UNSIGNED_OR_INCOMPLETE"
"ITEM","OFF-0790","社會","113","20","歷屆真題","verified","依113年國中教育會考官方選擇題參考答案一覽表核對：社會第20題官方答案A，與目前正解索引及選項相符。答案表：https://drive.google.com/file/d/1cWlogP9FBRX1eD5kjgVDP2_6f8VCLSB4/view","true","1","1","false","false","true","","","","","false","UNSIGNED_OR_INCOMPLETE"
"ITEM","OFF-0791","社會","113","21","歷屆真題","verified","依113年國中教育會考官方選擇題參考答案一覽表核對：社會第21題官方答案B，與目前正解索引及選項相符。答案表：https://drive.google.com/file/d/1cWlogP9FBRX1eD5kjgVDP2_6f8VCLSB4/view","false","0","0","false","false","false","","","","","false","UNSIGNED_OR_INCOMPLETE"
"ITEM","OFF-0792","社會","113","22","歷屆真題","verified","依113年國中教育會考官方選擇題參考答案一覽表核對：社會第22題官方答案C，與目前正解索引及選項相符。答案表：https://drive.google.com/file/d/1cWlogP9FBRX1eD5kjgVDP2_6f8VCLSB4/view","true","1","1","false","false","true","","","","","false","UNSIGNED_OR_INCOMPLETE"
"ITEM","OFF-0793","社會","113","23","歷屆真題","verified","依113年國中教育會考官方選擇題參考答案一覽表核對：社會第23題官方答案B，與目前正解索引及選項相符。答案表：https://drive.google.com/file/d/1cWlogP9FBRX1eD5kjgVDP2_6f8VCLSB4/view","false","0","0","false","false","false","","","","","false","UNSIGNED_OR_INCOMPLETE"
"ITEM","OFF-0794","社會","113","24","歷屆真題","verified","依113年國中教育會考官方選擇題參考答案一覽表核對：社會第24題官方答案A，與目前正解索引及選項相符。答案表：https://drive.google.com/file/d/1cWlogP9FBRX1eD5kjgVDP2_6f8VCLSB4/view","false","0","0","false","false","false","","","","","false","UNSIGNED_OR_INCOMPLETE"
"ITEM","OFF-0795","社會","113","25","歷屆真題","verified","依113年國中教育會考官方選擇題參考答案一覽表核對：社會第25題官方答案B，與目前正解索引及選項相符。答案表：https://drive.google.com/file/d/1cWlogP9FBRX1eD5kjgVDP2_6f8VCLSB4/view","false","0","0","false","false","false","","","","","false","UNSIGNED_OR_INCOMPLETE"
"ITEM","OFF-0796","社會","113","26","歷屆真題","verified","依113年國中教育會考官方選擇題參考答案一覽表核對：社會第26題官方答案C，與目前正解索引及選項相符。答案表：https://drive.google.com/file/d/1cWlogP9FBRX1eD5kjgVDP2_6f8VCLSB4/view","true","1","1","false","false","true","","","","","false","UNSIGNED_OR_INCOMPLETE"
"ITEM","OFF-0797","社會","113","27","歷屆真題","verified","依113年國中教育會考官方選擇題參考答案一覽表核對：社會第27題官方答案A，與目前正解索引及選項相符。答案表：https://drive.google.com/file/d/1cWlogP9FBRX1eD5kjgVDP2_6f8VCLSB4/view","false","0","0","false","false","false","","","","","false","UNSIGNED_OR_INCOMPLETE"
"ITEM","OFF-0798","社會","113","28","歷屆真題","verified","依113年國中教育會考官方選擇題參考答案一覽表核對：社會第28題官方答案B，與目前正解索引及選項相符。答案表：https://drive.google.com/file/d/1cWlogP9FBRX1eD5kjgVDP2_6f8VCLSB4/view","true","1","1","false","false","true","","","","","false","UNSIGNED_OR_INCOMPLETE"
"ITEM","OFF-0799","社會","113","29","歷屆真題","verified","依113年國中教育會考官方選擇題參考答案一覽表核對：社會第29題官方答案A，與目前正解索引及選項相符。答案表：https://drive.google.com/file/d/1cWlogP9FBRX1eD5kjgVDP2_6f8VCLSB4/view","true","1","1","false","false","true","","","","","false","UNSIGNED_OR_INCOMPLETE"
"ITEM","OFF-0800","社會","113","30","歷屆真題","verified","依113年國中教育會考官方選擇題參考答案一覽表核對：社會第30題官方答案C，與目前正解索引及選項相符。答案表：https://drive.google.com/file/d/1cWlogP9FBRX1eD5kjgVDP2_6f8VCLSB4/view","false","0","0","false","false","false","","","","","false","UNSIGNED_OR_INCOMPLETE"
"ITEM","OFF-0801","社會","113","31","歷屆真題","verified","依113年國中教育會考官方選擇題參考答案一覽表核對：社會第31題官方答案D，與目前正解索引及選項相符。答案表：https://drive.google.com/file/d/1cWlogP9FBRX1eD5kjgVDP2_6f8VCLSB4/view","true","1","1","false","false","true","","","","","false","UNSIGNED_OR_INCOMPLETE"
"ITEM","OFF-0802","社會","113","32","歷屆真題","verified","依113年國中教育會考官方選擇題參考答案一覽表核對：社會第32題官方答案A，與目前正解索引及選項相符。答案表：https://drive.google.com/file/d/1cWlogP9FBRX1eD5kjgVDP2_6f8VCLSB4/view","false","0","0","false","false","false","","","","","false","UNSIGNED_OR_INCOMPLETE"
"ITEM","OFF-0803","社會","113","33","歷屆真題","verified","依113年國中教育會考官方選擇題參考答案一覽表核對：社會第33題官方答案D，與目前正解索引及選項相符。答案表：https://drive.google.com/file/d/1cWlogP9FBRX1eD5kjgVDP2_6f8VCLSB4/view","false","0","0","false","false","false","","","","","false","UNSIGNED_OR_INCOMPLETE"
"ITEM","OFF-0804","社會","113","34","歷屆真題","verified","依113年國中教育會考官方選擇題參考答案一覽表核對：社會第34題官方答案D，與目前正解索引及選項相符。答案表：https://drive.google.com/file/d/1cWlogP9FBRX1eD5kjgVDP2_6f8VCLSB4/view","false","0","0","false","false","false","","","","","false","UNSIGNED_OR_INCOMPLETE"
"ITEM","OFF-0805","社會","113","35","歷屆真題","verified","依113年國中教育會考官方選擇題參考答案一覽表核對：社會第35題官方答案B，與目前正解索引及選項相符。答案表：https://drive.google.com/file/d/1cWlogP9FBRX1eD5kjgVDP2_6f8VCLSB4/view","true","1","1","false","false","true","","","","","false","UNSIGNED_OR_INCOMPLETE"
"ITEM","OFF-0806","社會","113","36","歷屆真題","verified","依113年國中教育會考官方選擇題參考答案一覽表核對：社會第36題官方答案B，與目前正解索引及選項相符。答案表：https://drive.google.com/file/d/1cWlogP9FBRX1eD5kjgVDP2_6f8VCLSB4/view","false","0","0","false","false","false","","","","","false","UNSIGNED_OR_INCOMPLETE"
"ITEM","OFF-0807","社會","113","37","歷屆真題","verified","依113年國中教育會考官方選擇題參考答案一覽表核對：社會第37題官方答案C，與目前正解索引及選項相符。答案表：https://drive.google.com/file/d/1cWlogP9FBRX1eD5kjgVDP2_6f8VCLSB4/view","true","1","1","false","false","true","","","","","false","UNSIGNED_OR_INCOMPLETE"
"ITEM","OFF-0808","社會","113","38","歷屆真題","verified","依113年國中教育會考官方選擇題參考答案一覽表核對：社會第38題官方答案D，與目前正解索引及選項相符。答案表：https://drive.google.com/file/d/1cWlogP9FBRX1eD5kjgVDP2_6f8VCLSB4/view","false","0","0","false","false","false","","","","","false","UNSIGNED_OR_INCOMPLETE"
"ITEM","OFF-0809","社會","113","39","歷屆真題","verified","依113年國中教育會考官方選擇題參考答案一覽表核對：社會第39題官方答案C，與目前正解索引及選項相符。答案表：https://drive.google.com/file/d/1cWlogP9FBRX1eD5kjgVDP2_6f8VCLSB4/view","false","0","0","false","false","false","","","","","false","UNSIGNED_OR_INCOMPLETE"
"ITEM","OFF-0810","社會","113","40","歷屆真題","verified","依113年國中教育會考官方選擇題參考答案一覽表核對：社會第40題官方答案B，與目前正解索引及選項相符。答案表：https://drive.google.com/file/d/1cWlogP9FBRX1eD5kjgVDP2_6f8VCLSB4/view","true","1","1","false","false","true","","","","","false","UNSIGNED_OR_INCOMPLETE"
"ITEM","OFF-0811","社會","113","41","歷屆真題","verified","依113年國中教育會考官方選擇題參考答案一覽表核對：社會第41題官方答案A，與目前正解索引及選項相符。答案表：https://drive.google.com/file/d/1cWlogP9FBRX1eD5kjgVDP2_6f8VCLSB4/view","false","0","0","false","false","false","","","","","false","UNSIGNED_OR_INCOMPLETE"
"ITEM","OFF-0812","社會","113","42","歷屆真題","verified","依113年國中教育會考官方選擇題參考答案一覽表核對：社會第42題官方答案D，與目前正解索引及選項相符。答案表：https://drive.google.com/file/d/1cWlogP9FBRX1eD5kjgVDP2_6f8VCLSB4/view","false","0","0","false","false","false","","","","","false","UNSIGNED_OR_INCOMPLETE"
"ITEM","OFF-0813","社會","113","43","歷屆真題","verified","依113年國中教育會考官方選擇題參考答案一覽表核對：社會第43題官方答案A，與目前正解索引及選項相符。答案表：https://drive.google.com/file/d/1cWlogP9FBRX1eD5kjgVDP2_6f8VCLSB4/view","false","0","0","false","false","false","","","","","false","UNSIGNED_OR_INCOMPLETE"
"ITEM","OFF-0814","社會","113","44","歷屆真題","verified","依113年國中教育會考官方選擇題參考答案一覽表核對：社會第44題官方答案C，與目前正解索引及選項相符。答案表：https://drive.google.com/file/d/1cWlogP9FBRX1eD5kjgVDP2_6f8VCLSB4/view","false","0","0","false","true","false","","","","","false","UNSIGNED_OR_INCOMPLETE"
"ITEM","OFF-0815","社會","113","45","歷屆真題","verified","依113年國中教育會考官方選擇題參考答案一覽表核對：社會第45題官方答案A，與目前正解索引及選項相符。答案表：https://drive.google.com/file/d/1cWlogP9FBRX1eD5kjgVDP2_6f8VCLSB4/view","false","0","0","false","true","false","","","","","false","UNSIGNED_OR_INCOMPLETE"
"ITEM","OFF-0816","社會","113","46","歷屆真題","verified","依113年國中教育會考官方選擇題參考答案一覽表核對：社會第46題官方答案B，與目前正解索引及選項相符。答案表：https://drive.google.com/file/d/1cWlogP9FBRX1eD5kjgVDP2_6f8VCLSB4/view","false","0","0","false","true","false","","","","","false","UNSIGNED_OR_INCOMPLETE"
"ITEM","OFF-0817","社會","113","47","歷屆真題","verified","依113年國中教育會考官方選擇題參考答案一覽表核對：社會第47題官方答案D，與目前正解索引及選項相符。答案表：https://drive.google.com/file/d/1cWlogP9FBRX1eD5kjgVDP2_6f8VCLSB4/view","false","0","0","false","true","false","","","","","false","UNSIGNED_OR_INCOMPLETE"
"ITEM","OFF-0818","社會","113","48","歷屆真題","verified","依113年國中教育會考官方選擇題參考答案一覽表核對：社會第48題官方答案C，與目前正解索引及選項相符。答案表：https://drive.google.com/file/d/1cWlogP9FBRX1eD5kjgVDP2_6f8VCLSB4/view","false","0","0","false","true","false","","","","","false","UNSIGNED_OR_INCOMPLETE"
"ITEM","OFF-0819","社會","113","49","歷屆真題","verified","依113年國中教育會考官方選擇題參考答案一覽表核對：社會第49題官方答案A，與目前正解索引及選項相符。答案表：https://drive.google.com/file/d/1cWlogP9FBRX1eD5kjgVDP2_6f8VCLSB4/view","true","1","1","false","true","true","","","","","false","UNSIGNED_OR_INCOMPLETE"
"ITEM","OFF-0820","社會","113","50","歷屆真題","verified","依113年國中教育會考官方選擇題參考答案一覽表核對：社會第50題官方答案D，與目前正解索引及選項相符。答案表：https://drive.google.com/file/d/1cWlogP9FBRX1eD5kjgVDP2_6f8VCLSB4/view","true","1","1","false","true","true","","","","","false","UNSIGNED_OR_INCOMPLETE"
"ITEM","OFF-0821","社會","113","51","歷屆真題","verified","依113年國中教育會考官方選擇題參考答案一覽表核對：社會第51題官方答案B，與目前正解索引及選項相符。答案表：https://drive.google.com/file/d/1cWlogP9FBRX1eD5kjgVDP2_6f8VCLSB4/view","true","1","1","false","true","true","","","","","false","UNSIGNED_OR_INCOMPLETE"
"ITEM","OFF-0822","社會","113","52","歷屆真題","verified","依113年國中教育會考官方選擇題參考答案一覽表核對：社會第52題官方答案D，與目前正解索引及選項相符。答案表：https://drive.google.com/file/d/1cWlogP9FBRX1eD5kjgVDP2_6f8VCLSB4/view","false","0","0","false","true","false","","","","","false","UNSIGNED_OR_INCOMPLETE"
"ITEM","OFF-0823","社會","113","53","歷屆真題","verified","依113年國中教育會考官方選擇題參考答案一覽表核對：社會第53題官方答案B，與目前正解索引及選項相符。答案表：https://drive.google.com/file/d/1cWlogP9FBRX1eD5kjgVDP2_6f8VCLSB4/view","false","0","0","false","true","false","","","","","false","UNSIGNED_OR_INCOMPLETE"
"ITEM","OFF-0824","社會","113","54","歷屆真題","verified","依113年國中教育會考官方選擇題參考答案一覽表核對：社會第54題官方答案C，與目前正解索引及選項相符。答案表：https://drive.google.com/file/d/1cWlogP9FBRX1eD5kjgVDP2_6f8VCLSB4/view","false","0","0","false","true","false","","","","","false","UNSIGNED_OR_INCOMPLETE"
"ITEM","OFF-0985","社會","114","1","歷屆真題","verified","依114年國中教育會考官方選擇題參考答案一覽表核對：社會第1題官方答案A，與目前正解索引及選項相符。答案表：https://drive.google.com/file/d/175hz0lHG4GTDNxYet9lrRDu0lmC_G08o/view","false","0","0","false","false","false","","","","","false","UNSIGNED_OR_INCOMPLETE"
"ITEM","OFF-0986","社會","114","2","歷屆真題","verified","依114年國中教育會考官方選擇題參考答案一覽表核對：社會第2題官方答案A，與目前正解索引及選項相符。答案表：https://drive.google.com/file/d/175hz0lHG4GTDNxYet9lrRDu0lmC_G08o/view","false","0","0","false","false","false","","","","","false","UNSIGNED_OR_INCOMPLETE"
"ITEM","OFF-0987","社會","114","3","歷屆真題","verified","依114年國中教育會考官方選擇題參考答案一覽表核對：社會第3題官方答案B，與目前正解索引及選項相符。答案表：https://drive.google.com/file/d/175hz0lHG4GTDNxYet9lrRDu0lmC_G08o/view","false","0","0","false","false","false","","","","","false","UNSIGNED_OR_INCOMPLETE"
"ITEM","OFF-0988","社會","114","4","歷屆真題","verified","依114年國中教育會考官方選擇題參考答案一覽表核對：社會第4題官方答案B，與目前正解索引及選項相符。答案表：https://drive.google.com/file/d/175hz0lHG4GTDNxYet9lrRDu0lmC_G08o/view","true","1","1","false","false","true","","","","","false","UNSIGNED_OR_INCOMPLETE"
"ITEM","OFF-0989","社會","114","5","歷屆真題","verified","依114年國中教育會考官方選擇題參考答案一覽表核對：社會第5題官方答案B，與目前正解索引及選項相符。答案表：https://drive.google.com/file/d/175hz0lHG4GTDNxYet9lrRDu0lmC_G08o/view","false","0","0","false","false","false","","","","","false","UNSIGNED_OR_INCOMPLETE"
"ITEM","OFF-0990","社會","114","6","歷屆真題","verified","依114年國中教育會考官方選擇題參考答案一覽表核對：社會第6題官方答案C，與目前正解索引及選項相符。答案表：https://drive.google.com/file/d/175hz0lHG4GTDNxYet9lrRDu0lmC_G08o/view","true","1","1","false","false","true","","","","","false","UNSIGNED_OR_INCOMPLETE"
"ITEM","OFF-0991","社會","114","7","歷屆真題","verified","依114年國中教育會考官方選擇題參考答案一覽表核對：社會第7題官方答案D，與目前正解索引及選項相符。答案表：https://drive.google.com/file/d/175hz0lHG4GTDNxYet9lrRDu0lmC_G08o/view","false","0","0","false","false","false","","","","","false","UNSIGNED_OR_INCOMPLETE"
"ITEM","OFF-0992","社會","114","8","歷屆真題","verified","依114年國中教育會考官方選擇題參考答案一覽表核對：社會第8題官方答案C，與目前正解索引及選項相符。答案表：https://drive.google.com/file/d/175hz0lHG4GTDNxYet9lrRDu0lmC_G08o/view","false","0","0","false","false","false","","","","","false","UNSIGNED_OR_INCOMPLETE"
"ITEM","OFF-0993","社會","114","9","歷屆真題","verified","依114年國中教育會考官方選擇題參考答案一覽表核對：社會第9題官方答案C，與目前正解索引及選項相符。答案表：https://drive.google.com/file/d/175hz0lHG4GTDNxYet9lrRDu0lmC_G08o/view","false","0","0","false","false","false","","","","","false","UNSIGNED_OR_INCOMPLETE"
"ITEM","OFF-0994","社會","114","10","歷屆真題","verified","依114年國中教育會考官方選擇題參考答案一覽表核對：社會第10題官方答案B，與目前正解索引及選項相符。答案表：https://drive.google.com/file/d/175hz0lHG4GTDNxYet9lrRDu0lmC_G08o/view","true","1","1","false","false","true","","","","","false","UNSIGNED_OR_INCOMPLETE"
"ITEM","OFF-0995","社會","114","11","歷屆真題","verified","依114年國中教育會考官方選擇題參考答案一覽表核對：社會第11題官方答案C，與目前正解索引及選項相符。答案表：https://drive.google.com/file/d/175hz0lHG4GTDNxYet9lrRDu0lmC_G08o/view","false","0","0","false","false","false","","","","","false","UNSIGNED_OR_INCOMPLETE"
"ITEM","OFF-0996","社會","114","12","歷屆真題","verified","依114年國中教育會考官方選擇題參考答案一覽表核對：社會第12題官方答案D，與目前正解索引及選項相符。答案表：https://drive.google.com/file/d/175hz0lHG4GTDNxYet9lrRDu0lmC_G08o/view","false","0","0","false","false","false","","","","","false","UNSIGNED_OR_INCOMPLETE"
"ITEM","OFF-0997","社會","114","13","歷屆真題","verified","依114年國中教育會考官方選擇題參考答案一覽表核對：社會第13題官方答案D，與目前正解索引及選項相符。答案表：https://drive.google.com/file/d/175hz0lHG4GTDNxYet9lrRDu0lmC_G08o/view","false","0","0","false","false","false","","","","","false","UNSIGNED_OR_INCOMPLETE"
"ITEM","OFF-0998","社會","114","14","歷屆真題","verified","依114年國中教育會考官方選擇題參考答案一覽表核對：社會第14題官方答案C，與目前正解索引及選項相符。答案表：https://drive.google.com/file/d/175hz0lHG4GTDNxYet9lrRDu0lmC_G08o/view","true","1","1","false","false","true","","","","","false","UNSIGNED_OR_INCOMPLETE"
"ITEM","OFF-0999","社會","114","15","歷屆真題","verified","依114年國中教育會考官方選擇題參考答案一覽表核對：社會第15題官方答案C，與目前正解索引及選項相符。答案表：https://drive.google.com/file/d/175hz0lHG4GTDNxYet9lrRDu0lmC_G08o/view","false","0","0","false","false","false","","","","","false","UNSIGNED_OR_INCOMPLETE"
"ITEM","OFF-1000","社會","114","16","歷屆真題","verified","依114年國中教育會考官方選擇題參考答案一覽表核對：社會第16題官方答案C，與目前正解索引及選項相符。答案表：https://drive.google.com/file/d/175hz0lHG4GTDNxYet9lrRDu0lmC_G08o/view","true","1","1","false","false","true","","","","","false","UNSIGNED_OR_INCOMPLETE"
"ITEM","OFF-1001","社會","114","17","歷屆真題","verified","依114年國中教育會考官方選擇題參考答案一覽表核對：社會第17題官方答案A，與目前正解索引及選項相符。答案表：https://drive.google.com/file/d/175hz0lHG4GTDNxYet9lrRDu0lmC_G08o/view","true","1","1","false","false","true","","","","","false","UNSIGNED_OR_INCOMPLETE"
"ITEM","OFF-1002","社會","114","18","歷屆真題","verified","依114年國中教育會考官方選擇題參考答案一覽表核對：社會第18題官方答案B，與目前正解索引及選項相符。答案表：https://drive.google.com/file/d/175hz0lHG4GTDNxYet9lrRDu0lmC_G08o/view","false","0","0","false","false","false","","","","","false","UNSIGNED_OR_INCOMPLETE"
"ITEM","OFF-1003","社會","114","19","歷屆真題","verified","依114年國中教育會考官方選擇題參考答案一覽表核對：社會第19題官方答案D，與目前正解索引及選項相符。答案表：https://drive.google.com/file/d/175hz0lHG4GTDNxYet9lrRDu0lmC_G08o/view","true","1","1","false","false","true","","","","","false","UNSIGNED_OR_INCOMPLETE"
"ITEM","OFF-1004","社會","114","20","歷屆真題","verified","依114年國中教育會考官方選擇題參考答案一覽表核對：社會第20題官方答案C，與目前正解索引及選項相符。答案表：https://drive.google.com/file/d/175hz0lHG4GTDNxYet9lrRDu0lmC_G08o/view","true","2","2","false","false","true","","","","","false","UNSIGNED_OR_INCOMPLETE"
"ITEM","OFF-1005","社會","114","21","歷屆真題","verified","依114年國中教育會考官方選擇題參考答案一覽表核對：社會第21題官方答案A，與目前正解索引及選項相符。答案表：https://drive.google.com/file/d/175hz0lHG4GTDNxYet9lrRDu0lmC_G08o/view","false","0","0","false","false","false","","","","","false","UNSIGNED_OR_INCOMPLETE"
"ITEM","OFF-1006","社會","114","22","歷屆真題","verified","依114年國中教育會考官方選擇題參考答案一覽表核對：社會第22題官方答案C，與目前正解索引及選項相符。答案表：https://drive.google.com/file/d/175hz0lHG4GTDNxYet9lrRDu0lmC_G08o/view","true","1","1","false","false","true","","","","","false","UNSIGNED_OR_INCOMPLETE"
"ITEM","OFF-1007","社會","114","23","歷屆真題","verified","依114年國中教育會考官方選擇題參考答案一覽表核對：社會第23題官方答案A，與目前正解索引及選項相符。答案表：https://drive.google.com/file/d/175hz0lHG4GTDNxYet9lrRDu0lmC_G08o/view","true","1","1","false","false","true","","","","","false","UNSIGNED_OR_INCOMPLETE"
"ITEM","OFF-1008","社會","114","24","歷屆真題","verified","依114年國中教育會考官方選擇題參考答案一覽表核對：社會第24題官方答案D，與目前正解索引及選項相符。答案表：https://drive.google.com/file/d/175hz0lHG4GTDNxYet9lrRDu0lmC_G08o/view","false","0","0","false","false","false","","","","","false","UNSIGNED_OR_INCOMPLETE"
"ITEM","OFF-1009","社會","114","25","歷屆真題","verified","依114年國中教育會考官方選擇題參考答案一覽表核對：社會第25題官方答案D，與目前正解索引及選項相符。答案表：https://drive.google.com/file/d/175hz0lHG4GTDNxYet9lrRDu0lmC_G08o/view","false","0","0","false","false","false","","","","","false","UNSIGNED_OR_INCOMPLETE"
"ITEM","OFF-1010","社會","114","26","歷屆真題","verified","依114年國中教育會考官方選擇題參考答案一覽表核對：社會第26題官方答案A，與目前正解索引及選項相符。答案表：https://drive.google.com/file/d/175hz0lHG4GTDNxYet9lrRDu0lmC_G08o/view","true","1","1","false","false","true","","","","","false","UNSIGNED_OR_INCOMPLETE"
"ITEM","OFF-1011","社會","114","27","歷屆真題","verified","依114年國中教育會考官方選擇題參考答案一覽表核對：社會第27題官方答案D，與目前正解索引及選項相符。答案表：https://drive.google.com/file/d/175hz0lHG4GTDNxYet9lrRDu0lmC_G08o/view","true","1","1","false","false","true","","","","","false","UNSIGNED_OR_INCOMPLETE"
"ITEM","OFF-1012","社會","114","28","歷屆真題","verified","依114年國中教育會考官方選擇題參考答案一覽表核對：社會第28題官方答案B，與目前正解索引及選項相符。答案表：https://drive.google.com/file/d/175hz0lHG4GTDNxYet9lrRDu0lmC_G08o/view","true","1","1","false","false","true","","","","","false","UNSIGNED_OR_INCOMPLETE"
"ITEM","OFF-1013","社會","114","29","歷屆真題","verified","依114年國中教育會考官方選擇題參考答案一覽表核對：社會第29題官方答案B，與目前正解索引及選項相符。答案表：https://drive.google.com/file/d/175hz0lHG4GTDNxYet9lrRDu0lmC_G08o/view","true","1","1","false","false","true","","","","","false","UNSIGNED_OR_INCOMPLETE"
"ITEM","OFF-1014","社會","114","30","歷屆真題","verified","依114年國中教育會考官方選擇題參考答案一覽表核對：社會第30題官方答案C，與目前正解索引及選項相符。答案表：https://drive.google.com/file/d/175hz0lHG4GTDNxYet9lrRDu0lmC_G08o/view","false","0","0","false","true","false","","","","","false","UNSIGNED_OR_INCOMPLETE"
"ITEM","OFF-1015","社會","114","31","歷屆真題","verified","依114年國中教育會考官方選擇題參考答案一覽表核對：社會第31題官方答案A，與目前正解索引及選項相符。答案表：https://drive.google.com/file/d/175hz0lHG4GTDNxYet9lrRDu0lmC_G08o/view","false","0","0","false","false","false","","","","","false","UNSIGNED_OR_INCOMPLETE"
"ITEM","OFF-1016","社會","114","32","歷屆真題","verified","依114年國中教育會考官方選擇題參考答案一覽表核對：社會第32題官方答案B，與目前正解索引及選項相符。答案表：https://drive.google.com/file/d/175hz0lHG4GTDNxYet9lrRDu0lmC_G08o/view","false","0","0","false","false","false","","","","","false","UNSIGNED_OR_INCOMPLETE"
"ITEM","OFF-1017","社會","114","33","歷屆真題","verified","依114年國中教育會考官方選擇題參考答案一覽表核對：社會第33題官方答案D，與目前正解索引及選項相符。答案表：https://drive.google.com/file/d/175hz0lHG4GTDNxYet9lrRDu0lmC_G08o/view","false","0","0","false","false","false","","","","","false","UNSIGNED_OR_INCOMPLETE"
"ITEM","OFF-1018","社會","114","34","歷屆真題","verified","依114年國中教育會考官方選擇題參考答案一覽表核對：社會第34題官方答案C，與目前正解索引及選項相符。答案表：https://drive.google.com/file/d/175hz0lHG4GTDNxYet9lrRDu0lmC_G08o/view","false","0","0","false","false","false","","","","","false","UNSIGNED_OR_INCOMPLETE"
"ITEM","OFF-1019","社會","114","35","歷屆真題","verified","依114年國中教育會考官方選擇題參考答案一覽表核對：社會第35題官方答案B，與目前正解索引及選項相符。答案表：https://drive.google.com/file/d/175hz0lHG4GTDNxYet9lrRDu0lmC_G08o/view","false","0","0","false","false","false","","","","","false","UNSIGNED_OR_INCOMPLETE"
"ITEM","OFF-1020","社會","114","36","歷屆真題","verified","依114年國中教育會考官方選擇題參考答案一覽表核對：社會第36題官方答案A，與目前正解索引及選項相符。答案表：https://drive.google.com/file/d/175hz0lHG4GTDNxYet9lrRDu0lmC_G08o/view","false","0","0","false","false","false","","","","","false","UNSIGNED_OR_INCOMPLETE"
"ITEM","OFF-1021","社會","114","37","歷屆真題","verified","依114年國中教育會考官方選擇題參考答案一覽表核對：社會第37題官方答案C，與目前正解索引及選項相符。答案表：https://drive.google.com/file/d/175hz0lHG4GTDNxYet9lrRDu0lmC_G08o/view","false","0","0","false","false","false","","","","","false","UNSIGNED_OR_INCOMPLETE"
"ITEM","OFF-1022","社會","114","38","歷屆真題","verified","依114年國中教育會考官方選擇題參考答案一覽表核對：社會第38題官方答案A，與目前正解索引及選項相符。答案表：https://drive.google.com/file/d/175hz0lHG4GTDNxYet9lrRDu0lmC_G08o/view","false","0","0","false","false","false","","","","","false","UNSIGNED_OR_INCOMPLETE"
"ITEM","OFF-1023","社會","114","39","歷屆真題","verified","依114年國中教育會考官方選擇題參考答案一覽表核對：社會第39題官方答案A，與目前正解索引及選項相符。答案表：https://drive.google.com/file/d/175hz0lHG4GTDNxYet9lrRDu0lmC_G08o/view","false","0","0","false","false","false","","","","","false","UNSIGNED_OR_INCOMPLETE"
"ITEM","OFF-1024","社會","114","40","歷屆真題","verified","依114年國中教育會考官方選擇題參考答案一覽表核對：社會第40題官方答案D，與目前正解索引及選項相符。答案表：https://drive.google.com/file/d/175hz0lHG4GTDNxYet9lrRDu0lmC_G08o/view","true","1","1","false","false","true","","","","","false","UNSIGNED_OR_INCOMPLETE"
"ITEM","OFF-1025","社會","114","41","歷屆真題","verified","依114年國中教育會考官方選擇題參考答案一覽表核對：社會第41題官方答案D，與目前正解索引及選項相符。答案表：https://drive.google.com/file/d/175hz0lHG4GTDNxYet9lrRDu0lmC_G08o/view","false","0","0","false","false","false","","","","","false","UNSIGNED_OR_INCOMPLETE"
"ITEM","OFF-1026","社會","114","42","歷屆真題","verified","依114年國中教育會考官方選擇題參考答案一覽表核對：社會第42題官方答案C，與目前正解索引及選項相符。答案表：https://drive.google.com/file/d/175hz0lHG4GTDNxYet9lrRDu0lmC_G08o/view","false","0","0","false","false","false","","","","","false","UNSIGNED_OR_INCOMPLETE"
"ITEM","OFF-1027","社會","114","43","歷屆真題","verified","依114年國中教育會考官方選擇題參考答案一覽表核對：社會第43題官方答案B，與目前正解索引及選項相符。答案表：https://drive.google.com/file/d/175hz0lHG4GTDNxYet9lrRDu0lmC_G08o/view","true","1","1","false","true","true","","","","","false","UNSIGNED_OR_INCOMPLETE"
"ITEM","OFF-1028","社會","114","44","歷屆真題","verified","依114年國中教育會考官方選擇題參考答案一覽表核對：社會第44題官方答案A，與目前正解索引及選項相符。答案表：https://drive.google.com/file/d/175hz0lHG4GTDNxYet9lrRDu0lmC_G08o/view","true","1","1","false","true","true","","","","","false","UNSIGNED_OR_INCOMPLETE"
"ITEM","OFF-1029","社會","114","45","歷屆真題","verified","依114年國中教育會考官方選擇題參考答案一覽表核對：社會第45題官方答案D，與目前正解索引及選項相符。答案表：https://drive.google.com/file/d/175hz0lHG4GTDNxYet9lrRDu0lmC_G08o/view","false","0","0","false","true","false","","","","","false","UNSIGNED_OR_INCOMPLETE"
"ITEM","OFF-1030","社會","114","46","歷屆真題","verified","依114年國中教育會考官方選擇題參考答案一覽表核對：社會第46題官方答案D，與目前正解索引及選項相符。答案表：https://drive.google.com/file/d/175hz0lHG4GTDNxYet9lrRDu0lmC_G08o/view","false","0","0","false","true","false","","","","","false","UNSIGNED_OR_INCOMPLETE"
"ITEM","OFF-1031","社會","114","47","歷屆真題","verified","依114年國中教育會考官方選擇題參考答案一覽表核對：社會第47題官方答案D，與目前正解索引及選項相符。答案表：https://drive.google.com/file/d/175hz0lHG4GTDNxYet9lrRDu0lmC_G08o/view","false","0","0","false","true","false","","","","","false","UNSIGNED_OR_INCOMPLETE"
"ITEM","OFF-1032","社會","114","48","歷屆真題","verified","依114年國中教育會考官方選擇題參考答案一覽表核對：社會第48題官方答案C，與目前正解索引及選項相符。答案表：https://drive.google.com/file/d/175hz0lHG4GTDNxYet9lrRDu0lmC_G08o/view","false","0","0","false","true","false","","","","","false","UNSIGNED_OR_INCOMPLETE"
"ITEM","OFF-1033","社會","114","49","歷屆真題","verified","依114年國中教育會考官方選擇題參考答案一覽表核對：社會第49題官方答案A，與目前正解索引及選項相符。答案表：https://drive.google.com/file/d/175hz0lHG4GTDNxYet9lrRDu0lmC_G08o/view","false","0","0","false","true","false","","","","","false","UNSIGNED_OR_INCOMPLETE"
"ITEM","OFF-1034","社會","114","50","歷屆真題","verified","依114年國中教育會考官方選擇題參考答案一覽表核對：社會第50題官方答案B，與目前正解索引及選項相符。答案表：https://drive.google.com/file/d/175hz0lHG4GTDNxYet9lrRDu0lmC_G08o/view","false","0","0","false","true","false","","","","","false","UNSIGNED_OR_INCOMPLETE"
"ITEM","OFF-1035","社會","114","51","歷屆真題","verified","依114年國中教育會考官方選擇題參考答案一覽表核對：社會第51題官方答案D，與目前正解索引及選項相符。答案表：https://drive.google.com/file/d/175hz0lHG4GTDNxYet9lrRDu0lmC_G08o/view","true","1","1","false","true","true","","","","","false","UNSIGNED_OR_INCOMPLETE"
"ITEM","OFF-1036","社會","114","52","歷屆真題","verified","依114年國中教育會考官方選擇題參考答案一覽表核對：社會第52題官方答案C，與目前正解索引及選項相符。答案表：https://drive.google.com/file/d/175hz0lHG4GTDNxYet9lrRDu0lmC_G08o/view","false","0","0","false","true","false","","","","","false","UNSIGNED_OR_INCOMPLETE"
"ITEM","OFF-1037","社會","114","53","歷屆真題","verified","依114年國中教育會考官方選擇題參考答案一覽表核對：社會第53題官方答案B，與目前正解索引及選項相符。答案表：https://drive.google.com/file/d/175hz0lHG4GTDNxYet9lrRDu0lmC_G08o/view","true","1","1","false","true","true","","","","","false","UNSIGNED_OR_INCOMPLETE"
"ITEM","OFF-1038","社會","114","54","歷屆真題","verified","依114年國中教育會考官方選擇題參考答案一覽表核對：社會第54題官方答案D，與目前正解索引及選項相符。答案表：https://drive.google.com/file/d/175hz0lHG4GTDNxYet9lrRDu0lmC_G08o/view","false","0","0","false","true","false","","","","","false","UNSIGNED_OR_INCOMPLETE"
