"id","subject","sourceType","year","questionNumber","gradeSemester","unit","knowledgePoint","difficulty","type","question","optionA","optionB","optionC","optionD","answerIndex","answerText","responseParts","explanation","solutionSteps","teacherTip","relatedWords","questionImages","questionImage","requiresImage","requiresContext","sourceUrl","paperUrl","teacherVerdict","answerCorrect","materialsComplete","reasoningClear","duplicateOrTemplate","issueNotes","reviewerName","reviewerQualification","reviewedAt"
"CHI-0001","國文","原創會考程度練習","","","七年級上","成語","成語意義","基礎","單題選擇","校刊徵稿截止日是下週五，小安今天便完成初稿並請同學校對。下列哪個成語最能形容他的做法？","未雨綢繆","臨渴掘井","亡羊補牢","按圖索驥","0","未雨綢繆","","小安在期限前完成並校對稿件，表現的是事先準備，因此選「未雨綢繆」。B「臨渴掘井」指事情急迫才匆忙準備；C「亡羊補牢」是出錯後補救；D「按圖索驥」是依線索尋找。","[""先抓題幹時間線：截止日尚未到，小安已完成初稿並校對。"",""答案是「未雨綢繆」，意指趁事情尚未發生或期限未到先作準備。"",""「臨渴掘井」是需要時才開始準備，與小安提早完成相反。""]","用事件發生的先後區分預先準備、臨時抱佛腳與事後補救。","[""臨渴掘井"",""亡羊補牢""]","","","","","","","","","","","","","","",""
"CHI-0002","國文","原創會考程度練習","","","七年級上","成語","成語辨析","基礎","單題選擇","球隊連敗後，教練沒有責怪球員，而是逐場檢討失誤、調整訓練。最適合形容這種做法的是？","掩耳盜鈴","刻舟求劍","亡羊補牢","守株待兔","2","亡羊補牢","","球隊已經連敗，教練針對已發生的失誤檢討並修正，符合「亡羊補牢」所指的事後補救，答案C。A是自欺欺人；B指拘泥成法、不知變通；D是守候偶然機會。","[""題幹先說連敗已發生，再說教練檢討並調整。"",""正解C「亡羊補牢」強調出現損失後及時補救。"",""「守株待兔」是被動等待偶然收穫，沒有檢討修正的意思。""]","成語題先辨認事件是未發生、已發生，還是等待機會。","[""掩耳盜鈴"",""守株待兔""]","","","","","","","","","","","","","","",""
"CHI-0003","國文","原創會考程度練習","","","七年級上","成語","成語語境","基礎","單題選擇","大家正在討論校園午餐的改善方案，阿凱卻突然談起上週的球賽，讓全班摸不著頭緒。下列何者最貼切？","離題萬里","畫蛇添足","南轅北轍","一鼓作氣","0","離題萬里","","討論主題是午餐，阿凱轉談球賽，發言與當前話題相距甚遠，故選「離題萬里」。B指多做無用之事；C指行動方向與目標相反；D指趁士氣旺盛一口氣完成。","[""先辨認討論主題是午餐改善。"",""答案「離題萬里」指出發言偏離主題。"",""「南轅北轍」描述方向和目標相反，題幹沒有方向或目標衝突。""]","用成語時要把它的關係套回具體情境，而非只看負面語氣。","[""畫蛇添足"",""南轅北轍""]","","","","","","","","","","","","","","",""
"CHI-0004","國文","原創會考程度練習","","","七年級上","成語","成語辨析","中等","單題選擇","志工隊想同時整理圖書、布置展場、訪問校友，卻沒有分工，最後每件事都只做一半。最適合形容的是？","有條不紊","顧此失彼","按部就班","一勞永逸","1","顧此失彼","","工作項目過多又未分工，顧到一項便忽略另一項，符合「顧此失彼」。A、C都表示有秩序地安排；D指一次處理後長久不再費力，均與結果不符。","[""找出原因：工作同時展開且沒有分工。"",""正解「顧此失彼」描寫照顧一方時遺漏另一方。"",""「有條不紊」表示安排有序，與題幹忙亂且未完成的結果相反。""]","從題幹的因果和結果選詞，不要把「忙很多事」直接等同有效率。","[""有條不紊"",""按部就班""]","","","","","","","","","","","","","","",""
"CHI-0005","國文","原創會考程度練習","","","七年級上","成語","成語語境","基礎","單題選擇","這家店原本只賣文具，後來增加修繕、借閱與課輔服務，附近居民也常來使用。下列哪個詞最能概括它的服務變化？","門可羅雀","日漸多元","每下愈況","一成不變","1","日漸多元","","原本只提供文具，後來增加修繕、借閱與課輔服務，服務種類變得更多元，選「日漸多元」。A指來客稀少；C指情況愈來愈差；D指完全沒有改變。","[""比較店家前後：服務項目由單一增加到多種。"",""「日漸多元」直接概括服務種類逐步增加；題目沒有提供變化速度，不宜誇大成「日新月異」。"",""「一成不變」表示沒有改變，與服務擴充相反。""]","辨析成語時，要確認變化方向是增加、衰退或停滯。","[""一成不變"",""每下愈況""]","","","","","","","","","","","","","","",""
"CHI-0006","國文","原創會考程度練習","","","七年級下","成語","成語意義","基礎","單題選擇","小芸向同學借筆記，同學需要資料時，她也把自己整理的複習卡借給對方；後來同學再把錯題整理表分享給小芸。最適合形容兩人互相回報善意的是？","投桃報李","敷衍塞責","不求甚解","自相矛盾","0","投桃報李","","兩人先後分享筆記、複習卡和錯題表，以善意回應彼此，符合「投桃報李」的互相回報。B「敷衍塞責」指做事敷衍；C「不求甚解」指讀書不求深入；D「自相矛盾」指言行互相衝突。","[""找出雙方行動：小芸分享複習卡，同學再分享錯題表。"",""答案「投桃報李」強調接受對方好意後，也以善意回報。"",""「敷衍塞責」是做事不認真，與兩人主動分享資料不符。""]","判斷互惠成語時，確認情境中確實有雙方往來與善意回應。","[""投桃報李"",""互相回報""]","","","","","","","","","","","","","","",""
"CHI-0007","國文","原創會考程度練習","","","七年級下","成語","成語辨析","中等","單題選擇","同學只因一次小考失常，就斷定自己永遠學不好，並拒絕再練習。這種想法最接近哪個成語？","杯弓蛇影","一曝十寒","以偏概全","見賢思齊","2","以偏概全","","只憑一次小考便推論自己永遠不會進步，是從局部例子推及全部，選「以偏概全」。A是疑神疑鬼；B指學習或工作缺乏持續；D是看見賢能者便想向他看齊。","[""題幹的證據只有「一次小考失常」。"",""正解「以偏概全」指出用單一例子下整體結論。"",""「一曝十寒」談努力不持久；題幹重點是錯誤推論，不是練習頻率。""]","區分推論錯誤與行動不持續，兩者可能同時出現但考點不同。","[""一曝十寒"",""杯弓蛇影""]","","","","","","","","","","","","","","",""
"CHI-0008","國文","原創會考程度練習","","","七年級下","成語","成語運用","中等","單題選擇","下列句子中的成語，何者使用最恰當？","圖書館裡人聲鼎沸，大家安靜閱讀","面對陌生題型，她先分析條件再逐步作答，果然有條不紊","他把工作井然有序地拖到最後一天才做","他因為怕熱而守株待兔地打開電扇","1","面對陌生題型，她先分析條件再逐步作答，果然有條不紊","","先分析條件再逐步作答，表示安排有條理，符合「有條不紊」，答案為 B。A 的「人聲鼎沸」與安靜矛盾；C 的「井然有序」與拖延不合；D 把等待偶然收穫的「守株待兔」誤用於開電扇。","[""逐句檢查成語本義與句中事件是否相合。"",""B的先分析、再作答呈現有條理，故「有條不紊」使用恰當。"",""A同時說人聲鼎沸和安靜，語意自相矛盾。""]","成語選用要同時檢查本義、搭配對象及句內是否矛盾。","[""人聲鼎沸"",""守株待兔""]","","","","","","","","","","","","","","",""
"CHI-0009","國文","原創會考程度練習","","","八年級上","成語","成語情境判讀","中等","單題選擇","雨後山路濕滑，領隊提醒大家放慢腳步、彼此照應，沒有人搶先趕路。這段情境最能表現哪個成語？","同舟共濟","輕舉妄動","各自為政","急功近利","0","同舟共濟","","隊員在共同困難中互相照應，符合「同舟共濟」。B「輕舉妄動」指行動草率；C「各自為政」指各按自己的方式行事；D「急功近利」指急於求成、只看眼前利益。","[""注意大家面對的是共同的濕滑山路。"",""答案「同舟共濟」強調共同承擔困難、互相扶持。"",""「各自為政」是各做各的，與彼此照應相反。""]","抓住共同處境和彼此關係，辨別合作、競爭或各行其是。","[""各自為政"",""輕舉妄動""]","","","","","","","","","","","","","","",""
"CHI-0010","國文","原創會考程度練習","","","八年級上","成語","成語辨析","基礎","單題選擇","小杰原想替班級省下活動費，卻沒先詢問需求就取消所有材料，結果活動無法進行。這最能提醒我們避免？","水到渠成","集思廣益","順水推舟","因噎廢食","3","因噎廢食","","小杰因擔心花費便取消所有材料，像因怕噎而不吃飯，屬於「因噎廢食」式的過度反應。A「水到渠成」指條件成熟事情自然成功；B「集思廣益」是集合眾人想法；C「順水推舟」是順著形勢行事。","[""找出小杰採取的手段：為避免花費，完全取消必要材料。"",""正解「因噎廢食」比喻因小問題而停止整件合理之事。"",""「集思廣益」是共同討論找好方法，題幹沒有進行集思討論。""]","留意做法是否矯枉過正；成語常考手段與目的是否失衡。","[""集思廣益"",""水到渠成""]","","","","","","","","","","","","","","",""
"CHI-0011","國文","原創會考程度練習","","","八年級上","成語","成語語境","中等","單題選擇","校隊雖然第一次出賽落敗，隊員仍檢討配合並持續練習，下一季終於打進決賽。最適合形容他們的是？","半途而廢","坐享其成","鍥而不舍","望梅止渴","2","鍥而不舍","","隊員沒有因初敗停止，而是持續練習直到晉級，符合「鍥而不舍」。A「半途而廢」是中途放棄；B「坐享其成」是享受別人的成果；D「望梅止渴」是用空想安慰自己。","[""依序看見落敗、檢討、持續練習與晉級。"",""答案「鍥而不舍」強調持續努力、不輕易放棄。"",""「半途而廢」正好與隊員持續練習的行動相反。""]","用成語概括人物時，須由完整行動過程判斷，不只看起初的挫折。","[""半途而廢"",""坐享其成""]","","","","","","","","","","","","","","",""
"CHI-0012","國文","原創會考程度練習","","","八年級下","閱讀理解","數據判讀","中等","單題選擇","兩校的借閱率都指每位學生每學期平均借閱冊數。甲校學生總人數下降、每人平均借閱冊數上升；乙校學生總人數增加、每人平均借閱冊數下降。若要比較兩校總借閱量與每人借閱情形，哪句結論最恰當？","甲校每位學生借書都變多","比較閱讀情形還須同時看總人數與借閱率","乙校一定比甲校重視閱讀","兩校都可用單一數字判定閱讀風氣","1","比較閱讀情形還須同時看總人數與借閱率","","借閱率是每位學生的平均借閱冊數，學生總人數則反映母群規模。若要估計全校總借閱量，需同時考慮每人平均值與學生總人數；只看到平均上升或人數增加都不足以判定總量。答案是 B。","[""先辨認兩項指標：借閱率是每位學生的平均借閱冊數，學生總人數是母群規模。"",""題目同時要比較每人借閱情形與總規模，因此不能只看平均值或只看人數，選 B。"",""甲校平均上升但學生總數下降，無法只靠單一方向判定總借閱量；乙校人數增加也不能單獨證明每人借得更多。""]","閱讀統計時辨認分母與總量，避免把群體趨勢套到每個個體。","[""總數"",""比率""]","","","","","","","","","","","","","","",""
"CHI-0013","國文","原創會考程度練習","","","九年級上","成語","成語辨析","基礎","單題選擇","社團以「自由討論」為名，實際上只接受幹部預先決定的方案，其他提議一律不准提出。這種做法最貼近哪個成語？","名副其實","實事求是","開誠布公","掛羊頭賣狗肉","3","掛羊頭賣狗肉","","名義上自由討論，實際卻不容其他方案，名實不符，符合「掛羊頭賣狗肉」。A「名副其實」表示名聲與實際相符；B「實事求是」是依事實求真；C「開誠布公」是坦誠公開。","[""比較表面宣稱與實際規則：宣稱自由，實際只准一案。"",""答案「掛羊頭賣狗肉」形容以一種名目招徠，實際內容卻不同。"",""「名副其實」表示名聲和實情相符，與題幹的落差相反。""]","遇到名實對照題，先把宣稱與實際行為分開列出。","[""名副其實"",""開誠布公""]","","","","","","","","","","","","","","",""
"CHI-0014","國文","原創會考程度練習","","","七年級上","字音","多音字辨讀","基礎","單題選擇","下列「行」字的讀音，哪一組依序正確？甲：銀行；乙：行走；丙：品行；丁：行業。","ㄒㄧㄥˊ、ㄏㄤˊ、ㄒㄧㄥˊ、ㄏㄤˊ","ㄏㄤˊ、ㄒㄧㄥˊ、ㄒㄧㄥˋ、ㄏㄤˊ","ㄏㄤˊ、ㄒㄧㄥˊ、ㄏㄤˊ、ㄒㄧㄥˊ","ㄒㄧㄥˊ、ㄏㄤˊ、ㄏㄤˊ、ㄒㄧㄥˊ","1","ㄏㄤˊ、ㄒㄧㄥˊ、ㄒㄧㄥˋ、ㄏㄤˊ","","「銀行、行業」的「行」讀ㄏㄤˊ；「行走」讀ㄒㄧㄥˊ；「品行」讀ㄒㄧㄥˋ，故選B。A將銀行與行走讀音對調；C把品行讀成ㄏㄤˊ；D將行業讀成ㄒㄧㄥˊ。","[""先辨詞義：銀行、行業指行業或商號；行走是動作，品行指品德。"",""按詞語逐一辨音：銀行ㄏㄤˊ、行走ㄒㄧㄥˊ、品行ㄒㄧㄥˋ、行業ㄏㄤˊ。"",""答案 B 的四個音節依序為ㄏㄤˊ、ㄒㄧㄥˊ、ㄒㄧㄥˋ、ㄏㄤˊ；A 把「銀行」誤讀為ㄒㄧㄥˊ。""]","多音字須依完整詞語判讀；特別留意「行走、品行」聲調不同。","[]","","","","","","","","","","","","","","",""
"CHI-0015","國文","原創會考程度練習","","","七年級上","字音","形近字音辨讀","中等","單題選擇","下列詞語中，括號字的讀音何者正確？","徜徉（ㄔㄤˊ）","粗獷（ㄎㄨㄤˋ）","惆悵（ㄓㄤˋ）","險峻（ㄐㄩㄣˇ）","0","徜徉（ㄔㄤˊ）","","答案為 A：「徜徉」的「徜」讀ㄔㄤˊ。B「粗獷」的「獷」讀ㄍㄨㄤˇ；C「惆悵」的「悵」讀ㄔㄤˋ；D「險峻」的「峻」讀ㄐㄩㄣˋ，不讀ㄐㄩㄣˇ，因此只有 A 正確。","[""先辨認題目只考括號內字的注音。"",""A「徜徉」中「徜」讀ㄔㄤˊ；B、C、D的括號注音各有錯誤。"",""D的「峻」應讀ㄐㄩㄣˋ，不是選項標示的ㄐㄩㄣˇ。""]","逐字核對括號字的標音，不要只看詞語熟悉度。","[]","","","","","","","","","","","","","","",""
"CHI-0016","國文","原創會考程度練習","","","七年級上","字形","形近字辨析","基礎","單題選擇","下列句子中，哪個括號內的字形正確？","他做事一向謹慎，從不草（摔）了事。","山路崎（嶇），車子行進得很慢。","他為人（康）慨，常主動幫助同學。","展覽內容十分豐（傅），令人目不暇給。","1","山路崎（嶇），車子行進得很慢。","","答案為 B。A應寫「草率」，B「崎嶇」字形正確，C應寫「慷慨」，D應寫「豐富」；因此只有 B 正確。","[""逐項核對括號字與詞語：A草率、B崎嶇、C慷慨、D豐富。"",""只有B的「嶇」符合「崎嶇」的正確字形；其餘括號字分別應為率、慷、富。"",""C的「康慨」把「慷」誤寫成「康」，不是正確詞形。""]","避免簡繁字爭議，選項應使用臺灣正體字，並逐字確認固定詞形。","[]","","","","","","","","","","","","","","",""
"CHI-0017","國文","原創會考程度練習","","","七年級下","字形","字形辨析","基礎","單題選擇","下列詞語，何者用字完全正確？","再接再厲","迫不急待","按步就班","談笑風聲","0","再接再厲","","A「再接再厲」用字正確。B應作「迫不及待」，C應作「按部就班」，D應作「談笑風生」，故 A 為正解。","[""逐一核對固定詞形。"",""答案「再接再厲」四字皆正確。"",""B應作「迫不及待」，「急」是常見誤寫。""]","固定成語字形需連同整個詞記憶，特別留意同音誤字。","[""迫不及待"",""按部就班""]","","","","","","","","","","","","","","",""
"CHI-0018","國文","原創會考程度練習","","","七年級下","詞義","語境近義詞","基礎","單題選擇","道路結冰時，夜間行走這段山路有危險。下列哪個詞替換「危險」後，句意最接近且搭配自然？","困難","改變","爭議","風險","3","風險","","「有風險」與「有危險」都是自然的名詞搭配，均指可能發生不利或受損的情況。A「困難」指不易完成，不等於可能受害；B「改變」指狀態變化；C「爭議」指意見不一致。","[""保留句型「有＿＿」，確認選項可作名詞並能自然搭配。"",""結冰山路夜間通行可能造成傷害，「風險」與「危險」在此語境意義最接近。"",""「困難」說的是行動不容易，沒有明確表示可能遭受危害。""]","近義詞辨析先核對詞性與搭配，再用情境區分語意。","[""風險"",""危險""]","","","","","","","","","","","","","","",""
"CHI-0019","國文","原創會考程度練習","","","八年級上","字形","易混字辨析","中等","單題選擇","「他在演講中引用資料，並清楚說明來源。」句中「引用」的「引」若改成「引導」的「引」，字形相同而意思不同。下列哪組詞語中兩個字形相同？","弓／引路","弓箭／引用","引擎／張弓","引水／吸引","3","引水／吸引","","「引水」與「吸引」都使用同一個「引」字，因此答案為 D「引水／吸引」。A「弓／引路」、B「弓箭／引用」與 C「引擎／張弓」中，兩詞分別含「弓」與「引」，字形並不相同。","[""觀察題目要求比較的是字形，不是詞義。"",""D的「引水、吸引」均含同一個「引」字。"",""A的「弓」與「引」是不同字，雖字形相近也不能混為一字。""]","字形相同題須分清同字多義與形近字。","[]","","","","","","","","","","","","","","",""
"CHI-0020","國文","原創會考程度練習","","","八年級上","字義","一字多義","中等","單題選擇","「他把行程表貼在門上。」句中的「貼」與下列哪句的「貼」意思最接近？","郵票貼在信封右上角","他對朋友十分貼心","這件衣服剪裁很貼身","房租每月貼補一千元","0","郵票貼在信封右上角","","題句的「貼」是將物件附著在表面，A的郵票附著於信封，意思相同。B指關懷周到；C指衣服合身；D的貼補是補助。因此答案為 A「郵票貼在信封右上角」。","[""確認題句中「貼」的動作是把行程表附著在門上。"",""答案A的郵票也被附著在信封表面。"",""「貼心」的貼表示周到關懷，並非附著。""]","一字多義題要比較語境中的實際義項。","[""貼心"",""貼補""]","","","","","","","","","","","","","","",""
"CHI-0021","國文","原創會考程度練習","","","八年級下","字義","詞義辨析","基礎","單題選擇","「他不假思索地答應了邀請。」此處「不假思索」的意思是？","回答前反覆查證","假裝沒有聽見問題","思考很久仍無法作答","沒有經過思考就立刻回答","3","沒有經過思考就立刻回答","","「不假思索」指不用思考或思考時間很短便作出反應，D符合。A反覆查證代表經過思考；B是假裝沒聽見；C是思考很久仍答不出，都不是不假思索。","[""看詞語修飾的是答應邀請的反應速度。"",""答案D指出沒有經過思考便立刻回答。"",""「回答前反覆查證」表示謹慎思考，與「不假思索」相反；因此選 D「沒有經過思考就立刻回答」。""]","成語解釋應保留核心語義，不要把可能的情境當成詞義。","[""思索"",""反覆查證""]","","","","","","","","","","","","","","",""
"CHI-0022","國文","原創會考程度練習","","","九年級上","字義","文言詞義","中等","單題選擇","古文：「孔子東遊，見兩小兒辯鬥，問其故。」句中「故」的意思是？","舊有的","故意","緣故、原因","死亡","2","緣故、原因","","「問其故」是詢問兩小兒爭辯的原因，因此「故」解作緣故、原因。A是舊有；B是故意；D是去世義，皆不合句意。","[""把「問其故」譯成白話：詢問他們爭辯的什麼。"",""答案「緣故、原因」能自然補入句子。"",""「故意」作副詞，不能在此作「問」的賓語。""]","文言實詞須放回句法位置與上下文翻譯。","[""故意"",""舊有""]","","","","","","","","","","","","","","",""
"CHI-0023","國文","原創會考程度練習","","","七年級上","字義","語境詞義","基礎","單題選擇","「老師提醒我們，使用網路資料時要辨明來源。」句中的「辨明」最接近何意？","分辨清楚","大聲說明","改變方向","延後處理","0","分辨清楚","","「辨明來源」是把來源分辨清楚，故選A。B是表達方式；C是改變方向；D是延後處理，均與辨認真偽或來源無關。","[""注意「辨明」的受詞是資料來源。"",""答案「分辨清楚」可直接替換而保持句意。"",""「大聲說明」談音量與表達，並非辨認來源。""]","以受詞和上下文限制詞義，避免只選字面相近的說法。","[""來源"",""分辨""]","","","","","","","","","","","","","","",""
"CHI-0024","國文","原創會考程度練習","","","七年級上","語法","主語判斷","基礎","單題選擇","「窗外的雨聲漸漸停了。」句中的主語是哪一個詞？","漸漸","停了","雨聲","窗外","2","雨聲","","句子說明「雨聲」逐漸停止；「雨聲」是被陳述的對象，為主語。「窗外」是處所，「漸漸」修飾變化，「停了」是述語。因此答案是「雨聲」。","[""先找句子在談論的對象：什麼漸漸停了？"",""答案「雨聲」是被陳述的主語；「窗外」只交代處所。"",""「漸漸」修飾變化，「停了」是述語，不是句子主語。""]","先找句子陳述的對象，再區分處所、修飾語及述語。","[""漸漸"",""停""]","","","","","","","","","","","","","","",""
"CHI-0025","國文","原創會考程度練習","","","七年級下","語法","句型辨識","基礎","單題選擇","下列哪一句是疑問句？","請把窗戶關好。","今天的雲很低。","多麼清新的空氣啊！","你已經完成作業了嗎？","3","你已經完成作業了嗎？","","D以句末語氣詞「嗎」詢問作業是否完成，是疑問句。A是祈使句，B是敘述句，C是感嘆句。因此答案為 D「你已經完成作業了嗎？」。","[""看句子的語氣及句末標點。"",""答案 D 以「嗎」提出需要回答的問題。"",""「請把窗戶關好」是在要求對方行動，屬祈使句。""]","句型依表達功能判斷，不只看句子是否有標點。","[""祈使句"",""感嘆句""]","","","","","","","","","","","","","","",""
"CHI-0026","國文","原創會考程度練習","","","八年級上","語法","關聯詞語","中等","單題選擇","「＿＿天色已晚，登山隊仍依計畫返回山屋。」空格應填入哪個詞，才能表達讓步轉折？","因為","既然","不但","雖然","3","雖然","","「雖然天色已晚，仍依計畫返回」以「雖然……仍……」呈現讓步轉折。A「因為」表示原因；B「既然」表示已知前提；C「不但」通常與「而且」搭配表示遞進。","[""句中「仍」提示前後內容有轉折。"",""答案「雖然」可與「仍」構成讓步轉折關係。"",""「因為」會把天色已晚解作返回的原因，語意關係不符。""]","先看前後分句的邏輯，再選關聯詞，不要只靠固定搭配猜。","[""雖然"",""仍""]","","","","","","","","","","","","","","",""
"CHI-0027","國文","原創會考程度練習","","","八年級下","語法","句子修改","中等","單題選擇","「由於他努力練習，因此終於熟悉了新曲。」下列哪個改寫能保留因果關係，且語句正確？","由於他努力練習，因此所以熟悉新曲。","他努力練習，可是終於熟悉新曲。","他因為努力練習，所以終於熟悉了新曲。","他不但努力練習，然而終於熟悉新曲。","2","他因為努力練習，所以終於熟悉了新曲。","","C以「因為……所以……」保留原句的因果關係，句意也完整。A重複使用「因此」和「所以」；B用「可是」轉成轉折；D混用「不但」與「然而」，關聯詞不當。因此答案為 C「他因為努力練習，所以終於熟悉了新曲。」。","[""原句是努力練習導致熟悉新曲的因果關係。"",""答案C以「因為……所以……」表達因果，搭配完整而正確。"",""A重複堆疊結果關聯詞，B誤用轉折，D混用遞進和轉折；只有C保留原有因果關係。""]","關聯詞題先確認邏輯關係，再檢查句中搭配是否完整。","[""因為"",""所以""]","","","","","","","","","","","","","","",""
"CHI-0028","國文","原創會考程度練習","","","九年級上","語法","複句關係","中等","單題選擇","「只要把資料分類完成，就能更快找到所需篇章。」前後分句表達哪種關係？","因果","轉折","條件","選擇","2","條件","","「只要……就……」表示具備前項條件便會產生後項結果，屬條件關係。A「因果」通常用因為、所以；B「轉折」常用雖然、但是；D「選擇」可用或者、還是。","[""找出關聯詞「只要……就……」。"",""答案是條件關係：分類完成是更快找到篇章的條件。"",""「因果」只說明原因與結果，未凸顯此句明確提出的必要條件。""]","依關聯詞與兩分句邏輯共同辨認複句。","[""只要"",""就""]","","","","","","","","","","","","","","",""
"CHI-0029","國文","原創會考程度練習","","","七年級上","修辭","譬喻","基礎","單題選擇","「新月像一葉銀舟，靜靜停在夜空。」主要運用哪種修辭？","轉化","譬喻","排比","映襯","1","譬喻","","以「像」把新月比作銀舟，具備本體、喻詞與喻體，是譬喻。A「轉化」是把事物寫成另一種角色或狀態；C「排比」需有相似句式連續排列；D「映襯」以兩種事物相互對照。","[""找出本體「新月」、喻詞「像」和喻體「銀舟」。"",""答案「譬喻」能說明三者構成的比喻關係。"",""「排比」需要兩個以上結構相似的語句，本題只有一個比喻句。""]","辨認譬喻可找本體、喻詞與喻體，並確認不是單純形容。","[""新月"",""銀舟""]","","","","","","","","","","","","","","",""
"CHI-0030","國文","原創會考程度練習","","","七年級下","修辭","擬人","基礎","單題選擇","「風把操場上的落葉一張張送到教室門口。」句子主要運用哪種修辭？","擬人","借代","設問","誇飾","0","擬人","","風被寫成會「送」落葉的行動者，將人的動作賦予自然現象，屬擬人。B「借代」以相關事物代替本體；C「設問」是提出問題；D「誇飾」是刻意放大或縮小。","[""觀察非人的主體「風」做了什麼。"",""答案「擬人」符合把風寫成會送東西的人。"",""「誇飾」重點是程度超越事實，句中並沒有明顯誇大。""]","看主體是否被賦予人的行動、情感或語言。","[""風"",""送""]","","","","","","","","","","","","","","",""
"CHI-0031","國文","原創會考程度練習","","","八年級上","修辭","排比","中等","單題選擇","「他整理書桌、擦亮窗戶、排好書冊，只為迎接新學期。」前半句主要運用哪種修辭？","回文","雙關","借代","排比","3","排比","","「整理、擦亮、排好」以相近句法連列三項動作，形成排比。A「回文」是文字順讀倒讀皆可；B「雙關」是一語兼具兩義；C「借代」是以相關事物代稱。","[""找出連續排列的三個動作短語。"",""答案「排比」：三個短語句法相近、節奏並列。"",""「雙關」需要語詞同時有兩層意思，本句沒有這種語意。""]","排比看結構相似且連續排列，不是有三個動詞就一定成立。","[""整理"",""擦亮"",""排好""]","","","","","","","","","","","","","","",""
"CHI-0032","國文","原創會考程度練習","","","八年級下","修辭","映襯","中等","單題選擇","「窗外雷聲震耳，屋內孩子的呼吸卻輕得像不存在。」主要藉由哪種修辭凸顯安靜？","頂真","映襯","借喻","設問","1","映襯","","雷聲的喧鬧與孩子呼吸的微弱形成對照，藉強烈差異凸顯安靜，屬映襯。A「頂真」是前句末詞接下句開頭；C「借喻」以喻體代本體；D「設問」是提出問題。","[""找出兩個對照項：窗外雷聲大、屋內呼吸微弱。"",""答案「映襯」用相反或差異強烈的情景互相襯托。"",""「頂真」要求前後句首尾相接，本句沒有詞語承接。""]","映襯須說清對照的兩方，以及被凸顯的焦點。","[""雷聲"",""呼吸""]","","","","","","","","","","","","","","",""
"CHI-0033","國文","原創會考程度練習","","","九年級上","修辭","層遞","中等","單題選擇","「我喜歡讀書，也喜歡寫作，更希望有一天能用文字改變世界。」句意由興趣逐步推向更大的理想，主要運用哪種修辭？","借代","摹寫","轉化","層遞","3","層遞","","句子從喜歡讀書、喜歡寫作，推進到希望用文字改變世界，語意由個人興趣逐層擴展，屬層遞。A「借代」是以相關事物代稱；B「摹寫」是描摹感官感受；C「轉化」是轉變事物形象或性質。","[""比較語意層次：先說個人閱讀興趣，再到寫作，最後提升為改變世界的理想。"",""答案「層遞」能說明內容依序推展、範圍逐步擴大的安排。"",""「轉化」著重形象或性質轉變，本句沒有這種轉換。""]","判斷層遞時，注意內容是否依程度、範圍或情感逐層推進。","[""夜色"",""披上"",""收起""]","","","","","","","","","","","","","","",""
"CHI-0034","國文","原創會考程度練習","","","七年級上","閱讀理解","主旨判斷","基礎","單題選擇","社區公告：「請自備水壺；活動會場設有飲水補充站，並不提供一次性紙杯。」公告最主要目的為何？","禁止參加者飲水","宣傳販售水壺","要求大家提早離場","提醒參加者減少一次性用品","3","提醒參加者減少一次性用品","","自備水壺且不提供紙杯，目的在減少一次性用品。A「禁止參加者飲水」與設置飲水補充站矛盾；B「宣傳販售水壺」與公告無關；C「要求大家提早離場」也沒有相關訊息。因此答案為 D「提醒參加者減少一次性用品」。","[""將兩項資訊連起來：自備水壺、現場不提供紙杯。"",""答案D概括公告希望參加者自帶容器、減少一次性杯具。"",""A「禁止參加者飲水」與設置飲水補充站的內容相反。""]","主旨題要找能解釋全文安排的目的，不要抓單一細節過度推論。","[""一次性紙杯"",""飲水補充站""]","","","","","","","","","","","","","","",""
"CHI-0035","國文","原創會考程度練習","","","七年級上","閱讀理解","因果推論","基礎","單題選擇","連續三天午後雷雨，學校將操場活動移至室內。下列推論何者最合理？","學校不再舉辦任何活動","室內活動一定比戶外活動有趣","移動場地是為避免雨天影響活動","雷雨只會出現在午後","2","移動場地是為避免雨天影響活動","","題幹將午後雷雨與改到室內並列，最合理推論是避免雨勢干擾。A把一次調整擴大成永久取消；B含主觀判斷；D把三天觀察過度概括成普遍規律。因此答案為 C「移動場地是為避免雨天影響活動」。","[""找出事件先後：雷雨連續發生，學校更改場地。"",""答案C是符合情境的目的推論。"",""「雷雨只會出現在午後」只根據三天情況推論所有時候，證據不足。""]","推論要貼近文本證據，避免把有限觀察說成永遠或全部。","[""午後雷雨"",""移至室內""]","","","","","","","","","","","","","","",""
"CHI-0036","國文","原創會考程度練習","","","七年級下","閱讀理解","訊息擷取","基礎","單題選擇","班級通知：週三第七節在自然教室集合，攜帶剪刀、膠水與回收紙盒。下列哪項符合通知？","週三午休到操場，帶水彩","週四第七節到自然教室，帶剪刀","週三第七節到自然教室，帶指定材料","週三第七節在圖書館集合","2","週三第七節到自然教室，帶指定材料","","通知明列週三、第七節、自然教室及剪刀、膠水、回收紙盒，只有 C 完整符合。A時間、地點與材料都不符；B日期不同且材料不全；D地點錯誤。因此答案為 C「週三第七節到自然教室，帶指定材料」。","[""把通知中的日期、節次、地點、物品分別圈出。"",""答案C四項資訊均與通知一致。"",""D只改了一個關鍵欄位：集合地點不是圖書館。""]","訊息擷取逐欄核對，避免只對到日期便選錯。","[""週三"",""自然教室"",""回收紙盒""]","","","","","","","","","","","","","","",""
"CHI-0037","國文","原創會考程度練習","","","八年級上","閱讀理解","觀點判斷","中等","單題選擇","作者說：「手機讓查資料更方便，但若通知不斷跳出，閱讀也容易被切碎。我會先關閉提醒，再開始讀書。」作者最可能主張？","善用設定可降低手機干擾","手機完全沒有學習用途","閱讀時應同時回覆通知","所有人都應停用手機","0","善用設定可降低手機干擾","","作者承認手機查資料的便利，也提出關閉提醒降低干擾，故主張善用設定。B、D忽略手機的正面用途並過度擴大；C與作者做法相反。 因此答案為 A「善用設定可降低手機干擾」。","[""注意作者先承認便利，再指出通知干擾。"",""答案 A 保留了手機查資料的便利，也指出可調整設定降低干擾。"",""「手機完全沒有學習用途」與作者承認查資料方便直接矛盾。""]","抓作者的限定語與轉折，避免把局部批評擴成全面否定。","[""通知"",""關閉提醒""]","","","","","","","","","","","","","","",""
"CHI-0038","國文","原創會考程度練習","","","八年級下","閱讀理解","比較推論","中等","單題選擇","甲文主張每天短時間練習；乙文記錄某生週末集中練習後進步。哪項比較最謹慎？","乙文證明每天練習一定無效","集中練習適合所有學生","甲乙都顯示練習方式與進步有關，但材料不足以判定唯一方法","甲文與乙文完全互相矛盾","2","甲乙都顯示練習方式與進步有關，但材料不足以判定唯一方法","","甲提出日常短練，乙記錄個案集中練習後進步；兩者都把練習與進步連結，但個案不足以證明哪種方式適用所有人。A、B過度概括；D也忽略兩種方法可能並存。因此答案為 C「甲乙都顯示練習方式與進步有關，但材料不足以判定唯一方法」。","[""先分清甲是建議，乙是單一個案記錄。"",""答案C承認共同關注練習與進步，也保留證據限制。"",""「集中練習適合所有學生」由一個個案推及全體，證據不足。""]","比較文本時區分主張與個案，避免把相關性寫成普遍因果。","[""每天短時間"",""週末集中練習""]","","","","","","","","","","","","","","",""
"CHI-0039","國文","原創會考程度練習","","","九年級上","閱讀理解","論證判讀","基礎","單題選擇","學生說：「校園應增加樹蔭，因為上週調查的二十位同學都說午後太曬。」若要讓此論證更有力，最需要補充哪項資料？","列出校園樹木的品種名稱","詢問同學最喜歡哪種飲料","調查更多年級、更多時段的學生並記錄日照情況","引用一首描寫夏天的詩","2","調查更多年級、更多時段的學生並記錄日照情況","","目前只有二十位同學、單一時段的主觀回覆。擴大樣本並記錄日照資料能直接補強需求與範圍。A、B、D與午後曝曬及增設樹蔭的論證關聯弱。 因此答案為 C「調查更多年級、更多時段的學生並記錄日照情況」。","[""指出原論證的限制：樣本少、時段單一，且只有感受。"",""答案C能補充代表性及較直接的環境資料。"",""樹木品種名稱不會證明學生確實受午後日曬影響。""]","論證補證據應對準主張與推理缺口，而非只增加相關資訊。","[""二十位同學"",""午後太曬""]","","","","","","","","","","","","","","",""
"CHI-0040","國文","原創會考程度練習","","","七年級上","文言文","文言詞義","基礎","單題選擇","文言句：「學而時習之，不亦說乎？」句中的「說」應解作？","喜悅","說話","解釋","勸說","0","喜悅","","「說」通「悅」，整句意為學習後按時溫習，不也令人喜悅嗎？A、C、D都是現代常見義，但不符合此處語境。","[""先依句意讀成學習後溫習是否令人愉快。"",""答案「喜悅」能與反問語氣及整句意思相合。"",""「說話」放入句中會變成詢問是否說話，語意不通。""]","文言字詞可能有通假或古今異義，需以整句翻譯驗證。","[""時習"",""說""]","","","","","","","","","","","","","","",""
"CHI-0041","國文","原創會考程度練習","","","七年級下","文言文","文意理解","基礎","單題選擇","文言句：「見賢思齊焉，見不賢而內自省也。」最適合的白話解釋是？","看見有才能的人就批評他，看見平凡的人便放心","看見別人犯錯就要求他改正，不必檢查自己","看見賢者便想向他看齊，看見不賢者便反省自己","只要羨慕賢者，就不會犯錯","2","看見賢者便想向他看齊，看見不賢者便反省自己","","前半句「思齊」是想與賢者看齊；後半句「內自省」是向內反省自己。C依序保留兩句的對象與行動，因此答案為 C「看見賢者便想向他看齊，看見不賢者便反省自己」。A把看齊誤成批評，B把自省改成要求別人改正，D則把羨慕誇大為不會犯錯。","[""拆成兩部分：見賢→想看齊；見不賢→向內反省。"",""答案C依序保留兩個動作及對象。"",""「看見別人犯錯就要求他改正」把原句的自我反省改成責備他人。""]","文言翻譯要對應關鍵動詞與主語，不可只抓大意。","[""思齊"",""內自省""]","","","","","","","","","","","","","","",""
"CHI-0042","國文","原創會考程度練習","","","八年級上","文言文","人物行為推論","中等","單題選擇","短文：「范仲淹少有大志，每以天下為己任。或有稱讚者，仲淹曰：『此不足為意。』」依材料可推知他的態度為何？","重視個人名聲勝於責任","不以稱讚為滿足，仍看重志業","不願承擔任何公共事務","認為天下之事都與自己無關","1","不以稱讚為滿足，仍看重志業","","他以天下為己任，並說稱讚不足掛意，可推知重視志業、不以稱讚自滿。A與引文相反；C、D也與「以天下為己任」矛盾。 因此答案為 B「不以稱讚為滿足，仍看重志業」。","[""找出兩個線索：「以天下為己任」和「稱讚不足為意」。"",""答案B同時解釋其責任感及不受稱讚左右。"",""「不願承擔公共事務」與「以天下為己任」直接相反。""]","人物推論須至少用一項原文明示行為或言語作依據。","[""大志"",""己任""]","","","","","","","","","","","","","","",""
"CHI-0043","國文","原創會考程度練習","","","九年級上","文言文","文言文意","中等","單題選擇","文言句：「欲速則不達，見小利則大事不成。」最能概括這段話的是？","急於求快或貪圖小利，反而妨礙大目標","做事只要速度快，必能成功","眼前利益比長遠計畫重要","完成大事不需要考慮方法","0","急於求快或貪圖小利，反而妨礙大目標","","「欲速則不達」指出急求速度反而不能到達；「見小利則大事不成」指出貪小利妨礙大事。A同時涵蓋兩句。B、C與原句相反；D是原文未提出的主張。因此答案為 A「急於求快或貪圖小利，反而妨礙大目標」。","[""分別解釋兩句：急求快反而不達，貪小利會使大事不成。"",""答案A合併了速度與利益兩項警示。"",""「眼前利益比長遠計畫重要」正好顛倒原句價值次序。""]","雙句格言題要逐句對應，再找能涵蓋兩者的選項。","[""欲速"",""小利""]","","","","","","","","","","","","","","",""
"CHI-0044","國文","原創會考程度練習","","","七年級上","篇章結構","段落順序","基礎","單題選擇","短文寫道：「天剛亮，市場陸續開門；接著攤販擺出蔬果；日頭升高後，買菜人潮逐漸散去。」這段主要按什麼順序安排？","時間與事情發展順序","空間由近到遠","先因後果","提出問題再解決","0","時間與事情發展順序","","「天剛亮」「接著」「日頭升高後」明確標示時間推移，市場活動也依序展開，因此是時間與事情發展順序。其餘選項沒有相應的空間移動、因果說明或問題解法。","[""圈出時間線索：「天剛亮」「接著」「日頭升高後」。"",""答案A對應市場開門、擺攤、人潮散去的先後發展。"",""題文沒有由近到遠的視線或位置移動，因此不是空間順序。""]","段落順序題需依明確的時間、空間或邏輯線索判斷。","[""天剛亮"",""日頭升高""]","","","","","","","","","","","","","","",""
"CHI-0045","國文","原創會考程度練習","","","七年級下","篇章結構","總分結構","基礎","單題選擇","「校園植物有三種功能：遮蔭、淨化空氣，也提供昆蟲棲地。」這句的結構是？","先分列後總結","時間倒敘","總說後分列","因果相承","2","總說後分列","","先提出總項「三種功能」，再列出遮蔭、淨化空氣、提供棲地，屬總說後分列。A「先分列後總結」順序相反；B「時間倒敘」與D「因果相承」都不符合句子安排。","[""找出總括語「三種功能」。"",""其後列出三項內容，故是總說後分列。"",""「先分列後總結」應先列細項、最後才歸納，順序不同。""]","留意總括詞出現的位置，判斷先總後分或先分後總。","[""遮蔭"",""淨化空氣""]","","","","","","","","","","","","","","",""
"CHI-0046","國文","原創會考程度練習","","","八年級上","篇章結構","論述結構","中等","單題選擇","文章先指出校園飲水機常被閒置，再分析位置不便，最後建議增設指示標誌並調整動線。主要結構為？","問題—原因—對策","總分總","時間順序","並列比較","0","問題—原因—對策","","段落依序呈現問題、原因與對策，選A。B需要總述、分述、總結；C需時間推進；D需並列比較兩對象。 因此答案為 A「問題—原因—對策」。","[""按文本順序列出：飲水機閒置／位置不便／增設標誌與調整動線。"",""答案A對應問題、原因、對策。"",""「時間順序」不是依事件發生時間安排，題幹呈現的是分析流程。""]","摘要時保留論述功能與順序，不要把所有三段式都叫總分總。","[""位置不便"",""調整動線""]","","","","","","","","","","","","","","",""
"CHI-0047","國文","原創會考程度練習","","","九年級上","篇章結構","論證結構","中等","單題選擇","一篇文章先提出「校園應保留一處安靜閱讀區」，接著引用訪談說明學生需求，最後回應「會占用活動空間」的疑慮並提出分時使用方案。主要採用？","按時間記敘個人經歷","先列定義再作分類","提出主張、舉證、回應反方","由結果倒推原因","2","提出主張、舉證、回應反方","","文本先提出立場、以訪談支持，再處理反對意見並提出折衷，符合C。其他選項描述不同的文章組織方式。因此答案為 C「提出主張、舉證、回應反方」。","[""分辨主張、證據與反方疑慮各自所在。"",""答案C涵蓋提出閱讀區主張、引用訪談、回應空間疑慮。"",""「先列定義再作分類」題幹沒有概念分類。""]","進階篇章題需看論證功能，不只數段落或列出材料。","[""閱讀區"",""訪談""]","","","","","","","","","","","","","","",""
"CHI-0048","國文","原創會考程度練習","","","七年級上","篇章結構","照應辨識","基礎","單題選擇","開頭寫「我一直記得外婆門前那株桂花」，結尾寫「每逢桂花香起，我就想起外婆」。首尾主要形成哪種關係？","層遞","頂真","倒敘","前後照應","3","前後照應","","首尾都以桂花連結外婆的記憶，彼此呼應，屬前後照應。A「層遞」是語意逐層加深；B「頂真」是前句末尾接下句開頭；C「倒敘」是先寫後發生的結果再回述過去。","[""比對開頭與結尾重複出現的桂花、外婆記憶。"",""答案「前後照應」說明首尾互相呼應。"",""「頂真」需要句尾詞語直接作下一句開頭，本文沒有這種接續。""]","照應看前後重現的意象或語意，頂真則看詞語首尾相接。","[""桂花"",""外婆""]","","","","","","","","","","","","","","",""
"CHI-0049","國文","原創會考程度練習","","","八年級下","篇章結構","轉折辨識","中等","單題選擇","「我原以為整理舊照片會很快，沒想到每張背後都有故事，最後花了一整個下午。」句中「沒想到」的作用是？","引出與原先預期相反的發展","補充照片的年代","列舉整理步驟","總結整理的好處","0","引出與原先預期相反的發展","","前句預期很快，後句實際耗時一下午，「沒想到」引出反預期的轉折。其餘選項題幹沒有提供年代、步驟或總結。 因此答案為 A「引出與原先預期相反的發展」。","[""對照原先預期「很快」和實際結果「一整個下午」。"",""答案A指出語詞帶出預期與實況的轉折。"",""「補充照片的年代」沒有任何年代資訊支持。""]","轉折標記要連同前後內容判斷，不能只按詞語分類。","[""很快"",""一整個下午""]","","","","","","","","","","","","","","",""
"CHI-0050","國文","原創會考程度練習","","","九年級上","篇章結構","論證辨析","中等","單題選擇","某文主張「校園應設置遮雨通道」，只列出三位同學覺得方便，未說明成本或受益範圍。這段論證最需要補強的是？","作者的字體美觀","故事的情節轉折","證據的代表性與政策可行性","形容詞的數量","2","證據的代表性與政策可行性","","三位同學的感受不足以代表全校，也沒有成本與可行性資料，因此需補代表性及政策評估。A、B、D與論證有效性無關。 因此答案為 C「證據的代表性與政策可行性」。","[""主張涉及全校設施，但證據只有三位同學的便利感受。"",""答案C對應證據代表性與建置可行性兩個缺口。"",""「故事的情節轉折」不是論證需要的證據。""]","論證品讀要檢查證據是否支持主張的範圍，以及方案是否可行。","[""三位同學"",""全校""]","","","","","","","","","","","","","","",""
"CHI-0051","國文","原創會考程度練習","","","七年級下","字音","多音字辨讀","基礎","單題選擇","「他把資料交還給圖書館。」句中的「還」讀音為何？","ㄏㄞˊ","ㄏㄢˊ","ㄏㄨㄢˇ","ㄏㄨㄢˊ","3","ㄏㄨㄢˊ","","「交還」的還表示歸還，讀ㄏㄨㄢˊ。ㄏㄞˊ常表示仍然或尚且；其餘兩音不符合此字在本詞的讀音。","[""看「還」的詞組是「交還資料」，意思是歸還。"",""歸還義讀ㄏㄨㄢˊ，故選D。"",""ㄏㄞˊ多用於「還沒、還是」，不是歸還義。""]","多音字依詞義和詞組辨音。","[""歸還"",""還是""]","","","","","","","","","","","","","","",""
"CHI-0052","國文","原創會考程度練習","","","八年級上","字音","聲調辨讀","中等","單題選擇","下列哪組詞語的括號字讀音相同？","薄（ㄅㄛˊ）弱／薄（ㄅㄠˊ）餅","供（ㄍㄨㄥ）應／供（ㄍㄨㄥˋ）品","著（ㄓㄨㄛˊ）手／沉著（ㄓㄨㄛˊ）","勉強（ㄑㄧㄤˇ）／強（ㄑㄧㄤˊ）調","2","著（ㄓㄨㄛˊ）手／沉著（ㄓㄨㄛˊ）","","C兩個「著」都讀ㄓㄨㄛˊ：「著手」指開始做，「沉著」指鎮定。A「薄弱」與「薄餅」讀音不同；B「供應」與「供品」讀音不同；D「勉強」與「強調」讀音不同，因此只有 C 相同。","[""逐組核對括號字在完整詞語中的讀音。"",""C「著手」與「沉著」的著都讀ㄓㄨㄛˊ。"",""A的「薄弱」讀ㄅㄛˊ、「薄餅」讀ㄅㄠˊ，兩音不同；答案為 C。""]","多音字要連同詞語辨讀，並逐組確認聲調。","[""著手"",""沉著""]","","","","","","","","","","","","","","",""
"CHI-0053","國文","原創會考程度練習","","","九年級上","字音","文言字音","進階","單題選擇","「一暴十寒」的「暴」在此讀音為何？","ㄅㄠˋ","ㄆㄠˋ","ㄆㄨˋ","ㄅㄨˋ","2","ㄆㄨˋ","","「一暴十寒」的暴通曝，指曬，讀ㄆㄨˋ。A是暴力、暴雨等常見讀音；B、D均不合此成語。","[""先以成語意思理解：偶爾曬一天，卻冷凍十天，比喻學習缺乏持續。"",""此處暴通曝，答案ㄆㄨˋ。"",""ㄅㄠˋ是暴雨、暴力等義項，不是成語中的讀音。""]","辨讀古典成語中的通假字時，先理解語義再定音。","[""一暴十寒"",""曝""]","","","","","","","","","","","","","","",""
"CHI-0054","國文","原創會考程度練習","","","七年級上","字形","形近字辨析","基礎","單題選擇","下列句子中，括號內的字形何者正確？","山路崎（屈），車子行進很慢。","他做事謹慎，從不草（率）了事。","他為人（康）概，常幫助同學。","展覽內容豐（傅），令人目不暇給。","1","他做事謹慎，從不草（率）了事。","","B「草率」字形正確。A應寫「崎嶇」，C應寫「慷慨」，D應寫「豐富」，因此選 B「他做事謹慎，從不草（率）了事」。","[""逐項核對括號內字形：A的「屈」應為「嶇」；B的「率」可組成「草率了事」；C的「康」應為「慷」；D的「傅」應為「富」。"",""只有B的括號字能與前字組成正確詞語「草率」，所以答案是B。"",""C應寫「慷慨」，括號內的「康」不能構成正確詞形；答案為 B。""]","字形題以正體字和固定詞形判斷，避免把形近字誤認為正字。","[]","","","","","","","","","","","","","","",""
"CHI-0055","國文","原創會考程度練習","","","七年級下","字形","成語字形","基礎","單題選擇","下列成語，何者用字完全正確？","再接再勵","按布就班","談笑風聲","迫不及待","3","迫不及待","","D「迫不及待」用字正確。A的「再接再勵」應作「再接再厲」；B的「按布就班」應作「按部就班」；C的「談笑風聲」應作「談笑風生」，因此選 D。","[""逐一核對四個成語的固定寫法。"",""D「迫不及待」四字正確。"",""C把「生」誤寫成「聲」，正確成語是「談笑風生」；B才是把「部」誤寫成「布」。""]","成語字形題需以固定詞形判斷，避免同音字替代。","[""迫不及待"",""按部就班""]","","","","","","","","","","","","","","",""
"CHI-0056","國文","原創會考程度練習","","","八年級上","字形","易混字辨析","中等","單題選擇","下列哪一組詞語都使用正確字形？","再接再勵、按部就班","再接再厲、按步就班","再接再勵、按步就班","再接再厲、按部就班","3","再接再厲、按部就班","","D兩詞分別寫作「再接再厲」和「按部就班」，皆正確。A把厲寫成勵；B把部寫成步；C兩處皆誤，因此選 D。","[""先分別回想兩個成語的固定字形。"",""答案D兩個詞都符合慣用寫法。"",""A中的「再接再勵」將「厲」誤寫為「勵」；答案為 D。""]","形近或同音字應放在完整成語中核對。","[""再接再厲"",""按部就班""]","","","","","","","","","","","","","","",""
"CHI-0057","國文","原創會考程度練習","","","八年級下","字形","易混字辨析","中等","單題選擇","「老師要我們按部就班完成實驗。」其中「部」表示什麼？","軍隊編制單位","部分、次序","步伐","部首","1","部分、次序","","「按部就班」原指依照一定的部門與班次安排，後指依次序進行；此處「部」與次第、安排有關。B的「步」是行走步伐，並非此成語的字。 因此答案為 B「部分、次序」。","[""題目考的是成語中的字義兼字形。"",""答案B能解釋按既定次序逐步完成。"",""「步伐」是「步」的意思，不能據音近改寫固定詞形。""]","理解成語來源可協助辨析同音、形近字。","[""按部就班"",""步伐""]","","","","","","","","","","","","","","",""
"CHI-0058","國文","原創會考程度練習","","","九年級上","字形","字形與語境","進階","單題選擇","下列哪句的成語用字與語境搭配都正確？","遇到疑問應實事求是，查證資料後再下結論。","他把答案背熟，真是實事求事。","她不肯改變方法，總是按步就班地嘗試新策略。","兩隊互相合作，真是各自為政。","0","遇到疑問應實事求是，查證資料後再下結論。","","A「實事求是」字形正確且符合查證事實的情境。B誤寫「是」為「事」；C應作「按部就班」且意義與嘗試新策略搭配不佳；D「各自為政」與互相合作相反。 因此答案為 A「遇到疑問應實事求是，查證資料後再下結論。」。","[""檢查成語字形，也檢查句中情境是否支持詞義。"",""A用「實事求是」形容依據事實查證，字義搭配皆恰當。"",""D的「各自為政」指各自作主，與互相合作相反。""]","正確字形不代表搭配正確，兩個條件都要檢查。","[""實事求是"",""各自為政""]","","","","","","","","","","","","","","",""
"CHI-0059","國文","原創會考程度練習","","","七年級上","語法","修飾語判斷","基礎","單題選擇","「雨停後，操場上的積水逐漸退去。」句中「逐漸」修飾哪個詞？","雨停後","操場上的積水","逐漸","退去","3","退去","","「逐漸」表示積水退去的變化慢慢發生，修飾動詞「退去」。A交代時間背景，B是變化主體，C是副詞本身。","[""先找出句中表示水位變化的動詞「退去」。"",""「逐漸」說明積水退去的速度與過程，因此選D。"",""「操場上的積水」是退去的主體，不是副詞修飾的動作。""]","判斷副詞修飾對象時，找出它所描述的動作或狀態。","[""逐漸"",""退去""]","","","","","","","","","","","","","","",""
"CHI-0060","國文","原創會考程度練習","","","七年級下","字義","詞義辨析","基礎","單題選擇","「他把借來的書妥善保存。」句中的「妥善」最接近何意？","快速而猛烈","適當而周到","隨意而簡單","遲疑而不決","1","適當而周到","","保存方式適當且周到，對應「妥善」。B描述速度與力量，C指隨便，D指猶豫，均不合保存情境。","[""看「妥善」修飾保存方式。"",""答案「適當而周到」可完整說明妥善保存。"",""「隨意而簡單」表示不仔細，與妥善保存相反。""]","近義詞題以搭配對象和情境限制詞義。","[""妥善"",""保存""]","","","","","","","","","","","","","","",""
"CHI-0061","國文","原創會考程度練習","","","八年級上","字義","文言詞義","中等","單題選擇","文言句：「不以物喜，不以己悲。」句中的「以」最接近何意？","因為、由於","用、拿","認為","按照","0","因為、由於","","句意是不因外物好壞而喜，也不因個人得失而悲；「以」表示因為。B是工具義，C是「以為」義，D是依照，皆不合。","[""把句子分成外物與自身兩種原因。"",""答案「因為、由於」可解釋不因外物或己身而情緒起伏。"",""「用、拿」需要後接工具或受詞，無法解釋此句。""]","文言虛詞須按句法位置和整句翻譯判斷。","[""外物"",""己""]","","","","","","","","","","","","","","",""
"CHI-0062","國文","原創會考程度練習","","","八年級下","字義","語境辨義","中等","單題選擇","「這項措施有助於減輕交通負擔。」句中的「負擔」最接近何意？","搬運物品的動作","完成工作的速度","交通工具的種類","需要承受的責任或壓力","3","需要承受的責任或壓力","","交通負擔指交通系統或使用者需要承受的壓力與成本，D「需要承受的責任或壓力」最符合。A談搬運物品，不能解釋語境中的交通負擔。","[""辨認「負擔」在交通情境中指不便、壓力或成本。"",""答案D涵蓋需要承受的壓力。"",""「搬運物品的動作」是把負擔拆成字面動作，忽略詞語在句中的意思。""]","複合詞的整體詞義不一定等於各字面義相加。","[""交通"",""負擔""]","","","","","","","","","","","","","","",""
"CHI-0063","國文","原創會考程度練習","","","九年級上","字義","文言虛詞","進階","單題選擇","文言句：「學而不思則罔，思而不學則殆。」此處兩個「而」的作用最接近？","表示因果結果","連接前後動作或分句","表示假設條件","表示疑問語氣","1","連接前後動作或分句","","兩個「而」分別連接學與不思、思與不學，構成並列相承的分句，選B。B的結果由「則」表達；C、D均非此處功能。 因此答案為 B「連接前後動作或分句」。","[""先分出兩組結構：學／不思、思／不學。"",""「而」連接兩側語意，答案B最合句法。"",""句中的結果關係由「則」引出，不能把「而」解作結果標記。""]","辨析虛詞要比較同句不同標記各自的功能。","[""而"",""則""]","","","","","","","","","","","","","","",""
"CHI-0064","國文","原創會考程度練習","","","七年級上","字義","近義詞辨析","基礎","單題選擇","「他仔細核對名單，避免漏掉任何一位同學。」句中的「核對」最接近何意？","逐項查驗是否相符","抄寫內容備份","隱藏錯誤資料","重新排列順序","0","逐項查驗是否相符","","核對名單是逐項檢查內容是否正確相符，A符合。B是抄寫，C是隱藏，D是排序，均非查驗之意。","[""注意核對的對象是名單，目的在避免漏人。"",""答案「逐項查驗是否相符」解釋了核對的動作。"",""「重新排列順序」可能是整理，但不一定檢查內容正確。""]","近義詞要辨清動作目的，不只看操作可能帶來的結果。","[""核對"",""查驗""]","","","","","","","","","","","","","","",""
"CHI-0065","國文","原創會考程度練習","","","八年級上","字義","成語詞義","中等","單題選擇","「他提出的建議切中要害，大家立刻找到問題所在。」句中的「切中要害」最接近何意？","說話傷害他人","只談表面現象","提出無關意見","直接指出關鍵問題","3","直接指出關鍵問題","","「切中要害」指直接抓到關鍵處，能幫助大家找到問題所在。A把「要害」誤作身體受傷；B只談表面，C提出無關意見，因此選 D「直接指出關鍵問題」。","[""以結果『找到問題所在』確認建議指出了核心。"",""答案D符合切中要點、抓住關鍵的意思。"",""「只談表面現象」沒有指出問題核心，與切中要害相反。""]","成語語意常由後續效果驗證。","[""切中要害"",""關鍵""]","","","","","","","","","","","","","","",""
"CHI-0066","國文","原創會考程度練習","","","七年級上","語法","詞性判斷","基礎","單題選擇","「妹妹輕輕地關上門。」句中「輕輕地」修飾哪個動作？","妹妹","門","地","關上","3","關上","","「輕輕地」表示關門的方式，修飾動詞「關上」。妹妹是動作者，門是受詞，「地」是副詞標記。","[""用『怎麼樣地關門』提問。"",""答案「關上」是被「輕輕地」修飾的動作。"",""「門」是動作承受者，不是動作本身。""]","副詞通常說明動作、狀態或程度。","[""輕輕地"",""關上""]","","","","","","","","","","","","","","",""
"CHI-0067","國文","原創會考程度練習","","","七年級下","語法","句型辨識","基礎","單題選擇","「請將作業放在講桌上。」這句依表達功能屬於？","疑問句","感嘆句","祈使句","敘述句","2","祈使句","","句子要求聽者完成動作，是祈使句。A「疑問句」詢問問題；B「感嘆句」表達強烈情緒；D「敘述句」陳述事實。","[""注意句首「請」及要求對方放置作業的功能。"",""答案「祈使句」符合命令、請求或勸告的句型。"",""「請」不是疑問標記，句子也沒有提出問題。""]","句型分類看說話目的，不只看句末標點。","[""請"",""祈使""]","","","","","","","","","","","","","","",""
"CHI-0068","國文","原創會考程度練習","","","八年級上","語法","關聯詞語","中等","單題選擇","「＿＿你願意先聽完不同意見，討論就更容易找到共識。」若要明確表達「只要具備前項條件，後項結果便較可能發生」，空格應填？","即使","不但","不論","只要","3","只要","","「只要……就……」明確表示前項條件成立，後項結果便可能發生。A「即使」表示讓步；B「不但」需搭配遞進內容；C「不論」通常搭配「都」，表示不受條件差異影響，均不符合題目指定關係。","[""題幹明示要表達條件成立後，結果較可能發生。"",""答案「只要」與後文「就」構成條件關係。"",""「不論」通常和「都」搭配，表各種條件下結果相同，不合本句限定。""]","依題目指定的邏輯關係選關聯詞，並檢查常見搭配。","[""只要"",""就""]","","","","","","","","","","","","","","",""
"CHI-0069","國文","原創會考程度練習","","","八年級下","語法","語病辨析","中等","單題選擇","下列句子何者沒有語病？","經過大家的努力，使活動順利完成。","我們要避免不要在走廊奔跑。","這本書不但內容豐富，而且插圖也很精美。","他大約可能在下午三點左右抵達。","2","這本書不但內容豐富，而且插圖也很精美。","","C的「不但……而且……」連接兩個完整優點，語意與句法自然。A缺少主語；B「避免不要」雙重否定混亂；D「大約、可能、左右」語意重複。 因此答案為 C「這本書不但內容豐富，而且插圖也很精美。」。","[""逐句找主語、否定詞和重複語意。"",""C句主語明確，遞進關係成立。"",""D同時使用大約、可能、左右，三者都表示不確定或約略，造成冗贅。""]","語病題逐項檢查主語、搭配、否定與語意重複。","[""不但"",""而且""]","","","","","","","","","","","","","","",""
"CHI-0070","國文","原創會考程度練習","","","九年級上","語法","複句關係","進階","單題選擇","「雖然雨勢增大，志工仍依安全指引撤離。」兩分句的關係是？","因果","條件","選擇","讓步轉折","3","讓步轉折","","「雖然……仍……」表示承認雨勢增大這項情況，但結果沒有照一般預期停止行動，是讓步轉折。","[""找出關聯詞「雖然」「仍」。"",""答案「讓步轉折」符合前句承認情況、後句仍採行動。"",""「因果」不能說明「仍」所呈現的反預期關係。""]","留意讓步句中的結果常出乎前項條件的通常預期。","[""雖然"",""仍""]","","","","","","","","","","","","","","",""
"CHI-0071","國文","原創會考程度練習","","","七年級上","語法","句子成分","基礎","單題選擇","「小鳥在屋簷下築巢。」句中的「在屋簷下」主要表示？","動作的受詞","結果補語","動作者","動作發生的處所","3","動作發生的處所","","「在屋簷下」回答在哪裡築巢，表示處所。小鳥是動作者，巢是築的受詞；句中沒有結果補語。","[""對動詞「築巢」提問：在哪裡？"",""答案「動作發生的處所」對應「在屋簷下」。"",""「小鳥」才是動作者，不能把處所短語當主語。""]","用提問方式辨認句子成分：誰、做什麼、在哪裡。","[""屋簷"",""築巢""]","","","","","","","","","","","","","","",""
"CHI-0072","國文","原創會考程度練習","","","八年級上","語法","標點使用","中等","單題選擇","下列哪句的冒號使用最恰當？","他說今天下午：不必帶雨傘。","我們到達：車站後才發現走錯路。","請於：週三下午到校集合。","我最喜歡三種活動：閱讀、游泳和散步。","3","我最喜歡三種活動：閱讀、游泳和散步。","","D 的冒號置於總括語「三種活動」之後，引出具體列舉，使用恰當。A 把冒號置於時間詞組「今天下午」之後，沒有提示下文的總括語；B 把冒號放在動詞「到達」和受詞「車站」之間；C 切斷介詞「於」與時間詞組，均不恰當。因此答案為 D「我最喜歡三種活動：閱讀、游泳和散步」。","[""先找冒號前是否有能提示下文的總括語。"",""答案D先說「三種活動」，再以冒號列出三項活動。"",""A 的冒號放在時間詞組「今天下午」之後，前文沒有總括語引出下文，不適合使用冒號。""]","冒號通常用來引出下文說明或列舉，不宜切斷緊密相連的句法成分。","[""冒號"",""列舉""]","","","","","","","","","","","","","","",""
"CHI-0073","國文","原創會考程度練習","","","九年級上","語法","句子改寫","進階","單題選擇","「雖然路程遙遠，大家仍準時抵達。」若將轉折改寫成合理的因果關係，空格最適合填入「因為路程遙遠，＿＿」的哪個下句？","大家遲到","大家提早出發，所以仍準時抵達","大家不必出門","路程因此縮短","1","大家提早出發，所以仍準時抵達","","原句保留「路程遙遠」與「準時抵達」兩項條件；改寫為因果時，B補出提早出發這項合理原因，說明如何仍能準時。A改變結果，C、D與原文事件不合。 因此答案為 B「大家提早出發，所以仍準時抵達」。","[""先找出原句要保留的兩項資訊：路程遙遠、仍準時抵達。"",""答案B補出提早出發，形成「路程遠→提早出發→準時抵達」的合理因果。"",""A的遲到與原句明示的準時結果相反。""]","複句改寫要保留原文核心資訊；若補入推論，須讓因果鏈清楚合理。","[""雖然"",""因為""]","","","","","","","","","","","","","","",""
"CHI-0074","國文","原創會考程度練習","","","七年級上","修辭","譬喻","基礎","單題選擇","「操場像一片綠色的海，旗子是海面上跳動的浪花。」主要使用？","借代","頂真","設問","譬喻","3","譬喻","","操場比作海、旗子比作浪花，有明確本體與喻體，屬譬喻。A「借代」是以相關事物代替本體；B「頂真」是前句末尾接下句開頭；C「設問」是提出問題再引導思考。","[""找出兩組本體與喻體：操場／海、旗子／浪花。"",""答案「譬喻」說明相似事物間的比擬。"",""「借代」不以相似性比較，而是用相關事物代稱。""]","有「像」不必然足夠，仍要找出本體與喻體的對應。","[""操場"",""海""]","","","","","","","","","","","","","","",""
"CHI-0075","國文","原創會考程度練習","","","七年級下","修辭","擬人","基礎","單題選擇","「窗邊的盆栽伸了個懶腰，迎接早晨的陽光。」主要修辭為？","擬人","誇飾","排比","雙關","0","擬人","","盆栽被寫成會伸懶腰、迎接陽光的人，屬擬人。B「誇飾」是刻意放大或縮小；C「排比」需多個相似結構；D「雙關」是一語兼有兩層意思。","[""找出非人的主體「盆栽」及人的動作「伸懶腰、迎接」。"",""答案「擬人」符合賦予植物人的行為。"",""「誇飾」不是把植物寫成人，而是刻意放大程度。""]","擬人要指出被人格化的對象和人的動作。","[""盆栽"",""陽光""]","","","","","","","","","","","","","","",""
"CHI-0076","國文","原創會考程度練習","","","八年級上","修辭","排比","中等","單題選擇","「有人在操場奔跑，有人在圖書館閱讀，有人在教室練習。」主要修辭為？","借代","轉化","譬喻","排比","3","排比","","三個句子以相同的「有人在……」結構並列，形成排比。其餘修辭不符合句中結構或語意。","[""比較三個分句是否句法相似且並列。"",""答案「排比」符合反覆相似句型。"",""「譬喻」需要本體和喻體，此句只是列舉不同活動。""]","排比除並列外，也常帶有加強節奏或列舉效果。","[""操場"",""圖書館"",""教室""]","","","","","","","","","","","","","","",""
"CHI-0077","國文","原創會考程度練習","","","八年級下","修辭","借代","中等","單題選擇","「白衣天使今天到校替同學檢查視力。」句中的「白衣天使」借代何者？","天上的神仙","穿白衣的學生","醫護人員","視力檢查表","2","醫護人員","","「白衣天使」以白衣和救護形象代稱醫護人員，選C。其他選項依字面理解，未掌握語境中的借代對象。","[""依情境看人物到校替同學檢查視力。"",""答案「醫護人員」是「白衣天使」在此處代稱的對象。"",""「穿白衣的學生」只符合顏色，不能解釋檢查視力的專業角色。""]","借代由特徵或相關事物代替本體，需用上下文確認。","[""白衣天使"",""醫護人員""]","","","","","","","","","","","","","","",""
"CHI-0078","國文","原創會考程度練習","","","九年級上","修辭","象徵","進階","單題選擇","小說中反覆出現的破傘，總在主角遭遇挫折時被修補，後來傘面雖舊卻完整。依上下文，破傘最可能象徵？","主角不願改變的固執","家庭經濟突然改善","雨季即將結束","經歷修補後仍持續生活的韌性","3","經歷修補後仍持續生活的韌性","","破傘在挫折後被反覆修補，最後仍完整，與主角承受挫折、持續前行相呼應，較可能象徵韌性。其餘選項沒有題幹線索支持。 因此答案為 D「經歷修補後仍持續生活的韌性」。","[""注意物件反覆出現的情境：受損、修補、仍然完整。"",""答案D把物件變化與主角可能的生命經驗連結。"",""「家庭經濟突然改善」題幹沒有任何直接線索，屬無根推測。""]","象徵解讀須由反覆出現的細節和情節變化支持。","[""破傘"",""修補""]","","","","","","","","","","","","","","",""
"CHI-0079","國文","原創會考程度練習","","","七年級上","閱讀理解","主旨判斷","基礎","單題選擇","校園公告：「本週五進行操場跑道保養，請各班改至體育館上課。」公告主要目的為？","說明場地調整及原因","招募跑步比賽選手","通知取消所有體育課","介紹跑道施工方法","0","說明場地調整及原因","","公告說明跑道保養及改用體育館，目的在告知場地調整和原因。B、D未提及；C把改地點誤解成取消課程。 因此答案為 A「說明場地調整及原因」。","[""讀出原因「跑道保養」和處置「改至體育館」。"",""答案A包含公告的原因與安排。"",""「取消所有體育課」與公告仍安排體育館上課不符。""]","公告主旨通常由原因和要求行動共同構成。","[""操場"",""體育館""]","","","","","","","","","","","","","","",""
"CHI-0080","國文","原創會考程度練習","","","七年級下","閱讀理解","訊息擷取","基礎","單題選擇","小鎮新設自行車道後，週末騎車人數增加，但商店營業額是否上升仍未調查。下列何者符合資料？","所有商店營業額都提高","小鎮居民都不再開車","設置後觀察到週末騎車人數增加","自行車道必定造成塞車","2","設置後觀察到週末騎車人數增加","","題幹直接提供自行車道設置後週末騎車人數增加，C 準確重述已知資訊。商店營業額尚未調查，不能說所有商店都提高；居民是否改開車及是否塞車也沒有資料。因此答案為 C「設置後觀察到週末騎車人數增加」。","[""把題幹分成已知與未知：騎車人數增加是已知，營業額變化尚未調查。"",""答案C只重述觀察到的騎乘人數變化，不額外主張因果。"",""A把未調查的營業額說成所有商店都提高，超出題目資訊。""]","資料題先分辨直接陳述和因果推論，避免把時間先後當成因果證明。","[""自行車道"",""週末騎車人數""]","","","","","","","","","","","","","","",""
"CHI-0081","國文","原創會考程度練習","","","八年級上","閱讀理解","觀點判斷","中等","單題選擇","作者寫道：「公園裡的長椅不只是休息處，也讓不同年齡的人有機會短暫交談。」最接近作者觀點的是？","公園只適合年長者使用","長椅應全部改成運動器材","公共空間能促進日常交流","交談會妨礙公園功能","2","公共空間能促進日常交流","","作者指出長椅讓不同年齡者短暫交流，支持公共空間促進互動。其他選項限制使用者或與作者正面肯定的內容相反。 因此答案為 C「公共空間能促進日常交流」。","[""找出作者對長椅新增的功能：促成不同年齡者交談。"",""答案C概括公共空間帶來日常交流。"",""「交談會妨礙公園功能」與作者把交談視為功能的說法相反。""]","觀點題需概括作者明示的評價，不要擴張成排他規則。","[""長椅"",""交流""]","","","","","","","","","","","","","","",""
"CHI-0082","國文","原創會考程度練習","","","八年級下","閱讀理解","語意推論","中等","單題選擇","「她把沒寄出的信收進抽屜，並沒有撕掉；多年後整理房間時，仍停下來讀了一遍。」最合理的推論是？","這封信對她仍有情感意義","她已忘記信的內容","她打算立刻寄出這封信","抽屜是她唯一的收藏處","0","這封信對她仍有情感意義","","信未被丟棄，多年後仍停下閱讀，合理推知它對她仍有情感意義。B與仍閱讀矛盾；C、D都缺少證據。 因此答案為 A「這封信對她仍有情感意義」。","[""注意她保留信件並多年後再次閱讀。"",""答案A是由兩個行為共同支持的情感推論。"",""「打算立刻寄出」沒有信件內容或寄送行動支持。""]","文學推論可合理延伸，但不可替角色補上未出現的計畫。","[""沒寄出的信"",""抽屜""]","","","","","","","","","","","","","","",""
"CHI-0083","國文","原創會考程度練習","","","九年級上","閱讀理解","論證判斷","進階","單題選擇","某文主張「學校應延長圖書館開放時間」，理由是「許多學生放學後需要安靜自習」。若要判斷此主張是否可行，最需補充哪項資料？","學生最喜歡的小說類型","校園樹木的數量","放學後圖書館使用人數及人力、經費安排","圖書館牆面顏色","2","放學後圖書館使用人數及人力、經費安排","","需求與執行條件都關係到延長開放的可行性，應調查使用人數及人力、經費。其他選項與開放時間決策關聯不足。 因此答案為 C「放學後圖書館使用人數及人力、經費安排」。","[""區分主張的兩面：是否有需求、是否能執行。"",""答案C同時補充使用需求及資源條件。"",""「學生最喜歡的小說類型」不會回答延長開館是否可行。""]","評估政策主張須檢查需求證據與執行成本。","[""圖書館"",""開放時間""]","","","","","","","","","","","","","","",""
"CHI-0084","國文","原創會考程度練習","","","七年級上","文言文","文言詞義","基礎","單題選擇","文言句：「溫故而知新，可以為師矣。」句中的「故」是指？","故意","事故","死亡","舊知識","3","舊知識","","「溫故知新」指溫習已學過的舊知識，進而理解新內容，因此「故」是舊知識。","[""把「溫故」理解為溫習什麼。"",""答案「舊知識」與「知新」形成新舊對照。"",""「故意」是副詞義，無法與「溫」構成此句意思。""]","古今同形字要依固定句式和對偶線索辨義。","[""溫故知新"",""舊知識""]","","","","","","","","","","","","","","",""
"CHI-0085","國文","原創會考程度練習","","","七年級下","文言文","文意理解","基礎","單題選擇","「己所不欲，勿施於人。」最接近的白話意思是？","自己喜歡的事，要求大家都接受","自己不喜歡的事，不要加在別人身上","只要別人不反對，就可以任意行事","遇到不喜歡的事，應立刻離開","1","自己不喜歡的事，不要加在別人身上","","「所不欲」是自己不願意的事；「勿施於人」是不要施加給他人，B完整對應。因此答案為 B「自己不喜歡的事，不要加在別人身上」。","[""拆解「己」「不欲」「勿施於人」三部分。"",""答案B保留自己與他人兩方及禁止施加的意思。"",""「自己喜歡的事要求大家接受」把不欲顛倒為喜歡。""]","翻譯格言需對應否定詞和行為對象。","[""不欲"",""施""]","","","","","","","","","","","","","","",""
"CHI-0086","國文","原創會考程度練習","","","八年級上","文言文","人物推論","中等","單題選擇","短文：「陶淵明不為五斗米折腰，遂辭官歸田。」由此可推知他最重視？","個人操守與生活選擇","官位升遷","追求財富累積","在官場建立人脈","0","個人操守與生活選擇","","不願為俸祿屈身而辭官，顯示他重視操守並選擇歸田生活。其他選項與辭官原因相反或無材料支持。 因此答案為 A「個人操守與生活選擇」。","[""抓住「不為五斗米折腰」與「辭官歸田」兩個線索。"",""答案A概括不因俸祿放棄操守，並選擇自己的生活。"",""「官位升遷」與主動辭官的行為不合。""]","人物價值判斷要由選擇與行動推論。","[""五斗米"",""歸田""]","","","","","","","","","","","","","","",""
"CHI-0087","國文","原創會考程度練習","","","九年級上","文言文","文言句意","進階","單題選擇","「敏而好學，不恥下問。」最適合解釋為？","聰敏而喜歡學習，不以向地位較低的人請教為羞恥","聰敏的人不必學習，也不需要詢問","學習時只應向地位高的人發問","不懂裝懂可以避免被人看輕","0","聰敏而喜歡學習，不以向地位較低的人請教為羞恥","","「敏而好學」是聰敏且好學；「不恥下問」是不以向不如自己或地位較低者請教為可恥。A完整保留兩部分。 因此答案為 A「聰敏而喜歡學習，不以向地位較低的人請教為羞恥」。","[""分成「敏而好學」和「不恥下問」兩層。"",""答案A逐層翻譯，沒有把謙問對象限縮。"",""「只應向地位高的人發問」與不恥下問的精神相反。""]","長句翻譯要分小句核對，不要只翻最後一個熟語。","[""敏"",""下問""]","","","","","","","","","","","","","","",""
"CHI-0088","國文","原創會考程度練習","","","七年級上","文言文","文言實詞","基礎","單題選擇","「學而時習之」的「時」意思是？","時間","當時的人","時常改變","按時、不時地","3","按時、不時地","","「時習」指按時溫習，故選 D。A指抽象時間；B指當時的人，C指時常改變，都不能和「習之」構成合適句意。","[""將「時」放回動詞「習」前理解。"",""答案「按時、不時地」說明溫習的頻率。"",""「當時的人」是把時誤作名詞，與句法不合。""]","文言詞義需兼顧詞性及它修飾的動作。","[""時習"",""溫習""]","","","","","","","","","","","","","","",""
"CHI-0089","國文","原創會考程度練習","","","八年級下","文言文","文言句意","中等","單題選擇","「三人行，必有我師焉。」最適當的解釋是？","三個人一起走路必須由我帶隊","只有三人同行時才能拜師","幾個人同行，其中一定有人有值得我學習之處","老師必須陪學生走路","2","幾個人同行，其中一定有人有值得我學習之處","","「行」可指相處或同行；「有我師焉」指其中有值得學習的人，C符合。其他選項把師解作正式教師或把句子當作行路規定。","[""理解「師」在此可指可學習的人。"",""答案C說明在人群中觀察並學習他人長處。"",""「必須由我帶隊」原句沒有任何領隊含義；答案為 C。""]","格言翻譯須辨明比喻性或引申義，不宜拘泥字面情境。","[""三人行"",""師""]","","","","","","","","","","","","","","",""
"CHI-0090","國文","原創會考程度練習","","","九年級上","文言文","文言語氣","進階","單題選擇","「人不知而不慍，不亦君子乎？」句末「不亦……乎」主要表示？","命令語氣","假設語氣","反問語氣","推測語氣","2","反問語氣","","「不亦君子乎」以反問方式肯定不因他人不理解而生氣的人具有君子風範，屬反問。","[""觀察句式是否要求對方照做或提供條件。"",""答案「反問語氣」符合「不亦……乎」的問中帶肯定。"",""「命令語氣」需要要求行動，句中沒有命令對象。""]","文言句末語氣詞可協助判斷陳述、疑問、反問或感嘆。","[""不慍"",""君子""]","","","","","","","","","","","","","","",""
"CHI-0091","國文","原創會考程度練習","","","七年級上","閱讀理解","主旨判斷","基礎","單題選擇","「社區菜園不只提供蔬菜，也讓居民一起照料土地、分享收成。」主旨最接近？","社區菜園兼具生產與凝聚居民的功能","種菜一定比購買便宜","居民都必須參加園藝活動","土地只適合種蔬菜","0","社區菜園兼具生產與凝聚居民的功能","","文字明說提供蔬菜及居民共同照料、分享，A兼顧兩項功能。其他選項加入價格、強制參與或土地用途等未提內容。 因此答案為 A「社區菜園兼具生產與凝聚居民的功能」。","[""找出「不只……也……」連接的兩個功能。"",""答案A完整涵蓋生產蔬菜及居民互動。"",""「居民都必須參加」把共同活動擴大成強制規定，文本沒有這樣說。""]","主旨需涵蓋主要訊息，並避免加上文中沒有的絕對詞。","[""社區菜園"",""分享收成""]","","","","","","","","","","","","","","",""
"CHI-0092","國文","原創會考程度練習","","","七年級下","閱讀理解","訊息整合","基礎","單題選擇","活動規則：報名者須年滿十二歲；每隊三人；需於六月十日前完成線上報名。下列哪隊符合規定？","四人，皆十三歲，六月八日報名","三人，其中一人十一歲，六月九日報名","三人，隊員皆十二歲以上，六月八日完成報名","三人皆十二歲，六月十一日報名","2","三人，隊員皆十二歲以上，六月八日完成報名","","C符合年齡、隊伍人數與期限三條規定。A有四人，超過三人；B人數超過且有未滿十二歲者；D逾期。","[""把三項條件列出：年滿十二歲、三人一隊、六月十日前報名。"",""答案C同時符合三項。"",""D雖人數與年齡合格，但六月十一日已超過期限；答案為 C。""]","多條件題逐一打勾，任一條不符就不能選。","[""年滿十二歲"",""六月十日""]","","","","","","","","","","","","","","",""
"CHI-0093","國文","原創會考程度練習","","","八年級上","閱讀理解","推論限制","中等","單題選擇","研究記錄：參加晨讀的班級平均閱讀測驗分數較高，但研究未控制原有閱讀能力。哪項說法最謹慎？","晨讀一定使每位學生進步","晨讀可能與較高分數相關，但不能據此確認晨讀造成進步","原有能力完全不影響測驗","所有高分班級都參加晨讀","1","晨讀可能與較高分數相關，但不能據此確認晨讀造成進步","","資料顯示相關，但未控制原有能力，無法確認因果。B保留相關與因果限制；A、C、D均超出證據。因此答案為 B「晨讀可能與較高分數相關，但不能據此確認晨讀造成進步」。","[""辨認研究比較的是班級平均分數，且未控制原有能力。"",""答案B只說可能相關，沒有把相關當成因果。"",""「晨讀一定使每位學生進步」把平均差異擴大成個人必然效果。""]","閱讀研究資料時留意控制變項及群體平均的限制。","[""晨讀"",""原有閱讀能力""]","","","","","","","","","","","","","","",""
"CHI-0094","國文","原創會考程度練習","","","八年級下","閱讀理解","因果辨析","中等","單題選擇","「因為施工封路，公車改走另一條街；因此原站暫停停靠。」句中的「因此」連接何種關係？","選擇","轉折","並列","因果","3","因果","","封路是原因，公車改道、原站停靠調整是結果，「因此」標示因果。","[""找出前句原因「施工封路」及後句結果。"",""答案「因果」符合因此引出結果的功能。"",""「轉折」需前後意思相反或不如預期，句中沒有此關係。""]","用關聯詞連同前後事件判斷邏輯關係。","[""施工封路"",""改道""]","","","","","","","","","","","","","","",""
"CHI-0095","國文","原創會考程度練習","","","九年級上","閱讀理解","立場比較","進階","單題選擇","甲文認為城市應增加步行空間；乙文提醒商家卸貨也需保留通道。兩文最可能的共同立場是？","商業活動應完全停止","城市規劃須兼顧不同使用需求","行人不應進入市區","卸貨需求永遠優先於行人","1","城市規劃須兼顧不同使用需求","","甲重視行人，乙提出卸貨需求，兩文可共同支持規劃兼顧不同使用者。A、C、D都把其中一方絕對化，材料不支持。 因此答案為 B「城市規劃須兼顧不同使用需求」。","[""分別找出甲、乙重視的使用者需求。"",""答案B能同時容納步行與卸貨通道。"",""「卸貨需求永遠優先」把乙的提醒誇大成無條件優先。""]","比較兩文共同點時找交集，不要用一方立場覆蓋另一方。","[""步行空間"",""卸貨通道""]","","","","","","","","","","","","","","",""
"CHI-0096","國文","原創會考程度練習","","","七年級上","閱讀理解","段意判斷","基礎","單題選擇","一段文字寫學生把廢紙分類、將可用紙張留作草稿，並將其餘紙類交回收。段落重點是？","增加購買新紙的數量","落實紙張分類與再利用","比較不同紙張的價格","介紹造紙工廠設備","1","落實紙張分類與再利用","","分類、再利用與回收都指向減少紙張浪費，B「落實紙張分類與再利用」概括段意，因此答案為 B。A主張增加購買新紙，與減少浪費的行動相反；C、D也都不是段落提到的內容。","[""將三個動作歸納：分類、留作草稿、回收。"",""答案B涵蓋分類和再利用兩個主要作法。"",""「比較價格」不是段落提到的行動或目的。""]","段意題將例子歸納成共同目的，避免只抄其中一項細節。","[""廢紙"",""回收""]","","","","","","","","","","","","","","",""
"CHI-0097","國文","原創會考程度練習","","","七年級下","閱讀理解","語意推論","基礎","單題選擇","「他把鬧鐘放在房間另一端，早晨鬧鐘響時，便不容易按掉後繼續睡。」可推知他這麼做的目的？","讓鬧鐘聲音變小","避免晚上入睡","增加起床時必須起身的機會","確認房間大小","2","增加起床時必須起身的機會","","鬧鐘放遠使他必須起身關閉，降低按掉後繼續睡的可能，C符合。其他選項無題幹線索。","[""將放遠鬧鐘與不容易繼續睡連起來。"",""答案C說明這個安排增加起身動作。"",""「讓鬧鐘聲音變小」與放置距離可能相關，但題幹明示目的是不再睡回去；答案為 C。""]","推論目的以題幹明確結果為中心，不要引入旁枝效果。","[""鬧鐘"",""起身""]","","","","","","","","","","","","","","",""
"CHI-0098","國文","原創會考程度練習","","","八年級上","閱讀理解","觀點判斷","中等","單題選擇","作者說：「我不反對競賽，但若只用名次衡量學習，合作與嘗試也會被忽略。」作者最可能支持？","取消所有競賽","保留競賽，同時重視學習過程","名次是唯一公平標準","合作會降低學習價值","1","保留競賽，同時重視學習過程","","作者不反對競賽，但反對只看名次，故支持兼顧競賽與過程。A、C、D都與限定語或主張相反。 因此答案為 B「保留競賽，同時重視學習過程」。","[""注意作者的讓步「不反對競賽」及轉折「但若只用名次」。"",""答案B保留兩個層面：競賽可存在，評量不應只有名次。"",""「取消所有競賽」忽略作者明說不反對競賽。""]","立場題要保留讓步和轉折兩側，勿把作者說成極端立場。","[""競賽"",""合作""]","","","","","","","","","","","","","","",""
"CHI-0099","國文","原創會考程度練習","","","八年級下","閱讀理解","因果推論","中等","單題選擇","某地試辦垃圾按量計費後，一般垃圾量減少，可回收物增加。下列推論何者最合理？","制度可能促使居民增加分類","居民從此不再製造垃圾","所有回收物都能再製成新品","垃圾減少證明人口下降","0","制度可能促使居民增加分類","","一般垃圾下降、回收物增加，可能表示分類增加。其他結論涉及完全不產生垃圾、回收去向或人口變動，資料未提供。 因此答案為 A「制度可能促使居民增加分類」。","[""比較兩項變化方向：一般垃圾減少、回收物增加。"",""答案A是最貼近觀察資料的可能解釋。"",""「居民不再製造垃圾」把減少說成歸零，過度推論。""]","使用「可能」表達與資料相稱的推論強度。","[""按量計費"",""回收物""]","","","","","","","","","","","","","","",""
"CHI-0100","國文","原創會考程度練習","","","九年級上","閱讀理解","論點與證據","進階","單題選擇","文章主張「校園應設雨水回收桶」，證據只有「一位老師覺得有用」。最適合補強的證據是？","統計校園用水量、降雨量及回收水可替代用途","列出老師任教年資","描寫雨水的顏色","訪問學生最喜歡的季節","0","統計校園用水量、降雨量及回收水可替代用途","","主張涉及實用性與節水效益，需用用水量、降雨量及替代用途等直接資料支持。其他選項關聯不足。 因此答案為 A「統計校園用水量、降雨量及回收水可替代用途」。","[""明確主張是設置回收桶，需證明水源與用途可行。"",""答案A提供與效益及實務條件直接相關的資料。"",""「最喜歡的季節」不能證明回收桶能否節水或實際使用。""]","證據要直接支持主張的效益、需求或可行性。","[""雨水回收"",""用水量""]","","","","","","","","","","","","","","",""
"CHI-0101","國文","原創會考程度練習","","","九年級上","成語","成語語境判讀","中等","單題選擇","社區整理老照片時，阿哲只憑一張褪色的合照，就斷定當年的居民彼此不相往來；查閱日記後才發現，他們常互相照應。阿哲最初的判斷犯了哪種錯誤？","見微知著","實事求是","以偏概全","未雨綢繆","2","以偏概全","","阿哲只根據一張照片便推論整個社區的交往情形，是以有限個別例子概括全部，故選「以偏概全」。見微知著是由細節推知整體趨勢；實事求是是依據事實；未雨綢繆是事先準備。","[""先找阿哲的證據：只有一張褪色合照。"",""再對照他的結論：他據此判定所有居民都不往來，證據範圍不足以支持全面結論。"",""答案是「以偏概全」；「見微知著」雖也從小處推知大處，但須有可支持推論的代表性線索，不能把偶然的一張照片當成全貌。""]","請學生圈出推論依據與結論範圍，比較兩者大小，辨認以少數例子概括整體的問題。","[""見微知著"",""實事求是""]","","","","","","","","","","","","","","",""
"CHI-0102","國文","原創會考程度練習","","","八年級上","閱讀理解","語句含意與語境推論","中等","單題選擇","校刊訪問一位退休木匠，他談起年輕時的工法，卻沒有人追問近年材料與工具的變化。編輯提醒：「不要只聽老人言。」這句話最可能是在提醒大家？","年長者的說法一概不可信","只要採用新工具就一定成功","經驗值得參考，也要留意情勢變化","傳統技藝沒有保存的價值","2","經驗值得參考，也要留意情勢變化","","題幹指出受訪者的舊經驗有價值，但材料與工具已可能改變，因此提醒不能只依循過去，也要考察新情況。答案C「經驗值得參考，也要留意情勢變化」保留兩面；A「年長者的說法一概不可信」全盤否定經驗；B「只要採用新工具就一定成功」把更新工具誇大為成功保證；D「傳統技藝沒有保存的價值」是材料未支持的結論。","[""找出提醒的背景：訪談只談舊工法，沒有追問材料和工具的近年變化。"",""答案C表示參考經驗時仍須檢視當前條件，符合上下文。"",""「年長者的說法一概不可信」把不要只聽擴大成完全不聽，忽略了經驗仍可參考。""]","教學生留意「只、都、一定」等範圍詞，將俗諺放回前後文，避免把提醒讀成絕對否定。","[""因時制宜"",""經驗""]","","","","","","","","","","","","","","",""
"CHI-0103","國文","原創會考程度練習","","","九年級上","成語","成語運用","進階","單題選擇","校隊決賽前，隊長發現自己的戰術安排有漏洞，便立即承認並和隊友修正。下列哪句最適合描述隊長的態度？","他文過飾非，努力遮掩安排的漏洞","他剛愎自用，拒絕任何不同意見","他沽名釣譽，只在意別人稱讚","他聞過則喜，願意聽取提醒並改正","3","他聞過則喜，願意聽取提醒並改正","","隊長能承認疏失並接受修正，答案D「他聞過則喜，願意聽取提醒並改正」符合樂於接受批評、改正過失。A「他文過飾非，努力遮掩安排的漏洞」是掩飾錯誤；B「他剛愎自用，拒絕任何不同意見」是固執己見；C「他沽名釣譽，只在意別人稱讚」是刻意博取名聲，皆與題幹行為不符。","[""辨認隊長面對錯誤的反應：承認漏洞並與隊友修正。"",""答案「聞過則喜」著重聽到批評後樂於改過，與這項反應相合。"",""「文過飾非」是掩蓋過錯，行為方向與公開承認並修正正好相反。""]","比較成語時先看人物對錯誤的反應，再區分接受批評、掩飾過錯與固執不改。","[""文過飾非"",""改過""]","","","","","","","","","","","","","","",""
"CHI-0104","國文","原創會考程度練習","","","八年級下","成語","成語語境判讀","中等","單題選擇","山區道路中斷後，居民共同搬運物資、輪流照顧長者，直到聯外道路修復。最能概括居民行動的是？","守望相助","隔岸觀火","各自為政","坐享其成","0","守望相助","","居民在共同困難中互相照應、提供協助，符合「守望相助」。各自為政是各按自己的方式行事；隔岸觀火是旁觀他人困境；坐享其成是自己不出力而享受成果。","[""找出居民的行動：搬運物資並輪流照顧長者。"",""答案「守望相助」概括彼此照應、共同協助的關係。"",""「隔岸觀火」指置身事外旁觀，與居民實際投入救援不符。""]","讓學生從人物間的互動判斷成語，區分合作互助、各行其是和冷眼旁觀。","[""同舟共濟"",""互助""]","","","","","","","","","","","","","","",""
"CHI-0105","國文","原創會考程度練習","","","七年級下","成語","成語語境判讀","基礎","單題選擇","導覽員介紹古橋時，只說它「很古老、很漂亮」，沒有交代建造年代、結構特色或修復過程。這段介紹最明顯的不足是？","言簡意賅","滔滔不絕","言之無物","口若懸河","2","言之無物","","介紹只有空泛形容，缺乏具體內容，符合「言之無物」。滔滔不絕和口若懸河形容說話流暢或連續；言簡意賅則是簡短而切中要點，不是內容空泛。","[""檢查介紹提供了哪些可核實的資訊：沒有年代、結構或修復細節。"",""答案「言之無物」指出話語缺乏實質內容。"",""「言簡意賅」雖然也可能很短，但仍須切中要點；題幹的問題在於沒有具體訊息。""]","辨析談話類成語時，同時檢查篇幅、流暢度和內容是否充實，避免只以長短判斷。","[""言簡意賅"",""空泛""]","","","","","","","","","","","","","","",""
"CHI-0106","國文","原創會考程度練習","","","九年級下","字音","多音字辨讀","進階","單題選擇","下列各組「和」的讀音說明，何者正確？","和（ㄏㄜˊ）平／和（ㄏㄨㄛˋ）麵","和（ㄏㄨㄛˋ）平／和（ㄏㄜˊ）麵","和（ㄏㄜˊ）平／和（ㄏㄜˊ）麵","和（ㄏㄨㄛˋ）平／和（ㄏㄨㄛˋ）麵","0","和（ㄏㄜˊ）平／和（ㄏㄨㄛˋ）麵","","「和平」的和讀ㄏㄜˊ；「和麵」的和讀ㄏㄨㄛˋ，指把粉料加水調勻。答案A「和（ㄏㄜˊ）平／和（ㄏㄨㄛˋ）麵」兩處正確。B「和（ㄏㄨㄛˋ）平／和（ㄏㄜˊ）麵」把兩音對調；C「和（ㄏㄜˊ）平／和（ㄏㄜˊ）麵」把和麵誤讀ㄏㄜˊ；D「和（ㄏㄨㄛˋ）平／和（ㄏㄨㄛˋ）麵」把和平誤讀ㄏㄨㄛˋ。","[""先依詞義判讀：「和平」表示和諧、沒有戰爭。"",""「和麵」表示加水揉合麵粉，讀音不同，因此答案A正確。"",""C把「和麵」讀成ㄏㄜˊ，忽略同一字會因詞義改變讀音。""]","多音字練習請學生先說出詞義，再標音；可用「和平、和麵、和稀泥」比較讀音。","[""和麵"",""和平""]","","","","","","","","","","","","","","",""
"CHI-0107","國文","原創會考程度練習","","","八年級上","字音","易混字音辨讀","中等","單題選擇","下列括號內的注音，何者完全正確？","粗獷（ㄎㄨㄤˇ）","徜徉（ㄔㄤˊ）","惆悵（ㄔㄤˊ）","險峻（ㄐㄩㄣˇ）","1","徜徉（ㄔㄤˊ）","","B「徜徉（ㄔㄤˊ）」標音正確。A「粗獷」的獷讀ㄍㄨㄤˇ；C「惆悵」的悵讀ㄔㄤˋ；D「險峻」的峻讀ㄐㄩㄣˋ，因此只有 B 無誤。","[""逐項把注音放回完整詞語核對，而非只依字形猜讀音。"",""「徜徉」讀ㄔㄤˊ ㄧㄤˊ，故B標音正確。"",""「惆悵」的悵是ㄔㄤˋ，不是ㄔㄤˊ；C是容易混淆聲調的錯項。""]","安排易混字音時請學生朗讀整個詞，特別核對聲調，不要只辨聲母和韻母。","[""粗獷"",""惆悵"",""險峻""]","","","","","","","","","","","","","","",""
"CHI-0108","國文","原創會考程度練習","","","七年級上","字形","形近字辨析","基礎","單題選擇","校刊編輯校對稿件時，發現作者寫道：「颱風過後，山區道路仍有坍塌的危險。」其中「坍塌」的字形何者正確？","坦塌","坍蹋","坍塌","坦蹋","2","坍塌","","表示地面或建物崩落時，寫作「坍塌」，答案C正確。A「坦塌」把坍誤寫成坦；B「坍蹋」把塌誤寫成蹋；D「坦蹋」兩字都誤。讀音相近不代表字形相同。","[""先依句意確認要表達的是崩落、陷落。"",""符合這個意思的固定寫法是「坍塌」，答案C。"",""「蹋」常見於踐踏義，不能替代「塌」表示崩落。""]","請學生用部首和詞義記字：「土」旁的坍塌指地面崩落，「足」旁的蹋與踩踏相關。","[""崩塌"",""踐踏""]","","","","","","","","","","","","","","",""
"CHI-0109","國文","原創會考程度練習","","","八年級下","字形","成語字形","中等","單題選擇","校隊教練在賽後勉勵隊員：「今天雖然落敗，仍要記取經驗，明天再努力。」下列成語填入空格後，哪一項用字正確？教練希望大家＿＿＿。","再接再厲","再接再勵","再接再利","再接再歷","0","再接再厲","","表示一次又一次繼續努力，固定寫作「再接再厲」，答案A正確。B「再接再勵」把厲誤作勵；C「再接再利」把厲誤作利；D「再接再歷」把厲誤作歷。這些字音近或有相似聯想，但不是成語固定字形。","[""依語境判斷教練要大家落敗後繼續努力。"",""符合意思的成語是「再接再厲」，固定用「厲」，答案A。"",""「再接再勵」看似能連結勉勵，但成語字形固定，不能依單字近義改寫。""]","成語字形請以完整詞語記憶；可讓學生造句並查核「再接再厲」的固定寫法。","[""堅持"",""努力""]","","","","","","","","","","","","","","",""
"CHI-0110","國文","原創會考程度練習","","","九年級上","詞語","近義詞辨析","進階","單題選擇","記者描述一位搜救員在瓦礫間尋找受困者：「他不顧危險，仍＿＿＿地鑽進狹窄縫隙。」下列何者最符合語境？","不遺餘力","不以為意","不知所措","奮不顧身","3","奮不顧身","","搜救員明知有危險仍挺身行動，符合「奮不顧身」，強調不顧個人安危。不遺餘力強調竭盡力量，不必然涉及冒險；不知所措是慌亂；不以為意是沒有放在心上。","[""抓住語境的關鍵限制：行動有危險，搜救員仍進入狹窄處。"",""答案「奮不顧身」直接包含不顧自身安危而行動的意思。"",""「不遺餘力」只說盡力，不能充分表達題幹特別凸顯的冒險與忘我。""]","近義成語要找題幹最具辨識度的語意特徵；此題關鍵是「危險」，不是努力程度。","[""不遺餘力"",""挺身而出""]","","","","","","","","","","","","","","",""
"CHI-0111","國文","原創會考程度練習","","","七年級下","字義","一字多義","基礎","單題選擇","「這篇報導的內容十分切要，沒有多餘的敘述。」句中的「要」意思最接近下列何者？","重要、切中核心","想要、希望","邀請、約請","約定時間","0","重要、切中核心","","「切要」指切中要點、重要而精當，因此答案A「重要、切中核心」符合句意。B「想要、希望」表示意願；C「邀請、約請」是邀約；D「約定時間」表示預先約好時刻，都不能形容報導內容切中要點。","[""將「要」放回「切要」一詞，理解它形容報導內容。"",""句意強調內容切中核心，答案A。"",""「想要」須表示意願，通常由人作主語，與此處形容內容的用法不同。""]","多義字題先判斷該字在句中的詞性，再以整個詞組替換驗證語意是否通順。","[""切要"",""扼要""]","","","","","","","","","","","","","","",""
"CHI-0112","國文","原創會考程度練習","","","八年級上","字義","詞義辨析","中等","單題選擇","「他在會議中提出折衷方案，讓兩組人都能接受。」句中的「折衷」意思是？","完全採用其中一方的主張","把方案拆成數個部分","延後決定以避免討論","調和不同意見，取得可接受的做法","3","調和不同意見，取得可接受的做法","","折衷是調和不同主張，找出雙方都能接受的方式，答案D「調和不同意見，取得可接受的做法」符合題意。A「完全採用其中一方的主張」沒有調和分歧；B「把方案拆成數個部分」是拆分；C「延後決定以避免討論」是迴避，都不是折衷。","[""注意方案的結果：兩組人都能接受。"",""答案D說明折衷是調整不同意見以形成中間做法。"",""「完全採用其中一方」沒有調和分歧，與題幹雙方接受的結果不符。""]","教學生用前後結果推回詞義，特別區分折衷、妥協、拆解與拖延。","[""調和"",""妥協""]","","","","","","","","","","","","","","",""
"CHI-0113","國文","原創會考程度練習","","","九年級下","文言文","文言實詞","進階","單題選擇","閱讀短文：「陶侃性儉，常語人曰：『大禹聖者，乃惜寸陰；至於眾人，當惜分陰。』」依文意，「惜寸陰」最接近下列何者？","愛惜日晷的器物","避免在白天外出","珍惜短暫的時間","節省生活所需的物品","2","珍惜短暫的時間","","「寸陰」比喻極短的時間，「惜寸陰」就是珍惜時間，答案C「珍惜短暫的時間」正確。A「愛惜日晷的器物」把時間比喻誤當計時工具；B「避免在白天外出」與珍惜時間無關；D「節省生活所需的物品」把「惜」的對象換成物品。","[""先看後句「眾人，當惜分陰」，可知前後都在談應珍惜的事物。"",""「寸陰、分陰」都是極短時間的比喻，因此答案C。"",""「日晷」雖可用來計時，但原句不是叫人愛惜計時器，而是珍惜時間。""]","文言閱讀遇到度量詞加時間名詞，先檢查是否為「寸陰、尺璧」一類比喻，再用上下句互證。","[""寸陰"",""分陰""]","","","","","","","","","","","","","","",""
"CHI-0114","國文","原創會考程度練習","","","七年級上","文言文","文言虛詞","基礎","單題選擇","「學而時習之，不亦說乎？」句中的「而」連接前後兩個動作，最適合解作？","轉折，表示前後意思相反","假設，表示提出條件","因果，表示前者是後者的原因","承接，連接前後相續的動作","3","承接，連接前後相續的動作","","「學」與「時習之」是相續的學習行動；本題問句間關係，「而」連接前後動作，屬承接。答案 D。A 的轉折、B 的假設及 C 的因果都不符合原句意思。","[""找出「而」連接的兩個動作：「學」與「時習之」。"",""按時溫習承接學習而發生，本題問的是前後動作的關係，不是列舉「而」的所有可能字義。"",""因此屬承接關係，選 D；轉折、假設、因果均不合原句。""]","教虛詞時讓學生先辨認前後分句的關係，再決定「而」是承接、轉折或修飾。","[""時習"",""承接""]","","","","","","","","","","","","","","",""
"CHI-0115","國文","原創會考程度練習","","","八年級下","文言文","文言句意理解","中等","單題選擇","「不入虎穴，焉得虎子。」最適合用來勉勵哪種做法？","願意承擔必要風險，才可能取得重要成果","遇到危險時應不加判斷地前進","成功主要靠等待偶然機會","只要冒險就一定能得到想要的結果","0","願意承擔必要風險，才可能取得重要成果","","這句話以進入虎穴比喻承擔必要的艱險，才有機會取得成果。答案A「願意承擔必要風險，才可能取得重要成果」保留條件關係；D「只要冒險就一定能得到想要的結果」誇大為必然成功；B「遇到危險時應不加判斷地前進」把必要行動曲解成盲目冒險；C「成功主要靠等待偶然機會」與主動行動無關。","[""將「虎穴、虎子」理解為危險處境與重要成果的比喻。"",""句意指出不願承擔必要風險，就難以取得成果，答案A。"",""「只要冒險就一定成功」把必要條件誤成充分保證，超出原句意思。""]","格言推論要辨認條件與結果，提醒學生不要把「必要」讀成「只要如此必定成功」。","[""必要條件"",""成果""]","","","","","","","","","","","","","","",""
"CHI-0116","國文","原創會考程度練習","","","九年級上","文言文","文言人物推論","進階","單題選擇","短文：「王戎七歲，嘗與諸小兒遊。看道邊李樹多子折枝，諸兒競走取之，唯戎不動。人問之，答曰：『樹在道邊而多子，此必苦李。』取之信然。」王戎不去摘李子的主要依據是？","他不喜歡與其他孩子一起玩","李樹長在路旁卻仍結滿果實，推想果實味苦","他知道樹主很快就會來阻止","他認為路旁所有果樹都不能採摘","1","李樹長在路旁卻仍結滿果實，推想果實味苦","","王戎觀察李樹在路旁且果實繁多，推想若果實甘甜早被摘取，因此判斷李子必苦；取食後果然如此。答案B「李樹長在路旁卻仍結滿果實，推想果實味苦」涵蓋觀察與推理。A「他不喜歡與其他孩子一起玩」原文沒有提及；C「他知道樹主很快就會來阻止」沒有文本線索；D「他認為路旁所有果樹都不能採摘」把單一推論擴大成普遍規則。","[""找出王戎與其他孩子的差異：他沒有跟著去摘。"",""再看他的理由：路旁李樹果多，推論果實不甜才未被摘，答案B。"",""「路旁所有果樹都不能採摘」是把他對這棵李樹的推論擴大成普遍禁令，原文沒有這項規定。""]","文言推論題請學生分列觀察、推理和驗證結果，避免把合理推論偷換成原文明說的規則。","[""折枝"",""信然""]","","","","","","","","","","","","","","",""
"CHI-0117","國文","原創會考程度練習","","","九年級下","修辭","譬喻辨識","中等","單題選擇","「那盞小燈像守夜的星星，陪我走過停電的長夜。」句中主要使用哪種修辭？","轉化","排比","譬喻","映襯","2","譬喻","","句子用「像」把小燈比作守夜的星星，以具體形象表現陪伴感，主要是譬喻。轉化是把物當人或把抽象事物具體化；排比需有三個以上相似句式；映襯則藉不同事物相互對照。","[""找出明確比喻標記「像」。"",""本體是小燈，喻體是守夜的星星，故答案為譬喻。"",""「陪我」帶有擬人意味，但句子的主要構造是以星星比喻小燈，不能因此忽略明確的譬喻關係。""]","修辭辨識先找句子主幹和比喻標記，再判斷局部擬人是否為主要修辭。","[""本體"",""喻體""]","","","","","","","","","","","","","","",""
"CHI-0118","國文","原創會考程度練習","","","七年級下","修辭","譬喻辨識","基礎","單題選擇","「風鈴在夜色裡響起，像一串清脆的銀珠落在窗前。」句中主要運用了哪種修辭？","設問","對偶","轉化","譬喻","3","譬喻","","句中以「像」把風鈴聲比作銀珠落下的清脆聲響，答案D「譬喻」。A「設問」需提出問題；B「對偶」需有字數相近、結構相稱的語句；C「轉化」則是把物寫成人或其他事物。","[""找出提示詞「像」，確認句中正在進行比喻。"",""風鈴聲被比作銀珠落下的清脆聲響，判定修辭為譬喻，答案D。"",""句中沒有把風鈴寫成會思考或訴說的人，也沒有提出問題或形成對偶。""]","請學生指出本體「風鈴聲」、喻體「銀珠落下」及兩者相似的清脆聲響。","[""擬人"",""風鈴""]","","","","","","","","","","","","","","",""
"CHI-0119","國文","原創會考程度練習","","","八年級下","修辭","譬喻辨識","中等","單題選擇","「書頁是通往遠方的船票，翻開它，我便能啟程。」句中主要運用了哪種修辭？","譬喻","借代","誇飾","頂真","0","譬喻","","句中把「書頁」比作「通往遠方的船票」，以船票呈現閱讀帶人探索世界的作用，答案A「譬喻」。B「借代」以相關事物代替本體；C「誇飾」刻意放大或縮小事實；D「頂真」需前句末尾接下句開頭，本句均不符合。","[""找出被描述的本體「書頁」及用來說明它的「船票」。"",""書頁並非真的船票，而是借船票比喻閱讀帶人前往遠方，答案為譬喻。"",""句中沒有以相關事物代替書頁，也沒有誇大的數量或首尾相接的語句。""]","辨認譬喻時指出本體、喻體及兩者相似之處，並留意「像、如、彷彿」等提示詞。","[""分句"",""句式""]","","","","","","","","","","","","","","",""
"CHI-0120","國文","原創會考程度練習","","","九年級上","修辭","誇飾辨識","進階","單題選擇","「那封信抵達時，我等了整整一個世紀。」句中主要運用了哪種修辭？","譬喻","誇飾","映襯","排比","1","誇飾","","等待時間不可能真的長達一個世紀，作者刻意誇大等待的漫長，答案B「誇飾」。A「譬喻」要以另一事物比擬；C「映襯」要並置相對或相反景象；D「排比」要排列結構相似的語句，本句均非主要手法。","[""判斷「整整一個世紀」是否能按字面理解。"",""等一封信不可能真的等一百年，這是刻意放大等待時間以強調心情，答案為誇飾。"",""句中沒有相對景象並列、相似句式排列，也沒有本體與喻體的比擬。""]","判斷誇飾時要說明語句超出客觀事實之處，以及誇大後強調的情緒或效果。","[""誇大"",""等待""]","","","","","","","","","","","","","","",""
"CHI-0121","國文","原創會考程度練習","","","七年級上","閱讀理解","訊息整合","基礎","單題選擇","校史室公告：週二至週五開放時間為九時至十六時；週六僅接受預約團體；週日、週一休館。小安一行四人沒有預約，星期六下午想入館，應如何安排？","改在週二至週五的開放時段前往","星期六直接到場即可入館","星期一上午前往","星期日中午前往","0","改在週二至週五的開放時段前往","","週六只接待預約團體，小安一行未預約，不能直接前往；週日、週一休館。答案A「改在週二至週五的開放時段前往」符合九時至十六時開放條件。B「星期六直接到場即可入館」忽略預約要求；C「星期一上午前往」與D「星期日中午前往」都是休館日。","[""先確認星期六的規定：只接受預約團體。"",""小安一行沒有預約，故星期六不符合入館條件；週日、週一也休館。"",""答案A提供週二至週五九時至十六時的可行時段。""]","多條件公告題請學生先排除休館日，再核對預約、身分和時間限制。","[""開放時段"",""預約""]","","","","","","","","","","","","","","",""
"CHI-0122","國文","原創會考程度練習","","","八年級上","閱讀理解","圖表判讀","中等","單題選擇","班級記錄顯示：四月借書總冊數比三月增加，但登記借書的學生人數減少。依這兩項資料，哪個結論最合理？","全班每位學生都比三月多借一本","借書人數減少造成總冊數增加","每位借書學生平均借閱冊數必定增加","四月每位學生都曾到圖書館","2","每位借書學生平均借閱冊數必定增加","","在相同班級與統計口徑下，平均每位借書者冊數＝總冊數÷借書人數。四月總冊數增加且借書人數減少，因此平均值必定增加，答案 C。這不表示每一位學生個別都多借；也不能說人數減少造成總冊數增加。","[""比較兩項數據：借書總冊數增加，借書人數減少。"",""平均每位借書者冊數＝總冊數÷借書人數；分子增加、正分母減少，平均值必定增加，答案 C。"",""「每位借書學生都多借一本」需要個人資料，總量變化不能證明每個人的變化。""]","讀統計資料時先分清總量、比例和個人分布，提醒學生不要把平均趨勢套用到每一個人。","[""總量"",""平均""]","","","","","","","","","","","","","","",""
"CHI-0123","國文","原創會考程度練習","","","九年級下","閱讀理解","因果推論限制","進階","單題選擇","某校調查發現，常參加社團的學生缺課率較低；調查沒有記錄學生的健康狀況與家庭支持。哪項結論最符合資料限制？","社團活動一定能降低每位學生的缺課次數","健康狀況和家庭支持不會影響缺課","參加社團與較低缺課率有關，但不能確認社團活動造成差異","只要缺課率低，學生就會參加社團","2","參加社團與較低缺課率有關，但不能確認社團活動造成差異","","調查呈現社團參與與缺課率的關聯，但未控制健康和家庭支持等因素，不能確認因果。答案C「參加社團與較低缺課率有關，但不能確認社團活動造成差異」保留資料所見與限制。A「社團活動一定能降低每位學生的缺課次數」把相關說成必然因果；B「健康狀況和家庭支持不會影響缺課」與未控制這些因素的資訊矛盾；D「只要缺課率低，學生就會參加社團」倒置因果且無證據。","[""分辨調查直接觀察到的結果：常參加社團者缺課率較低。"",""健康狀況和家庭支持未被記錄，可能同時影響社團參與與缺課，因此答案C最謹慎。"",""「社團活動一定能降低」把相關直接當成因果，超出研究資料。""]","閱讀調查結論時標出未控制的變項，練習把「相關」和「造成」分開表述。","[""相關"",""因果""]","","","","","","","","","","","","","","",""
"CHI-0124","國文","原創會考程度練習","","","八年級下","閱讀理解","觀點比較","中等","單題選擇","甲文認為校園午休應保持安靜，讓需要休息的人不受干擾；乙文主張保留一處可交談的公共空間，避免學生只能待在教室。兩文最可能共同支持哪種安排？","所有校園空間都禁止交談","規劃安靜休息區與可交談空間","午休期間全面開放聊天","只讓需要睡眠的學生使用校園","1","規劃安靜休息區與可交談空間","","甲重視安靜休息，乙重視交談空間，兩者可共同支持依不同需求規劃區域，答案B「規劃安靜休息區與可交談空間」。A「所有校園空間都禁止交談」只採納甲文並排除乙文；C「午休期間全面開放聊天」只採納乙文而忽略休息需求；D「只讓需要睡眠的學生使用校園」是材料未提的限制。","[""分別找出甲文與乙文重視的需求：安靜休息、適度交談。"",""答案B同時保留兩種需求，形成兩文立場的交集。"",""「所有空間都禁止交談」只符合甲文的一部分，排除了乙文明確提出的公共空間。""]","比較立場時讓學生各用一句話摘要兩文，再找能同時涵蓋兩方的方案。","[""立場"",""需求""]","","","","","","","","","","","","","","",""
"CHI-0125","國文","原創會考程度練習","","","九年級上","閱讀理解","論點與證據","進階","單題選擇","學生提案主張「圖書館應延長開放時間」，理由是「放學後有不少學生需要自習」。若要判斷方案是否可行，最有助於補充哪項資料？","學生最常借閱的小說封面顏色","圖書館建築落成的年份","學生最喜歡哪一種校園植物","放學後實際使用人數，以及延長開放所需的人力與經費","3","放學後實際使用人數，以及延長開放所需的人力與經費","","提案同時涉及是否有實際需求，以及學校是否具備執行條件。答案D「放學後實際使用人數，以及延長開放所需的人力與經費」能評估需求和可行性。A「學生最常借閱的小說封面顏色」與開放時段無關；B「圖書館建築落成的年份」不能直接說明目前需求或營運條件；C「學生最喜歡哪一種校園植物」也與提案無關。","[""把提案拆成兩個待證明問題：放學後是否有人使用、是否有資源延長開放。"",""答案D同時提供需求規模及人力、經費等執行條件。"",""「建築落成年份」或植物偏好無法直接回答使用需求與營運成本。""]","評估政策提案時，帶學生分別找需求證據和執行條件，避免用有趣但無關的資訊代替證據。","[""需求"",""可行性""]","","","","","","","","","","","","","","",""
"CHI-0126","國文","原創會考程度練習","","","九年級上","成語","成語語境判讀","進階","單題選擇","社區修補屋頂後，居民把這次漏水的原因記錄下來，並趁晴天補強其他屋頂，以免再受損。這種做法最能用哪個成語概括？","亡羊補牢","畫蛇添足","刻舟求劍","未雨綢繆","3","未雨綢繆","","答案是「未雨綢繆」：事情尚未發生前就先準備，以降低將來受災的可能。「亡羊補牢」是在損失發生後補救；其餘兩項分別指拘泥不變與多此一舉。","[""先看時間先後：居民是在晴天、尚未再漏水前補強。"",""這是預先防範，符合「未雨綢繆」的意思。"",""若已經漏水才修補，才更接近「亡羊補牢」；本題著重事前預防。""]","成語辨義要抓故事的時間點：事前預防或事後補救。","[]","","","","","","","","","","","","","","",""
"CHI-0127","國文","原創會考程度練習","","","九年級上","成語","成語語境判讀","中等","單題選擇","公告已通知公車下週改道，阿哲仍照舊地圖等車，還說以前都在這裡搭到。阿哲的做法最接近哪個成語？","刻舟求劍","見機行事","按部就班","未雨綢繆","0","刻舟求劍","","答案是「刻舟求劍」：情況已改變，卻仍用固定不變的方法處理。阿哲忽略了路線公告；「見機行事」反而是依情勢調整。","[""題目指出公車路線已改，舊地點不再適用。"",""阿哲仍依舊經驗等車，沒有配合變化調整方法。"",""這種拘泥舊法、不知變通的態度是「刻舟求劍」。""]","遇到比喻成語，找出故事中的表面行為及其引申態度。","[]","","","","","","","","","","","","","","",""
"CHI-0128","國文","原創會考程度練習","","","九年級上","成語","成語語境判讀","中等","單題選擇","席間有人看見酒杯中映出弓的影子，誤以為杯裡有蛇，因此不敢再喝酒；得知只是弓影後才放心。這則故事最能說明哪個成語？","草木皆兵","杯弓蛇影","疑神疑鬼","風聲鶴唳","1","杯弓蛇影","","答案是「杯弓蛇影」：把映在酒杯中的弓影誤認為蛇，後用來比喻因疑慮而自相驚擾。題幹直接提供典故的關鍵情節，其他選項沒有酒杯弓影這一特定線索。","[""找出誤認的來源：弓的影子映在酒杯中。"",""人物將弓影誤看成蛇，因而害怕飲酒。"",""這正是「杯弓蛇影」的典故與引申義。""]","若多個成語都帶有疑懼意味，需用典故中的具體線索區分。","[]","","","","","","","","","","","","","","",""
"CHI-0129","國文","原創會考程度練習","","","九年級上","成語","成語語境判讀","中等","單題選擇","讀書會挑選資料時，大家只因一本書的封面精美就買下它，卻沒有檢查內容是否符合研究主題。這種取捨最接近哪個成語？","表裡如一","捨本逐末","買櫝還珠","名副其實","2","買櫝還珠","","答案是「買櫝還珠」：重視裝珍珠的木匣，反而把珍珠退還，比喻捨棄真正有價值的事物，重視外在次要之物。此處只看封面、不看內容，正是重外表輕實質。","[""研究真正需要的是資料內容，封面只是外在包裝。"",""大家以包裝取代內容判斷，顛倒了主次。"",""重外在包裝而忽略內在價值，符合「買櫝還珠」。""]","釐清成語故事裡哪個才是核心價值，避免被表面物件誤導。","[]","","","","","","","","","","","","","","",""
"CHI-0130","國文","原創會考程度練習","","","九年級上","成語","成語語境判讀","中等","單題選擇","戰事危急時，將領命士兵打破鍋具、鑿沉渡河船隻，只留下數日糧食，表示不取勝便不返回。這種決心最適合用哪個成語形容？","按圖索驥","隔岸觀火","守株待兔","破釜沉舟","3","破釜沉舟","","答案是「破釜沉舟」：破釜、沉舟象徵切斷退路，比喻下定決心奮戰到底。題幹明確寫出不勝不歸的決意；其餘成語並非描述這種決心。","[""將領刻意毀去炊具與船隻，使軍隊沒有輕易退回的打算。"",""「不取勝便不返回」直接表現背水一戰的決心。"",""因此以「破釜沉舟」形容最準確。""]","典故型成語可由核心象徵物和人物決策共同判斷。","[]","","","","","","","","","","","","","","",""
"CHI-0131","國文","原創會考程度練習","","","九年級上","成語","成語語境判讀","進階","單題選擇","新生第一次煮飯時把水放得太多，煮成稀粥。他記下正確米水比例，第二次照比例量取後成功煮好。這種「犯錯後補正」最符合哪個成語？","亡羊補牢","因噎廢食","徒勞無功","未雨綢繆","0","亡羊補牢","","答案是「亡羊補牢」：錯誤發生後及時補救，避免再次受損。第一次煮錯後，他找出原因、記下正確比例並據此改正；若第一次煮飯前就先查食譜，才偏向「未雨綢繆」。","[""先確認問題已發生：第一次煮出的粥太稀。"",""他找出米水比例的原因，記錄正確做法並在下一次改正。"",""發生錯誤後補救、避免重犯，符合「亡羊補牢」。""]","亡羊補牢強調先有損失或錯誤，再採取補救措施。","[]","","","","","","","","","","","","","","",""
"CHI-0132","國文","原創會考程度練習","","","九年級上","成語","成語語境判讀","中等","單題選擇","第一次參加演講比賽失利後，小傑認為自己不適合上台，從此拒絕所有需要口頭報告的機會。這種反應最接近哪個成語？","飲水思源","因噎廢食","聞過則喜","循序漸進","1","因噎廢食","","答案是「因噎廢食」：因一次噎到就不再吃飯，比喻因一次挫折便放棄整類合理活動。小傑把一次失利擴大成拒絕所有口頭報告，正是過度因噎廢食。","[""造成拒絕的原因是一次比賽失利。"",""他因此放棄所有口頭報告機會，反應超出單次事件。"",""因一次挫折就全面停止相關活動，符合「因噎廢食」。""]","注意成語是否描述從單一事件擴大到全面放棄。","[]","","","","","","","","","","","","","","",""
"CHI-0133","國文","原創會考程度練習","","","九年級上","成語","成語語境判讀","中等","單題選擇","學校發現許多學生的作文問題不是字數不足，而是論點缺少例證；老師便安排找例子、連結主張的練習，而非單純增加抄寫量。這種做法最接近哪個成語？","隔靴搔癢","揠苗助長","對症下藥","緣木求魚","2","對症下藥","","答案是「對症下藥」：先找出問題所在，再採取相應方法。教師依學生論證缺少例證的問題設計練習，方法與問題相對應。","[""先辨認學生的問題：論點缺少例證，不是字數不足。"",""教師安排補例證與連結主張的練習。"",""針對問題採取相應方法，符合「對症下藥」。""]","比較問題與採取的措施是否相互對應，辨認對症下藥。","[]","","","","","","","","","","","","","","",""
"CHI-0134","國文","原創會考程度練習","","","九年級上","閱讀理解","論證與資料判讀","中等","短文閱讀選擇","某校記錄兩週資料，發現帶傘的學生較少淋雨。有人因此斷定「只要帶傘，雨天就不會淋濕」。這個結論最大的問題是什麼？","樣本中沒有任何可觀察的現象","使用數據就一定不可信","結論範圍比資料涵蓋範圍更窄","把有關聯的觀察說成必然因果","3","把有關聯的觀察說成必然因果","","答案是「把有關聯的觀察說成必然因果」。資料只顯示帶傘者較少淋雨，不能保證每個帶傘者都不會淋濕；雨勢、風向與使用方式也可能影響結果。","[""資料呈現的是兩週內帶傘與淋雨情形的關聯。"",""「只要帶傘就不會淋濕」是毫無例外的因果斷言。"",""有限觀察不足以支持必然因果，因此結論過度推論。""]","檢查「較常、較少」是否被誇大成「一定、完全」。","[]","","","","","","","","","","","","","","",""
"CHI-0135","國文","原創會考程度練習","","","九年級上","閱讀理解","論證與資料判讀","中等","短文閱讀選擇","小組整理資料時，有人主張先確認研究問題，再挑選最相關的資料；另一人只想蒐集越多越好。依前者的做法，最重要的原則是什麼？","先確立目的，再篩選材料","只挑支持原想法的資料","資料越多，結論必然越可靠","先寫結論，再尋找證據","0","先確立目的，再篩選材料","","答案是「先確立目的，再篩選材料」。資料要能回答研究問題，數量多不等於相關；只挑支持既定想法或先下結論再找證據，都會造成偏誤。","[""研究問題是判斷資料相關與否的依據。"",""蒐集材料應依目的篩選，而非追求數量。"",""因此先定問題，再選相關材料，才能讓證據支持探究。""]","閱讀論說或研究情境時，分清楚問題、證據和結論的先後關係。","[]","","","","","","","","","","","","","","",""
"CHI-0136","國文","原創會考程度練習","","","九年級上","閱讀理解","短文閱讀推論","進階","短文閱讀選擇","閱讀：「成果發表時，主持人先展示團隊第一次失敗的模型，再說明他們如何依測試結果修改設計，最後呈現完成品。觀眾的提問多集中在修改依據。」這種安排最主要的效果是什麼？","證明第一次失敗完全沒有價值","呈現成果如何根據證據逐步改進","表示測試結果不必公開","讓觀眾只注意完成品的外觀","1","呈現成果如何根據證據逐步改進","","答案是「呈現成果如何根據證據逐步改進」。文中依序展示失敗模型、測試後的修改與完成品，觀眾也追問修改依據；其他選項與這個過程不符。","[""整理發表順序：初次模型、測試結果、修改設計、完成品。"",""這個順序讓觀眾看見修改並非憑空決定，而是依測試證據。"",""因此安排的主要效果是呈現成果逐步改進的過程。""]","閱讀過程性敘述時，留意事件先後如何支撐作者要呈現的觀點。","[]","","","","","","","","","","","","","","",""
"CHI-0137","國文","原創會考程度練習","","","九年級上","閱讀理解","短文閱讀推論","中等","短文閱讀選擇","閱讀短文：「山路狹窄，兩人相遇時，背柴者先側身讓路；挑水者也停步等候。誰都沒有催促，最後兩人笑著道謝。」這段文字主要呈現何種人情？","害怕責任而逃避","競爭求勝與不甘落後","互相體諒與禮讓","重視利益而交換","2","互相體諒與禮讓","","答案是「互相體諒與禮讓」。兩人都主動放慢腳步、讓對方通行，最後互相道謝；文中沒有競爭、逃避或利益交換的線索。","[""找出人物實際行為：側身讓路、停步等候、道謝。"",""這些行動顯示雙方都顧及對方處境。"",""因此主旨是互相體諒與禮讓。""]","主旨題以人物行動和結果為證據，不只依單一形容詞猜測。","[]","","","","","","","","","","","","","","",""
"CHI-0138","國文","原創會考程度練習","","","九年級上","閱讀理解","短文閱讀推論","中等","短文閱讀選擇","短文：「阿澄做實驗時只記錄符合預期的數據。老師請他把所有測量值都留下，並註明可能的誤差；重新整理後，結果雖不完美，卻更能讓同學重做驗證。」老師最重視哪種研究態度？","只保留漂亮的結果","避免讓別人重做實驗","先認定結論再挑資料","完整記錄並使結果可供驗證","3","完整記錄並使結果可供驗證","","答案是「完整記錄並使結果可供驗證」。老師要求保留所有測量值並註明誤差，使同學可以依據完整紀錄重做實驗；只挑符合預期的資料會造成偏誤。","[""阿澄原先只保留符合預期的數據。"",""老師要求留下全部結果並註記誤差。"",""完整紀錄讓同學能重做驗證，正是選項所述。""]","選項須貼合材料中的具體行動與結果，避免過度抽象。","[]","","","","","","","","","","","","","","",""
"CHI-0139","國文","原創會考程度練習","","","九年級上","閱讀理解","短文閱讀推論","中等","短文閱讀選擇","短文：「老店沒有更換招牌，卻把菜單、價格與食材來源重新整理，並在門口張貼清楚說明。熟客說，改變不大，反而更容易安心消費。」由文意可知，老店改善的重點是什麼？","增加資訊透明與顧客信任","減少顧客能看到的資訊","用新招牌吸引路過人潮","完全改變店內料理風格","0","增加資訊透明與顧客信任","","答案是「增加資訊透明與顧客信任」。文章明確提到整理菜單、價格與食材來源，並指出顧客更安心；沒有提到更換招牌或改變料理風格。","[""列出老店做的改變：公開菜單、價格及食材來源。"",""顧客反應是更容易安心消費。"",""因此改善重點是透明資訊帶來的信任，而非大幅改裝。""]","閱讀推論須把改變和人物反應連起來，不能加入文中沒有的情節。","[]","","","","","","","","","","","","","","",""
"CHI-0140","國文","原創會考程度練習","","","九年級上","閱讀理解","短文閱讀推論","中等","短文閱讀選擇","短文：「雨停後，巷口積水仍深。志工沒有急著掃街，而是先確認排水孔是否堵塞，再通知住戶移開門前雜物。」志工安排工作的主要考量是什麼？","先清掃看起來最乾淨的路段","先處理造成積水的原因，再減少阻塞","等待積水自行消失，不必檢查","先要求住戶承擔全部責任","1","先處理造成積水的原因，再減少阻塞","","答案是「先處理造成積水的原因，再減少阻塞」。檢查排水孔、移開雜物都直接針對排水問題；掃街外觀並不能解決積水根源。","[""積水深是目前需要處理的問題。"",""志工先檢查排水孔，再清除可能的阻塞物。"",""這是從原因著手，而非只整理表面。""]","因果推論題要分辨表面現象與可能的根本原因。","[]","","","","","","","","","","","","","","",""
"CHI-0141","國文","原創會考程度練習","","","九年級上","語法","語文知識與句意","進階","單題選擇","「雖然山路陡峭，隊員仍依計畫互相照應，終於在天黑前抵達營地。」句中的「雖然……仍……」主要表達什麼關係？","因果推論","條件結果","讓步轉折","選擇取捨","2","讓步轉折","","答案是「讓步轉折」。「山路陡峭」本來可能造成困難，但後句指出隊員仍完成行程，呈現讓步後轉折的關係。","[""前句提出不利條件：山路陡峭。"",""後句以「仍」指出結果沒有被該條件阻止。"",""前後形成讓步轉折，而非因果或二選一。""]","關聯詞要成對觀察，判斷前後分句的語意關係。","[]","","","","","","","","","","","","","","",""
"CHI-0142","國文","原創會考程度練習","","","九年級上","修辭","修辭判讀","中等","單題選擇","「等待成績的那幾分鐘，她的心像一只懸在半空、隨風搖晃的風箏。」這句明喻用什麼形象比喻她等待時的心情？","安靜停泊的小船","逐漸熄滅的燈火","緩慢流動的溪水","被風吹動的風箏","3","被風吹動的風箏","","答案是「被風吹動的風箏」。句中以「像」明確標示明喻，本體是等待成績時忐忑的心情，喻體是懸空搖晃的風箏；其他形象沒有出現在句中。","[""明喻標記是「像」，連接心情與風箏。"",""本體是等待成績時的心情，喻體是懸空搖晃的風箏。"",""因此比喻的形象是被風吹動、懸在半空的風箏。""]","分析明喻時指出本體、喻體及連接兩者的標記。","[]","","","","","","","","","","","","","","",""
"CHI-0143","國文","原創會考程度練習","","","九年級上","修辭","修辭判讀","中等","單題選擇","下列哪一句把自然景物寫成像人一樣會做動作？","月亮悄悄爬上屋簷，替街道披上一層銀光。","月亮在夜空中，地面亮度約為白天的十分之一。","夜晚的街道有路燈和招牌。","屋簷的高度約為三公尺。","0","月亮悄悄爬上屋簷，替街道披上一層銀光。","","答案是「月亮悄悄爬上屋簷，替街道披上一層銀光」。月亮被描寫成會「爬上」並「替街道披上」光，將自然景物人格化，運用擬人。 因此答案為 A「月亮悄悄爬上屋簷，替街道披上一層銀光。」。","[""查看景物被安排的動作：「爬上」「替……披上」。"",""月亮實際不會像人一樣移動或替街道披衣。"",""把物寫成人的行為，是擬人修辭。""]","擬人是把非人事物寫出人的動作、情感或意志。","[]","","","","","","","","","","","","","","",""
"CHI-0144","國文","原創會考程度練習","","","九年級上","修辭","修辭判讀","中等","單題選擇","「我們要讀書，也要思考；要觀察，也要求證；要勇於提問，更要耐心傾聽。」這句主要運用了哪種修辭？","誇飾","排比","映襯","借代","1","排比","","答案是「排比」。句子連續使用結構相似的分句，列舉學習態度，形成整齊而有節奏的表達。","[""觀察三組分句，結構都以「要……」展開。"",""相似句式連續排列，內容逐項推進。"",""這種整齊排列同類語句的方式是排比。""]","修辭判讀要看整句結構，不只看是否有重複字詞。","[]","","","","","","","","","","","","","","",""
"CHI-0145","國文","原創會考程度練習","","","九年級上","修辭","修辭判讀","中等","單題選擇","「山明水秀，鳥語花香。」這兩個四字詞語並列，主要呈現哪種修辭形式？","譬喻","排比","對偶","借代","2","對偶","","「山明水秀」與「鳥語花香」都是四字結構，詞性、句法大致相稱，並列描寫山水與景物，主要呈現對偶。排比通常由三個以上結構相近的語句連續排列；本句僅兩組。","[""分別拆解兩組詞語：「山／明、水／秀」及「鳥／語、花／香」。"",""兩組皆為四字、結構相稱的並列詞組，且分別描寫景物。"",""這種字數相等、結構相稱的表達主要是對偶，答案C。""]","對偶可檢查上下兩組字數相等、詞性相稱及句法結構相近。","[]","","","","","","","","","","","","","","",""
"CHI-0146","國文","原創會考程度練習","","","九年級上","文言文","文言文詞義","進階","單題選擇","文言句「溫故而知新，可以為師矣」中的「故」依句意應解作什麼？","故意而為的行為","已故之人","事故與災難","舊有的知識","3","舊有的知識","","答案是「舊有的知識」。「溫故」指溫習既有的學習內容，「知新」指由此獲得新的理解；「故」與「新」相對，不能解作故意或事故。","[""觀察「溫故」與「知新」並列。"",""「故」與「新」相對，指舊有、先前已有的內容。"",""所以此處「故」應解作舊有的知識。""]","文言單字義和整個詞組所指要分開判斷，再用上下文確認。","[]","","","","","","","","","","","","","","",""
"CHI-0147","國文","原創會考程度練習","","","九年級上","文言文","文言文閱讀","中等","短文閱讀選擇","孔子說：「知之為知之，不知為不知，是知也。」這段話主要勉勵人如何面對知識？","誠實承認所知與所不知","遇到問題先掩飾不懂","只記住別人的答案","所有事情都不必求證","0","誠實承認所知與所不知","","答案是「誠實承認所知與所不知」。句子反覆對照「知」與「不知」，指出如實承認才是真正的明智；不是要求停止學習或不求證。","[""句中把「知道」與「不知道」並列。"",""說話者要求人對兩者都如實承認。"",""因此重點是求知態度的誠實，而非掩飾或盲從。""]","文言文主旨題可先拆解關鍵對照，再推論作者態度。","[]","","","","","","","","","","","","","","",""
"CHI-0148","國文","原創會考程度練習","","","九年級上","閱讀理解","短文閱讀推論","中等","短文閱讀選擇","閱讀：「有人把『安靜』理解成完全不說話；但小組討論時，先聽完別人的理由，再提出有根據的不同意見，也能讓討論保持有序。」作者對安靜的看法是什麼？","討論時任何人都不應發言","安靜不等於沉默，也可以理性表達","只要音量很小就一定有禮貌","有不同意見就會破壞秩序","1","安靜不等於沉默，也可以理性表達","","答案是「安靜不等於沉默，也可以理性表達」。作者以先聆聽、再提出有根據意見為例，修正把安靜等同完全不說話的看法。","[""辨認作者先提出的常見理解：安靜就是不說話。"",""後文用理性討論作為反例。"",""作者因此認為有秩序的表達與安靜可以並存。""]","留意「但」後面通常是作者要補充或修正的觀點。","[]","","","","","","","","","","","","","","",""
"CHI-0149","國文","原創會考程度練習","","","九年級上","閱讀理解","短文閱讀推論","中等","短文閱讀選擇","閱讀：「展覽開幕前，策展人把標示牌移到入口旁，並在每件作品旁加上簡短說明。參觀者停留時間變長，提問也更聚焦。」哪項推論最有根據？","參觀者只對標示牌本身感興趣","作品內容一定比以前更簡單","清楚的導覽資訊有助觀眾理解作品","展覽因此不再需要策展人","2","清楚的導覽資訊有助觀眾理解作品","","答案是「清楚的導覽資訊有助觀眾理解作品」。標示與說明增加後，參觀者停留及提問更聚焦，支持資訊協助理解；其他選項超出文章證據。","[""比較改變前後：增加入口指示與作品說明。"",""觀眾停留更久、提問更聚焦是文中觀察到的結果。"",""最穩妥的推論是導覽資訊協助理解，而非推測作品或策展人變化。""]","推論必須由文中證據支持，避免把可能性說成確定事實。","[]","","","","","","","","","","","","","","",""
"CHI-0150","國文","原創會考程度練習","","","九年級上","閱讀理解","論證與資料判讀","中等","短文閱讀選擇","閱讀：「小組原想把所有回收物混在一起秤重。整理資料後，他們發現不同材質的回收率差異很大，於是改為分材質記錄，才看出哪一類最常被丟錯。」改變記錄方式的主要原因是什麼？","秤重一定比分類更不準","回收物混在一起比較省時間","小組不想完成原本的研究","分類資料才能看出各材質的差異","3","分類資料才能看出各材質的差異","","答案是「分類資料才能看出各材質的差異」。混合秤重只得到總量，無法比較各類回收率；分材質記錄後才能找出常被錯誤分類的種類。","[""原先的混合秤重只得到整體重量。"",""研究發現不同材質回收率不一，總量無法呈現差異。"",""因此改為分類記錄，以回答哪一類最常被丟錯。""]","方法是否合適，取決於它能否回答研究問題。","[]","","","","","","","","","","","","","","",""
"CHI-0151","國文","原創會考程度練習","","","九年級","成語","不恥下問的語境義","中等","閱讀理解","閱讀：「子曰：敏而好學，不恥下問。」這句話最強調哪一種求學態度？","不因對方地位或年紀較低而羞於請教","只向年長者請教","遇到疑問先批評他人","學習只重速度不重理解","0","不因對方地位或年紀較低而羞於請教","","「不恥下問」是不以向學問或地位比自己低的人請教為羞恥；全句稱許勤勉好學、願意求教的態度。 正確答案：A「不因對方地位或年紀較低而羞於請教」。","[""抓住「不恥」與「下問」兩個詞。"",""「下問」指向較低位者請教，「不恥」是不覺得羞恥。"",""因此重點是虛心求教，選A。""]","「不恥下問」的「下」指學問或地位較低者，不是指向下方發問。","[]","","","","","","","","","","","","","","",""
"CHI-0152","國文","原創會考程度練習","","","九年級","成語","成語情境判讀","基礎","閱讀理解","新進志工先聽隊長說明安全流程，再跟著隊長實際操作；幾次練習後，他也能獨立完成。最能概括隊長帶領方式的是？","以身作則","言傳身教","紙上談兵","坐而論道","1","言傳身教","","隊長不只口頭說明，也親自示範並陪同練習，符合「言傳身教」兼用言語與行動教導。A「以身作則」強調自己作為榜樣，但未必包含講解；C「紙上談兵」指空談理論、不切實際；D「坐而論道」偏重坐談議論。","[""找出隊長的兩種教學行動：口頭說明流程、親自示範操作。"",""新志工在講解與實際示範中學會技能，並非只有榜樣或紙上討論。"",""兼用言語和行動教導，符合「言傳身教」，答案B。""]","區分「以身作則」與「言傳身教」：前者著重榜樣，後者兼有言語講解與行動示範。","[""以身作則"",""示範教學""]","","","","","","","","","","","","","","",""
"CHI-0153","國文","原創會考程度練習","","","九年級","修辭","譬喻與語境義","中等","單題選擇","「他把失敗當作成功的墊腳石。」句中的「墊腳石」使用何種表達方式？","照字面表示石頭墊在腳下","誇大石頭的重量","借具體事物比喻促進進步的經驗","把人的行為轉給石頭","2","借具體事物比喻促進進步的經驗","","「墊腳石」在句中不是實際石頭，而是比喻能幫助人向前、促成成功的經驗。 正確答案：C「借具體事物比喻促進進步的經驗」。","[""先判斷句子是否在描述實際搬石頭。"",""「失敗」與「成功」構成抽象的人生經驗。"",""墊腳石借具體事物比喻助力，選C。""]","抽象經驗被說成具體事物時，請學生說出本體、喻體及相似的功能。","[]","","","","","","","","","","","","","","",""
"CHI-0154","國文","原創會考程度練習","","","九年級","文言文","文言虛詞其","進階","單題選擇","《馬說》「其真無馬邪？其真不知馬也。」末句中的第二個「其」，語氣最接近何者？","反問語氣，近於「難道」","代詞，指前文提到的人或事","指示詞，近於「那、那個」","推測語氣，近於「恐怕、大概」","3","推測語氣，近於「恐怕、大概」","","題目限定《馬說》末句「其真不知馬也」中的第二個「其」。此處是推測語氣，可譯為「恐怕、大概真的不懂得千里馬」；前句的「其」則有反問語氣，兩者不可混為一談。答案 D。","[""先依題幹定位末句「其真不知馬也」，不分析前句的第一個「其」。"",""末句是在推測原因：恐怕是他們真的不懂得千里馬。"",""因此末句第二個「其」表推測，選 D。""]","古文中同一虛詞可能因句位不同而有不同語氣，作答時先確定題目指定的字句。","[]","","","","","","","","","","","","","","",""
"CHI-0155","國文","原創會考程度練習","","","九年級","語法","複句關係判讀","基礎","單題選擇","「他做事一向謹慎，這次卻因一時疏忽而出錯。」句中「卻」呈現何種語意關係？","轉折","遞進","條件","因果","0","轉折","","前半句說一向謹慎，後半句說仍因疏忽出錯，兩者形成預期落差；「卻」表轉折。 正確答案：A「轉折」。","[""讀出前後分句：一向謹慎、這次仍出錯。"",""後句與讀者由前句形成的預期相反。"",""「卻」連接轉折關係，選A。""]","判斷轉折時先說出前句建立的預期，再檢查後句是否與預期相反。","[]","","","","","","","","","","","","","","",""
"CHI-0156","國文","原創會考程度練習","","","九年級","修辭","明喻","基礎","單題選擇","「暮色像一張柔軟的毯子，慢慢覆上山城。」這句主要使用哪一種修辭？","排比","明喻","映襯","設問","1","明喻","","以「像」把暮色比作柔軟的毯子，明確出現喻詞，屬明喻。 正確答案：B「明喻」。","[""尋找句中的喻詞。"",""「像」連結本體「暮色」與喻體「毯子」。"",""因此是明喻，選B。""]","明喻通常可找出本體、喻詞「像」和喻體，並說明兩者的相似處。","[]","","","","","","","","","","","","","","",""
"CHI-0157","國文","原創會考程度練習","","","九年級","閱讀理解","景物描寫效果","中等","閱讀理解","閱讀：「山風推開雲霧，露出一片清亮的月色。」下列何者最能說明這句的表達效果？","交代人物對話的內容","說明月亮運行的科學原理","以動態描寫呈現雲散月出的景象","以數字比較山與雲的高度","2","以動態描寫呈現雲散月出的景象","","「推開」使山風與雲霧形成動態畫面，呈現雲霧散開、月色顯露的過程。 正確答案：C「以動態描寫呈現雲散月出的景象」。","[""找出具有動態感的動詞「推開」。"",""觀察動作前後的景物變化：雲霧散、月色現。"",""這是動態景物描寫，選C。""]","景物描寫效果要從動詞所呈現的變化過程說明畫面，而非只複述景物名稱。","[]","","","","","","","","","","","","","","",""
"CHI-0158","國文","原創會考程度練習","","","九年級","字音","多音字辨音","中等","單題選擇","下列哪一句的「薄」讀音為ㄅㄛˊ，且意思是物體厚度小？","薄暮時分天色漸暗","薄荷散發清香","紙張很薄，容易透光","薄利多銷是商業策略","2","紙張很薄，容易透光","","答案 C「紙張很薄，容易透光」中的「薄」讀ㄅㄛˊ，表示厚度小。A「薄暮」的「薄」讀ㄅㄛˊ但指迫近黃昏，B「薄荷」讀ㄅㄛˋ，D「薄利」讀ㄅㄛˊ但指利潤少；題目同時限定讀音與詞義，因此只有 C 符合。","[""先讀清楚兩個條件：讀音要是ㄅㄛˊ，詞義還要表示厚度小。"",""A雖同音但「薄暮」指傍晚；D雖同音但「薄利」指利潤少；B「薄荷」讀音不同。"",""只有 C「紙張很薄」同時符合ㄅㄛˊ與厚度小，答案為 C。""]","多音字題要同時比對讀音和語境義，不能只找同音字。","[]","","","","","","","","","","","","","","",""
"CHI-0159","國文","原創會考程度練習","","","九年級","文言文","文言實詞義辨析","進階","單題選擇","「行」在「行有餘力，則以學文」中的意思，最接近下列何者？","行走","行列","即將","品行、實踐","3","品行、實踐","","《論語》此句意為有餘力便進一步學習文獻；「行」指實踐、做好前述德行之事，不是行走。 正確答案：D「品行、實踐」。","[""將句子放回「弟子入則孝，出則弟……」的語境。"",""前文談孝悌等日常德行，故「行」指實踐這些事。"",""選D。""]","文言實詞要連同前文所述行為理解，再用整句白話翻譯確認詞義。","[]","","","","","","","","","","","","","","",""
"CHI-0160","國文","原創會考程度練習","","","九年級","修辭","擬人","基礎","單題選擇","「雨絲在窗前織成一幅灰色的網。」這句將雨絲寫成會「織」的事物，主要運用什麼修辭？","擬人","頂真","借代","對偶","0","擬人","","雨絲本身不會像人一樣織網，句子賦予其人的動作，形成擬人。 正確答案：A「擬人」。","[""確認主體是雨絲。"",""判斷「織」是否為人的行為。"",""把人的動作賦予自然景物，選A。""]","判斷擬人時說明哪個非人主體被賦予了人的動作或情感。","[]","","","","","","","","","","","","","","",""
"CHI-0161","國文","原創會考程度練習","","","九年級","語法","句意與雙重否定","進階","閱讀理解","閱讀：「他不是不努力，只是方法需要調整。」這句話的意思最接近何者？","他完全沒有努力","他有努力，但目前方法不合適","他不需要改變任何事","努力與方法毫無關係","1","他有努力，但目前方法不合適","","「不是不努力」是雙重否定，表示有努力；後句指出需要調整的是方法。 正確答案：B「他有努力，但目前方法不合適」。","[""先解析「不是不努力」的雙重否定。"",""雙重否定表示肯定，即他有努力。"",""再結合後句，問題在方法需調整，選B。""]","雙重否定可先改寫成肯定句，再核對後文補充的限制或轉折。","[]","","","","","","","","","","","","","","",""
"CHI-0162","國文","原創會考程度練習","","","九年級","成語","名言主旨理解","基礎","單題選擇","「一寸光陰一寸金，寸金難買寸光陰。」這句主要勸勉人們珍惜什麼？","金錢比時間重要","只要努力就能延長時間","時間寶貴且無法用金錢換回","應避免所有花費","2","時間寶貴且無法用金錢換回","","句子以金錢作比，強調時間珍貴，且失去的時間不能用金錢買回。 正確答案：C「時間寶貴且無法用金錢換回」。","[""比較兩句中的「光陰」與「寸金」。"",""第二句指出金錢買不回時間，凸顯時間的不可逆。"",""主旨是珍惜時間，選C。""]","比較兩句的對照關係，抓住「寸金難買寸光陰」說明時間不能用金錢換回。","[]","","","","","","","","","","","","","","",""
"CHI-0163","國文","原創會考程度練習","","","九年級","成語","成語寓意推論","基礎","單題選擇","「眾人拾柴火焰高」最適合用來說明哪一種情況？","只要人多就不必規劃","遇到困難應互相推卸責任","一個人完成所有工作最快","大家分工合作，成果比個人單做更大","3","大家分工合作，成果比個人單做更大","","眾人共同添柴，火勢更旺，比喻多人合作能匯聚力量、提升成果。 正確答案：D「大家分工合作，成果比個人單做更大」。","[""理解「拾柴」與「火焰高」的字面畫面。"",""把畫面轉成合作與力量累積的比喻。"",""選D。""]","將眾人添柴的具體畫面轉成合作寓意，並避免推成「人越多一定越好」。","[]","","","","","","","","","","","","","","",""
"CHI-0164","國文","原創會考程度練習","","","九年級","文學閱讀","人物行動與情感推論","中等","單題選擇","《背影》中父親越過月台為兒子買橘子，這段描寫最能表現何種情感？","父親對兒子的關懷","父親對工作的不滿","作者對車站建築的讚美","兒子對旅途的厭倦","0","父親對兒子的關懷","","父親不顧行動不便，親自為兒子買橘子，細節表現其深厚而含蓄的關愛。 正確答案：A「父親對兒子的關懷」。","[""聚焦父親具體做了什麼，而非只看場景。"",""越過月台買橘子是為照顧兒子。"",""此細節表現父親的關懷，選A。""]","文學人物情感題以具體行動為依據，避免只憑熟悉篇名背結論。","[]","","","","","","","","","","","","","","",""
"CHI-0165","國文","原創會考程度練習","","","九年級","成語","語意關係判讀","進階","單題選擇","「他說得頭頭是道，做起來卻漏洞百出。」句中「頭頭是道」與「漏洞百出」形成何種關係？","後者補充前者的原因","前後語意相反，形成對比","兩者是同義詞","前者表示時間，後者表示地點","1","前後語意相反，形成對比","","前者形容說理有條理，後者指出實際執行問題很多，形成言與行的對比。 正確答案：B「前後語意相反，形成對比」。","[""分別理解兩個成語在句中的意思。"",""「說得有條理」與「做得問題很多」形成落差。"",""這是對比，選B。""]","先分別解釋兩個成語，再比較句中「說」與「做」所呈現的落差。","[]","","","","","","","","","","","","","","",""
"CHI-0166","國文","原創會考程度練習","","","九年級","成語","近義成語辨析","中等","單題選擇","下列哪一組成語的意思最接近？","畫蛇添足／恰如其分","守株待兔／隨機應變","按部就班／循序漸進","亡羊補牢／因循苟且","2","按部就班／循序漸進","","「按部就班」指依照次序、步驟進行；「循序漸進」指按順序逐步前進，意思相近。 正確答案：C「按部就班／循序漸進」。","[""逐組比較成語的核心行動與結果。"",""第三組「按部就班／循序漸進」都強調依次序逐步進行。"",""其他組意思相反或不相同，因此選C。""]","用核心意思逐組比較近義成語，不能因字面相似就判定意思相同。","[]","","","","","","","","","","","","","","",""
"CHI-0167","國文","原創會考程度練習","","","九年級","語法","複句關係判讀","基礎","單題選擇","「雖然天色已晚，隊員仍完成最後一段路程。」句中「雖然……仍……」呈現何種關係？","選擇","並列","因果","轉折","3","轉折","","「天色已晚」通常使人預期停止前進，但隊員仍完成路程，後句與預期相反，屬轉折。 正確答案：D「轉折」。","[""找出前後兩個情況。"",""天色晚與繼續完成行程形成反預期關係。"",""選D，表示轉折。""]","「雖然……仍……」要看後句是否違反前句形成的通常預期。","[]","","","","","","","","","","","","","","",""
"CHI-0168","國文","原創會考程度練習","","","九年級","修辭","譬喻本體與喻體","中等","閱讀理解","閱讀：「老樹的枝枒伸向天空，像一雙張開的手臂。」句中的本體與喻體分別是什麼？","本體是老樹枝枒，喻體是張開的手臂","本體是手臂，喻體是枝枒","本體是天空，喻體是老樹","本體與喻體都是天空","0","本體是老樹枝枒，喻體是張開的手臂","","被描寫的對象是老樹枝枒，拿來相比的是張開的手臂，因此前者為本體、後者為喻體。 正確答案：A「本體是老樹枝枒，喻體是張開的手臂」。","[""找出「像」前後的事物。"",""「像」前是被比的本體，後是用來比的喻體。"",""答案為A。""]","本體是被描寫的枝枒，喻體是用來相比的手臂，依「像」分辨兩者。","[]","","","","","","","","","","","","","","",""
"CHI-0169","國文","原創會考程度練習","","","九年級","閱讀理解","動詞與描寫效果","中等","單題選擇","「晨光悄悄爬上窗台。」句中的「爬」最主要帶來什麼效果？","精確交代日出時間","讓光線的移動顯得具體而有動態","說明窗台的高度","表示有人在窗外攀爬","1","讓光線的移動顯得具體而有動態","","「爬」把光線逐漸移動的過程寫得具體、緩慢且有動態感，並非真的有人攀爬。 正確答案：B「讓光線的移動顯得具體而有動態」。","[""確認句子主體是晨光。"",""光線移動被描述成「爬」的動作。"",""效果是讓景象具體生動，選B。""]","分析動詞效果時說明它如何呈現晨光移動的速度與畫面感。","[]","","","","","","","","","","","","","","",""
"CHI-0170","國文","原創會考程度練習","","","九年級","文言文","古今詞義辨析","進階","單題選擇","文言文「未嘗不嘆息痛恨於桓、靈也」中的「痛恨」，最接近哪個意思？","極為憎恨","身體疼痛","痛心、遺憾","公開責罵","2","痛心、遺憾","","此處「痛恨」指痛心、遺憾，不是現代常用的強烈憎恨；須依文言語境判斷古今詞義差異。 正確答案：C「痛心、遺憾」。","[""辨認題目考的是文言詞義，而非直接套用現代語感。"",""句中諸葛亮感嘆先帝未能完成大業，語氣是痛心遺憾。"",""選C。""]","遇到古今異義詞，先按原文語境翻譯，再與現代常用義比較。","[]","","","","","","","","","","","","","","",""
"CHI-0171","國文","原創會考程度練習","","","九年級","閱讀理解","寫作手法判讀","進階","單題選擇","下列哪一句最能呈現「以小見大」的寫法？","只交代事件發生的日期","列出全國各地的氣溫數據","逐項說明大型機器的零件","描寫一片落葉的脈絡，引出季節更替與生命感受","3","描寫一片落葉的脈絡，引出季節更替與生命感受","","以一片落葉這個小事物，引發對季節與生命的較大思考，符合由小處呈現大主題。 正確答案：D「描寫一片落葉的脈絡，引出季節更替與生命感受」。","[""辨認句子描寫的起點是一片落葉。"",""思考是否由具體小物延伸到較大的意義。"",""由小景引出大主題，選D。""]","以小見大要指出具體小事物如何引出較大的情感、社會或生命主題。","[]","","","","","","","","","","","","","","",""
"CHI-0172","國文","原創會考程度練習","","","九年級","語法","選擇複句與語意","中等","單題選擇","「與其在旁抱怨，不如一起想辦法。」這句話主要表達什麼態度？","鼓勵採取行動解決問題","認為抱怨能取代實際作為","要求所有人保持沉默","表示問題一定無法改善","0","鼓勵採取行動解決問題","","「與其……不如……」比較兩種做法，後者被認為更值得採取；此處鼓勵一起解決問題。 正確答案：A「鼓勵採取行動解決問題」。","[""辨認「與其……不如……」的選擇句型。"",""句型後半提出較建議的做法。"",""一起想辦法優於旁觀抱怨，選A。""]","「與其……不如……」先比較兩種做法，再看後半句提出的優先選擇。","[]","","","","","","","","","","","","","","",""
"CHI-0173","國文","原創會考程度練習","","","九年級","語法","句型與動作關係","基礎","單題選擇","「他一面整理資料，一面核對數字。」句中的「一面……一面……」表示什麼？","先後因果","兩個動作同時進行","假設條件","前後轉折","1","兩個動作同時進行","","「一面……一面……」表示兩個動作同時進行，此處整理資料與核對數字同步發生。 正確答案：B「兩個動作同時進行」。","[""找出句型標記「一面……一面……」。"",""比較兩個動作是否同時發生。"",""選B。""]","「一面……一面……」連接的兩項行為應能在同一時段進行。","[]","","","","","","","","","","","","","","",""
"CHI-0174","國文","原創會考程度練習","","","九年級","閱讀理解","主旨與因果推論","中等","閱讀理解","閱讀短文：「阿哲每天放學後練習投籃。第一次比賽他屢屢失手，仍記下每次偏差，調整姿勢。幾週後，他的命中率明顯提升。」最能概括短文主旨的是什麼？","只記錄錯誤就不必練習","比賽輸贏完全由運氣決定","從錯誤中修正並持續練習能帶來進步","投籃技巧天生無法改變","2","從錯誤中修正並持續練習能帶來進步","","阿哲記錄偏差並調整動作，持續練習後命中率提升，說明反思與修正能促成進步。 正確答案：C「從錯誤中修正並持續練習能帶來進步」。","[""找出故事的前後變化：失手到命中率提升。"",""關鍵行動是記錄偏差、調整姿勢並持續練習。"",""主旨是從錯誤修正而進步，選C。""]","主旨須同時涵蓋記錄偏差、調整方法和持續練習，不可只摘取單一情節。","[]","","","","","","","","","","","","","","",""
"CHI-0175","國文","原創會考程度練習","","","九年級","文言文","詞類活用","進階","單題選擇","「春風又綠江南岸」中的「綠」由顏色詞活用為動詞，表現春風使江岸如何變化？","變得寂靜","升起濃煙","結成冰霜","使江岸轉為翠綠","3","使江岸轉為翠綠","","「綠」在句中不是單純描述顏色，而是使動用法，寫春風吹來後使江岸轉為翠綠。正確答案：D「使江岸轉為翠綠」。","[""判斷「綠」在句中是否只作顏色形容。"",""主語春風使江南岸產生變化，故「綠」作動詞。"",""表示江岸被春風吹得翠綠，選D。""]","辨認詞類活用時看字在句中的功能；此處「綠」表示使江岸變綠。","[]","","","","","","","","","","","","","","",""
"CHI-0176","國文","原創會考程度練習","","","九年級","文言文","文言通假字","中等","單題選擇","《論語》「誨女知之乎」中的「女」在此通何字？","通「汝」，你","本字，女子","通「如」，好像","通「而」，然後","0","通「汝」，你","","「誨女知之乎」意為教導你明白所知之事嗎？「女」通「汝」，作第二人稱代詞「你」，答案A。","[""把「誨女知之乎」譯成白話：教導＿＿明白所知之事嗎？"",""此處「女」指受教的對象，是第二人稱「你」。"",""「女」借作「汝」，答案A。""]","通假字要用代入翻譯檢查句法；本句「女」代「汝」，作「你」解。","[]","","","","","","","","","","","","","","",""
"CHI-0177","國文","原創會考程度練習","","","九年級","文言文","文句主旨推論","進階","單題選擇","「不以物喜，不以己悲」最能表現作者怎樣的處世態度？","只在成功時感到快樂","不受外在得失與個人遭遇左右情緒","凡事都不關心","遇到挫折便責怪別人","1","不受外在得失與個人遭遇左右情緒","","句意是不因外物好壞或個人遭遇而悲喜，表現不被外在得失左右的豁達態度。 正確答案：B「不受外在得失與個人遭遇左右情緒」。","[""辨認兩個「不以」所否定的情緒依據。"",""一是外物，一是個人遭遇。"",""作者不被得失支配，選B。""]","解讀「不以……」句式時，分清外在環境與個人遭遇兩種情緒來源。","[]","","","","","","","","","","","","","","",""
"CHI-0178","國文","原創會考程度練習","","","九年級","文言文","詞類活用與方位詞","進階","單題選擇","「孔子東遊，見兩小兒辯斗」中的「東」用作何種詞性？","方位名詞作主語，表示東方","形容詞作補語，表示東面","名詞作狀語，向東","副詞作謂語，表示向東","2","名詞作狀語，向東","","「東」本為方位名詞，在「東遊」中放在動詞「遊」前作狀語，表示向東遊歷；這是名詞作狀語，不是詞性變成副詞。 正確答案：C「名詞作狀語，向東」。","[""找出「東」後面的動詞「遊」。"",""「東」仍表方位，但在句中修飾「遊」，作狀語。"",""作方向副詞，選C。""]","區分詞性與句中功能：「東」是方位名詞，但在此作方向狀語。","[]","","","","","","","","","","","","","","",""
"CHI-0179","國文","原創會考程度練習","","","九年級","文言文","託物言志","中等","單題選擇","「予獨愛蓮之出淤泥而不染」中，作者藉蓮花稱許何種品格？","遠離人群不問世事","追求華麗外表","依附權勢以求發達","身處污濁環境仍保持清廉自持","3","身處污濁環境仍保持清廉自持","","蓮從淤泥生長卻不受污染，是以物喻人，稱許人在複雜環境中仍保持高潔。 正確答案：D「身處污濁環境仍保持清廉自持」。","[""先理解「出淤泥」與「不染」的反差。"",""蓮花特性被用來象徵人的品格。"",""主旨是清廉自持，選D。""]","託物言志要連結物的特徵與作者所推崇的人格，避免只翻譯字面景象。","[]","","","","","","","","","","","","","","",""
"CHI-0180","國文","原創會考程度練習","","","九年級","文言文","名句主旨理解","中等","單題選擇","「先天下之憂而憂，後天下之樂而樂」表達何種胸襟？","先為百姓與國家承擔責任","個人享樂優先","避免參與公共事務","只重視家族利益","0","先為百姓與國家承擔責任","","句子主張在天下人憂慮之前先憂，在天下人快樂之後才樂，表現以天下為己任的責任感。 正確答案：A「先為百姓與國家承擔責任」。","[""比較「先」與「後」所指的對象。"",""作者把天下人的憂樂置於個人之前。"",""選A。""]","比較「先天下之憂」和「後天下之樂」，抓出把公共憂樂置於個人之前的次序。","[]","","","","","","","","","","","","","","",""
"CHI-0181","國文","原創會考程度練習","","","九年級","文言文","文言實詞辨析","進階","單題選擇","文言句「沿溯阻絕」中的「沿」與「溯」分別指什麼？","沿岸行走、停船靠岸","順流而下、逆流而上","順風而行、逆風而行","沿著山路、溯尋源頭","1","順流而下、逆流而上","","「沿」指順流而下，「溯」指逆流而上；兩者相對，說明水路交通受阻。 正確答案：B「順流而下、逆流而上」。","[""注意兩字並列形成方向對照。"",""水流方向可分順流與逆流。"",""依序為順流而下、逆流而上，選B。""]","成對方向詞要分別確認參照物；水路中的「沿、溯」以水流方向為準。","[]","","","","","","","","","","","","","","",""
"CHI-0182","國文","原創會考程度練習","","","九年級","詩詞閱讀","意象與主旨","中等","單題選擇","「山重水複疑無路，柳暗花明又一村」主要表達哪種人生體會？","山村景色永遠不變","旅行一定會迷路","困境中可能出現新的轉機","應放棄所有原有目標","2","困境中可能出現新的轉機","","前句寫似乎無路可走，後句轉為眼前豁然開朗，常用來比喻困境中出現轉機。 正確答案：C「困境中可能出現新的轉機」。","[""比較兩句景象的變化。"",""「疑無路」與「又一村」形成由困頓到開朗的轉折。"",""寓意困境可有轉機，選C。""]","對照「疑無路」和「又一村」的景象轉變，再由景物推想人生寓意。","[]","","","","","","","","","","","","","","",""
"CHI-0183","國文","原創會考程度練習","","","九年級","詩詞閱讀","意象與景物描寫","進階","單題選擇","「大漠孤煙直，長河落日圓」主要運用哪些景物特徵營造畫面？","繁密市集與喧鬧人聲","室內器物與人物對話","細雨江南與曲折小橋","遼闊荒漠中線條簡潔、景物鮮明","3","遼闊荒漠中線條簡潔、景物鮮明","","大漠、長河呈現空間遼闊，孤煙的直與落日的圓則以簡潔線條勾勒鮮明景象。 正確答案：D「遼闊荒漠中線條簡潔、景物鮮明」。","[""圈出大漠、長河等空間詞。"",""注意「直」「圓」帶出的鮮明形狀。"",""畫面開闊、簡潔，選D。""]","把空間詞「大漠、長河」與形狀詞「直、圓」分開分析，說明畫面如何形成。","[]","","","","","","","","","","","","","","",""
"CHI-0184","國文","原創會考程度練習","","","九年級","詩詞閱讀","借代與詩意理解","中等","單題選擇","「烽火連三月，家書抵萬金」中的「烽火」在詩句中借指什麼？","戰亂","農田灌溉","遠方燈火","節慶煙火","0","戰亂","","烽火原是古代警報，此處借代戰事；詩句寫戰亂中家書格外珍貴。 正確答案：A「戰亂」。","[""先辨認烽火的古代用途。"",""烽火傳遞軍情，常借代戰事。"",""選A。""]","先說明烽火的實際用途，再判斷詩句如何借它指稱戰事。","[]","","","","","","","","","","","","","","",""
"CHI-0185","國文","原創會考程度練習","","","九年級","詩詞閱讀","修辭與情景交融","進階","單題選擇","「感時花濺淚，恨別鳥驚心」將花鳥寫得彷彿有人的情緒，主要運用何種手法？","誇飾","擬人","頂真","排比","1","擬人","","詩人把感時傷別的情緒投射到花與鳥，寫成花落淚、鳥驚心，兼具擬人與情景交融。 正確答案：B「擬人」。","[""辨認花、鳥被賦予的情緒反應。"",""自然景物被寫出人的感受。"",""主要手法為擬人，選B。""]","指出花、鳥被賦予的人的情緒，並分清修辭手法與整體情景交融效果。","[]","","","","","","","","","","","","","","",""
"CHI-0186","國文","原創會考程度練習","","","九年級","詩詞閱讀","詩句寓意推論","中等","單題選擇","「欲窮千里目，更上一層樓」中的「更上一層樓」除字面登樓外，常用來比喻什麼？","不必努力即可成功","樓層越多房子越堅固","想看得更遠，須提升視野或再進一步","離開原地就能忘記煩惱","2","想看得更遠，須提升視野或再進一步","","登高可望得更遠，詩句也常比喻要拓展視野、追求更高境界，就需再進一步。 正確答案：C「想看得更遠，須提升視野或再進一步」。","[""先理解登樓與視野的實際關係。"",""由實際景象推展到人生追求。"",""比喻提升境界、拓展視野，選C。""]","從登高能望遠的字面關係推到拓展視野，避免解成只談樓層。","[]","","","","","","","","","","","","","","",""
"CHI-0187","國文","原創會考程度練習","","","九年級","詩詞閱讀","情感與生活態度","中等","單題選擇","「採菊東籬下，悠然見南山」最能呈現詩人怎樣的生活情趣？","急於追逐功名","熱衷宴飲與競逐","畏懼山林而不敢出門","親近自然、悠然自得的閒適","3","親近自然、悠然自得的閒適","","採菊、見山都是自然日常景象，「悠然」點出閒適自在；就引句可判斷詩人親近自然、心境悠然。 正確答案：D「親近自然、悠然自得的閒適」。","[""抓住情緒詞「悠然」。"",""觀察採菊、望山等平凡自然活動。"",""詩境閒適、親近自然，選D。""]","情趣題先抓情緒詞「悠然」，再用採菊、望山等行動驗證，不要添加引文外的背景。","[]","","","","","","","","","","","","","","",""
"CHI-0188","國文","原創會考程度練習","","","九年級","詩詞閱讀","譬喻與情感推論","進階","單題選擇","「春蠶到死絲方盡，蠟炬成灰淚始乾」常用來比喻哪種情感？","至死不渝、持續付出的深情","對季節變化的觀察","蠶絲與蠟燭的製作方法","對燈火明暗的疑惑","0","至死不渝、持續付出的深情","","春蠶吐絲、蠟炬流淚被用作比喻，寫情意至死方休、付出不止。 正確答案：A「至死不渝、持續付出的深情」。","[""辨認「絲」與「思」的諧音聯想及蠟燭燃盡的意象。"",""兩個意象都呈現持續到生命盡頭。"",""比喻深情與不止的付出，選A。""]","說明蠶絲、燭淚各自代表的持續付出，再解讀兩個意象共同表達的情感。","[]","","","","","","","","","","","","","","",""
"CHI-0189","國文","原創會考程度練習","","","九年級","文言文","文學象徵與篇章理解","中等","單題選擇","《愛蓮說》以蓮、牡丹、菊作對照，作者稱「花之君子者也」的是哪一種花？","牡丹","蓮","菊","梅","1","蓮","","周敦頤以蓮象徵君子，稱蓮為「花之君子者也」；牡丹象徵富貴，菊象徵隱逸。 正確答案：B「蓮」。","[""回想文章對三種花的象徵定位。"",""君子對應蓮，富貴對應牡丹，隱逸對應菊。"",""選B。""]","依篇章對蓮、牡丹、菊的象徵定位作答，勿把三種花所代表的品格混淆。","[]","","","","","","","","","","","","","","",""
"CHI-0190","國文","原創會考程度練習","","","九年級","文言文","篇章結構與主旨","進階","單題選擇","《岳陽樓記》先寫遷客騷人因景而生的悲喜，再提出作者理想。其理想最接近哪一項？","只追求晴天登樓賞景","以升官發財為人生目標","不因個人得失改變志向，先憂天下後樂","避免關心百姓生活","2","不因個人得失改變志向，先憂天下後樂","","文章由陰晴景物引出悲喜之情，最後以「不以物喜，不以己悲」及先憂後樂提出士人的責任理想。 正確答案：C「不因個人得失改變志向，先憂天下後樂」。","[""區分前段遷客騷人的覽物之情與作者議論。"",""作者主張超越個人得失，關懷天下。"",""選C。""]","辨析篇章層次時分開遷客騷人的悲喜與作者提出的先憂後樂理想。","[]","","","","","","","","","","","","","","",""
"CHI-0191","國文","原創會考程度練習","","","九年級","文言文","歷史論證與勸諫主旨","進階","單題選擇","《出師表》「親賢臣，遠小人」被作者視為前漢興隆的原因，主要是在勸君主如何治國？","只聽取親族意見","取消所有官員職務","以武力取代行政治理","任用賢能並遠離奸佞","3","任用賢能並遠離奸佞","","諸葛亮以歷史興亡為例，勸劉禪親近賢臣、疏遠小人，使朝政清明。 正確答案：D「任用賢能並遠離奸佞」。","[""注意句子以「親」和「遠」形成對照。"",""賢臣能輔政，小人可能蒙蔽君主。"",""勸君任賢遠佞，選D。""]","讀《出師表》的勸諫時，分辨作者陳述的歷史原因與對當今君主提出的做法；「親賢臣，遠小人」直接點出任賢遠佞。","[]","","","","","","","","","","","","","","",""
"CHI-0192","國文","原創會考程度練習","","","九年級","文言文閱讀","論證推理與事件順序","進階","單題選擇","「一鼓作氣，再而衰，三而竭」說明曹劌認為何時出擊較有利？","敵軍士氣衰竭、我方士氣仍振作時","敵軍剛擊第一鼓時","雙方都尚未交戰前","我方士氣完全低落時","0","敵軍士氣衰竭、我方士氣仍振作時","","曹劌認為敵軍第一鼓士氣最盛，再鼓衰退，第三鼓後便衰竭；此時我軍士氣仍盛，反攻較有利。正解是 A「敵軍士氣衰竭、我方士氣仍振作時」。","[""依序比較擊鼓後士氣變化。"",""敵軍三鼓後士氣已竭，我方士氣仍盛。"",""此時反攻較有利，選A。""]","《曹劌論戰》以擊鼓次數表現士氣消長；不要把「三而竭」誤當成我軍已經無力，而要確認主語是敵軍。","[]","","","","","","","","","","","","","","",""
"CHI-0193","國文","原創會考程度練習","","","九年級","文言文閱讀","文言實詞辨義","中等","單題選擇","文言句「肉食者鄙，未能遠謀」中的「鄙」應解作什麼？","住在邊境","見識淺陋","地位低下","態度謙虛","1","見識淺陋","","此處「鄙」指見識淺陋；曹劌認為居高位者未必能深謀遠慮。 正確答案：B「見識淺陋」。","[""將詞放回曹劌論戰的語境。"",""「未能遠謀」說明評語關乎思慮與見識。"",""「鄙」指見識淺陋，選B。""]","古文實詞要回到上下文判義；「肉食者鄙」緊接「未能遠謀」，因此此處談的是見識，不是地理位置或官位。","[]","","","","","","","","","","","","","","",""
"CHI-0194","國文","原創會考程度練習","","","九年級","文言文閱讀","文言借代","中等","單題選擇","「臣本布衣，躬耕於南陽」中的「布衣」指什麼身分？","軍中將領","皇室宗親","平民百姓","地方官吏","2","平民百姓","","古代「布衣」常指未任官的平民；諸葛亮以此說明自己出仕前的身分。 正確答案：C「平民百姓」。","[""理解布衣原指平民所穿布衣。"",""文中用衣著借指未任官的平民身分。"",""選C。""]","「布衣」從衣著轉指未任官的平民，是身分借代；別把字面衣料當成句中的人物身分。","[]","","","","","","","","","","","","","","",""
"CHI-0195","國文","原創會考程度練習","","","九年級","文言文閱讀","古今異義","進階","單題選擇","「先帝不以臣卑鄙，猥自枉屈」中的「卑鄙」在古文裡最接近何義？","品格惡劣","言語粗俗","行為卑劣","身分低微、見識淺陋","3","身分低微、見識淺陋","","此處「卑鄙」是古今異義，指身分低微、見識淺陋，不是現代常見的品格惡劣。 正確答案：D「身分低微、見識淺陋」。","[""不要直接套用現代「卑鄙」的貶義。"",""前文「臣本布衣」提示諸葛亮出身平民。"",""古義為身分低微、見識淺陋，選D。""]","古今異義詞不可直接套用現代義；可用前文「臣本布衣」核對「卑鄙」描述的是身分與見識。","[]","","","","","","","","","","","","","","",""
"CHI-0196","國文","原創會考程度練習","","","九年級","文言文閱讀","古今異義與語境","中等","單題選擇","「此誠危急存亡之秋也」中的「秋」是指哪一種意思？","時刻、時候","秋季","收成","年齡","0","時刻、時候","","「危急存亡之秋」指危急存亡的時刻，「秋」並非季節，而是關鍵時候。 正確答案：A「時刻、時候」。","[""觀察「危急存亡」與「之秋」的搭配。"",""此語描述國勢處境，不在談季節。"",""「秋」指時刻，選A。""]","「危急存亡之秋」中的「秋」要看整個固定語境，表示關鍵時刻；不要只因字形就解作秋季。","[]","","","","","","","","","","","","","","",""
"CHI-0197","國文","原創會考程度練習","","","九年級","文言文閱讀","文言詞類活用","進階","單題選擇","《桃花源記》中漁人離開桃花源後「處處誌之」，其中「誌」的意思是什麼？","寫文章","做記號","立志向","記住姓名","1","做記號","","「誌」在此作動詞，指做記號；漁人沿途標記，後來再尋訪卻未能找到。 正確答案：B「做記號」。","[""由後文再尋桃花源的情節推知此字功能。"",""沿途留下的是位置標記。"",""「誌」指做記號，選B。""]","同一個字可能兼有名詞、動詞等用法；《桃花源記》後文說再尋訪，能反推「誌」是沿途做記號。","[]","","","","","","","","","","","","","","",""
"CHI-0198","國文","原創會考程度練習","","","九年級","文學閱讀","類比論證與主旨","進階","單題選擇","《陋室銘》以「山不在高，有仙則名；水不在深，有龍則靈」起筆，接著說「斯是陋室，惟吾德馨」，主要用意為何？","證明山越高越容易有仙人","介紹各地山川形成方式","借山水說明居所價值不在外表，而在內在品格","比較河流深度與居住人口","2","借山水說明居所價值不在外表，而在內在品格","","作者先以山水因仙龍而顯名靈作比，再引出陋室因主人德行而不陋的主旨。 正確答案：C「借山水說明居所價值不在外表，而在內在品格」。","[""觀察山水有名、有靈的原因。"",""關鍵不在山高水深，而在其中的仙龍。"",""類比陋室價值由主人品德決定，選C。""]","讀《陋室銘》的起筆類比，要找出山水顯名、顯靈的共同原因，再對應陋室與主人的品德；不是在說自然地理。","[]","","","","","","","","","","","","","","",""
"CHI-0199","國文","原創會考程度練習","","","九年級","文學閱讀","譬喻與景物理解","進階","單題選擇","《記承天寺夜遊》寫「庭下如積水空明，水中藻、荇交橫，蓋竹柏影也」，實際上庭院中呈現的是什麼？","池塘真的蓄滿清水","雨後地面積水","藻類覆蓋整座庭院","月光與竹柏影交錯的景象","3","月光與竹柏影交錯的景象","","作者以積水比喻澄澈月光，以藻荇比喻竹柏影，寫出月夜庭院清幽明亮。 正確答案：D「月光與竹柏影交錯的景象」。","[""判斷庭院是否真的有水池。"",""前文點明月色，竹柏影投在庭下。"",""積水、藻荇都是月光與樹影的譬喻，選D。""]","辨認《記承天寺夜遊》的譬喻時，分清月光與竹柏影的實景，以及「積水、藻荇」的比喻形象。","[]","","","","","","","","","","","","","","",""
"CHI-0200","國文","原創會考程度練習","","","九年級","閱讀理解","根據文本推論","中等","閱讀理解","短文：「校園將閒置角落改成共享書架。學生可自由取閱，也能放入讀完的書。三個月後，書架上的書籍種類增加，使用人數也逐漸上升。」最合理的推論是什麼？","共享制度促進書籍流通與參與","學生已不再需要圖書館","書籍種類增加代表所有人都讀完每本書","共享書架只能由教師使用","0","共享制度促進書籍流通與參與","","可取閱、可補入的共享規則讓書籍持續流通；種類與使用人數增加顯示學生逐步參與。 正確答案：A「共享制度促進書籍流通與參與」。","[""整理短文中的制度：可取閱、也可放入。"",""對照三個月後種類與使用人數的變化。"",""合理推論共享促進流通和參與，選A。""]","文本推論只採用題目給的制度與前後變化；人數增加支持參與度提高，但不能推出每個人都讀完每一本書。","[]","","","","","","","","","","","","","","",""
"CHI-0201","國文","原創會考程度練習","","","九年級上","修辭","譬喻與景物特徵推論","中等","短文閱讀選擇","雨後的操場像一面剛擦亮的鏡子，映出跑道旁的樹影。這個譬喻最主要凸顯操場哪一項特徵？","被周圍的樹木遮蓋","表面光亮，能映照景物","空氣潮濕而充滿霧氣","跑道顏色鮮紅醒目","1","表面光亮，能映照景物","","鏡子能映照周圍景物；題幹明寫樹影映在操場上，因此選 B「表面光亮，能映照景物」，凸顯雨後地面的光亮與反射效果。題幹沒有提供地面是否平整的資訊，不能把「平整」當作判斷依據。","[""從「像」辨認本體操場與喻體鏡子。"",""找出兩者在題幹中的共同特徵：都能映出周圍景物。"",""據此選表面光亮、可以映照景物的選項 B；題目沒有提供地面平整與否的線索。""]","解讀譬喻時不要只辨認「像」字；要從喻體的特徵找出它與本體的相似處，再回扣題幹細節。","[]","","","","","","","","","","","","","","",""
"CHI-0202","國文","原創會考程度練習","","","九年級上","修辭","擬人與動作主體判讀","中等","單題選擇","下列哪一句不是單純描述自然現象，而是把景物寫成能主動替另一個對象做事？","遠山的高度約有八百公尺。","溪水沿著石縫流向低處。","晨霧替山峰披上一件薄紗。","落葉被風吹到路邊。","2","晨霧替山峰披上一件薄紗。","","正解是 C「晨霧替山峰披上一件薄紗。」C句把晨霧寫成會替山峰「披」衣的人，讓無生命的自然景物具有人的動作，運用擬人；其餘句子是在客觀描述高度、流動或受風吹動。","[""逐句確認動作的主體是人、自然物，還是受外力作用的事物。"",""C句讓晨霧主動「替山峰披上」薄紗，呈現人的行為。"",""因此 C 把景物人格化，答案為索引 2。""]","判斷擬人時看非人事物是否被賦予人的意志或行動；自然物移動或受外力影響本身不等於擬人。","[]","","","","","","","","","","","","","","",""
"CHI-0203","國文","原創會考程度練習","","","九年級上","修辭","排比結構與表達效果","中等","單題選擇","「有人在雨中守護路口，有人在校園整理物資，有人在教室安撫同學。」這三個相近句式連續列舉不同人物的行動，最能強化哪一種印象？","不同工作彼此衝突，難以同時進行","三個行動依時間先後造成因果變化","同一個人獨力完成了所有工作","不同位置的人都投入守護與協助","3","不同位置的人都投入守護與協助","","正解是 D「不同位置的人都投入守護與協助」。三個「有人……」分句句式相近，分別列出不同地點的行動；排比使例子逐一累積，凸顯眾人共同投入。","[""切分三個以「有人」起頭的分句。"",""注意每句的人物與地點不同，但都在採取協助行動。"",""排比累積出眾人共同投入的印象，答案為索引 3。""]","分析排比效果時，除了確認句式相似，也要概括各分句共同指向的意思；結構相似不必然代表行動有先後因果。","[]","","","","","","","","","","","","","","",""
"CHI-0204","國文","原創會考程度練習","","","九年級上","修辭","映襯與時段氛圍","中等","短文閱讀選擇","短文：「白天，市場裡人聲鼎沸；打烊後，巷子安靜得只聽見雨滴。」作者並列兩個時段的相反景象，主要讓讀者感受到什麼？","以動靜對照凸顯巷子的變化","用排比列出市場的營業流程","以誇飾說明雨勢大到淹沒街道","用借代指出市場裡的某位商人","0","以動靜對照凸顯巷子的變化","","正解是「以動靜對照凸顯巷子的變化」。「人聲鼎沸」與「只聽見雨滴」形成白天喧鬧、夜晚寧靜的對照，凸顯巷子景象隨時段改變。","[""找出白天與打烊後的兩種景象。"",""前者喧鬧，後者安靜，兩者形成對照。"",""對照效果是凸顯巷子的時段變化，答案為索引 0。""]","讀映襯或對比句，先各自概括兩端的景象，再說明並置後突顯的差異；不要把單純列舉誤認為排比。","[]","","","","","","","","","","","","","","",""
"CHI-0205","國文","原創會考程度練習","","","九年級上","修辭","誇飾與語意效果","中等","單題選擇","「他在操場跑了幾圈，累得彷彿連一根手指都抬不起來。」對「連一根手指都抬不起來」的理解，何者最恰當？","以手指外形比喻操場跑道","刻意放大疲累程度，不宜當成實際測量","縮小運動量，表示他其實毫不疲倦","以手指代稱全班同學的行動","1","刻意放大疲累程度，不宜當成實際測量","","正解是 B「刻意放大疲累程度，不宜當成實際測量」。「連一根手指都抬不起來」刻意把疲累程度說得極大，目的在加強感受，不是提供精確的生理測量，因此屬於誇飾。","[""先判斷句子描述的核心感受是跑步後的疲累。"",""檢查「一根手指也不能抬」是否為精確可驗的體力測量；此處是刻意放大的說法。"",""表達效果是強調疲累，不是字面比喻或借代，答案為索引 1。""]","誇飾是刻意超出事實尺度來加強感受；判讀時要分清作者的修辭效果與可核實的字面陳述。","[]","","","","","","","","","","","","","","",""
"CHI-0206","國文","原創會考程度練習","","","九年級上","修辭","借代與語境指涉","中等","單題選擇","報導寫道：「白衣天使連日投入偏鄉巡診。」依「巡診」的語境，「白衣天使」指誰？","偏鄉居民","新聞記者","醫護人員","志工學生","2","醫護人員","","正解是「醫護人員」。「白衣天使」以醫護人員常穿的白袍及救助病患的形象，代稱醫護人員。","[""先判斷句子中的「白衣天使」是否指真正的天使。"",""「巡診」是醫療服務，提供者應是醫療工作者。"",""以形象代稱醫護人員，答案為索引 2。""]","判讀借代語詞時，先用句中的行動和情境確認指涉對象，再辨認用來代稱它的服飾、器物或特徵。","[]","","","","","","","","","","","","","","",""
"CHI-0207","國文","原創會考程度練習","","","九年級上","修辭","自問自答與語氣作用","中等","單題選擇","「面對這場挑戰，我們能只等待別人改變嗎？不能，先從自己能做的事開始。」作者先提問再作答，主要藉此達成什麼效果？","詢問讀者的姓名，蒐集個人資料","不期待答案，只用問句描寫景色","列舉多項選擇，讓讀者任意挑選","提出問題後立即回答，提醒讀者採取行動","3","提出問題後立即回答，提醒讀者採取行動","","正解是 D「提出問題後立即回答，提醒讀者採取行動」。作者提出「能只等待別人改變嗎」後立即回答「不能」，再給出行動方向，形成自問自答的設問方式，強調讀者應主動採取行動。","[""標出作者提出的問題及緊接著的回答「不能」。"",""因為作者自己回答，這不是等待讀者提供資訊的真實疑問。"",""問答把立場說得明確，並引向實際行動，答案為索引 3。""]","自問自答要同時讀問題和回答，並觀察回答如何引出作者主張；不可只看到問號就判定作者真的在徵詢資訊。","[]","","","","","","","","","","","","","","",""
"CHI-0208","國文","原創會考程度練習","","","九年級上","閱讀理解","轉折關係與主旨","中等","短文閱讀選擇","閱讀：「我原以為修復老屋只是把牆面補好。走進屋內，看見木窗上留下的刻痕，也聽到鄰居說起一家人曾在此生活的故事。原來，修復還包括保存人們共同的記憶。」作者對修復老屋的看法有何轉變？","從只重視建築外觀轉為重視歷史記憶","從反對修復轉為主張拆除老屋","從關心鄰居轉為只想研究木材","從認為老屋已完整轉為認為它毫無價值","0","從只重視建築外觀轉為重視歷史記憶","","正解是「從只重視建築外觀轉為重視歷史記憶」。作者先把修復理解為修補牆面，後來由刻痕與鄰居故事體會到修復也要保存共同記憶。","[""讀出作者原先的想法：修復就是補好牆面。"",""找出促成改變的線索：木窗刻痕及鄰居的故事。"",""作者因此把修復的意義擴展到保存歷史記憶，答案為索引 0。""]","追蹤觀點轉變時，分別整理作者原先看法、後來觀察到的線索，以及連接兩者的轉折語「原來」。","[]","","","","","","","","","","","","","","",""
"CHI-0209","國文","原創會考程度練習","","","九年級上","閱讀理解","指示詞與篇章連貫","中等","短文閱讀選擇","閱讀：「圖書館將舊報紙依日期分類，再把標題和索引輸入資料庫。這項整理讓讀者不必逐份翻找，也能較快找到所需資料。」文中的「這項整理」指什麼？","讀者逐份翻閱舊報紙","將報紙按日期分類並建立標題索引","圖書館購買新的報紙","讀者查詢資料的需求","1","將報紙按日期分類並建立標題索引","","正解是「將報紙按日期分類並建立標題索引」。「這項整理」承接前句所述的兩項工作：依日期分類舊報紙，以及將標題和索引輸入資料庫。","[""找到指示詞「這項整理」。"",""回看它前面的句子，確認圖書館所做的工作。"",""指示詞概括分類及建立索引兩項措施，答案為索引 1。""]","指示詞通常回指前文；先找最近且語意完整的先行內容，再確認它是否涵蓋分類與建索引兩項工作。","[]","","","","","","","","","","","","","","",""
"CHI-0210","國文","原創會考程度練習","","","九年級上","閱讀理解","因果與推論","中等","短文閱讀選擇","閱讀：「班級把回收箱移到走廊轉角，並貼上清楚標示。一週後，混入一般垃圾的瓶罐減少了。導師認為，回收點更容易看見，可能是分類改善的原因。」哪項是文中提出的可能原因？","學生人數突然減半","瓶罐的材質改變","回收箱較容易被看見","一般垃圾桶被移出校園","2","回收箱較容易被看見","","正解是「回收箱較容易被看見」。材料明確指出，回收點更容易看見可能使分類改善；其他選項沒有文本依據。","[""找出結果：混入一般垃圾的瓶罐減少。"",""找出導師提出的解釋：回收點更容易看見。"",""因此可能原因是回收箱較容易被看見，答案為索引 2。""]","因果推論要區分觀察到的結果與作者提出的可能原因；「可能」表示合理解釋，不等於已排除其他因素。","[]","","","","","","","","","","","","","","",""
"CHI-0211","國文","原創會考程度練習","","","九年級上","閱讀理解","論點與反例","進階","短文閱讀選擇","閱讀：「有人認為讀書一定要在安靜的房間。小芸在通勤途中利用耳塞閱讀，仍能完成指定進度。這個例子顯示，讀書環境不必完全相同，重點是找到適合自己的方式。」小芸的例子在文中的作用是什麼？","證明所有人都應在通勤時讀書","支持通勤途中絕對無法讀書","說明耳塞比書籍更重要","以具體例子補充並修正「一定要在安靜房間」的說法","3","以具體例子補充並修正「一定要在安靜房間」的說法","","正解是「以具體例子補充並修正「一定要在安靜房間」的說法」。小芸的經驗指出讀書不一定只能在安靜房間，支持作者提出的「找到適合自己的方式」，並修正原先過於絕對的說法。","[""確認前文的主張是讀書「一定」要在安靜房間。"",""小芸在通勤時使用耳塞仍完成進度，構成不同情況的例子。"",""例子用來修正絕對說法，支持環境可因人調整，答案為索引 3。""]","分析例子在論說文中的功能時，對照它所回應的原主張，並檢查例子支持的是普遍結論還是修正絕對語氣。","[]","","","","","","","","","","","","","","",""
"CHI-0212","國文","原創會考程度練習","","","九年級上","閱讀理解","語氣與態度判讀","中等","短文閱讀選擇","閱讀：「第一次做木工，我把木板切歪了。師傅沒有替我重做，只問我量線時少看了什麼。第二次我放慢速度，先確認記號再下刀，作品雖不完美，卻比第一次穩當。」作者對這次學習經驗的態度最接近哪一項？","從錯誤中反省並逐步進步","抱怨師傅沒有替自己完成作品","覺得作品完美才值得肯定","認為失敗證明自己不適合學習","0","從錯誤中反省並逐步進步","","正解是「從錯誤中反省並逐步進步」。作者指出自己檢查方法並在第二次改善，雖然作品仍不完美，仍肯定逐步進步的過程。","[""找出第一次失誤：木板切歪。"",""留意第二次的改變：先確認記號再下刀。"",""作品更穩當，顯示作者從錯誤中反省並進步，答案為索引 0。""]","推論人物態度要用行動變化作證；作者承認作品不完美，同時指出第二次操作更穩當，語氣並非全盤否定。","[]","","","","","","","","","","","","","","",""
"CHI-0213","國文","原創會考程度練習","","","九年級上","閱讀理解","篇章結構與順序","中等","短文閱讀選擇","閱讀：「先把種子泡水，接著放進土裡；發芽後移到日照充足處，最後記錄葉片變化。」這段文字採用何種組織方式？","先提出反方意見再反駁","依照操作先後順序說明","按重要程度由高至低排列","以人物對話呈現衝突","1","依照操作先後順序說明","","正解是「依照操作先後順序說明」。「先、接著、發芽後、最後」標示操作步驟的時間先後，全文依程序順序組織。","[""圈出表示順序的詞語。"",""確認各動作按種植流程依次發生。"",""因此本文依操作先後順序說明，答案為索引 1。""]","辨認程序順序時留意「先、接著、後、最後」等標記，並確認句中描述的是連續步驟而非重要性排序。","[]","","","","","","","","","","","","","","",""
"CHI-0214","國文","原創會考程度練習","","","九年級上","閱讀理解","比較與對照","中等","短文閱讀選擇","閱讀：「紙本地圖能讓人一眼看見周邊路線，卻不會自動更新；導航軟體會即時提示塞車，但使用者若只盯著螢幕，也可能忽略路旁標誌。」作者比較兩種工具，主要指出什麼？","導航軟體在任何情況下都較安全","紙本地圖無法顯示任何路線","兩者各有優點與使用限制","兩種工具都不適合規畫行程","2","兩者各有優點與使用限制","","正解是「兩者各有優點與使用限制」。文章分別指出紙本地圖與導航軟體的優點及限制，重點是比較兩者各有所長，使用時也有需要留意之處。","[""整理紙本地圖的優點與限制。"",""整理導航軟體的優點與限制。"",""兩者都不是毫無缺點，作者是在比較各自的特點，答案為索引 2。""]","比較兩種工具時分別整理各自的優點和限制；作者並列兩端，不代表其中一種在所有情況都較好。","[]","","","","","","","","","","","","","","",""
"CHI-0215","國文","原創會考程度練習","","","九年級上","閱讀理解","根據表格判讀","中等","單題選擇","班級記錄每趟通勤的平均時間：步行 18 分鐘、公車 25 分鐘、腳踏車 12 分鐘。若一名學生上課日每天往返都騎腳踏車，連續五天相較於步行共節省多少通勤時間？","30 分鐘，只計五天的單程差","12 分鐘，只計一天的往返差","120 分鐘，把每天的往返差多算一倍","60 分鐘，五天各往返一次的時間差","3","60 分鐘，五天各往返一次的時間差","","正解是「60 分鐘，五天各往返一次的時間差」。每趟步行比騎車多 18−12＝6 分鐘；每天往返省 6×2＝12 分鐘，五天共省 12×5＝60 分鐘。","[""先算每趟的時間差：18−12＝6 分鐘。"",""每天往返兩趟方向，故一天省 6×2＝12 分鐘。"",""連續五天共省 12×5＝60 分鐘，答案為索引 3。""]","表格計算先確認數值代表單程或往返，再乘上實際天數；避免只算單趟或把往返重複計算。","[]","","","","","","","","","","","","","","",""
"CHI-0216","國文","原創會考程度練習","","","九年級上","閱讀理解","作者觀點與主旨","中等","短文閱讀選擇","閱讀：「有人把老照片掃描存檔，認為如此便完成保存。可是照片背面的人名、日期和地點若未記錄，日後仍難以辨認其中故事。因此，保存影像之外，也要保存相關說明。」作者主要主張什麼？","影像保存應搭配脈絡資料","紙本照片不應掃描","所有老照片都必須公開展示","照片背面的文字沒有保存價值","0","影像保存應搭配脈絡資料","","正解是「影像保存應搭配脈絡資料」。作者指出只有影像檔仍可能失去人物與事件背景，因此主張保存影像時也應保留相關說明。","[""找出作者指出的問題：照片缺少人名、日期和地點便難以理解。"",""確認作者提出的補充措施：保存相關說明。"",""主旨是影像及脈絡資料都要保存，答案為索引 0。""]","抓主旨時比較問題與作者提出的對策；「因此」後的保存說明回應了影像檔缺少人事時地脈絡的問題。","[]","","","","","","","","","","","","","","",""
"CHI-0217","國文","原創會考程度練習","","","九年級上","閱讀理解","證據與推論","進階","短文閱讀選擇","閱讀：「校方試行午休後開放操場兩週。參與的學生較願意下午步行上樓，導師也觀察到部分班級較少趴睡。校方因此表示，這項安排可能有助於學生提振精神，但仍需蒐集更長期資料。」哪項推論最符合材料？","所有學生的精神都已明顯改善","初步觀察支持此安排可能有幫助，但尚不足以證明長期效果","兩週資料已證明此安排適用所有學校","操場開放是學生下午不趴睡的唯一原因","1","初步觀察支持此安排可能有幫助，但尚不足以證明長期效果","","正解是「初步觀察支持此安排可能有幫助，但尚不足以證明長期效果」。材料呈現兩週試行的初步觀察，也明說仍需長期資料，因此只能推論可能有幫助，不能視為已證明普遍或長期效果。","[""找出目前證據範圍：只試行兩週，且觀察結果涉及部分班級。"",""注意材料明確保留限制：仍需蒐集更長期資料。"",""所以只能推論此安排可能有幫助，不能說已證明普遍或長期效果；答案為索引 1。""]","評估研究結論時比對樣本、觀察期間和作者的限制聲明；短期局部觀察只能支持暫時性推論，不能證成普遍因果。","[]","","","","","","","","","","","","","","",""
"CHI-0218","國文","原創會考程度練習","","","九年級上","修辭","譬喻與擬人辨析","進階","短文閱讀選擇","閱讀：「河面像一條銀色的帶子，蜿蜒穿過田野；岸邊的柳枝則低頭向水面問候。」下列對兩句修辭的判斷何者正確？","前句是擬人，後句是譬喻","兩句都只有誇飾","前句是譬喻，後句是擬人","兩句都沒有修辭","2","前句是譬喻，後句是擬人","","正解是「前句是譬喻，後句是擬人」。前句以「像」把河面比作銀色帶子，是譬喻；後句讓柳枝「低頭問候」，賦予人的動作，是擬人。","[""前句以「像」連接河面和銀色帶子，構成譬喻。"",""後句把柳枝寫成會「低頭」「問候」的人，構成擬人。"",""兩句依序是譬喻、擬人，答案為索引 2。""]","同段出現多種修辭時逐句拆開判讀：先找明示喻詞，再看非人事物是否被賦予人的行為，別把兩句的手法對調。","[]","","","","","","","","","","","","","","",""
"CHI-0219","國文","原創會考程度練習","","","九年級上","閱讀理解","連接詞與論述關係","中等","短文閱讀選擇","閱讀：「新操場增加了遮雨棚，因此下雨時仍可進行部分活動；然而，場地可容納的人數有限，課程仍須分組安排。」文中的「然而」連接哪種關係？","因果，說明場地有限造成下雨","遞進，補充遮雨棚的另一項優點","並列，列出兩種相同的設施","轉折，指出增加遮雨棚後仍存在的限制","3","轉折，指出增加遮雨棚後仍存在的限制","","正解是「轉折，指出增加遮雨棚後仍存在的限制」。前句說明遮雨棚帶來的便利，後句用「然而」轉而指出容量限制，形成轉折。","[""讀出「因此」前的好處：雨天仍可進行部分活動。"",""讀出「然而」後的限制：場地容量有限，仍須分組。"",""後句轉折補充前述便利的限制，答案為索引 3。""]","連接詞的關係要看前後命題如何相接；「然而」後的內容限制前句好處，不能只按詞語位置猜因果。","[]","","","","","","","","","","","","","","",""
"CHI-0220","國文","原創會考程度練習","","","九年級上","閱讀理解","敘事觀點與人物描寫","中等","短文閱讀選擇","閱讀：「阿哲把最後一個麵包推到妹妹面前，說自己已經吃飽。母親看見他一直摸著空碗，才知道他其實也餓了。」作者主要透過什麼呈現阿哲體貼妹妹？","藉由阿哲讓出麵包的行動及母親的觀察","描寫麵包的製作過程","直接說明阿哲從小就十分善良","交代母親當天的工作內容","0","藉由阿哲讓出麵包的行動及母親的觀察","","正解是「藉由阿哲讓出麵包的行動及母親的觀察」。文中沒有直接評語，而是以阿哲讓出麵包及母親發現他仍餓著的細節，間接呈現他的體貼。","[""找出阿哲把最後一個麵包推給妹妹的行動。"",""母親看到空碗，才推知阿哲其實也餓，這個細節補充了讓食物的代價。"",""作者用行動與旁人觀察間接呈現體貼，答案為索引 0。""]","分辨直接描寫與間接描寫時，檢查作者是否直接貼上性格標籤，或讓行動和細節由讀者自行推知人物特質。","[]","","","","","","","","","","","","","","",""
"CHI-0221","國文","原創會考程度練習","","","九年級上","閱讀理解","主張與理由判讀","進階","短文閱讀選擇","閱讀：「校園應保留一處自然草地。草地能讓雨水滲入土壤，也提供昆蟲和小鳥棲息的空間。若全部鋪成水泥，雖然容易清掃，卻會減少這些功能。」作者支持保留草地的主要理由是什麼？","水泥地不容易清掃","草地具有雨水滲透及提供生物棲息等功能","草地可以完全取代校園建築","昆蟲和小鳥會妨礙所有校園活動","1","草地具有雨水滲透及提供生物棲息等功能","","正解是「草地具有雨水滲透及提供生物棲息等功能」。作者提出草地有助雨水滲透，也提供生物棲息空間，這兩項功能是支持保留草地的理由。","[""辨認作者主張：校園應保留自然草地。"",""找出主張後的理由：雨水滲透及生物棲息。"",""兩項功能共同支持保留草地，答案為索引 1。""]","分辨主張和理由時看句間功能：作者先表態，後文的雨水滲透與棲地功能才是支持主張的證據。","[]","","","","","","","","","","","","","","",""
"CHI-0222","國文","原創會考程度練習","","","九年級上","閱讀理解","段落功能判讀","中等","短文閱讀選擇","閱讀：「社區曾擔心新設的共享書架無人使用。志工先訪問居民，再依需求放入兒童讀物和工具書。三個月後，借閱紀錄顯示使用者逐漸增加。這段經驗讓我們知道，公共設施若要被善用，規畫前應先了解使用者需求。」末句在段落中的作用是什麼？","補充共享書架的外觀細節","提出與前文無關的新人物","由具體經驗歸納出規畫公共設施的原則","否定借閱紀錄的可信度","2","由具體經驗歸納出規畫公共設施的原則","","正解是「由具體經驗歸納出規畫公共設施的原則」。前文敘述共享書架的規畫和使用情況，末句從這個經驗歸納出「先了解需求」的原則。","[""確認前文提供一個社區共享書架的實例。"",""末句使用「這段經驗讓我們知道」引出概括看法。"",""末句由例子歸納一般原則，答案為索引 2。""]","判斷段落末句功能時，留意「這段經驗讓我們知道」是否把前面的個案提升成一般原則。","[]","","","","","","","","","","","","","","",""
"CHI-0223","國文","原創會考程度練習","","","九年級上","修辭","對偶修辭","進階","單題選擇","「山靜雲初白，林深鳥自啼。」就句式和內容而言，這兩句主要呈現哪種修辭特色？","先提出問題再自行回答","連續誇大山林的高度與深度","把雲和鳥都描寫成人物","上下句字數相近、結構相對，形成對偶","3","上下句字數相近、結構相對，形成對偶","","正解是「上下句字數相近、結構相對，形成對偶」。上下句字數相同，詞語位置相應：「山」對「林」、「靜」對「深」、「雲」對「鳥」，形成對偶句式。","[""比較上下句字數，兩句各為五字。"",""觀察詞語位置及結構相應之處。"",""句式整齊相對，主要特色是對偶，答案為索引 3。""]","判讀對偶需同時比較字數、詞性位置和語意相應；不能只因兩句都寫山林景物就作判斷。","[]","","","","","","","","","","","","","","",""
"CHI-0224","國文","原創會考程度練習","","","九年級上","閱讀理解","事實與意見辨別","中等","短文閱讀選擇","閱讀：「本校圖書館上週共借出 420 本書。學生問卷中，六成受訪者希望增加漫畫區。圖書館主任認為，若新增漫畫區，借閱人次可能會再提高。」哪一項是主任提出的推測，而非已記錄的事實？","新增漫畫區可能提高借閱人次","上週共借出 420 本書","六成受訪者希望增加漫畫區","問卷曾詢問學生意見","0","新增漫畫區可能提高借閱人次","","正解是「新增漫畫區可能提高借閱人次」。前兩項及問卷調查是已發生、已記錄的資料；主任對新增漫畫區效果的說法是尚待驗證的推測。","[""區分已完成的借閱紀錄與問卷結果。"",""留意主任使用「可能」描述未來效果。"",""新增漫畫區是否提高借閱人次尚未發生，因此是推測，答案為索引 0。""]","區分事實與推測，注意時間和證據是否已發生；「可能會」標示尚待驗證的預測。","[]","","","","","","","","","","","","","","",""
"CHI-0225","國文","原創會考程度練習","","","九年級上","閱讀理解","結尾照應與主旨","進階","短文閱讀選擇","閱讀：「搬家那天，父親把一盆老蘭花留在窗邊。我問他為什麼不帶走，他只說：『新房子也需要一點熟悉的味道。』多年後，我照顧自己的陽臺時，也留了一盆蘭花。原來，有些家的記憶會跟著人一起長大。」末句的作用最接近哪一項？","交代蘭花的栽培方法","由眼前的蘭花回扣過往經驗，點出記憶延續的主旨","表示作者已忘記父親的話","改以說明搬家所需的物品清單","1","由眼前的蘭花回扣過往經驗，點出記憶延續的主旨","","正解是「由眼前的蘭花回扣過往經驗，點出記憶延續的主旨」。末句把作者現在照顧蘭花的經驗連回父親當年留下蘭花的往事，點出家的記憶會延續的主旨。","[""找出前文的關鍵物件：父親留下的蘭花。"",""比對作者多年後也照顧蘭花的呼應情節。"",""末句由物件回扣往事並歸納記憶延續的意義，答案為索引 1。""]","分析結尾照應時追蹤前後重現的物件與情節，再說明末句如何把個人回憶提升為全文主旨。","[]","","","","","","","","","","","","","","",""
"CHI-0226","國文","原創會考程度練習","","","九年級","詩詞閱讀","景物與意境","中等","單題選擇","「白日依山盡，黃河入海流」描寫夕陽與河流，主要營造何種視野？","幽暗狹窄","喧鬧繁忙","遼闊壯觀","細碎柔弱","2","遼闊壯觀","","山、河、海構成廣大空間，夕陽西下與河流奔向海洋更顯景象壯闊。 正確答案：C「遼闊壯觀」。","[""找出詩中的山、河、海等空間景物。"",""觀察景物由高處延伸至遠方。"",""畫面遼闊壯觀，選C。""]","推論詩句視野時把兩句景物連起來看：夕陽依山而落，黃河又奔向大海，空間由近景延伸到遠方。","[]","","","","","","","","","","","","","","",""
"CHI-0227","國文","原創會考程度練習","","","九年級","詩詞閱讀","詩句寓意","進階","單題選擇","「不識廬山真面目，只緣身在此山中」最適合說明什麼？","山中氣候一定多變","所有景物都無法辨認","登山必須依靠地圖","身處局中可能難以看清全貌","3","身處局中可能難以看清全貌","","身在山中只見局部，反而難辨廬山全貌；常比喻身處事情之中不易客觀判斷。 正確答案：D「身處局中可能難以看清全貌」。","[""理解「身在此山中」造成視角受限。"",""局部觀察不等於全體面貌。"",""寓意局中人難看全局，選D。""]","由寫景推寓意時先找限制視角的字句，再把山中只能見局部的經驗轉成一般處世道理。","[]","","","","","","","","","","","","","","",""
"CHI-0228","國文","原創會考程度練習","","","九年級","詩詞閱讀","意象與情志","中等","單題選擇","「會當凌絕頂，一覽眾山小」表現詩人什麼志向？","登高望遠、追求更高境界","害怕與他人競爭","安於現狀不再前進","只想描寫山的高度","0","登高望遠、追求更高境界","","詩人想登上最高峰俯瞰群山，展現勇於攀登、追求高遠目標的胸襟。 正確答案：A「登高望遠、追求更高境界」。","[""抓住「凌絕頂」與「一覽」的動作。"",""登頂象徵突破、追求更高境界。"",""選A。""]","詩句中的動作和目標常呈現志向；「凌絕頂」「一覽」一起構成主動攀登並擴展視野的形象。","[]","","","","","","","","","","","","","","",""
"CHI-0229","國文","原創會考程度練習","","","九年級","詩詞閱讀","情感詞判讀","基礎","單題選擇","「月落烏啼霜滿天，江楓漁火對愁眠」中，最直接點出詩人情緒的是哪個字？","月","愁","江","火","1","愁","","「愁眠」直接寫出詩人帶著愁緒難以安眠，是判讀情感的明確詞語。 正確答案：B「愁」。","[""先找景物，再找直接表達感受的詞。"",""「愁眠」不只是景物描寫，也寫出心情。"",""選B。""]","分辨情景與情感線索時，先辨認月、江、楓、火等景物，再找直接寫出心理狀態的詞。","[]","","","","","","","","","","","","","","",""
"CHI-0230","國文","原創會考程度練習","","","九年級","詩詞閱讀","譬喻與意象效果","中等","單題選擇","「忽如一夜春風來，千樹萬樹梨花開」以春景形容雪景，「梨花」最主要使讀者聯想到雪的哪種景象？","雪融化後水流遍地","寒風中枝條搖晃的聲音","白雪覆枝、繁盛如花盛開的畫面","落葉散在地面形成的顏色","2","白雪覆枝、繁盛如花盛開的畫面","","正解是「白雪覆枝、繁盛如花盛開的畫面」。詩句把冬日雪覆樹枝比作千樹梨花盛開，借梨花的潔白與繁盛呈現雪景，不是在寫真正的春花。","[""辨認實際描寫的是冬雪，梨花是用來比擬雪景的形象。"",""將梨花的白色和盛開狀態對照雪覆枝頭的視覺效果。"",""此意象呈現白雪覆枝、繁盛如花的畫面，答案為索引 2。""]","讀譬喻詩句時把本體和喻體分開，再比較顏色、形狀或動態等共同特徵，推論意象帶來的畫面。","[]","","","","","","","","","","","","","","",""
"CHI-0231","國文","原創會考程度練習","","","九年級","詩詞閱讀","比較與情感推論","中等","單題選擇","「桃花潭水深千尺，不及汪倫送我情」使用潭水深度與友情相比，主要強調友情如何？","只存在於傳說","短暫容易消失","冷淡而疏遠","深厚難以衡量","3","深厚難以衡量","","詩句以深千尺的潭水仍不及送別情誼，突出友情深厚。 正確答案：D「深厚難以衡量」。","[""比較潭水與送別情。"",""「不及」指出友情比深水更深。"",""強調情誼深厚，選D。""]","讀「不及」句式時比較兩端的分量：眼前景物是衡量基準，作者藉更深的情誼凸顯送別情感。","[]","","","","","","","","","","","","","","",""
"CHI-0232","國文","原創會考程度練習","","","九年級","文言文","文言詞性與句意","進階","單題選擇","文言句「故人不獨親其親，不獨子其子」中的「親其親」是什麼意思？","親愛自己的父母","與父母斷絕關係","拜訪親戚","只照顧自己的孩子","0","親愛自己的父母","","「親」前者作動詞，親愛；後一「親」指自己的父母，句意是不只親愛自己的父母。 正確答案：A「親愛自己的父母」。","[""辨認第一個「親」與第二個「親」的詞性差異。"",""第一個作動詞，第二個是親屬名詞。"",""指親愛自己的父母，選A。""]","《禮記》此句反覆使用「親」「子」；先看它們在句中的位置和搭配，辨別動詞「親愛」與名詞「父母」。","[]","","","","","","","","","","","","","","",""
"CHI-0233","國文","原創會考程度練習","","","九年級","文言文","文言實詞辨義","中等","單題選擇","「此人一一為具言所聞」中的「具」應解作什麼？","器具","詳細、全部","具備","一起","1","詳細、全部","","「具言」指詳細地說出；「具」在此作副詞，表示詳盡、全部。 正確答案：B「詳細、全部」。","[""把「具」放入「具言所聞」理解。"",""句中描述把所聽聞之事說出。"",""具言即詳細說明，選B。""]","古文單字要放進動賓結構判義；「具言」修飾「說」，表示說得詳盡，不是名詞器具。","[]","","","","","","","","","","","","","","",""
"CHI-0234","國文","原創會考程度練習","","","九年級","文言文","古今異義","中等","單題選擇","文言文「率妻子邑人來此絕境」中的「妻子」在古義中指什麼？","母親與女兒","成年配偶","妻子和兒女","鄰居家眷","2","妻子和兒女","","此處「妻子」是古今異義詞，指妻子與兒女，不只指配偶。 正確答案：C「妻子和兒女」。","[""先避免直接套用現代詞義。"",""句子列舉同行的一家人與邑人。"",""妻子指妻兒，選C。""]","辨析古今異義時以原句人物範圍為準；桃源人攜帶家眷同行，「妻子」在此包含妻與兒女。","[]","","","","","","","","","","","","","","",""
"CHI-0235","國文","原創會考程度練習","","","九年級","文言文","古今異義","進階","單題選擇","「阡陌交通，雞犬相聞」中的「交通」古義最接近何者？","人車往來頻繁","交通工具很多","交換商品","田間小路交錯相通","3","田間小路交錯相通","","文言「交通」指田間小路交錯相通，與現代常指運輸或人車往來不同。 正確答案：D「田間小路交錯相通」。","[""將詞放回描寫村落道路的語境。"",""前文的阡陌是田間小路。"",""交通指交錯相通，選D。""]","「交通」不可先套現代的運輸義；前面的「阡陌」已限定語境為田間小路，應理解為道路交錯相通。","[]","","","","","","","","","","","","","","",""
"CHI-0236","國文","原創會考程度練習","","","九年級","文言文","通假字","中等","單題選擇","文言句「便要還家，設酒殺雞作食」中的「要」應解作什麼？","通「邀」，邀請","重要","需要","約定時間","0","通「邀」，邀請","","「要」通「邀」，意為邀請；桃花源中人邀漁人回家設宴。 正確答案：A「通「邀」，邀請」。","[""依「還家、設酒」判斷上下文情境。"",""主人把漁人請回家款待。"",""「要」通「邀」，選A。""]","辨認通假字要先用上下文確認事件，再找讀音相近、語意通順的本字；設宴款待前的「要」是邀請。","[]","","","","","","","","","","","","","","",""
"CHI-0237","國文","原創會考程度練習","","","九年級","文言文","動詞與景物描寫","中等","單題選擇","「苔痕上階綠，草色入簾青」中的「上」和「入」使景物呈現什麼特色？","交代人物正在搬動苔草","景物彷彿主動蔓延，具有動態感","表示室內光線完全消失","說明階梯與窗簾的顏色","1","景物彷彿主動蔓延，具有動態感","","「上」「入」把苔痕、草色寫成向階梯與簾內延伸，讓陋室景物生動而有動態。 正確答案：B「景物彷彿主動蔓延，具有動態感」。","[""注意苔痕「上」階、草色「入」簾的動詞。"",""這些動作不是人物操作，而是景物的延展。"",""選B。""]","分析古文景物描寫時留意動詞的方向感；「上」「入」將苔痕和草色寫成向階與簾延展。","[]","","","","","","","","","","","","","","",""
"CHI-0238","國文","原創會考程度練習","","","九年級","文言文","篇章主旨","基礎","單題選擇","《陋室銘》以「斯是陋室，惟吾德馨」收束前段，作者認為居室不陋的關鍵是什麼？","房屋裝潢華麗","鄰居都是官員","居住者品德高尚","居室位於市中心","2","居住者品德高尚","","作者認為房屋雖簡陋，但居住者德行美好，便不覺得陋。 正確答案：C「居住者品德高尚」。","[""看「惟」字，找出作者強調的唯一關鍵。"",""「德馨」指品德美好。"",""室主品德決定陋室不陋，選C。""]","讀「斯是陋室，惟吾德馨」要注意「惟」標出作者強調的關鍵，並由「德馨」連結居室價值與品格。","[]","","","","","","","","","","","","","","",""
"CHI-0239","國文","原創會考程度練習","","","九年級","文言文","文言詞義","中等","單題選擇","「談笑有鴻儒，往來無白丁」中的「鴻儒」指什麼人？","體格高大的人","富有的商人","遠道而來的旅客","學識淵博的人","3","學識淵博的人","","「鴻儒」指博學之士；「白丁」指缺乏學問或未有功名的平民。 正確答案：D「學識淵博的人」。","[""以「談笑」和「往來」判斷是在描述交往對象。"",""「儒」與學問相關，「鴻」有大、博大的意思。"",""指學識淵博者，選D。""]","解讀複合詞時拆看構詞線索：「鴻儒」以「儒」指向學者，再由「鴻」推知學識廣博。","[]","","","","","","","","","","","","","","",""
"CHI-0240","國文","原創會考程度練習","","","九年級","文言文","描寫手法與景物特徵","進階","單題選擇","《小石潭記》寫「潭中魚可百許頭，皆若空遊無所依」，主要呈現潭水怎樣的特點？","清澈透明","深不見底且漆黑","水面結冰","混濁湍急","0","清澈透明","","魚像在空中游動、沒有依靠，反映潭水清澈到幾乎看不見水的存在。 正確答案：A「清澈透明」。","[""理解魚的游動看起來像在空中。"",""若水混濁便不會有此視覺效果。"",""凸顯潭水清澈，選A。""]","由「魚若在空中游」推景物特徵時，找出造成視覺錯覺的條件；魚身清楚可見而水幾乎隱去，凸顯水清。","[]","","","","","","","","","","","","","","",""
"CHI-0241","國文","原創會考程度練習","","","九年級","文言文","結尾作用與象徵","進階","單題選擇","《桃花源記》末尾劉子驥「欣然規往」卻未果，這個結尾主要帶來何種效果？","證明漁人故意說謊","增添桃花源難以尋訪的神秘感","交代桃花源已成為官府所在地","表示作者否定所有理想","1","增添桃花源難以尋訪的神秘感","","連名士也未能尋得桃花源，使其更像可望而不可即的理想境界，增添神秘與餘韻。 正確答案：B「增添桃花源難以尋訪的神秘感」。","[""追蹤劉子驥尋訪的結果。"",""連有名望者也找不到，理想境界更顯難尋。"",""選B。""]","判斷結尾效果時看事件是否有結果：劉子驥也未能找到桃花源，讓理想之地更添難以求證的餘韻。","[]","","","","","","","","","","","","","","",""
"CHI-0242","國文","原創會考程度練習","","","九年級","文言文","文言實詞辨義","進階","單題選擇","「肉食者謀之，又何間焉」中的「間」應解作什麼？","間隔","中間","參與","秘密","2","參與","","曹劌問平民為何參與權貴謀劃；「間」讀作參與，不是中間或間隔。 正確答案：C「參與」。","[""注意問句「又何……焉」在此詢問是否參與。"",""「謀之」指謀劃國事。"",""間為參與，選C。""]","「間」有空隙、間隔等常見義；本句接在權貴謀劃之後，結合反問語氣判斷為參與。","[]","","","","","","","","","","","","","","",""
"CHI-0243","國文","原創會考程度練習","","","九年級","文言文","人物動機與論證","進階","單題選擇","《曹劌論戰》中曹劌請見魯莊公，最主要的原因是什麼？","想藉機取得官職","要阻止魯國軍隊出征","希望與齊國結盟","認為作戰勝負取決於施政是否取信於民","3","認為作戰勝負取決於施政是否取信於民","","曹劌指出小恩小惠不能遍及百姓，祭祀誠信也須落實；魯莊公能盡力處理政事，才使他認為可一戰。 正確答案：D「認為作戰勝負取決於施政是否取信於民」。","[""找出曹劌對莊公前兩種回答的評價。"",""他認為小惠與小信不足以服眾，治理政事才有民心基礎。"",""因此請見是為分析能否作戰，選D。""]","理解《曹劌論戰》人物動機時逐一比較君主提出的政事與曹劌的評語，不能把小恩小信直接等同於取信於民。","[]","","","","","","","","","","","","","","",""
"CHI-0244","國文","原創會考程度練習","","","九年級","文言文","史傳語境與人物情感","中等","單題選擇","《出師表》提及「受任於敗軍之際，奉命於危難之間」，作者藉此回憶什麼？","先帝在危急時任用自己，自己因而承諾效力","自己曾打敗先帝軍隊","朝廷要求他遠離戰場","他拒絕接受任何職務","0","先帝在危急時任用自己，自己因而承諾效力","","諸葛亮回憶劉備兵敗危難時仍委以重任，自己因此感念知遇、承擔使命。 正確答案：A「先帝在危急時任用自己，自己因而承諾效力」。","[""辨認兩個時間背景：敗軍之際、危難之間。"",""回想先帝在困境中委任諸葛亮。"",""表達感恩並承擔使命，選A。""]","讀「受任」「奉命」要連同「敗軍」「危難」的時局，分辨受命背景、作者感念與承擔使命三層關係。","[]","","","","","","","","","","","","","","",""
"CHI-0245","國文","原創會考程度練習","","","九年級","文言文","語氣與人物心境","進階","單題選擇","《記承天寺夜遊》末句「但少閒人如吾兩人者耳」中的「閒人」最能表現什麼？","無所事事且厭惡生活","有閒情欣賞月色，也含自我調侃","拒絕與友人交往","專門負責看守寺院","1","有閒情欣賞月色，也含自我調侃","","蘇軾與張懷民夜遊賞月，「閒人」既點出清閒，也含遭貶後的自嘲與曠達。 正確答案：B「有閒情欣賞月色，也含自我調侃」。","[""回看兩人深夜相邀賞月的行動。"",""「閒」不只是無事，也關乎能否體會月色。"",""兼有閒情、自嘲與曠達，選B。""]","解釋蘇軾的「閒人」需合看深夜賞月的行動和被貶處境；語意同時包含閒情與自我調侃。","[]","","","","","","","","","","","","","","",""
"CHI-0246","國文","原創會考程度練習","","","九年級","閱讀理解","資料變化與因果推論","中等","閱讀理解","短文：「社區訪問長者後發現，許多閒置雨傘只因傘骨小故障便被丟棄。學生設置修繕桌，教居民更換傘骨；一學期後，垃圾量下降，參與修繕的人數增加。」最合理的推論是什麼？","雨傘故障已完全消失","居民不再需要購買任何用品","修繕活動延長用品使用並促進社區參與","垃圾量下降只能由天氣造成","2","修繕活動延長用品使用並促進社區參與","","學生提供修繕方法，讓物品繼續使用；垃圾量下降與參與增加支持活動具有環保及社區參與效果。 正確答案：C「修繕活動延長用品使用並促進社區參與」。","[""整理活動做法：教居民修傘。"",""對照一學期後垃圾量與參與人數變化。"",""可推論延長用品使用並增加參與，選C。""]","由活動與結果推論時連結修繕做法、垃圾量和參與人數；資料支持可能效果，但不宜延伸成垃圾完全消失。","[]","","","","","","","","","","","","","","",""
"CHI-0247","國文","原創會考程度練習","","","九年級","閱讀理解","說明文與實驗設計","進階","閱讀理解","短文：「小組比較兩種不同材質的杯子保溫效果，先將相同溫度的熱水倒入杯中，每隔五分鐘測量一次，並確保杯口都以相同方式覆蓋。」這項實驗控制相同條件的主要目的為何？","讓水溫一定維持不變","使不同杯子的容量隨時間改變","避免記錄測量結果","使杯子材質成為主要比較因素，提升公平性","3","使杯子材質成為主要比較因素，提升公平性","","水的初溫、測量間隔和杯口覆蓋方式都一致，能減少其他變因干擾，較公平比較杯子材質。 正確答案：D「使杯子材質成為主要比較因素，提升公平性」。","[""研究問題是比較兩種材質杯子的保溫效果。"",""初始水溫、測量間隔和杯口覆蓋方式也會影響降溫，因此需要固定。"",""控制這些變因才能較公平地比較材質，答案為索引 3。""]","實驗設計先找操縱變因（杯子材質），再辨認可能影響結果的控制變因；公平比較不等於讓水溫完全不變。","[]","","","","","","","","","","","","","","",""
"CHI-0248","國文","原創會考程度練習","","","九年級","閱讀理解","資料判讀與證據","中等","閱讀理解","短文：「圖書館原先只在平日開放。調查發現，多數上班族和學生週末才有空，因此館方試辦週六延長開館，三個月後週末借閱人次增加。」下列何者最能說明這項改變的依據？","使用者需求調查與試辦後的借閱數據","書籍封面顏色","館員個人偏好","平日天氣變化","0","使用者需求調查與試辦後的借閱數據","","館方先調查使用者時間需求，再用試辦期間的借閱人次檢視措施成效，決策有資料支持。 正確答案：A「使用者需求調查與試辦後的借閱數據」。","[""找出決策前蒐集的資訊：使用者何時有空。"",""再看措施實施後的借閱人次變化。"",""調查與成效數據是依據，選A。""]","評估措施依據時區分事前需求調查與事後成效數據；兩種資料分別回答為何試辦及試辦後如何。","[]","","","","","","","","","","","","","","",""
"CHI-0249","國文","原創會考程度練習","","","九年級","閱讀理解","論證流程與證據","中等","閱讀理解","短文：「公園新增飲水台後，志工每週記錄使用量；若某處連續兩週幾乎無人使用，便訪問附近居民，再決定是否調整位置。」志工採取的做法最符合哪一項？","不看使用者需求，立刻拆除所有設備","先蒐集資料，再依使用情形調整方案","假設每個地點的需求完全相同","只依一次觀察下結論","1","先蒐集資料，再依使用情形調整方案","","志工先持續記錄，再訪問居民確認原因，最後才決定是否調整，屬以證據逐步修正方案。 正確答案：B「先蒐集資料，再依使用情形調整方案」。","[""整理流程：記錄、訪談、再決定。"",""多種資料能降低單次觀察造成的誤判。"",""依證據調整方案，選B。""]","判斷決策是否依證據，依序追蹤觀察紀錄、追加訪談和最後調整，不能把單次低使用量當成完整原因。","[]","","","","","","","","","","","","","","",""
"CHI-0250","國文","原創會考程度練習","","","九年級","閱讀理解","語意精確與公告理解","中等","閱讀理解","短文：「校刊編輯發現，讀者常把『截至週五』誤解為『週五之後』。新版公告改寫為『最晚請於週五放學前繳交』，並附上範例。」新版公告主要改善什麼？","延長所有活動的時間","取消繳交期限","降低期限文字造成的理解歧義","增加公告中的修辭","2","降低期限文字造成的理解歧義","","新版以「最晚」「週五放學前」明確標示截止點，並附例子，能降低讀者對期限的誤解。 正確答案：C「降低期限文字造成的理解歧義」。","[""比較舊說法與新說法的差異。"",""新版指出明確日期及截止時點。"",""改善的是資訊清楚度，選C。""]","改寫公告要找出舊句造成的時間歧義，再核對新版是否明確寫出截止日期與具體時點。","[]","","","","","","","","","","","","","","",""
"CHI-0251","國文","原創會考程度練習","","","九年級","文言文","文言實詞辨義","中等","單題選擇","文言「吾日三省吾身」中的「省」應解作什麼？","節省","探望","省略","反省、檢查","3","反省、檢查","","「三省吾身」指多次反省自己，檢查言行是否合宜。 正確答案：D「反省、檢查」。","[""把「省」放回「三省吾身」理解。"",""句子談的是檢視自己的言行。"",""「省」意為反省，選D。""]","「省」有探望、節省等義；本句以「吾身」為檢查對象，應依反覆檢視自身言行來判斷。","[]","","","","","","","","","","","","","","",""
"CHI-0252","國文","原創會考程度練習","","","九年級","文言文","名句主旨","基礎","單題選擇","「己所不欲，勿施於人」主要提醒人們如何待人？","不要把自己不願承受的事加諸他人","只照顧與自己相同的人","凡事都要先要求別人","遇事一律保持沉默","0","不要把自己不願承受的事加諸他人","","句意是自己不喜歡的事，不要施加在別人身上，強調推己及人。 正確答案：A「不要把自己不願承受的事加諸他人」。","[""先找出「己所不欲」與「勿施於人」的對應。"",""把自己的感受作為理解他人處境的依據。"",""選A。""]","理解「己所不欲，勿施於人」時把前後兩個「己／人」對照，掌握由自身感受推及他人的倫理原則。","[]","","","","","","","","","","","","","","",""
"CHI-0253","國文","原創會考程度練習","","","九年級","文言文","對偶句與主旨","中等","單題選擇","「學而不思則罔，思而不學則殆」主張學習時應如何做？","只背誦不理解","把閱讀與思考結合","只空想不求證","完全依賴他人答案","1","把閱讀與思考結合","","孔子指出只學不思會迷惘，只思不學會有疑惑，主張學思並重。 正確答案：B「把閱讀與思考結合」。","[""對照兩個分句各自指出的問題。"",""只做其中一項都不足。"",""應將學習與思考結合，選B。""]","比較「學」與「思」兩個分句的後果，才能看出句子不是只偏重一方，而是主張兩者相互補足。","[]","","","","","","","","","","","","","","",""
"CHI-0254","國文","原創會考程度練習","","","九年級","文言文","通假字與詞義推論","進階","單題選擇","「知之為知之，不知為不知，是知也」中的最後一個「知」最接近何義？","知識很多","知道答案","明智","告訴他人","2","明智","","前兩個「知」指知道，末句「是知也」的「知」通「智」，意為明智；能誠實分辨已知與未知，才是真正的智慧。 正確答案：C「明智」。","[""比較前面的「知之」和句末「是知也」在句中的功能。"",""末句的「知」通「智」，總結前述誠實面對所知與未知的態度。"",""此處指明智，選C。""]","辨認通假與詞義時看字在句中的功能；本句前兩個「知」是知道，句末一字則通「智」，概括為明智。","[]","","","","","","","","","","","","","","",""
"CHI-0255","國文","原創會考程度練習","","","九年級","文言文","名句語意","基礎","單題選擇","「三人行，必有我師焉」最能表達哪種學習態度？","只向正式教師學習","認為自己永遠正確","避免與人交往","虛心向他人學習","3","虛心向他人學習","","孔子指出與人同行時也能發現可學之處，勉勵人虛心取長補短。 正確答案：D「虛心向他人學習」。","[""注意「必有我師」不是指每個人都有教師職稱。"",""而是每個人都可能有值得學習之處。"",""選D。""]","「必有我師」不是說同行者都具有教師身分，而是從每個人的言行中找出可學習之處。","[]","","","","","","","","","","","","","","",""
"CHI-0256","國文","原創會考程度練習","","","九年級","文言文","對比與詞義","中等","單題選擇","「君子坦蕩蕩，小人長戚戚」以「坦蕩蕩」和「長戚戚」對照，主要突出什麼差異？","君子心境寬廣，小人常憂懼不安","君子沉默寡言，小人善於演說","君子富有，小人貧窮","君子常生病，小人身體健康","0","君子心境寬廣，小人常憂懼不安","","「坦蕩蕩」形容胸襟開闊，「長戚戚」形容常懷憂懼；兩句對比心境。 正確答案：A「君子心境寬廣，小人常憂懼不安」。","[""先辨明兩個疊詞的情緒色彩。"",""一者安然開闊，一者憂懼不安。"",""選A。""]","讀對比句先分別解釋「坦蕩蕩」和「長戚戚」的情緒色彩，再由兩端差異概括君子與小人的心境。","[]","","","","","","","","","","","","","","",""
"CHI-0257","國文","原創會考程度練習","","","九年級","詩詞閱讀","感官描寫","中等","單題選擇","詩句「兩個黃鸝鳴翠柳，一行白鷺上青天」主要運用何種描寫方式？","單純交代人物對話","色彩與聲音交織的景物描寫","說明鳥類遷徙原因","描寫室內生活","1","色彩與聲音交織的景物描寫","","黃、翠、白、青等色彩與黃鸝鳴叫的聲音交織，構成明麗有聲的春景。 正確答案：B「色彩與聲音交織的景物描寫」。","[""圈出詩中的顏色詞。"",""再注意「鳴」帶出的聽覺。"",""視覺與聽覺交織，選B。""]","讀景物詩時把顏色詞和感官動詞分類；「黃、翠、白、青」提供視覺，「鳴」加入聽覺。","[]","","","","","","","","","","","","","","",""
"CHI-0258","國文","原創會考程度練習","","","九年級","詩詞閱讀","意象與寓意","中等","單題選擇","「春色滿園關不住，一枝紅杏出牆來」中的「關不住」主要暗示什麼？","園牆十分低矮","有人故意破壞園牆","春天生機旺盛，景色自然流露","杏花不適合在園中生長","2","春天生機旺盛，景色自然流露","","春色蓬勃到園牆也遮不住，一枝紅杏探出牆外，暗示春意旺盛、難以阻擋。 正確答案：C「春天生機旺盛，景色自然流露」。","[""理解「關不住」不是單純描述門窗。"",""紅杏出牆是春景外露的具體畫面。"",""寓意生機旺盛，選C。""]","解讀「關不住」不要停在園牆是否牢固；結合紅杏探出牆外的畫面，推論春意外溢的象徵。","[]","","","","","","","","","","","","","","",""
"CHI-0259","國文","原創會考程度練習","","","九年級","詩詞閱讀","送別情感推論","中等","單題選擇","「孤帆遠影碧空盡，唯見長江天際流」描寫送別時，詩人最後仍望著江水，最能表現什麼？","對江水流速的研究","急於返回家中","對旅途感到厭倦","依依不捨的離情","3","依依不捨的離情","","友人遠去後，詩人仍凝望帆影消失和長江流向天際，含蓄呈現不捨。 正確答案：D「依依不捨的離情」。","[""注意友人離去後詩人仍在做什麼。"",""長久目送比直接抒情更含蓄。"",""表現依依惜別，選D。""]","送別詩常以目送動作含蓄寫情；追蹤「孤帆」消失後詩人仍看見什麼，推論離情。","[]","","","","","","","","","","","","","","",""
"CHI-0260","國文","原創會考程度練習","","","九年級","詩詞閱讀","文言實詞辨義","中等","單題選擇","「停車坐愛楓林晚，霜葉紅於二月花」中的「坐」應解作什麼？","因為","坐下","乘坐","座位","0","因為","","「坐愛」是因為喜愛；詩人因欣賞晚秋楓林而停車。 正確答案：A「因為」。","[""觀察「停車」與「愛楓林」的因果關係。"",""解作坐下無法說明停車原因。"",""「坐」指因為，選A。""]","古詩詞的「坐」可能作原因詞；把「停車」和「愛楓林晚」連成因果，確認不是坐下或乘坐。","[]","","","","","","","","","","","","","","",""
"CHI-0261","國文","原創會考程度練習","","","九年級","詩詞閱讀","意象與季節判讀","基礎","單題選擇","「小荷才露尖尖角，早有蜻蜓立上頭」描寫的季節最可能是什麼時候？","深冬","初夏","晚秋","早春","1","初夏","","荷葉剛露出尖角、蜻蜓停在其上，呈現荷花初生的初夏景象。 正確答案：B「初夏」。","[""抓住「小荷才露尖尖角」的生長階段。"",""荷葉已出水且有蜻蜓活動。"",""季節最可能是初夏，選B。""]","從季節意象推斷時結合植物生長階段和昆蟲活動；「小荷初露」及蜻蜓停立共同支持時節判斷。","[]","","","","","","","","","","","","","","",""
"CHI-0262","國文","原創會考程度練習","","","九年級","詩詞閱讀","名句主旨理解","基礎","單題選擇","「紙上得來終覺淺，絕知此事要躬行」主張獲得深入知識需要什麼？","拒絕閱讀","只靠背誦","親身實踐","等待別人代做","2","親身實踐","","詩句認為書本所得仍有限，要真正透徹理解，還須親自實踐。 正確答案：C「親身實踐」。","[""比較「紙上得來」與「躬行」。"",""後句指出深入理解的方法。"",""要親身實踐，選C。""]","對讀「紙上得來」與「躬行」兩端，分辨書本知識和親身實踐在深入理解中的互補。","[]","","","","","","","","","","","","","","",""
"CHI-0263","國文","原創會考程度練習","","","九年級","文言文","詞類活用","進階","單題選擇","文言「其一犬坐於前」中的「犬」如何解釋？","看守","犬隻","狗的主人","像狗一樣","3","像狗一樣","","「犬」修飾「坐」，形容其中一隻狼像狗一樣坐在前面，作狀語。 正確答案：D「像狗一樣」。","[""觀察「犬」後接動詞「坐」。"",""此處不是在說有一隻狗。"",""意為像狗一樣地坐，選D。""]","辨認名詞作狀語時檢查它是否修飾後面的動作；「犬坐」是像狗一樣坐，不是另有犬隻。","[]","","","","","","","","","","","","","","",""
"CHI-0264","國文","原創會考程度練習","","","九年級","文言文","人物行動與寓意","中等","單題選擇","《狼》寫屠戶先受狼威脅，後來利用空隙殺狼，主要表現什麼？","面對危險須冷靜觀察並把握時機","只要逃跑就能解決危險","狼永遠比人聰明","屠戶全靠運氣而無判斷","0","面對危險須冷靜觀察並把握時機","","屠戶由恐懼轉為觀察狼的行動，趁其分心反擊，凸顯冷靜判斷與把握時機。 正確答案：A「面對危險須冷靜觀察並把握時機」。","[""整理屠戶行動的先後變化。"",""關鍵是觀察狼並等待可乘之機。"",""選A。""]","概括人物寓意時依行動轉折找出關鍵策略：屠戶由受威脅轉為觀察狼、等待空隙再反擊。","[]","","","","","","","","","","","","","","",""
"CHI-0265","國文","原創會考程度練習","","","九年級","文言文","情節因果與伏筆","進階","單題選擇","《狼》寫「一狼徑去，其一犬坐於前」，後又寫「轉視積薪後，一狼洞其中」。前後情節如何相連？","兩隻狼都已經逃走","一狼離開是假象，另一狼趁隙從後方攻擊","屠戶先放走狼再追捕","柴草堆與狼毫無關係","1","一狼離開是假象，另一狼趁隙從後方攻擊","","一狼離去引開屠戶注意，另一狼趁機繞到柴草堆後，呈現狼的狡猾。 正確答案：B「一狼離開是假象，另一狼趁隙從後方攻擊」。","[""比較前後狼的位置與行動。"",""離開的狼造成屠戶注意力轉移。"",""另一狼從後方接近，選B。""]","追蹤《狼》中兩隻狼的位置和行動順序；一隻離開會轉移屠戶注意，另一隻則趁隙繞到柴草堆後。","[]","","","","","","","","","","","","","","",""
"CHI-0266","國文","原創會考程度練習","","","九年級","文言文","寓意與論證","中等","單題選擇","《賣油翁》中陳堯咨射箭十中八九；賣油翁以油從銅錢孔注入、錢面不沾油作示範，並說「無他，但手熟爾」。這主要指出什麼？","倒油比射箭困難很多","射箭完全靠天賦","高超技藝往往來自反覆練習","有名聲的人不必學習","2","高超技藝往往來自反覆練習","","賣油翁以銅錢穿孔而油不沾錢作示範，說明技藝精熟源於反覆練習。 正確答案：C「高超技藝往往來自反覆練習」。","[""注意賣油翁如何回應陳堯咨。"",""他用自己的技藝證明熟能生巧。"",""選C。""]","解讀《賣油翁》的議論要把「但手熟」和銅錢穿孔的示範連起來；賣油翁以自身熟練技藝回應射箭名家的驕傲。","[]","","","","","","","","","","","","","","",""
"CHI-0267","國文","原創會考程度練習","","","九年級","文言文","語氣與人物心理","進階","單題選擇","《賣油翁》中陳堯咨見賣油翁示範倒油後，先「忿然」責問；篇末寫「康肅笑而遣之」。這個「笑」最可能包含什麼心理變化？","因油濺到身上而生氣","完全沒有理解示範","嘲笑賣油翁失敗","由不以為然轉為認可或釋然","3","由不以為然轉為認可或釋然","","陳堯咨起初不服，見賣油翁展現熟練技藝後笑而遣之，常解讀為心服或釋然。 正確答案：D「由不以為然轉為認可或釋然」。","[""回想陳堯咨先前的責問。"",""賣油翁以實際示範回應他的質疑。"",""「笑」顯示態度有所緩和，選D。""]","推論《賣油翁》人物心理時比較前文「忿然」與結尾「笑而遣之」；前後語氣變化可支持態度轉緩，但不必延伸成未明說的細節。","[]","","","","","","","","","","","","","","",""
"CHI-0268","國文","原創會考程度練習","","","九年級","文言文","對偶與句意理解","中等","單題選擇","「見賢思齊焉，見不賢而內自省也」勉勵人們從他人身上如何學習？","見到優點就效法，見到缺點便反省自己","看到別人犯錯就公開責罵","只比較他人的成就","只模仿他人的缺點","0","見到優點就效法，見到缺點便反省自己","","前半句見賢者便思考如何看齊，後半句見不賢者則反省自身，說明正反皆可作為借鏡。 正確答案：A「見到優點就效法，見到缺點便反省自己」。","[""分解「見賢」與「見不賢」兩種情況。"",""一種效法優點，一種反省自己。"",""選A。""]","分讀「見賢」和「見不賢」兩種情境：前者取法他人長處，後者回頭檢查自己的不足，正反都能成為借鏡。","[]","","","","","","","","","","","","","","",""
"CHI-0269","國文","原創會考程度練習","","","九年級","文言文","名句寓意","中等","單題選擇","「三軍可奪帥也，匹夫不可奪志也」最強調個人哪種精神？","追求權位","堅守志向","避免承擔責任","順從多數意見","1","堅守志向","","軍隊主帥可能被奪去，但普通人的志向不應被奪，強調堅定意志。 正確答案：B「堅守志向」。","[""比較軍隊主帥與個人志向。"",""句子用強烈對比凸顯志向的重要。"",""選B。""]","讀對比句時先確認兩端各自可被奪與不可被奪，再抓「志」作為句子要凸顯的價值。","[]","","","","","","","","","","","","","","",""
"CHI-0270","國文","原創會考程度練習","","","九年級","文言文","文言實詞語境義","中等","單題選擇","《論語》「君子不器」中的「器」，最能說明君子不應如何？","使用任何器具","拒絕學習技藝","只重視外在器物","被限制成只具單一用途的人才","3","被限制成只具單一用途的人才","","「器」本指器具，各有固定用途；「君子不器」比喻君子不應像單一器具般只具一種功能，而應具備通達的能力與修養。答案D「被限制成只具單一用途的人才」。","[""找出「器」的本義：用途固定的器具。"",""句子將器具的單一用途引申到人的能力與修養。"",""君子不應只像一件器具般受限於單一功能，答案D。""]","解釋「器」先取器具用途固定的本義，再看「君子不器」如何引申為人的才識不應受限於單一用途。","[]","","","","","","","","","","","","","","",""
"CHI-0271","國文","原創會考程度練習","","","九年級","文言文","遞進與學習層次","中等","單題選擇","「知之者不如好之者，好之者不如樂之者」呈現何種層次？","先學習再逐漸忘記","知識比情感更重要","知道、喜好到以之為樂，投入程度逐步加深","學習者都不應追求快樂","2","知道、喜好到以之為樂，投入程度逐步加深","","句子依序比較知道、喜好、樂在其中，說明學習者投入與體會逐步深化。 正確答案：C「知道、喜好到以之為樂，投入程度逐步加深」。","[""辨認三個層次：知、好、樂。"",""語意由認識進到喜愛，再到樂於其中。"",""選C。""]","比較「知」「好」「樂」三個動詞的投入程度，判斷語意逐層深化；這裡重點是遞進，不是單純列舉。","[]","","","","","","","","","","","","","","",""
"CHI-0272","國文","原創會考程度練習","","","九年級","詩詞閱讀","詩句意象與誇飾","中等","單題選擇","《木蘭詩》「萬里赴戎機，關山度若飛」主要寫出木蘭出征時什麼情形？","留在家中等待","拒絕服從軍令","沿途欣賞市集","行軍迅速、路途遙遠","3","行軍迅速、路途遙遠","","「萬里」寫路途遙遠，「度若飛」寫跨越關山迅速，呈現出征行軍的急速。 正確答案：D「行軍迅速、路途遙遠」。","[""分別解讀「萬里」和「若飛」。"",""一個寫距離，一個寫速度。"",""選D。""]","合讀「萬里」和「若飛」：前者誇寫征途遙遠，後者呈現行軍迅速，兩者共同營造出征聲勢。","[]","","","","","","","","","","","","","","",""
"CHI-0273","國文","原創會考程度練習","","","九年級","詩詞閱讀","對比與人物形象","中等","單題選擇","《木蘭詩》寫木蘭「當窗理雲鬢，對鏡帖花黃」，與前文征戰描寫形成何種效果？","呈現她卸下戎裝、恢復女兒身的反差","說明戰爭已經重新開始","強調她不熟悉梳妝","表示她準備再次出征","0","呈現她卸下戎裝、恢復女兒身的反差","","木蘭返家後梳妝，與前文多年從軍形象形成反差，也表現她回復日常生活。 正確答案：A「呈現她卸下戎裝、恢復女兒身的反差」。","[""比較戰場上的木蘭與返家後的行動。"",""梳妝細節標示身份與生活情境轉換。"",""選A。""]","比較木蘭從軍與返家梳妝的行動，分析同一人物在戰場和家庭生活中的身分反差。","[]","","","","","","","","","","","","","","",""
"CHI-0274","國文","原創會考程度練習","","","九年級","閱讀理解","措施目的與整合推論","中等","閱讀理解","短文：「校園將紙本通知改為電子公告，但考量部分家庭網路不便，仍在警衛室保留紙本。試行後，紙張用量下降，家長也可透過兩種方式取得訊息。」這項措施兼顧什麼？","完全取消家長接收通知的權利","減少資源使用並維持資訊可近性","只服務有網路的家庭","提高紙張消耗","1","減少資源使用並維持資訊可近性","","電子公告降低紙張使用，保留紙本則照顧網路不便家庭，兼顧環保與資訊可近性。 正確答案：B「減少資源使用並維持資訊可近性」。","[""找出電子公告帶來的改變。"",""再看保留紙本的理由。"",""兩種安排兼顧資源與公平取得，選B。""]","整合措施目的時同時檢查電子公告的資源效益和紙本備援的對象，避免只讀其中一項安排。","[]","","","","","","","","","","","","","","",""
"CHI-0275","國文","原創會考程度練習","","","九年級","成語","成語寓意辨析","中等","單題選擇","「不入虎穴，焉得虎子」在文章中常用來勉勵人們什麼？","遇到危險時必須孤身行動","只要冒險一定成功","勇於冒險實踐，才可能取得成果","應該捕捉野生動物","2","勇於冒險實踐，才可能取得成果","","成語以進虎穴才能得到虎子作比喻，強調不親身經歷或承擔必要風險，難以取得成果。 正確答案：C「勇於冒險實踐，才可能取得成果」。","[""先辨認字面情境與比喻用意。"",""虎穴象徵有風險的行動，虎子象徵成果。"",""強調勇於實踐才有收穫，選C。""]","把「虎穴、虎子」先視為比喻，再推論成語勸勉承擔必要風險；「才可能」不等於保證成功。","[]","","","","","","","","","","","","","","",""
"CHI-0276","國文","原創會考程度練習","","","九年級","文言文","文言字義","中等","單題選擇","「見賢思齊焉，見不賢而內自省也」中的「齊」意為何？","整齊","共同完成","平等相待","看齊、效法","3","看齊、效法","","「見到賢能的人，就想向他看齊；見到不賢的人，就反省自己。」因此「齊」是看齊、效法。 正確答案：D「看齊、效法」。","[""依句意理解前後兩種情境。"",""「見賢」後接「思」表示思考如何學習。"",""判定「齊」為看齊、效法，選 D。""]","在「見賢思齊」中以「見賢」作為「思」的對象，從向賢者學習的語境判斷「齊」是看齊、效法。","[]","","","","","","","","","","","","","","",""
"CHI-0277","國文","原創會考程度練習","","","九年級","文言文","古今異義","中等","單題選擇","《桃花源記》「便扶向路，處處誌之」中的「向」應解作什麼？","先前、從前","面向、朝著","方向相反","剛才看見","0","先前、從前","","「向」在此指先前走過的路；漁人沿原路返回，並一路做記號。答案A「先前、從前」，不是面向某方向。","[""把「向」放回「扶向路」理解，留意漁人正離開桃花源。"",""「扶」是沿著、循著，受詞是原先走過的道路。"",""「向」指先前的路，答案A。""]","《桃花源記》的「向」需依返程語境判義；漁人循著先前走過的路離開，不是朝某方向前進。","[]","","","","","","","","","","","","","","",""
"CHI-0278","國文","原創會考程度練習","","","九年級","文言文","古今異義","中等","單題選擇","《桃花源記》「芳草鮮美，落英繽紛」中的「鮮美」最接近何義？","鮮豔美麗","味道甜美","新鮮可食","數量豐盛","0","鮮豔美麗","","「鮮美」在此描寫芳草鮮明美麗，不是品嘗味道或食物新鮮。答案A「鮮豔美麗」。","[""詞語修飾的是「芳草」，要依景物描寫判斷。"",""後句「落英繽紛」同樣描繪花草景色。"",""此處「鮮美」指鮮明美麗，答案A。""]","古今同形詞要確認修飾對象；「鮮美」修飾芳草並與落花景象相連，描述景色，不談食物滋味。","[]","","","","","","","","","","","","","","",""
"CHI-0279","國文","原創會考程度練習","","","九年級","文言文","文言字義","中等","單題選擇","《曹劌論戰》「一鼓作氣，再而衰，三而竭」中的「再」指第幾次擊鼓？","第一次","第二次","第三次","最後一次","1","第二次","","「一鼓、再、三」依序表示第一次、第二次、第三次擊鼓；「再」是第二次。答案B。","[""按句中順序排列「一鼓、再、三」。"",""「再」承接第一次，並在「三」之前。"",""故指第二次，答案B。""]","古文「再」常指第二次；在「一鼓、再、三」的次序中核對它所在的位置，避免套用現代的「再次」泛義。","[]","","","","","","","","","","","","","","",""
"CHI-0280","國文","原創會考程度練習","","","九年級","文言文","文言字義","中等","單題選擇","《論語》「君子成人之美，不成人之惡」主要勉勵人們如何待人？","只幫助親近的人，不理會其他人","看見他人缺點就加以嘲笑","成全他人的好事，不助長他人的惡行","凡事都替別人決定，不讓他人選擇","2","成全他人的好事，不助長他人的惡行","","「成人之美」是成全他人的好事；「不成人之惡」是不幫助或助長他人做壞事。句子勉勵人以善意待人，答案C。","[""分別解讀「成人之美」與「不成人之惡」。"",""前者是成全好事，後者是不助長惡行。"",""合起來是勉勵人促成善行、避免助惡，答案C。""]","把「成人之美」和「不成人之惡」成對解釋，分清成全善事與不助長惡行兩種互補的待人原則。","[]","","","","","","","","","","","","","","",""
"CHI-0281","國文","原創會考程度練習","","","九年級","文言文","文言字義","中等","單題選擇","「元方入門不顧」中的「顧」意為何？","照顧","拜訪","顧念","回頭看","3","回頭看","","「入門不顧」描寫元方進門時沒有回頭看，故「顧」是回頭看。 正確答案：D「回頭看」。","[""注意「入門」後接「不顧」描述動作。"",""此處不是照料或拜訪，而是轉頭觀看。"",""選 D。""]","依動作搭配辨析多義字：「入門不顧」寫元方離開時的舉止，因此「顧」是回頭看，不是照料。","[]","","","","","","","","","","","","","","",""
"CHI-0282","國文","原創會考程度練習","","","九年級","詩詞閱讀","詞性活用與動態描寫","進階","單題選擇","「春風又綠江南岸」中「綠」字的表達效果，何者最恰當？","將形容詞活用為使動用法，寫出春風使江岸轉綠","以顏色描寫江岸原有的景物","借綠色象徵詩人仕途順遂","以誇飾手法表示江岸廣闊無邊","0","將形容詞活用為使動用法，寫出春風使江岸轉綠","","「綠」由形容詞活用為使動，寫春風吹拂，使江南岸染上新綠，呈現春回大地的動態感。 正確答案：A「將形容詞活用為使動用法，寫出春風使江岸轉綠」。","[""觀察「春風」與「綠江南岸」的關係。"",""春風使江岸變綠，句子呈現景物變化。"",""選 A。""]","判讀「綠」的詞性活用時看誰使誰改變顏色；「春風」使「江南岸」轉綠，呈現春回的動態。","[]","","","","","","","","","","","","","","",""
"CHI-0283","國文","原創會考程度練習","","","九年級","詩詞閱讀","意象與意境","中等","單題選擇","「大漠孤煙直，長河落日圓」主要營造何種畫面？","繁華熱鬧、人物往來頻繁","空曠遼闊、蒼茫雄渾","幽深秀麗、曲徑通幽","陰森寂寥、令人不安","1","空曠遼闊、蒼茫雄渾","","大漠、孤煙、長河、落日構成遼闊的邊塞景象，線條簡潔而氣勢開展，營造雄渾蒼茫之感。 正確答案：B「空曠遼闊、蒼茫雄渾」。","[""整理詩句中的景物：沙漠、炊煙、河流、夕陽。"",""注意「大」「長」與「孤」「直」「圓」形成的開闊構圖。"",""選 B。""]","構想邊塞詩畫面時把大漠、長河、孤煙和落日的空間關係合看，避免只抓單一景物判氛圍。","[]","","","","","","","","","","","","","","",""
"CHI-0284","國文","原創會考程度練習","","","九年級","詩詞閱讀","意象與情感","中等","單題選擇","古詩常以「梧桐細雨」寄託愁緒。下列哪一首詩最符合此類意象所營造的情境？","晴日江村人語鬧，新秧遍野稻花香。","萬里晴空鷹展翅，群峰日照映紅霞。","梧桐葉落雨聲長，獨倚寒窗念故鄉。","春潮帶雨晚來急，野渡無人舟自橫。","2","梧桐葉落雨聲長，獨倚寒窗念故鄉。","","梧桐、雨聲、寒窗與思念故鄉共同形成清冷孤寂的氛圍，符合愁緒意象。 正確答案：C「梧桐葉落雨聲長，獨倚寒窗念故鄉。」。","[""找出同時出現梧桐與細雨氛圍的選項。"",""辨別各句情感：其餘選項分別偏向田園、豪邁或閒適。"",""選 C。""]","判斷詩歌意象與情緒時同看梧桐、秋雨、寒窗和思鄉語句；單一景物未必固定只代表一種情感。","[]","","","","","","","","","","","","","","",""
"CHI-0285","國文","原創會考程度練習","","","九年級","修辭","誇飾判讀","中等","單題選擇","李白「白髮三千丈，緣愁似個長」以白髮形容愁緒，主要運用了哪種修辭？","對偶","設問","借代","誇飾","3","誇飾","","正解是「誇飾」。白髮不可能實際長達三千丈，詩人刻意放大髮長來強調愁緒深重；「緣愁」也直接點出誇寫的原因。","[""先抓住詩句明示的原因「緣愁」。"",""檢查「白髮三千丈」是否為現實可達的長度；此處明顯刻意放大。"",""用不合常理的尺度強調愁緒，屬誇飾，答案為索引 3。""]","判斷誇飾時檢查字面尺度是否刻意超出常理，再說明放大或縮小如何加強情感；不可按實際數值解讀。","[]","","","","","","","","","","","","","","",""
"CHI-0286","國文","原創會考程度練習","","","九年級","修辭","設問與譬喻","中等","單題選擇","「問君能有幾多愁？恰似一江春水向東流。」主要運用了何種修辭？","設問與譬喻","誇飾與排比","借代與映襯","轉化與頂真","0","設問與譬喻","","先以問句提出問題，再以春水向東流比喻愁緒綿延不盡，兼用設問與譬喻。 正確答案：A「設問與譬喻」。","[""辨認「問君」所引出的問句。"",""比較愁緒與江水的相似處：連綿不絕。"",""選 A。""]","此句同時出現問句和春水意象：先辨認提問方式，再比較愁緒與江水綿延流動的相似處。","[]","","","","","","","","","","","","","","",""
"CHI-0287","國文","原創會考程度練習","","","九年級","修辭","轉化","中等","單題選擇","朱自清《春》句子「太陽的臉紅起來了」單獨分析，主要運用哪種修辭？","排比","轉化","借代","雙關","1","轉化","","句中把太陽寫成有「臉」且會「紅起來」的人，將人的外貌與狀態轉用於景物，主要是轉化（擬人），答案 B。題目限定這一句，不以全段的排比結構作判斷。","[""依題幹只分析「太陽的臉紅起來了」這一句。"",""太陽被賦予人的臉和臉紅的狀態。"",""因此主要使用轉化中的擬人，選 B。""]","題幹指定單句分析，因此以「太陽有臉且會紅」判斷擬人，不把文章其他句子的排比結構套進來。","[]","","","","","","","","","","","","","","",""
"CHI-0288","國文","原創會考程度練習","","","九年級","修辭","對偶","中等","單題選擇","「他走過的路，比別人走過的多；他看過的事，比別人看過的廣。」這兩個結構相近的分句，主要運用了何種修辭？","排比","借代","對偶","摹寫","2","對偶","","答案 C「對偶」。兩個分句字數與句法相近，分別以「走過的路／走過的多」和「看過的事／看過的廣」相互映照。排比通常由三個或以上結構相似的語句排列；本句只有兩個分句，判作對偶較精確。","[""數一數相互並列的分句：本句只有兩個。"",""兩句結構相近、語意相應，符合對偶的形式。"",""排比通常需三個以上相似語句，因此選 C「對偶」。""]","區分對偶和排比要數句數並核對結構；本例兩句相應，不因詞語重複就誤判為三句排比。","[]","","","","","","","","","","","","","","",""
"CHI-0289","國文","原創會考程度練習","","","九年級","閱讀理解","篇章主旨","中等","閱讀理解","短文：某校推動「午間靜讀」，學生可自行選書閱讀。起初不少人認為這段時間應用來補寫作業，後來教師發現，固定閱讀讓學生更能專注，也更願意在課堂分享觀點。最能概括短文主旨的是什麼？","午間應全面取消作業","學生只能閱讀教師指定的書","課堂分享比閱讀本身更重要","自主閱讀能培養專注並增加交流","3","自主閱讀能培養專注並增加交流","","短文先說明午間靜讀的做法，再指出閱讀帶來專注力與分享意願的改變，主旨是自主閱讀的益處。 正確答案：D「自主閱讀能培養專注並增加交流」。","[""確認短文描述的措施是學生自行選書閱讀。"",""找出作者明確提及的結果：專注與分享增加。"",""選 D。""]","概括主旨時合併措施與結果：自主選書是做法，專注和分享增加才是短文明示的益處。","[]","","","","","","","","","","","","","","",""
"CHI-0290","國文","原創會考程度練習","","","九年級","閱讀理解","閱讀推論","中等","閱讀理解","短文：老街的招牌一塊塊換新，巷口的老樹卻仍替行人遮雨。店家說，街道變得明亮了，大家仍喜歡在樹下聊天，因為那裡留著祖父母的故事。由此可推知，居民對老樹的情感主要來自何處？","老樹見證共同生活記憶","老樹具有極高的市場價值","老樹能讓店面看起來更新","居民反對街道進行任何改建","0","老樹見證共同生活記憶","","文中指出老樹下留著祖父母的故事，居民仍在樹下聊天，顯示老樹承載共同記憶與情感。 正確答案：A「老樹見證共同生活記憶」。","[""找出居民仍喜歡老樹的原因線索。"",""「留著祖父母的故事」指向生活記憶。"",""選 A。""]","人物情感推論要找直接線索；樹下仍有人聊天及「留著祖父母的故事」指向共同生活記憶，而非經濟價值。","[]","","","","","","","","","","","","","","",""
"CHI-0291","國文","原創會考程度練習","","","九年級","閱讀理解","人物行為推論","中等","閱讀理解","短文：登山隊原定清晨出發，領隊查看雲層與氣象資料後，決定延後行程。有人抱怨浪費時間，但午後山區果然起霧，隊伍因此避開了視線不佳的路段。領隊的決定最能表現何種態度？","固執己見，不願聽從隊員意見","以安全為重，依據資訊調整安排","害怕困難，因此放棄登山","追求速度，不考慮行程風險","1","以安全為重，依據資訊調整安排","","領隊根據氣象資訊調整出發時間，後來避開濃霧路段，顯示他重視安全且能依情況應變。 正確答案：B「以安全為重，依據資訊調整安排」。","[""確認領隊延後行程的依據。"",""氣象與雲層資料顯示有起霧風險。"",""選 B。""]","推論領隊態度時連起事前的氣象資料、延後決定和午後起霧結果；不要只依隊員抱怨判斷。","[]","","","","","","","","","","","","","","",""
"CHI-0292","國文","原創會考程度練習","","","九年級","閱讀理解","篇章觀點推論","中等","閱讀理解","短文：一位木匠修復舊桌時，保留桌面上一道淺淺的刮痕。他說，這道痕跡是原主人孩子學寫字時留下的；若磨得完全看不見，桌子雖然更新，故事卻少了一段。木匠的想法最接近下列何者？","物品越新越能提升使用價值","刮痕代表工匠技術不佳","修復時應盡量保留物件承載的記憶","舊家具不值得繼續使用","2","修復時應盡量保留物件承載的記憶","","木匠刻意保留刮痕，因為它連結原主人的生活故事，表明修復也重視物件所承載的記憶。 正確答案：C「修復時應盡量保留物件承載的記憶」。","[""注意木匠為何不磨除刮痕。"",""刮痕具有故事與記憶意義。"",""選 C。""]","找作者觀點時看木匠主動保留刮痕及其理由；他重視的是修復後仍保有原物件的生活記憶。","[]","","","","","","","","","","","","","","",""
"CHI-0293","國文","原創會考程度練習","","","九年級","閱讀理解","行為變化推論","中等","閱讀理解","短文：小安在社區菜圃值日，起初只按表澆水。幾週後，他發現靠牆的幼苗較乾，便調整澆水位置，也和鄰居討論如何改善排水。從小安的改變可看出，他逐漸由何種做法轉向何種做法？","由合作轉為競爭","由重視植物轉為只關心鄰居","由遵守規則轉為拒絕一切安排","由被動照表執行轉為主動觀察與解決問題","3","由被動照表執行轉為主動觀察與解決問題","","小安先照表澆水，後來觀察幼苗差異、調整作法並和鄰居討論，顯示他從被動執行轉為主動處理問題。 正確答案：D「由被動照表執行轉為主動觀察與解決問題」。","[""比較小安前後的行動。"",""後來的行動包含觀察、調整與合作改善。"",""選 D。""]","比較人物前後行動：照表澆水是依既定程序，觀察乾濕、調整位置並商量排水才是主動解決問題。","[]","","","","","","","","","","","","","","",""
"CHI-0294","國文","原創會考程度練習","","","九年級","詩詞閱讀","詩詞主旨與情懷","中等","單題選擇","「大庇天下寒士俱歡顏」表達詩人最主要的心願為何？","使天下貧寒讀書人都能安居","邀請友人共同吟詩作樂","遠離世事以求個人清靜","建造豪華宅第供自己居住","0","使天下貧寒讀書人都能安居","","詩句希望廣大的屋舍能庇護天下貧寒讀書人，使他們都能安居歡喜，表現推己及人的胸懷。 正確答案：A「使天下貧寒讀書人都能安居」。","[""釋讀「寒士」為貧寒的讀書人。"",""「大庇天下」指出願望的對象與範圍。"",""選 A。""]","解讀「大庇天下寒士俱歡顏」時看「天下」擴大的受益對象與「俱」所含的普遍願望，不要縮成詩人個人居所。","[]","","","","","","","","","","","","","","",""
"CHI-0295","國文","原創會考程度練習","","","九年級","詩詞閱讀","詩詞情感判讀","中等","單題選擇","「孤舟蓑笠翁，獨釣寒江雪」所呈現的畫面與氛圍，最接近哪一項？","焦躁不安，急於離去","孤寂清冷、景象空寂","閒適自在，與自然相親","悲憤激昂，想要抗爭","1","孤寂清冷、景象空寂","","孤舟、蓑笠翁與寒江飛雪構成空曠清冷的畫面，獨自垂釣也帶出孤寂感。答案B「孤寂清冷、景象空寂」。","[""找出「孤舟」「獨釣」「寒江雪」等景物與動作。"",""人物獨自處於空曠、寒冷的江面，畫面顯得清寂。"",""因此選B「孤寂清冷、景象空寂」。""]","由「孤、獨、寒」等字和人物所處空間合看氛圍；判情感不能只憑一個景物名稱套用固定象徵。","[]","","","","","","","","","","","","","","",""
"CHI-0296","國文","原創會考程度練習","","","九年級","詩詞閱讀","意象組合與情感","進階","單題選擇","「枯藤老樹昏鴉，小橋流水人家；古道西風瘦馬。夕陽西下，斷腸人在天涯。」主要透過何種方式形成鮮明的情感效果？","描寫人物對話，揭露家庭衝突","以熱鬧場面表現節慶歡欣","羅列多種景物，襯托旅人的孤寂","直接議論故鄉生活的優劣","2","羅列多種景物，襯托旅人的孤寂","","多個秋日景物構成蕭瑟氛圍，並與「人家」的生活氣息形成對照，更襯出旅人的孤單與思鄉。 正確答案：C「羅列多種景物，襯托旅人的孤寂」。","[""辨認藤、樹、昏鴉等景物的氛圍。"",""注意人家景象引發旅人對安定生活的感受。"",""選 C。""]","分析《天淨沙・秋思》時先整理景物的蕭瑟感，再看「人家」與天涯旅人的對照如何加深思鄉孤獨。","[]","","","","","","","","","","","","","","",""
"CHI-0297","國文","原創會考程度練習","","","九年級","文言文","文言字義","進階","單題選擇","「友直，友諒，友多聞，益矣」中的「諒」意為何？","原諒別人","體諒處境","明白事理","誠信","3","誠信","","句中列舉有益的朋友類型，「直、諒、多聞」分別指正直、誠信、見聞廣博，因此「諒」是誠信。 正確答案：D「誠信」。","[""觀察「諒」與「直」「多聞」並列。"",""並列的是交友時可取的品格特質。"",""選 D。""]","從「直、諒、多聞」的並列項目判斷「諒」是朋友的品格，不是動作「原諒」或心理「體諒」。","[]","","","","","","","","","","","","","","",""
"CHI-0298","國文","原創會考程度練習","","","九年級","成語","成語語境辨析","中等","單題選擇","「不求甚解」在下列哪一個語境中使用最恰當？","閱讀時只求大致理解，不急著逐字鑽研","遇到難題便不讀也不問","做事前先查清每一項細節","考試前把所有內容背得一字不漏","0","閱讀時只求大致理解，不急著逐字鑽研","","「不求甚解」原指讀書只領會大意、不過分深入字句；選 A 符合此義，並非完全不求理解。 正確答案：A「閱讀時只求大致理解，不急著逐字鑽研」。","[""先排除把「不求甚解」解作完全不理解的選項。"",""辨認其重點是掌握大意，不拘泥細節。"",""選 A。""]","成語要放入完整使用情境驗義；「不求甚解」是掌握大意而不鑽細節，不等於拒絕閱讀或放棄理解。","[]","","","","","","","","","","","","","","",""
"CHI-0299","國文","原創會考程度練習","","","九年級","閱讀理解","因果推論與寓意","中等","單題選擇","「他每次遇到問題都先找理由推託，久而久之，大家不再把重要工作交給他。」這段敘述最能說明何種道理？","善於推託可以減少工作負擔","承擔責任能累積他人信任","重要工作只適合交給年長者","人際關係與做事態度無關","1","承擔責任能累積他人信任","","推託使他逐漸失去信任，反面說明願意承擔責任有助於建立可靠形象。 正確答案：B「承擔責任能累積他人信任」。","[""找出他人的反應：不再交付重要工作。"",""推託行為造成信任下降。"",""選 B。""]","由行為和後果推論寓意：反覆推託造成重要工作不再交付，說明態度如何影響信任。","[]","","","","","","","","","","","","","","",""
"CHI-0300","國文","原創會考程度練習","","","九年級","閱讀理解","統整訊息與主旨","中等","閱讀理解","短文：展覽入口設有簡易地圖與無障礙路線標示，志工也會主動詢問訪客是否需要協助。策展人表示，希望不同年齡與行動能力的人都能自在參觀。這些安排最能體現何種理念？","要求所有訪客採取相同參觀方式","以參觀人數取代展覽內容","讓不同需求的觀眾都能平等參與","減少志工與觀眾之間的互動","2","讓不同需求的觀眾都能平等參與","","地圖、無障礙路線與主動協助都是為了降低參觀障礙，讓不同需求的觀眾都能自在參與。 正確答案：C「讓不同需求的觀眾都能平等參與」。","[""整理短文列出的服務安排。"",""判斷這些安排共同解決的是參觀可及性問題。"",""選 C。""]","統整不同服務安排的共同目的：地圖、無障礙動線及志工詢問都在降低參觀障礙，促進公平參與。","[]","","","","","","","","","","","","","","",""
"CHI-0301","國文","原創會考程度練習","","","九年級上","閱讀理解","主旨判斷","基礎","素養題","社區公告寫道：「修剪行道樹不是為了讓街道看起來整齊，而是要移除枯枝，避免強風吹落傷人。」這項工作的主要目的為何？","增加樹木數量","改善道路排水","阻止居民停車","維護行人安全","3","維護行人安全","","公告用「而是」轉折，指出修剪的真正目的在移除枯枝、避免傷人，因此核心是維護安全。 答案為「維護行人安全」。","[""先注意轉折詞「不是……而是……」，後半句揭示真正目的。"",""移除枯枝是為了避免強風吹落傷人，對應維護行人安全。"",""增加樹木、排水與停車管制都未出現在公告理由中。""]","公告先否定「整齊」再以「而是」說明移除枯枝的目的；抓住避免傷人的因果，別把手段誤當目的。","[]","","","","","","","","","","","","","","",""
"CHI-0302","國文","原創會考程度練習","","","九年級上","閱讀理解","文意理解","中等","素養題","小芸每天搭車時把手機收起來，觀察窗外不同街區的老屋與新大樓。她說：「同一條路，換個速度看，竟像讀了兩個年代。」這句話主要表現什麼？","城市景觀呈現新舊交替","道路交通速度逐年變慢","她不喜歡乘坐大眾運輸","老屋都已改建成大樓","0","城市景觀呈現新舊交替","","老屋與新大樓並列，讓她聯想到不同年代；「讀了兩個年代」是把街景比作歷史閱讀，並非說交通變化。 答案為「城市景觀呈現新舊交替」。","[""找出景物對比：老屋與新大樓。"",""「像讀了兩個年代」表示街景同時呈現不同時期的痕跡。"",""文中未說她厭惡搭車、道路變慢或所有老屋都被改建。""]","把「老屋、新大樓」和「兩個年代」對照閱讀；這是街景新舊並存的感受，不是道路速度或改建情況。","[]","","","","","","","","","","","","","","",""
"CHI-0303","國文","原創會考程度練習","","","九年級上","閱讀理解","人物推論","中等","素養題","文章寫：「他把失敗的草稿收進抽屜，隔天又取出來，逐句標出不通順之處。」由這個行動可以推知他最可能具備哪種態度？","認為第一次嘗試必定成功","願意檢討並持續改進","不在意作品是否完整","遇到挫折便責怪他人","1","願意檢討並持續改進","","他沒有丟棄失敗草稿，而是隔天逐句檢查並修正，顯示願意面對問題、持續改進。 答案為「願意檢討並持續改進」。","[""注意「又取出來」及「逐句標出」兩個連續行動。"",""這些行動顯示他在檢視失誤並準備修改。"",""題文沒有支持自認必勝、責怪他人或漠視作品等推論。""]","由「隔天又取出」和「逐句標出」推論人物態度：看他如何處理失敗，不要替人物補上文中沒有的性格。","[]","","","","","","","","","","","","","","",""
"CHI-0304","國文","原創會考程度練習","","","九年級上","閱讀理解","篇章結構","中等","素養題","某篇說明文先介紹雨水花園的構造，再說明它如何讓雨水滲入土壤，最後列出適合設置的地點。這篇文章的組織方式最接近哪一項？","按人物出場先後敘事","先提反例再逐一駁斥","由原理介紹到應用","以兩種立場交替辯論","2","由原理介紹到應用","","文章先說構造與運作原理，最後談設置地點，是由知識說明延伸至實際應用。 答案為「由原理介紹到應用」。","[""整理段落次序：構造、作用原理、適用地點。"",""前兩部分建立概念，最後轉到實際設置，屬原理到應用。"",""題目沒有多人物故事、反方論證或立場辯論的線索。""]","按文中順序標出構造、運作原理、適用地點，再判斷說明是從概念原理推進到實際應用。","[]","","","","","","","","","","","","","","",""
"CHI-0305","國文","原創會考程度練習","","","九年級上","修辭","修辭判斷","基礎","素養題","「老鐘沒有回答，只把指針一格一格地往前推。」這句話把老鐘寫得像人一般行動，主要運用哪種修辭？","排比","誇飾","借代","擬人","3","擬人","","「沒有回答」與「往前推」把鐘表描寫成會回應、行動的人，將物賦予人的行為，屬擬人。 答案為「擬人」。","[""句子的主體是沒有生命的老鐘。"",""作者安排它像人一樣「回答」並推動指針，賦予人的行為。"",""沒有相似句式排比、相關事物代稱或刻意誇大的描述。""]","先確認主體「老鐘」沒有生命，再看「回答」等人的行為是否被賦予它；辨認擬人要抓人類特徵。","[]","","","","","","","","","","","","","","",""
"CHI-0306","國文","原創會考程度練習","","","九年級上","閱讀理解","象徵與寓意","中等","素養題","演講者說：「若只在意眼前一盞燈，就看不見整座城市的方向。」這句話中的「一盞燈」最可能象徵什麼？","局部而短暫的利益","城市夜間的照明設備","人人都應遵守的交通規則","長遠的公共建設","0","局部而短暫的利益","","「一盞燈」與「整座城市的方向」形成局部和整體的對照，象徵只顧眼前局部利益而忽略長遠全局。 答案為「局部而短暫的利益」。","[""比較「一盞燈」和「整座城市」的尺度差異。"",""此處燈與方向用於比喻思考範圍，而非真的照明設備。"",""句子批評只看局部，故象徵眼前、短期的利益。""]","比較「一盞燈」與「整座城市的方向」的局部／整體對照，並依「只在意、看不見」判斷象徵的批評意味。","[]","","","","","","","","","","","","","","",""
"CHI-0307","國文","原創會考程度練習","","","九年級上","閱讀理解","資訊統整","中等","素養題","研究報告指出：校園設置飲水機後，一次性瓶裝水的使用量下降；但報告也提醒，仍須定期檢測水質。下列何者最符合報告內容？","飲水機減少瓶裝水使用，但仍需維護水質","設置飲水機後瓶裝水完全消失","水質檢測會使瓶裝水使用增加","報告證明飲水機不需要保養","0","飲水機減少瓶裝水使用，但仍需維護水質","","報告同時提出使用量下降與定期檢測兩項資訊；不能把下降誇大成完全消失，也不能忽略水質維護。 答案為「飲水機減少瓶裝水使用，但仍需維護水質」。","[""分別整理報告的結果與提醒：瓶裝水使用量下降、需檢測水質。"",""選項 A 同時保留兩項訊息，沒有擴大結論。"",""其他選項把下降說成消失、改變因果，或否認保養需求。""]","答案必須同時保留兩項報告資訊：瓶裝水使用量下降，以及仍需定期檢測水質；不可把「下降」說成「消失」。","[]","","","","","","","","","","","","","","",""
"CHI-0308","國文","原創會考程度練習","","","九年級上","閱讀理解","句意關係","中等","素養題","「他不是不肯幫忙，只是想先弄清楚大家真正需要什麼。」句中的「不是……只是……」主要作用為何？","列舉兩種互不相關的活動","澄清誤會並補充原因","表示前後事件同時發生","強調幫忙必定沒有用","1","澄清誤會並補充原因","","前半否定「不肯幫忙」的誤解，後半補充他先了解需求的原因，屬澄清與說明。 答案為「澄清誤會並補充原因」。","[""先辨認「不是……只是……」的語氣。"",""說話者否認拒絕幫忙，並解釋想先了解需求。"",""句子沒有在列活動、敘述同時事件或否定幫忙價值。""]","把「不是不肯幫忙」讀作澄清否定，再把「只是」後面的先了解需求讀作原因；留意雙重否定語氣。","[]","","","","","","","","","","","","","","",""
"CHI-0309","國文","原創會考程度練習","","","九年級上","修辭","譬喻判斷","基礎","素養題","作者寫：「山路轉過最後一個彎，海面忽然展開，像一封遲到多年的回信。」其中「像一封遲到多年的回信」主要運用哪種修辭？","排比","設問","譬喻","轉化為聽覺","2","譬喻","","作者用「像」把眼前忽然出現的海面比作遲來的回信，以具體事物呈現久候後的感受，屬譬喻。 答案為「譬喻」。","[""找出「像」字及其前後的兩個事物。"",""海面是被描寫對象，回信是用來比擬的意象。"",""此句不是提問、排比，也沒有把視覺轉成聲音。""]","找出「像」連接的本體「海面」與喻體「遲到多年的回信」；譬喻以相似聯想表達久候後的感受。","[]","","","","","","","","","","","","","","",""
"CHI-0310","國文","原創會考程度練習","","","九年級上","閱讀理解","應用文資訊判讀","基礎","素養題","展覽標示：「本館採預約入場，上午場 9:00–12:00，下午場 13:30–16:30；每場最晚入場時間為結束前 30 分鐘。」下午場最晚幾點可入場？","15:30","16:30","13:00","16:00","3","16:00","","下午場 16:30 結束，最晚入場時間為結束前 30 分鐘，即 16:00。 答案為「16:00」。","[""先找到下午場結束時間 16:30。"",""依規定往前推 30 分鐘：16:30－0:30＝16:00。"",""因此 16:00 是最晚可入場時間，不是場次結束時間。""]","先取下午場結束時間 16:30，再按「結束前 30 分鐘」倒推；不要把最晚入場時間和閉館時間混淆。","[]","","","","","","","","","","","","","","",""
"CHI-0311","國文","原創會考程度練習","","","九年級上","閱讀理解","觀點轉變","中等","素養題","小組討論時，阿哲說：「我原本以為圖書館只適合安靜讀書，看到親子共讀活動後，才發現它也能讓人一起交流。」這段話呈現什麼變化？","由原有看法轉為較完整的理解","由參加活動轉為離開圖書館","證明親子活動會妨礙讀書","從支持閱讀改成反對閱讀","0","由原有看法轉為較完整的理解","","「原本以為」與「才發現」標示前後看法改變：他從單一功能的理解，擴展到交流功能。 答案為「由原有看法轉為較完整的理解」。","[""圈出時間與轉折線索「原本」和「才發現」。"",""他由認為圖書館只有安靜閱讀，轉為理解還能促進交流。"",""文中沒有反對閱讀、離開圖書館或活動妨礙讀書的情節。""]","比對「原本以為」和「才發現」前後的認知內容；看法是增加圖書館能促進交流的理解，不是改變對閱讀的立場。","[]","","","","","","","","","","","","","","",""
"CHI-0312","國文","原創會考程度練習","","","九年級上","閱讀理解","語意推論","中等","素養題","「雨停了，操場上仍留著一面面小小的天空。」句中的「一面面小小的天空」指什麼？","操場上新設的旗幟","積水映出的天空倒影","雲層散開後的晴朗天氣","學生手中的藍色畫紙","1","積水映出的天空倒影","","雨停後操場有積水，水面映出天空，因而被形容成一面面小小的天空。 答案為「積水映出的天空倒影」。","[""利用「雨停」和「操場上」推想地面可能留有水窪。"",""水窪映照天空，形成許多小片倒影。"",""題文沒有旗幟、晴空本身或畫紙的線索。""]","把「一面面小小的天空」當作形象語，連結雨後操場留下的水面與天空倒影；不要只按字面找天空物件。","[]","","","","","","","","","","","","","","",""
"CHI-0313","國文","原創會考程度練習","","","九年級上","閱讀理解","論點理解","中等","素養題","一份倡議書寫道：「與其要求每個人都做到完美，不如先讓每個人都願意開始。」作者最希望讀者採取什麼行動？","等到所有條件完美才行動","要求他人先做到毫無缺點","從可行的小步驟開始實踐","放棄改善現況的想法","2","從可行的小步驟開始實踐","","「與其……不如……」指出作者偏好的作法是先開始，而不是等待完美，因此應從可行步驟實踐。 答案為「從可行的小步驟開始實踐」。","[""找出比較句型「與其……不如……」，後者是作者主張。"",""作者主張讓每個人願意開始，對應先採取可行行動。"",""等待完美、要求他人完美或放棄行動都與主張相反。""]","「與其……不如……」中「不如」引出的後項是倡議者優先選擇；注意主張是開始實踐，不是追求完美。","[]","","","","","","","","","","","","","","",""
"CHI-0314","國文","原創會考程度練習","","","九年級上","詩詞閱讀","詩意與對比","中等","素養題","詩句：「石階記得每一雙匆忙的鞋，卻不記得誰曾停下來看花。」主要透過什麼對比傳達感受？","石階堅硬與花朵柔軟","白天明亮與夜晚昏暗","行人年長與年幼","匆忙經過與停留欣賞","3","匆忙經過與停留欣賞","","詩句把匆忙經過的人與停下看花的人並置，凸顯人們常忽略身邊景物的感受。 答案為「匆忙經過與停留欣賞」。","[""找出兩個相對行動：「匆忙的鞋」與「停下來看花」。"",""對比呈現快速通過和放慢腳步觀察的差異。"",""石階與花的材質、日夜或行人年齡都不是句中對比重點。""]","對讀「匆忙的鞋」與「停下來看花」兩種行動；題目問的是行動對比所傳達的感受，不是石階和花的物性。","[]","","","","","","","","","","","","","","",""
"CHI-0315","國文","原創會考程度練習","","","九年級上","閱讀理解","說明文推論","中等","素養題","說明文指出：「候鳥遷徙時會依風向與食物調整路線；若遇強風，可能停留休息，待天候穩定再繼續。」下列推論何者合理？","遷徙路線會受環境條件影響","遇到強風時所有候鳥都會折返","候鳥每年都走完全相同的路線","候鳥只依食物、不受天候影響","0","遷徙路線會受環境條件影響","","文中明說風向、食物與強風會影響路線或停留，因此可推論遷徙會依環境條件調整。 答案為「遷徙路線會受環境條件影響」。","[""整理文中提到的因素：風向、食物及強風。"",""候鳥會調整路線或暫停，表示遷徙受環境影響。"",""文章沒有說路線固定、全部折返或只受食物影響。""]","從風向、食物及強風停留整理環境因素，再選不超出材料的概括；「可能」不能推成所有候鳥必然折返。","[]","","","","","","","","","","","","","","",""
"CHI-0316","國文","原創會考程度練習","","","九年級上","閱讀理解","物件象徵與人物動機","中等","素養題","「他把每一張退稿單都貼在牆上，不是為了紀念失敗，而是提醒自己下一篇要改得更好。」句中的退稿單具有何種作用？","證明作品永遠不會被接受","成為自我提醒與改進的依據","向讀者展示編輯的姓名","讓他停止繼續寫作","1","成為自我提醒與改進的依據","","作者直接說貼退稿單是提醒自己改進，因此它是促使持續修正的依據，而非放棄或展示他人資訊。 答案為「成為自我提醒與改進的依據」。","[""注意「不是……而是……」後面直接交代動機。"",""退稿單提醒他下一篇要改得更好，具有自我檢討功能。"",""文中沒有永遠被拒、停止寫作或展示編輯姓名的意思。""]","「不是為了……而是……」直接揭示貼退稿單的目的；依「下一篇要改得更好」判斷其提醒與改進功能。","[]","","","","","","","","","","","","","","",""
"CHI-0317","國文","原創會考程度練習","","","九年級上","閱讀理解","規章判讀","基礎","素養題","校規寫道：「借用器材須登記；使用後應清潔並歸還原處，若有損壞，請立即通知管理員。」下列哪項行為符合規定？","先借用，等學期末再補登記","使用後清潔並放回原處","發現損壞但自行隱瞞","將器材帶回家隔日再還","1","使用後清潔並放回原處","","規定明確要求使用後清潔並歸還原處；其他作法分別違反登記、通報或歸還要求。 答案為「使用後清潔並放回原處」。","[""逐項讀出規定的三項要求：登記、清潔歸位、損壞即通報。"",""選項 B 完全符合使用後清潔並放回原處。"",""延後登記、隱瞞損壞、帶回家都違反規定。""]","先拆成登記、清潔歸還、損壞通報三項規定，再逐一核對行為；符合其中一項但違反其他項仍不算合規。","[]","","","","","","","","","","","","","","",""
"CHI-0318","國文","原創會考程度練習","","","九年級上","閱讀理解","象徵與寓意","進階","素養題","「她把窗簾拉開，晨光落在書頁上，昨夜的疑問忽然有了答案。」這句話中的「晨光」最可能兼具什麼作用？","證明疑問是由窗簾造成","說明她整夜都沒有讀書","呈現天亮，也象徵理解豁然開朗","暗示書頁本身會發光","2","呈現天亮，也象徵理解豁然開朗","","晨光在情節上照亮書頁，也與疑問得到答案相呼應，象徵思路明朗；不宜解作疑問由窗簾造成。 答案為「呈現天亮，也象徵理解豁然開朗」。","[""先看字面情景：拉開窗簾，晨光照到書頁。"",""再連結「疑問有了答案」，光亮可象徵理解與思路清晰。"",""窗簾沒有造成疑問，書頁也不是自行發光；這些超出文本。""]","分清晨光照亮書頁的實景與「疑問有了答案」帶出的象徵；字面與寓意都要有句內線索支持。","[]","","","","","","","","","","","","","","",""
"CHI-0319","國文","原創會考程度練習","","","九年級上","閱讀理解","流程與篇章順序","中等","素養題","會議紀錄：「先確認校園各處的用電時段，再比較尖峰與離峰用量，最後提出分區調整照明的方案。」這項工作的流程為何？","提出結論、尋找資料、否定問題","分區施工、招募人員、估算用量","比較方案、停止紀錄、重新投票","蒐集資料、分析比較、提出方案","3","蒐集資料、分析比較、提出方案","","紀錄依序先確認用電資料，再比較用量，最後提出調整方案，正是蒐集、分析、提出方案。 答案為「蒐集資料、分析比較、提出方案」。","[""依序標記動詞：確認、比較、提出。"",""確認用電時段是蒐集資料，比較尖離峰是分析，最後才形成方案。"",""其他選項把步驟順序顛倒，或加入紀錄未提到的施工與投票。""]","按「確認用電時段→比較用量→提出調整方案」排列動作；辨流程要保留原順序，勿把建議和執行施工混為一談。","[]","","","","","","","","","","","","","","",""
"CHI-0320","國文","原創會考程度練習","","","九年級上","修辭","譬喻判斷","進階","素養題","「山谷的雲像一艘白船，沿著山稜緩緩飄過。」這句話主要運用哪一種修辭？","譬喻","擬人","排比","借代","0","譬喻","","句中以「像」把山谷的雲比作白船，利用兩者形狀及移動姿態的聯想，屬譬喻。句子沒有把雲寫成有意志的人，也沒有排比句式或以相關事物代稱。 答案為「譬喻」。","[""找出譬喻詞「像」，確認被描寫的本體是山谷的雲。"",""雲被比作白船，兩者都有漂浮、移動的形象聯想，因此判定為譬喻。"",""句中沒有把雲寫成人、重複並列句式或以相關物代替本體。""]","找出「像」字及其兩側的本體「雲」和喻體「白船」；單看船的動態不等於擬人，先確認句中明示的比較。","[]","","","","","","","","","","","","","","",""
"CHI-0321","國文","原創會考程度練習","","","九年級上","閱讀理解","因果判讀","中等","素養題","農夫記錄：「連續三週少雨，幼苗生長變慢；改用滴灌後，土壤保持濕潤，幼苗逐漸恢復。」下列何者最符合這段記錄？","少雨使幼苗生長加快","滴灌改善供水後，幼苗生長有所恢復","滴灌停止供水，土壤仍然濕潤","幼苗恢復與水分無關","1","滴灌改善供水後，幼苗生長有所恢復","","記錄先描述少雨造成生長變慢，再說滴灌使土壤濕潤、幼苗恢復，支持供水改善與生長恢復有關。 答案為「滴灌改善供水後，幼苗生長有所恢復」。","[""按時間整理：少雨、生長變慢；採滴灌、土壤濕潤；幼苗恢復。"",""前後變化支持滴灌改善供水後，生長逐漸恢復。"",""其餘選項與記錄的方向相反，或否定文中呈現的關聯。""]","按記錄先後連結少雨、生長變慢、滴灌後土壤濕潤與幼苗恢復；用「支持有關」作答，不要誇大成唯一原因。","[]","","","","","","","","","","","","","","",""
"CHI-0322","國文","原創會考程度練習","","","九年級上","閱讀理解","主旨與情感判讀","中等","素養題","「我把那張舊車票夾在書裡，不為了記住目的地，而是記住途中遇見的那場雨。」作者最重視什麼？","車票可以長期保存","目的地比沿途更重要","旅途中留下的經驗與感受","下雨會使旅行完全失敗","2","旅途中留下的經驗與感受","","「不為了……而是……」明確把重點從目的地轉到途中遇見的雨，表達作者珍視旅程中的經驗與感受。 答案為「旅途中留下的經驗與感受」。","[""辨識「不為了……而是……」的轉折焦點。"",""作者刻意淡化目的地，強調途中那場雨帶來的記憶。"",""保存車票、目的地重要或旅行失敗都不是作者表達的重點。""]","「不為了……而是……」把記憶焦點從目的地轉到途中那場雨；判作者重視什麼要跟著轉折後項走。","[]","","","","","","","","","","","","","","",""
"CHI-0323","國文","原創會考程度練習","","","九年級上","閱讀理解","情境資訊推論","中等","素養題","短文提到：老街店家多在清晨備料，市場人潮在中午前達到高峰，下午兩點後人潮明顯散去。若要訪問店家，哪個時段最可能較不影響工作？","清晨備料時","開店前搬運貨物時","中午前人潮高峰","下午人潮散去後","3","下午人潮散去後","","文中列出清晨備料、中午前人潮高峰，並明說下午兩點後人潮散去，因此下午較可能不影響店家工作。答案為「下午人潮散去後」。","[""整理忙碌時段：清晨備料、中午前人潮高峰；下午兩點後人潮散去。"",""選擇避開這兩段繁忙時間，下午人潮散去後較合適。"",""其餘選項都落在文中指出店家工作或市場繁忙的時段。""]","先排除清晨備料與中午前高峰，再使用新增的「下午兩點後人潮明顯散去」線索；不能只由高峰時間推定何時空閒。","[]","","","","","","","","","","","","","","",""
"CHI-0324","國文","原創會考程度練習","","","九年級上","閱讀理解","主旨判斷","中等","素養題","「他把每次練習的錄音按日期排列，聽見自己從斷續到流暢，才明白進步常藏在不易察覺的重複裡。」這段文字想表達什麼？","持續練習能累積出逐漸可見的進步","錄音設備比練習更重要","只要重複就不必檢查成果","進步一定會在一天內完成","0","持續練習能累積出逐漸可見的進步","","錄音對比練習前後的流暢度，說明反覆練習帶來逐漸累積的進步。 答案為「持續練習能累積出逐漸可見的進步」。","[""找出變化：錄音由斷續變流暢。"",""作者把變化連結到重複練習，指出進步可能不易立即察覺。"",""文章沒有說設備比練習重要、無須檢查或進步會一日完成。""]","對照錄音由「斷續」到「流暢」的可觀察改變，再連結反覆練習；不要推成練習以外的單一因素。","[]","","","","","","","","","","","","","","",""
"CHI-0325","國文","原創會考程度練習","","","九年級上","閱讀理解","抽象語意理解","中等","素養題","一位作者寫道：「真正的安靜，不是沒有聲音，而是在各種聲音之中，仍聽得見自己的心。」這段話最接近下列哪個意思？","只要環境無聲便不會煩惱","安靜也可以是一種內在的沉澱","所有聲音都應該被消除","心中的想法會發出聲音","1","安靜也可以是一種內在的沉澱","","作者否定安靜等於完全無聲，轉而強調在外界聲音中仍能聆聽內心，指向內在沉澱。 答案為「安靜也可以是一種內在的沉澱」。","[""留意「不是……而是……」重新界定安靜。"",""重點由外在無聲轉到能聽見自己的心，屬內在狀態。"",""作者沒有要求消除聲音，也沒有說無聲即可消除煩惱。""]","句子先否定「沒有聲音」的字面定義，再轉向「聽得見自己的心」；判斷重點是內在沉澱而非消除外界聲音。","[]","","","","","","","","","","","","","","",""
"CHI-0326","國文","原創會考程度練習","","","九年級上","閱讀與語文應用","寫作手法","進階","素養題","校刊寫道：「雨停後，操場邊的水窪映出雲影；風一吹，天空便在地面上碎成銀片。」這段景物主要運用哪種描寫方式？","聽覺描寫","人物對話","動態描寫","數據說明","2","動態描寫","","水窪映出雲影後，風使倒影晃動，呈現景物隨風變化的過程，主要運用動態描寫。「碎成銀片」另含譬喻。 答案為「動態描寫」。","[""找出景物的變化：風起後，水面倒影晃動。"",""描寫重點是景物由靜到動的變化，因此屬動態描寫。"",""題幹沒有聲音、人物對話或數據。""]","觀察「風一吹」後雲影在水窪中「碎成銀片」的變化，判動態描寫；同時留意「碎成銀片」是譬喻而非實際破碎。","[]","","","","","","","","","","","","","","",""
"CHI-0327","國文","原創會考程度練習","","","九年級上","閱讀與語文應用","語意理解","進階","素養題","「他把書籤夾在讀到一半的地方，卻把那句話記在心裡。」句中「把那句話記在心裡」最接近何意？","忘記書本放在哪裡","打算立刻抄寫全書","只記得書籤的位置","牢記那句話","3","牢記那句話","","「記在心裡」不是字面上的存放，而是牢記、記住那句話。 答案為「牢記那句話」。","[""區分實際動作「夾書籤」與「記在心裡」的語意。"",""後者表示牢記某段話。"",""句子沒有說他遺失書本、只記得書籤或要抄寫全書。""]","「夾在讀到一半的地方」是書籤的字面用途；「記在心裡」搭配那句話，表示把內容牢記，而非記住書本位置。","[]","","","","","","","","","","","","","","",""
"CHI-0328","國文","原創會考程度練習","","","九年級上","閱讀理解","文意推論","進階","素養題","短文：「借得一冊，讀至未解處，先標其句；查得字義，復通讀前後，乃悟作者之意。」依內容，讀者理解難句的方法為何？","先標記難句、查字義，再連讀前後文","只查單字，不必看上下文","遇到難句便跳過不讀","先猜作者立場，再挑選符合的字義","0","先標記難句、查字義，再連讀前後文","","短文依序寫出先標記未解句、查字義、再讀前後文，最後才理解作者意思；答案須保留這個步驟順序。答案為 A「先標記難句、查字義，再連讀前後文」。","[""依序標出「標其句」「查得字義」「通讀前後」三個動作。"",""理解是在查字義後再回看上下文，故答案 A 同時涵蓋步驟與順序。"",""只查單字或先猜立場都省略了文中要求的脈絡核對；跳過難句則與原文相反。""]","留意文言動作詞的次序：「標句→查字→通讀前後」；解意須把字義放回上下文，不能只靠單字或先入為主。","[]","","","","","","","","","","","","","","",""
"CHI-0329","國文","原創會考程度練習","","","九年級上","閱讀與語文應用","主旨判斷","進階","素養題","「不是每一條捷徑都通往更快的地方；有時，繞路讓我們看見原本錯過的風景。」這段話主要想表達什麼？","走路一定比搭車更快","不同的行進方式也可能帶來收穫","旅行時不應設定目的地","所有捷徑都會使人迷路","1","不同的行進方式也可能帶來收穫","","作者先修正對捷徑的單一看法，再指出繞路能看見風景，主旨是不同路徑可能帶來不同收穫。 答案為「不同的行進方式也可能帶來收穫」。","[""留意分號前後的轉折：捷徑未必更快，繞路可能看見風景。"",""由具體道路引申到做法或經驗不只一種價值。"",""文中沒有否定所有捷徑，也未談交通工具或禁止規劃。""]","讀分號前後的讓步與補充：捷徑不保證更快，繞路仍可能帶來風景等收穫；不要把「有時」擴大成必然。","[]","","","","","","","","","","","","","","",""
"CHI-0330","國文","原創會考程度練習","","","九年級上","閱讀與語文應用","公告資訊整合","進階","素養題","班級公告：「週三午休回收舊制服；請先清洗、摺好並裝袋，袋上註明尺寸。破損衣物請勿投入。」下列哪位同學符合公告要求？","小林清洗制服、摺好裝袋並標示尺寸","小周把未清洗的制服放入紙箱","小陳將破損外套裝袋捐出","小吳只在袋上寫自己的姓名","0","小林清洗制服、摺好裝袋並標示尺寸","","公告要求清洗、摺好、裝袋、標示尺寸，並排除破損衣物；只有小林符合全部條件。 答案為「小林清洗制服、摺好裝袋並標示尺寸」。","[""把公告要求拆成處理方式、標示資訊與排除條件。"",""逐項核對選項 A：制服已清洗、摺好、裝袋，並標示尺寸。"",""B 未清洗、C 是破損衣物、D 只寫姓名而未標尺寸。""]","公告有四個檢核點：清洗、摺好、裝袋、標尺寸，另有破損排除條件；選項必須符合全部要求。","[]","","","","","","","","","","","","","","",""
"CHI-0331","國文","原創會考程度練習","","","九年級上","閱讀與語文應用","景物寓意","進階","素養題","「老屋的窗框留著剝落的漆，門前新種的樹卻已長過屋簷。」這組景物最能暗示什麼？","街區即將拆除改建","屋主剛買下全新的房子","老屋斑駁，樹木已長大，呈現時間流逝","樹木比房屋更容易保存","2","老屋斑駁，樹木已長大，呈現時間流逝","","剝落的漆與已長高的樹都提供時間痕跡，並置後呈現歲月流逝。 答案為「老屋斑駁，樹木已長大，呈現時間流逝」。","[""找出兩項可見線索：窗框掉漆、樹已長過屋簷。"",""由斑駁與長大的變化可推知時間已經過一段日子。"",""題幹沒有提到購屋、拆遷或房屋與樹木的耐久比較。""]","把窗框剝漆和樹長過屋簷視作兩項累積時間的痕跡；它們支持歲月流逝，不足以推定拆遷或屋主購屋時間。","[]","","","","","","","","","","","","","","",""
"CHI-0332","國文","原創會考程度練習","","","九年級上","閱讀與語文應用","成語運用","進階","素養題","同學說：「他考前才開始讀，這次能及格真是＿＿。」哪個成語最適合填入？","未雨綢繆","按部就班","持之以恆","臨時抱佛腳","3","臨時抱佛腳","","「考前才開始」指出準備得晚，臨近需要時才匆忙準備，符合「臨時抱佛腳」。 答案為「臨時抱佛腳」。","[""抓住時間線索「考前才開始讀」。"",""成語須表達臨近事情發生才匆忙準備。"",""未雨綢繆是提早準備；按部就班、持之以恆也沒有臨時突擊之意。""]","「考前才開始讀」是判斷成語的時間線索；「臨時抱佛腳」強調事情臨近才倉促準備，與預先規劃相反。","[]","","","","","","","","","","","","","","",""
"CHI-0333","國文","原創會考程度練習","","","九年級上","閱讀與語文應用","句型與關聯詞","進階","素養題","「這間小店外觀樸素、菜單選擇不多，卻每天吸引許多人排隊。」句中「卻」連接的語意關係為何？","轉折","因果","遞進","條件","0","轉折","","店面樸素、選擇不多，照一般預期不易吸引人潮；後句卻說每天有人排隊，前後形成轉折。 答案為「轉折」。","[""比較前半的樸素、選擇不多，與後半的許多人排隊。"",""後半呈現與一般預期相反的情況，因此「卻」表示轉折。"",""句子不是說明原因、遞進或成立條件。""]","先看「樸素、選擇不多」造成的預期，再看「卻」後的排隊人潮；前後反差是轉折，不是因果標記。","[]","","","","","","","","","","","","","","",""
"CHI-0334","國文","原創會考程度練習","","","九年級上","閱讀與語文應用","段落脈絡","進階","素養題","短文：「志工先訪問居民，再把長者常走的路線標在地圖上，最後向里辦公處建議增設休息椅。」作者主要呈現志工如何做事？","先購買設備，再尋找使用者","先蒐集需求，再提出具體改善方案","以個人喜好取代居民意見","只記錄問題而不採取行動","1","先蒐集需求，再提出具體改善方案","","行動依序為訪問、整理路線、提出設椅建議，呈現先了解需求再提出方案的過程。 答案為「先蒐集需求，再提出具體改善方案」。","[""依序標出三個動作：訪問、標記、建議。"",""前兩步蒐集與整理需求，最後一步形成改善提案。"",""文中沒有先買設備、停留在記錄或忽略居民意見。""]","依動詞排序「訪問→標記路線→建議設椅」；看出先掌握居民需求，再將資料轉成改善提案。","[]","","","","","","","","","","","","","","",""
"CHI-0335","國文","原創會考程度練習","","","九年級上","閱讀與語文應用","修辭判斷","進階","素養題","「鐘聲一響，走廊立刻醒了過來，腳步聲和笑聲從教室湧出。」作者將走廊寫成會醒來，主要使用哪種修辭？","映襯","排比","擬人","借代","2","擬人","","走廊是沒有生命的場所，作者用「醒了過來」賦予人的狀態，屬於擬人。 答案為「擬人」。","[""確認被描寫的主體是走廊。"",""「醒了過來」原是人的狀態，此處把人的特徵賦予場所。"",""句子沒有並列相似句式、正反對照或以相關事物代稱。""]","「醒了過來」原本描述生物或人的狀態，這裡的主體卻是走廊；以人的狀態寫無生命場所即為擬人。","[]","","","","","","","","","","","","","","",""
"CHI-0336","國文","原創會考程度練習","","","九年級上","閱讀與語文應用","文言文文意推論","進階","素養題","短文：「亭不以廣稱，主人設茶延客，與之共論山川。客去，皆稱其樂。」依文意，賓客稱許的重點是什麼？","亭子必須寬敞宏大","主人要求客人留宿不歸","山川景色使亭子聞名","主人待客周到，交談令人愉快","3","主人待客周到，交談令人愉快","","「亭不以廣稱」先排除亭子的大小；主人設茶邀客並共談山川，賓客離開後稱其快樂，重點在主人待客與交談的愉快。答案為 D「主人待客周到，交談令人愉快」。","[""先理解「亭不以廣稱」：亭子並非因為寬大而受稱許。"",""「延客」是邀請客人；設茶共談後，客人稱「其樂」，線索指向待客與交談的愉快。"",""題文沒有提到留宿、遠離人群或山川讓亭子出名。""]","先讀「不以廣稱」排除亭子的大小，再解「延客」為邀請客人，最後用「皆稱其樂」找出稱許原因。","[]","","","","","","","","","","","","","","",""
"CHI-0337","國文","原創會考程度練習","","","九年級上","閱讀與語文應用","規則與數量推理","進階","素養題","圖書館借閱規則：每人最多借 5 本，借期 21 天；期滿前可續借一次，但已有人預約者除外。小芸借了 4 本，其中 1 本已被預約，期滿前她最多能續借幾本？","3 本","1 本","4 本","5 本","0","3 本","","她借的 4 本中有 1 本已被預約，該本不可續借；其餘 3 本最多可續借一次。 答案為「3 本」。","[""找出續借限制：每本最多續借一次，已預約的不能續借。"",""4 本中扣除已被預約的 1 本，剩 3 本。"",""因此最多續借 3 本，與每人最多借 5 本無衝突。""]","先用已預約的 1 本排除續借，再確認其餘每本最多續借一次；「最多借 5 本」限制借閱總量，不把續借數增加到 5。","[]","","","","","","","","","","","","","","",""
"CHI-0338","國文","原創會考程度練習","","","九年級上","閱讀與語文應用","語意推論","進階","素養題","走過多年後，他把童年往返外婆家的山路畫在地圖上，才發現記憶中那段最遠的路，不一定是兩點之間最長的那條。這句話最能表現什麼想法？","地圖比例尺的計算方法","記憶中感到遙遠的路，未必實際距離最長","道路施工的長度限制","旅行時如何選交通工具","1","記憶中感到遙遠的路，未必實際距離最長","","題幹說的是童年記憶中的路；多年後以地圖比較，發現記憶感受的遙遠未必等於實際長度。 答案為「記憶中感到遙遠的路，未必實際距離最長」。","[""先找明確情境：多年後回看童年往返外婆家的路。"",""記憶中感到「最遠」，但地圖實測不一定最長，呈現感受與測量的差別。"",""題幹不是在說明比例尺、道路施工或交通工具。""]","比較「記憶中最遠」與「兩點之間最長」兩種距離概念；句子談感受和實際長度未必相同，不是在考比例尺。","[]","","","","","","","","","","","","","","",""
"CHI-0339","國文","原創會考程度練習","","","九年級上","閱讀與語文應用","修辭與語氣","進階","素養題","作者寫：「如果每個人都只等別人先開口，沉默就會成為最響亮的回答。」這句話主要運用何種表達效果？","用數字證明沉默的音量","以排比列出發言步驟","以矛盾語意凸顯集體沉默","將沉默解釋為聲音傳播現象","2","以矛盾語意凸顯集體沉默","","「沉默」通常無聲，卻說它是最響亮的回答，利用表面矛盾突顯人人等待所造成的集體沉默。 答案為「以矛盾語意凸顯集體沉默」。","[""注意「沉默」和「響亮」在字面上的衝突。"",""這種反常並非物理音量，而是強調沉默所傳達的態度。"",""句子沒有數據、排比步驟或聲學說明。""]","對照無聲的「沉默」與有聲的「響亮」，辨認刻意並置的表面矛盾；再連結「每個人都等待」的集體情境。","[]","","","","","","","","","","","","","","",""
"CHI-0340","國文","原創會考程度練習","","","九年級上","閱讀與語文應用","討論與決策理解","進階","素養題","讀書會紀錄：「甲主張延長開放時間；乙提醒人力有限；討論後決定先試辦兩週，統計夜間使用人數再評估。」會議最後採取什麼方式？","只採納甲的意見不作評估","立即永久延長開放時間","否決延長並停止討論","先試行並依資料檢討","3","先試行並依資料檢討","","紀錄明確寫出先試辦兩週，再統計使用人數評估，屬於試行後依資料決策。 答案為「先試行並依資料檢討」。","[""找出決議中的時間與後續動作：「試辦兩週」「統計」「再評估」。"",""這表示先蒐集實際資料，再決定是否調整。"",""其他選項把暫時試行誇大為永久決定，或忽略評估步驟。""]","抓住決議的三個動作「試辦兩週→統計夜間人數→再評估」；試行不等於永久延長，也不是立即否決。","[]","","","","","","","","","","","","","","",""
"CHI-0341","國文","原創會考程度練習","","","九年級上","閱讀與語文應用","資訊判讀與證據","進階","素養題","討論前，子晴把意見分類：有資料支持的標上星號，仍待查證的留問號；她先查問號項目，再決定哪些納入報告。這做法最能避免什麼？","把未查證的說法當成確定事實","漏掉所有不同意見","只保留最受歡迎的意見","讓報告資料過度詳細","0","把未查證的說法當成確定事實","","子晴將未查證的意見標出，先核對資料再決定是否採用，可避免把未經確認的說法當成事實。答案為「把未查證的說法當成確定事實」。","[""先分清已有資料支持的內容和仍待查證的內容。"",""她先查證帶問號的項目，之後才決定是否納入報告。"",""這種核對能避免未驗證說法被當成確定事實，並未說要排除異議或只採多數意見。""]","依「標問號→查資料→決定是否納入」追蹤查證流程；暫存疑問不等於直接刪除異議，也不表示只採多數意見。","[]","","","","","","","","","","","","","","",""
"CHI-0342","國文","原創會考程度練習","","","九年級上","閱讀與語文應用","細節推論","進階","素養題","「雖然他沒有說服所有人，卻讓大家開始重新檢視原有的規定。」依句意可知，他的發言至少造成什麼影響？","使所有人立刻接受提案","促使部分人重新思考","讓原有規定立即廢止","證明討論完全沒有作用","1","促使部分人重新思考","","句子否定說服所有人，轉而肯定大家開始重新檢視規定；因此能推知至少引發重新思考，不能推成已接受或廢止。 答案為「促使部分人重新思考」。","[""先保留「沒有說服所有人」這個限制。"",""再依「開始重新檢視」判斷實際影響是促使思考。"",""題幹沒有說提案已獲接受或規定已廢止。""]","保留「沒有說服所有人」的限制，再抓「開始重新檢視」能支持的最低限度影響；不能推成已採納提案。","[]","","","","","","","","","","","","","","",""
"CHI-0343","國文","原創會考程度練習","","","九年級上","閱讀與語文應用","感官描寫","進階","素養題","「漁港的清晨，魚販的吆喝聲此起彼落，冰塊在木箱裡閃著白光。」這段文字主要調動哪兩種感官？","嗅覺與味覺","觸覺與嗅覺","聽覺與視覺","味覺與視覺","2","聽覺與視覺","","「吆喝聲」呈現聽覺，「閃著白光」呈現視覺，兩種感官共同建構漁港清晨的場景。 答案為「聽覺與視覺」。","[""圈出感官線索「聲」與「白光」。"",""吆喝聲需透過聽覺感受，白光需透過視覺感受。"",""句子沒有氣味、味道或觸摸的描寫。""]","把「吆喝聲」配到聽覺、「閃著白光」配到視覺；感官題逐個找明示詞，不以場景常識補出氣味或味道。","[]","","","","","","","","","","","","","","",""
"CHI-0344","國文","原創會考程度練習","","","九年級上","閱讀與語文應用","圖表與數據判讀","進階","素養題","某校問卷有 200 人作答，其中 120 人支持、50 人反對午休開放圖書館，另有 30 人未決定。下列何者最精確？","全校所有學生都支持","至少 120 個班級支持","支持者比反對者多 120 人","受訪者中 60% 支持","3","受訪者中 60% 支持","","120 ÷ 200＝0.6，即受訪者的 60%。支持者比反對者多 70 人，不是 120 人；問卷結果也不能推成全校每一位學生都支持。 答案為「受訪者中 60% 支持」。","[""確認比例的分母是作答的 200 人。"",""120 ÷ 200 × 100%＝60%。"",""問卷只描述這 200 位受訪者；120 人比 50 人多 70 人。""]","以回答問卷的 200 人作分母，計算 120÷200；不要把樣本結果推到全校，也別把人數差誤當百分比。","[]","","","","","","","","","","","","","","",""
"CHI-0345","國文","原創會考程度練習","","","九年級上","閱讀與語文應用","人物形象推論","進階","素養題","「他把每一次被退回的稿件都留下來，依編輯意見逐篇重寫，並在旁邊記下修改日期。」這項細節最能支持哪種人物特質？","只在意稿件數量","認為退稿都是別人的錯","不打算再寫任何文章","願意記錄錯誤並持續修正","3","願意記錄錯誤並持續修正","","留下退稿並註記修改日期，顯示他追蹤問題、持續修正，而非把退稿丟棄或歸咎他人。 答案為「願意記錄錯誤並持續修正」。","[""以「留下」和「寫上修改日期」作為推論證據。"",""這些行動表現出整理回饋、追蹤改進的態度。"",""A、B、C 都無法同時表現記錄退稿及持續修正；D 與細節相符。""]","以「依編輯意見逐篇重寫」和「記下修改日期」作證據，推論願意追蹤回饋並修正；不能只由退稿推定他怪罪他人。","[]","","","","","","","","","","","","","","",""
"CHI-0346","國文","原創會考程度練習","","","九年級上","閱讀與語文應用","景物與情感","進階","素養題","散文寫道：「春風掠過枝頭，花影落在窗前；她在信末寫下『盼你歸來』，才發現滿園春色仍不及一封回信。」這段文字主要如何凸顯人物情意？","以春日景物襯托對人的思念","列舉季節變化說明氣候","以反問批評春天景色","比較不同地區的風速","0","以春日景物襯托對人的思念","","春風、花影與滿園春色先構成明麗景象，末句卻說不及一封回信，並由「盼你歸來」明示思念；以景物襯托盼人歸來的情意。答案為「以春日景物襯托對人的思念」。","[""先找出春風、花影、滿園春色等景物描寫。"",""「盼你歸來」與「不及一封回信」明示人物對收信人的思念。"",""詩句不是氣候報告、反問或風速比較。""]","先讀明示情感的「盼你歸來」，再看春景如何與回信比較；景物是襯托，不能把春天本身當成主題。","[]","","","","","","","","","","","","","","",""
"CHI-0347","國文","原創會考程度練習","","","九年級上","閱讀與語文應用","公告資訊判讀","進階","素養題","「公司宣布本週五停水檢修，請住戶提前儲水；恢復供水時間若有變動，將另行公告。」公告未提供哪項資訊？","停水檢修的日期","預定恢復供水時間","住戶應採取的準備","時間變動時的通知方式","1","預定恢復供水時間","","公告交代週五停水、提醒提前儲水，也說明恢復時間若變動會另行公告；但沒有列出預定恢復時間。 答案為「預定恢復供水時間」。","[""逐項核對日期、住戶準備及變動通知方式。"",""上述三項都能從公告找到，唯獨沒有預定恢復時刻。"",""因此缺少的資訊是預定恢復供水時間。""]","公告說明停水日、事前儲水和變更通知方式；逐項勾除已提供資訊，勿把「若有變動另行公告」誤當預定恢復時間。","[]","","","","","","","","","","","","","","",""
"CHI-0348","國文","原創會考程度練習","","","九年級上","閱讀與語文應用","論點判斷","進階","素養題","「與其忙著替失誤找理由，不如先找出下一次可以改進的一步。」作者主要建議什麼？","犯錯後應避免再次嘗試","所有失誤都不需要說明","把注意力轉向可執行的改進","只要找理由就能避免失敗","2","把注意力轉向可執行的改進","","「與其……不如……」把找理由與找改進方法對照，作者主張採取能促成下一步行動的改進。 答案為「把注意力轉向可執行的改進」。","[""辨認句型「與其 C，不如 B」，A 是較受推薦的做法。"",""選項 C 是找出下次可改進的一步，重點在可執行的行動。"",""句子沒有主張不再嘗試或否定所有說明。""]","「與其……不如……」以「不如」後項提出較建議的做法；確認 C 指向可執行的改進，而不是避錯或替錯誤辯解。","[]","","","","","","","","","","","","","","",""
"CHI-0349","國文","原創會考程度練習","","","九年級上","閱讀與語文應用","修辭辨析","進階","素養題","下列句子中，何者使用「借代」？","他坐在桌前完成長篇小說","朱門酒肉臭，路有凍死骨","窗外的風兒在唱歌","風兒輕輕敲著窗戶","1","朱門酒肉臭，路有凍死骨","","「朱門」以紅漆大門代指富貴人家，借具代表性的事物代替所指對象，屬借代。 答案為「朱門酒肉臭，路有凍死骨」。","[""逐句找出是否以一個具體事物代替另一類人或事。"",""「朱門」在此不是只指門，而是代指富貴人家。"",""A 是直接敘述寫作行為；C 把風寫成人，D 是擬人；B 的「朱門」才是借代。""]","辨借代要看詞語是否以相關物代替對象：「朱門」代指富貴人家；「風兒在唱歌」則把物寫成人，屬擬人。","[]","","","","","","","","","","","","","","",""
"CHI-0350","國文","原創會考程度練習","","","九年級上","閱讀與語文應用","論證與證據評估","進階","素養題","研究摘要：「連續四週讓兩班學生每週閱讀 20 分鐘，閱讀班的詞彙測驗平均分數上升；研究者提醒，樣本人數有限。」下列結論何者最謹慎？","四週閱讀已證明適用所有年級","閱讀必定使所有學生詞彙增加","這次觀察到閱讀班平均分數上升，但仍需更多資料","樣本有限代表分數完全沒有變化","2","這次觀察到閱讀班平均分數上升，但仍需更多資料","","摘要只報告兩班的平均變化，並提醒樣本有限；謹慎結論應保留觀察範圍，不能擴大成普遍因果。 答案為「這次觀察到閱讀班平均分數上升，但仍需更多資料」。","[""確認研究範圍：兩班、四週、每週 20 分鐘。"",""結果是閱讀班平均分數上升，且研究者指出樣本有限。"",""因此只能陳述本次觀察，不能推論所有學生或所有年級。""]","把結論限定在「兩班、四週、平均分數」的觀察，並保留樣本有限的提醒；資料未提供對照細節，不可宣稱已證明普遍因果。","[]","","","","","","","","","","","","","","",""
"CHI-0351","國文","原創會考程度練習","","","九年級上","閱讀與語文應用","表格資訊統整","進階","素養題","社團記錄三場講座的報名與到場人數：甲場 30 人報名、24 人到場；乙場 35 人報名、28 人到場；丙場 32 人報名、25 人到場。下列何者正確？","甲場出席率最高","丙場到場人數比乙場多","三場報名人數依序增加","甲、乙兩場出席率相同，且都高於丙場","3","甲、乙兩場出席率相同，且都高於丙場","","甲場出席率為 24÷30＝80%，乙場為 28÷35＝80%，丙場為 25÷32，約 78.1%；因此甲、乙兩場相同且均高於丙場。答案為 D。","[""分別用到場人數除以報名人數，計算三場出席率，而非比較報名總數。"",""甲場 24÷30＝80%；乙場 28÷35＝80%；丙場 25÷32≈78.1%。"",""甲、乙出席率相同且都高於丙；丙場到場較乙少，報名人數也非逐場增加。""]","分清「報名數」與「到場數」，每場都以到場÷報名算出席率；不能只比較到場人數或把兩個 80% 判成甲場較高。","[]","","","","","","","","","","","","","","",""
"CHI-0352","國文","原創會考程度練習","","","九年級上","閱讀與語文應用","文言文文意推論","進階","素養題","短文：「縣令巡至橋旁，見木板鬆脫，先命人圍起危處；復訪附近居民，查明雨後溪水常沖刷橋基，遂安排修補並訂定巡查之期。」縣令處理事情的次序為何？","先處理眼前危險，再查原因並安排改善與巡查","先追究責任，再決定是否封橋","只記錄橋板損壞，不採取行動","先拆除整座橋，再詢問居民意見","0","先處理眼前危險，再查原因並安排改善與巡查","","縣令先圍起鬆脫橋板以避免眼前危險，再查出雨水沖刷橋基的原因，接著修補並安排巡查。答案為 A「先處理眼前危險，再查原因並安排改善與巡查」。","[""依動作順序找出第一步：木板鬆脫後先圍起危處。"",""之後訪問居民找原因，再安排修補與定期巡查。"",""其他選項加入追責、拆橋等未出現作法，或忽略立即防護及後續處理。""]","沿「圍起危處→訪問查因→修補並巡查」排序；先處理急迫風險，再追查根因與預防復發，勿倒置成先追責。","[]","","","","","","","","","","","","","","",""
"CHI-0353","國文","原創會考程度練習","","","九年級上","閱讀與語文應用","成語運用","進階","素養題","隊長明知最後一關很難，仍帶領隊員先完成分工、逐項解決問題。用哪個成語形容最恰當？","知難而退","迎難而上","半途而廢","臨渴掘井","1","迎難而上","","隊長明知有困難，仍帶隊分工並逐項解決，符合「迎難而上」；「知難而退」和「半途而廢」都表示退縮或中止。答案為「迎難而上」。","[""抓住「明知很難，仍帶領隊員解決」的行動。"",""迎難而上指面對困難仍勇於前進。"",""「知難而退」是遇難退卻，「半途而廢」是中途停止；「臨渴掘井」則是需要時才匆忙準備，都不合隊長行動。""]","對照「明知難、仍分工解題」與「知難而退／半途而廢」的方向差異；成語要依人物實際行動選，不只看遇到困難。","[]","","","","","","","","","","","","","","",""
"CHI-0354","國文","原創會考程度練習","","","九年級上","閱讀與語文應用","文言詞義","進階","素養題","古文「棄甲曳兵而走」中，「走」的意思最接近哪一項？","行走散步","拜訪","跑","離開座位","2","跑","","此句描寫士兵丟盔棄甲、拖著兵器逃跑，「走」是古義的奔跑、逃跑。 答案為「跑」。","[""把「棄甲曳兵」放回戰敗情境理解。"",""士兵丟下盔甲、拖著兵器離開戰場，此處「走」指逃跑。"",""現代常用的普通步行義不合上下文。""]","把「棄甲曳兵」放回戰敗逃離的語境；古義「走」指跑、逃跑，不要直接套用現代常見的步行義。","[]","","","","","","","","","","","","","","",""
"CHI-0355","國文","原創會考程度練習","","","九年級上","閱讀與語文應用","篇章結構","進階","素養題","某篇遊記先寫登山途中氣喘、停歇，再寫抵達山頂後看見雲海，最後記下下山時的心情。這篇文章主要依何種順序安排？","由山麓到山頂的空間位置","先總說山景，再列舉景物種類","按登山者的重要程度排列","按途中、抵達、下山的行程先後","3","按途中、抵達、下山的行程先後","","段落依登山、抵達、下山的旅程進展排列，主要採行程先後順序。答案為 D「按途中、抵達、下山的行程先後」。","[""找出三個事件：途中、到達山頂、下山。"",""這些事件構成連續的旅程過程。"",""文章不是人物年齡比較、價格排序或正反論辯。""]","按「途中→抵達山頂→下山」看事件推進；文章提到不同地點，但敘述線索主要是旅程先後，不是單純空間位置羅列。","[]","","","","","","","","","","","","","","",""
"CHI-0356","國文","原創會考程度練習","","","九年級上","閱讀與語文應用","修辭判斷","進階","素養題","「雨中的街燈倒影，像一幅被暈開的淡金色畫。」這句主要運用哪種修辭？","譬喻","設問","借代","排比","0","譬喻","","句中以「像」把雨中的街燈倒影比作淡金色畫，屬譬喻；沒有提出問題、以相關事物代稱或列舉相似句式。答案為「譬喻」。","[""找出譬喻詞「像」以及被描寫的街燈倒影和用來比擬的畫。"",""作者用淡金色畫來呈現雨中倒影的視覺印象，屬譬喻。"",""沒有相似句式、疑問句或以相關事物代稱。""]","找出「像」字兩側的本體「街燈倒影」與喻體「淡金色畫」；先確認明示比喻，再辨認其他修辭。","[]","","","","","","","","","","","","","","",""
"CHI-0357","國文","原創會考程度練習","","","九年級上","閱讀與語文應用","通知資訊整合","進階","素養題","班級通知：「週一交回家長同意書；若需搭乘遊覽車，請另勾選車位。未交表者視同不參加。」小凱要參加且搭車，應如何處理？","只口頭告知導師即可","週一交表並勾選車位","活動當天再決定是否交表","交表但不可勾選車位","1","週一交表並勾選車位","","通知要求週一交回同意書，搭車者另勾選車位；小凱兩項都要完成。 答案為「週一交表並勾選車位」。","[""分開確認參加者和搭車者的要求。"",""參加須交同意書，搭車須另勾車位。"",""未交表視同不參加，因此口頭告知或延後處理不符合規則。""]","分清一般參加要求和搭車者的附加要求：交同意書是必要條件，搭車還須勾車位，不能只口頭告知。","[]","","","","","","","","","","","","","","",""
"CHI-0358","國文","原創會考程度練習","","","九年級上","閱讀與語文應用","人物形象推論","進階","素養題","「他把掌聲留給團隊，把責任留給自己。」這句話主要凸顯人物什麼特質？","喜歡獨占所有成果","害怕與人合作","謙遜且勇於承擔","不願接受任何任務","2","謙遜且勇於承擔","","掌聲象徵成果，他讓團隊共享；責任由自己承擔，表現謙遜與負責。 答案為「謙遜且勇於承擔」。","[""辨認「掌聲」與「責任」分別代表成果肯定和承擔義務。"",""他把肯定給團隊、把責任留給自己。"",""這與獨占成果、拒絕合作或逃避任務相反。""]","將「掌聲」視為成果肯定、「責任」視為承擔義務；一給團隊、一由自己承擔，分別支持謙遜與負責。","[]","","","","","","","","","","","","","","",""
"CHI-0359","國文","原創會考程度練習","","","九年級上","閱讀與語文應用","資訊統整","進階","素養題","短文：「公園改用透水鋪面後，雨水較容易滲入地面；但管理單位仍須定期清理落葉，以免孔隙堵塞。」下列何者符合短文？","鋪面能使公園完全不積水","透水鋪面有助雨水下滲，也需要維護","落葉可增加鋪面的透水能力","改用鋪面後便不必清理","1","透水鋪面有助雨水下滲，也需要維護","","短文同時指出透水鋪面促進雨水下滲，以及落葉堵塞孔隙的維護風險；B 保留兩項資訊。答案為「透水鋪面有助雨水下滲，也需要維護」。","[""分別整理鋪面的作用和管理提醒。"",""雨水較易下滲，但孔隙需避免被落葉堵住。"",""文中沒有說完全不積水，且明確要求定期清理。""]","同時保留鋪面促進下滲與落葉可能堵孔兩項訊息；答案 B 不把效果誇大為完全不積水，也沒有忽略定期清理。","[]","","","","","","","","","","","","","","",""
"CHI-0360","國文","原創會考程度練習","","","九年級上","閱讀與語文應用","主旨判斷","進階","素養題","「不是把每一分鐘塞滿，才叫珍惜時間；留一段空白，才能想清楚下一步。」這段話的主旨為何？","只要休息就不必規劃","每天都應避免安排任何事情","忙碌程度可以代表成果","安排時間也要保留思考空間","3","安排時間也要保留思考空間","","作者否定把時間排滿等同珍惜時間，並指出空白有助思考下一步，主旨是安排與留白並重。 答案為「安排時間也要保留思考空間」。","[""留意「不是……才……」否定的觀念。"",""後半句說明保留空白的目的：思考下一步。"",""作者沒有主張完全不安排或以忙碌衡量成果。""]","先看「不是……才叫……」否定把行程排滿等同珍惜時間，再依「才能想清楚下一步」判斷留白的目的。","[]","","","","","","","","","","","","","","",""
"CHI-0361","國文","原創會考程度練習","","","九年級上","閱讀與語文應用","象徵與語意推論","進階","素養題","短文：「她晚自習回家時，巷口的燈總亮著。母親說，只要那盞燈在，回家的人就知道有人等他。」文中的燈主要象徵什麼？","家人守候與關懷","巷口需要施工維修","提醒晚歸的人加快腳步","單純說明燈具的亮度","0","家人守候與關懷","","母親說燈亮著讓晚歸的人知道「有人等他」，因此燈不只照明，更象徵家人的守候與關懷。答案為「家人守候與關懷」。","[""先讀母親對燈的解釋：「回家的人就知道有人等他」。"",""這句話把燈光連到等待者，故燈同時象徵親人的關懷。"",""文本未提維修、催促或燈具亮度規格，不能只按字面照明解讀。""]","留意母親明說「有人等他」；這句提供象徵線索，將燈光由實際照明連到家人的守候，而不是施工或亮度資訊。","[]","","","","","","","","","","","","","","",""
"CHI-0362","國文","原創會考程度練習","","","九年級上","閱讀與語文應用","規則判讀","進階","素養題","校園導覽牌寫：「本區植物可觀察但不可採摘；若發現受傷野生動物，請通知服務台，勿自行餵食。」下列行為符合規定的是？","拍攝植物並通報受傷動物","採一片葉子帶回家","拿食物餵受傷的鳥","把動物帶離園區照顧","0","拍攝植物並通報受傷動物","","規定允許觀察、不允許採摘；遇受傷動物應通知服務台且不可餵食。A符合兩項要求。 答案為「拍攝植物並通報受傷動物」。","[""分別確認植物與受傷動物的處理規定。"",""可觀察或拍攝植物，受傷動物要通報服務台。"",""採葉、餵食及自行帶走動物都違反公告。""]","分開核對兩項規則：植物可觀察但不可採，受傷野生動物要通報且不可餵；符合一項仍須符合另一項。","[]","","","","","","","","","","","","","","",""
"CHI-0363","國文","原創會考程度練習","","","九年級上","閱讀與語文應用","修辭判斷","進階","素養題","「窗前那盆薄荷長出新葉，祖母說：『它比昨天又多了一點勇氣。』」祖母把植物寫得像人，使用何種修辭？","誇飾","擬人","排比","借代","1","擬人","","「勇氣」是人的心理特質，祖母將它賦予薄荷新葉，屬於擬人。 答案為「擬人」。","[""確認描寫對象是植物新葉。"",""新葉被說成有人的「勇氣」，把人的特質賦予植物。"",""句子沒有刻意誇大、多項並列或借物代人的用法。""]","被描寫者是薄荷新葉，「勇氣」卻是人的心理特質；辨認擬人要看是否把人的情感或行為賦給非人對象。","[]","","","","","","","","","","","","","","",""
"CHI-0364","國文","原創會考程度練習","","","九年級上","閱讀與語文應用","因果與重點判讀","進階","素養題","導師說：「這次報告資料很多，但引用來源不清楚；先補上出處，再討論結論是否可靠。」依這段話，優先要改善什麼？","增加報告頁數","刪除所有結論","補充資料來源","更換報告題目","2","補充資料來源","","導師先指出引用來源不清，再要求補出處，表示目前優先工作是讓資料來源可查證。 答案為「補充資料來源」。","[""找出老師指出的問題：引用來源不清楚。"",""老師明確說「先補上出處」，這就是優先步驟。"",""頁數、刪除結論或更換題目都不是指示內容。""]","依導師指示中的「先補上出處」鎖定優先事項；結論可靠性是之後再討論，別把後續工作當成第一步。","[]","","","","","","","","","","","","","","",""
"CHI-0365","國文","原創會考程度練習","","","九年級上","閱讀與語文應用","成語典故理解","進階","素養題","「桃李不言，下自成蹊」用桃李樹下自然形成小路的景象，比喻什麼？","道路必須經常有人修築","做人應避免與他人往來","桃樹和李樹不適合移植","德行良好的人自然受到敬重","3","德行良好的人自然受到敬重","","桃李雖不招呼人，樹下仍自然形成小路；比喻品德或成就受到人們敬重，自然吸引追隨者。 答案為「德行良好的人自然受到敬重」。","[""理解字面景象：人們因桃李而來，走出小路。"",""再由景象推知有德者不必自我宣揚，也會受到敬重。"",""典故不是在討論道路維護、植物移植或拒絕交往。""]","先理解字面路徑是人因桃李而來，再轉成比喻：有德者不必自誇，也會因品行受到敬重。","[]","","","","","","","","","","","","","","",""
"CHI-0366","國文","原創會考程度練習","","","九年級上","閱讀與語文應用","人物態度推論","進階","素養題","展覽開幕前，阿庭發現幾件作品的標示內容有誤，便逐件核對資料並通知同事一起更正。這最能表現什麼態度？","謹慎負責並主動合作","認為失敗不值得記錄","想把錯誤推給別人","只在意結果不在意過程","0","謹慎負責並主動合作","","阿庭主動逐件核對標示並與同事合作更正，顯示他謹慎負責，也重視資訊正確。答案為「謹慎負責並主動合作」。","[""找出阿庭採取的兩個行動：核對標示資料、通知同事更正。"",""逐件確認顯示謹慎，邀同事共同處理顯示合作與責任感。"",""題文沒有掩蓋錯誤、推卸責任或只看結果的行為。""]","用「逐件核對」判斷謹慎，用「通知同事一起更正」判斷合作；從實際行動推特質，不推測未寫出的動機。","[]","","","","","","","","","","","","","","",""
"CHI-0367","國文","原創會考程度練習","","","九年級上","閱讀與語文應用","資料解讀與證據範圍","進階","素養題","校園觀察紀錄：三株楓樹在氣溫下降後陸續轉紅，但日期不同；同一株樹向陽一側的葉片也比背陰處早轉紅。依資料可得何者？","降溫是楓葉轉紅的唯一原因","轉紅時點可能與氣溫及受光位置等條件有關","每株楓樹的所有葉片一定同一天轉紅","葉片轉紅代表樹木已經枯死","1","轉紅時點可能與氣溫及受光位置等條件有關","","紀錄同時提到氣溫下降後轉紅，以及向陽枝比背陰處早轉紅；可謹慎推知轉紅時點可能與氣溫、受光位置等條件有關，不能斷言單一原因。答案為「轉紅時點可能與氣溫及受光位置等條件有關」。","[""分開記錄兩項觀察：降溫後陸續轉紅、向陽側較背陰側早轉紅。"",""這些現象顯示轉紅時間可能與氣溫和受光位置等條件相關。"",""資料沒有比較所有可能因素，不能說只有降溫造成，也不能推成枯死或同日轉紅。""]","同時使用「降溫後轉紅」和「向陽側較早」兩項觀察；結論要保留「可能相關」，不可過度斷言氣溫是唯一原因。","[]","","","","","","","","","","","","","","",""
"CHI-0368","國文","原創會考程度練習","","","九年級上","閱讀與語文應用","規則與情境判斷","進階","素養題","某活動規定：每隊 4 至 6 人，未滿 4 人不得參賽。小組原有 5 人，報名後有 1 人退出，剩下的隊員還能參賽嗎？","可以，但必須找回退出的隊員","不可以，必須剛好 5 人","可以，剩下 4 人符合規定","不可以，只有 6 人才能參賽","2","可以，剩下 4 人符合規定","","原有 5 人，1 人退出後剩 4 人，仍在每隊 4 至 6 人的範圍內，因此可以參賽。 答案為「可以，剩下 4 人符合規定」。","[""先依情境計算：5－1＝4 人。"",""規定的人數範圍是 4 至 6 人，4 人達到最低門檻。"",""因此剩下隊員仍可參賽，不需要補到 5 人或 6 人。""]","先算退出後人數 5－1＝4，再與規則的 4 至 6 人範圍比較；4 人正好達最低門檻，不必補到原人數。","[]","","","","","","","","","","","","","","",""
"CHI-0369","國文","原創會考程度練習","","","九年級上","閱讀與語文應用","文章組織分析","進階","素養題","同一篇報導先列出河川整治前後的水質數據，接著訪問附近居民，再提出後續監測建議。作者的安排最接近哪一種？","先提出結論，再完全省略證據","以問答形式介紹操作步驟","依人物年齡排列對話","先呈現資料，再補充經驗並提出建議","3","先呈現資料，再補充經驗並提出建議","","報導依序提供數據、居民經驗與監測建議，是由客觀資料延伸到生活觀察及後續作法。 答案為「先呈現資料，再補充經驗並提出建議」。","[""依序整理三部分：水質數據、居民訪談、監測建議。"",""數據提供依據，訪談補充感受，最後提出後續行動。"",""文章沒有省略證據、按年齡排列或介紹操作流程。""]","依報導出現次序整理「水質數據→居民訪談→監測建議」；分清資料、經驗補充與後續主張的功能。","[]","","","","","","","","","","","","","","",""
"CHI-0370","國文","原創會考程度練習","","","九年級上","閱讀與語文應用","語句引申義","進階","素養題","「他把問題攤在桌上，大家才有機會一起找答案。」句中的「把問題攤在桌上」最可能指什麼？","公開提出並共同討論問題","把問題藏起來避免爭論","只讓一個人獨自作答","把考卷放到桌面上","0","公開提出並共同討論問題","","後句說大家因此能一起找答案，可知「攤在桌上」是公開提出問題，而不是字面放置物品。 答案為「公開提出並共同討論問題」。","[""利用後半句「大家一起找答案」判斷語境。"",""要共同解決，問題必須先被公開提出。"",""隱藏問題或獨自作答都與「大家一起」不合。""]","用「大家才有機會一起找答案」回推「攤在桌上」是公開提出；後半句排除字面放考卷或隱藏問題的解讀。","[]","","","","","","","","","","","","","","",""
"CHI-0371","國文","原創會考程度練習","","","九年級上","閱讀與語文應用","研究結果與推論","進階","素養題","某研究比較兩種盆栽土壤，發現使用甲土的 10 盆植物中有 8 盆長出新芽；研究者說樣本不多，還需重複實驗。最恰當的結論是？","甲土一定適合所有植物","本次甲土組有 8 盆長出新芽，結果仍待更多實驗確認","樣本少表示這次觀察沒有任何價值","所有盆栽都會在短期內長芽","1","本次甲土組有 8 盆長出新芽，結果仍待更多實驗確認","","資料只支持本次 10 盆中有 8 盆長芽，且研究者提醒樣本有限；不能推廣到所有植物。 答案為「本次甲土組有 8 盆長出新芽，結果仍待更多實驗確認」。","[""先依數據限定對象與結果：甲土組 10 盆中 8 盆。"",""研究者明確指出樣本不多，還要重複實驗。"",""因此可報告本次觀察，不可宣稱適用所有植物或否定資料價值。""]","結論只限於甲土組這 10 盆的觀察，並保留研究者所說樣本不多、需重複實驗；不能推廣到所有植物。","[]","","","","","","","","","","","","","","",""
"CHI-0372","國文","原創會考程度練習","","","九年級上","閱讀與語文應用","詩句寓意理解","進階","素養題","「問渠那得清如許？為有源頭活水來。」後兩句以池水清澈設問並回答，主要說明什麼？","水面平靜便不需要流動","池塘越深就一定越清澈","持續有新的來源，才能保持清新活力","清水只能靠人工反覆更換","2","持續有新的來源，才能保持清新活力","","詩句自問池水何以清澈，答案是源源不斷的活水；可引申為持續吸收新知才能保持活力。 答案為「持續有新的來源，才能保持清新活力」。","[""找出設問與回答：為何清澈？因有源頭活水。"",""活水持續注入，是池水清新的原因。"",""詩句沒有說水深、靜止或人工更換是關鍵。""]","沿設問「何以清」找回答「源頭活水」；先理解池水清澈的字面因由，再看選項如何保留持續補充的意思。","[]","","","","","","","","","","","","","","",""
"CHI-0373","國文","原創會考程度練習","","","九年級上","閱讀與語文應用","證據與結論","進階","素養題","「他把每次練習的錄音按月份排列，聽見自己的停頓逐漸減少。」這段文字的證據最能支持哪個結論？","停頓減少代表不必再準備","錄音設備決定了表達能力","練習次數越多，內容一定越正確","持續練習後，表達流暢度有所進步","3","持續練習後，表達流暢度有所進步","","按月份排列的錄音呈現停頓逐漸減少，支持表達流暢度有所進步；不能由此推論內容正確或不必準備。 答案為「持續練習後，表達流暢度有所進步」。","[""找出直接觀察到的變化：停頓逐漸減少。"",""這項變化支持口語表達較流暢的結論。"",""錄音無法證明內容正確、設備決定能力或可以停止準備。""]","錄音中直接可見的是停頓逐月減少，能支持表達較流暢；錄音沒有檢驗內容正確性或設備造成的效果。","[]","","","","","","","","","","","","","","",""
"CHI-0374","國文","原創會考程度練習","","","九年級上","閱讀與語文應用","詩句寓意","進階","素養題","「不經一番寒徹骨，怎得梅花撲鼻香」以梅花經歷寒冷後散發香氣，比喻什麼？","經過艱苦磨練才能有所成就","梅花不需要陽光也能生長","成功完全不受努力影響","只要忍受寒冷就會得到財富","0","經過艱苦磨練才能有所成就","","詩句把梅花耐寒後飄香比作人經歷磨練後有所收穫，強調艱苦歷程與成就的關係。 答案為「經過艱苦磨練才能有所成就」。","[""先看梅花經歷「寒徹骨」後才有「撲鼻香」。"",""由自然景象引申為磨練之後才可能有所成就。"",""詩句不是在談財富、栽培條件或否定努力。""]","把「寒徹骨」和「撲鼻香」連成先經磨練、後有收穫；比喻可談成就，不要擴大成保證財富或任何努力必成功。","[]","","","","","","","","","","","","","","",""
"CHI-0375","國文","原創會考程度練習","","","九年級上","閱讀與語文應用","公告條件判讀","進階","素養題","公車公告：「本週日因活動，末班車提前至 21:30；其他日期末班車照常。若遇道路封閉，請依現場改道牌指示。」本週日道路未封閉時，末班車時間為何？","平日末班時間","21:30","須等道路封閉才發車","當日停駛","1","21:30","","公告直接說本週日末班車提前至 21:30；道路封閉只影響改道，不改變此處列出的末班時間。 答案為「21:30」。","[""確認題目詢問本週日的末班車時間。"",""公告明列活動日末班車提前至 21:30。"",""道路未封閉，改道條件不成立；其他日期的班次也不適用。""]","只套用本週日的特別班次「21:30」；道路封閉條款管的是改道，題幹又說未封閉，因此不會改變末班時間。","[]","","","","","","","","","","","","","","",""
"CHI-0376","國文","原創會考程度練習","","","九年級上","閱讀與語文應用","人物行動推論","進階","素養題","「他沒有把答案直接告訴新生，只陪他們回到題目，逐句找出線索。」這位學長最可能採取哪種協助方式？","直接代替新生完成所有題目","要求新生背下唯一答案","引導對方依據文本自行推理","避免說明解題方法","2","引導對方依據文本自行推理","","學長不直接給答案，而是陪新生回到題目找線索，表示他在引導對方建立推理方法。 答案為「引導對方依據文本自行推理」。","[""注意他沒有做的事：直接告知答案。"",""他採取的行動是陪讀題、逐句找證據。"",""這與代答、只要求背誦或不說明方法不同。""]","對照「沒有直接告訴答案」和「陪著逐句找線索」兩項行動；後者顯示引導推理，而非代答或只要求背誦。","[]","","","","","","","","","","","","","","",""
"CHI-0377","國文","原創會考程度練習","","","九年級上","閱讀與語文應用","文言文主旨","進階","素養題","陶淵明寫「不戚戚於貧賤，不汲汲於富貴」，最能表現哪種處世態度？","因貧困而自怨自艾","一心追求財富與地位","完全不關心身邊的人事","不為貧富所困，也不熱衷追逐富貴","3","不為貧富所困，也不熱衷追逐富貴","","「戚戚」指憂懼不安，「汲汲」指急切追求；句子稱許不因貧困憂懼，也不急切追逐富貴，表現淡泊自守。答案為「不為貧富所困，也不熱衷追逐富貴」。","[""解讀兩組關鍵詞：「戚戚」是憂懼，「汲汲」是急切追求。"",""前句不因貧困而憂懼，後句不急切追逐富貴。"",""合起來是淡泊自守，不被貧富與名利牽引，答案D。""]","分別解「戚戚」為憂懼、「汲汲」為急切追求；兩句各自否定一種被貧困或富貴牽引的狀態。","[]","","","","","","","","","","","","","","",""
"CHI-0378","國文","原創會考程度練習","","","九年級上","閱讀與語文應用","主旨與資訊統整","進階","素養題","社區修復老戲院時保留有歷史的木門，並在入口加裝坡道和扶手。居民表示，這樣既方便行動不便者，也留住舊戲院的記憶。下列何者最能概括這項修復原則？","改善使用便利時，同時保存歷史特色","只重視建築外觀，不考慮使用者需求","拆除所有舊設施，以全新建築取代","限制行動不便者進入以維持古蹟原貌","0","改善使用便利時，同時保存歷史特色","","修復者保留有歷史的木門，也加裝坡道和扶手；兩項作法兼顧保存舊戲院特色與不同使用者的通行需求。答案為「改善使用便利時，同時保存歷史特色」。","[""找出兩項實際作法：保留舊木門、增設無障礙設施。"",""居民說明兩種效果：留下歷史記憶、方便行動不便者。"",""因此原則是兼顧保存與使用；其他選項各自忽略一項或違背題文。""]","同時核對保留木門與加裝坡道、扶手兩項措施；只有兼顧歷史特色和可近用性的選項能概括居民所述效果。","[]","","","","","","","","","","","","","","",""
"CHI-0379","國文","原創會考程度練習","","","九年級上","閱讀與語文應用","資料推論與限制","進階","素養題","校刊記錄：甲組每週練習 2 次，乙組每週練習 4 次；四週後兩組都進步，但校刊沒有提供起始分數與測驗人數。下列結論何者最謹慎？","乙組一定比甲組進步兩倍","兩組四週後都進步，資料不足以判定哪組進步較多","練習次數越多必然造成分數上升","甲組沒有進步","1","兩組四週後都進步，資料不足以判定哪組進步較多","","資料只說兩組都進步，沒有起始分數、進步幅度與人數，不能比較誰進步較多或推論因果。 答案為「兩組四週後都進步，資料不足以判定哪組進步較多」。","[""先讀出明確結果：甲、乙兩組四週後都進步。"",""題目未提供可比較的分數差與樣本資訊。"",""因此不能推成兩倍差異或必然因果。""]","接受題幹已給的「兩組都進步」，但不臆測幅度；沒有起始分數與人數，就無法比較增幅或證明練習次數造成差異。","[]","","","","","","","","","","","","","","",""
"CHI-0380","國文","原創會考程度練習","","","九年級上","閱讀與語文應用","成語運用","進階","素養題","施工隊發現器材不足，領隊縮小本週的工作範圍，先完成現有資源能負擔的部分，不勉強承接額外區域。最適合用哪個成語形容？","勉為其難","力不從心","量力而為","好高騖遠","2","量力而為","","領隊依現有器材與人力縮小工作範圍，選擇能力所及的任務，符合「量力而為」。答案為「量力而為」。","[""找出限制條件：器材不足，無法承接全部工作。"",""領隊依資源調整工作量，沒有勉強承接超出能力的部分。"",""按照實際能力安排工作，符合「量力而為」，答案C。""]","抓「器材不足、縮小工作範圍、不勉強承接」三個線索；領隊依能力安排任務，符合「量力而為」而非被迫勉強。","[]","","","","","","","","","","","","","","",""
"CHI-0381","國文","原創會考程度練習","","","九年級上","閱讀與語文應用","篇章順序","進階","素養題","短文依序寫天色轉暗、主角收起相機往山下走，途中加快腳步，最後趕上末班車。作者主要如何安排事件？","先寫結果再倒述所有原因","按地點距離由遠到近排列","以不同人物的觀點交錯敘述","依事件發生的先後推進","3","依事件發生的先後推進","","天色變暗後收相機下山，接著加快腳步並趕上末班車，事件按時間先後推進。 答案為「依事件發生的先後推進」。","[""將事件依題幹順序列出：天色變暗、下山、加快腳步、搭上末班車。"",""每個動作接續前一件事發生，構成時間序列。"",""題幹沒有倒敘、地點距離排序或多人物觀點。""]","按「天色轉暗→收相機下山→加快腳步→趕上末班車」排列事件；這是敘述時間順序，不是空間或人物觀點切換。","[]","","","","","","","","","","","","","","",""
"CHI-0382","國文","原創會考程度練習","","","九年級上","閱讀與語文應用","人物心境推論","進階","素養題","「他把沉重的往事摺好，收進抽屜；每天早晨，仍替窗邊的花澆水。」這段描寫最能呈現什麼？","整理過往後，仍持續照料日常生活","認為植物比人更重要","打算離開目前居住的地方","已經完全忘記所有往事","0","整理過往後，仍持續照料日常生活","","「摺好往事」呈現把過去收整起來；每天澆花則直接寫出他持續照料日常生活。 答案為「整理過往後，仍持續照料日常生活」。","[""辨認兩個意象：收起往事、持續澆花。"",""前者暗示整理過去，後者明確呈現日常照料仍在進行。"",""文中沒有說他忘記往事、比較人與植物或準備搬離。""]","將「摺好往事」視作整理過去的形象說法，再以每天澆花這個明確行動確認日常仍持續；不推成忘記往事。","[]","","","","","","","","","","","","","","",""
"CHI-0383","國文","原創會考程度練習","","","九年級上","閱讀與語文應用","公告條件判讀","進階","素養題","社區公告：「本週六上午 9 時至 11 時清理水溝；請住戶勿將車輛停在巷口。雨天順延，另以群組通知。」若週六下雨，住戶應如何判斷活動時間？","仍一定於上午 9 時開始","活動順延，等待群組通知","改成下午 1 時舉行","活動直接取消且不再通知","1","活動順延，等待群組通知","","公告說明雨天順延，並另以群組通知；沒有提供新的確切日期或時間。 答案為「活動順延，等待群組通知」。","[""先找出雨天適用的條件句。"",""「雨天順延」表示不按原定時段進行。"",""公告沒有指定下午時間，也沒有說取消或不通知。""]","雨天適用「順延，另以群組通知」；公告沒有給新日期，不能自行填下午一點或推成取消。","[]","","","","","","","","","","","","","","",""
"CHI-0384","國文","原創會考程度練習","","","九年級上","閱讀與語文應用","數據判讀","進階","素養題","某班 30 人中有 18 人選擇搭公車上學。下列哪個敘述可由資料直接得到？","搭公車者每天都準時到校","全校有 60% 的學生搭公車","該班 60% 的學生選擇搭公車","其餘 12 人都住在學校附近","2","該班 60% 的學生選擇搭公車","","18÷30＝0.6，即本班 60% 的學生選擇搭公車；資料沒有提供全校情況或其他學生的住處。 答案為「該班 60% 的學生選擇搭公車」。","[""確認資料範圍是該班 30 人。"",""計算 18 除以 30，得到 60%。"",""不要把班級結果擴大到全校，也不可推測準時與居住地。""]","用該班 30 人作分母，18÷30＝60%；資料只描述本班，不能推廣到全校或猜測其他 12 人住處。","[]","","","","","","","","","","","","","","",""
"CHI-0385","國文","原創會考程度練習","","","九年級上","閱讀與語文應用","細節與人物變化","進階","素養題","「以前他總在比賽前低頭檢查鞋帶；這一次，他先抬頭看向隊友，點了點頭。」這項細節最可能暗示什麼改變？","決定退出比賽","不再重視比賽準備","忘記如何繫鞋帶","開始留意隊友，並以點頭表達支持","3","開始留意隊友，並以點頭表達支持","","前後對比由檢查自己的鞋帶，轉為看向隊友並點頭；這支持他開始留意隊友並表達支持，但沒有證據說對方也作出回應。答案為「開始留意隊友，並以點頭表達支持」。","[""比較「以前」和「這一次」的動作。"",""視線由鞋帶轉向隊友，並以點頭表示支持或鼓勵。"",""文中沒有說他不準備、忘記繫鞋帶或退出。""]","比較「低頭檢查鞋帶」與「抬頭看隊友、點頭」；能推知注意與支持隊友，不能推成隊友已回應的雙向確認。","[]","","","","","","","","","","","","","","",""
"CHI-0386","國文","原創會考程度練習","","","九年級上","閱讀與語文應用","文言詞義","進階","素養題","短文：「客人失約，主人不慍，仍備茶以待。」句中的「慍」最接近何義？","生氣、怨怒","溫暖","困惑不解","羞愧難當","0","生氣、怨怒","","客人失約後，主人仍備茶等待，且「不慍」表示沒有因此生氣或怨怒。答案為「生氣、怨怒」。","[""從「客人失約」判斷情境：主人有理由感到不悅。"",""「不慍」說主人沒有因此發怒，所以「慍」是生氣、怨怒。"",""不是溫度、困惑或羞愧，答案A。""]","先讀「客人失約」的情境，再以主人「仍備茶以待」確認「不慍」不是困惑或羞愧，而是沒有生氣。","[]","","","","","","","","","","","","","","",""
"CHI-0387","國文","原創會考程度練習","","","九年級上","閱讀與語文應用","句型關係","進階","素養題","「不但把舊衣修補好，還教鄰居用相同方法延長衣物的使用時間。」句中「不但……還……」表示什麼關係？","因果","遞進","條件","轉折","1","遞進","","後句在修補舊衣之外，增加教鄰居的方法，內容層次進一步擴展，屬遞進。 答案為「遞進」。","[""先找出「不但」後的第一件事。"",""「還」引出新增的第二件事，內容更進一層。"",""句子沒有因果、相反或條件關係。""]","辨認「不但」後先做修補，「還」再增加教鄰居的方法；後項擴展前項成果，屬遞進而非因果。","[]","","","","","","","","","","","","","","",""
"CHI-0388","國文","原創會考程度練習","","","九年級上","閱讀與語文應用","修辭判斷","進階","素養題","作者寫：「巷口的老樹不說話，卻替每一個晚歸的人守著燈影。」這句主要使用哪種修辭？","誇飾","排比","擬人","設問","2","擬人","","老樹被描寫成會守候晚歸的人，賦予樹木人的行為與情感，屬擬人。 答案為「擬人」。","[""先確認描寫主體是老樹。"",""「替人守著」是人的行為，作者把它賦予樹。"",""句子不是排比、誇大數量或提出問題。""]","句子主體是無生命的老樹，「替晚歸的人守著」賦予它人的守候行為；以此線索判擬人。","[]","","","","","","","","","","","","","","",""
"CHI-0389","國文","原創會考程度練習","","","九年級上","閱讀與語文應用","說明文主旨","進階","素養題","博物館介紹：「展品修復前先拍照記錄，再以可逆材料補強；修復後保留原有磨損痕跡。」這種做法主要重視什麼？","把所有舊痕全部磨除","使用永久黏著劑使修復不可逆","以新製品取代全部原件","留下修復紀錄並盡量保存原貌","3","留下修復紀錄並盡量保存原貌","","先拍照留存、採可逆材料、保留磨損痕跡，顯示修復重視紀錄、可回復性與保存原貌。 答案為「留下修復紀錄並盡量保存原貌」。","[""整理三個措施：拍照、可逆材料、保留舊痕。"",""這些措施都避免不可回復地改變原件。"",""其餘選項與保留原貌的原則相反。""]","把拍照記錄、可逆補強、保留磨損痕跡合看；共同原則是留下修復證據並減少不可逆改變。","[]","","","","","","","","","","","","","","",""
"CHI-0390","國文","原創會考程度練習","","","九年級上","閱讀與語文應用","詩句情感判讀","進階","素養題","王維詩句「月出驚山鳥，時鳴春澗中」以偶爾響起的鳥鳴，主要襯托什麼？","春澗環境清幽寧靜","鳥群喧鬧、百鳥爭鳴","山洪即將爆發","詩人急著尋找鳥群","0","春澗環境清幽寧靜","","月出後山鳥偶爾鳴叫，聲音在清幽春澗中格外分明，以聲音襯托環境的寧靜。答案為「春澗環境清幽寧靜」。","[""注意「時鳴」表示鳥鳴不時、並非持續喧鬧。"",""間歇的聲音在安靜山澗中更清楚，形成以聲襯靜。"",""詩句沒有洪水、尋鳥或喧鬧的線索。""]","「時鳴」表示偶爾響起，而非鳥群持續喧鬧；在山澗清幽的背景中，間歇鳥聲反襯環境寧靜。","[]","","","","","","","","","","","","","","",""
"CHI-0391","國文","原創會考程度練習","","","九年級上","閱讀與語文應用","調查資料推論","進階","素養題","調查表顯示：參加晨讀的學生中，72% 表示更容易專心；這份調查沒有比較未參加者。哪項推論最合理？","晨讀保證每位學生都能專心","多數受訪晨讀學生自述較易專心，但不能據此證明晨讀造成差異","未晨讀學生都無法專心","晨讀使專注力增加 72 個百分點","1","多數受訪晨讀學生自述較易專心，但不能據此證明晨讀造成差異","","72% 是參加晨讀者的自我回報比例；沒有對照組，不能證明因果或推及未參加者。 答案為「多數受訪晨讀學生自述較易專心，但不能據此證明晨讀造成差異」。","[""限定調查對象：參加晨讀的學生。"",""72% 表示多數受訪者自述較易專心。"",""缺少未參加者比較，不能推成保證效果或因果增幅。""]","把結論限制在參加晨讀者的自述比例；沒有未參加者作比較，只能報告 72% 的回應，不能推成晨讀造成效果。","[]","","","","","","","","","","","","","","",""
"CHI-0392","國文","原創會考程度練習","","","九年級上","閱讀與語文應用","句意理解","進階","素養題","「既要把事情做完，也要讓合作的人知道進度。」這句話對工作的要求為何？","只要完成即可，不必告知他人","先告知進度便可不必完成","完成任務並保持進度溝通","合作時應避免討論工作","2","完成任務並保持進度溝通","","「既要……也要……」並列兩項同時需要做到的要求：完成工作與告知合作夥伴進度。 答案為「完成任務並保持進度溝通」。","[""找出「既要」與「也要」後各自的內容。"",""兩項要求並列，不能只做到其中一項。"",""其他選項都刪去或顛倒了其中一項要求。""]","讀「既要……也要……」並列的兩個必要工作要求：完成任務和同步進度；不能只取其中一項。","[]","","","","","","","","","","","","","","",""
"CHI-0393","國文","原創會考程度練習","","","九年級上","閱讀與語文應用","譬喻理解","進階","素養題","「時間像一把細篩，留下真正重要的事。」這句話把時間比作什麼？","保存記憶的相簿","可以測量長度的尺","阻止人前進的牆","篩選事物的工具","3","篩選事物的工具","","句子直接以「像」連結時間與細篩，並用「留下重要的事」說明時間篩選經驗的作用。 答案為「篩選事物的工具」。","[""找出譬喻詞「像」。"",""本體是時間，喻體是細篩。"",""後半句說明它會篩選、留下重要事物。""]","以「像」辨認本體「時間」和喻體「細篩」，再用「留下真正重要的事」確認譬喻所強調的篩選功能。","[]","","","","","","","","","","","","","","",""
"CHI-0394","國文","原創會考程度練習","","","九年級上","閱讀與語文應用","詩句畫面判讀","進階","素養題","李白寫「兩岸猿聲啼不住，輕舟已過萬重山」，猿聲仍在耳邊而船已行過群山，主要呈現什麼？","舟行迅速，旅程持續向前","旅人聽不見任何聲音","群山正在快速移動","船隻停在原地等待","0","舟行迅速，旅程持續向前","","猿聲連續傳來之際，輕舟已越過重重山巒，形成聲音未歇而行程迅速推進的畫面。 答案為「舟行迅速，旅程持續向前」。","[""同時注意聲音「啼不住」與船「已過」的動作。"",""猿聲持續，船卻已經越過許多山，突出舟行迅速。"",""不是船停下、沒有聲音或山在移動。""]","同時讀「啼不住」與「已過萬重山」：聲音仍在，船已前行甚遠；此反差凸顯舟行迅速。","[]","","","","","","","","","","","","","","",""
"CHI-0395","國文","原創會考程度練習","","","九年級上","閱讀與語文應用","文言詞義","進階","素養題","古文「委而去之」中的「去」依上下文最接近哪個意思？","前往","離開","距離","除去","1","離開","","「委而去之」寫放棄城池而離開，「去」是離開的意思。 答案為「離開」。","[""將詞語放回「棄城而去」的情境理解。"",""放棄城池後離開，故「去」指離去。"",""此處不是前往某地、距離或除掉。""]","把「委」和「去」分開讀：「委」是放棄，「去」是離開；「棄城而離」的情境排除前往、距離或除去。","[]","","","","","","","","","","","","","","",""
"CHI-0396","國文","原創會考程度練習","","","九年級上","閱讀與語文應用","資訊來源評估","進階","素養題","一則商品報導只引用廠商說明，沒有訪問消費者，也未列檢測資料。讀者判斷商品效果時，最應注意什麼？","廠商說法一定不可信","沒有訪問消費者就代表商品無效","資訊來源單一，仍需其他證據查證","報導已證明所有宣稱都正確","2","資訊來源單一，仍需其他證據查證","","報導只有廠商說明，缺乏其他來源與檢測資料，因此應注意證據不足，而非直接認定真偽。 答案為「資訊來源單一，仍需其他證據查證」。","[""先盤點報導提供的來源：只有廠商。"",""沒有消費者觀點與測試資料，資訊尚未充分交叉查證。"",""來源單一不等於必然虛假，也不能當成已證實。""]","先盤點目前唯一來源是廠商，再注意消費者訪談與檢測資料都缺席；來源單一表示仍待查證，不等於宣稱必然虛假。","[]","","","","","","","","","","","","","","",""
"CHI-0397","國文","原創會考程度練習","","","九年級上","閱讀與語文應用","觀點比較","進階","素養題","甲說：「公園應增加照明，方便晚歸者通行。」乙說：「增加照明前，應先調查居民作息和生態影響。」兩人意見最主要的差異是什麼？","甲反對公園照明，乙要求完全封閉","甲討論交通，乙討論校園課程","兩人都主張立即拆除路燈","甲強調照明效益，乙補充評估前提","3","甲強調照明效益，乙補充評估前提","","甲指出照明可便利晚歸者；乙沒有否定照明，而是提醒先評估需求與生態影響。 答案為「甲強調照明效益，乙補充評估前提」。","[""分別整理甲、乙的主張。"",""甲說明預期效益，乙提出決策前應評估的因素。"",""乙不是要求封閉或拆燈，兩人都在討論照明規劃。""]","分別概括甲的照明效益與乙的事前評估要求；乙補充決策條件，並未否定照明本身。","[]","","","","","","","","","","","","","","",""
"CHI-0398","國文","原創會考程度練習","","","九年級上","閱讀與語文應用","規則與數量整合","進階","素養題","圖書館規則：逾期每本每天收 2 元；續借前須繳清逾期費；已被他人預約的書不可續借，其他書可續借一次。小文借了 4 本，其中兩本分別逾期 3 天和 5 天，另一本已被預約。若要繳清費用並續借所有符合條件的書，應繳多少、可續借幾本？","16 元；3 本","16 元；4 本","8 元；3 本","8 元；4 本","0","16 元；3 本","","兩本逾期費分別為 3×2＝6 元及 5×2＝10 元，合計 16 元。四本中另有一本被預約不能續借，其餘三本符合續借條件。答案為「16 元；3 本」。","[""先逐本計算逾期費：3 天×2 元＝6 元，5 天×2 元＝10 元。"",""合計須繳 6＋10＝16 元，繳清後才可續借。"",""四本中扣除一本文被預約者，剩三本可續借；答案是 16 元、3 本。""]","分兩段處理：先把逾期日數分別乘每日 2 元並相加，再依「被預約不可續借」從四本中扣一；勿把逾期書本誤當自動不可續借。","[]","","","","","","","","","","","","","","",""
"CHI-0399","國文","原創會考程度練習","","","九年級上","閱讀與語文應用","主旨與觀點轉變","進階","素養題","作者先寫自己曾把「沉默」誤認為冷漠，後來聽見同學說「我只是還沒想好怎麼回答」，於是重新理解沉默。這段敘述主要呈現什麼？","證明沉默的人都不願溝通","透過新經驗修正原有看法","說明同學不喜歡回答問題","比較兩種不同的教室設備","1","透過新經驗修正原有看法","","作者先有既定解讀，後因同學的說明而重新理解，呈現觀點被新經驗修正。 答案為「透過新經驗修正原有看法」。","[""找出前後兩個階段：原先認為冷漠，後來聽到不同解釋。"",""新經驗讓作者調整原有判斷。"",""題文不是概括所有沉默者，也沒有談設備。""]","對照作者原先把沉默解作冷漠，以及同學提供的另一個理由；這段呈現依新經驗修正看法，不代表所有沉默者都相同。","[]","","","","","","","","","","","","","","",""
"CHI-0400","國文","原創會考程度練習","","","九年級上","閱讀與語文應用","語氣與態度判讀","進階","素養題","校長回覆社團提案：「目前計畫還有不足，但你們願意列出疑問並邀請師生討論，這是值得支持的開始。」校長的態度為何？","認為計畫完美，不需要再修改","完全否定社團提出的想法","指出待改進處，同時肯定團隊願意討論","嘲笑團隊無法完成工作","2","指出待改進處，同時肯定團隊願意討論","","校長明確指出計畫尚有不足，也肯定團隊願意列出疑問、邀請討論，態度是建設性提醒並予以鼓勵。 答案為「指出待改進處，同時肯定團隊願意討論」。","[""同時找出批評與肯定的語句。"",""「還有不足」表示需修正；「值得支持的開始」表達肯定。"",""因此不是全盤贊成或否定，也沒有嘲諷語氣。""]","把「計畫還有不足」和「值得支持的開始」兩種語氣一起保留；校長一面指出待改進處，一面肯定團隊討論的態度。","[]","","","","","","","","","","","","","","",""
"CHI-0401","國文","原創會考程度練習","","","九年級上","閱讀與語文應用","對比與主旨判讀","進階","素養題","同一條街上，餐館丟棄整盤剩菜，轉角的救助站卻仍有人排隊領餐。這組對照主要凸顯什麼？","各地飲食習慣不同","冬天道路十分寒冷","詩人不喜歡宴會","社會貧富懸殊","3","社會貧富懸殊","","餐館丟棄食物與救助站有人領餐同時出現，呈現資源浪費與生活匱乏並存，凸顯社會貧富差距。答案為「社會貧富懸殊」。","[""找出兩個同時出現的畫面：大量剩食被丟棄、有人排隊領餐。"",""資源充裕與生活匱乏形成對照，指向貧富差距。"",""題幹不是在比較飲食偏好或描述冬季氣溫。""]","把同一街區的兩個畫面並讀：可用資源被丟棄，仍有人缺乏食物；答案要概括這種資源分配落差，不要只描述其中一幅。","[]","","","","","","","","","","","","","","",""
"CHI-0402","國文","原創會考程度練習","","","九年級上","閱讀與語文應用","詩歌情境","中等","素養題","杜甫「國破山河在，城春草木深」中，山河仍在而城中草木茂盛，最能營造何種感受？","戰亂後荒涼寂寥","春遊時熱鬧歡快","城市建設欣欣向榮","居民忙於園藝工作","0","戰亂後荒涼寂寥","","國都遭戰亂破壞，春日城中卻草木深長，呈現人事凋零、景物荒涼的感受。 答案為「戰亂後荒涼寂寥」。","[""注意「國破」與「山河在」呈現的今昔落差。"",""城中草木深暗示人煙稀少、缺乏整理。"",""全詩不是描寫春遊或城市繁榮。""]","先看「國破」所交代的背景，再解讀「草木深」：景物繁盛並非城市欣欣向榮，而是人事凋零後少有人整理的反襯。","[]","","","","","","","","","","","","","","",""
"CHI-0403","國文","原創會考程度練習","","","九年級上","閱讀與語文應用","詩句因果推論","中等","素養題","「烽火連三月，家書抵萬金」中，詩人為何把家書看得如此珍貴？","家書的紙張使用昂貴材料","戰亂期間與家人聯繫格外不易","詩人準備出售家書","寄信能立刻結束戰爭","1","戰亂期間與家人聯繫格外不易","","戰火持續多月，親人消息難以往返，因此一封家書顯得格外珍貴。 答案為「戰亂期間與家人聯繫格外不易」。","[""先找出背景：「烽火連三月」表示戰亂持續。"",""戰亂使通信困難，家人消息因此珍貴。"",""題句沒有提紙張成本、終止戰爭或出售信件。""]","把「連三月」當作家書珍貴的背景，再由「抵萬金」讀出誇張的珍重；不要將詩句誤解成紙張真的值高價。","[]","","","","","","","","","","","","","","",""
"CHI-0404","國文","原創會考程度練習","","","九年級上","閱讀與語文應用","借代辨析","基礎","素養題","《桃花源記》「黃髮垂髫，並怡然自樂」中的「黃髮」與「垂髫」借代哪一類人？","官員與士兵","農夫與商人","老人與孩童","男女與夫妻","2","老人與孩童","","「黃髮」以老人的特徵代指老人，「垂髫」以垂下的孩童髮式代指孩子，合指老人和孩童。","[""辨認兩個詞的外在特徵：黃髮與垂髫。"",""黃髮常借指老人，垂髫指孩童的髮式並借代孩童。"",""兩詞合用指老人與孩子，答案C。""]","「黃髮」取老人的外貌特徵，「垂髫」取孩童髮式；兩個借代合起來涵蓋老人與孩子。","[]","","","","","","","","","","","","","","",""
"CHI-0405","國文","原創會考程度練習","","","九年級上","閱讀與語文應用","詩歌情感","中等","素養題","杜甫聞官軍收復失地後寫「白日放歌須縱酒，青春作伴好還鄉」，詩句最主要表達什麼？","擔憂春天即將結束","批評飲酒妨礙工作","打算永遠離開家鄉","得知收復消息後的喜悅與返鄉盼望","3","得知收復消息後的喜悅與返鄉盼望","","「放歌」「縱酒」表現狂喜，「還鄉」點出盼望回家的心情。 答案為「得知收復消息後的喜悅與返鄉盼望」。","[""找出直接情緒詞：「放歌」「縱酒」。"",""再看「好還鄉」，說明喜訊使他期待回家。"",""詩句沒有責備飲酒或打算離鄉。""]","將情緒詞「放歌、縱酒」和行動願望「還鄉」合讀，才同時看出聞捷報的喜悅與返鄉心情。","[]","","","","","","","","","","","","","","",""
"CHI-0406","國文","原創會考程度練習","","","九年級上","閱讀與語文應用","詩句主旨","中等","素養題","杜甫「安得廣廈千萬間，大庇天下寒士俱歡顏」表現詩人最關心什麼？","讓受寒困苦的人都有安身之處","替自己建造豪華宅第","限制房屋只能住一人","要求所有人離開城市","0","讓受寒困苦的人都有安身之處","","詩人希望有千萬間寬廣房屋庇護天下貧寒士人，表現關懷他人、憂念民生。 答案為「讓受寒困苦的人都有安身之處」。","[""注意「天下」「俱」呈現關懷對象廣泛。"",""「大庇」是使眾人都有庇護之所。"",""詩句並非為自己求豪宅或要求人們搬離。""]","注意「天下」「俱」把願望從個人擴大到眾人；「大庇」的受益者是困苦的人，不是詩人自己。","[]","","","","","","","","","","","","","","",""
"CHI-0407","國文","原創會考程度練習","","","九年級上","閱讀與語文應用","古今詞義","基礎","素養題","《鄒忌諷齊王納諫》「今齊地方千里」中的「地方」依古義指什麼？","地點與方向","疆域的方圓、領土範圍","地方行政機關","平坦的道路","1","疆域的方圓、領土範圍","","「地方千里」是說齊國疆域方圓千里；此處「地方」不是現代常指的地點，而是土地的範圍。答案B「疆域的方圓、領土範圍」。","[""把「地方」放回「千里」前，判斷它能否表示某個地點。"",""千里描述的是土地範圍，故此處「地方」指疆域方圓。"",""不是方向、行政機關或道路，答案B。""]","用量詞「千里」檢驗詞義：能被描述為千里的應是齊國疆域，不是單一地點；此處「地方」不可套用現代常用義。","[]","","","","","","","","","","","","","","",""
"CHI-0408","國文","原創會考程度練習","","","九年級上","閱讀與語文應用","成語運用","基礎","素養題","商店重新開張後，顧客絡繹不絕，門口整天有人進出。用哪個成語形容最恰當？","閉門造車","門可羅雀","門庭若市","曲徑通幽","2","門庭若市","","「門庭若市」形容來客很多、門前熱鬧，符合顧客不斷進出的情況。 答案為「門庭若市」。","[""找出題幹線索：顧客絡繹不絕、整天有人進出。"",""門庭若市形容來訪或顧客眾多。"",""門可羅雀反而表示冷清，其餘成語意思不同。""]","先由「絡繹不絕」判斷門前熱鬧，再和成語的字面意象核對；「門可羅雀」恰好表示相反的冷清。","[]","","","","","","","","","","","","","","",""
"CHI-0409","國文","原創會考程度練習","","","九年級上","閱讀與語文應用","段落意旨","中等","素養題","「計畫先從小規模試辦，蒐集使用者意見後，再決定是否擴大。」這項做法最重視什麼？","一開始就全面推行","避免蒐集任何使用資料","用單一人的想法取代測試","根據實際回饋逐步調整","3","根據實際回饋逐步調整","","先試辦、再蒐集回饋、最後決定是否擴大，顯示以實際資料逐步調整計畫。 答案為「根據實際回饋逐步調整」。","[""整理行動次序：小規模試辦、收集意見、決定擴大與否。"",""這樣能依實際使用情況修正計畫。"",""其餘選項都與試辦、回饋的流程相反。""]","依「試辦→蒐集意見→決定是否擴大」的順序抓出決策依據；重點是用實際回饋調整，不是預先決定全面推行。","[]","","","","","","","","","","","","","","",""
"CHI-0410","國文","原創會考程度練習","","","九年級上","閱讀與語文應用","時間資訊計算","基礎","素養題","圖書館週一至週五 8:00–17:00 開放，週六 9:00–12:00 開放，週日休館。星期六 11:30 到館，還能在館內閱讀多久？","30 分鐘","1 小時","1 小時 30 分鐘","2 小時","0","30 分鐘","","週六中午 12:00 閉館，11:30 到館至閉館尚有 30 分鐘。 答案為「30 分鐘」。","[""確認星期六的開放時段為 9:00–12:00。"",""以閉館時間 12:00 減去到館時間 11:30。"",""可閱讀 30 分鐘。""]","先辨明題目問的是週六，採用 12:00 閉館而非平日 17:00；再算 11:30 到 12:00 的時間差。","[]","","","","","","","","","","","","","","",""
"CHI-0411","國文","原創會考程度練習","","","九年級上","閱讀與語文應用","人物行動推論","中等","素養題","「她沒有急著回答，而是把同學提出的兩種方法都寫下來，比較各自的條件。」由此可推知她如何處理意見？","只採用最先聽到的方法","先整理並比較，再作判斷","拒絕了解不同做法","把討論交給別人決定","1","先整理並比較，再作判斷","","她先記下兩種方法並比較條件，表示不急於定論，而是整理資訊後再判斷。 答案為「先整理並比較，再作判斷」。","[""抓住「都寫下來」和「比較條件」兩個動作。"",""她考慮不同方法的適用條件，再形成判斷。"",""文中沒有立即選第一種、拒絕討論或交由他人決定。""]","推論只依可觀察到的兩個動作：「都寫下來」及「比較條件」；可判斷她延後決定，但不能推成她最後一定選哪一種。","[]","","","","","","","","","","","","","","",""
"CHI-0412","國文","原創會考程度練習","","","九年級上","閱讀與語文應用","句型關係","基礎","素養題","「只要把資料來源標示清楚，讀者就能追查數字如何得來。」句中「只要……就……」表示何種關係？","因果倒置","轉折","條件","並列","2","條件","","標示清楚資料來源是讀者能追查數字的條件，「只要……就……」表示條件關係。 答案為「條件」。","[""找出「只要」後的內容：標示清楚來源。"",""「就」後說明在此前提下能達成的結果。"",""兩部分不是轉折或單純並列。""]","將「只要」後的條件和「就」後的結果配對；這裡前者成立才導出後者，不是語意相反的轉折。","[]","","","","","","","","","","","","","","",""
"CHI-0413","國文","原創會考程度練習","","","九年級上","閱讀與語文應用","修辭判斷","基礎","素養題","「清晨的校園還很安靜，操場上的風卻把旗子吹得獵獵作響，彷彿喚醒了整座校園。」句中「喚醒了整座校園」主要運用哪種修辭？","設問","排比","借代","擬人","3","擬人","","校園是場所，作者卻說它被「喚醒」，賦予場所像人一樣醒來的狀態，屬擬人。 答案為「擬人」。","[""確認句子的主體是整座校園。"",""「喚醒」原用於有生命、會睡醒的人，此處把人的狀態賦予場所。"",""句子沒有排比、借代或提出問題。""]","判斷修辭要看「喚醒」施加在誰身上：校園本是場所，卻被寫成能醒來的人，故為擬人。","[]","","","","","","","","","","","","","","",""
"CHI-0414","國文","原創會考程度練習","","","九年級上","閱讀與語文應用","比例與資料範圍","中等","素養題","社區調查有 150 份有效問卷，其中 90 人支持增設自行車架。以下哪個敘述正確？","有效問卷中 60% 支持","未支持者一定反對","支持者比未支持者多 90 人","全社區居民都支持","0","有效問卷中 60% 支持","","90÷150＝60%。資料只涵蓋有效問卷，不能推成全體居民，也沒有區分未支持者的態度。 答案為「有效問卷中 60% 支持」。","[""分母是 150 份有效問卷。"",""90 除以 150 等於 0.6，即 60%。"",""未支持不必然等於反對，且問卷未涵蓋所有居民。""]","先用 90÷150 求有效問卷中的比例，再守住樣本範圍；「未支持」也可能是不確定，不能直接等同反對。","[]","","","","","","","","","","","","","","",""
"CHI-0415","國文","原創會考程度練習","","","九年級上","閱讀與語文應用","敘事安排","中等","素養題","讀者先看到角色反覆查看手機，後來才讀到他一直等待遠方家人的消息。這種安排主要產生什麼效果？","先公布結局，取消故事懸念","先留下疑問，再補充行動原因","證明手機故障造成等待","讓讀者忽略人物的動作","1","先留下疑問，再補充行動原因","","先寫反覆查看手機的動作，延後交代等待家人消息的原因，使讀者先產生疑問，再理解其行動。 答案為「先留下疑問，再補充行動原因」。","[""辨認資訊順序：先呈現查看手機，後說明等待消息。"",""原因延後揭露，讀者會先好奇人物為何如此。"",""題目沒有手機故障或直接公布結局。""]","比較敘事資訊出現的先後：先給反覆查看手機的動作，後補等待家人消息的原因；這種延後交代讓讀者先產生疑問。","[]","","","","","","","","","","","","","","",""
"CHI-0416","國文","原創會考程度練習","","","九年級上","閱讀與語文應用","格言寓意","基礎","素養題","「滿招損，謙受益」主要勸人採取哪種態度？","凡事都不表達自己的看法","遇到挫折便停止努力","取得成績後仍保持謙遜","只要低調就不必檢討","2","取得成績後仍保持謙遜","","句子指出自滿容易招致損失，謙虛則能受益，勸人不因成就而自滿。 答案為「取得成績後仍保持謙遜」。","[""比較「滿」與「謙」帶來的不同結果。"",""自滿有損，謙遜有益。"",""因此應保持謙虛，而不是沉默、放棄或停止檢討。""]","抓住「滿」與「謙」形成的正反對照，再依「損／益」判斷勸戒方向；謙虛不等於不表達或不檢討。","[]","","","","","","","","","","","","","","",""
"CHI-0417","國文","原創會考程度練習","","","九年級上","閱讀與語文應用","安全指示判讀","中等","素養題","某自然步道告示：「午後雷雨機率高，13 時後若聽見雷聲，請立即離開稜線並前往最近避雨亭。」遊客 13:20 在稜線聽見雷聲，應怎麼做？","繼續拍照直到下雨","留在稜線等待工作人員通知","往最高處尋找訊號","立即離開稜線前往最近避雨亭","3","立即離開稜線前往最近避雨亭","","時間已超過 13 時且已聽見雷聲，告示條件成立，應立即離開稜線到最近避雨亭。 答案為「立即離開稜線前往最近避雨亭」。","[""核對兩個條件：13 時後、聽見雷聲。"",""兩個條件都符合，必須依告示行動。"",""等待或往高處停留會增加風險，與指示相反。""]","告示要同時核對時間與觸發事件；13:20 已過 13 時且聽到雷聲，兩條件都成立，立刻照指示離開稜線。","[]","","","","","","","","","","","","","","",""
"CHI-0418","國文","原創會考程度練習","","","九年級上","閱讀與語文應用","轉折與細節理解","中等","素養題","「那句道歉沒有改變已發生的事，卻讓兩人終於願意坐下來談。」這段話指出道歉帶來什麼結果？","促成後續溝通，但不能抹去過去","讓兩人從此不必再談","證明道歉一定能解決所有衝突","使先前的傷害完全不存在","0","促成後續溝通，但不能抹去過去","","句子先說道歉無法改變過去，接著指出兩人願意交談，結果是打開溝通而非消除傷害。 答案為「促成後續溝通，但不能抹去過去」。","[""注意「沒有改變……卻……」的轉折。"",""道歉的實際效果是讓雙方願意開始談。"",""不能把願意談擴大成傷害消失或所有衝突必然解決。""]","保留「沒有改變過去」與「卻願意交談」兩側意思；轉折句呈現道歉的有限效果，不能誇大成傷害消失。","[]","","","","","","","","","","","","","","",""
"CHI-0419","國文","原創會考程度練習","","","九年級上","閱讀與語文應用","觀點與資料來源","基礎","素養題","一份校園新聞只報導活動主辦方的說明，未訪問參與學生。若想了解學生實際感受，還需要什麼資料？","再刊登一次主辦方原文","學生參與者的訪談或回饋","只看活動海報的顏色","刪除新聞中的日期","1","學生參與者的訪談或回饋","","主辦方說明只能呈現主辦方觀點；要了解參與學生感受，應補充學生訪談或回饋。 答案為「學生參與者的訪談或回饋」。","[""辨認現有資料來源只有主辦方。"",""問題詢問學生的實際感受，因此需要學生自己的回饋。"",""重刊同一來源或更改日期不能補上學生觀點。""]","先找現有報導的說話者，再對準題目想知道的「學生感受」補來源；同一主辦方重述不會增加另一方證據。","[]","","","","","","","","","","","","","","",""
"CHI-0420","國文","原創會考程度練習","","","九年級上","閱讀與語文應用","文言文寓意","中等","素養題","《論語》說：「良藥苦口利於病，忠言逆耳利於行。」主要提醒人們如何看待勸告？","只接受聽起來愉快的話","所有批評都不必查證就照做","不中聽但有益的提醒值得審慎接受","勸告只對生病的人有用","2","不中聽但有益的提醒值得審慎接受","","句子把苦口良藥與逆耳忠言相比，指出不舒服的提醒仍可能對健康或行為有益，勸人審慎聽取忠告。答案為「不中聽但有益的提醒值得審慎接受」。","[""找出兩組對應：良藥雖苦但利於病，忠言雖逆耳但利於行。"",""作者提醒判斷話語時不能只看是否好聽，也要看是否有益。"",""不是要求盲從所有批評，而是審慎接受有益的忠告，答案C。""]","把兩句比喻的共同結構對照：苦口的藥利於病，逆耳的忠言利於行；格言勸人看內容是否有益，不是盲目服從批評。","[]","","","","","","","","","","","","","","",""
"CHI-0421","國文","原創會考程度練習","","","九年級上","閱讀與語文應用","資訊統整計算","基礎","素養題","菜園記錄：週一收成 12 顆番茄，週三收成 9 顆，週五收成 15 顆。三次合計收成多少顆？","34 顆","42 顆","38 顆","36 顆","3","36 顆","","將三次收成相加：12＋9＋15＝36 顆。 答案為「36 顆」。","[""找出三個日期的收成數量。"",""依序相加：12＋9＝21。"",""21＋15＝36 顆。""]","題目只問三次收成總和，確認三個日期各取一次再相加：12＋9＋15；不要把日期當成數量或漏掉其中一筆。","[]","","","","","","","","","","","","","","",""
"CHI-0422","國文","原創會考程度練習","","","九年級上","閱讀與語文應用","方法與目的","中等","素養題","「他先把每位同學的意見寫在白板上，再請大家找出彼此相同與不同之處。」這個討論方法主要有什麼作用？","整理多方觀點，協助比較","讓提出意見最多的人直接決定","避免大家看到彼此的想法","把所有不同意見刪除","0","整理多方觀點，協助比較","","先記錄每人意見，再比較相同與不同之處，能整理多方觀點並促進討論。 答案為「整理多方觀點，協助比較」。","[""注意兩步驟：逐一記錄、再比較。"",""這讓意見可被共同檢視，不必只依發言次數決定。"",""方法不是隱藏或刪除不同意見。""]","依方法順序判斷功能：先把每人的意見留下，再找異同；因此是公開整理與比較，不是按發言多寡表決。","[]","","","","","","","","","","","","","","",""
"CHI-0423","國文","原創會考程度練習","","","九年級上","閱讀與語文應用","動作與情感推論","中等","素養題","作者寫：「車站月台上，告別的背影越來越小，手中的車票卻被握得更緊。」這個動作最可能表現什麼？","旅客擔心車票遺失","離別時不捨的情緒","車票尺寸逐漸縮小","乘客準備立即退票","1","離別時不捨的情緒","","背影遠去與握緊車票形成對照，握緊的動作可合理推知人物對離別不捨。 答案為「離別時不捨的情緒」。","[""將「背影越來越小」與「車票握得更緊」對照。"",""一方漸遠、一方用力握住物件，暗示不捨的心情。"",""題幹沒有提到遺失、尺寸改變或退票。""]","將背影遠去與手握更緊的反差連起來推情緒；推論以離別情境為依據，不要把動作照字面解成車票變小。","[]","","","","","","","","","","","","","","",""
"CHI-0424","國文","原創會考程度練習","","","九年級上","閱讀與語文應用","句型關係","基礎","素養題","「即使路程很遠，我們仍決定步行去看海。」句中的「即使……仍……」表達何種關係？","因果","遞進","讓步","假設結果","2","讓步","","路程遠本可構成阻礙，但後句仍決定步行，呈現讓步關係。 答案為「讓步」。","[""找出前半條件：路程很遠。"",""後半結果沒有因此改變，仍決定步行。"",""「即使……仍……」在此表示讓步，不是原因造成結果。""]","「路程很遠」是讓步條件，「仍決定步行」表示結果不受預期阻礙改變；據此辨認「即使……仍……」。","[]","","","","","","","","","","","","","","",""
"CHI-0425","國文","原創會考程度練習","","","九年級上","閱讀與語文應用","論點理解","中等","素養題","一篇文章以「保護老屋不是拒絕改變，而是讓新用途與舊記憶並存」作結。作者最可能支持哪種作法？","拆除所有老屋以避免改變","禁止任何人進入老屋","只保留外牆，其餘全部丟棄","保留老屋特色，同時尋找合宜的新用途","3","保留老屋特色，同時尋找合宜的新用途","","結尾否定保護等於拒絕改變，主張新用途與舊記憶並存，支持兼顧保存與再利用。 答案為「保留老屋特色，同時尋找合宜的新用途」。","[""注意「不是……而是……」的論點轉折。"",""作者要同時保留記憶並容納新用途。"",""拆除、封閉或只剩外牆都無法同時達成兩者。""]","用「不是拒絕改變，而是……並存」抓住作者反對的誤解及真正主張；正解必須同時保存特色與容納新用途。","[]","","","","","","","","","","","","","","",""
"CHI-0426","國文","原創會考程度練習","","","九年級上","閱讀與語文應用","資訊判讀與計算","基礎","素養題","展覽票價成人 120 元、學生 80 元；一家 2 位成人和 3 位學生同行，總票價是多少？","480 元","520 元","600 元","440 元","0","480 元","","成人票 2×120＝240 元，學生票 3×80＝240 元，合計 480 元。 答案為「480 元」。","[""分開計算成人與學生票價。"",""2×120＝240，3×80＝240。"",""相加得 240＋240＝480 元。""]","先按票種分組計算：成人 2 張、學生 3 張；各自乘單價後再相加，避免把人數乘錯票價。","[]","","","","","","","","","","","","","","",""
"CHI-0427","國文","原創會考程度練習","","","九年級上","閱讀與語文應用","象徵與情節推論","中等","素養題","小說先描寫主角把舊照片放回盒中，接著推開窗戶讓晨光進屋。兩個動作並置，最能暗示什麼？","決定立刻出售所有照片","告別一段回憶並準備迎接新的生活","害怕陽光而逃離房間","忘記照片中人物的身分","1","告別一段回憶並準備迎接新的生活","","收起舊照片可象徵整理回憶，推窗迎入晨光則暗示重新面向生活；兩個動作共同支持轉變。 答案為「告別一段回憶並準備迎接新的生活」。","[""分別理解兩個動作可能承載的象徵：收起舊照、打開窗戶。"",""前者整理過去，後者迎接光線與新一天。"",""題幹沒有出售照片、害怕陽光或遺忘人物的線索。""]","分別解讀兩個連續動作再合併：收起舊照指向整理過去，推窗迎光指向面對新一天；象徵推論要由動作共同支持。","[]","","","","","","","","","","","","","","",""
"CHI-0428","國文","原創會考程度練習","","","九年級上","閱讀與語文應用","文言文主旨","中等","素養題","《孟子》說：「得道者多助，失道者寡助。」依文意，哪種做法較可能獲得他人支持？","要求別人服從卻不說明理由","只顧自己利益而不理會他人","以合宜、公正的方式處理公共事務","遇到不同意見就拒絕溝通","2","以合宜、公正的方式處理公共事務","","「得道」者得到較多支持，可理解為合乎道義、得人心的行動較容易獲得協助。 答案為「以合宜、公正的方式處理公共事務」。","[""比較「得道」與「失道」所帶來的支持差異。"",""前句說得道者多助，故合乎道義、照顧公共利益較易獲支持。"",""自私、強迫或拒絕溝通都不符合得人心的含意。""]","將「得道」連到「多助」的因果關係，再把道義落實到選項情境；不是凡有批評就照單全收。","[]","","","","","","","","","","","","","","",""
"CHI-0429","國文","原創會考程度練習","","","九年級上","閱讀與語文應用","文言文寓意","中等","素養題","《孟子》以「生於憂患，死於安樂」提醒人們什麼？","只要憂慮就一定能成功","安穩生活必然導致死亡","遇到困難時不應尋求協助","面對磨練能促人成長，過度安逸可能使人懈怠","3","面對磨練能促人成長，過度安逸可能使人懈怠","","句子以憂患與安樂對照，指出磨練可能促使人警醒成長，過度安逸則可能使人失去警覺。 答案為「面對磨練能促人成長，過度安逸可能使人懈怠」。","[""注意句中「生」與「死」形成的強烈對比。"",""此處重在說明逆境能磨練人、安逸可能令人鬆懈。"",""不是說所有憂慮都成功，也沒有禁止求助。""]","「生／死」是強烈對照的警語，讀寓意時避免按字面推成必然結果；重點是磨練與過度安逸對人的影響。","[]","","","","","","","","","","","","","","",""
"CHI-0430","國文","原創會考程度練習","","","九年級上","閱讀與語文應用","文言文理解","中等","素養題","「老吾老以及人之老，幼吾幼以及人之幼」主張把對家人的關懷如何延伸？","推及其他長者與兒童","只照顧自己的家人","要求長者與兒童彼此競爭","以年齡決定誰能受到尊重","0","推及其他長者與兒童","","句中由敬愛自家長者、愛護自家幼者，推及他人的長者與孩子，表現推己及人的關懷。 答案為「推及其他長者與兒童」。","[""分辨句中兩組對照：自家長者與他人長者、自家幼者與他人幼者。"",""「以及」表示將關懷擴展到他人。"",""不是只限於家人或依年齡分配尊重。""]","辨認句式從「吾老、吾幼」推及「人之老、人之幼」；主旨是擴大關懷對象，不是只照顧自家親人。","[]","","","","","","","","","","","","","","",""
"CHI-0431","國文","原創會考程度練習","","","九年級上","閱讀與語文應用","文言文層次理解","中等","素養題","《論語》說：「君子和而不同，小人同而不和。」最能說明君子如何與人相處？","為避免衝突而放棄所有立場","只跟意見完全相同的人來往","能和諧相處，也保留合理差異","表面附和，私下拒絕合作","2","能和諧相處，也保留合理差異","","「和」指和諧相處，「不同」表示不必抹去合理差異；君子能合作而不盲目附和。答案為「能和諧相處，也保留合理差異」。","[""拆解「和而不同」與「同而不和」的對照。"",""前者是相處和諧但不必事事相同；後者是表面一致卻未必真正和諧。"",""君子態度對應答案C「能和諧相處，也保留合理差異」，而非盲從或拒絕合作。""]","對讀「和而不同」與「同而不和」：君子兼顧和諧與差異，不等於為了和氣而放棄判斷。","[]","","","","","","","","","","","","","","",""
"CHI-0432","國文","原創會考程度練習","","","九年級上","閱讀與語文應用","文言文寓意","基礎","素養題","《論語》：「三軍可奪帥也，匹夫不可奪志也。」最強調個人應具備什麼？","凡事順從多數人的選擇","堅定守住自己的志向","追求軍中最高職位","避免承擔任何責任","1","堅定守住自己的志向","","句子以主帥可能被奪與平民志向不可被奪作對比，強調個人應堅定守志。答案為「堅定守住自己的志向」。","[""比較主帥與個人志向兩件事。"",""前者可能被奪，後者強調不可輕易被動搖。"",""句子重點是守志，不是追求職位或盲從多數。""]","比較「帥可奪」與「志不可奪」的對照，重點落在個人志向不輕易動搖，而非軍職或服從多數。","[]","","","","","","","","","","","","","","",""
"CHI-0433","國文","原創會考程度練習","","","九年級上","閱讀與語文應用","人物行動與主旨","中等","素養題","某人先聽完同事的反對理由，再補充自己的資料，最後共同修訂方案。這段敘述最能呈現什麼？","把討論拖延到無法決定","以權力迫使他人接受原案","拒絕面對不同意見","透過聆聽與證據促成合作","3","透過聆聽與證據促成合作","","他先聆聽反對理由，再提出資料並共同修訂，呈現以溝通和證據合作解決問題。 答案為「透過聆聽與證據促成合作」。","[""按順序整理：聽理由、補資料、共同修訂。"",""行動顯示他願意回應意見並調整方案。"",""這與強迫、拒絕溝通或故意拖延相反。""]","依時間順序查看聆聽、補資料、共同修訂；「共同」和「修訂」是合作而非強迫接受原案的關鍵證據。","[]","","","","","","","","","","","","","","",""
"CHI-0434","國文","原創會考程度練習","","","九年級上","閱讀與語文應用","證據與推論","中等","素養題","博物館展牌寫：「陶片表面留有火痕，研究者據此推測它曾接觸高溫；但用途仍待更多證據確認。」下列何者符合展牌？","研究者已證明它一定是炊具","火痕支持曾接觸高溫的推測，實際用途尚未確定","火痕代表陶片曾被雷擊","展牌否定陶片接觸過高溫","1","火痕支持曾接觸高溫的推測，實際用途尚未確定","","展牌把火痕作為接觸高溫的證據，但明說用途仍需更多資料，不能把推測擴大為確定用途。 答案為「火痕支持曾接觸高溫的推測，實際用途尚未確定」。","[""分清已觀察到的事實與研究者的推測。"",""火痕支持接觸高溫，但器物用途仍未定。"",""選項 A 把推測說成證明，C 和 D 沒有展牌依據。""]","分清觀察到的火痕、據此作出的高溫推測，以及尚未確定的器物用途；不要把證據支持的推測升格為定論。","[]","","","","","","","","","","","","","","",""
"CHI-0435","國文","原創會考程度練習","","","九年級上","閱讀與語文應用","數量統整","基礎","素養題","校園樹木調查分兩天進行：週一記錄 18 棵，週三記錄 23 棵；兩天共記錄幾棵？","41 棵","35 棵","46 棵","5 棵","0","41 棵","","兩天分別記錄 18 棵與 23 棵，相加為 18＋23＝41 棵。 答案為「41 棵」。","[""找出兩天的記錄數。"",""題目問合計，將數量相加：18＋23。"",""結果為 41 棵。""]","「共記錄」表示合計，把週一與週三兩筆相加即可；答案須保留相同單位「棵」。","[]","","","","","","","","","","","","","","",""
"CHI-0436","國文","原創會考程度練習","","","九年級上","閱讀與語文應用","論點與推論","基礎","素養題","「不是每一次沉默都代表拒絕；有時，對方只是需要時間整理想法。」這段話主要提醒讀者什麼？","所有沉默都表示同意","不要只憑沉默就判定他人態度","拒絕一定會用言語表達","談話時不應留出思考時間","1","不要只憑沉默就判定他人態度","","作者指出沉默也可能是整理想法，提醒讀者不要只依單一行為推定對方拒絕。 答案為「不要只憑沉默就判定他人態度」。","[""注意「不是每一次」否定一概而論。"",""後半提供沉默的另一種可能原因。"",""因此不宜把沉默一律判定為拒絕或同意。""]","注意「不是每一次」限制了結論範圍，後句只提供沉默的一種可能原因；不能反向推成沉默必然同意。","[]","","","","","","","","","","","","","","",""
"CHI-0437","國文","原創會考程度練習","","","九年級上","閱讀與語文應用","公告資訊判讀","基礎","素養題","一則公告寫：「運動會因場地維修改至 10 月 12 日；集合地點不變，雨天備案將於前一日公布。」下列哪項仍須等候通知？","運動會日期","集合地點是否改變","雨天時採取的備案","日期變更的原因","2","雨天時採取的備案","","公告已說明新日期、集合地點不變及改期原因，只有雨天備案要在前一日公布。 答案為「雨天時採取的備案」。","[""逐項比對日期、地點、原因與雨天安排。"",""前三項已在公告交代。"",""雨天備案尚未公布，需等候後續通知。""]","把公告資訊分成已確定和待公布兩類：日期已改、地點不變、原因已說明，只有雨天安排尚待通知。","[]","","","","","","","","","","","","","","",""
"CHI-0438","國文","原創會考程度練習","","","九年級上","閱讀與語文應用","象徵與寓意","中等","素養題","「小溪沿著石縫前進，遇到巨石便分成兩股，繞過後又合而為一。」作者藉小溪描寫最可能要表現什麼？","只要遇到阻礙就應停止","分開行動必定無法合作","石頭會隨溪水改變方向","遇到阻礙時可以調整路徑繼續前進","3","遇到阻礙時可以調整路徑繼續前進","","小溪遇石分流、繞行後再會合，呈現面對阻礙時調整方式而持續前進。 答案為「遇到阻礙時可以調整路徑繼續前進」。","[""觀察小溪遇到巨石前後的行動變化。"",""它沒有停止，而是改道後繼續流動。"",""因此可引申為遇阻時調整做法，不代表放棄或不能合作。""]","抓住情節完整路徑「遇石→分流繞行→重新會合」；寓意是調整方法仍朝目標前進，不是遇阻就停。","[]","","","","","","","","","","","","","","",""
"CHI-0439","國文","原創會考程度練習","","","九年級上","閱讀與語文應用","古今詞義","基礎","素養題","《鄒忌諷齊王納諫》「期年之後，雖欲言，無可進者」中的「期年」指多久？","一年、滿一年","一個月","一個季節","一天","0","一年、滿一年","","「期年」指滿一年；句意是經過一年後，即使想進諫，也已沒有可再進諫的事。答案為「一年、滿一年」。","[""注意「期年之後」標示一段完整時間。"",""「期年」在文言中指一週年、滿一年。"",""因此不是一個月、季節或一天，答案A。""]","這裡「期」不是現代「期限」的泛稱；「期年」是滿一週年，放回「之後」即可判斷時間長度。","[]","","","","","","","","","","","","","","",""
"CHI-0440","國文","原創會考程度練習","","","九年級上","閱讀與語文應用","詩歌景物判讀","中等","素養題","「竹外桃花三兩枝，春江水暖鴨先知」透過鴨子先感受到江水變暖，主要描寫什麼？","鴨子能預測全年天氣","春天到來時細微而生動的變化","江水全年溫度相同","桃花只在水邊生長","1","春天到來時細微而生動的變化","","桃花初開、江水回暖、鴨子先知，描寫早春景物逐步出現的細微變化。 答案為「春天到來時細微而生動的變化」。","[""整理三項景物：桃花、暖江、戲水的鴨。"",""「先知」以動物感受帶出春水回暖的早春時節。"",""詩句沒有全年預報或桃花生長位置的資訊。""]","把桃花初綻、水溫回升、鴨先感知串成早春線索；「先知」是詩意描寫，不能解成鴨子預報全年天氣。","[]","","","","","","","","","","","","","","",""
"CHI-0441","國文","原創會考程度練習","","","九年級上","閱讀與語文應用","人物態度推論","中等","素養題","「他把桌上的草稿一張張攤開，沒有挑最好看的那張，而是先找出大家共同指出的問題。」這項行動顯示他重視什麼？","否認所有同學的意見","只保留外觀最漂亮的稿件","根據共同回饋修正作品","以個人喜好取代檢查","2","根據共同回饋修正作品","","他先整理大家共同指出的問題，而非挑外觀最好看的稿件，顯示重視回饋與實質修正。 答案為「根據共同回饋修正作品」。","[""比較他沒有做的事與實際做的事。"",""他採納多人的共同回饋來找問題。"",""這不等於否定意見或只憑外觀、個人喜好判斷。""]","比較「沒有挑最好看的」與「先找共同問題」：行動證據顯示他優先處理多人指出的內容問題，而不是外觀。","[]","","","","","","","","","","","","","","",""
"CHI-0442","國文","原創會考程度練習","","","九年級上","閱讀與語文應用","資訊與結論辨析","中等","素養題","新聞稿寫：「新設的自行車道啟用後，附近路口的自行車通行量增加；市府表示，仍需觀察數月才能評估安全成效。」下列結論最恰當的是？","自行車事故已確定減少","市府已宣布永久取消評估","新車道使所有居民改騎自行車","通行量增加，但安全成效尚待觀察","3","通行量增加，但安全成效尚待觀察","","稿件只提供通行量增加，安全成效仍需觀察，不能推成事故已減少或全體居民改變交通方式。 答案為「通行量增加，但安全成效尚待觀察」。","[""分開讀已知結果與尚待評估的部分。"",""已知是通行量增加，安全效果還沒有結論。"",""其他選項把未證實的結果說成已確定。""]","把已觀察到的通行量增加和仍待追蹤的安全成效分開；不能把使用變多直接當作事故減少的證明。","[]","","","","","","","","","","","","","","",""
"CHI-0443","國文","原創會考程度練習","","","九年級上","閱讀與語文應用","詩句情感理解","中等","素養題","「無可奈何花落去，似曾相識燕歸來」並置花落與燕歸，主要流露哪種情感？","對時光流逝的感慨，也感受景物循環","因燕子歸來而感到恐懼","認為花朵永遠不會凋謝","對春天到來毫無感覺","0","對時光流逝的感慨，也感受景物循環","","花落令人感到時光流逝的無奈，燕子似曾相識地歸來則呈現景物循環，情感交織。 答案為「對時光流逝的感慨，也感受景物循環」。","[""先看「花落去」帶出的消逝感。"",""再看「燕歸來」帶有熟悉景象重現的意味。"",""詩句不是無感、恐懼或否認花會凋謝。""]","分別解讀「花落去」的消逝與「燕歸來」的重現，情感來自兩種時間感並置，不是單純歡喜或悲傷。","[]","","","","","","","","","","","","","","",""
"CHI-0444","國文","原創會考程度練習","","","九年級上","閱讀與語文應用","條件句與方法理解","基礎","素養題","「只有把每次實驗的條件記下來，之後才能比較結果是否因操作不同而改變。」這句話中的必要條件是什麼？","讓每次實驗都使用不同器材","記錄每次實驗條件","只保留最理想的一次結果","先決定結果再選擇資料","1","記錄每次實驗條件","","句子用「只要……才能……」指出記錄每次實驗條件，是比較結果變化的必要條件。 答案為「記錄每次實驗條件」。","[""找出「只要」後的條件內容。"",""記錄操作條件，才能判斷結果差異是否來自操作不同。"",""其他做法會破壞比較或造成選擇性偏差。""]","「只要記錄，才能比較」將記錄條件說成比較結果不可缺少的前提；不要選擇先定結果再挑資料。","[]","","","","","","","","","","","","","","",""
"CHI-0445","國文","原創會考程度練習","","","九年級上","閱讀與語文應用","數量關係","基礎","素養題","校外教學名額 35 人，目前 35 人已報名，另有 9 位候補。若 4 位已報名者取消，候補依序遞補後還剩幾位？","2 位","4 位","5 位","6 位","2","5 位","","4 個空位由候補依序遞補，候補 9 人中剩 9－4＝5 人。 答案為「5 位」。","[""先確認名額空缺：4 位取消，產生 4 個空位。"",""候補 9 人中有 4 人遞補。"",""尚有 9－4＝5 人候補。""]","題幹先說 35 個名額已額滿，4 人取消便產生 4 個空位；從 9 位候補中扣掉遞補的 4 位。","[]","","","","","","","","","","","","","","",""
"CHI-0446","國文","原創會考程度練習","","","九年級上","閱讀與語文應用","文言文情境理解","基礎","素養題","古文「阡陌交通，雞犬相聞」描寫桃花源的生活環境，最接近哪種景象？","道路完全封閉，居民彼此隔絕","交通工具十分繁忙擁擠","居民住在高樓大廈之中","田間道路相通，村落生活往來親近","3","田間道路相通，村落生活往來親近","","「阡陌」指田間道路，「交通」是交錯相通；雞犬聲音互聞，呈現村落相鄰、往來可聞的環境。 答案為「田間道路相通，村落生活往來親近」。","[""辨認古義：「阡陌」是田間小路，「交通」指道路交錯相通。"",""雞犬聲互聞，顯示村落之間並非完全隔絕。"",""句子沒有現代交通工具或高樓的描述。""]","在《桃花源記》中辨認古義：「阡陌」是田間小路，「交通」指交錯相通；不能套用現代交通運輸的意思。","[]","","","","","","","","","","","","","","",""
"CHI-0447","國文","原創會考程度練習","","","九年級上","閱讀與語文應用","論證方式","中等","素養題","一篇評論列出兩個方案的成本與風險，最後建議先試行成本較低的方案。作者主要採用什麼論證方式？","比較方案條件後提出選擇","只用人物故事代替所有證據","重複結論而不提供理由","以無關例子轉移焦點","0","比較方案條件後提出選擇","","評論先比較成本與風險，再據此提出先試行的建議，是以條件比較支持結論。 答案為「比較方案條件後提出選擇」。","[""找出作者提供的依據：成本與風險。"",""這些條件用來比較兩個方案，再支撐建議。"",""文中不是只有故事、空泛重複或無關例子。""]","論證要把依據和建議接起來：成本、風險是比較標準，先試行低成本方案是據此作出的選擇。","[]","","","","","","","","","","","","","","",""
"CHI-0448","國文","原創會考程度練習","","","九年級上","閱讀與語文應用","詩句意境","中等","素養題","「山光悅鳥性，潭影空人心」以山光、鳥與潭影描寫環境，最可能帶給詩人什麼感受？","煩躁不安、急於離去","心境澄澈、身心舒暢","對景物感到厭倦","擔心天色昏暗","1","心境澄澈、身心舒暢","","山光使鳥愉悅，潭影使人心空明，描寫自然景物帶來的清朗、舒暢感受。 答案為「心境澄澈、身心舒暢」。","[""注意「悅」和「空」所描述的效果。"",""鳥性愉悅、人心澄澈，整體氛圍清明舒暢。"",""詩句沒有焦躁、憂懼或厭倦的線索。""]","由「悅」和「空」判讀景物帶給鳥與人的效果，再統整為清朗平靜的心境；勿把「空」只解作空無一物。","[]","","","","","","","","","","","","","","",""
"CHI-0449","國文","原創會考程度練習","","","九年級上","閱讀與語文應用","公告條件推理","中等","素養題","公告：「本館每月第一個週二上午閉館消毒；若遇國定假日，順延至下一個工作日。」某月第一個週二正逢國定假日，何時閉館？","仍在該週二上午","前一個工作日全天","下一個工作日的上午","該月不再消毒","2","下一個工作日的上午","","公告明定遇國定假日即順延至下一個工作日，因此閉館時間隨之延後。 答案為「下一個工作日的上午」。","[""確認第一個週二遇到公告所說的國定假日條件。"",""依規則順延至下一個工作日。"",""不是照原日、提前或取消。""]","先判定假日觸發了例外規則，再把原本閉館日順延到下一工作日；「順延」不是提前或取消。","[]","","","","","","","","","","","","","","",""
"CHI-0450","國文","原創會考程度練習","","","九年級上","閱讀與語文應用","語意與觀點理解","基礎","素養題","「他把每一次提問都當成重新檢查想法的機會。」這句話對「提問」抱持什麼看法？","提問只會浪費時間","提問後就不必尋找證據","提問代表不尊重他人","提問能促使反思與修正","3","提問能促使反思與修正","","句子把提問視為檢查想法的契機，肯定提問對反思的作用。 答案為「提問能促使反思與修正」。","[""抓住「重新檢查想法」作為解釋線索。"",""提問能讓人重新思考原有觀念。"",""題句沒有否定提問或表示可以免除證據。""]","直接扣住「重新檢查想法」這個結果，提問的價值在促成反思；不代表可以省略證據。","[]","","","","","","","","","","","","","","",""
"CHI-0451","國文","原創會考程度練習","","","九年級上","閱讀與語文應用","資料比較計算","基礎","素養題","某班整理回收量：紙類 24 公斤、塑膠 16 公斤。紙類比塑膠多幾公斤？","8 公斤","10 公斤","40 公斤","6 公斤","0","8 公斤","","比較兩種回收重量，用紙類 24 公斤減塑膠 16 公斤：24－16＝8 公斤。 答案為「8 公斤」。","[""確認題目問兩者相差多少。"",""以較多的紙類減較少的塑膠。"",""24－16＝8 公斤。""]","「多幾公斤」問差量，從較多的紙類重量扣除塑膠重量；不要將兩類相加成總回收量。","[]","","","","","","","","","","","","","","",""
"CHI-0452","國文","原創會考程度練習","","","九年級上","閱讀與語文應用","行動目的推論","中等","素養題","作者寫：「他關上電腦，拿起桌上的紙筆，把腦中紛亂的念頭一條條寫下來。」這個動作最能顯示他想做什麼？","停止處理問題並忘掉它","整理思緒，讓想法變得清楚","證明紙筆比電腦更昂貴","把所有念頭藏起來不讓人知道","1","整理思緒，讓想法變得清楚","","他主動把念頭逐條寫下，表示想藉整理將混亂思緒具體化。 答案為「整理思緒，讓想法變得清楚」。","[""找出目的線索：「把念頭一條條寫下來」。"",""逐條記錄有助分類、整理想法。"",""題文沒有談價格、逃避或隱瞞。""]","把關鍵動作「一條條寫下」連到其目的：將混亂念頭外化整理；題幹沒有提供價格或隱瞞資訊的證據。","[]","","","","","","","","","","","","","","",""
"CHI-0453","國文","原創會考程度練習","","","九年級上","閱讀與語文應用","因果判斷","中等","素養題","一則報導指出，某校增加遮陽棚後，學生午休時使用操場的人數上升；報導未調查氣溫與其他活動安排。哪項結論最謹慎？","遮陽棚已證明能降低所有學生體溫","操場活動完全由遮陽棚決定","使用人數上升，但原因還不能只歸於遮陽棚","學生人數上升代表氣溫必定下降","2","使用人數上升，但原因還不能只歸於遮陽棚","","報導呈現兩件事同時發生，但沒有排除氣溫或活動安排等因素，不能直接確定單一因果。 答案為「使用人數上升，但原因還不能只歸於遮陽棚」。","[""確認觀察到的是遮陽棚增加與使用人數上升。"",""未調查其他可能因素，因果尚未確立。"",""因此只能陳述人數上升，不能推廣成普遍效果。""]","把同時出現的兩項事實與因果證明分開；題目明示未調查氣溫及活動安排，因此只能保留人數增加的觀察。","[]","","","","","","","","","","","","","","",""
"CHI-0454","國文","原創會考程度練習","","","九年級上","閱讀與語文應用","文言文情境理解","基礎","素養題","《出師表》寫「受任於敗軍之際，奉命於危難之間」，最能說明諸葛亮當時處於什麼情勢？","戰事已勝利後獲得賞賜","主動辭去所有職務","受命出使和平友邦","在軍事失利、局勢危急時接受重任","3","在軍事失利、局勢危急時接受重任","","「敗軍之際」「危難之間」都指局勢困難，說明他在危急時受命承擔責任。 答案為「在軍事失利、局勢危急時接受重任」。","[""找出兩個時間背景：「敗軍之際」與「危難之間」。"",""兩者都指困難、危急的情況。"",""因此不是勝利受賞、辭職或和平出使。""]","抓住「敗軍」「危難」兩個負面處境詞，再連到「受任」「奉命」所寫的接受職責。","[]","","","","","","","","","","","","","","",""
"CHI-0455","國文","原創會考程度練習","","","九年級上","閱讀與語文應用","文言文主旨","中等","素養題","《出師表》提到「親賢臣，遠小人」，作者認為這樣做對國家有何作用？","有助政治清明、國勢興盛","能使所有戰爭立即結束","可以完全避免天災","能讓官員不必承擔責任","0","有助政治清明、國勢興盛","","親近賢能、疏遠奸邪有助改善政治與國勢；原文並未保證所有外在問題都會立刻消失。 答案為「有助政治清明、國勢興盛」。","[""辨認「親」與「遠」分別指向賢臣與小人。"",""作者把用人得當與政治興隆相連結。"",""不要把政治主張擴大成能消除戰爭或天災。""]","分清「親近賢臣、疏遠小人」的用人主張和它對國政的作用；勿把治國建議誇大成消除天災或戰爭。","[]","","","","","","","","","","","","","","",""
"CHI-0456","國文","原創會考程度練習","","","九年級上","閱讀與語文應用","修辭與論旨","中等","素養題","「人之立志，顧不如蜀鄙之僧哉？」這個反問句最主要的作用是什麼？","證明蜀地僧人都比別人聰明","強調立志後付諸行動的重要","表示作者不相信努力有用","詢問僧人居住在哪裡","1","強調立志後付諸行動的重要","","作者以蜀地貧富兩僧的故事反問人立志是否還不如僧人，強調有志並實踐的重要。 答案為「強調立志後付諸行動的重要」。","[""確認句尾問號是反問，不是索取地點資料。"",""反問藉僧人故事提醒立志者應實際行動。"",""句意沒有比較智力，也沒有否定努力。""]","先確認問句是反問，再回想《為學》貧僧實際前往南海的故事；反問把故事轉成對立志者的勉勵。","[]","","","","","","","","","","","","","","",""
"CHI-0457","國文","原創會考程度練習","","","九年級上","閱讀與語文應用","寓言主旨","中等","素養題","《為學一首示子姪》以貧僧與富僧赴南海的故事，主要說明什麼？","遠行成功只靠運氣","擁有財物就一定能完成遠行","條件較差者若有決心並行動，也可能完成目標","出發前不必作任何準備","2","條件較差者若有決心並行動，也可能完成目標","","富僧有船仍未成行，貧僧憑決心與實際行動到達南海，強調行動比空有條件更重要。 答案為「條件較差者若有決心並行動，也可能完成目標」。","[""對照兩僧：一方有財物卻未出發，另一方條件不足仍行動。"",""故事結果顯示決心和實踐能克服部分條件限制。"",""不是說財物必然成功，也不是鼓吹完全不準備。""]","對照富僧「有條件卻未行」與貧僧「條件不足仍前往」的行動結果；主旨重在志向與實踐，不是排斥準備。","[]","","","","","","","","","","","","","","",""
"CHI-0458","國文","原創會考程度練習","","","九年級上","閱讀與語文應用","主旨理解","中等","素養題","「其實，修復老屋並非把每道裂痕都抹去，而是先確認哪些痕跡值得留下。」作者想表達什麼？","老屋所有損壞都不必處理","外觀越新就越有歷史價值","修復者應任意改變建築用途","修復時應判斷哪些痕跡值得保留","3","修復時應判斷哪些痕跡值得保留","","句子否定把每道裂痕都抹去，主張先辨認哪些痕跡具有保留價值。 答案為「修復時應判斷哪些痕跡值得保留」。","[""留意「並非……而是……」的觀點轉折。"",""作者要先判斷痕跡是否值得留下。"",""這不代表所有損壞都不處理，也沒有討論任意改變用途。""]","「並非……而是……」標出作者真正主張：先辨別痕跡價值，再決定修復方式；不是主張放任所有損壞。","[]","","","","","","","","","","","","","","",""
"CHI-0459","國文","原創會考程度練習","","","九年級上","閱讀與語文應用","修辭判斷","基礎","素養題","「小路被晨霧輕輕抱住，遠處的鐘聲才走到耳邊。」這句主要使用哪種修辭？","擬人","排比","設問","借代","0","擬人","","晨霧被寫成會抱住小路，鐘聲被寫成會走到耳邊，將人的動作賦予景物與聲音，主要是擬人。 答案為「擬人」。","[""找出景物或聲音被安排的動作：「抱住」「走到」。"",""這些是人的動作，作者將其賦予霧與鐘聲。"",""句子沒有排比、提問或代稱。""]","檢查動詞「抱住」和「走到」的施事者：霧、鐘聲被寫出人的動作，因此判斷為擬人。","[]","","","","","","","","","","","","","","",""
"CHI-0460","國文","原創會考程度練習","","","九年級上","閱讀與語文應用","公告資訊整合","中等","素養題","社區公告：「週六 8:30 開始換發停車證，請攜帶身分證及舊證；每戶限辦一張。委託代辦者另須出示委託書。」小林代父親辦理，須準備哪些物品？","只需停車證照片","身分證、舊證及委託書","身分證與兩張新證","只需委託書，不必帶舊證","1","身分證、舊證及委託書","","所有申請都需身分證及舊證，代辦者另外要委託書；每戶限一張新證。 答案為「身分證、舊證及委託書」。","[""先找所有人共同需要的文件：身分證與舊證。"",""小林是代辦者，還需委託書。"",""一戶只能辦一張，其他選項漏帶文件或違反數量規定。""]","先列共同文件身分證、舊證，再套用小林代辦的附加條件委託書；每戶限一張是數量限制，不是文件。","[]","","","","","","","","","","","","","","",""
"CHI-0461","國文","原創會考程度練習","","","九年級上","閱讀與語文應用","圖表資訊與推論範圍","中等","素養題","班級閱讀紀錄顯示：全班 28 人中有 21 人完成心得。下列哪項是資料能直接支持的說法？","全班每位學生都喜歡寫心得","未完成者都沒有閱讀","完成心得使閱讀能力提升","完成者占全班四分之三","3","完成者占全班四分之三","","21÷28＝3/4，因此完成心得者占全班四分之三；紀錄沒有提供喜好、未閱讀或能力變化的資料。答案D「完成者占全班四分之三」。","[""先分清已知事實：28 人中有 21 人完成心得。"",""21/28 約分為 3/4，能描述完成者所占比例。"",""資料沒有調查喜好、閱讀與否或能力因果，不能推成其他結論。""]","先用 21÷28 求完成比例並約分為 3/4；其餘選項涉及喜好、閱讀或因果，原紀錄並未調查。","[]","","","","","","","","","","","","","","",""
"CHI-0462","國文","原創會考程度練習","","","九年級上","閱讀與語文應用","人物觀點轉變","中等","素養題","「他先前總認為修補物品不值得花時間，直到看見祖父把用了三十年的工具重新磨亮。」這段細節最可能使他改變哪種看法？","認為所有舊物都必須丟棄","決定不再使用任何工具","相信新物品一定比較耐用","重新看見修補與珍惜物品的價值","3","重新看見修補與珍惜物品的價值","","祖父長期使用並修復工具的行動，讓他看見修補能延續物品、保留使用價值。 答案為「重新看見修補與珍惜物品的價值」。","[""先找出原有想法：修補不值得花時間。"",""再看祖父的實際行動與長期使用經驗。"",""這些細節支持他重新理解修補的價值，並非一概丟棄舊物。""]","對照人物原先認為修補不值得，與祖父持續使用並修磨工具的實例；新經驗支持觀點轉變，但不能概括所有舊物。","[]","","","","","","","","","","","","","","",""
"CHI-0463","國文","原創會考程度練習","","","九年級上","閱讀與語文應用","詩歌景物與空間關係","中等","素養題","孟浩然《過故人莊》寫「綠樹村邊合，青山郭外斜」，詩人由村內望向村外，呈現何種景物關係？","樹林環抱村莊，遠山斜映城郭之外","村莊完全被高山遮蔽","樹木與青山都位於屋內","詩人只描寫村民的年齡","0","樹林環抱村莊，遠山斜映城郭之外","","「村邊合」寫綠樹環繞村落，「郭外斜」寫青山在城郭外延展，視線由近及遠。答案A「樹林環抱村莊，遠山斜映城郭之外」。","[""先定位視線：村邊的綠樹是近景，郭外青山是較遠的景物。"",""「合」寫樹木環抱村落，「斜」寫遠山延展的姿態。"",""兩句構成由近及遠的田園空間，不涉及人物年齡。""]","依空間詞「村邊」和「郭外」定位近遠，再讀「合」與「斜」的景物姿態；不要把郭外山景移到屋內。","[]","","","","","","","","","","","","","","",""
"CHI-0464","國文","原創會考程度練習","","","九年級上","閱讀與語文應用","詩歌意境","基礎","素養題","詩句「春潮帶雨晚來急，野渡無人舟自橫」描寫無人渡口與橫停的小舟，主要營造何種景象？","繁忙熱鬧","幽靜冷清","緊張喧鬧","節慶歡騰","1","幽靜冷清","","傍晚春雨、荒野渡口無人、小舟橫停，構成幽靜而略帶冷清的景象。 答案為「幽靜冷清」。","[""找出環境線索：晚雨、野渡無人、舟自橫。"",""缺少人聲與往來，畫面安靜空曠。"",""詩句沒有繁忙或歡慶活動。""]","將「野渡無人」與「舟自橫」合成無人往來的畫面；晚雨帶來安靜空曠感，不是熱鬧渡口。","[]","","","","","","","","","","","","","","",""
"CHI-0465","國文","原創會考程度練習","","","九年級上","閱讀與語文應用","句意與論述","基礎","素養題","「與其在群組裡反覆猜測，不如直接詢問負責人確認時間。」這句話建議採取什麼做法？","繼續轉傳未確認消息","等到活動結束再詢問","以直接查證取代猜測","避免向任何人確認","2","以直接查證取代猜測","","「與其……不如……」比較猜測與詢問，作者較支持直接向負責人查證。 答案為「以直接查證取代猜測」。","[""辨認「與其」後的做法和「不如」後的做法。"",""後者是作者推薦的方案：直接確認。"",""其他選項延續猜測或放棄查證。""]","「與其」提出較不建議的猜測，「不如」帶出作者推薦的查證行動；答案要選後半句。","[]","","","","","","","","","","","","","","",""
"CHI-0466","國文","原創會考程度練習","","","九年級上","閱讀與語文應用","修辭判斷","基礎","素養題","「窗外的柳枝一低頭，湖面便接住了整片斜陽。」這句中把湖面寫成會接住夕陽，主要使用哪種修辭？","借代","排比","設問","擬人","3","擬人","","湖面被寫成會「接住」夕陽，賦予湖面人的動作，屬於擬人。 答案為「擬人」。","[""確認句中被描寫的主體是湖面。"",""「接住」是人的動作，此處賦予湖面。"",""句子沒有並列句式、代稱或提問。""]","找出由無生命湖面承接的動詞「接住」；把人的動作賦予景物，是判定擬人的線索。","[]","","","","","","","","","","","","","","",""
"CHI-0467","國文","原創會考程度練習","","","九年級上","閱讀與語文應用","資料功能判讀","中等","素養題","一篇校園報導列出新規定實施前後的遲到人數，並訪問導師了解原因。這兩種資料分別提供什麼？","數據呈現變化，訪談補充可能原因","訪談取代所有數據比較","兩者都能直接證明唯一因果","數字只用來描述受訪者心情","0","數據呈現變化，訪談補充可能原因","","前後人數是量化變化，導師訪談則補充情境與可能原因；兩者提供不同類型資訊。 答案為「數據呈現變化，訪談補充可能原因」。","[""先區分人數統計和訪談內容。"",""數據描述變化幅度，訪談提供解釋線索。"",""單靠這兩種材料仍不必然證明唯一因果。""]","區分量化資料與訪談資料的功能：前後人數描述變化，導師說明提供可能解釋；兩者仍不足以證明唯一原因。","[]","","","","","","","","","","","","","","",""
"CHI-0468","國文","原創會考程度練習","","","九年級上","閱讀與語文應用","詩句情感理解","基礎","素養題","「海內存知己，天涯若比鄰」想表達的情感最接近哪一項？","朋友相聚時必須住在同一處","知心友人雖遠隔兩地，情誼仍親近","路途遙遠會使友情消失","離別後就不應再聯絡","1","知心友人雖遠隔兩地，情誼仍親近","","詩句指出只要有知己，縱使遠在天涯，仍像鄰居般親近，表達友情不受距離限制。 答案為「知心友人雖遠隔兩地，情誼仍親近」。","[""找出空間對照：「海內」與「天涯」。"",""雖然距離遙遠，仍「若比鄰」，表現情誼親近。"",""詩句沒有主張友情會因距離消失。""]","先看「海內／天涯」拉開距離，再用「若比鄰」讀出情誼仍近；「若」是比喻，不表示真的住隔壁。","[]","","","","","","","","","","","","","","",""
"CHI-0469","國文","原創會考程度練習","","","九年級上","閱讀與語文應用","說明文方法理解","中等","素養題","「若要比較兩種肥料的效果，其他條件應盡量相同，只改變肥料種類。」這項實驗設計最重要的原則是什麼？","一次改變所有條件","只記錄最好的結果","控制變因，避免其他條件干擾","不必設置比較組","2","控制變因，避免其他條件干擾","","只改變肥料種類、控制其他條件，才能較合理地比較肥料造成的差異。 答案為「控制變因，避免其他條件干擾」。","[""找出唯一刻意改變的因素：肥料種類。"",""其餘條件保持相同，避免混淆結果。"",""這是控制變因的比較方法。""]","把肥料種類視為操縱變因，其他條件保持一致；如此才可減少混淆並公平比較效果。","[]","","","","","","","","","","","","","","",""
"CHI-0470","國文","原創會考程度練習","","","九年級上","閱讀與語文應用","公告條件與資訊整合","中等","素養題","課程公告：「4 月 10 日前完成報名可享八折；優惠名額 30 人，額滿即止。退費依開課前七日規定辦理。」下列哪項可由公告確定？","所有報名者都一定能享優惠","課程開始日期是 4 月 10 日","優惠有期限與名額限制，退費另依規定","開課前七日內完全不能退費","2","優惠有期限與名額限制，退費另依規定","","公告明示優惠須於期限內報名且限 30 名，退費則依另一項規定處理；未提供原價或開課日期。答案C「優惠有期限與名額限制，退費另依規定」。","[""分辨優惠條件：報名期限是 4 月 10 日，優惠另有 30 名上限。"",""「額滿即止」表示符合期限也不保證一定還有名額。"",""退費須看開課前七日規定，但公告沒有交代具體退費結果。""]","分開檢查折扣期限、名額上限和退費規定；期限內報名仍可能因額滿無法享優惠，退費細節不能自行補推。","[]","","","","","","","","","","","","","","",""
"CHI-0471","國文","原創會考程度練習","","","九年級上","閱讀與語文應用","作者觀點判讀","中等","素養題","文章寫：「他沒有急著替老街貼上『落後』或『懷舊』的標籤，而是先聽店家說明每天如何使用這條街。」作者採取什麼態度？","先理解當地脈絡，再形成判斷","主張立即拆除所有老店","認定老街只能保留原狀","拒絕聽取居民經驗","0","先理解當地脈絡，再形成判斷","","作者暫緩貼標籤，先聽店家描述實際使用情況，表現理解脈絡後再評價的態度。 答案為「先理解當地脈絡，再形成判斷」。","[""注意作者沒有立即使用價值標籤。"",""他先蒐集店家日常經驗。"",""這表示暫緩結論並理解地方脈絡，而非預設拆除或原封不動。""]","看作者實際做了什麼：暫緩貼標籤並先聽店家經驗；這支持先理解脈絡，不表示必須原樣保留街區。","[]","","","","","","","","","","","","","","",""
"CHI-0472","國文","原創會考程度練習","","","九年級上","閱讀與語文應用","文言詞義","基礎","素養題","古文「及其日中如探湯」中，「湯」依語境是什麼？","湯藥","熱水","食物羹湯","溫泉","1","熱水","","「如探湯」描述把手伸進熱水般燙，此處「湯」指熱水。 答案為「熱水」。","[""用「如探」與日中炎熱的語境判斷。"",""像把手伸進燙水，故「湯」指熱水。"",""不是飲用的羹湯或湯藥。""]","用「如探湯」的動作和正午炎熱情境辨詞；此處「湯」是燙熱的水，不是現代常說的湯品。","[]","","","","","","","","","","","","","","",""
"CHI-0473","國文","原創會考程度練習","","","九年級上","閱讀與語文應用","論點理解","中等","素養題","「把不同意見都記下來，不表示每個提議都要採用；它讓我們知道決策時考慮過哪些觀點。」這段話主要澄清什麼？","記錄意見後就不能作決定","不同意見應全部刪除","記錄意見有助決策，不等於全數採納","提出意見的人必須負責執行","2","記錄意見有助決策，不等於全數採納","","作者區分「記錄」和「採用」：記錄是留下考量過程，並不代表所有提議都成為決策。 答案為「記錄意見有助決策，不等於全數採納」。","[""找出作者明確區分的兩件事：記下意見、採用提議。"",""記錄使考量過程透明，不等同全盤接受。"",""其他選項把記錄作用擴大或改成刪除意見。""]","抓住作者明確切分的「記錄」與「採用」；記錄使考量可追溯，但不等同每項提議都成為決策。","[]","","","","","","","","","","","","","","",""
"CHI-0474","國文","原創會考程度練習","","","九年級上","閱讀與語文應用","調查資料與推論界線","中等","素養題","閱讀活動紀錄：A 組 24 人有 18 人完成；B 組 20 人有 15 人完成。報告只記錄完成情形，未調查閱讀興趣。下列結論何者恰當？","A 組完成者較多，所以興趣一定較高","B 組人數較少，代表完成率必定較低","完成紀錄證明閱讀活動提升成績","兩組完成比例相同，但不能據此判定哪組較喜歡閱讀","3","兩組完成比例相同，但不能據此判定哪組較喜歡閱讀","","A 組 18/24、B 組 15/20，皆為四分之三；這只能比較完成比例，不能推知興趣或成績因果。答案D「兩組完成比例相同，但不能據此判定哪組較喜歡閱讀」。","[""A 組完成比例是 18/24＝3/4。"",""B 組完成比例是 15/20＝3/4，兩組相同。"",""活動紀錄沒有測量興趣或學業成效，不能把完成情形當成這些結果的證據。""]","分別計算 18/24 和 15/20，約分後都是 3/4；完成比例不等於閱讀興趣或成績效果。","[]","","","","","","","","","","","","","","",""
"CHI-0475","國文","原創會考程度練習","","","九年級上","閱讀與語文應用","人物態度推論","中等","素養題","「他把一句批評抄在筆記本封面，提醒自己先檢查證據，再回應情緒。」這個細節最能說明他如何面對批評？","認為批評者永遠正確","拒絕再聽任何意見","只記住批評者的姓名","把批評轉化成自我提醒","3","把批評轉化成自我提醒","","他把批評內容轉為具體提醒，重點是檢查證據後再回應，而非盲目接受或拒絕。 答案為「把批評轉化成自我提醒」。","[""注意他記下的是一項提醒，而非單記姓名。"",""提醒內容是先檢查證據、再回應情緒。"",""這表示理性吸收回饋，不等於認定批評者永遠正確。""]","抄下的句子本身是一項行動提醒：先查證據，再管理情緒；這是理性運用批評，不是盲目接受。","[]","","","","","","","","","","","","","","",""
"CHI-0476","國文","原創會考程度練習","","","九年級上","閱讀與語文應用","規則條件判讀","中等","素養題","某校每週二、四開設晚間自習，需於當日 16:00 前登記；若當日停課，活動取消且不順延。學生週二 16:10 才登記，當天照常上課，能否參加？","不能，已超過登記期限","可以，活動會自動順延","可以，當日登記都有效","不能，週二沒有自習","0","不能，已超過登記期限","","規則要求當日 16:00 前登記，學生 16:10 才登記，已逾時；當日停課的規則不適用。 答案為「不能，已超過登記期限」。","[""比較登記時間 16:10 與截止時間 16:00。"",""登記晚於截止時間，因此不符合參加條件。"",""活動未停課，所以取消、不順延的條件不成立。""]","先比對 16:10 是否早於 16:00；再檢查停課條款，因當天照常上課，取消／不順延條件並未觸發。","[]","","","","","","","","","","","","","","",""
"CHI-0477","國文","原創會考程度練習","","","九年級上","閱讀與語文應用","詩句寓意","中等","素養題","文天祥《過零丁洋》寫「人生自古誰無死？留取丹心照汗青」，詩句最能表現什麼？","希望逃避所有公共責任","只在意史書記載自己的功績","認為生命長短完全由天候決定","以忠貞氣節面對生死，盼留下清白名聲","3","以忠貞氣節面對生死，盼留下清白名聲","","「留取丹心」以丹心象徵忠貞，「照汗青」指留名史冊；全句表現寧守氣節、不懼犧牲。答案D「以忠貞氣節面對生死，盼留下清白名聲」。","[""「人生自古誰無死」承認死亡無可避免。"",""「留取丹心」表明願以忠貞氣節面對生死，「汗青」借指史冊。"",""詩意重在守節與留名，不是逃避責任或追逐個人功名。""]","把「丹心」的忠貞意象和「汗青」的史冊借代合讀；詩人面對必然死亡仍選擇守節。","[]","","","","","","","","","","","","","","",""
"CHI-0478","國文","原創會考程度練習","","","九年級上","閱讀與語文應用","篇章結構與目的","中等","素養題","展覽導覽文先說明舊照片的拍攝年代，再介紹照片中街道的變遷，最後邀請觀眾比較今日景觀。文章安排的主要目的為何？","證明現代街道完全沒有改變","只介紹攝影器材的操作方式","引導讀者從歷史資料觀察環境變化","按照照片價格高低排列展品","2","引導讀者從歷史資料觀察環境變化","","文章由年代資料、街景變遷延伸到今昔比較，引導觀眾以歷史材料觀察環境改變。 答案為「引導讀者從歷史資料觀察環境變化」。","[""整理內容順序：年代、街道變化、比較今日。"",""這樣的安排建立今昔對照，方便觀察變遷。"",""文章不是在教器材操作或排列價格。""]","沿文章順序由年代走到今昔比較，判斷內容如何一步步引導觀眾觀察環境變遷。","[]","","","","","","","","","","","","","","",""
"CHI-0479","國文","原創會考程度練習","","","九年級上","閱讀與語文應用","文言文主旨","中等","素養題","孟郊《遊子吟》以「誰言寸草心，報得三春暉」作結，最能傳達哪種情意？","遊子嫌母親照顧過多","子女感念母愛深厚，難以完全回報","春日陽光使草木快速生長","母親要求子女以財物償還恩情","1","子女感念母愛深厚，難以完全回報","","「寸草心」比喻子女微薄的心意，「三春暉」比喻母愛深厚；以小草難報春暉寫感恩之情。答案B「子女感念母愛深厚，難以完全回報」。","[""抓住比喻：「寸草心」指子女心意，「三春暉」指春日陽光並借喻母愛。"",""小草難以回報春陽，映照子女覺得難以報答母恩。"",""詩句表達感念與自謙，不是抱怨或要求以財物償還。""]","讀出「寸草心」與「三春暉」的大小對比：子女心意微小，母愛深厚難報；不是字面上的財物交易。","[]","","","","","","","","","","","","","","",""
"CHI-0480","國文","原創會考程度練習","","","九年級上","閱讀與語文應用","文言文對比","中等","素養題","《論語》說：「士不可以不弘毅，任重而道遠。」用「任重」與「道遠」說明讀書人為何須堅毅？","因為肩負責任且實踐目標的路程漫長","只要身分高便不必努力","堅毅可以讓所有任務立即完成","人生道路越短越需要逃避責任","0","因為肩負責任且實踐目標的路程漫長","","「任重」比喻責任重大，「道遠」比喻實踐理想所需時間長，因此須有堅定意志。答案A「因為肩負責任且實踐目標的路程漫長」。","[""辨認兩個譬喻：「任重」是責任重大，「道遠」是目標路途長。"",""責任與實踐都不會一蹴可幾，故需要堅毅持續。"",""原句沒有保證任務立即完成，也不是鼓勵逃避責任。""]","把「任重」解為責任重大、「道遠」解為實踐理想路程長，兩者共同說明為何需要持續堅毅。","[]","","","","","","","","","","","","","","",""
"CHI-0481","國文","原創會考程度練習","","","九年級上","閱讀與語文應用","文言文寓意","基礎","素養題","《論語》說：「知之為知之，不知為不知，是知也。」這句話肯定哪種求知態度？","遇到不懂的內容就猜一個答案","只記住自己已經知道的部分","如實承認所知與未知，不裝懂","為了面子避免提出問題","2","如實承認所知與未知，不裝懂","","句中把「知」與「不知」如實區分，並稱這才是真正的明智，肯定誠實面對知識界限。答案C「如實承認所知與未知，不裝懂」。","[""先分清「知道」和「不知道」兩種狀態。"",""孔子肯定如實辨認自己的認知，不以猜測掩飾未知。"",""因此重點是誠實求知，而非避免發問或只記熟悉內容。""]","對照兩次出現的「知」與「不知」：重點是如實分辨認知界限，不是用猜測維持面子。","[]","","","","","","","","","","","","","","",""
"CHI-0482","國文","原創會考程度練習","","","九年級上","閱讀與語文應用","說明文流程理解","中等","素養題","某村修復古井時，先訪問居民、查閱舊照片，再依考證重建井欄。這套流程主要重視什麼？","只憑施工者的個人喜好設計","把古井改造成完全不同的設施","以多種資料還原地方記憶","避免居民參與公共工程","2","以多種資料還原地方記憶","","訪談與舊照片提供不同來源的歷史資訊，依考證重建能使修復有資料依據。 答案為「以多種資料還原地方記憶」。","[""找出流程中的資料來源：居民訪談與舊照片。"",""重建前先考證，表示依據資料而非任意設計。"",""這種流程也包含地方記憶，不是排除居民。""]","把居民訪談與舊照片視為不同來源，並注意重建前先考證；流程重視多方資料而非個人想像。","[]","","","","","","","","","","","","","","",""
"CHI-0483","國文","原創會考程度練習","","","九年級上","閱讀與語文應用","句意關係","中等","素養題","「他不是不願意幫忙，只是想先弄清楚對方真正需要什麼。」句子主要在澄清什麼？","他已決定不再提供任何幫助","對方不需要任何協助","他不願意與對方交談","他想了解需求，不等於拒絕協助","3","他想了解需求，不等於拒絕協助","","「不是不願意」先否定拒絕幫忙的誤解，後半說明他想先了解需求。 答案為「他想了解需求，不等於拒絕協助」。","[""辨認「不是……只是……」的語氣。"",""前半否定不願幫忙，後半補充先了解需求的原因。"",""句子沒有說他拒絕溝通或對方不需要幫助。""]","「不是不願意」雙重否定先排除拒絕幫忙，「只是」再補充先了解需求的原因；不要截取前半句誤讀。","[]","","","","","","","","","","","","","","",""
"CHI-0484","國文","原創會考程度練習","","","九年級上","閱讀與語文應用","規則資訊整合","中等","素養題","公告：「借用活動教室須於三日前登記；週末使用者另需取得警衛室鑰匙。離場時請關燈並鎖門。」社團週六借用教室，從登記到離場應如何做？","當天口頭告知，離場保持燈亮","週末不用登記，只要歸還鑰匙","提前登記即可，離場不用鎖門","提前三日登記、另領鑰匙，離場關燈鎖門","3","提前三日登記、另領鑰匙，離場關燈鎖門","","所有借用者都須提前三日登記，週末使用者還要向警衛室領鑰匙，離場需關燈鎖門。 答案為「提前三日登記、另領鑰匙，離場關燈鎖門」。","[""拆出共通要求與週末加註要求。"",""週六屬週末，因此需提前登記並另領鑰匙。"",""離場時還要關燈、鎖門，選項 D 包含完整流程。""]","依序整理共通登記、週末額外領鑰匙、離場關燈鎖門三項規則；週六要同時符合一般與例外要求。","[]","","","","","","","","","","","","","","",""
"CHI-0485","國文","原創會考程度練習","","","九年級上","閱讀與語文應用","數量計算","基礎","素養題","一場講座有 120 個座位，已報名 87 人，還有多少個名額？","33 個","37 個","27 個","43 個","0","33 個","","總座位 120 個，已報名 87 人，剩餘 120－87＝33 個名額。 答案為「33 個」。","[""找出總名額與已報名人數。"",""用 120 減去 87。"",""還剩 33 個名額。""]","「還有多少」問剩餘量，用總座位扣除已報名人數：120－87，並保留名額單位。","[]","","","","","","","","","","","","","","",""
"CHI-0486","國文","原創會考程度練習","","","九年級上","閱讀與語文應用","句意與對比","基礎","素養題","「同一條街在清晨是市場，入夜後成了孩子的球場。」這句話主要呈現街道的什麼特色？","街道只在夜晚有人使用","同一空間在不同時段有不同用途","孩子不喜歡在戶外活動","市場與球場位於不同城市","1","同一空間在不同時段有不同用途","","清晨與入夜兩個時段對照，說明同一條街隨時間轉換不同用途。 答案為「同一空間在不同時段有不同用途」。","[""找出時間詞「清晨」和「入夜後」。"",""同一條街在兩個時段分別作市場與球場。"",""句子沒有比較城市或推測孩子喜好。""]","把同一條街和兩個時間詞配對：清晨作市場、入夜作球場；變化的是用途，不是地點。","[]","","","","","","","","","","","","","","",""
"CHI-0487","國文","原創會考程度練習","","","九年級上","閱讀與語文應用","人物行動推論","中等","素養題","作者記下祖父修理收音機時先聽雜音、再逐一檢查零件，最後才更換故障元件。這段細節最能凸顯什麼？","遇到問題就立刻更換全部零件","修理只需要碰運氣","做事有步驟並依證據找原因","外觀比功能更重要","2","做事有步驟並依證據找原因","","祖父先觀察聲音，再逐一檢查，最後針對故障更換零件，呈現循序診斷的做事方式。 答案為「做事有步驟並依證據找原因」。","[""依序整理他的三個行動：聽、檢查、再更換。"",""先找原因才修理，避免盲目替換。"",""這與碰運氣或全部更換不同。""]","注意「先聽、逐一檢查、最後更換」的因果順序；他依診斷證據處理故障，而不是先換零件碰運氣。","[]","","","","","","","","","","","","","","",""
"CHI-0488","國文","原創會考程度練習","","","九年級上","閱讀與語文應用","詩句情感理解","中等","素養題","「長風破浪會有時，直掛雲帆濟滄海」表現詩人面對困境時怎樣的態度？","只關心眼前的物質利益","認為努力必定毫無效果","決定永遠停留在原地","相信終有機會實現抱負","3","相信終有機會實現抱負","","「會有時」表達對未來的信心，「直掛雲帆」描寫乘風破浪前行，呈現不失志向的態度。 答案為「相信終有機會實現抱負」。","[""抓住「會有時」所表達的未來期待。"",""「濟滄海」描寫克服阻礙、向目標前進。"",""詩句不是放棄或只追求眼前利益。""]","「會有時」指向未來仍有機會，「濟滄海」承接前進意象；合讀才能看出受挫中仍保有抱負。","[]","","","","","","","","","","","","","","",""
"CHI-0489","國文","原創會考程度練習","","","九年級上","閱讀與語文應用","數據比較","基礎","素養題","校刊記錄：去年借閱 640 本，今年借閱 800 本。今年比去年增加幾本？","160 本","140 本","180 本","240 本","0","160 本","","今年 800 本減去去年 640 本，增加 160 本。 答案為「160 本」。","[""確認題目問增加量。"",""用今年數量減去年數量：800－640。"",""結果為 160 本。""]","題目問「增加幾本」，用今年 800 減去年 640；不要把兩年總量相加。","[]","","","","","","","","","","","","","","",""
"CHI-0490","國文","原創會考程度練習","","","九年級上","閱讀與語文應用","古今詞義","基礎","素養題","古文「率妻子邑人來此絕境」中的「絕境」依《桃花源記》語境是什麼？","毫無生路的困境","與外界隔絕的地方","通往邊境的道路","景色最美的山頂","1","與外界隔絕的地方","","此處「絕境」指與世隔絕之地，不是現代常用的毫無出路的困境。 答案為「與外界隔絕的地方」。","[""把詞語放回桃花源居民避秦而來的背景。"",""此處描寫他們居住的地方與外界隔絕。"",""不能套用現代「走投無路」的常見義。""]","把「絕境」放回桃花源躲避外界的情境，判斷為與世隔絕之地；古義不同於現代「毫無出路」。","[]","","","","","","","","","","","","","","",""
"CHI-0491","國文","原創會考程度練習","","","九年級上","閱讀與語文應用","詩歌意象","基礎","素養題","「魚戲蓮葉間」以魚在蓮葉間游動的畫面，最能營造哪種氣氛？","莊嚴肅穆","冷清寂寞","活潑生動","緊張危急","2","活潑生動","","魚在蓮葉間游動，畫面具有動態與生趣，營造活潑生動的氣氛。 答案為「活潑生動」。","[""注意動詞「戲」呈現魚的活動。"",""蓮葉間游動的畫面富有生氣。"",""詩句沒有莊嚴、冷清或危急的線索。""]","抓住動詞「戲」所呈現的游動玩耍，再由蓮葉間的動態畫面判斷氣氛；不要只因水域就選冷清。","[]","","","","","","","","","","","","","","",""
"CHI-0492","國文","原創會考程度練習","","","九年級上","閱讀與語文應用","比例與推論範圍","中等","素養題","調查顯示 200 位受訪者中有 130 人每週至少閱讀一本書。下列何者可由資料直接推得？","閱讀使每個人學業進步","全市居民有 65% 都如此閱讀","未閱讀者都不喜歡書","受訪者中 65% 符合此閱讀頻率","3","受訪者中 65% 符合此閱讀頻率","","130÷200＝65%，比例只適用這 200 位受訪者，不能直接推及全市居民或因果效果。 答案為「受訪者中 65% 符合此閱讀頻率」。","[""先算 130 除以 200。"",""結果為 0.65，即 65%。"",""調查對象有限，也沒有測量喜好或學業因果。""]","計算 130/200 得 65%，並把結論限定在受訪者；問卷比例不能自動代表全市，也不能證明閱讀造成成績變化。","[]","","","","","","","","","","","","","","",""
"CHI-0493","國文","原創會考程度練習","","","九年級上","閱讀與語文應用","動作與情節推論","中等","素養題","「她把窗簾拉開，讓晨光落在尚未完成的畫布上，重新拿起畫筆。」這組動作最能暗示什麼？","她準備重新開始創作","她不再關心這幅畫","她打算丟棄畫布","她要把畫搬到戶外出售","0","她準備重新開始創作","","拉開窗簾、讓光照入並重新拿起畫筆，連續動作暗示她準備繼續創作。 答案為「她準備重新開始創作」。","[""依序觀察拉窗簾、迎入晨光、拿起畫筆。"",""最後一個動作明確指向繼續作畫。"",""題幹沒有提到丟畫、放棄或出售。""]","依序解讀拉開窗簾、迎入晨光、重新拿筆；最後一個明確行動支持她要繼續創作，不必臆測出售或丟棄。","[]","","","","","","","","","","","","","","",""
"CHI-0494","國文","原創會考程度練習","","","九年級上","閱讀與語文應用","句型判斷","基礎","素養題","「雖然資料看似完整，研究團隊仍再次核對原始紀錄。」句中的「雖然……仍……」表達什麼關係？","因果","讓步","並列","遞進","1","讓步","","資料看似完整本可不再檢查，但團隊仍核對，前後呈現讓步轉折。 答案為「讓步」。","[""先讀前半：資料看似完整。"",""後半「仍再次核對」表示不受前述情況限制。"",""「雖然……仍……」表示讓步關係。""]","「雖然」引出原本可能免檢查的情況，「仍」指出不受該情況影響而繼續核對，屬讓步關係。","[]","","","","","","","","","","","","","","",""
"CHI-0495","國文","原創會考程度練習","","","九年級上","閱讀與語文應用","資料解讀與限制","中等","素養題","一份報告列出城市近十年平均氣溫逐年上升，也提醒同期人口與測站位置曾改變。讀者應如何理解其結論？","氣溫上升必定只由人口增加造成","測站改變表示所有數據都無效","觀察到氣溫上升，但比較時需考慮測站與人口變化","十年內每一天都比前一天熱","2","觀察到氣溫上升，但比較時需考慮測站與人口變化","","報告呈現平均氣溫上升，同時提醒測站與人口變動可能影響比較，不能據此斷定單一原因。 答案為「觀察到氣溫上升，但比較時需考慮測站與人口變化」。","[""分清觀察結果和資料限制。"",""平均值呈上升，但測站位置等條件也變動。"",""因此需謹慎比較，不能推成唯一因果或每日都升溫。""]","同時保留平均氣溫上升這項觀察與測站、人口變化這項限制；資料限制要求審慎比較，並不等於所有數據無效。","[]","","","","","","","","","","","","","","",""
"CHI-0496","國文","原創會考程度練習","","","九年級上","閱讀與語文應用","說明文論證與實證","中等","素養題","研究札記寫道：「圖書館資料讓我提出三種解釋；到現場測量後，其中兩種與遺址位置不符。」這段經驗最能說明什麼？","現場觀察可用證據檢驗原有推論","只要到過現場便不必查閱資料","所有書面研究都應該作廢","提出解釋後不必再核對證據","0","現場觀察可用證據檢驗原有推論","","研究者先由資料提出解釋，再以遺址位置檢驗並排除不合證據的假說，呈現觀察與資料相互驗證。答案A「現場觀察可用證據檢驗原有推論」。","[""先由圖書資料形成三種解釋，再觀察實際遺址位置。"",""兩種解釋與現場不符，表示新證據能檢驗並修正推論。"",""這不是全盤否定書籍；而是結合資料、觀察與核證。""]","把資料提出的假說與現地測量當成互補證據；兩種解釋不符現場，表示需要修正假說，而不是否定所有書面資料。","[]","","","","","","","","","","","","","","",""
"CHI-0497","國文","原創會考程度練習","","","九年級上","閱讀與語文應用","規則資訊整合與情境推理","中等","素養題","社團公告：「器材須於週五 17:00 前歸還；逾期每件每日酌收保管費。若遇校外教學，可於出發前向管理員申請延後。」某組週五校外教學，應如何避免直接被視為逾期？","等到下週再說明原因","出發前向管理員申請延後","只要口頭告知同學即可","不必歸還，也不必聯絡管理員","1","出發前向管理員申請延後","","公告為校外教學提供例外申請方式，需在出發前向管理員申請延後；未提及自動延期。答案B「出發前向管理員申請延後」。","[""先讀一般規則：器材須在週五 17:00 前歸還。"",""再讀例外條件：校外教學者可於出發前申請延後。"",""需主動完成申請，不能推定公告允許自行延後。""]","先套用週五 17:00 的一般歸還期限，再檢查校外教學例外；例外提供的是「出發前申請」，不是自動延期。","[]","","","","","","","","","","","","","","",""
"CHI-0498","國文","原創會考程度練習","","","九年級上","閱讀與語文應用","今昔對照與主旨","中等","素養題","「一張老照片裡，父親的手仍扶著年幼的我；如今輪到我牽著他的手走過街口。」這段文字主要呈現什麼？","父子一直住在不同城市","親子照顧角色隨時間轉變","作者不記得童年經驗","照片中的人物彼此不相識","1","親子照顧角色隨時間轉變","","過去父親扶年幼的作者，如今作者牽父親過街，呈現照顧角色隨時間更替。 答案為「親子照顧角色隨時間轉變」。","[""比較照片中的過去與現在兩個動作。"",""照顧者由父親轉為作者，顯示角色轉變。"",""其他選項都不是文字提供的資訊。""]","比較兩個時點中誰扶著誰：照顧者由父親轉成作者；推論到親子角色更替即可，不延伸成未提供的居住情況。","[]","","","","","","","","","","","","","","",""
"CHI-0499","國文","原創會考程度練習","","","九年級上","閱讀與語文應用","文言詞義","基礎","素養題","「凡事預則立，不預則廢」中的「預」最接近哪個意思？","預先預測天氣","代替別人處理","事先準備","延後決定","2","事先準備","","句意是事情事先有準備較容易成功，沒有準備則容易失敗，「預」指事先準備。 答案為「事先準備」。","[""對照「預則立」與「不預則廢」的結果。"",""兩者差別在事前是否準備。"",""因此「預」是預先準備，不是延後或代辦。""]","用「預則立／不預則廢」的正反結果判斷「預」：事先有所準備；不是預測天氣或延後決定。","[]","","","","","","","","","","","","","","",""
"CHI-0500","國文","原創會考程度練習","","","九年級上","閱讀與語文應用","生活情境與主旨","中等","素養題","短文寫祖母每年把自家留存的菜籽分給鄰居，秋收時大家又互相交換蔬菜。這段描寫最能表現什麼？","居民彼此競爭土地所有權","祖母不願保存任何種子","交換食物會使作物減產","鄰里間互助分享的生活方式","3","鄰里間互助分享的生活方式","","祖母分享菜籽，鄰居秋收後再互換蔬菜，呈現彼此互助、分享資源的關係。 答案為「鄰里間互助分享的生活方式」。","[""找出兩個具體行動：分享菜籽、交換蔬菜。"",""這些行動都顯示鄰里互相提供資源。"",""文中沒有土地競爭、拒絕保存或減產的資訊。""]","把每年分享菜籽與秋收互換蔬菜兩個行動合併概括；共同特徵是鄰里互相分享資源。","[]","","","","","","","","","","","","","","",""
"CHI-0501","國文","原創會考程度練習","","","九年級上","閱讀與語文應用","生活情境與主旨","中等","素養題","短文寫：「青石巷經過幾次修補，牆面顏色不一，卻仍有人沿舊路送菜、問候鄰居。」這段描寫最能呈現什麼？","巷道修補後居民便不再往來","牆面顏色能決定鄰里關係","只有保存原貌才能維持社區生活","環境有所改變，鄰里生活仍延續並相互連結","3","環境有所改變，鄰里生活仍延續並相互連結","","巷道外觀已因修補改變，但送菜與問候仍持續，呈現環境變遷中延續的鄰里連結。答案D「環境有所改變，鄰里生活仍延續並相互連結」。","[""先找出外在變化：巷道修補，牆面顏色不一。"",""再看居民仍沿路送菜、問候，日常互動並未中斷。"",""因此重點是社區關係延續，不是要求街道原貌完全不變。""]","對照外觀改變與居民仍持續的送菜、問候；兩種線索合起來指向社區連結延續，不代表環境完全沒有改變。","[]","","","","","","","","","","","","","","",""
"CHI-0502","國文","原創會考程度練習","","","九年級上","閱讀與語文應用","證據與來源評估","中等","素養題","整理爭議資料時，他先列出支持與反對的證據，再逐項檢查來源是否可靠。這種做法最能說明什麼？","只保留符合原先立場的資料","先檢視證據與來源，再形成判斷","證據彼此衝突就不必再查","把決定交給資料數量最多的一方","1","先檢視證據與來源，再形成判斷","","他同時整理兩方證據並檢查來源，顯示先核實資料再判斷，而非挑選支持既定立場的材料。答案B「先檢視證據與來源，再形成判斷」。","[""注意他沒有先宣布哪一方正確，而是並列正反證據。"",""逐項核對來源能評估材料可信度。"",""這是以證據形成結論，不等於只按數量或原有立場選邊。""]","注意他同時列出正反證據，並逐項查來源；這表示先評估材料可信度，而非只保留支持既定立場的一方。","[]","","","","","","","","","","","","","","",""
"CHI-0503","國文","原創會考程度練習","","","九年級上","閱讀與語文應用","修辭判斷","中等","素養題","「操場邊的樹影在晚風中搖晃，像一群正在低聲交談的同學。」句中主要使用哪一種修辭？","排比","擬人","明喻","借代","2","明喻","","句中用「像」把樹影比作交談的同學，直接呈現兩者相似之處，是明喻。答案C「明喻」。","[""找出句中的比況詞「像」。"",""樹影是被描寫的本體，交談的同學是喻體。"",""以「像」連結相似事物，屬於明喻，不是擬人。""]","用「像」辨認明喻，再分清本體「樹影」與喻體「交談的同學」；不要只因句中出現人的形象就判作擬人。","[]","","","","","","","","","","","","","","",""
"CHI-0504","國文","原創會考程度練習","","","九年級上","閱讀與語文應用","篇章結構與重讀","進階","素養題","第一次讀小說時，他只注意情節；重讀後發現，開頭反覆出現的雨聲預示人物後來的離別。重讀帶來什麼效果？","證明第一次閱讀完全沒有價值","讓讀者不必再注意後續情節","顯示作者只用雨聲交代天氣","重新閱讀使先前細節產生新的篇章意義","3","重新閱讀使先前細節產生新的篇章意義","","重讀讓開頭的雨聲與後來離別形成照應，使原本的景物細節顯出預示作用。答案D「重新閱讀使先前細節產生新的篇章意義」。","[""先分辨初讀與重讀時注意到的線索。"",""雨聲不只交代天氣，還與後文離別相互呼應。"",""因此新的理解來自重新組織篇章線索，不是取消初讀或忽略情節。""]","把開頭雨聲和後文離別連起來看；重讀讓早先細節與後續事件形成照應，而不是證明初讀毫無價值。","[]","","","","","","","","","","","","","","",""
"CHI-0505","國文","原創會考程度練習","","","九年級上","閱讀與語文應用","查證與資訊可信度","中等","素養題","編輯不確定一張舊照片的拍攝年份，先在圖說標示「年代待考」，查到典藏紀錄後才補上年份。這樣處理主要展現什麼？","區分已確認資訊與待查資訊，查證後再定稿","遇到疑問時直接採用最常見的年份","圖說年份只要符合版面即可","查到新資料後仍保留猜測不作修訂","0","區分已確認資訊與待查資訊，查證後再定稿","","編輯先標明年代尚未確認，再依典藏紀錄補正，清楚區分暫定與核實資訊。答案A「區分已確認資訊與待查資訊，查證後再定稿」。","[""「年代待考」避免把推測冒充事實。"",""典藏紀錄提供可追查的來源，支持補上年份。"",""這是先標示不確定、再查證修訂，不是放棄查找。""]","「年代待考」先保留不確定性，典藏紀錄則提供可追查依據；查證後才更新，比猜一個常見年份可靠。","[]","","","","","","","","","","","","","","",""
"CHI-0506","國文","原創會考程度練習","","","九年級上","閱讀與語文應用","標點符號","中等","素養題","下列句子中，標點使用最恰當的是哪一項？","老師提醒大家：先核對資料、再下結論。","他問：「這份資料的來源可靠嗎？」大家便開始查證。","她說；「我會再確認一次。」","今天的討論很熱烈，。最後仍決定延期。","1","他問：「這份資料的來源可靠嗎？」大家便開始查證。","","直接引語以冒號引出，問句內容以問號收尾，再用引號標示；其餘選項有標點位置或搭配不當。答案B「他問：『這份資料的來源可靠嗎？』大家便開始查證。」","[""先確認「他問」後面接的是直接引語。"",""冒號引出說話內容，問號表示引語本身是問句，句末引號標示引語結束。"",""引語後接「大家便開始查證」，句意與標點都完整。""]","直接引語的標點要看引語本身的語氣：本句是問句，問號放在引號內；不要把敘述句的句號移到引號外。","[]","","","","","","","","","","","","","","",""
"CHI-0507","國文","原創會考程度練習","","","九年級上","閱讀與語文應用","成語運用","中等","素養題","下列成語使用何者恰當？","他不懂裝懂，卻說自己不恥下問。","大家在事故後安居樂業地撤離現場。","他每天讀書，終於守株待兔地考上理想學校。","圖表和文字說明互相補充，使報告內容相得益彰。","3","圖表和文字說明互相補充，使報告內容相得益彰。","","「相得益彰」指兩者互相配合，使彼此的效果更好，用來形容圖表和文字互補恰當。答案D「圖表和文字說明互相補充，使報告內容相得益彰」。","[""先判斷成語的意思，再檢查它和句中情境是否相合。"",""「相得益彰」描述兩種事物互相補充、使效果更好。"",""圖表與文字說明確實能互補；其他句子的成語與情境不合。""]","成語題不能只看字面熟悉度；先掌握「互相配合、效果更好」的語意，再核對句中兩項事物是否真的互補。","[]","","","","","","","","","","","","","","",""
"CHI-0508","國文","原創會考程度練習","","","九年級上","閱讀與語文應用","比喻與德性理解","基礎","素養題","《論語》：「知者樂水，仁者樂山。」句中把知者與水、仁者與山分別聯繫，最直接呈現什麼？","所有人都只能選擇山居住","人應依地形決定道德高低","水比山更適合讀書","智者與仁者各有不同的特質","3","智者與仁者各有不同的特質","","原句分別把知者與水、仁者與山相聯繫，呈現兩種德性各有對應的自然意象與特質。 答案為「智者與仁者各有不同的特質」。","[""找出句中兩組對應：知者與水、仁者與山。"",""作者以兩種自然意象分別呈現知者、仁者的不同特質。"",""原句沒有談地理選擇，也沒有比較誰的道德較高。""]","辨認兩組對應「知者—水」「仁者—山」即可掌握句面；不要把自然意象誤讀成地理規定或道德排名。","[]","","","","","","","","","","","","","","",""
"CHI-0509","國文","原創會考程度練習","","","九年級上","閱讀與語文應用","詩句情感理解","中等","素養題","杜甫《春望》寫「烽火連三月，家書抵萬金」，最能表現戰亂中何種感受？","戰亂阻隔中，家人音訊格外珍貴","戰事已經結束，百姓生活安定","作者只關心信件的金錢價格","收到家書便能立刻停止戰爭","0","戰亂阻隔中，家人音訊格外珍貴","","「烽火」指戰事，「家書抵萬金」以誇飾寫出戰亂中親人消息的珍貴，流露思念與憂切。答案A「戰亂阻隔中，家人音訊格外珍貴」。","[""理解「烽火」所指的戰亂背景。"",""在長期戰事中，家人分隔，書信消息難得。"",""「抵萬金」是誇飾家書珍貴，不是實際標價或停止戰爭。""]","把「烽火」的戰亂背景和「家書抵萬金」的誇飾合讀；重點是親人消息難得，不要把萬金解成實際售價。","[]","","","","","","","","","","","","","","",""
"CHI-0510","國文","原創會考程度練習","","","九年級上","閱讀與語文應用","回饋與自我修正","中等","素養題","一名同學練習演說後，先聽同伴指出停頓太少，再把錄音逐段重聽並修改。這組行動最能說明什麼？","只要收到稱讚便不必再練習","利用回饋與檢查持續改進","錄音可以取代所有準備","同伴意見一定全部正確","1","利用回饋與檢查持續改進","","同學先聽回饋、再檢查錄音並修改，顯示把外部意見與自我檢核結合來進步。 答案為「利用回饋與檢查持續改進」。","[""整理行動次序：聽建議、重聽錄音、修改。"",""他沒有只接受或拒絕意見，而是回到實際表現檢查。"",""這能支持持續改進，不能推成錄音取代準備。""]","依序看同伴回饋、重聽錄音、實際修改；他用錄音檢查意見是否對應表現，不是盲目接受所有建議。","[]","","","","","","","","","","","","","","",""
"CHI-0511","國文","原創會考程度練習","","","九年級上","閱讀與語文應用","公告條件判斷","基礎","素養題","公告：「手作教室每場 20 人，需先線上報名；若報名人數未滿 8 人，課程取消並退費。」目前報名 7 人，課程會如何處理？","再增加 20 人後才能開課","照常開課且不退費","取消課程並退費","改成候補但不通知報名者","2","取消課程並退費","","公告設定未滿 8 人便取消並退費，目前 7 人符合取消條件。 答案為「取消課程並退費」。","[""確認最低開課人數是 8 人。"",""目前報名 7 人，少於 8 人。"",""依公告應取消課程並退費。""]","「未滿 8 人」是嚴格小於 8；目前 7 人符合條件，依公告取消並退費，不要把容量上限 20 當最低門檻。","[]","","","","","","","","","","","","","","",""
"CHI-0512","國文","原創會考程度練習","","","九年級上","閱讀與語文應用","公告時序資訊判讀","中等","素養題","通知寫：「集合時間 8:00，車輛 8:20 出發；若遇大雨，改於 8:40 出發，活動開始時間維持 10:00。」下雨時，哪項資訊仍不變？","集合時間延後至 8:40","車輛仍於 8:20 出發","活動開始時間為 8:40","活動開始時間維持 10:00","3","活動開始時間維持 10:00","","雨天只調整車輛出發時間為 8:40，通知明確說活動開始時間維持 10:00。答案D「活動開始時間維持 10:00」。","[""區分集合時間、出發時間與活動開始時間。"",""雨天條件只把出發時間改成 8:40。"",""「活動開始時間維持 10:00」說明不變的是活動開始時間。""]","分別標出集合、出發和活動開始三個時間；雨天只改車輛出發時間，原文明說活動仍是 10:00。","[]","","","","","","","","","","","","","","",""
"CHI-0513","國文","原創會考程度練習","","","九年級上","閱讀與語文應用","細節與人物態度","基礎","素養題","「窗台上的種子沒有立刻發芽，孩子每天仍替它澆水，並在日記記下土壤的變化。」這段描寫最能呈現什麼？","因為沒有發芽便停止照顧","種子已經確定死亡","孩子只在意日記是否漂亮","耐心觀察並持續照料","3","耐心觀察並持續照料","","種子未立即發芽，孩子仍持續澆水、記錄變化，呈現耐心照顧與觀察。答案D「耐心觀察並持續照料」。","[""注意「仍」字連接未發芽與持續照料。"",""每天澆水、記錄土壤變化顯示持續觀察。"",""題幹沒有證據證明種子死亡或孩子只在意日記外觀。""]","「沒有立刻發芽」後接「仍每天澆水並記錄」，這個持續行動支持耐心照料，不足以判定種子已死。","[]","","","","","","","","","","","","","","",""
"CHI-0514","國文","原創會考程度練習","","","九年級上","閱讀與語文應用","文言詞義","基礎","素養題","《核舟記》寫「舟首尾長約八分有奇」，其中「有奇」表示什麼？","形狀奇特","還有餘數，超過整數的部分","另外一艘船","船身左右不對稱","1","還有餘數，超過整數的部分","","「八分有奇」是說船身約八分長，還有零數；「奇」指整數以外的餘數。答案B「還有餘數，超過整數的部分」。","[""把「奇」放回數量詞「八分有奇」中理解。"",""整體意思是約八分長，另有多出的零數。"",""此處不是形狀奇特，而是古文表示零數、餘數的用法。""]","用「八分有奇」的數量語境判斷「奇」為零數、餘數；不要只看到現代「奇特」就照字面猜。","[]","","","","","","","","","","","","","","",""
"CHI-0515","國文","原創會考程度練習","","","九年級上","閱讀與語文應用","詩歌情感","基礎","素養題","「列車啟動後，他仍站在月台，直到車窗裡的揮手消失才轉身。」這段敘述主要表現什麼？","對搭車流程感到不耐煩","只在意列車是否準點","送別後留戀，久久不願離開","打算立刻追上列車","2","送別後留戀，久久不願離開","","他一直等到車窗中的揮手消失才轉身，停留的行動寫出送別後的留戀。答案C「送別後留戀，久久不願離開」。","[""注意轉身的時間點：揮手消失以後。"",""持續站在月台顯示他仍關注離去的人。"",""敘述重點是送別情緒，不是交通資訊或追車行動。""]","他等到車窗揮手消失才轉身，延長停留的動作直接表現送別後留戀；沒有追車或看時刻表的線索。","[]","","","","","","","","","","","","","","",""
"CHI-0516","國文","原創會考程度練習","","","九年級上","閱讀與語文應用","流程資訊統整","中等","素養題","「每逢週四先檢查器材，再依清單分組；活動結束後，則由各組歸位並簽名。」這段規則的安排順序是什麼？","先簽名，再決定是否舉辦活動","只在器材遺失後才整理","活動中才臨時尋找器材","活動前檢查與分組，活動後歸位確認","3","活動前檢查與分組，活動後歸位確認","","規則先說活動前檢查器材、分組，接著說活動後歸位並簽名，呈現完整前後流程。 答案為「活動前檢查與分組，活動後歸位確認」。","[""找出時間提示：「每逢週四」與「活動結束後」。"",""前者安排檢查與分組，後者安排歸位、簽名。"",""不是臨時找器材或遺失後才整理。""]","依時間詞排流程：週四活動前檢查、分組；活動結束後歸位、簽名。注意兩段要求發生在不同階段。","[]","","","","","","","","","","","","","","",""
"CHI-0517","國文","原創會考程度練習","","","九年級上","閱讀與語文應用","論據與建議","中等","素養題","一篇評論先引用店家營業時間，再訪問居民對夜間噪音的看法，最後提出調整戶外座位的建議。作者的建議主要依據什麼？","營業資訊與居民回饋","店家招牌的顏色","作者個人喜歡哪種椅子","與議題無關的旅遊經驗","0","營業資訊與居民回饋","","建議前提供店家營業資訊和居民噪音回饋，兩者是討論戶外座位安排的相關依據。 答案為「營業資訊與居民回饋」。","[""辨認建議前列出的兩種資料。"",""營業時間和居民回饋都與夜間座位使用相關。"",""其他選項不是文中提出的決策證據。""]","追蹤建議前列出的兩類相關依據：營業時間與居民噪音回饋；椅子顏色等無關細節不能支撐安排。","[]","","","","","","","","","","","","","","",""
"CHI-0518","國文","原創會考程度練習","","","九年級上","閱讀與語文應用","證據與偏好辨析","中等","素養題","評論者寫道：「我喜歡這個結論，但若資料不支持，就不能只因它合意而接受。」這段話表現何種態度？","只接受符合個人喜好的資料","讓證據優先於個人偏好，審慎檢查結論","結論只要令人愉快便不必核對","研究者不可以有任何情緒","1","讓證據優先於個人偏好，審慎檢查結論","","評論者承認自己偏好某個結論，但仍要求資料支持，顯示以證據而非合意與否作判準。答案B「讓證據優先於個人偏好，審慎檢查結論」。","[""注意轉折：喜歡結論不代表資料必然支持它。"",""評論者把證據是否充分當作接受結論的條件。"",""這是避免偏好左右判斷，不是要求研究者沒有情緒。""]","「我喜歡」是個人偏好，「若資料不支持」則是採納結論的證據門檻；作者要求後者優先。","[]","","","","","","","","","","","","","","",""
"CHI-0519","國文","原創會考程度練習","","","九年級上","閱讀與語文應用","資訊比較與主旨應用","中等","素養題","甲方案能在一天內完成，但需要大量一次性材料；乙方案需兩天，能重複使用器材。若文章主旨是減少廢棄物，較符合主旨的是哪個方案？","甲方案","兩方案都與廢棄物無關","乙方案","只依完成速度決定","2","乙方案","","題目指定減少廢棄物，乙方案的器材可重複使用，較符合這項目標；完成時間較短不是指定主旨。 答案為「乙方案」。","[""先確認判斷標準：減少廢棄物。"",""比較兩方案的材料使用方式。"",""乙可重複使用器材，較符合標準。""]","先固定題目給的評估標準「減少廢棄物」，再按可重複使用與一次性材料比較；不要以速度取代標準。","[]","","","","","","","","","","","","","","",""
"CHI-0520","國文","原創會考程度練習","","","九年級上","閱讀與語文應用","動作與情感推論","基礎","素養題","「紙船順著水面漂向橋下，岸邊的孩子一路小跑，直到再也看不見它。」這段描寫最能呈現孩子什麼心情？","厭倦並急著回家","擔心橋梁即將倒塌","不在意紙船去向","專注而依依不捨","3","專注而依依不捨","","孩子一路追看紙船直到消失，顯示他專注於紙船，也流露不捨。 答案為「專注而依依不捨」。","[""注意孩子「一路小跑」及「直到看不見」的持續行動。"",""他一直追看紙船，表示在意它的去向。"",""題幹沒有橋梁危險或厭倦的資訊。""]","由「一路小跑」且追到紙船消失推斷他在意紙船；持續目送支持依依不捨，不代表橋梁有危險。","[]","","","","","","","","","","","","","","",""
"CHI-0521","國文","原創會考程度練習","","","九年級上","閱讀與語文應用","路線公告與限制條件","中等","素養題","步道告示：「入口至觀景台全線 2.4 公里；因落石，1.65 公里處以後暫停通行，請勿越過封鎖線。」遊客目前可行至何處？","可走至 1.65 公里封鎖線，但不得越過","可以越過封鎖線走完全程","告示表示觀景台永久封閉","落石位置就是步道終點","0","可走至 1.65 公里封鎖線，但不得越過","","告示指出 1.65 公里處以後暫停通行，因此可走至封鎖線但不得越過；暫停也不代表永久封閉。答案A「可走至 1.65 公里封鎖線，但不得越過」。","[""找出通行限制的位置：1.65 公里處以後封閉。"",""辨認禁止事項：不得越過封鎖線。"",""告示寫的是暫停通行，不能推成永久封閉；全線終點仍在 2.4 公里處。""]","先定位 1.65 公里封鎖點，再讀清「以後暫停」和「勿越線」：可到封鎖線，不能跨過；全程仍是 2.4 公里。","[]","","","","","","","","","","","","","","",""
"CHI-0522","國文","原創會考程度練習","","","九年級上","閱讀與語文應用","敘事結構","中等","素養題","一篇人物專訪先寫受訪者目前的工作，再倒回童年經驗，最後回到他如何開始這份工作。這種敘事安排有何效果？","完全依時間順序從出生寫到現在","先呈現現況，再回溯經歷以補充原因","把結局隱藏到文章之外","只列出不同地點不交代事件","1","先呈現現況，再回溯經歷以補充原因","","文章先寫現在，再回溯童年，最後回到工作起點，透過倒敘補充人物經歷與現況的關聯。 答案為「先呈現現況，再回溯經歷以補充原因」。","[""標記敘事時間：現在、童年、工作起點。"",""先呈現現況，再回頭補充過去經歷。"",""因此不是單純從出生依序敘述。""]","按篇章時間順序標出現況、童年回溯、入行經過；先呈現現在再回頭補因由，並非從出生依序敘述。","[]","","","","","","","","","","","","","","",""
"CHI-0523","國文","原創會考程度練習","","","九年級上","閱讀與語文應用","詩句主旨","中等","素養題","蘇軾寫「人有悲歡離合，月有陰晴圓缺，此事古難全」，最想表達什麼？","只要努力便能讓月亮永遠圓滿","人應避免與親友相聚","人生與自然都有不完美的變化，應理解並接納","悲傷必定會永久持續","2","人生與自然都有不完美的變化，應理解並接納","","詩句以人的悲歡離合比照月亮陰晴圓缺，指出世事難以盡如人意，呈現理解與接納變化的態度。 答案為「人生與自然都有不完美的變化，應理解並接納」。","[""整理兩組變化：人的悲歡離合、月的陰晴圓缺。"",""兩者都會變化且難以永遠圓滿。"",""詩句不是要求避免相聚，也沒有說悲傷會永久持續。""]","平行對照人的悲歡離合與月亮陰晴圓缺，抓住「古難全」理解無法永遠圓滿，語氣是接納而非絕望。","[]","","","","","","","","","","","","","","",""
"CHI-0524","國文","原創會考程度練習","","","九年級上","閱讀與語文應用","詩句細節理解","中等","素養題","韓愈寫「天街小雨潤如酥，草色遙看近卻無」，「遙看」與「近卻無」形成的觀察差異是什麼？","草色只在夜晚看得見","遠處沒有草，近處草色濃密","小雨使草色立刻消失","遠看似有淡淡草色，走近反而不明顯","3","遠看似有淡淡草色，走近反而不明顯","","早春草色稀疏，遠望似有一層淡綠，走近卻不易看清，呈現視距造成的觀察差異。 答案為「遠看似有淡淡草色，走近反而不明顯」。","[""比較「遙看」和「近卻無」兩個視角。"",""遠處隱約看見草色，近看因草芽細疏而不明顯。"",""詩句沒有說草色消失或只在夜間可見。""]","對讀兩個視角詞「遙看／近卻無」：稀疏草芽遠看像淡綠、近看反而難辨，這是早春景色的細微差異。","[]","","","","","","","","","","","","","","",""
"CHI-0525","國文","原創會考程度練習","","","九年級上","閱讀與語文應用","情境推論","中等","素養題","某同學加入讀書小組後，開始準時完成閱讀紀錄，也會主動向組員請教不懂之處。這段經驗最能說明環境如何影響人？","同儕互動能提供習慣與學習方式的示範","團體會使每個人放棄獨立思考","只要加入團體就能保證成績滿分","請教別人代表沒有學習能力","0","同儕互動能提供習慣與學習方式的示範","","讀書小組提供規律紀錄與彼此請教的互動，可能幫助成員建立學習習慣，但不保證特定成績。 答案為「同儕互動能提供習慣與學習方式的示範」。","[""找出加入小組後的兩個變化：準時記錄、主動請教。"",""這些行動與同儕互動、學習示範相連。"",""題目不支持保證滿分或否定獨立思考。""]","只根據加入讀書小組後可見的兩項變化推論同儕示範；「可能幫助習慣」不能擴大成保證滿分。","[]","","","","","","","","","","","","","","",""
"CHI-0526","國文","原創會考程度練習","","","九年級上","閱讀與語文應用","工作溝通與規範","中等","素養題","新進編輯發現資深同事的表格標註不一致，便先確認格式規範，再禮貌詢問如何統一。這最能表現什麼？","為避免尷尬而默默沿用錯誤格式","先核對依據，再謙遜地提出疑問並學習","因資歷較淺就不應詢問工作規範","不必理解規範，只需照個人習慣處理","1","先核對依據，再謙遜地提出疑問並學習","","編輯先查格式規範，再以詢問確認做法，兼顧依據、尊重與主動學習。答案B「先核對依據，再謙遜地提出疑問並學習」。","[""他沒有直接批評同事，而是先找共同遵循的格式規範。"",""接著詢問如何統一，表示願意確認並學習。"",""這不是沉默照抄或只憑個人習慣決定。""]","注意處理順序：先查共同格式規範，再禮貌詢問如何統一；這同時保留依據、尊重與求證。","[]","","","","","","","","","","","","","","",""
"CHI-0527","國文","原創會考程度練習","","","九年級上","閱讀與語文應用","文言文教學觀","中等","素養題","《論語》：「不憤不啟，不悱不發。」對教師引導學生的方式有何提醒？","學生尚未思考時就不必教學","教師應直接公布所有答案","學生有思考意願、仍遇疑難時，再適時啟發","要求學生只靠背誦完成學習","2","學生有思考意願、仍遇疑難時，再適時啟發","","「憤」指心中努力求通卻未得，「悱」指想表達卻說不出；教師應在學生已思考、仍有疑難時適時引導。 答案為「學生有思考意願、仍遇疑難時，再適時啟發」。","[""理解「憤」是心求通而未得，「悱」是口欲言而未能。"",""原句提醒教師配合學生已思而未通、欲言未能的狀態，再給予啟發。"",""不是完全不教，也不是直接代替學生作答。""]","先辨「憤」為思求通而未得、「悱」為欲言而未能，再理解教師應在學生已思考的時候適度啟發。","[]","","","","","","","","","","","","","","",""
"CHI-0528","國文","原創會考程度練習","","","九年級上","閱讀與語文應用","回饋與自我修正","中等","素養題","球隊每次練習後都對照目標，記下有效策略與尚未改善之處，下次再調整訓練。這種循環最能說明什麼？","以練習後的檢視回饋下一次行動，持續修正","只要記錄便表示目標已經達成","把未改善之處隱藏起來避免討論","每次都完全照舊，不需參照結果","0","以練習後的檢視回饋下一次行動，持續修正","","球隊以練習結果檢視策略，再把發現帶入下一次訓練，形成回饋與修正的循環。答案A「以練習後的檢視回饋下一次行動，持續修正」。","[""先確認練習後記下的是有效處與待改進處。"",""下一次訓練會參考前次結果調整，形成循環。"",""單純記錄不代表達標，檢視的用途在於改善後續行動。""]","追蹤「檢查目標、記錄有效與待改處、下次調整」的循環；記錄本身不是達標，價值在回饋後續行動。","[]","","","","","","","","","","","","","","",""
"CHI-0529","國文","原創會考程度練習","","","九年級上","閱讀與語文應用","句意與主旨","中等","素養題","「歲月沒有替老屋保存原貌，卻留下每一代人生活過的痕跡。」這句話如何看待老屋的改變？","改變中也留下生活記憶","歲月會自動修復所有損壞","居住者不應在屋內生活","只有完全未變的建築才有價值","0","改變中也留下生活記憶","","句子承認老屋外貌隨歲月改變，同時指出變化也留下生活痕跡，呈現對記憶的珍視。 答案為「改變中也留下生活記憶」。","[""比較「沒有保存原貌」與「留下生活痕跡」。"",""作者沒有把改變全視為損失，也看見其中的記憶。"",""文句沒有說老屋會自動修復或不該居住。""]","留意「沒有保存原貌，卻留下痕跡」的轉折：作者同時承認改變並珍惜生活記憶，不把價值限定為外觀不變。","[]","","","","","","","","","","","","","","",""
"CHI-0530","國文","原創會考程度練習","","","九年級上","閱讀與語文應用","公告條件判讀","中等","素養題","公告：「操場施工期間，西側入口封閉；請改走東側通道。施工區域請勿停留，預計下週一恢復通行。」週日要進入操場，應如何做？","由西側入口進入並停留觀看","由東側通道進入，避開施工區","等待至週一才可使用任何入口","穿越施工區縮短路程","1","由東側通道進入，避開施工區","","週日仍在施工期間，西側入口封閉，應依公告改走東側並避開施工區。 答案為「由東側通道進入，避開施工區」。","[""確認施工期間及恢復通行時間。"",""週日尚未到下週一，施工規定仍有效。"",""依公告走東側通道，並勿停留施工區。""]","先判定週日仍在施工期間、尚未到下週一，再照指示改走東側並避開施工區；不能把恢復日當成全面停用前的唯一可用日。","[]","","","","","","","","","","","","","","",""
"CHI-0531","國文","原創會考程度練習","","","九年級上","閱讀與語文應用","公告資訊整合","基礎","素養題","展覽公告：「上午場與下午場分開驗票；持票者須依票面場次入場，上午場未使用的票不能改至下午場。」觀眾持上午場票但遲到，應如何理解規定？","可直接改用下午場入場","只要有票便可任意選場次","不能因遲到便推定可改用下午場","上午場票可在任何日期使用","2","不能因遲到便推定可改用下午場","","公告明定上午場未使用的票不能改至下午場，持票者不能自行更換場次。答案C「不能因遲到便推定可改用下午場」。","[""辨認票券限制依據票面場次驗票。"",""公告特別說明上午場未使用的票不能轉到下午場。"",""因此遲到不會自動產生改場權利。""]","依票面場次與未使用票不得改場兩條明文判斷；遲到是題目背景，不會自行改變公告條件。","[]","","","","","","","","","","","","","","",""
"CHI-0532","國文","原創會考程度練習","","","九年級上","閱讀與語文應用","詩歌情境理解","中等","素養題","〈木蘭詩〉寫「朔氣傳金柝，寒光照鐵衣」，主要透過哪些景物營造從軍環境？","熱鬧市集與明亮燈火","田園炊煙與春日花香","海潮聲與漁船燈光","夜間軍中聲響與寒冷光影","3","夜間軍中聲響與寒冷光影","","「金柝」是軍中夜間警戒聲響，「寒光」映照鐵甲，呈現寒冷而戒備的軍旅環境。 答案為「夜間軍中聲響與寒冷光影」。","[""辨認「金柝」與「鐵衣」等軍旅事物。"",""朔氣、寒光帶出夜間寒冷與警戒氣氛。"",""詩句沒有市集、田園或海港景象。""]","由「朔氣」「金柝」「鐵衣」辨認寒冷軍旅夜景；先理解詞語所指，再統整聲音與光影的環境效果。","[]","","","","","","","","","","","","","","",""
"CHI-0533","國文","原創會考程度練習","","","九年級上","閱讀與語文應用","資料處理方法","中等","素養題","「他把訪談錄音聽了三遍，將受訪者重複提到的細節標記出來，再回頭核對原始紀錄。」這套做法主要確保什麼？","整理出的重點有原始資料可查證","以重複次數取代所有判斷","只保留最符合自己想法的說法","避免讓讀者知道資料來源","0","整理出的重點有原始資料可查證","","反覆聽錄音、標記重複細節並核對原始紀錄，可使整理出的重點回到資料證據檢查。 答案為「整理出的重點有原始資料可查證」。","[""找出三個步驟：重聽、標記、核對。"",""核對原始紀錄能確認整理內容有據可查。"",""這不是選擇性保留或隱瞞來源。""]","把重聽、標記重複細節和回查原始紀錄連成核證流程；重複出現是線索，仍要回到原資料確認。","[]","","","","","","","","","","","","","","",""
"CHI-0534","國文","原創會考程度練習","","","九年級上","閱讀與語文應用","意象推論","基礎","素養題","「看似平靜的湖面下，水草仍隨暗流輕輕擺動。」這句話最能提醒讀者什麼？","湖面平靜就表示湖底沒有生命","表面狀態未必能呈現全部情況","水草只能在夜晚活動","暗流一定會造成洪水","1","表面狀態未必能呈現全部情況","","湖面看似平靜，水下仍有暗流與水草活動，形成表裡對照，提醒表面不一定呈現全部狀況。 答案為「表面狀態未必能呈現全部情況」。","[""注意「看似」與「仍」所形成的表裡差異。"",""表面平靜，但水下仍有活動。"",""句子沒有說暗流必然造成洪水或限定水草活動時間。""]","「看似平靜」和「水草仍擺動」呈現表面與內部不同；結論限於表面狀態未必完整，不推成洪水必然發生。","[]","","","","","","","","","","","","","","",""
"CHI-0535","國文","原創會考程度練習","","","九年級上","閱讀與語文應用","文言詞義","基礎","素養題","《核舟記》描述「各隱卷底衣褶中」，其中「隱」依語境最接近哪個意思？","隱瞞事實不讓人知道","離開原來位置","藏在、不明顯地呈現","躲避他人的追捕","2","藏在、不明顯地呈現","","此處寫衣褶藏在卷軸底部，描述雕刻細節的位置與呈現方式，「隱」指藏在其中。答案C「藏在、不明顯地呈現」。","[""先看「衣褶」與「卷底」的空間關係。"",""衣褶被刻在卷軸底部、不易直接看見。"",""因此「隱」描述藏在其中，不是隱瞞消息或逃避追捕。""]","以「衣褶」和「卷底」的空間位置判斷「隱」是藏在、不明顯呈現；此處不是隱瞞消息。","[]","","","","","","","","","","","","","","",""
"CHI-0536","國文","原創會考程度練習","","","九年級上","閱讀與語文應用","統計資料與推論範圍","中等","素養題","閱讀活動紀錄：32 位參加者中，24 位完成心得。活動報告沒有追蹤閱讀習慣或成績。下列何者可由紀錄支持？","參加者中有四分之三完成心得","完成心得使每位學生都愛上閱讀","未完成者都沒有閱讀書籍","活動已證明能提升學業成績","0","參加者中有四分之三完成心得","","24/32 約分為 3/4，紀錄能支持參加者中四分之三完成心得；沒有追蹤其他結果，不能推知閱讀習慣或成績。答案A「參加者中有四分之三完成心得」。","[""確認分母是 32 位參加者，分子是 24 位完成者。"",""24/32 約分為 3/4，得到完成比例。"",""報告未測量閱讀習慣與成績，不能把完成心得推成這些效果。""]","以 24 為完成者、32 為參加者計算比例並約分；結論只談完成心得，不能延伸到喜好或成績。","[]","","","","","","","","","","","","","","",""
"CHI-0537","國文","原創會考程度練習","","","九年級上","閱讀與語文應用","篇章結構與對比","中等","素養題","《岳陽樓記》先寫遷客騷人因天候變化而悲喜，再寫古仁人不受外境與個人處境左右。這樣安排主要用意是什麼？","由一般人受景物影響的情緒，引出古仁人超越個人得失的胸襟","證明晴天一定比雨天適合旅行","說明遷客騷人都不會欣賞風景","把文章焦點轉向各地天氣預報","0","由一般人受景物影響的情緒，引出古仁人超越個人得失的胸襟","","先寫遷客騷人因陰晴而悲喜，再以古仁人不受外物與個人遭遇牽動作對照，凸顯胸襟差異。答案A「由一般人受景物影響的情緒，引出古仁人超越個人得失的胸襟」。","[""整理篇章順序：先寫陰雨、晴明下遷客騷人的情緒反應。"",""接著以古仁人「不以物喜，不以己悲」形成對照。"",""對照引出不被外境左右的胸襟，不是在比較天氣或預報。""]","先概括遷客騷人隨陰晴而悲喜，再對讀古仁人不以物喜、不以己悲；篇章用前者作對照凸顯後者胸襟。","[]","","","","","","","","","","","","","","",""
"CHI-0538","國文","原創會考程度練習","","","九年級上","閱讀與語文應用","規則推理","中等","素養題","圖書館公告：「借書可續借一次；若該書已有其他讀者預約，則不能續借。」小芸借的兩本書中，一本無人預約，另一本已有預約。她最多可續借幾本？","2 本","1 本","3 本","0 本","1","1 本","","無人預約的書可續借一次，已有人預約的書不能續借，因此最多續借 1 本。 答案為「1 本」。","[""分別套用兩本書的預約狀態。"",""無人預約的一本符合續借條件。"",""已被預約的一本不能續借，故最多 1 本。""]","逐本套用預約狀態：無人預約可續借一次，已有預約不可續借；兩本條件不同，分開計數。","[]","","","","","","","","","","","","","","",""
"CHI-0539","國文","原創會考程度練習","","","九年級上","閱讀與語文應用","描寫效果","基礎","素養題","「燈一盞盞熄滅，操場邊只剩掃地聲陪著晚自習的學生。」這句話主要運用哪種寫作效果？","以對話交代學生的考試成績","用數據說明校園照明效率","以環境聲音襯托夜晚的寧靜","比較兩所學校的設備","2","以環境聲音襯托夜晚的寧靜","","燈光逐漸熄滅、只留下掃地聲，透過減少的聲光描寫襯托夜晚校園的寧靜。 答案為「以環境聲音襯托夜晚的寧靜」。","[""先找出景物變化：燈一盞盞熄滅。"",""聲音只剩掃地聲，使環境顯得安靜。"",""題句沒有對話、數據或校際比較。""]","注意燈光逐漸消失、最後只剩掃地聲的聲光變化；單一微弱聲音反襯周圍夜晚的靜。","[]","","","","","","","","","","","","","","",""
"CHI-0540","國文","原創會考程度練習","","","九年級上","閱讀與語文應用","借鏡與自我修正","中等","素養題","實習生看到同事把複雜流程整理成清單，便學習其做法；遇到同事漏掉檢核時，也回頭檢查自己的工作表。這呈現哪種學習方式？","只模仿資深同事，不檢查成效","把他人的優缺點都當成固定標準","從他人做法取長補短，也據此檢視自己","只記住他人失誤並用來責備對方","2","從他人做法取長補短，也據此檢視自己","","實習生學習清單做法，也因看到漏檢而檢查自己的工作表，將他人的長處與不足都轉化為自我改進線索。答案C「從他人做法取長補短，也據此檢視自己」。","[""第一個行動是學習有效的清單整理方法。"",""第二個行動是看到漏檢後反查自己的表格。"",""因此他同時借鏡可取做法、檢討可能疏漏，不是盲目照搬或責備。""]","區分兩個借鏡：學習清單的長處，看到漏檢後反查自己的表格；把他人經驗轉成自我改進，不是照搬或責備。","[]","","","","","","","","","","","","","","",""
"CHI-0541","國文","原創會考程度練習","","","九年級上","閱讀與語文應用","細節與主旨推論","中等","素養題","「他把散落的照片按年份排好，才發現父親每年都在同一棵樹下等他放學。」這個發現最可能帶來什麼理解？","重複的日常細節呈現長久的陪伴","父親不曾參與孩子的生活","照片排列證明父親每年都搬家","樹木每年都更換位置","0","重複的日常細節呈現長久的陪伴","","按年份排列後看見父親年年在同一處等候，重複的日常行動顯示長期陪伴。 答案為「重複的日常細節呈現長久的陪伴」。","[""留意「每年」與「同一棵樹下」兩個重複線索。"",""多年持續等候呈現穩定的陪伴。"",""文中沒有搬家、缺席或樹木移動的資訊。""]","按年份整理後才看出「每年、同一棵樹下」的重複模式；推論長久陪伴有根據，但不延伸到未提及的搬家或生活細節。","[]","","","","","","","","","","","","","","",""
"CHI-0542","國文","原創會考程度練習","","","九年級上","閱讀與語文應用","朗讀表現與文本理解","中等","素養題","她把自己的朗讀錄音與教師標註並排，發現停頓處正好切斷句意，便重新練習整句。這段敘述主要表現什麼？","認為朗讀只要聲音洪亮就好","根據錄音與標註檢視問題並調整表現","朗讀時不必理解句子意思","教師標註不需核對便一定正確","1","根據錄音與標註檢視問題並調整表現","","她以錄音和教師標註比對實際停頓，確認影響句意的地方後重新練習，呈現依據回饋調整表現。答案B「根據錄音與標註檢視問題並調整表現」。","[""比對錄音與標註，定位朗讀停頓造成的問題。"",""她把停頓放回整句語意中檢查，而不是只追求音量。"",""重新練習是依據檢查結果調整，不代表所有標註都無須確認。""]","把錄音中的實際停頓與教師標註並排，再回到整句語意檢查；標註是參照，仍要理解句子後調整。","[]","","","","","","","","","","","","","","",""
"CHI-0543","國文","原創會考程度練習","","","九年級上","閱讀與語文應用","文言詞義","基礎","素養題","《桃花源記》寫「尋向所誌，遂迷，不復得路」，其中「誌」依上下文指什麼？","志向與抱負","地方官員的姓名","記下的標記或記號","眾人共同的意見","2","記下的標記或記號","","漁人回去尋找先前做過的記號，卻迷路找不到，故「誌」指記下的標記。答案C「記下的標記或記號」。","[""先看後句「遂迷，不復得路」交代尋找結果。"",""漁人尋的是先前留下、可辨識路線的記號。"",""此處「誌」不是內心志向或人物姓名。""]","用「尋向所誌」及後文迷路判斷漁人尋找的是先前留下的路線記號；此處「誌」不是志向。","[]","","","","","","","","","","","","","","",""
"CHI-0544","國文","原創會考程度練習","","","九年級上","閱讀與語文應用","公告規則與例外整合","基礎","素養題","社區中心公告：「成人課與兒童課分開報名；額滿後可登記候補。候補者須等候通知，不可直接到場要求入班。」下列哪項符合規定？","額滿者可直接帶朋友入班","候補者可在開課當天自行入班","兒童課額滿後自動轉報成人課","額滿後先登記候補，收到通知再依安排入班","3","額滿後先登記候補，收到通知再依安排入班","","公告要求額滿者先登記候補，並等候通知，不能自行到場要求入班。答案D「額滿後先登記候補，收到通知再依安排入班」。","[""找出額滿後的處理方式：登記候補。"",""再確認候補者必須等候通知，不能自行到場要求入班。"",""選項D完整符合登記與等候通知兩項規定。""]","額滿後須依序「登記候補、等候通知」；成人課與兒童課分開報名，不能自行轉班或到場要求入班。","[]","","","","","","","","","","","","","","",""
"CHI-0545","國文","原創會考程度練習","","","九年級上","閱讀與語文應用","詩句概括理解","中等","素養題","《木蘭詩》「將軍百戰死，壯士十年歸」以簡短兩句概括長期征戰，主要呈現什麼？","戰爭漫長且充滿生死變化","所有將士都能平安返鄉","戰事只持續十天","木蘭從未參與戰鬥","0","戰爭漫長且充滿生死變化","","兩句以將士戰死與有人多年後歸來形成對照，呈現長期戰爭的艱苦與生死無常。 答案為「戰爭漫長且充滿生死變化」。","[""找出「百戰死」和「十年歸」的差異。"",""一部分將士犧牲，另一部分多年後才回家。"",""詩句沒有說人人平安或戰事僅十天。""]","將「百戰死」與「十年歸」合讀，注意有人犧牲、有人多年後返家的對照；「十年」不等於只打十天。","[]","","","","","","","","","","","","","","",""
"CHI-0546","國文","原創會考程度練習","","","九年級上","閱讀與語文應用","論述與方法判讀","中等","素養題","「即使初稿還有不少缺點，編輯仍先肯定作者完成查證，再逐條說明需要補強之處。」這段敘述呈現什麼回饋方式？","只批評缺點而不說明理由","先指出可取之處，再提出具體改進方向","因為有缺點便否定所有努力","不看內容就直接稱讚","1","先指出可取之處，再提出具體改進方向","","編輯先肯定查證工作，再具體指出待補強處，兼顧正向回饋與可執行修改。 答案為「先指出可取之處，再提出具體改進方向」。","[""辨認回饋的順序：肯定已完成的查證，再指出缺點。"",""後續逐條說明讓修改方向具體。"",""這不是全盤否定，也不是不看內容的空泛稱讚。""]","辨認回饋的兩部分及順序：先肯定已完成的查證，再逐條列出待補強處；具體建議比空泛稱讚更可執行。","[]","","","","","","","","","","","","","","",""
"CHI-0547","國文","原創會考程度練習","","","九年級上","閱讀與語文應用","敘事行動與人物態度","中等","素養題","「原先答應星期五交稿，因為引文尚待核對，他先通知編輯並說明改於星期一提交。」這段行動最能表現什麼？","為了趕期限而省略引文查核","不告知對方，等星期一才補交","兼顧資料正確與溝通責任，主動說明調整","把延遲完全歸咎於編輯","2","兼顧資料正確與溝通責任，主動說明調整","","他沒有為趕期限略過查核，而是先告知編輯並說明新期限，兼顧正確性與溝通責任。答案C「兼顧資料正確與溝通責任，主動說明調整」。","[""找出改期原因：引文尚未核對。"",""注意他在原期限前先通知並提出新提交時間。"",""這顯示負責任地兼顧查證與溝通，不是隱瞞或推責。""]","改期原因是引文仍待查核，且他先通知並提出新日期；兩項行動分別支持資料責任與溝通責任。","[]","","","","","","","","","","","","","","",""
"CHI-0548","國文","原創會考程度練習","","","九年級上","閱讀與語文應用","篇章安排與目的","中等","素養題","一篇訪談先讓兩位居民分別說明搬遷前後的生活，再整理共同提到的交通變化。作者這樣安排最可能是為了什麼？","只介紹交通工具的價格","證明所有居民感受完全相同","避免讀者比較搬遷前後","呈現不同經驗並歸納共同觀察","3","呈現不同經驗並歸納共同觀察","","先呈現不同居民的經驗，再歸納共同提及的交通變化，兼顧個別感受與共同趨勢。 答案為「呈現不同經驗並歸納共同觀察」。","[""找出兩個段落功能：分別訪談、歸納共同變化。"",""先保留個別經驗，再整理交集。"",""不能由此推成所有人感受完全相同。""]","分清先呈現的個別居民經驗與後續歸納的交通共通點；歸納交集不代表所有人感受完全相同。","[]","","","","","","","","","","","","","","",""
"CHI-0549","國文","原創會考程度練習","","","九年級上","閱讀與語文應用","典故主旨","中等","素養題","塞翁的馬走失，後來帶回良馬；兒子騎馬受傷，卻因此避開徵兵。這段故事最能說明什麼？","禍福可能互相轉化，難以只看眼前判定","受傷總是帶來好處","失去財物必定永遠無法彌補","只要等待就一定能獲得財富","0","禍福可能互相轉化，難以只看眼前判定","","走失帶來良馬、受傷又使兒子免於徵兵，故事中禍福接連轉化，提醒不宜只按眼前得失下定論。 答案為「禍福可能互相轉化，難以只看眼前判定」。","[""整理事件變化：失馬後得馬，受傷後避開徵兵。"",""同一事件的後果有得有失，禍福可能轉化。"",""故事不表示受傷必有好處，也不保證等待即可致富。""]","按事件先後追蹤失馬得馬、受傷避徵的結果轉化；寓意是眼前禍福難定，不是每次受傷都會帶來好處。","[]","","","","","","","","","","","","","","",""
"CHI-0550","國文","原創會考程度練習","","","九年級上","閱讀與語文應用","通知時間條件判讀","中等","素養題","展館通知：「上午導覽遇團體預約時，散客場順延一場；若無團體預約，仍按原時刻表進行。」今天有團體預約，散客應如何安排？","不必確認通知，照常入場","依規定順延一場，再確認新的散客場時間","散客場永久取消","直接參加團體預約場","1","依規定順延一場，再確認新的散客場時間","","通知說有團體預約時散客場順延一場，未說散客可直接加入團體場或導覽永久取消。答案B「依規定順延一場，再確認新的散客場時間」。","[""先判斷例外條件：今天有團體預約。"",""符合條件時散客場順延一場。"",""通知未提供新時刻，因此需再確認時間，不能自行推定場次取消或併入團體。""]","先確認團體預約觸發了散客場順延，再注意公告沒給出新時間；因此可判斷處理方式，仍須另查實際時刻。","[]","","","","","","","","","","","","","","",""
"CHI-0551","國文","原創會考程度練習","","","九年級上","閱讀與語文應用","資料分類與文本解讀","中等","素養題","整理歷史資料時，他把事件日期與人物立場分欄記錄；比對後發現兩份看似矛盾的紀錄，其實描述不同時期。這種整理有何作用？","證明兩份資料必有一份造假","只保留符合自己立場的紀錄","把不同層次的資訊分類比對，釐清表面矛盾","用事件日期取代對人物立場的分析","2","把不同層次的資訊分類比對，釐清表面矛盾","","把日期與人物立場分開比較，讓他確認兩份紀錄指向不同時期，化解了表面上的矛盾。答案C「把不同層次的資訊分類比對，釐清表面矛盾」。","[""注意他沒有只按表面措辭判定兩份紀錄互相衝突。"",""日期與人物立場分欄，協助比較各自描述的範圍。"",""整理後發現它們屬於不同時期，說明分類比對有助釐清資訊。""]","把日期與人物立場分欄後再比對，才能看出兩份紀錄描述不同時期；表面不一致不必然表示造假。","[]","","","","","","","","","","","","","","",""
"CHI-0552","國文","原創會考程度練習","","","九年級上","閱讀與語文應用","文言文寓意","基礎","素養題","《論語》：「君子欲訥於言而敏於行。」最接近哪種處事原則？","遇事都不應說明想法","先承諾再考慮能否做到","只要說得流利便代表有成果","少說空話，重視實際行動","3","少說空話，重視實際行動","","「訥於言」指言語謹慎，「敏於行」指行動勤快，強調少誇口、多實踐。 答案為「少說空話，重視實際行動」。","[""先辨認「言」與「行」兩方面。"",""句子將謹慎說話與勤於行動相對照。"",""重點是言行取捨，不是禁止溝通。""]","對照「訥於言」與「敏於行」：說話謹慎、行動勤快；格言勸人重實踐，不是禁止說明想法。","[]","","","","","","","","","","","","","","",""
"CHI-0553","國文","原創會考程度練習","","","九年級上","閱讀與語文應用","需求整合與公共參與","中等","素養題","社區新設閱讀角時，志工先確認自己的使用需求，也一併詢問長者與兒童需要的座椅和書籍，再共同安排空間。這最能呈現什麼？","規劃公共空間時兼顧自己與不同使用者的需求","只要志工決定便不必聽取使用者意見","為了公平而取消所有人的使用需求","只依長者需求安排，排除兒童使用","0","規劃公共空間時兼顧自己與不同使用者的需求","","志工先整理自身需求，也聽取長者和兒童的使用需求，呈現規劃公共空間時兼顧不同使用者。答案A「規劃公共空間時兼顧自己與不同使用者的需求」。","[""找出志工納入考量的對象：自己、長者與兒童。"",""座椅與書籍配置都依實際使用情境討論。"",""這不是單一群體決定，也不是取消差異，而是納入多方需求。""]","列出規劃時納入的三方：志工、長者、兒童；座椅與書籍依使用需求共同安排，並非由單一群體壟斷。","[]","","","","","","","","","","","","","","",""
"CHI-0554","國文","原創會考程度練習","","","九年級上","閱讀與語文應用","論點協調與溝通","中等","素養題","編輯會議中，成員同意文章主題，卻對標題是否誇大有不同看法；大家提出例證後，修訂出各方都接受的標題。這段情境呈現什麼？","只要主題一致，標題便不需查證","能尊重差異，仍以理由協調出共同方案","為避免爭論，隱瞞對標題的疑慮","不同意見代表成員無法合作","1","能尊重差異，仍以理由協調出共同方案","","成員保留不同判斷，並用例證修訂標題，最後形成共同方案，顯示尊重差異且能理性協調。答案B「能尊重差異，仍以理由協調出共同方案」。","[""辨認共同點與分歧：主題一致，但對標題是否誇大有異議。"",""成員以例證處理分歧，沒有壓下意見或互相排斥。"",""共同修訂顯示協調基於理由，不要求起初看法完全相同。""]","區分「主題一致」與「標題有分歧」兩層，再看成員用例證修訂；合作不要求起初每人看法相同。","[]","","","","","","","","","","","","","","",""
"CHI-0555","國文","原創會考程度練習","","","九年級上","閱讀與語文應用","成語語意辨析","基礎","素養題","《論語》：「過猶不及。」最適合用來提醒人們什麼？","只要少做就不會犯錯","事情做得越多就一定越好","做事要拿捏分寸，過多或不足都不恰當","每個人都應採取完全相同的方式","2","做事要拿捏分寸，過多或不足都不恰當","","「過」與「不及」分別指過度與不足，句子提醒做事需適度。 答案為「做事要拿捏分寸，過多或不足都不恰當」。","[""理解「過」是超過，「不及」是不足。"",""兩者都偏離適當的程度。"",""因此應衡量情況，不是越多或越少越好。""]","「過」是過度，「不及」是不足，兩端都偏離適當程度；重點在拿捏分寸，而非越多越好。","[]","","","","","","","","","","","","","","",""
"CHI-0556","國文","原創會考程度練習","","","九年級上","閱讀與語文應用","行動與態度推論","基礎","素養題","「他把競賽失利的原因逐項寫下，隔週訓練時挑一項先改。」這段行動最能呈現什麼？","把失敗歸咎於運氣","認為檢討會浪費時間","打算退出所有競賽","由反省轉成具體改進","3","由反省轉成具體改進","","他先分析失利原因，再選一項於下次訓練改善，呈現反省後採取具體行動。 答案為「由反省轉成具體改進」。","[""找出先後動作：記下原因、挑一項改進。"",""檢討結果被轉化為可執行的下一步。"",""題文沒有責怪運氣或放棄競賽。""]","按「記下原因→挑一項→下週訓練實作」讀出反省如何轉成具體改變；沒有退出或歸咎運氣的線索。","[]","","","","","","","","","","","","","","",""
"CHI-0557","國文","原創會考程度練習","","","九年級上","閱讀與語文應用","公告條件判讀","中等","素養題","市立圖書館公告：「自修室週三上午清潔，13:00 開放；其餘日期照常開放。遇颱風停班則全日暫停。」週三 10:00，且沒有停班，能否進入自修室？","不能，週三 13:00 才開放","可以，颱風條件不影響時間","不能，週三全日都不開放","可以，因為其餘日期照常","0","不能，週三 13:00 才開放","","週三上午清潔，公告指定 13:00 才開放；颱風停班條件未發生。 答案為「不能，週三 13:00 才開放」。","[""核對日期是週三、時間是 10:00。"",""週三清潔至 13:00 才開放，因此當時尚未開門。"",""不是全日關閉，因為颱風停班條件不成立。""]","同時核對星期、10:00 時刻與颱風停班條件；週三下午才開放，停班例外並未觸發。","[]","","","","","","","","","","","","","","",""
"CHI-0558","國文","原創會考程度練習","","","九年級上","閱讀與語文應用","說明文流程理解","中等","素養題","器材說明寫：「活動前先依清單檢查麥克風與電池；若電量不足，先更換電池並測試，再交給主持人。」正確流程為何？","先交主持人，再檢查電池是否可用","先檢查清單，必要時更換電池並測試，再交付","電量不足時直接取消所有設備檢查","只確認麥克風外觀，不必測試","1","先檢查清單，必要時更換電池並測試，再交付","","說明要求先按清單檢查，電量不足才換電池並測試，最後交給主持人。答案B「先檢查清單，必要時更換電池並測試，再交付」。","[""確認第一步是依清單檢查麥克風與電池。"",""只有電量不足時才更換電池，並在交付前測試。"",""交給主持人是最後一步，不能跳過測試。""]","依「檢查→必要時換電池→測試→交付」排序；換電池有條件，測試則在交給主持人前完成。","[]","","","","","","","","","","","","","","",""
"CHI-0559","國文","原創會考程度練習","","","九年級上","閱讀與語文應用","場景轉換與細節推論","中等","素養題","「她回到家先放下沾滿塵土的行囊，母親替她梳整髮髻；窗外的號角聲已遠去。」這組細節形成什麼對照？","家人拒絕接納遠行歸來者","號角聲表示戰爭就在家門口","旅途勞累與回家後親情照料的轉換","她即將再次離家執行任務","2","旅途勞累與回家後親情照料的轉換","","塵土行囊與遠去的號角提示旅途或任務剛結束，母親梳髮則呈現回家後的親情照料。答案C「旅途勞累與回家後親情照料的轉換」。","[""先讀出行囊上的塵土與號角遠去，暗示外出任務告一段落。"",""母親替她梳整頭髮，將場景轉回家庭照料。"",""對照是旅途與親情日常的轉換，不表示拒絕接納或再次出征。""]","由塵土行囊、遠去號角辨認旅途告一段落，再看母親梳髮轉入家庭照料；兩組細節形成場景與情感轉換。","[]","","","","","","","","","","","","","","",""
"CHI-0560","國文","原創會考程度練習","","","九年級上","閱讀與語文應用","報導數據與證據限制","中等","素養題","報導記錄某湖三日水位為 2.1、2.4、2.2 公尺，並指出同期有降雨，但未提供前期水位。下列哪項可由資料直接支持？","水位每天都持續上升","降雨是水位變化的唯一原因","湖水必定已達警戒線","三日中記錄的最高水位是 2.4 公尺","3","三日中記錄的最高水位是 2.4 公尺","","三個數值可直接比較，最高記錄是 2.4 公尺；資料沒有前期基準、警戒線或排除其他原因。答案D「三日中記錄的最高水位是 2.4 公尺」。","[""先區分明確紀錄與報導未提供的資訊。"",""三日數值中 2.4 公尺最大，這是可直接比較的事實。"",""沒有前期水位或警戒標準，不能推成每日上升、警戒或單一降雨因果。""]","先在 2.1、2.4、2.2 中找最大值，再守住「三日記錄」範圍；沒有警戒線或前期數據，不能推因果與趨勢。","[]","","","","","","","","","","","","","","",""
"CHI-0561","國文","原創會考程度練習","","","九年級上","閱讀與語文應用","細節推論","中等","素養題","收到朋友的信後，阿哲拿出回信紙，寫了幾個字又停下來；他把信紙折起又攤開，最後仍沒有寄出。這些動作最能推知什麼？","阿哲對如何回覆朋友仍猶豫","阿哲已經寄出回信","阿哲完全忘記信件內容","信紙因為淋雨而破損","0","阿哲對如何回覆朋友仍猶豫","","阿哲開始寫回信卻停下，反覆折起又攤開，最後沒有寄出，顯示他對如何回覆仍猶豫。 答案為「阿哲對如何回覆朋友仍猶豫」。","[""確認動作者是阿哲，且他正在寫回信。"",""寫了又停、反覆折起攤開並未寄出，支持他仍在猶豫。"",""題文沒有說他已寄出、忘記內容或信紙淋雨。""]","由「寫了又停、折起再攤開、最後未寄」這串動作推斷猶豫；沒有足夠線索確定他猶豫的具體原因。","[]","","","","","","","","","","","","","","",""
"CHI-0562","國文","原創會考程度練習","","","九年級上","閱讀與語文應用","文言詞義","基礎","素養題","陶弘景《答謝中書書》：「曉霧將歇，猿鳥亂鳴。」其中「歇」依語境最接近哪個意思？","停歇、不再活動","消散、散去","休息一整晚","遮蔽山林","1","消散、散去","","「曉霧將歇」與後文猿鳥鳴叫相連，描寫清晨霧氣將散去；「歇」指消散。答案B「消散、散去」。","[""先看主語「曉霧」及「將」表示即將發生。"",""清晨霧氣將散，景物逐漸顯現。"",""此處不是人物休息或遮蔽山林。""]","看「曉霧」作主語及「將」表即將，判斷霧氣將散；此處「歇」不是人物休息。","[]","","","","","","","","","","","","","","",""
"CHI-0563","國文","原創會考程度練習","","","九年級上","閱讀與語文應用","調查資料與推論範圍","中等","素養題","校刊調查 80 名學生：45 人希望延長圖書館開放時間，20 人希望增加座位，其餘未表態。這項調查能支持何者？","全校學生都支持延長開放時間","增加座位一定能提高借閱量","受訪者中有不同需求，也有人未表態","未表態者都反對圖書館改善","2","受訪者中有不同需求，也有人未表態","","調查只說明 80 位受訪者中有不同需求，且部分人未表態；不能推到全校或推斷未表態者的立場。答案C「受訪者中有不同需求，也有人未表態」。","[""確認資料對象是受訪的 80 名學生。"",""答案呈現兩種明確需求與未表態者並存。"",""調查未涵蓋全校，也沒有說明未表態者的原因或立場。""]","把結論限在 80 位受訪者：資料顯示有人提出兩種需求，也有人未表態；未表態不能當成反對。","[]","","","","","","","","","","","","","","",""
"CHI-0564","國文","原創會考程度練習","","","九年級上","閱讀與語文應用","修辭判斷","基礎","素養題","「火車穿過隧道後，窗外的田野突然亮了起來，像一幅展開的綠色長卷。」句中主要運用哪種修辭？","借代","排比","設問","譬喻","3","譬喻","","田野被比作展開的綠色長卷，將景色以具體畫卷呈現，屬譬喻。 答案為「譬喻」。","[""找出本體「田野景色」與喻體「綠色長卷」。"",""用「像」明確建立比喻關係。"",""句子沒有代稱、排比或提問。""]","「像」連接田野景色與綠色長卷，本體、喻體及比喻詞明確，是譬喻判斷線索。","[]","","","","","","","","","","","","","","",""
"CHI-0565","國文","原創會考程度練習","","","九年級上","閱讀與語文應用","主旨與論證","中等","素養題","某篇文章先描述河岸垃圾增加，再介紹居民自發清理，最後指出垃圾仍需源頭減量。作者主要想強調什麼？","清理之外，也要減少垃圾產生","只要清理一次就能永久解決問題","居民不應參與環境維護","河岸垃圾與生活習慣無關","0","清理之外，也要減少垃圾產生","","文章肯定居民清理，同時指出源頭減量仍重要，主張不只處理結果，也要減少垃圾產生。 答案為「清理之外，也要減少垃圾產生」。","[""找出最後提出的補充觀點：源頭減量。"",""清理處理已產生的垃圾，減量則預防垃圾增加。"",""作者沒有否定居民行動或生活習慣的影響。""]","把居民清理視為處理已產生垃圾，把源頭減量視為預防；文章肯定前者，但指出還需後者。","[]","","","","","","","","","","","","","","",""
"CHI-0566","國文","原創會考程度練習","","","九年級上","閱讀與語文應用","公告路線與時間限制","中等","素養題","步道公告：「全線 1.8 公里；今日 14:00 後因維護封閉北段，已在步道上的遊客請依工作人員指示由南口離開。」14:30 抵達的遊客應如何做？","由北段進入並穿越維護區","遵守封閉公告，不進入北段並依現場指示通行","公告只限制已在步道上的人，新遊客可自由進入","等到隔天也不必再查看公告","1","遵守封閉公告，不進入北段並依現場指示通行","","14:30 已超過北段封閉時間，新到遊客不應進入封閉區；公告也提醒依工作人員指示。答案B「遵守封閉公告，不進入北段並依現場指示通行」。","[""比對到達時間 14:30 與封閉時間 14:00。"",""北段已進入公告所列維護封閉時段。"",""應避免進入並依工作人員現場指示，不可把原路線長度當成通行許可。""]","比對 14:30 與 14:00 封閉時間，並遵守北段限制；「全線 1.8 公里」是路線長度，不是進入許可。","[]","","","","","","","","","","","","","","",""
"CHI-0567","國文","原創會考程度練習","","","九年級上","閱讀與語文應用","公共工程需求排序","中等","素養題","修繕老校舍時，團隊先處理漏水與無障礙坡道，再把外牆彩繪列入第二期。這個安排最能說明什麼？","外牆美觀永遠比建築安全重要","改善工程只需考慮校方經費","依使用安全與無障礙需求排序，兼顧後續美化","公共工程不應分期規劃","2","依使用安全與無障礙需求排序，兼顧後續美化","","團隊先處理漏水與無障礙通行等使用需求，再安排外牆美化，顯示以安全與可及性為優先。答案C「依使用安全與無障礙需求排序，兼顧後續美化」。","[""找出工程項目的先後次序：漏水與坡道在前，彩繪在後。"",""前兩項關係到使用安全和無障礙，應優先處理。"",""分期不等於不美化，而是依公共使用需求安排先後。""]","依工程先後辨認優先需求：漏水安全與無障礙坡道先處理，外牆彩繪排後；分期不等於取消美化。","[]","","","","","","","","","","","","","","",""
"CHI-0568","國文","原創會考程度練習","","","九年級上","閱讀與語文應用","規則條件與例外判讀","中等","素養題","活動規則：「每隊至少 5 人、至多 8 人；若有隊員臨時退出，須於報到前通知主辦單位，並由候補補足。」已有 6 人報名，其中一人退出，應如何處理？","不必通知，直接以 5 人參加","取消整隊資格，不可補人","由隊伍自行找人替換即可，不需告知","報到前通知主辦單位，依規定由候補補足","3","報到前通知主辦單位，依規定由候補補足","","規則要求隊員退出時在報到前通知主辦單位，並由候補補足；不能自行替換或忽略通知。答案D「報到前通知主辦單位，依規定由候補補足」。","[""找出退出隊員時適用的處理條件。"",""規則指定報到前通知主辦單位，候補補足。"",""自行找人或不通知都不符合公告流程。""]","臨時退出會觸發兩項程序：報到前通知主辦，並由候補補足；即使尚有 5 人，也不可自行略過公告程序。","[]","","","","","","","","","","","","","","",""
"CHI-0569","國文","原創會考程度練習","","","九年級上","閱讀與語文應用","論證態度推論","中等","素養題","「他沒有把朋友的建議照單全收，而是查證資料後保留其中有根據的部分。」這段行動最能表現什麼？","聽取意見並以證據判斷","只相信自己最初的想法","依朋友身分而非內容作決定","拒絕接受所有外界回饋","0","聽取意見並以證據判斷","","他先聽建議，再查證並依據證據取捨，呈現開放但不盲從的態度。 答案為「聽取意見並以證據判斷」。","[""注意他既未全盤接受，也沒有完全拒絕。"",""查證資料後保留有根據的內容。"",""判斷標準是證據，不是朋友身分。""]","「沒有照單全收」與「查證後保留有根據部分」合起來表示開放但審慎；依據是證據，不是朋友身分。","[]","","","","","","","","","","","","","","",""
"CHI-0570","國文","原創會考程度練習","","","九年級上","閱讀與語文應用","古今詞義","基礎","素養題","古文「遂與外人間隔」中的「間隔」依《桃花源記》語境指什麼？","短暫休息","隔絕、與外界不相往來","彼此爭吵","安排時間空檔","1","隔絕、與外界不相往來","","句中描述桃花源與外界長期分隔，「間隔」指隔絕、不相往來。 答案為「隔絕、與外界不相往來」。","[""放回桃花源與外界多年少有聯繫的語境。"",""此處表示彼此隔絕。"",""不是休息、爭吵或時間空檔。""]","依《桃花源記》與外界多年隔離的背景，判斷「間隔」為隔絕、不相往來；不是現代常說的時間空檔。","[]","","","","","","","","","","","","","","",""
"CHI-0571","國文","原創會考程度練習","","","九年級上","閱讀與語文應用","廣告條件與限制判讀","中等","素養題","商品廣告：「原價 1,500 元，會員九折；折價券 100 元限原價商品使用，不可與會員折扣併用。」會員持折價券購買時，如何適用優惠？","九折後再折 100 元","同時使用九折與折價券","須選擇會員九折或折價券其中一種","會員與非會員都不能使用任何優惠","2","須選擇會員九折或折價券其中一種","","廣告明訂折價券不可與會員折扣併用，因此須在兩種優惠中擇一；未提供更多條件供比較實際金額。答案C「須選擇會員九折或折價券其中一種」。","[""確認會員折扣與折價券分屬兩種優惠。"",""「不可併用」表示不能同時套用。"",""公告未要求一定選哪一種，故可確定的是擇一使用。""]","抓住「不可與會員折扣併用」這項明確限制；題目問使用方式，不需比較哪種優惠較省，也不能把兩者疊加。","[]","","","","","","","","","","","","","","",""
"CHI-0572","國文","原創會考程度練習","","","九年級上","閱讀與語文應用","詩歌意境","基礎","素養題","王維詩句「明月松間照，清泉石上流」描寫的景物組合，主要呈現什麼氛圍？","繁忙喧鬧","荒涼危險","緊張急促","清幽寧靜","3","清幽寧靜","","明月、松林與流泉構成安靜自然的夜景，整體氛圍清幽寧靜。 答案為「清幽寧靜」。","[""列出詩中的景物：明月、松林、清泉、石頭。"",""景物沒有喧鬧人群或急促動作。"",""因此畫面呈現清幽安靜的自然氛圍。""]","由明月、松林、清泉組成無喧鬧人事的自然景色，概括為清幽寧靜；不要把安靜誤讀成危險或荒涼。","[]","","","","","","","","","","","","","","",""
"CHI-0573","國文","原創會考程度練習","","","九年級上","閱讀與語文應用","說明資訊與保育提醒","中等","素養題","洞穴展牌寫：「鐘乳石由含礦物質的水滴逐層沉積形成，生長極慢；觸摸可能留下油脂，影響後續沉積。」展牌最想提醒遊客什麼？","避免觸摸鐘乳石，以免影響其緩慢形成過程","只要水滴停止，鐘乳石就會立即消失","洞穴內所有岩石都由油脂形成","遊客應折下樣本確認礦物成分","0","避免觸摸鐘乳石，以免影響其緩慢形成過程","","展牌指出鐘乳石形成緩慢，觸摸留下的油脂可能影響沉積，故提醒避免觸摸。答案A「避免觸摸鐘乳石，以免影響其緩慢形成過程」。","[""找出形成方式：含礦物質的水滴逐層沉積。"",""形成速度很慢，且接觸油脂可能影響後續沉積。"",""因此應避免觸摸或折取，不是把鐘乳石當場採樣。""]","連結鐘乳石形成緩慢與觸摸油脂影響沉積兩項說明，得出避免碰觸的保育提醒；別把警告擴成所有岩石皆不可接觸。","[]","","","","","","","","","","","","","","",""
"CHI-0574","國文","原創會考程度練習","","","九年級上","閱讀與語文應用","描寫氛圍判讀","基礎","素養題","「雨停後，屋簷還滴著水，巷口的孩子已經踩著水窪追逐倒映的雲。」這段描寫最能營造什麼氣氛？","暴風雨前緊張不安","雨後清新而活潑","深夜寂靜無人","乾燥炎熱而沉悶","1","雨後清新而活潑","","雨停、屋簷滴水與孩子追逐水窪中的雲，兼有雨後景物和活潑動作，營造清新活力。 答案為「雨後清新而活潑」。","[""找出雨後景物：屋簷滴水、水窪映雲。"",""孩子追逐倒影增加動態與活力。"",""情境不是暴雨、深夜或乾熱。""]","先讀雨停、滴水、水窪的清新景物，再看孩子追逐倒影的活潑動作；兩者合成雨後氣氛。","[]","","","","","","","","","","","","","","",""
"CHI-0575","國文","原創會考程度練習","","","九年級上","閱讀與語文應用","報導資料與條件推論","中等","素養題","回收報告寫：「五組都完成分類；其中一組的紙類受潮，已另外標記，尚未納入可回收數據。」讀者應如何理解該組資料？","受潮紙類已全部計入可回收量","五組都沒有完成分類","受潮紙類另行標記，不能當成已納入的可回收數據","報告已證明所有紙類都無法回收","2","受潮紙類另行標記，不能當成已納入的可回收數據","","報告明確說受潮紙類另行標記且尚未納入可回收數據，不能把它計入已報告的可回收量。答案C「受潮紙類另行標記，不能當成已納入的可回收數據」。","[""找出報告對受潮紙類的處理方式：另行標記。"",""「尚未納入」表示它不在目前呈報的可回收數據中。"",""不能據此推成全部受潮或所有紙類都無法回收。""]","區分已完成分類、另行標記與尚未納入數據三個狀態；受潮紙類不能算進目前可回收量，也不能推成全不可回收。","[]","","","","","","","","","","","","","","",""
"CHI-0576","國文","原創會考程度練習","","","九年級上","閱讀與語文應用","文言文主旨","中等","素養題","諸葛亮寫「非淡泊無以明志，非寧靜無以致遠」，最直接勸勉人們如何做？","追求更多財物以證明志向","只要安靜就不必採取行動","遇到困難便立即改變目標","減少名利牽掛、保持心境沉靜以專注長遠目標","3","減少名利牽掛、保持心境沉靜以專注長遠目標","","句子把淡泊、寧靜與明志、致遠連結，勸人減少浮躁牽掛，才能專注志向與長遠目標。 答案為「減少名利牽掛、保持心境沉靜以專注長遠目標」。","[""找出兩組條件與結果：「淡泊—明志」「寧靜—致遠」。"",""作者強調心境沉靜有助於確立志向、走向長遠目標。"",""不是主張只要安靜便不行動。""]","把「淡泊—明志」「寧靜—致遠」兩組條件與結果配對；安定心志是為了專注行動，不是停下不做事。","[]","","","","","","","","","","","","","","",""
"CHI-0577","國文","原創會考程度練習","","","九年級上","閱讀與語文應用","成語典故理解","中等","素養題","「寧為玉碎，不為瓦全」最適合用來形容哪種選擇？","寧可堅守原則承受損失，也不放棄操守苟全","為保住利益而不惜違反原則","遇到衝突便完全不作決定","只重視物品是否完整無缺","0","寧可堅守原則承受損失，也不放棄操守苟全","","玉碎、瓦全以物品比喻取捨，強調寧可犧牲，也不放棄重要原則。 答案為「寧可堅守原則承受損失，也不放棄操守苟全」。","[""比較「玉碎」與「瓦全」代表的兩種結果。"",""成語重點在堅守氣節，不為保全而失去原則。"",""不是字面討論器物，也不是鼓勵不作決定。""]","玉碎、瓦全是比喻取捨，不按器物字面解；抓住寧守操守、不以苟全換取安全的價值選擇。","[]","","","","","","","","","","","","","","",""
"CHI-0578","國文","原創會考程度練習","","","九年級上","閱讀與語文應用","文言文學習觀","基礎","素養題","《禮記》：「獨學而無友，則孤陋而寡聞。」最適合用來支持哪種做法？","只靠個人閱讀，不聽任何意見","與他人交流，補充自己的理解","為了合群而放棄查證","把不同看法全部視為錯誤","1","與他人交流，補充自己的理解","","句子指出獨自學習而缺乏交流，容易見聞有限，說明學習中與人切磋的重要。 答案為「與他人交流，補充自己的理解」。","[""理解「獨學」與「無友」造成的限制。"",""與他人交流能補充不同經驗和觀點。"",""交流不等於不查證或盲目接受所有意見。""]","「獨學無友」會使見聞受限，因此選與人交流、補充理解；切磋不等於放棄查證。","[]","","","","","","","","","","","","","","",""
"CHI-0579","國文","原創會考程度練習","","","九年級上","閱讀與語文應用","練習方法與進步推論","中等","素養題","練字札記：「第一週先把橫畫寫穩，第二週再練轉折；一個月後，整頁字的結構逐漸一致。」這段札記最能說明什麼？","進步只靠一次長時間練習","字體好壞完全取決於紙張","分階段練習並持續累積，能改善整體表現","練習不同筆畫會妨礙任何進步","2","分階段練習並持續累積，能改善整體表現","","札記記錄由單項筆畫到整體結構的逐步練習，並呈現一個月後的變化，說明分階段持續練習能改善整體表現。答案C「分階段練習並持續累積，能改善整體表現」。","[""先看練習次序：先穩定橫畫，再處理轉折。"",""一個月後的整頁效果顯示局部練習逐步影響整體。"",""札記支持分階段累積的效果，不支持只練一次或紙張決定字體。""]","追蹤由橫畫、轉折到整頁結構的練習次序；一個月後的變化支持分階段累積，不是一次練習即可。","[]","","","","","","","","","","","","","","",""
"CHI-0580","國文","原創會考程度練習","","","九年級上","閱讀與語文應用","資訊整合","中等","素養題","短文：「新橋通車後，村民往返市區少了二十分鐘；但原有老橋仍保留，供步行者觀察河道。」下列何者最符合短文？","新橋通車後老橋立即拆除","村民往返市區反而多花二十分鐘","老橋只供汽車高速通行","新橋縮短交通時間，老橋仍有步行與觀察用途","3","新橋縮短交通時間，老橋仍有步行與觀察用途","","短文同時說新橋使交通縮短二十分鐘，老橋保留作步行與觀察河道之用。 答案為「新橋縮短交通時間，老橋仍有步行與觀察用途」。","[""整理新橋的功能與老橋的用途。"",""新橋改善通行，老橋沒有拆除且另有用途。"",""其他選項把時間、拆除狀態或使用對象說反。""]","分開核對新橋節省的交通時間，以及老橋保留的步行、觀察用途；兩座橋的功能不同且同時存在。","[]","","","","","","","","","","","","","","",""
"CHI-0581","國文","原創會考程度練習","","","九年級上","閱讀與語文應用","公告條件推理","基礎","素養題","公告：「校園夜間觀察活動於 19:00 開始，參加者需自備手電筒；若下雨則改至週五同時段。」週三活動當晚下雨，應於何時參加？","週五 19:00","週三 19:00","週五 18:00","活動取消且不再舉行","0","週五 19:00","","公告說明下雨改至週五同一時段，因此仍為 19:00 開始。 答案為「週五 19:00」。","[""先確認雨天適用的改期規則。"",""改至週五「同時段」，保留原定 19:00。"",""公告沒有說取消或提前一小時。""]","注意「同時段」會保留原本 19:00；改的是日期，不是時間。","[]","","","","","","","","","","","","","","",""
"CHI-0582","國文","原創會考程度練習","","","九年級上","閱讀與語文應用","安全規則與事件順序","中等","素養題","登山公告：「隊員須全程同行；若有人因身體不適折返，領隊須清點人數並通知管理站，其他人須等候確認後再出發。」有人折返後，領隊應先做什麼？","讓隊伍立即分成小組各自前進","清點人數並通知管理站，確認後再出發","不必通知，等折返者自行回家","只要天氣良好就忽略規定","1","清點人數並通知管理站，確認後再出發","","公告明定有人折返時，領隊應清點人數並通知管理站，其他隊員等候確認後再出發。答案B「清點人數並通知管理站，確認後再出發」。","[""辨認公告中有人折返時的應變步驟。"",""領隊要先清點人數、通知管理站。"",""確認前不可自行分組出發，須依安全規則等候。""]","把公告拆成先後步驟：清點、通知、等候確認；不能只抓到「有人折返」就自行改變隊形。","[]","","","","","","","","","","","","","","",""
"CHI-0583","國文","原創會考程度練習","","","九年級上","閱讀與語文應用","譬喻與聽覺描寫","基礎","素養題","〈琵琶行〉寫「大弦嘈嘈如急雨，小弦切切如私語」，主要運用什麼方式表現琴聲？","以數字統計演奏速度","用顏色變化說明樂器材質","以譬喻描寫不同弦音的特色","用人物對話交代演奏者身分","2","以譬喻描寫不同弦音的特色","","大弦聲比作急雨，小弦聲比作私語，以兩種熟悉聲音呈現音色差異，屬譬喻。 答案為「以譬喻描寫不同弦音的特色」。","[""辨認兩組聲音比較：大弦與急雨、小弦與私語。"",""比喻讓讀者聽出聲音強弱與細密的差別。"",""詩句沒有顏色、統計或人物對話。""]","「如」提示譬喻；比較急雨與私語，也能看出大弦較宏亮、小弦較細密。","[]","","","","","","","","","","","","","","",""
"CHI-0584","國文","原創會考程度練習","","","九年級上","閱讀與語文應用","多重證據與修復原則","中等","素養題","修復老招牌時，師傅不只依褪色的字跡重描，還翻查舊照片比對字體與排列。這段行動最能說明什麼？","只要字跡看得見便不必再核對","舊招牌只能使用現代字體重做","褪色部分無法藉資料加以復原","結合現存痕跡與歷史資料，審慎還原原貌","3","結合現存痕跡與歷史資料，審慎還原原貌","","師傅將現存字跡與舊照片互相比對，避免只憑模糊痕跡重描，呈現以多種線索還原原貌。答案D「結合現存痕跡與歷史資料，審慎還原原貌」。","[""找出師傅採用的兩種依據：現存字跡與舊照片。"",""不同來源可互相核對字體和排列方式。"",""這是根據證據復原，不是只憑印象或任意改成新式樣。""]","留意師傅同時比對現存字跡與舊照片；推論須涵蓋兩種證據，不能只看其中之一。","[]","","","","","","","","","","","","","","",""
"CHI-0585","國文","原創會考程度練習","","","九年級上","閱讀與語文應用","路線資訊與需求整合","中等","素養題","導覽圖標示：甲線 450 公尺，全程有坡道，沿線設休息椅；乙線 300 公尺，但需走階梯。陪同使用輪椅且需要中途休息的參觀者，應優先選哪條路線？","甲線，雖較長但有坡道和休息椅","乙線，因為距離較短就一定較適合","甲線只適合步行者，輪椅不能使用","兩線都不必比較，因為路線長度相同","0","甲線，雖較長但有坡道和休息椅","","參觀者使用輪椅且需要休息，甲線有坡道及休息椅，雖比乙線長，仍更符合兩項需求。答案A「甲線，雖較長但有坡道和休息椅」。","[""先列出參觀者的兩項需求：輪椅通行與中途休息。"",""比較路線條件：甲線有坡道與休息椅；乙線含階梯。"",""因此甲線雖長 150 公尺，仍較符合需求，不能只用最短距離決定。""]","先依使用者需求篩選可行路線，再比較距離；輪椅通行與休息條件優先於單純選最短路徑。","[]","","","","","","","","","","","","","","",""
"CHI-0586","國文","原創會考程度練習","","","九年級上","閱讀與語文應用","一般規則與例外條件整合","中等","素養題","校服通知：「本週五前可憑收據換尺寸；制服已繡姓名者不適用換貨。申請時須帶原包裝。」家長帶著已繡姓名的制服與收據前往，能否換尺寸？","可以，只要有收據即可","不適用，已繡姓名的制服排除在換貨規定外","可以，原包裝條件不必遵守","不適用，因為所有制服都不能換尺寸","1","不適用，已繡姓名的制服排除在換貨規定外","","通知明確排除已繡姓名的制服；收據與原包裝不能取消這項限制。答案B「不適用，已繡姓名的制服排除在換貨規定外」。","[""找出一般換尺寸期限與所需文件。"",""再檢查例外：已繡姓名者不適用換貨。"",""本題符合例外情況，即使有收據也不能換尺寸。""]","先確認收據等一般條件，再套用「已繡姓名者不適用」的明確例外；例外優先排除資格。","[]","","","","","","","","","","","","","","",""
"CHI-0587","國文","原創會考程度練習","","","九年級上","閱讀與語文應用","細節與情感推論","中等","素養題","「她在牆上留下鉛筆刻度，記錄弟弟每年長高的高度；搬家前，卻把那面牆的照片帶走。」這個細節最能表現什麼？","她打算把刻度賣給新屋主","弟弟從未在那間屋子生活","她珍惜與弟弟共同生活的成長記憶","照片可以代替所有家庭互動","2","她珍惜與弟弟共同生活的成長記憶","","刻度記錄弟弟逐年長高，搬家時帶走牆面照片，顯示她珍惜這段家庭成長記憶。 答案為「她珍惜與弟弟共同生活的成長記憶」。","[""先看刻度記錄的內容：弟弟每年的身高。"",""搬家時特別帶走照片，表示重視這些回憶。"",""題文沒有販售刻度或取代互動的資訊。""]","刻度本身是長期記錄，搬家時保存照片是情感線索；答案要同時解釋兩個細節。","[]","","","","","","","","","","","","","","",""
"CHI-0588","國文","原創會考程度練習","","","九年級上","閱讀與語文應用","文言詞義","基礎","素養題","古文「吾與汝畢力平險」中的「畢力」最接近哪個意思？","完成任務","力量不足","彼此競爭","用盡力量","3","用盡力量","","「畢」有盡、全部之意，「畢力」指用盡全力；句中表示共同努力移除險阻。 答案為「用盡力量」。","[""結合「平險」理解要處理的困難。"",""「畢力」是把力量全部用上。"",""不是完成任務或力量不足。""]","在常見文言用法中，「畢」作「盡、全部」解；可與「畢生」的「一生」區別。","[]","","","","","","","","","","","","","","",""
"CHI-0589","國文","原創會考程度練習","","","九年級上","閱讀與語文應用","收支報告與資訊範圍","中等","素養題","義賣報告寫：「收入 8,640 元；支出含場地費與材料費；結餘將待單據核對後公布。」目前讀者能確定什麼？","收入金額已公布，但結餘尚待核對後公布","結餘已確定為 5,000 元","材料費一定高於場地費","義賣沒有任何支出","0","收入金額已公布，但結餘尚待核對後公布","","報告已公布收入，但未列出各項支出金額，且說結餘待核對後公布，因此不能先算出結餘。答案A「收入金額已公布，但結餘尚待核對後公布」。","[""確認收入數字已明確公布。"",""支出只有類別，沒有提供各項金額。"",""報告明說結餘待核對後公布，故不得補造金額或推定已完成結算。""]","題目問「目前能確定」的範圍：收入有數字，支出沒有金額，結餘明確尚待核對。","[]","","","","","","","","","","","","","","",""
"CHI-0590","國文","原創會考程度練習","","","九年級上","閱讀與語文應用","文言文主旨與價值判斷","中等","素養題","《孟子》說：「生，亦我所欲也；義，亦我所欲也；二者不可得兼，舍生而取義者也。」這段話指出面臨衝突時應如何抉擇？","無論情況如何都只選擇保全生命","生命與道義不能兼得時，堅守道義","遇到兩難便放棄一切判斷","只重視名聲，不必考慮行為原則","1","生命與道義不能兼得時，堅守道義","","孟子設想生命與道義無法同時保全的兩難，表明此時應選擇道義，呈現重義的價值判斷。答案B「生命與道義不能兼得時，堅守道義」。","[""找出句中兩項價值：生命與道義。"",""「不可得兼」表示假設兩者無法同時保全。"",""「舍生取義」表明在此兩難情境中以道義為重。""]","先確認題目限定「二者不可得兼」的兩難，再解讀「舍生取義」的選擇；不要把它擴大成任何情況都應犧牲生命。","[]","","","","","","","","","","","","","","",""
"CHI-0591","國文","原創會考程度練習","","","九年級上","閱讀與語文應用","文言文細節","中等","素養題","《桃花源記》寫村中人「皆歎惋」，是因為漁人告知他們什麼消息？","漁人不會捕魚","村中道路被洪水沖毀","外界朝代更迭、世事已變","他們的食物已經用完","2","外界朝代更迭、世事已變","","漁人告知外界已歷經朝代變化，村人聽後感嘆，顯示他們長期隔絕於世。 答案為「外界朝代更迭、世事已變」。","[""查看村人聽到消息後的反應「歎惋」。"",""漁人說明外界朝代更替與時間推移。"",""文中沒有捕魚、道路或食物短缺的內容。""]","回看漁人向村人說明的世代年數與外界變遷；「歎惋」指向隔絕多年後得知世事已非。","[]","","","","","","","","","","","","","","",""
"CHI-0592","國文","原創會考程度練習","","","九年級上","閱讀與語文應用","資料比較與呈現方式","中等","素養題","設計展說明：「作品甲的邊長模型為 4 公分，作品乙為 7 公分；展覽主題是比較外框周長。」若只比較邊長大小，還缺少哪一步才能完成主題比較？","把模型顏色改成相同","確認作品名稱是否依字母排序","只比較邊長即可，不必處理周長","依各模型形狀規則求出外框周長，再比較結果","3","依各模型形狀規則求出外框周長，再比較結果","","展覽主題是周長，不能把邊長直接當成外框周長；須先依各模型形狀求周長再比較。答案D「依各模型形狀規則求出外框周長，再比較結果」。","[""先區分題目給的邊長與展覽要求比較的周長。"",""周長需依模型的形狀和邊長資料計算。"",""完成各模型周長後才能作有效比較，顏色或排序無關。""]","邊長 4、7 公分不足以決定周長，還要知道形狀及各邊長關係；別把單一邊長當成周長。","[]","","","","","","","","","","","","","","",""
"CHI-0593","國文","原創會考程度練習","","","九年級上","閱讀與語文應用","詩歌今昔對照","中等","素養題","《詩經》「昔我往矣，楊柳依依；今我來思，雨雪霏霏」透過今昔景物對照，主要表現什麼？","出征與歸來時光景不同，流露時序與心境變化","旅人從未離開故鄉","詩人只在描寫植物種類","楊柳與雨雪出現在同一天","0","出征與歸來時光景不同，流露時序與心境變化","","「昔」出征時柳色依依，「今」歸來遇雨雪，季節與景物對照帶出長久歲月和感慨。 答案為「出征與歸來時光景不同，流露時序與心境變化」。","[""辨認時間詞「昔」與「今」。"",""往時春柳與歸時雨雪形成季節、景物對照。"",""詩句不只是列植物，也表現時間流逝。""]","「昔／今」先建立時間對照，再把楊柳與雨雪的季節景象連到出征、歸來的經歷。","[]","","","","","","","","","","","","","","",""
"CHI-0594","國文","原創會考程度練習","","","九年級上","閱讀與語文應用","公告規則判讀","基礎","素養題","公告：「參加校園導覽需於 8:45 前在中庭集合，9:00 準時出發；遲到者請自行前往第一站。」小安 8:50 到中庭，應如何做？","等到 9:00 再加入隊伍","自行前往第一站","要求隊伍延後出發","返回教室等候通知","1","自行前往第一站","","公告要求 8:45 前集合，遲到者需自行前往第一站；小安 8:50 才到，已超過集合時間。 答案為「自行前往第一站」。","[""比較到達時間 8:50 和集合期限 8:45。"",""小安屬於遲到者。"",""依規則自行前往第一站，而非要求延後。""]","8:50 晚於 8:45 集合期限；公告對遲到者另有明確安排，不能把 9:00 出發時間當成集合期限。","[]","","","","","","","","","","","","","","",""
"CHI-0595","國文","原創會考程度練習","","","九年級上","閱讀與語文應用","細節與主旨","中等","素養題","短文：「修補師傅沒有把舊木桌磨到全新，而是保留桌面常用的位置，只加固鬆動的桌腳。」這種修復方式最重視什麼？","忽略桌腳鬆動問題","讓所有家具看起來一模一樣","保留使用痕跡並處理實際損壞","只追求表面光亮","2","保留使用痕跡並處理實際損壞","","師傅保留桌面使用痕跡，同時加固鬆動桌腳，兼顧物件歷史與實際修復需求。 答案為「保留使用痕跡並處理實際損壞」。","[""區分保留的部分與修復的部分。"",""桌面痕跡保留，桌腳問題則加固。"",""因此不是只追求全新外觀或忽略損壞。""]","對照師傅「保留」的桌面痕跡與「加固」的桌腳，主旨在兼顧物件記憶和實際功能。","[]","","","","","","","","","","","","","","",""
"CHI-0596","國文","原創會考程度練習","","","九年級上","閱讀與語文應用","活動規則與表單整合","中等","素養題","美術活動通知：「每位參加者需自備色紙；未帶者可於週三前在表單勾選代購，活動當天不受理現場登記。」小組有成員未備色紙，應如何處理？","活動當天到場後再口頭登記","不必通知，借用其他人的材料","活動開始後再決定是否購買","週三前在表單勾選代購","3","週三前在表單勾選代購","","通知只允許未備材料者於週三前在表單勾選代購，並明訂活動當天不受理。答案D「週三前在表單勾選代購」。","[""確認未備色紙者有代購選項。"",""核對期限與方式：週三前、表單勾選。"",""活動當天才口頭登記不符合公告規則。""]","把材料、期限、登記方式三項條件合起來看；「當天不受理」排除現場口頭登記。","[]","","","","","","","","","","","","","","",""
"CHI-0597","國文","原創會考程度練習","","","九年級上","閱讀與語文應用","討論方法判讀","中等","素養題","「她把不同版本的草圖貼在牆上，請組員先指出共同的優點，再討論各自需要修改之處。」這種討論方式有何作用？","先建立共同理解，再具體比較差異","只保留最早提出的方案","避免組員提出不同意見","以多數票取代所有討論","0","先建立共同理解，再具體比較差異","","先找共同優點，再比較各方案修改處，有助建立共同基礎並進行具體討論。 答案為「先建立共同理解，再具體比較差異」。","[""辨認討論順序：先共同點、後待修改處。"",""先建立共識，再聚焦差異與改進。"",""不是禁止不同意見或省略討論。""]","注意先後次序：先找共同優點是建立討論基礎，之後才比較各方案待修改處。","[]","","","","","","","","","","","","","","",""
"CHI-0598","國文","原創會考程度練習","","","九年級上","閱讀與語文應用","詩句寓意","中等","素養題","「落紅不是無情物，化作春泥更護花」借落花化為春泥滋養花木，主要表達什麼？","花朵凋謝後完全失去作用","即使離開原有位置，仍能轉化為支持新生的力量","落花只適合用來觀賞","春天不需要土壤滋養","1","即使離開原有位置，仍能轉化為支持新生的力量","","落花凋落後化為春泥，仍能滋養花木，詩句以此表達退去後仍可奉獻、助人成長。 答案為「即使離開原有位置，仍能轉化為支持新生的力量」。","[""先理解落紅由花轉為泥土的變化。"",""春泥仍能滋養新花，並非凋落就毫無作用。"",""詩句借自然轉化表現奉獻精神。""]","先說明落花轉成春泥的字面過程，再推論「仍能滋養」所象徵的奉獻與延續。","[]","","","","","","","","","","","","","","",""
"CHI-0599","國文","原創會考程度練習","","","九年級上","閱讀與語文應用","多條件資訊判讀","中等","素養題","校刊徵稿規定：文章 600 至 800 字，需附標題，並於 10 月 12 日前交至學務處。下列哪份投稿符合規定？","無標題、720 字，10 月 11 日交學務處","有標題、580 字，10 月 11 日交學務處","有標題、720 字，10 月 13 日交學務處","有標題、720 字，10 月 11 日交學務處","3","有標題、720 字，10 月 11 日交學務處","","投稿須同時符合字數、標題、期限與繳交地點；只有 D 全部符合。答案D為「有標題、720 字，10 月 11 日交學務處」。","[""列出四項條件：600 至 800 字、有標題、10 月 12 日前、交學務處。"",""逐一比對各選項，排除缺標題、字數不足或逾期者。"",""D 的 720 字與日期、地點均符合規定。""]","四個條件要同時符合；答案位置是 D，別只對上 720 字而漏看標題、期限與繳交處。","[]","","","","","","","","","","","","","","",""
"CHI-0600","國文","原創會考程度練習","","","九年級上","閱讀與語文應用","公告資訊推論","基礎","素養題","展覽公告：「週二至週五 9:00–17:00 開放；週六延長至 20:00；週日、週一休館。」若小芸只能在週一晚上前往，應如何安排？","週一只開放到 17:00","週一 19:00 前往即可入場","改選其他開放日，週一不開放","週一需先預約便可入場","2","改選其他開放日，週一不開放","","公告明確標示週日、週一休館，沒有週一晚間開放或預約例外。 答案為「改選其他開放日，週一不開放」。","[""先找出公告中的休館日。"",""週一屬於休館日，時間早晚不影響是否開放。"",""因此需改選其他開放日。""]","把各日開放時段和休館日分開看；週六延長開放不代表週一也適用。","[]","","","","","","","","","","","","","","",""
"CHI-0601","國文","原創會考程度練習","","","九年級上","閱讀理解","評選程序與偏誤","中等","素養題","校刊編輯將同題材稿件匿名後交由不同年級代表閱讀，並依內容完整性與證據品質評選。這種作法最能降低哪種偏誤？","文章中的錯字數量","投稿是否符合字數限制","讀者是否能看見稿件內容","評選受作者身分或年級影響","3","評選受作者身分或年級影響","","稿件匿名可減少評選者受到作者身分或年級影響；明訂內容與證據標準則提供共同評選依據，答案 D。此作法不會自動消除錯字，也與字數規範無關。","[""找出程序設計：匿名稿件、跨年級評讀、公開評選標準。"",""匿名主要切斷作者身分與作品評價之間的影響。"",""因此最能降低身分偏誤，選 D。""]","匿名處理作者身分，跨年級閱讀與明確標準則擴大比較基礎；題目問最直接降低的偏誤。","[]","","","","","","","","","","","","","","",""
"CHI-0602","國文","原創會考程度練習","","","八年級下","閱讀理解","資料來源與公平比較","中等","素養題","評選兩款校刊封面時，甲稿由全班投票，乙稿由美術社評選；但報告直接比較兩者票數。這種比較最大的問題是什麼？","評選者群體不同，票數不能直接當作同條件下的比較","封面只能以顏色作為評選標準","票數比較完全不需要說明評選方式","只要公布總票數就能確定作品品質","0","評選者群體不同，票數不能直接當作同條件下的比較","","兩款封面由不同群體評選，評選者範圍不一致，票數差異可能來自評審組成，不能直接比較。答案A「評選者群體不同，票數不能直接當作同條件下的比較」。","[""確認兩款封面的投票來源：一方是全班，另一方是美術社。"",""評審人群不同會影響票數的可比性。"",""需使用相同評選範圍與規則，才能把票數差異合理歸因於作品。""]","全班與美術社不是同一組評選者；先看比較條件是否一致，再判斷票數能否直接對照。","[]","","","","","","","","","","","","","","",""
"CHI-0603","國文","原創會考程度練習","","","九年級上","閱讀理解與語文應用","討論與歧義釐清","中等","素養題","小組整理資料時，成員先各自閱讀，再共同標出爭議句；他們發現分歧來自對「可能」一詞理解不同。這個過程最能說明什麼？","只要多人同意，詞義就不必回到上下文","共同討論能定位歧義，釐清分歧來源","有不同解讀便表示文章完全無法理解","每個人應隱藏自己的閱讀理由","1","共同討論能定位歧義，釐清分歧來源","","成員先標出爭議語句，再確認分歧集中於「可能」一詞，顯示討論有助定位並釐清理解差異。答案B「共同討論能定位歧義，釐清分歧來源」。","[""找出小組的步驟：各自閱讀、標示爭議句、比較理解。"",""討論後發現分歧集中在同一個詞。"",""這能定位問題來源，但仍須回到上下文判斷，不代表多數決定詞義。""]","小組先定位共同的爭議詞「可能」，才能進一步回到上下文釐清不同理解；討論不是以人數決定詞義。","[]","","","","","","","","","","","","","","",""
"CHI-0604","國文","原創會考程度練習","","","九年級上","閱讀理解與語文應用","前後照應與責任態度","中等","素養題","「他在任務開始前列出風險與承諾，完成後再逐項交代成果和未竟事項。」這段文字最能呈現何種工作態度？","只公布成功部分，避免提及風險","先承諾全部成果，再考慮能否做到","開始前謹慎規劃，完成後負責交代","任務結束後不再回應相關問題","2","開始前謹慎規劃，完成後負責交代","","他開始前交代風險與承諾，完成後說明成果及未竟事項，呈現事前謹慎、事後負責。答案C「開始前謹慎規劃，完成後負責交代」。","[""對照任務開始前與完成後的兩個階段。"",""他既揭露風險，也交代未完成事項，沒有只報喜不報憂。"",""這是規劃與責任說明，不是逃避後續回應。""]","分看任務前與任務後的作法：事前揭露風險、事後交代未竟事項，兩處都指向負責。","[]","","","","","","","","","","","","","","",""
"CHI-0605","國文","原創會考程度練習","","","九年級上","閱讀理解與語文應用","篇章安排與論證功能","中等","素養題","導覽手冊先介紹港口形成的背景，再列出兩項保存政策，最後提醒遊客勿進入修復區。這樣安排內容，最可能有何作用？","讓警告內容與港口保存主題毫無關係","先要求遊客離開，再補充港口的歷史","以政策清單取代所有背景資訊","先提供理解背景，再介紹作法並引導合宜參觀","3","先提供理解背景，再介紹作法並引導合宜參觀","","手冊先交代港口背景，接著說明保存政策，最後提醒參觀限制；順序兼顧理解脈絡、措施與行為指引。答案D「先提供理解背景，再介紹作法並引導合宜參觀」。","[""先看內容次序：背景在前、保存政策居中、參觀提醒在後。"",""背景幫助讀者理解保存工作的由來，政策說明採取的作法。"",""結尾提醒把知識轉為參觀行動，因此D最能概括安排功能。""]","用「背景→政策→提醒」的次序判斷各段功能；不要只看最後一句就忽略前文鋪陳。","[]","","","","","","","","","","","","","","",""
"CHI-0606","國文","原創會考程度練習","","","九年級上","閱讀理解與語文應用","選擇句式與建議判讀","基礎","素養題","「與其在期限前一晚通宵趕工，不如每天完成一小段。」這句話主要建議哪種做法？","把工作分散安排並持續完成","先放棄期限較遠的任務","等到最後一刻再集中處理","只規劃進度而不實際動手","0","把工作分散安排並持續完成","","「與其……不如……」提出比較後的建議：每日完成一部分，避免期限前一晚才趕工。 答案為「把工作分散安排並持續完成」。","[""找出「與其」和「不如」連接的兩種做法。"",""前者是最後一晚通宵，後者是每天完成一小段。"",""作者明確支持後者，也就是分段持續完成。""]","「與其……不如……」通常以「不如」後的做法作為建議重點，先找出它再概括。","[]","","","","","","","","","","","","","","",""
"CHI-0607","國文","原創會考程度練習","","","九年級上","閱讀理解與語文應用","事件順序與行動判讀","中等","素養題","短文：「候車亭的電子看板每五分鐘更新一次。阿哲看到列車延誤十二分鐘，先傳訊息告知接送的家人，再留在原處等候。」最能說明他的做法為何？","因看板更新較慢而自行離站","把延誤時間誤當成提早到站","沒有確認資訊便更改接送地點","依更新資訊通知家人並留在候車處","3","依更新資訊通知家人並留在候車處","","短文交代他看到延誤資訊後通知接送家人，並留在原處，D 符合事件先後與行動。答案D「依更新資訊通知家人並留在候車處」。","[""依序整理：看見延誤十二分鐘、傳訊息、留在原處。"",""D 完整保留通知與等候兩項資訊。"",""其他選項加入離站、誤讀或未確認等文中沒有的行為。""]","按「看到延誤→通知家人→原地等候」排列事件；核對選項是否保留通知與等候兩個動作。","[]","","","","","","","","","","","","","","",""
"CHI-0608","國文","原創會考程度練習","","","九年級上","閱讀理解與語文應用","挫折因應與修正策略","中等","素養題","「他把失敗的草稿收進資料夾，隔天重新讀過，逐項標出需要補充的證據。」這段文字最能表現他如何面對挫折？","因為一次失敗便停止嘗試","回顧問題並據此修正","只保留結果而拒絕檢討","把責任全部推給評閱者","1","回顧問題並據此修正","","他重新閱讀草稿並標示證據缺口，顯示透過檢討找出問題，準備修正。 答案為「回顧問題並據此修正」。","[""找出失敗後的具體行動：隔天重讀、標出證據不足處。"",""這些行動是檢視並改善作品的表現。"",""文中沒有放棄、拒絕檢討或推卸責任。""]","「重讀」和「標出證據缺口」是可觀察的修正行動，比只說他心情如何更有文本依據。","[]","","","","","","","","","","","","","","",""
"CHI-0609","國文","原創會考程度練習","","","九年級上","閱讀理解與語文應用","文言詞義","基礎","素養題","古文《醉翁亭記》：「醉翁之意不在酒，在乎山水之間也。」其中「意」依語境最接近何意？","必須完成的任務","外表呈現的表情","心意、情趣或真正的用意","酒宴上的座位","2","心意、情趣或真正的用意","","句子說作者真正的興致不在飲酒，而在山水之間；「意」指心意、情趣或真正用意。答案C「心意、情趣或真正的用意」。","[""觀察前後對照：不在酒，而在山水。"",""作者以「意」說明真正感興趣、寄情之處。"",""此處不是任務、外表表情或座位。""]","抓住「不在酒，在乎山水」的轉折對照；此處「意」指真正的心思、興趣所在。","[]","","","","","","","","","","","","","","",""
"CHI-0610","國文","原創會考程度練習","","","九年級上","閱讀理解與語文應用","作者態度判讀","中等","素養題","短文：「研究小組先公布初步結果，也說明樣本只有三十人，仍需擴大調查才能確認趨勢。」作者對結果抱持何種態度？","認定小樣本已能證明普遍現象","拒絕再蒐集任何資料","認為調查結果毫無參考價值","謹慎看待，承認資料限制","3","謹慎看待，承認資料限制","","作者指出樣本僅三十人並需擴大調查，顯示不把初步結果過度推廣，態度審慎。 答案為「謹慎看待，承認資料限制」。","[""注意作者主動說明樣本數量有限。"",""再看「仍需擴大調查」表示尚未定論。"",""因此是謹慎看待，而不是斷言或全盤否定。""]","「只有三十人」限制了結果可推廣的範圍；「仍需擴大」表明作者尚未把趨勢當成定論。","[]","","","","","","","","","","","","","","",""
"CHI-0611","國文","原創會考程度練習","","","九年級上","閱讀理解與語文應用","因果推論與證據界線","中等","素養題","校方調整午休安排後，圖書館借閱量增加。報告者因此主張「新安排使學生更愛閱讀」，要支持這個因果判斷，還需要注意什麼？","借閱量在調整後增加，仍須排除其他可能原因","只要借閱量增加，就能證明所有學生都更喜歡閱讀","圖書館有借閱紀錄便不必比較其他時段","午休安排不可能影響學生使用圖書館","0","借閱量在調整後增加，仍須排除其他可能原因","","借閱量是在安排調整後增加，但時間先後不能單獨證明因果；還須考量其他可能影響借閱的因素。答案A「借閱量在調整後增加，仍須排除其他可能原因」。","[""找出觀察到的兩件事：午休安排調整、借閱量增加。"",""兩者先後出現不代表前者必然造成後者。"",""還要檢查其他變化，例如活動、借閱規則或季節因素，再評估因果主張。""]","先後關係不等於因果；留意是否有其他因素也可能讓借閱量改變。","[]","","","","","","","","","","","","","","",""
"CHI-0612","國文","原創會考程度練習","","","九年級上","閱讀理解與語文應用","跨句資訊整合","中等","素養題","短文：「公車路線調整後，學校將新時刻表貼在校門，也在網站公告；舊版紙本仍留在站牌上。」讀者最應注意什麼？","站牌紙本可能未更新，應以校門或網站的新表為準","三處時刻表必然完全相同","新路線只適用於網站查詢","舊版紙本比新公告更可靠","0","站牌紙本可能未更新，應以校門或網站的新表為準","","文中指出校門與網站有新表，但站牌仍是舊版，因此查詢時應留意版本差異並採用新資訊。 答案為「站牌紙本可能未更新，應以校門或網站的新表為準」。","[""分辨已更新的兩處與仍為舊版的站牌。"",""時刻表版本不一致，不能假設三處內容相同。"",""因此以校門或網站所列新表確認路線。""]","把新時刻表出現的位置與仍保留舊版的位置對照；讀者要先確認版本日期，避免照舊表搭車。","[]","","","","","","","","","","","","","","",""
"CHI-0613","國文","原創會考程度練習","","","九年級上","閱讀理解與語文應用","詞義辨析","基礎","素養題","「他把話說得委婉，並非要掩飾問題，而是希望對方能聽進建議。」句中「委婉」最接近何意？","措辭含蓄和緩，不直接尖銳批評","故意省略所有重要內容","用誇張語氣表達不滿","毫不考慮對方感受地指責","0","措辭含蓄和緩，不直接尖銳批評","","後句說明他希望對方能聽進建議，可推知「委婉」是表達方式和緩含蓄，而非掩飾問題。答案A「措辭含蓄和緩，不直接尖銳批評」。","[""注意語境目的：讓對方願意聽建議。"",""能達成這個目的的說法是含蓄、和緩而不尖銳。"",""句子明說不是掩飾問題；A 正是符合語境的詞義。""]","不要只記「委婉」的字典義，還要用後句目的檢驗：說話和緩是為了讓建議被聽見，並非隱瞞問題；A 符合語境。","[]","","","","","","","","","","","","","","",""
"CHI-0614","國文","原創會考程度練習","","","九年級上","閱讀理解與語文應用","多條件規則與資格判讀","中等","素養題","活動報名須知：「每組 4 人，至少 1 人具急救證照；報名截止後不接受更換組員。」下列哪一組符合規定？","4 人，其中 1 人有證照，截止前完成報名","5 人，其中 1 人有證照，截止前完成報名","4 人，無人有證照，截止前完成報名","4 人，其中 1 人有證照，截止後才報名","0","4 人，其中 1 人有證照，截止前完成報名","","規定要求每組恰為 4 人、至少一人有證照，且在截止前報名；只有 A 同時符合。答案A「4 人，其中 1 人有證照，截止前完成報名」。","[""整理人數、證照及期限三項規定。"",""B 人數超額，C 無證照，D 已逾期。"",""A 的人數、急救資格與截止時間都符合規定，答案為 A。""]","這是三項條件的交集：恰好四人、至少一張證照、截止前完成；逐項排除違規組別。","[]","","","","","","","","","","","","","","",""
"CHI-0615","國文","原創會考程度練習","","","九年級上","閱讀理解與語文應用","篇章照應與時間推移","中等","素養題","小說前段多次寫主角離家時回頭看門牌；結尾他再次回望，門牌已換成陌生店名。這種首尾照應最能突顯什麼？","主角從未真正離開家鄉","時間流逝與環境改變，使熟悉之處變得陌生","門牌更換代表故事發生在同一天","作者只想介紹商店名稱","1","時間流逝與環境改變，使熟悉之處變得陌生","","開頭與結尾都寫回望門牌，但結尾名稱已變，藉相同動作的前後差異呈現時間推移及地方改變。答案B「時間流逝與環境改變，使熟悉之處變得陌生」。","[""找出前後反覆的意象：主角回頭看門牌。"",""比較兩次看到的內容，結尾店名已不同。"",""相同動作與變化的背景形成照應，提示時間和環境變遷。""]","首尾重複的是「回望」，改變的是門牌內容；比較不變動作和新舊景物，才能看出照應效果。","[]","","","","","","","","","","","","","","",""
"CHI-0616","國文","原創會考程度練習","","","九年級上","閱讀理解與語文應用","目的與程序判讀","中等","素養題","短文：「志工把訪談逐字稿交給受訪者核對姓名與日期，確認無誤後才公開引用。」此流程主要為了什麼？","讓受訪者替志工撰寫全部報告","避免保存任何訪談資料","降低記錄錯誤並尊重受訪者","確保所有受訪者說法完全一致","2","降低記錄錯誤並尊重受訪者","","核對姓名、日期可減少基本資料錯誤，公開前讓受訪者確認也展現對其資訊與發言的尊重。 答案為「降低記錄錯誤並尊重受訪者」。","[""辨認核對項目：姓名與日期。"",""確認後才引用，能避免錯誤資訊直接公開。"",""題目沒有要求受訪者撰寫報告或使所有說法一致。""]","核對流程的兩個目的：姓名、日期的正確性，以及公開引用前對受訪者發言的尊重。","[]","","","","","","","","","","","","","","",""
"CHI-0617","國文","原創會考程度練習","","","九年級上","閱讀理解與語文應用","史料查證與論證修正","中等","素養題","兩位同學對一段史料有不同解釋，一人提出年代證據，另一人回查原文後修正說法。這段討論最能表現什麼？","不同意見必須由資歷較高者裁定","依據可核對的材料檢視解釋，並在證據不足時修正","只選擇支持自己原有看法的證據","修正說法代表討論者缺乏立場","1","依據可核對的材料檢視解釋，並在證據不足時修正","","同學以年代證據檢查解釋，回查原文後修正主張，展現依據可核實材料調整判斷。答案B「依據可核對的材料檢視解釋，並在證據不足時修正」。","[""找出討論中提出的依據：史料年代與原文。"",""兩人回到材料核對，並依查證結果修正解釋。"",""這不是按資歷決定，也不等於失去立場；主張應受證據檢驗。""]","論點應接受史料檢驗；「回查後修正」不是立場薄弱，而是按可核對證據更新解釋。","[]","","","","","","","","","","","","","","",""
"CHI-0618","國文","原創會考程度練習","","","九年級上","閱讀理解與語文應用","公告與安全推論","中等","素養題","短文：「山區步道因落石封閉。管理處公告先封閉入口，並安排人員巡查；待專業檢測確認安全後再開放。」目前遊客應如何做？","從另一入口自行進入步道","看到巡查人員便可認定已開放","只要天氣晴朗就不必理會公告","遵守封閉公告，等候安全確認後再前往","3","遵守封閉公告，等候安全確認後再前往","","步道仍在封閉，開放的前提是專業檢測確認安全；巡查本身不代表已開放。 答案為「遵守封閉公告，等候安全確認後再前往」。","[""找出目前狀態：入口封閉並巡查中。"",""再找出重新開放條件：專業檢測確認安全。"",""條件尚未達成前應遵守封閉公告。""]","巡查只代表仍在確認風險，不等於檢測合格；重新開放的明確條件尚未達成。","[]","","","","","","","","","","","","","","",""
"CHI-0619","國文","原創會考程度練習","","","九年級上","閱讀理解與語文應用","雙重否定與保留態度","中等","素養題","「這項提議並非沒有價值，只是目前的資料還不足以支持全面實施。」這句話的語氣最接近何者？","肯定提議有價值，但認為證據尚不足","認定提議已經證明可行","主張不需要蒐集任何資料","完全否定提議且不願討論","0","肯定提議有價值，但認為證據尚不足","","「並非沒有價值」保留肯定，「資料還不足」則指出實施證據不足，語氣是有保留的審慎評估。 答案為「肯定提議有價值，但認為證據尚不足」。","[""先讀雙重否定「並非沒有價值」，可知不是全盤否定。"",""再看轉折後的「資料還不足」，指出證據缺口。"",""因此作者肯定潛力但不支持立即全面實施。""]","先解開「並非沒有價值」的雙重否定，再看「只是」後面的限制；作者保留肯定但暫不支持全面推行。","[]","","","","","","","","","","","","","","",""
"CHI-0620","國文","原創會考程度練習","","","九年級上","閱讀理解與語文應用","表單規則應用","基礎","素養題","報名表說明：「姓名須與學生證相同；聯絡電話填家長或監護人可接聽的號碼；緊急聯絡人不得填本人。」小安填表時哪一項需要修改？","緊急聯絡人填了自己的姓名","姓名與學生證一致","電話填家長可接聽的號碼","緊急聯絡人填了家長姓名","0","緊急聯絡人填了自己的姓名","","說明明定緊急聯絡人不得填本人，因此 A 違反規則；其他選項皆符合要求。答案A「緊急聯絡人填了自己的姓名」。","[""逐項對照姓名、電話與緊急聯絡人規定。"",""A 將本人列為緊急聯絡人，違反不得填本人的要求。"",""其餘三項均與規定一致。""]","三個欄位分開核對，特別注意「不得填本人」是針對緊急聯絡人的限制。","[]","","","","","","","","","","","","","","",""
"CHI-0621","國文","原創會考程度練習","","","九年級上","閱讀理解與語文應用","行動與主旨推論","中等","素養題","短文：「他原想把受傷的小鳥帶回家，查詢後得知應先聯絡野生動物救援單位，便留在安全距離觀察並通報。」這段文字主要表現什麼？","因為害怕而完全不理會小鳥","依查證資訊調整行動，以合適方式協助","不查證便把野生動物帶回家","認為所有受傷動物都不需救援","1","依查證資訊調整行動，以合適方式協助","","他查詢處理方式後改為保持安全距離並通報，表現先查證再採取合宜協助。 答案為「依查證資訊調整行動，以合適方式協助」。","[""比較原先打算與查詢後實際採取的行動。"",""他沒有直接帶走小鳥，而是依救援建議處理。"",""主旨是查證後用適當方式協助，而非置之不理。""]","人物先有原定做法，查到野生動物處置資訊後才改變行動；主旨在查證如何修正選擇。","[]","","","","","","","","","","","","","","",""
"CHI-0622","國文","原創會考程度練習","","","九年級上","閱讀理解與語文應用","古文情節推論","中等","素養題","《桃花源記》寫村人「乃不知有漢，無論魏晉」。從這句話可以推知，村人與外界的主要差異是什麼？","村人熟悉各朝代更迭，漁人反而不知","村人曾到魏晉各地旅行，後來忘記路線","村人長期與外界隔絕，不了解後來的朝代變化","村人拒絕承認秦朝以前的歷史","2","村人長期與外界隔絕，不了解後來的朝代變化","","「不知有漢，無論魏晉」表示村人甚至不知道漢朝，更不必說魏、晉，反映他們長期隔絕於外界、未接觸後世朝代更替。答案為「村人長期與外界隔絕，不了解後來的朝代變化」。","[""先辨認「漢」「魏晉」都是桃花源之外的朝代名稱。"",""「不知有漢」顯示村人連漢朝都未聽聞；「無論魏晉」再把時間推到更後面。"",""因此可推知村人與外界長期隔絕，並非只是不記得一條路。""]","「乃不知」與「無論」要連讀，留意從漢朝推及魏、晉的時間跨度，才能推論隔絕情形。","[]","","","","","","","","","","","","","","",""
"CHI-0623","國文","原創會考程度練習","","","九年級上","閱讀理解與語文應用","表達方式與效果","中等","素養題","「那封信沒有寫責備，只列出三次延期的日期，最後問：『我們還能如何一起完成？』」這種表達方式主要有何效果？","隱藏所有事件而只表達情緒","先指責對方再拒絕合作","將延期說成沒有發生","以具體事實說明問題，並邀請共同解決","3","以具體事實說明問題，並邀請共同解決","","信中列出延期日期作為具體事實，最後以提問邀請一起完成，兼具指出問題與尋求合作。 答案為「以具體事實說明問題，並邀請共同解決」。","[""找出信中的事實依據：三次延期日期。"",""注意結尾詢問如何一起完成，語氣面向解決問題。"",""因此不是單純責備或否認延期。""]","前半用延期日期提供可核對的事實，結尾問句把焦點轉向合作解決；兩部分共同構成表達效果。","[]","","","","","","","","","","","","","","",""
"CHI-0624","國文","原創會考程度練習","","","九年級上","閱讀理解與語文應用","景物描寫與抑揚對比","中等","素養題","一段遊記先寫「石階忽然變窄，隊伍不得不放慢腳步」，再寫「轉過岩壁，視野才豁然開朗」。前後安排最主要的效果是什麼？","先營造受阻感，再凸顯景色開展時的驚喜","先交代終點景色，再說明隊伍為何折返","以人物對話取代景物描寫","表示隊伍因道路狹窄而放棄登山","0","先營造受阻感，再凸顯景色開展時的驚喜","","石階變窄使行進受阻，讀者先感到侷促；轉過岩壁後視野突然開朗，前後形成由抑到揚的空間與情緒轉折。答案為「先營造受阻感，再凸顯景色開展時的驚喜」。","[""找出前段的受阻線索：石階狹窄、隊伍放慢。"",""再看轉折詞「才」及轉過岩壁後視野開朗的變化。"",""前後對比讓後段的開闊感更突出，而不是表示隊伍折返。""]","抓住「不得不」的受阻感，以及「才豁然開朗」的轉折；先抑後揚讓開闊感更鮮明。","[]","","","","","","","","","","","","","","",""
"CHI-0625","國文","原創會考程度練習","","","九年級上","閱讀理解與語文應用","程序順序判讀","基礎","素養題","讀書會規則：「每人先用兩分鐘摘要，不得打斷；接著每人提出一個問題，最後才自由討論。」哪種安排符合規則？","摘要時可隨時插話反駁","先輪流摘要且不打斷，再提問，最後自由討論","先自由討論，再決定是否摘要","由一人摘要並代替所有人提問","1","先輪流摘要且不打斷，再提問，最後自由討論","","規則要求摘要時不打斷，接著每人提問，最後自由討論；B 同時符合不打斷與三階段順序。答案為「先輪流摘要且不打斷，再提問，最後自由討論」。","[""圈出順序詞「先」「接著」「最後」。"",""依序排列三個階段。"",""B 符合摘要時不打斷、接著提問、最後自由討論的要求，答案為 B。""]","圈出「先、接著、最後」，再核對每一階段是否全員參與及不得打斷。","[]","","","","","","","","","","","","","","",""
"CHI-0626","國文","原創會考程度練習","","","九年級上","閱讀理解與語文應用","公告細節判讀","基礎","素養題","圖書館公告：「週三上午進行設備檢修，閱覽室暫停開放；借還書櫃檯照常服務。」週三上午想借書的讀者可以怎麼做？","進入閱覽室自行取書","前往借還書櫃檯辦理","等到週四才可借還書","設備檢修時全館停止服務","1","前往借還書櫃檯辦理","","公告只說閱覽室暫停開放，並明確表示借還書櫃檯照常服務，因此仍可到櫃檯借書。 答案為「前往借還書櫃檯辦理」。","[""分清暫停服務的區域與照常服務的櫃檯。"",""讀者要借書，可使用仍開放的借還書櫃檯。"",""公告沒有說全館停止服務或須等到週四。""]","公告同時寫出停止服務與照常服務的區域；不要把閱覽室暫停擴大成全館停止。","[]","","","","","","","","","","","","","","",""
"CHI-0627","國文","原創會考程度練習","","","九年級上","閱讀理解與語文應用","文言主旨與責任胸懷","進階","素養題","〈岳陽樓記〉先以「不以物喜，不以己悲」寫古仁人，後以「先天下之憂而憂，後天下之樂而樂」說明其胸懷。後一句相較前一句增加了什麼層次？","由關心天下轉為只追求個人享樂","表示古仁人不曾經歷憂愁或喜悅","由個人不受境遇影響，進一步寫到以天下為念的責任感","把景物描寫改成對朝代興亡的考證","2","由個人不受境遇影響，進一步寫到以天下為念的責任感","","「不以物喜，不以己悲」著重個人不因外物或自身遭遇而大喜大悲；「先天下之憂而憂，後天下之樂而樂」再把視野推展到天下責任，呈現公共關懷。答案為「由個人不受境遇影響，進一步寫到以天下為念的責任感」。","[""分別概括兩句：前句寫個人不被遭遇牽動，後句寫先憂後樂的次序。"",""注意「天下」把關懷對象從個人推到群體與社會。"",""因此後句增加的是承擔公共責任的胸懷，不是單純情緒穩定。""]","比較兩句的關懷範圍：前句說個人不被遭遇牽動，後句以「天下」擴展到公共責任。","[]","","","","","","","","","","","","","","",""
"CHI-0628","國文","原創會考程度練習","","","九年級上","閱讀理解與語文應用","措施目的推論","中等","素養題","短文：「社區決定保留老樹，但先請專業人員檢查枝幹；確認安全後，才在樹旁增設座椅。」這項安排最能顯示什麼考量？","不論安全與否都立即開放使用","以座椅取代老樹的保存","避免居民接近任何公共空間","兼顧保存老樹與公共安全","3","兼顧保存老樹與公共安全","","先檢查枝幹安全，再增設座椅，顯示社區希望保留老樹，同時確保民眾使用時的安全。 答案為「兼顧保存老樹與公共安全」。","[""找出兩個措施：檢查枝幹、增設座椅。"",""檢查是為了確認安全，座椅是便利民眾使用。"",""安排兼顧保留老樹與公共安全。""]","先檢查枝幹是使用座椅前的安全條件，再看保留老樹的目標；兩者不是互相取代。","[]","","","","","","","","","","","","","","",""
"CHI-0629","國文","原創會考程度練習","","","九年級上","閱讀理解與語文應用","句意辨析","中等","素養題","公告寫道：「原定週六的戶外講座因豪雨延期；新日期將另行通知，已報名者無須重新登記。」下列哪項理解正確？","活動不是取消而是延期，已報名者保留資格並等候新日期","講座改到週日舉行，報名者須重新登記","講座照常在週六舉行，只改為室內活動","因新日期未定，所有報名資格立即失效","0","活動不是取消而是延期，已報名者保留資格並等候新日期","","公告明確說活動延期、日期另行通知，並說已報名者不用重新登記；因此不能自行推定新日期或資格失效。答案為「活動不是取消而是延期，已報名者保留資格並等候新日期」。","[""區分「延期」和「取消」：公告只表示時間改到之後。"",""「另行通知」代表新日期尚未公布，不能推測為週日或其他日期。"",""已報名者無須重登記，故資格保留並等待後續通知。""]","「延期」不等於取消，「另行通知」代表新日期尚未知；已報名者的資格依最後一句處理。","[]","","","","","","","","","","","","","","",""
"CHI-0630","國文","原創會考程度練習","","","九年級上","閱讀理解與語文應用","論證證據評估","中等","素養題","問卷問：「你是否贊成保留這項已有效改善午休秩序的新規定？」多數填答者選擇贊成。解讀結果時，最需要注意什麼？","只要多數人贊成，就能證明規定沒有缺點","題目用語帶有正面評價，可能影響填答者選擇","問卷提到午休，結果便不能參考","只要匿名填答，題目措辭就不影響答案","1","題目用語帶有正面評價，可能影響填答者選擇","","「已有效改善」先替規定作出正面評價，可能引導填答者傾向贊成；即使多數選贊成，也應留意題目措辭造成的偏誤。答案B「題目用語帶有正面評價，可能影響填答者選擇」。","[""注意題目已把新規定形容為「有效改善」。"",""這項評價不是中性描述，可能讓填答者感到應該支持。"",""所以除查看結果外，也要檢查問題是否中立、選項是否公平。""]","檢查問句是否暗示預期答案；「已有效改善」是帶方向的評價，不是中性前提。","[]","","","","","","","","","","","","","","",""
"CHI-0631","國文","原創會考程度練習","","","九年級上","閱讀理解與語文應用","文言詞義","基礎","素養題","〈醉翁亭記〉寫「負者歌於途，行者休於樹」。依上下文，「負者」最可能指哪一類人？","在路旁演唱的樂師","坐在樹下休息的老人","背著東西行走的旅人","負責修築山路的工匠","2","背著東西行走的旅人","","「負者」與「行者」並列描寫山路上的行旅者；「負」在此指背負物品，所以是背著東西行走的人。答案為「背著東西行走的旅人」。","[""先看語句並列：「負者」與「行者」都是路上的人物。"",""「負」作動詞可解作背負，句中名詞化指背著物品的人。"",""因此不是樂師或工匠，而是背負行李的旅人。""]","先讀「負者」與「行者」的並列，再用「負」的動作義判斷人物身分，不要把它解成失敗者。","[]","","","","","","","","","","","","","","",""
"CHI-0632","國文","原創會考程度練習","","","九年級上","閱讀理解與語文應用","多條件公告推論","基礎","素養題","活動通知：「需自備水壺；雨天改至室內體育館，集合時間不變。」當日下雨且原訂 8:30 集合，參加者應如何做？","不必帶水壺，改在 9:00 到操場","帶水壺，仍到戶外場地集合","活動取消，等待另行通知","帶水壺，於 8:30 到室內體育館集合","3","帶水壺，於 8:30 到室內體育館集合","","雨天改至室內體育館且時間不變，因此仍於 8:30 集合，並依通知自備水壺。 答案為「帶水壺，於 8:30 到室內體育館集合」。","[""確認雨天變更的是地點，不是時間。"",""原訂 8:30 保持不變，集合地點改為室內體育館。"",""自備水壺仍是所有參加者都要遵守的要求。""]","雨天規則只改地點；「集合時間不變」保留 8:30，自備水壺的要求也沒有取消。","[]","","","","","","","","","","","","","","",""
"CHI-0633","國文","原創會考程度練習","","","九年級上","閱讀理解與語文應用","行動方式推論","中等","素養題","「她沒有急著反駁，而是先重述對方的理由，再指出資料中尚未解釋的部分。」這段文字最能呈現哪種溝通方式？","先理解對方，再以證據提出疑問","拒絕聆聽並立刻否定對方","只重複自己的立場而不回應資料","用情緒取代理由進行爭辯","0","先理解對方，再以證據提出疑問","","她先重述對方理由表示理解，再指出資料缺漏，呈現先聆聽、後以證據討論的方式。 答案為「先理解對方，再以證據提出疑問」。","[""找出她的先後行動：重述理由，再指出資料問題。"",""重述對方觀點表示先確認理解，而非拒絕聆聽。"",""提出資料缺漏是以證據展開討論。""]","把「重述對方理由」和「指出資料未解釋處」分別對應理解與查證，兩個動作共同呈現理性溝通。","[]","","","","","","","","","","","","","","",""
"CHI-0634","國文","原創會考程度練習","","","九年級上","閱讀理解與語文應用","資料來源與證據查核","中等","素養題","短文：「剪報只留下標題與一張照片，沒有刊名、日期及原始報導連結。」若要把剪報作為報告證據，最需要先補查什麼？","照片拍攝者的年齡","原始來源與發布日期，以確認脈絡及可查證性","剪報紙張的顏色","報告作者最喜歡的版面設計","1","原始來源與發布日期，以確認脈絡及可查證性","","缺少刊名、日期和原文連結，無法確認資訊由誰、何時、在什麼脈絡發布，也難以回查；應先補足來源資料。答案為「原始來源與發布日期，以確認脈絡及可查證性」。","[""找出目前缺少的查證線索：刊名、日期、原始報導連結。"",""只有標題和照片不足以確認報導脈絡、來源及是否被截取改寫。"",""故應優先回查原始發布來源與日期，而非補查無關的外觀資訊。""]","標題和照片可能脫離原報導脈絡；先補來源、日期與原文，才能判斷是否完整、可追溯。","[]","","","","","","","","","","","","","","",""
"CHI-0635","國文","原創會考程度練習","","","九年級上","閱讀理解與語文應用","程序與目的判讀","中等","素養題","短文：「校方試辦午休安靜區兩週，記錄噪音與使用人數，再依學生回饋決定是否調整。」校方採取的方式為何？","未經觀察便永久實施","只依單一學生意見決定成敗","先試辦蒐集資料，再評估調整","試辦期間不記錄任何情況","2","先試辦蒐集資料，再評估調整","","校方先試辦兩週並記錄噪音、使用人數及回饋，再決定是否調整，屬於先蒐集資料後評估。 答案為「先試辦蒐集資料，再評估調整」。","[""確認試辦的時間：兩週。"",""列出蒐集資料：噪音、使用人數和學生回饋。"",""最後依資料評估是否調整，而非直接永久定案。""]","按「試辦→記錄→參考回饋→決定是否調整」整理程序，注意尚未預先決定永久實施。","[]","","","","","","","","","","","","","","",""
"CHI-0636","國文","原創會考程度練習","","","九年級上","閱讀理解與語文應用","論述主旨","基礎","素養題","「如果只記得結論，卻忘了推導過程，遇到條件改變時就很難自行判斷。」這段話主要提醒學習者什麼？","背熟結論便能處理所有新情境","條件改變時應停止思考","推導過程與答案完全無關","理解推理過程有助於應用所學","3","理解推理過程有助於應用所學","","句子指出只記結論會在條件改變時無法判斷，反面說明理解推導過程有助於遷移應用。 答案為「理解推理過程有助於應用所學」。","[""找出問題情況：只記得結論、忘記推導。"",""再看後果：條件改變時難以自行判斷。"",""因此作者強調理解過程，而非只背答案。""]","句子先指出只記結論的限制，再說條件改變時會遇到的困難；反面推回作者重視理解推導。","[]","","","","","","","","","","","","","","",""
"CHI-0637","國文","原創會考程度練習","","","九年級上","閱讀理解與語文應用","時間資訊整合","基礎","素養題","博物館公告：「特展門票含常設展；本週五特展因佈展延至下午一點開放，常設展仍於上午九點開放。」週五上午十點到館的遊客可以參觀什麼？","常設展，特展要等到下午一點","只能參觀特展","兩種展覽都需等到下午一點","特展與常設展都尚未開放","0","常設展，特展要等到下午一點","","公告分別說明兩種展覽的開放時間：常設展九點開放，特展延至一點，十點只能先看常設展。 答案為「常設展，特展要等到下午一點」。","[""分辨公告所述的兩個展區。"",""常設展上午九點開放；特展下午一點才開放。"",""十點已可參觀常設展，但尚不能進特展。""]","特展和常設展是兩組時間條件；上午十點只符合常設展九點開放的時段。","[]","","","","","","","","","","","","","","",""
"CHI-0638","國文","原創會考程度練習","","","九年級上","閱讀理解與語文應用","古文情節推論","中等","素養題","《世說新語·傷逝》寫：「子猷問左右：『何以都不聞消息？此已喪矣！』」從這段話可推知子猷當時如何判斷？","子敬已傳信說自己暫時不回家","久未聽到消息，使他推知子敬已去世","他已收到說明死因的正式訃聞","他認為子敬正在外地旅行","1","久未聽到消息，使他推知子敬已去世","","子猷先問為何一直沒有消息，接著說「此已喪矣」，顯示他由久無消息推斷子敬已去世；文句沒有提到他收到訃聞。答案為「久未聽到消息，使他推知子敬已去世」。","[""找出子猷先提出的線索：「何以都不聞消息？」"",""他接著說「此已喪矣」，表明自己由沒有消息作出判斷。"",""因此是推知子敬已去世，並非已收到訃聞或只猜他外出。""]","把「何以都不聞消息」和「此已喪矣」連起來看：前者是線索，後者是子猷的推斷；勿混入其他熟語或篇章。","[]","","","","","","","","","","","","","","",""
"CHI-0639","國文","原創會考程度練習","","","九年級上","閱讀理解與語文應用","措施目的推論","中等","素養題","短文：「山村民宿取消一次性備品後，提供可重複使用的盥洗用品；若旅客有特殊需求，可向櫃檯索取。」這項作法主要希望達成什麼？","禁止旅客提出任何需求","增加一次性備品的使用量","減少一次性用品，同時保留必要需求的處理方式","要求所有旅客自備相同用品","2","減少一次性用品，同時保留必要需求的處理方式","","取消一次性備品並提供可重複用品可減少消耗，同時保留特殊需求時向櫃檯索取的管道。 答案為「減少一次性用品，同時保留必要需求的處理方式」。","[""看出被取消的是一次性備品。"",""可重複用品有助減少一次性消耗。"",""特殊需求仍可索取，並非完全禁止或一律要求自備。""]","讀出減量與例外兩面：日常改用可重複用品，遇特殊需求仍有櫃檯管道。","[]","","","","","","","","","","","","","","",""
"CHI-0640","國文","原創會考程度練習","","","九年級上","閱讀理解與語文應用","資料指標與推論範圍","中等","素養題","研究摘要指出：「參與工作坊的人數增加三成」，但沒有提供參與者前後測或後續追蹤。下列哪項結論最符合現有證據？","工作坊已確定使所有參與者的能力提升三成","參與者人數增加，足以證明工作坊長期有效","工作坊對能力毫無影響","只能確認參與人數增加，不能據此判定能力提升或長期成效","3","只能確認參與人數增加，不能據此判定能力提升或長期成效","","摘要提供的是參與人數變化，未提供能力測量或後續追蹤，因此只能支持人數增加，不能推出能力提升或長期效果。答案為「只能確認參與人數增加，不能據此判定能力提升或長期成效」。","[""分清摘要直接提供的指標：工作坊參與人數增加三成。"",""能力成效需要能力測量，長期有效則需要追蹤資料；題目都未提供。"",""結論須停留在可觀察的人數變化，不把參與增加誤當學習成效。""]","參與人數是投入或觸及的指標，不等於能力測驗或長期追蹤結果；結論不能超出實際測量。","[]","","","","","","","","","","","","","","",""
"CHI-0641","國文","原創會考程度練習","","","九年級上","閱讀理解與語文應用","必要條件與資格判讀","中等","素養題","器材借用規定：「須完成安全訓練並繳回簽名單，才能提出申請；測驗通過是訓練的一部分。」小晴已通過測驗，但尚未繳回簽名單。依規定，她目前能否申請器材？","不能；尚未繳回簽名單，還沒符合全部申請條件","可以；測驗通過就代表所有程序都已完成","可以；簽名單只供留存，與申請無關","不能；規定要求先借到器材再完成安全訓練","0","不能；尚未繳回簽名單，還沒符合全部申請條件","","申請條件是完成安全訓練並繳回簽名單，兩項都要符合；測驗通過只表示訓練的一部分完成，不能取代簽名單。答案為「不能；尚未繳回簽名單，還沒符合全部申請條件」。","[""列出申請規定的兩項必要條件：完成安全訓練、繳回簽名單。"",""題目只確認小晴通過測驗，且測驗只是訓練的一部分；簽名單仍未繳回。"",""因此必要條件尚未全部具備，現在不能提出申請。""]","把「完成訓練」和「繳回簽名單」視為同時必須滿足的條件；通過其中一環不代表整個程序完成。","[]","","","","","","","","","","","","","","",""
"CHI-0642","國文","原創會考程度練習","","","九年級上","閱讀理解與語文應用","時間順序與資訊更新","基礎","素養題","短文：「氣象站上午十點發布豪雨特報，下午三點更新為解除；校方依最新公告通知戶外社團恢復活動。」校方的決定依據為何？","上午的豪雨特報且不理會更新","下午更新的解除資訊","社團成員自行猜測的天氣","前一天的氣象紀錄","1","下午更新的解除資訊","","公告在下午三點更新為解除，校方也依最新公告通知恢復活動，決策依據是更新後的資訊。 答案為「下午更新的解除資訊」。","[""整理兩次公告的先後：上午特報、下午解除。"",""校方通知發生在解除公告之後。"",""因此依據是較新的解除資訊，而非舊特報或猜測。""]","依時間先後看公告：上午特報已被下午解除更新取代，校方也明言採用最新公告。","[]","","","","","","","","","","","","","","",""
"CHI-0643","國文","原創會考程度練習","","","九年級上","閱讀理解與語文應用","材料功能判讀","中等","素養題","「一篇報導同時引用居民訪談、交通流量統計和工程單位說明。」這些材料並用，最可能有何作用？","確保三種資料必然得出相同結論","以數據取代所有人的實際經驗","從不同角度補充資訊，使讀者較完整理解議題","表示報導不需要核對資料來源","2","從不同角度補充資訊，使讀者較完整理解議題","","訪談、統計和工程說明各提供不同類型的資訊，合併使用可補足單一材料的限制。 答案為「從不同角度補充資訊，使讀者較完整理解議題」。","[""區分三種材料：居民經驗、量化數據、專業說明。"",""它們提供不同面向，彼此補充。"",""材料多元有助完整理解，但仍須查核，不能保證結論相同。""]","訪談呈現個人經驗，統計呈現數量趨勢，工程說明提供專業脈絡；多元來源是互補而非互相取代。","[]","","","","","","","","","","","","","","",""
"CHI-0644","國文","原創會考程度練習","","","九年級上","閱讀理解與語文應用","規則條件應用","基礎","素養題","公車轉乘規定：「下車後 30 分鐘內刷卡，第二段車資折抵 8 元；逾時則按全額計費。」小文下車 35 分鐘後才刷卡，應如何計費？","仍可折抵 8 元","只要當天刷卡都能折抵","免付第二段車資","不適用 8 元折抵，按全額計費","3","不適用 8 元折抵，按全額計費","","折抵條件是下車後 30 分鐘內刷卡；35 分鐘已逾時，依規定按全額計費。 答案為「不適用 8 元折抵，按全額計費」。","[""比對刷卡時間與期限：35 分鐘大於 30 分鐘。"",""折抵條件未達成。"",""依公告應按全額計費。""]","35 分鐘已超過 30 分鐘上限；題目沒有提供寬限或其他折扣條件。","[]","","","","","","","","","","","","","","",""
"CHI-0645","國文","原創會考程度練習","","","九年級上","閱讀理解與語文應用","古典詩歌細節","基礎","素養題","〈木蘭詩〉寫「同行十二年，不知木蘭是女郎」，這句最能凸顯木蘭何種特點？","長期從軍而未被同伴察覺其女子身分","只在軍中短暫停留十二天","從軍前已向所有同伴表明身分","同伴早已知道她的身分並保密","0","長期從軍而未被同伴察覺其女子身分","","「同行十二年」與「不知」直接寫出同伴長期相處仍未察覺木蘭女子身分。 答案為「長期從軍而未被同伴察覺其女子身分」。","[""注意時間詞「十二年」，表示共同生活很久。"",""再看「不知」說明同伴未察覺其身分。"",""因此凸顯她從軍多年而身分未被識破。""]","「十二年」說明相處時間長，「不知」才是身分未被察覺的關鍵；不要把年數縮讀成十二天。","[]","","","","","","","","","","","","","","",""
"CHI-0646","國文","原創會考程度練習","","","九年級上","閱讀理解與語文應用","流程目的判讀","中等","素養題","短文：「出版社收到讀者勘誤後，先比對原稿與校樣，再確認錯字確實存在，才於新版修正。」出版社採取這套流程的主要原因是什麼？","只要收到意見就全部照改","核實錯誤後再修改，避免未查證就更動","拒絕參考原稿與校樣","讓不同版本保留更多錯字","1","核實錯誤後再修改，避免未查證就更動","","先比對原稿與校樣並確認錯字，才進行修正，流程重點是先核實再更動。 答案為「核實錯誤後再修改，避免未查證就更動」。","[""找出修改前做的兩步：比對資料、確認錯字。"",""這能判斷讀者回報是否確實。"",""確認後才在新版修正，避免未查證便改動。""]","流程先比對兩份文本，再確認錯誤，最後才修正；核心是核實勘誤，而非收到意見就直接照改。","[]","","","","","","","","","","","","","","",""
"CHI-0647","國文","原創會考程度練習","","","九年級上","閱讀理解與語文應用","關聯詞與句意","基礎","素養題","句子「雖然路程較遠，團隊仍選擇搭乘大眾運輸，以降低活動的碳排量。」句中「雖然……仍……」呈現什麼關係？","因果：路程較遠所以碳排量必定較低","並列：兩件事毫無關聯","讓步：承認路程較遠，但主要選擇不因此改變","假設：只有路程較遠才搭乘大眾運輸","2","讓步：承認路程較遠，但主要選擇不因此改變","","「雖然……仍……」表示承認前項不利條件，但後項選擇依然成立；團隊仍為降低碳排搭乘大眾運輸。 答案為「讓步：承認路程較遠，但主要選擇不因此改變」。","[""辨認關聯詞「雖然」和「仍」。"",""前項是路程較遠，後項是仍選擇大眾運輸。"",""這是讓步轉折，不是因果或假設。""]","「雖然」引出讓步條件，「仍」帶出未改變的選擇；前後不是因果推導。","[]","","","","","","","","","","","","","","",""
"CHI-0648","國文","原創會考程度練習","","","九年級上","閱讀理解與語文應用","場景變遷與文化記憶","中等","素養題","地方誌記載：「新橋通車後，舊石橋不再承擔主要車流；居民仍沿橋步行，並在橋頭設置解說牌介紹昔日渡河生活。」這段資料最能說明舊橋今日的意義為何？","舊橋仍是全區唯一通行車道","交通功能雖改變，舊橋仍承載步行與地方生活記憶","解說牌證明新橋已經停止使用","居民設牌是為了恢復舊時所有交通方式","1","交通功能雖改變，舊橋仍承載步行與地方生活記憶","","新橋通車使舊橋不再負擔主要車流，但居民仍在橋上步行，解說牌也保存昔日渡河生活的記憶。答案B「交通功能雖改變，舊橋仍承載步行與地方生活記憶」。","[""先比較新舊橋的交通功能：新橋通車後，舊橋不再承擔主要車流。"",""再看居民仍沿舊橋步行，橋頭解說牌連結過去的渡河生活。"",""所以舊橋的交通角色改變，仍有日常步行與地方記憶的價值。""]","把「不再承擔車流」和「仍有人步行、設解說牌」並讀；功能改變不等於地方價值消失。","[]","","","","","","","","","","","","","","",""
"CHI-0649","國文","原創會考程度練習","","","九年級上","閱讀理解與語文應用","圖表數據與比例推論","中等","素養題","班級閱讀調查共發出 40 份問卷，收回 34 份；其中 18 人表示每天閱讀，16 人表示偶爾閱讀。下列哪項敘述最符合資料？","40 位受訪者全部每天閱讀","未回收的 6 份問卷都代表從不閱讀","每天閱讀的人比偶爾閱讀的人少","在 34 位回覆者中，18 位每天閱讀，略多於一半","3","在 34 位回覆者中，18 位每天閱讀，略多於一半","","34 份有效回覆中有 18 人每天閱讀，比例約為 18／34，略高於一半；未回收的 6 份不能任意歸類。答案D「在 34 位回覆者中，18 位每天閱讀，略多於一半」。","[""先用回收數確認有效回答者是 34 人，而不是 40 人。"",""每天閱讀者占 18／34，約 52.9%，略多於一半。"",""未回收的 6 人沒有作答，不能推定其閱讀習慣。""]","比例的分母應用實際回覆的 34 份；未回收問卷不等於「從不閱讀」，也不在已知分類中。","[]","","","","","","","","","","","","","","",""
"CHI-0650","國文","原創會考程度練習","","","九年級上","閱讀理解與語文應用","多條件規則整合","中等","素養題","活動分組規則：「每組須含一名熟悉急救者；器材搬運由兩人負責；每人只能擔任一項工作。」下列哪種分工符合規則？","甲熟悉急救負責急救，乙、丙搬器材，丁負責簽到","甲熟悉急救又搬器材，乙搬器材，丙負責簽到","四人都負責搬器材，無人負責急救","甲負責急救，乙一人搬器材，丙同時簽到與帶隊","0","甲熟悉急救負責急救，乙、丙搬器材，丁負責簽到","","A 有一名熟悉急救者負責急救、兩人搬器材，且每人只擔任一項工作；其他選項違反角色數或一人一職規定。答案為「甲熟悉急救負責急救，乙、丙搬器材，丁負責簽到」。","[""列出三項條件：一名急救者、兩人搬運、每人一項工作。"",""逐項檢查各方案的人員與工作分配。"",""A 含一名急救者、兩名搬運者且每人只負責一項工作，答案為 A。""]","逐一檢查人員的技能、任務數與搬運人數；「每人只能一項」會排除同時兼任的方案。","[]","","","","","","","","","","","","","","",""
"CHI-0651","國文","原創會考程度練習","","","九年級上","閱讀理解與語文應用","描寫效果判讀","基礎","素養題","「他把窗戶留了一道縫，讓屋內的飯香飄到巷口。」這個細節最可能營造何種感受？","溫暖親切，帶有生活氣息","冷清荒涼，毫無人煙","緊張危急，像即將發生災害","莊嚴肅穆，令人不敢靠近","0","溫暖親切，帶有生活氣息","","窗縫飄出飯香連結家庭日常與巷弄生活，容易營造溫暖、親切的生活感。 答案為「溫暖親切，帶有生活氣息」。","[""先找出感官描寫：飯香飄到巷口。"",""飯香常使人聯想到家常生活與有人居住。"",""因此語氣偏溫暖親切，不是荒涼或危急。""]","飯香是嗅覺線索，並連到有人生活的巷弄；感官描寫不只交代氣味，也營造親近感。","[]","","","","","","","","","","","","","","",""
"CHI-0652","國文","原創會考程度練習","","","九年級上","閱讀理解與語文應用","公告條件判讀","基礎","素養題","校車公告：「週五因道路施工，改由東門上車，發車時間仍為 16:20。」小林原在西門等車，應如何做？","留在西門等車，改為 16:40","改到東門，仍於 16:20 搭車","改到東門，提前至 16:00","週五校車停駛","1","改到東門，仍於 16:20 搭車","","公告只更改上車地點，時間維持 16:20，因此應改到東門等候。 答案為「改到東門，仍於 16:20 搭車」。","[""找出改變項目：上車地點改為東門。"",""確認未改變項目：發車時間仍是 16:20。"",""公告未提停駛或時間提前、延後。""]","施工公告只改上車門，並明說發車時刻照舊；分開核對地點與時間兩個欄位。","[]","","","","","","","","","","","","","","",""
"CHI-0653","國文","原創會考程度練習","","","九年級上","閱讀理解與語文應用","文言句意與自我反省","基礎","素養題","古文：「不患人之不己知，患不知人也。」作者認為更值得憂慮的是什麼？","他人不願與自己交談","別人不了解自己","自己不了解他人","自己沒有受到稱讚","2","自己不了解他人","","句意是不擔心別人不了解自己，反而擔心自己不了解別人，故重點在自我是否知人。 答案為「自己不了解他人」。","[""辨認兩個「患」的對象。"",""前半說不憂慮他人不理解自己。"",""後半指出應憂慮自己不了解他人。""]","留意「不患……，患……」的對照：作者把焦點從別人是否理解自己，轉到自己是否能理解他人。","[]","","","","","","","","","","","","","","",""
"CHI-0654","國文","原創會考程度練習","","","九年級上","閱讀理解與語文應用","公告目的判讀","基礎","素養題","短文：「校園新增飲水機後，總務處每月公布濾心更換日期與水質檢測結果。」這項公布最主要能讓使用者知道什麼？","每位學生每日喝水量","飲水機的購買價格","校園所有設備的耗電量","設備維護與水質檢查情形","3","設備維護與水質檢查情形","","濾心更換日期及水質檢測結果直接說明飲水設備維護與水質狀況。 答案為「設備維護與水質檢查情形」。","[""分辨公告列出的兩類資料。"",""更換日期反映設備維護，檢測結果反映水質。"",""題幹未提供飲水量、價格或耗電資料。""]","將濾心日期對應設備維護、檢測結果對應水質；不要從兩項資料推到未提供的耗電或個人飲水量。","[]","","","","","","","","","","","","","","",""
"CHI-0655","國文","原創會考程度練習","","","九年級上","閱讀理解與語文應用","行動順序推論","基礎","素養題","「他雖然不熟悉這項工作，仍先查閱操作手冊，再向有經驗的同事確認。」最能說明他如何處理不熟悉的任務？","先查資料，再向他人確認","假裝熟悉並直接操作","因為不熟悉而拒絕了解","只聽傳聞，不查證","0","先查資料，再向他人確認","","他先查閱手冊，再請教有經驗者，顯示以資料和確認逐步補足不足。 答案為「先查資料，再向他人確認」。","[""找出兩個具體行動：查手冊、向同事確認。"",""兩者都是取得可靠資訊的方法。"",""因此不是假裝會做或拒絕處理。""]","「先……再……」標出求助順序；手冊提供標準步驟，同事確認則補足實際經驗。","[]","","","","","","","","","","","","","","",""
"CHI-0656","國文","原創會考程度練習","","","九年級上","閱讀理解與語文應用","文言文主旨","基礎","素養題","《論語》：「過而不改，是謂過矣。」依句意，怎樣才算真正的過錯？","第一次嘗試時出現失誤","犯錯後知道了卻不改正","別人指出問題並提出建議","遇到困難時暫停一下","1","犯錯後知道了卻不改正","","句子指出犯錯後不改正才是更值得稱為過錯的情況，重點在知錯不改。 答案為「犯錯後知道了卻不改正」。","[""理解「過」指過失。"",""句子用「而不改」界定問題所在。"",""因此答案是犯錯後明知而不改正。""]","句子不是說首次犯錯就不可原諒，而是用「不改」界定更值得警惕的過失。","[]","","","","","","","","","","","","","","",""
"CHI-0657","國文","原創會考程度練習","","","九年級上","閱讀理解與語文應用","規則資訊推論","中等","素養題","短文：「社團招募頁標示名額二十人，報名順序依表單送出時間；完成表單不代表錄取，錄取名單另行公告。」小安送出表單後，能確定什麼？","一定已取得名額","若未收到回信便代表錄取","已完成報名程序，但尚不能確定錄取","報名順序由面試成績決定","2","已完成報名程序，但尚不能確定錄取","","頁面說明填表不等於錄取，名單另行公告，因此小安只能確定已送出報名，不能確認錄取。 答案為「已完成報名程序，但尚不能確定錄取」。","[""分清「送出表單」與「正式錄取」。"",""公告明說完成表單不代表錄取。"",""須等另行公布名單才能確認結果。""]","分辨表單送出與錄取名單公布兩個階段；完成前一階段不能推出已取得名額。","[]","","","","","","","","","","","","","","",""
"CHI-0658","國文","原創會考程度練習","","","九年級上","閱讀理解與語文應用","關聯詞理解","基礎","素養題","句子「不但要保存古蹟的外觀，也要改善周邊無障礙動線」中的「不但……也……」主要連結什麼？","原因與結果","先後發生的兩個事件","互相排斥的兩種選擇","兩項都需要兼顧的工作","3","兩項都需要兼顧的工作","","「不但……也……」連接保存外觀與改善動線兩項並列且都需進行的工作。 答案為「兩項都需要兼顧的工作」。","[""找出關聯詞兩端的內容。"",""兩端分別是保存古蹟外觀、改善無障礙動線。"",""語意是兼顧兩者，不是二選一或因果。""]","「不但」與「也」連接兩項都要做的事；不是前者完成後才選擇是否做後者。","[]","","","","","","","","","","","","","","",""
"CHI-0659","國文","原創會考程度練習","","","九年級上","閱讀理解與語文應用","詩句意境與轉折","基礎","素養題","陸游〈遊山西村〉寫「山重水複疑無路，柳暗花明又一村」，這兩句主要呈現什麼轉折？","看似受阻時轉而發現新的出路與景象","沿途景物始終沒有任何變化","因道路難行而決定立即折返","只描寫村落建築的排列方式","0","看似受阻時轉而發現新的出路與景象","","前句寫山路曲折、似乎無路可走，後句轉為柳色明麗並見村落，呈現困境中出現新景、新出路的轉折。答案A「看似受阻時轉而發現新的出路與景象」。","[""理解「疑無路」寫行路者一度感到無路可通。"",""「又一村」帶出視野與情境的突然開展。"",""兩句先抑後揚，除寫景外也可引申為困境中見到轉機。""]","對照「疑無路」和「又一村」的情境變化；前句受阻、後句開展，關鍵在轉折而非單純寫景。","[]","","","","","","","","","","","","","","",""
"CHI-0660","國文","原創會考程度練習","","","九年級上","閱讀理解與語文應用","文言意象理解","中等","素養題","古文：「舉世皆濁我獨清，眾人皆醉我獨醒。」說話者以「清」「醒」對比「濁」「醉」，主要表達何種處境？","與眾人一起沉醉於宴飲","自認保持清醒操守，卻與周遭風氣不合","因酒醉而無法辨認方向","希望所有人都放棄思考","1","自認保持清醒操守，卻與周遭風氣不合","","「清、醒」與「濁、醉」形成對比，借以表達說話者自認清醒正直，與周遭環境格格不入。 答案為「自認保持清醒操守，卻與周遭風氣不合」。","[""找出兩組對照詞：清／濁、醒／醉。"",""此處以狀態比喻品格與認知，不是單純飲酒。"",""對比呈現個人自守與環境不合。""]","「清／濁」「醒／醉」不是酒席狀況，而是把個人操守和周遭風氣作價值對照。","[]","","","","","","","","","","","","","","",""
"CHI-0661","國文","原創會考程度練習","","","九年級上","閱讀理解與語文應用","多條件規則判讀","基礎","素養題","活動辦法：「作品須由本人創作，檔案格式為 PDF，於 5 月 8 日 17:00 前上傳；逾時不收。」哪件作品符合辦法？","同學代作的 PDF，5 月 8 日 16:50 上傳","本人創作的 JPG，5 月 8 日 16:50 上傳","本人創作的 PDF，5 月 8 日 16:50 上傳","本人創作的 PDF，5 月 8 日 17:10 上傳","2","本人創作的 PDF，5 月 8 日 16:50 上傳","","規定包含本人創作、PDF 格式及期限內上傳，只有 C 同時符合三項條件。答案為「本人創作的 PDF，5 月 8 日 16:50 上傳」。","[""列出作者、格式和截止時間三項要求。"",""A 作者不符，B 格式不符，D 超過期限。"",""C 三項均符合。""]","作品要同時符合作者、格式、期限三項規定；逐一排除代作、錯誤格式與逾時。","[]","","","","","","","","","","","","","","",""
"CHI-0662","國文","原創會考程度練習","","","九年級上","閱讀理解與語文應用","情境氣氛判讀","基礎","素養題","「雨停後，操場積水映出雲影；孩子們沿著水窪跳躍，笑聲又回到走廊。」這段描寫的氣氛如何轉變？","由乾燥炎熱轉為寒冷","由熱鬧逐漸轉為恐懼","由雨後寧靜轉為活潑歡快","由期待轉為失望","2","由雨後寧靜轉為活潑歡快","","開頭描寫雨停後的積水與雲影較寧靜，後段孩子跳躍、笑聲回來，氣氛轉為活潑。 答案為「由雨後寧靜轉為活潑歡快」。","[""先讀雨停後的景物描寫，感受較安靜。"",""再注意孩子跳躍及笑聲等動態線索。"",""氣氛因此由寧靜轉為歡快。""]","景物先靜後動：雲影與積水較安靜，孩子和笑聲才帶出活力；依描寫順序判斷氣氛變化。","[]","","","","","","","","","","","","","","",""
"CHI-0663","國文","原創會考程度練習","","","九年級上","閱讀理解與語文應用","寫作功能判讀","基礎","素養題","「他把每次實驗的日期、器材和觀察結果都記在同一張表格，方便日後比較。」表格最主要的功能是什麼？","取代實驗操作本身","證明每次結果都相同","隱藏不符合預期的觀察","整理資料以便追蹤與比較","3","整理資料以便追蹤與比較","","表格記錄日期、器材和結果，方便日後比較，主要功能是有系統地整理與追蹤資料。 答案為「整理資料以便追蹤與比較」。","[""辨認表格記錄的欄位。"",""這些欄位可將不同次實驗資料並列。"",""並列後便於追蹤變化和比較，不代表結果必然相同。""]","日期、器材、結果是可比較的欄位；表格幫助整理紀錄，不會代替實驗或保證每次相同。","[]","","","","","","","","","","","","","","",""
"CHI-0664","國文","原創會考程度練習","","","九年級上","閱讀理解與語文應用","文言對比與自我省察","基礎","素養題","古文：「君子求諸己，小人求諸人。」依句意，君子遇到問題時較可能先做什麼？","檢視自身可以改進之處","立即要求別人承擔全部責任","只等待他人先道歉","拒絕思考問題的原因","0","檢視自身可以改進之處","","「求諸己」指先從自己身上尋找原因或改進處，與把責任推向他人形成對比。 答案為「檢視自身可以改進之處」。","[""拆解「諸」為「之於」，理解「求諸己」是向自己求。"",""依語境是檢視自身的責任與改進空間。"",""因此不是先把責任全部推給他人。""]","「求諸己」中的「諸」可拆作「之於」；句意是先向自己檢視原因，而非先責怪別人。","[]","","","","","","","","","","","","","","",""
"CHI-0665","國文","原創會考程度練習","","","九年級上","閱讀理解與語文應用","程序與安全規則","基礎","素養題","短文：「停電演練時，廣播要求各班依指定樓梯疏散，不可搭電梯；到操場後由導師清點人數。」下列哪項做法符合指示？","搭電梯節省時間，再自行回教室","走指定樓梯，到操場後接受點名","走最近出口後直接離校","抵達操場後不必向導師報到","1","走指定樓梯，到操場後接受點名","","指示要求走指定樓梯、不搭電梯，並於操場由導師點名，B 符合完整流程。 答案為「走指定樓梯，到操場後接受點名」。","[""整理疏散路線與禁止事項。"",""確認集合後還有導師清點的步驟。"",""B 依指定樓梯疏散並到操場點名。""]","疏散不只看路線，也要看抵達後的點名程序；演練中不可自行改走電梯或直接離校。","[]","","","","","","","","","","","","","","",""
"CHI-0666","國文","原創會考程度練習","","","九年級上","閱讀理解與語文應用","文言譬喻理解","基礎","素養題","《左傳》：「皮之不存，毛將焉附？」這句話用皮與毛的關係說明什麼？","外表裝飾比根本更重要","依附的事物若失去根本，附屬者也難以存在","兩件事物毫無關聯","只要毛髮完整皮膚便不重要","1","依附的事物若失去根本，附屬者也難以存在","","毛依附於皮，皮不存在，毛便無所依附；比喻根本條件消失，依附者也難以維持。 答案為「依附的事物若失去根本，附屬者也難以存在」。","[""理解毛與皮的依附關係。"",""皮不存在時，毛失去附著基礎。"",""句子借此說明根本與依附事物的關係。""]","先理解毛依附於皮的實際關係，再把它轉成「根本條件與依附者」的比喻，不要只解字面。","[]","","","","","","","","","","","","","","",""
"CHI-0667","國文","原創會考程度練習","","","九年級上","閱讀理解與語文應用","無障礙資訊設計","中等","素養題","公園導覽牌同時提供簡明文字、凸字標示與不同高度的資訊面板。這項設計最可能回應什麼需求？","讓不同閱讀能力與身高的訪客都較容易取得資訊","限制訪客只能由工作人員導覽","避免訪客閱讀園區內容","只為熟悉公園歷史的成人提供資訊","0","讓不同閱讀能力與身高的訪客都較容易取得資訊","","簡明文字、凸字和不同高度的資訊面板提供不同接收方式與使用高度，讓更多訪客能自行取得導覽資訊。答案A「讓不同閱讀能力與身高的訪客都較容易取得資訊」。","[""注意導覽內容提供一般文字與凸字兩種形式。"",""資訊面板高度不同，照顧不同身高或使用方式的訪客。"",""這些安排降低取得資訊的障礙，核心是提升導覽可及性。""]","把凸字、簡明文字和不同高度各自對應到使用需求；這是提升資訊可及性，不是限制導覽對象。","[]","","","","","","","","","","","","","","",""
"CHI-0668","國文","原創會考程度練習","","","九年級上","閱讀理解與語文應用","句型與時間關係","基礎","素養題","句子「直到資料來源逐一確認後，編輯才安排刊登」中的「直到……才……」表示什麼？","兩件事同時進行","前項條件永遠不會完成","後項行動先於前項條件","前項條件完成後，後項行動才發生","3","前項條件完成後，後項行動才發生","","「直到……才……」表示資料來源確認是刊登之前必須完成的條件。 答案為「前項條件完成後，後項行動才發生」。","[""找出「直到」引出的條件：來源逐一確認。"",""再找出「才」後的行動：安排刊登。"",""表示條件完成後才進行後續行動。""]","「直到」標示刊登前須完成的條件，「才」標示條件完成後才採取的動作。","[]","","","","","","","","","","","","","","",""
"CHI-0669","國文","原創會考程度練習","","","九年級上","閱讀理解與語文應用","論點整合與公共溝通","中等","素養題","校刊討論通知方式：有人主張全面改用線上公告以節省紙張；另有人提醒，部分家庭不一定能即時上網。下列哪項方案最能回應兩方理由？","要求沒有網路的家庭自行想辦法取得資訊","完全取消通知，避免增加任何成本","以線上公告為主，同時保留必要的紙本管道","只發紙本，忽略節省資源的考量","2","以線上公告為主，同時保留必要的紙本管道","","線上公告回應節省紙張的主張，保留紙本則照顧無法即時上網的家庭；兩種管道並行較能兼顧兩方需求。答案C「以線上公告為主，同時保留必要的紙本管道」。","[""找出兩方各自提出的理由：節省紙張、確保家庭能收到通知。"",""只採單一方式會忽略其中一方的實際需求。"",""線上為主並保留必要紙本，能同時回應資源與資訊可及性。""]","不要只選一方的理由；先分別概括節紙與資訊可及性，再找能同時回應兩者的方案。","[]","","","","","","","","","","","","","","",""
"CHI-0670","國文","原創會考程度練習","","","九年級上","閱讀理解與語文應用","文言譬喻與主旨","基礎","素養題","古文：「不以規矩，不能成方圓。」依句意，作者以規與矩比喻什麼？","畫圓形必須使用顏色","做事需要遵循適當準則","規則會妨礙所有創意","只要工具齊全就能成功","1","做事需要遵循適當準則","","規、矩是畫圓與方形的工具，借喻做事需要遵循一定準則才能完成。 答案為「做事需要遵循適當準則」。","[""理解規與矩是測量、作圖工具。"",""沒有合適工具難以畫出方圓。"",""引申為事情需有準則或方法。""]","規、矩是畫方圓的工具；由工具的用途推到做事準則，才是這句的比喻義。","[]","","","","","","","","","","","","","","",""
"CHI-0671","國文","原創會考程度練習","","","九年級上","閱讀理解與語文應用","細節用途判讀","基礎","素養題","「她把照片依年份排列，並在背面寫下拍攝地點與人物姓名。」這些文字註記最主要能幫助什麼？","改變照片拍攝時的實際內容","證明照片中的人物都已同意公開","保存照片脈絡，方便日後辨認與回憶","取代照片本身的影像","2","保存照片脈絡，方便日後辨認與回憶","","年份、地點和姓名補充照片的時間與人物脈絡，便於日後辨認和回憶。 答案為「保存照片脈絡，方便日後辨認與回憶」。","[""找出註記包含的資訊：年份、地點、人物。"",""這些資訊補足影像本身未必能交代的背景。"",""因此有助整理、辨認與回想，不代表取得公開同意。""]","年份、地點、人物補的是影像外的脈絡；這些註記不等於取得公開影像的同意。","[]","","","","","","","","","","","","","","",""
"CHI-0672","國文","原創會考程度練習","","","九年級上","閱讀理解與語文應用","時間條件整合","中等","素養題","旅遊公告：「接駁車每 20 分鐘一班，末班車 18:40；步道 18:00 後禁止進入。」遊客 17:50 抵達入口，最應注意什麼？","18:10 仍可進入步道，因接駁車尚未末班","末班車時間就是步道關閉時間","接駁車每 20 分鐘表示可不限時進入","須在 18:00 前進入步道，並留意末班接駁時間","3","須在 18:00 前進入步道，並留意末班接駁時間","","步道 18:00 後禁止進入，與接駁末班 18:40 是兩項不同限制；17:50 抵達者須先注意步道入場期限。 答案為「須在 18:00 前進入步道，並留意末班接駁時間」。","[""分開讀取步道入場限制和接駁末班時間。"",""17:50 距離步道禁止進入只剩十分鐘。"",""不可把 18:40 的末班車誤當成步道開放期限。""]","分開看步道入場截止與接駁末班兩個時限；抵達時間 17:50 讓遊客必須立即注意入場規則。","[]","","","","","","","","","","","","","","",""
"CHI-0673","國文","原創會考程度練習","","","九年級上","閱讀理解與語文應用","篇章結構判讀","中等","素養題","短文：「父親修理舊收音機時，耐心地逐一檢查零件；多年後，我也學會先拆解問題，再逐步尋找原因。」前後兩段最可能形成何種關係？","由父親的示範連結到自己的學習與成長","由成年經驗倒敘到父親的童年","兩段內容互不相關，沒有呼應","以收音機的價格比較兩代生活","0","由父親的示範連結到自己的學習與成長","","父親修理收音機的耐心與作者後來學會拆解問題相連，前段示範成為後段成長的來源。 答案為「由父親的示範連結到自己的學習與成長」。","[""找出前段人物與行動：父親耐心修理。"",""再看後段作者學到的做事方式。"",""前者與後者形成示範、學習的連結。""]","前段寫父親如何做，後段寫作者後來如何做；相同的耐心由示範轉為自己的能力。","[]","","","","","","","","","","","","","","",""
"CHI-0674","國文","原創會考程度練習","","","九年級上","閱讀理解與語文應用","政策程序與目的","中等","素養題","市府公布單車道試辦的事故數、使用人次及居民意見摘要，並註明下一次檢討日期。這種公布方式最主要有何作用？","保證每位居民都支持目前方案","讓外界了解評估依據與後續檢討時程","表示事故數是唯一需要考量的因素","代表單車道已永久定案，不再檢討","1","讓外界了解評估依據與後續檢討時程","","公開事故數、使用人次、意見摘要和下次檢討日期，使市民可以了解決策依據及後續程序；不等於保證支持或永久定案。答案B「讓外界了解評估依據與後續檢討時程」。","[""注意公告提供的不只是結果，也包含意見摘要。"",""檢討日期讓外界知道何時會再次評估。"",""資料與時程公開有助理解決策程序，但不代表已預定評估結論。""]","同時留意公布了哪些依據，以及何時再檢討；公開流程不等於保證民意一致或政策已定案。","[]","","","","","","","","","","","","","","",""
"CHI-0675","國文","原創會考程度練習","","","九年級上","閱讀理解與語文應用","資訊同意與公開倫理","中等","素養題","日記寫道：「他收到校刊邀稿後，沒有立刻下筆，而是先查閱受訪者同意公開的範圍；確認可刊姓名後，才完成稿件。」這段安排最能突顯什麼？","作者為了拖延交稿，故意增加不必要步驟","稿件是否有趣比受訪者意願更重要","寫作前先確認公開界線，兼顧資料使用與受訪者意願","只要取得口頭內容，就能任意公開受訪者姓名","2","寫作前先確認公開界線，兼顧資料使用與受訪者意願","","日記交代他先確認受訪者同意公開的範圍，再決定是否刊出姓名，顯示寫作時兼顧資料使用與當事人意願。答案為「寫作前先確認公開界線，兼顧資料使用與受訪者意願」。","[""依日記順序找出先後行動：先確認同意範圍，再完成稿件。"",""確認姓名能否公開，是尊重受訪者對個人資訊的選擇。"",""因此這段重點不是拖延，而是先確認資料可公開的界線。""]","先確認受訪者同意公開的界線，再判斷能否刊出姓名；取得內容不代表可任意公開身分。","[]","","","","","","","","","","","","","","",""
"CHI-0676","國文","原創會考程度練習","","","九年級上","閱讀理解與語文應用","資料判讀與研究方法","中等","素養題","短文：「雨量計讀值異常後，研究小組先檢查儀器是否故障，再與附近測站的同期紀錄比較。」這種處理方式最能避免什麼問題？","所有異常值都必須刪除","不同測站的資料無法比較","儀器永遠不會發生故障","把測量錯誤誤當成真實的降雨變化","3","把測量錯誤誤當成真實的降雨變化","","先檢查儀器，再與附近測站紀錄交叉比對，可判斷異常是否來自設備問題，避免錯誤解讀。 答案為「把測量錯誤誤當成真實的降雨變化」。","[""先確認單一儀器可能故障。"",""檢查設備並比對其他測站可作交叉查核。"",""因此降低把測量誤差當成實際現象的風險。""]","先檢查儀器本身，再用附近測站交叉比對；異常值要查證，不是看到異常就刪除。","[]","","","","","","","","","","","","","","",""
"CHI-0677","國文","原創會考程度練習","","","九年級上","閱讀理解與語文應用","成語語境應用","基礎","素養題","成語「按圖索驥」用來形容依據線索尋找。下列哪個情境最符合？","小傑沒看資料便猜測答案","小華守在原地等待偶然機會","小明把事情說得過分誇張","小芸依地圖上的標記找到展品所在展間","3","小芸依地圖上的標記找到展品所在展間","","「按圖索驥」比喻依照線索或方法尋找，小芸依地圖標記找展品符合其意。 答案為「小芸依地圖上的標記找到展品所在展間」。","[""掌握成語核心：依據圖示或線索尋找。"",""檢查 D 是否有明確的地圖標記及尋找行動。"",""其他情境分別是猜測、等待或誇大，與成語義不同。""]","成語含「圖」與「索」的線索：依圖示找尋，重點是按線索查找而非猜測或等待。","[]","","","","","","","","","","","","","","",""
"CHI-0678","國文","原創會考程度練習","","","九年級上","閱讀理解與語文應用","公告條件判讀","基礎","素養題","校內公告：「科展作品須於週四 16:00 前送至自然教室，模型可另以照片呈現。」小真週四 15:40 抵達，帶著模型照片，應送到哪裡？","自然教室","教務處","警衛室","圖書館","0","自然教室","","公告指定作品送交地點為自然教室；模型可用照片呈現，小真在期限前抵達，符合規定。 答案為「自然教室」。","[""找出截止時間及送交地點。"",""模型照片是允許的呈現方式。"",""15:40 早於 16:00，應送至自然教室。""]","公告已指定地點與截止時間；模型可用照片呈現，不會改變送交自然教室的要求。","[]","","","","","","","","","","","","","","",""
"CHI-0679","國文","原創會考程度練習","","","九年級上","閱讀理解與語文應用","文言詞義","基礎","素養題","古文：「人非生而知之者，孰能無惑？」句中「惑」最接近何意？","喜悅","疑問或困惑","憤怒","睡意","1","疑問或困惑","","句意是人不是生來就懂得一切，誰能沒有疑惑；「惑」指疑問或困惑。 答案為「疑問或困惑」。","[""從反問句理解人人可能遇到不明白之處。"",""「孰能無」表示誰能沒有。"",""因此「惑」指疑惑，不是情緒或生理狀態。""]","「孰能無」是反問「誰能沒有」；由此看出「惑」是人人可能遇到的疑惑。","[]","","","","","","","","","","","","","","",""
"CHI-0680","國文","原創會考程度練習","","","九年級上","閱讀理解與語文應用","資料用途推論","中等","素養題","短文：「校方將午餐剩食秤重四週，發現週五剩食較多；營養師再訪談學生，了解菜色接受度。」校方蒐集兩種資料的用意最可能是什麼？","證明學生都不喜歡週五午餐","只比較不同班級的用餐速度","掌握剩食情形並了解可能原因","決定停止供應所有蔬菜","2","掌握剩食情形並了解可能原因","","秤重呈現剩食量，訪談可了解菜色接受度，兩者合用有助掌握現象及可能原因。 答案為「掌握剩食情形並了解可能原因」。","[""秤重資料回答剩食多少。"",""訪談補充學生對菜色的感受。"",""不能僅憑這些資料斷定所有學生都不喜歡或停止供菜。""]","秤重回答「剩多少」，訪談回答「可能為何」；兩種資料互補，但不能直接推出所有學生都不喜歡。","[]","","","","","","","","","","","","","","",""
"CHI-0681","國文","原創會考程度練習","","","九年級上","閱讀理解與語文應用","事件與寓意判讀","中等","素養題","「他把地圖轉向與眼前道路一致，才發現原先以為的死路其實通往廣場。」這段描寫最能說明什麼？","地圖上的道路突然改變","廣場在短時間內移動位置","他從一開始便清楚路線","改變觀察角度後，對情況有了新理解","3","改變觀察角度後，對情況有了新理解","","道路並未改變，是他調整地圖方向後才看清路線，重點在改變觀察方式帶來新理解。 答案為「改變觀察角度後，對情況有了新理解」。","[""比對前後狀態：先以為是死路，後來發現通往廣場。"",""變化的是地圖方向與理解，不是道路本身。"",""因此新角度讓他重新判讀情況。""]","道路沒變，改變的是地圖方向和行者的判讀；答案要指出視角調整帶來理解改變。","[]","","","","","","","","","","","","","","",""
"CHI-0682","國文","原創會考程度練習","","","九年級上","閱讀理解與語文應用","文言譬喻理解","基礎","素養題","《論語》：「歲寒，然後知松柏之後凋也。」作者藉松柏在寒冬中的表現，主要比喻什麼？","經過艱難考驗才看出品格是否堅定","天氣寒冷時不宜外出","只有松柏適合種在山上","植物在冬天都會停止生長","0","經過艱難考驗才看出品格是否堅定","","松柏在寒冷時仍能保持常綠，借喻人在艱難環境中仍能堅守品格。 答案為「經過艱難考驗才看出品格是否堅定」。","[""理解「歲寒」是環境艱難的時刻。"",""松柏「後凋」顯示耐寒、不易改變。"",""作者借此比喻困境中顯出堅定品格。""]","「歲寒」是考驗，「後凋」是松柏的特性；比喻要把植物特性轉成困境中的品格。","[]","","","","","","","","","","","","","","",""
"CHI-0683","國文","原創會考程度練習","","","九年級上","閱讀理解與語文應用","規則條件整合","基礎","素養題","圖書館借閱規則：「續借須在到期日前辦理，且該書無人預約。」小安想續借的書尚未到期，但已有其他讀者預約；依規定他能否續借？","可以，只要尚未到期","不能，因為已有讀者預約","可以，但只能續借一天","不能，因為每張證件最多借五本","1","不能，因為已有讀者預約","","續借須同時符合到期日前及無人預約。雖然書尚未到期，但已有讀者預約，未符合續借條件。 答案為「不能，因為已有讀者預約」。","[""列出兩項必要條件：尚未到期、無人預約。"",""題幹只符合尚未到期，已有讀者預約。"",""兩項條件須同時成立，因此不能續借。""]","續借兩個條件必須同時成立；尚未到期不能抵銷「已有預約」這項限制。","[]","","","","","","","","","","","","","","",""
"CHI-0684","國文","原創會考程度練習","","","九年級上","閱讀理解與語文應用","意象與情緒推論","中等","素養題","短文：「作者沒有直接描寫離別，而寫車站時鐘一格一格前進、月台上的茶逐漸冷掉。」這些細節最可能營造何種情緒？","旅途順利的輕鬆","熱鬧慶典的期待","等待中的不捨與時間流逝感","對新商品的好奇","2","等待中的不捨與時間流逝感","","時鐘前進和茶變冷暗示等待時間拉長，配合離別情境可表現不捨與時間流逝。 答案為「等待中的不捨與時間流逝感」。","[""注意時鐘移動和茶逐漸變冷，都是時間經過的細節。"",""離別情境使等待帶有情感重量。"",""因此較符合不捨與流逝感，而非慶典或好奇。""]","時鐘前進與茶變冷都把等待時間具體化；離別雖未直說，仍可由細節推知不捨。","[]","","","","","","","","","","","","","","",""
"CHI-0685","國文","原創會考程度練習","","","九年級上","閱讀理解與語文應用","成語語境應用","中等","素養題","社區巡查員遇到下列哪種狀況時的處理，最能表現「見微知著」？","發現屋頂漆色略有不同，便斷定施工人員偷工減料","依照地圖標記尋找附近的消防栓","看到一次失誤，就認定某人永遠不可靠","發現牆角連續潮濕，檢查後推測管線可能滲漏","3","發現牆角連續潮濕，檢查後推測管線可能滲漏","","牆角連續潮濕是值得留意的細節；巡查員進一步檢查並將管線滲漏列為可能原因，呈現由局部徵兆推查較大問題。答案為「發現牆角連續潮濕，檢查後推測管線可能滲漏」。","[""辨認線索：牆角連續潮濕，顯示可能有持續性問題。"",""巡查員先檢查，再將管線滲漏列為可能原因，沒有只憑一眼就下定論。"",""由局部徵兆推查背後問題，最符合「見微知著」。""]","由反覆潮濕這個局部線索進一步查找可能原因，且保留查證程序；不可把「見微知著」誤作看到細節就武斷下結論。","[]","","","","","","","","","","","","","","",""
"CHI-0686","國文","原創會考程度練習","","","九年級上","閱讀理解與語文應用","規則資訊判讀","基礎","素養題","校園導覽手冊載明：「一樓展區可拍照但不可使用閃光燈；二樓文物區禁止拍照及錄影。」遊客在二樓看到文物時應如何做？","不拍照，也不錄影","只拍外觀不拍文物","關閉閃光燈後拍照","先錄影再刪除","0","不拍照，也不錄影","","二樓文物區明確禁止拍照及錄影，因此不可拍照或錄影；一樓的閃光燈規定不適用於二樓。 答案為「不拍照，也不錄影」。","[""確認所在位置是二樓文物區。"",""該區明列禁止拍照及錄影。"",""關閉閃光燈或只拍外觀，都不符合禁拍規定。""]","所在樓層決定適用規則：二樓是全面禁拍，不是只關閃光燈。","[]","","","","","","","","","","","","","","",""
"CHI-0687","國文","原創會考程度練習","","","九年級上","閱讀理解與語文應用","文言譬喻與主旨","基礎","素養題","古文：「不積跬步，無以至千里；不積小流，無以成江海。」兩組譬喻共同說明什麼？","只要開始就能立即達成目標","長遠成果需要持續累積","細小努力對結果毫無影響","成就主要依靠偶然機會","1","長遠成果需要持續累積","","小步累積才能到千里，小流匯聚才能成江海，兩組譬喻都強調持續累積。 答案為「長遠成果需要持續累積」。","[""比較跬步與千里、小流與江海的大小。"",""小單位逐漸累積成較大的成果。"",""因此主旨是持續積累，而非一蹴可幾。""]","兩組都用小單位累積成大成果；跬步到千里、小流到江海，結構相同。","[]","","","","","","","","","","","","","","",""
"CHI-0688","國文","原創會考程度練習","","","九年級上","閱讀理解與語文應用","作法目的判讀","中等","素養題","短文：「社區將老照片數位化，掃描後仍保留原件，並在檔案中記錄拍攝年份與提供者。」此作法主要兼顧什麼？","避免記錄照片來源","以數位檔案取代所有原件","方便查閱並保留原始資料脈絡","確保照片內容不會褪色或改變","2","方便查閱並保留原始資料脈絡","","數位化方便查閱，保留原件及記錄年份、提供者則保存來源脈絡。 答案為「方便查閱並保留原始資料脈絡」。","[""掃描產生數位檔，便於檢索與分享。"",""保留原件避免只剩複製檔。"",""記錄年份與提供者能保存資料脈絡。""]","數位檔方便查找，保留原件與來源欄位維持可追溯性；掃描不保證原件不會變化。","[]","","","","","","","","","","","","","","",""
"CHI-0689","國文","原創會考程度練習","","","九年級上","閱讀理解與語文應用","資訊整合與計算","基礎","素養題","通知：「志工集合時間提前十五分鐘，原訂服務地點不變；請穿著識別背心。」原集合時間為 9:00，服務地點為操場，志工應何時到哪裡？","9:15 到操場","8:45 到活動中心","9:00 到活動中心","8:45 到操場","3","8:45 到操場","","集合時間提前十五分鐘，9:00 減 15 分鐘為 8:45；地點維持操場。 答案為「8:45 到操場」。","[""計算新時間：9:00－15 分鐘＝8:45。"",""辨認地點未變，仍是操場。"",""因此應於 8:45 到操場集合。""]","先做 9:00 減 15 分鐘，再沿用「地點不變」；背心要求不影響時間地點判斷。","[]","","","","","","","","","","","","","","",""
"CHI-0690","國文","原創會考程度練習","","","九年級上","閱讀理解與語文應用","文言詞義","中等","素養題","文言句「學而時習之，不亦說乎？」中的「之」指代學習內容。下列哪一句的「之」用法相同？","漁人甚異之","送杜少府之任蜀州","何陋之有","久之，目似瞑","0","漁人甚異之","","「學而時習之」的「之」代指所學的內容；「漁人甚異之」中的「之」也代指前文所見的情況。其餘分別是動詞「往」、賓語前置標記及音節助詞。答案為「漁人甚異之」。","[""先判斷例句中的「之」代替前面提到的學習內容。"",""逐一比較選項：「漁人甚異之」的「之」代指所見情況。"",""「之任」是往、「何陋之有」是句式標記、「久之」是助詞，功能不同。""]","例句「之」代替前面的學習內容；比較各選項時要分清代詞、動詞和句式助詞。","[]","","","","","","","","","","","","","","",""
"CHI-0691","國文","原創會考程度練習","","","九年級上","閱讀理解與語文應用","編輯安排目的","中等","素養題","短文：「校刊編輯將兩篇對同一議題持不同立場的文章並列，並附上共同參照的數據來源。」這樣安排最可能有何作用？","保證兩篇文章的結論完全相同","呈現不同觀點，讓讀者依共同資料比較","以文章數量取代資料查證","避免讀者接觸反方意見","1","呈現不同觀點，讓讀者依共同資料比較","","兩篇立場不同的文章並列且提供共同數據來源，讓讀者比較觀點並參照資料判斷。 答案為「呈現不同觀點，讓讀者依共同資料比較」。","[""確認文章立場不同。"",""共同數據提供可對照的依據。"",""編排目的在比較與判斷，不是消除差異或免除查證。""]","不同立場的文章並列，不表示結論相同；共同資料來源提供可比較的基準，讀者仍要自行評估。","[]","","","","","","","","","","","","","","",""
"CHI-0692","國文","原創會考程度練習","","","九年級上","閱讀理解與語文應用","關聯詞與句意","基礎","素養題","句子「即使路途遙遠，隊員仍按計畫分段前進」中的「即使……仍……」表示什麼？","路途遙遠造成隊伍停止","路途是否遙遠尚未確定","承認不利條件，但行動仍持續","只有路途遙遠才開始前進","2","承認不利條件，但行動仍持續","","「即使」提出路途遙遠這項不利條件，「仍」表示隊員不因此停止，照計畫行動。 答案為「承認不利條件，但行動仍持續」。","[""找出讓步條件：路途遙遠。"",""再看主要行動：仍按計畫分段前進。"",""所以是承認困難仍持續行動。""]","「即使」引出讓步條件，「仍」後才是實際持續的行動；兩個關聯詞要合讀。","[]","","","","","","","","","","","","","","",""
"CHI-0693","國文","原創會考程度練習","","","九年級上","閱讀理解與語文應用","古文細節判讀","中等","素養題","短文：「他將借來的相機連同記憶卡一併歸還，並附上拍攝清單；清單中特別註明兩張照片因逆光而無法辨識。」這個細節最能突顯他什麼態度？","只想保留成功的成果，不願說明限制","認為器材借出後不必負責整理","刻意延後歸還相機以增加使用時間","如實歸還物品並交代成果限制","3","如實歸還物品並交代成果限制","","他不只歸還相機和記憶卡，也在清單中註明無法辨識的照片，沒有隱瞞成果限制，表現如實交代。答案為「如實歸還物品並交代成果限制」。","[""確認他歸還的不只相機，也包括記憶卡和拍攝清單。"",""清單主動註明兩張照片無法辨識，交代了不理想的結果。"",""因此細節強調負責任且如實說明，而非只呈現成功部分。""]","相機、記憶卡和清單都歸還，且主動標出失敗照片；判斷態度時別只看交還器材。","[]","","","","","","","","","","","","","","",""
"CHI-0694","國文","原創會考程度練習","","","九年級上","閱讀理解與語文應用","篇章次序與說明功能","中等","素養題","展覽說明先介紹陶器的出土年代，再呈現修復前後的照片，最後請觀眾比較兩種器形。這樣安排最可能有何作用？","由背景與修復證據鋪陳，引導觀眾進一步觀察比較","以年代資料證明兩件陶器一定同時製作","先要求觀眾作結論，再提供任何資料","讓觀眾只注意照片而忽略器形差異","0","由背景與修復證據鋪陳，引導觀眾進一步觀察比較","","年代提供歷史背景，修復前後照片呈現器物狀態，結尾的比較任務引導觀眾依據資料觀察器形。答案A「由背景與修復證據鋪陳，引導觀眾進一步觀察比較」。","[""先辨認年代資料的功能：建立陶器的歷史背景。"",""修復前後照片補充器物狀態，讓觀眾有具體比較材料。"",""最後提出比較問題，促使觀眾運用前文資訊觀察器形。""]","按「年代背景→修復證據→觀眾比較」看各段功能；結尾的提問承接前面的資料，不是孤立的新內容。","[]","","","","","","","","","","","","","","",""
"CHI-0695","國文","原創會考程度練習","","","九年級上","閱讀理解與語文應用","情感與細節判讀","基礎","素養題","「那盞路燈每晚準時亮起，搬離多年後，我仍記得它照著回家路的樣子。」這句話主要流露什麼情感？","對路燈價格的不滿","對往日時光與熟悉生活的懷念","對搬家決定的喜悅","對夜間行走的恐懼","1","對往日時光與熟悉生活的懷念","","搬離多年後仍記得路燈照亮回家路，顯示這個日常景象承載回憶與懷念。 答案為「對往日時光與熟悉生活的懷念」。","[""注意「搬離多年後仍記得」顯示記憶持續。"",""路燈與回家路連結過往生活。"",""因此流露懷念，不是談價格或恐懼。""]","「搬離多年後仍記得」把路燈連回熟悉的回家路；感情來自日常記憶，不是對物品價格的評價。","[]","","","","","","","","","","","","","","",""
"CHI-0696","國文","原創會考程度練習","","","九年級上","閱讀理解與語文應用","文言詞義","中等","素養題","下列文句中的「乃」，何者最接近「才」的意思？","家祭無忘告乃翁","乃不知有漢，無論魏晉","太丘捨去，去後乃至","乃重修岳陽樓","2","太丘捨去，去後乃至","","「去後乃至」描述陳太丘離開後，友人才到；「乃」表示「才」。A 是「你的」，B 表示「竟然」，D 表示「於是」。答案為「太丘捨去，去後乃至」。","[""確認各句「乃」前後的語意關係。"",""「去後乃至」表示先離開，之後對方才到。"",""因此此處「乃」相當於「才」；其他三句分別表「你的、竟然、於是」。""]","比較「去」和「至」的先後：「去後乃至」是離開之後對方才到；其餘三個「乃」各有不同語法功能。","[]","","","","","","","","","","","","","","",""
"CHI-0697","國文","原創會考程度練習","","","九年級上","閱讀理解與語文應用","條件資訊完整性","進階","素養題","短文：「校隊選拔採兩項標準：測驗成績占六成，團隊合作觀察占四成。小杰測驗分數最高，但合作評分低；教練依總分排序。」要判斷小杰是否入選，還缺少什麼資訊？","教練是否依總分排序","小杰測驗成績是否最高","合作觀察占幾成","所有候選人的加權總分及錄取名額","3","所有候選人的加權總分及錄取名額","","已知權重與排序方式，但要判斷是否入選，還需比較所有候選人的加權總分及錄取名額。 答案為「所有候選人的加權總分及錄取名額」。","[""確認已知資訊：兩項權重、排序方式及小杰部分表現。"",""入選與否取決於他相對於其他候選人的排名。"",""因此還需全體加權總分及名額。""]","單有小杰最高的測驗分數仍不足以排總名次；還要知道合作分數、其他人總分與名額。","[]","","","","","","","","","","","","","","",""
"CHI-0698","國文","原創會考程度練習","","","九年級上","閱讀理解與語文應用","文言文主旨","中等","素養題","〈陋室銘〉寫「無絲竹之亂耳，無案牘之勞形」，這兩項「無」共同呈現哪種生活狀態？","遠離喧擾的音樂與繁重公務，生活清靜自在","作者因聽力不佳而無法欣賞音樂","作者拒絕所有人往來，也不再工作","居室缺少樂器與文書，所以生活困苦","0","遠離喧擾的音樂與繁重公務，生活清靜自在","","「絲竹」指奏樂，「案牘」指公文；「無……亂耳」「無……勞形」寫不受音樂喧擾與公務勞累，呈現清靜自在的生活。答案為「遠離喧擾的音樂與繁重公務，生活清靜自在」。","[""理解「絲竹」和「案牘」分別指音樂及公文。"",""兩句都以「無」寫出不受外界喧擾或公務拖累。"",""合看可知作者描寫的是清靜自適，不是聽力或物質匱乏。""]","「絲竹」和「案牘」分別指音樂與公務；兩句都寫不受外在事務干擾，合起來是清靜自適。","[]","","","","","","","","","","","","","","",""
"CHI-0699","國文","原創會考程度練習","","","九年級上","閱讀理解與語文應用","公告範圍與例外判讀","基礎","素養題","短文：「河岸步道因施工分兩階段封閉，第一階段只封北段，南段仍可通行；公告另提醒依現場指示改道。」民眾想走南段，應如何判斷？","全線都已永久封閉","南段仍可通行，但須留意現場改道指示","公告表示施工已全部完成","北段可以通行，南段禁止進入","1","南段仍可通行，但須留意現場改道指示","","公告限定第一階段封閉北段，並明說南段仍可通行；同時須遵循現場改道指示。 答案為「南段仍可通行，但須留意現場改道指示」。","[""辨認封閉範圍是北段，不是全線。"",""確認南段仍可通行的明文資訊。"",""再遵照現場指示選擇安全路線。""]","封閉範圍限定為北段，南段仍開放；同時要遵守現場指示，不要把分階段施工讀成全線封閉。","[]","","","","","","","","","","","","","","",""
"CHI-0700","國文","原創會考程度練習","","","九年級上","閱讀理解與語文應用","人物關係與細節推論","中等","素養題","短文：「她把修好的鐘交還給店主，卻沒有收錢。店主問為何，她說：『上次你替我看店，也沒算工錢。』」這段對話最能表現她怎樣看待兩人的往來？","她認為修鐘的技術不值得收費","她希望店主以後不再請她修理","她記得對方曾幫忙，願意以互助回應","她不希望店主知道自己會修鐘","2","她記得對方曾幫忙，願意以互助回應","","她以店主先前替自己看店、未收工錢為由，這次也不收修鐘費，將互相幫助視為彼此往來。答案為「她記得對方曾幫忙，願意以互助回應」。","[""找出她不收費的理由：店主以前也曾替她看店而未收錢。"",""她以相似的方式回應對方，並非否定修理技術或拒絕往來。"",""因此對話呈現的是記得情分、以互助回報。""]","她把不收費的理由連回店主先前的幫忙；重點是互相回應，不是認為修理沒有價值。","[]","","","","","","","","","","","","","","",""
"CHI-0701","國文","原創會考程度練習","","","九年級上","閱讀理解","條件整合與優先規則判讀","中等","單題選擇","夏令營公告：「若空氣品質達紅色警示，戶外課改在教室；若發布雷雨特報，當日課程取消。兩種情況同時發生時，以取消為準。」今天兩項情況都出現，課程如何安排？","改在教室上課","照常進行戶外課","延後一天，公告沒有提及的日期","取消當日課程","3","取消當日課程","","兩項條件都成立時，公告明訂以雷雨特報的「取消」規則為準，因此不能只依空氣品質改到教室。答案D「取消當日課程」。","[""先判斷兩條件：紅色空品警示與雷雨特報今天都已發生。"",""空品規則要求改室內，但公告另外明訂雷雨特報時取消。"",""兩者同時出現時有優先規則，以取消為準，故選 D。""]","同時符合兩項條件時，依公告的優先規則處理；不要只套用先看到的室內替代方案。","[]","","","","","","","","","","","","","","",""
"CHI-0702","國文","原創會考程度練習","","","九年級下","閱讀理解","擬人與情感寄託","中等","單題選擇","「老屋的窗框仍留著童年刻下的身高記號。如今孩子搬到遠方，只有午後的光，還每天替他回家。」『午後的光替他回家』主要運用了哪種修辭？","擬人","排比","借代","設問","0","擬人","","光線被寫成能替孩子回家的行動者，賦予非人的光以人的行為，是擬人修辭；窗框記號與遠行背景也讓此描寫帶有思念。答案A「擬人」。","[""找出把光寫成行動者的語句：「替他回家」。"",""光不會真的像人一樣回家，句子把人的動作賦予光。"",""這種把非人事物寫成人的修辭是擬人，答案為 A。""]","判修辭要看句子如何寫：『替他回家』把人的行動賦予光，才是擬人的直接線索。","[]","","","","","","","","","","","","","","",""
"CHI-0703","國文","原創會考程度練習","","","七年級上","閱讀理解","對比手法","中等","單題選擇","「他把獎狀收進抽屜，卻把同學借他的舊傘掛在門邊。」作者藉這個對照，最可能凸顯人物何種特質？","害怕收藏重要物品","看重情誼勝過名利","不在意他人的幫助","習慣把物品分類","1","看重情誼勝過名利","","獎狀代表個人成就，借來的傘提醒他人情誼；前者被收起、後者放在醒目處，形成價值選擇的對照。","[""比較兩件物品象徵的意義與擺放方式。"",""獎狀被收起，借來的傘則掛在醒目處，顯示人物刻意記得同學的幫助。"",""因此作者以對照凸顯他重視情誼勝過個人成就，答案為 B。""]","獎狀代表個人成就，借來的傘連結同學情誼；比較兩件物品被如何安置，才能看出人物重視什麼。","[]","","","","","","","","","","","","","","",""
"CHI-0704","國文","原創會考程度練習","","","七年級下","閱讀理解","主旨判讀","中等","單題選擇","「老師沒有替我改完作文，只在每段旁寫下一個問題。回家後，我第一次知道，修改不是找錯字，而是重新想清楚自己要說什麼。」這段經驗的主旨為何？","作文只要修正錯字即可","老師應直接代替學生寫作","提問能引導作者重新思考","段落越多文章越完整","2","提問能引導作者重新思考","","老師用問題促使學生自行重想內容，學生因而修正對寫作的理解，重點在提問引發思考。","[""注意結尾「重新想清楚」如何回應前文的提問。"",""老師不直接改寫，而以問題讓學生自行釐清文章要表達的內容。"",""答案為 C。本文不是主張代寫或只改字詞，而是說明提問能幫助作者釐清表達目的。""]","結尾「重新想清楚要說什麼」直接回應老師提出的問題，主旨在提問引導思考，不是代寫。","[]","","","","","","","","","","","","","","",""
"CHI-0705","國文","原創會考程度練習","","","八年級上","閱讀理解","文本推論","中等","單題選擇","「雨停了，操場仍積著水。孩子們沒有等工友來，先把排水口旁的落葉一片片拾起。」這段文字最能支持哪一項推論？","操場積水完全由落葉造成","雨後活動一定全部取消","工友已經不再負責校園","孩子們主動處理眼前的問題","3","孩子們主動處理眼前的問題","","孩子們看見積水後主動清理排水口旁落葉，能推論其願意先採取行動；材料未證明積水成因或工友職責改變。","[""區分文本明示的行動與沒有證據的因果推測。"",""孩子們主動拾起排水口旁的落葉，這是題文直接描述的行動。"",""答案為 D。其餘選項都把局部線索擴大成文本未交代的事實。""]","文本只支持孩子們先清理落葉，沒有證據證明落葉是唯一積水原因，也沒說工友職責改變。","[]","","","","","","","","","","","","","","",""
"CHI-0706","國文","原創會考程度練習","","","八年級下","閱讀理解","人物描寫","基礎","單題選擇","「山路越走越窄，父親卻把步子放慢，讓背著行李的我走在前面。」這句話主要透過何者呈現父親的關愛？","動作與行進安排","外貌與衣著描寫","景物色彩變化","直接說理議論","0","動作與行進安排","","父親放慢腳步並讓孩子先行，是具體動作與安排，含蓄呈現照顧，而非直接說出關愛。","[""圈出人物所做的事，再判斷它如何顯示情感。"",""父親放慢腳步，並讓背著行李的孩子走在前面，具體減輕孩子負擔。"",""答案為 A。關愛由放慢、讓行等動作表現，屬於以行動刻畫人物。""]","父親放慢腳步、讓孩子先行是可觀察的照顧行動；題幹沒有外貌或直接議論描寫。","[]","","","","","","","","","","","","","","",""
"CHI-0707","國文","原創會考程度練習","","","九年級上","閱讀理解","譬喻修辭","基礎","單題選擇","「石階一級級向上，像把急著抵達的心，也慢慢扶穩了。」這個比喻最主要把攀登經驗轉化成什麼感受？","說明石階實際具有扶人的功能","把行走經驗轉化為安定心情的力量","強調石階長度與高度的測量","描寫旅人急於競賽的速度","1","把行走經驗轉化為安定心情的力量","","石階被譬喻為能扶穩內心的力量，將外在攀登連結到情緒沉澱，並非說石階真的扶人。","[""「像把急著抵達的心扶穩」把行走過程連到內心狀態。"",""石階並非真的扶住心，而是比喻逐步前行讓焦急沉澱。"",""答案為 B。此比喻把逐步前行轉化為心境安定的過程。""]","不要把「扶穩」當成石階真的扶住身體；句子寫的是行走節奏讓急切心情逐漸安定。","[]","","","","","","","","","","","","","","",""
"CHI-0708","國文","原創會考程度練習","","","九年級下","閱讀理解","敘事順序","中等","單題選擇","「第一次演講時，我把每個字都背得一字不差，卻忘了抬頭看聽眾。第二次，我只記住段落重點，反而能回應台下的眼神。」這段文字的寫作順序為何？","先交代結論，再倒述演講起因","並列兩場無關的演講內容","先寫初次失誤，再寫調整後的改變","由遠景逐步轉為人物外貌","2","先寫初次失誤，再寫調整後的改變","","文章先敘第一次只顧背稿的不足，再寫第二次改用段落重點後能與聽眾互動，呈現前後改變。","[""比較兩次經驗的先後與方法差異。"",""第一次逐字背稿而忽略聽眾，第二次記段落重點並回應眼神。"",""答案為 C。第二次經驗回應並修正第一次的問題，不是倒敘或單純並列。""]","比較「第一次」與「第二次」的演講方式及結果；後一次正是調整初次只背稿的問題。","[]","","","","","","","","","","","","","","",""
"CHI-0709","國文","原創會考程度練習","","","七年級上","閱讀理解","認知轉折","中等","單題選擇","「我原以為沉默就是不在乎，直到朋友把那張被雨淋皺的紙條交還給我，才發現他一直記得我的提醒。」這段文字中的「才發現」主要表示什麼？","朋友忘記了紙條的內容","敘述者一直不相信朋友","紙條使兩人產生爭執","敘述者對朋友的理解發生轉變","3","敘述者對朋友的理解發生轉變","","敘述者原先把沉默解讀為不在乎，看到朋友保存紙條後改變判斷；「才發現」標示認知轉折。","[""對照「原以為」與「才發現」前後兩種看法。"",""朋友交還被雨淋皺的紙條，證明他一直記得提醒。"",""答案為 D。情節重點在重新理解朋友的沉默，而非發生衝突。""]","「原以為」和「才發現」標出理解前後的差異；紙條是促使敘述者改變判斷的證據。","[]","","","","","","","","","","","","","","",""
"CHI-0710","國文","原創會考程度練習","","","七年級下","閱讀理解","因果推理","基礎","單題選擇","「通知寫著『請於週五前回覆』，但班長在週三就逐一確認。有人嫌他太急，他只說：『晚一天，器材就來不及準備。』」班長提前確認的主要理由為何？","預留處理回覆與準備器材的時間","證明通知日期寫錯了","讓自己比其他幹部更忙","避免同學在週五參加活動","0","預留處理回覆與準備器材的時間","","班長明說器材需要準備，因此提前確認可留下後續處理時間；通知期限並沒有被改寫。","[""把人物的行動與他親口說明的原因連結。"",""週五是正式期限，但器材若晚一天準備會來不及，因此需要提早掌握回覆。"",""答案為 A。提前確認是為了確保器材準備來得及，不代表週五期限錯誤。""]","班長親口指出「晚一天，器材就來不及準備」；這是提前確認的直接原因，不代表更改回覆期限。","[]","","","","","","","","","","","","","","",""
"CHI-0711","國文","原創會考程度練習","","","八年級上","閱讀理解","氛圍營造","基礎","單題選擇","「窗外的蟬聲忽然停了。她抬頭看了一眼空椅子，沒有再問那個人何時回來。」蟬聲停止與空椅子在此最可能共同營造何種氣氛？","熱鬧歡慶的期待","等待落空後的寂寥","緊張刺激的追逐","輕鬆愉快的遊戲","1","等待落空後的寂寥","","蟬聲突然停止與空椅子形成寂靜、缺席的意象，配合不再追問，營造等待落空的孤寂。","[""將聲音變化、空間意象和人物反應合併判讀。"",""空椅子顯示對方不在，人物也不再詢問何時回來。"",""答案為 B。若是歡慶或追逐，文本應有相應的熱鬧或動作線索。""]","蟬聲停、空椅子和不再追問三個線索合看，呈現聲音、空間與人物反應共同造成的寂寥。","[]","","","","","","","","","","","","","","",""
"CHI-0712","國文","原創會考程度練習","","","八年級下","閱讀理解","言行反差","基礎","單題選擇","「他總說自己不怕失敗；每逢公布名次，卻第一個把成績單翻面。」這句話使用哪種方式呈現人物？","直接說明人物毫不在乎","透過景物烘托愉快氣氛","以言行反差暗示內心在意","引用他人評論作為證明","2","以言行反差暗示內心在意","","口頭說不怕失敗，實際卻急著遮住成績，言語與動作相反，暗示他仍在意結果。","[""比較人物宣稱與實際行動是否一致。"",""公布名次時翻面遮住成績，與口頭宣稱形成反差。"",""答案為 C。反差讓讀者自行推知人物心情，並非直接證明他毫不在乎。""]","把口頭宣稱「不怕」和公布名次時翻面遮住成績對照，人物真正在意的心情由反差呈現。","[]","","","","","","","","","","","","","","",""
"CHI-0713","國文","原創會考程度練習","","","九年級上","閱讀理解","論證分析","中等","單題選擇","「若只把河堤加高，洪水或許暫時不進村；若上游持續砍伐，泥沙仍會堆積，下一場雨還是可能改道。」作者在這段論述中主要採用何種推理？","按年代列出河堤沿革","以個人回憶取代證據","描寫洪水當下的感官","比較短期措施與長期成因","3","比較短期措施與長期成因","","文段先談加高河堤的短期效果，再指出上游砍伐造成的持續風險，藉此比較治標與處理成因。","[""加高河堤可能暫時擋水，但上游砍伐仍讓泥沙堆積並改變河道。"",""作者藉兩種時間尺度說明只做下游工程無法排除持續風險。"",""答案為 D。作者重點不是歷史或感官描寫，而是指出只處理下游無法消除上游成因。""]","加高河堤只暫時擋水，上游砍伐造成的泥沙問題仍在；比較的是短期治標與持續成因。","[]","","","","","","","","","","","","","","",""
"CHI-0714","國文","原創會考程度練習","","","九年級下","閱讀理解","主旨歸納","中等","單題選擇","「市場裡，魚販把最後一尾未成年的魚放回水中，說：『讓牠再長大一些。』旁邊的孩子把塑膠袋折好，收進購物袋準備下次再用。」這段材料最適合支持何種主旨？","日常選擇也能體現對資源的珍惜","市場交易只看商品大小","孩子不喜歡使用塑膠袋","魚販每天都不營業","0","日常選擇也能體現對資源的珍惜","","魚販讓未成年的魚繼續生長，孩子收好塑膠袋重複使用；兩個行動都避免立刻消耗資源，支持珍惜資源的主旨。","[""從兩個人物的行動找出共同價值，而非過度推測動機。"",""孩子把塑膠袋收好準備再用，明確呈現減少一次性消耗。"",""答案為 A。材料呈現的是行動所反映的珍惜態度，不足以斷定孩子討厭塑膠或魚販不營業。""]","魚販讓魚繼續生長，孩子明說下次再用袋子；兩個行動都有文本線索支持珍惜資源。","[]","","","","","","","","","","","","","","",""
"CHI-0715","國文","原創會考程度練習","","","七年級上","閱讀理解","敘事安排與懸念","進階","單題選擇","小說寫道：「她看完信，把原訂與朋友同搭的車票放回抽屜。」直到下一段，讀者才知道信中說朋友已改搭另一班列車。作者延後交代信的內容，主要有何效果？","先直接說明事件結果，使讀者不必推想","暫緩揭露關鍵資訊，形成疑問並讓後文重新解釋人物行動","證明信件內容與人物行動毫無關係","表示人物從未收到任何信件","1","暫緩揭露關鍵資訊，形成疑問並讓後文重新解釋人物行動","","第一句只呈現看信與收起車票，尚未交代原因；下一段補出改搭列車的消息後，讀者才理解人物為何收起車票。延後揭露形成懸念，也使後文補足前文。答案為「暫緩揭露關鍵資訊，形成疑問並讓後文重新解釋人物行動」。","[""第一段只交代她看信、把車票放回抽屜，沒有說明原因。"",""下一段補上改搭列車的消息後，讀者才把信件內容與車票行動連起來。"",""因此延後資訊是為了暫留疑問並補充前文，不是直接揭示結果或否認收信。""]","第一段隱去信件內容，只留下看信與收票的行動；第二段補出的消息才解開原因，形成延後揭露。","[]","","","","","","","","","","","","","","",""
"CHI-0716","國文","原創會考程度練習","","","七年級下","閱讀理解","情景交融","中等","單題選擇","「海風把鹽味留在衣袖，夕陽把歸途染成金色；我一路不說話，心裡卻比出發時安靜許多。」這段文字的敘述重心為何？","海岸地形與鹽分的科學介紹","交通工具的性能比較","旅途中景物與內在心境的相互映照","返家路線的逐站說明","2","旅途中景物與內在心境的相互映照","","海風、夕陽等感官景物與心境由紛亂轉安靜相互呼應，敘述重點是景與情的映照。","[""找出外在景物和心情變化的連結。"",""敘述者的心情從出發時到返程時有所改變，且與沿途景色並寫。"",""答案為 C。文本沒有說明地形、交通性能或路線資訊。""]","鹽味、金色夕陽是外在景物，歸途安靜是內在感受；題目問的是兩者如何互相映照。","[]","","","","","","","","","","","","","","",""
"CHI-0717","國文","原創會考程度練習","","","八年級上","閱讀理解","寓意理解","基礎","單題選擇","「他把每一封退件信按日期排好，沒有丟掉；多年後，他才看見那些紅字旁的批註，正是自己進步的軌跡。」作者如何看待失敗經驗？","退件信只會阻礙後續創作","成功完全與過去經驗無關","紅字批註代表批改者有敵意","失敗留下可供回顧與成長的線索","3","失敗留下可供回顧與成長的線索","","退件信與批註被重新理解為進步軌跡，顯示失敗經驗能成為回顧和成長的材料。","[""看多年後敘述者如何重新解讀退件信。"",""他把信件留存多年，後來從批註中辨認出自己的進步。"",""答案為 D。文段肯定反思失敗的價值，沒有把退件視為敵意或無用阻礙。""]","「紅字旁的批註」由當年的退件轉成多年後看見的進步線索；注意時間拉開後觀點如何改變。","[]","","","","","","","","","","","","","","",""
"CHI-0718","國文","原創會考程度練習","","","八年級下","閱讀理解","人物特質","中等","單題選擇","「所有人都說這條巷子太窄，推車過不去。阿公卻先拆下門檻，再把桌椅往屋內挪，留出一條剛好能通行的路。」這段敘事最能凸顯阿公何種特質？","面對限制時靈活調整做法","認為巷子寬度完全足夠","堅持所有物品不得移動","習慣等待別人先處理","0","面對限制時靈活調整做法","","阿公沒有否認巷道狹窄，而是調整門檻和家具找出可行通道，表現靈活解決問題。","[""觀察人物如何回應眾人指出的限制。"",""拆門檻、挪桌椅是因應空間限制的實際調整。"",""答案為 A。人物採取具體調整，並非認為問題不存在或等待他人。""]","阿公沒有否認巷子狹窄，而是拆門檻、挪桌椅創造通道；特質由具體解法表現。","[]","","","","","","","","","","","","","","",""
"CHI-0719","國文","原創會考程度練習","","","九年級上","閱讀理解","因果判讀","中等","單題選擇","「植物標籤上寫著『喜陰』，小晴卻把它放在西曬窗邊。兩週後葉片焦黃，她才把盆栽移到走廊散射光處。」這段材料主要呈現何種因果？","植物只要澆水就不需考慮光線","西曬環境與喜陰需求不合後葉片焦黃，她據此調整位置","葉片變黃必定是肥料太少","走廊完全沒有任何光線","1","西曬環境與喜陰需求不合後葉片焦黃，她據此調整位置","","標籤指出植物喜陰，西曬後葉片焦黃；小晴因此改放散射光處。題幹沒有交代移動後結果，故只能判斷她依受損情況調整環境，不能說已確認改善。","[""依序對照植物需求、原環境、結果與後續處置。"",""喜陰植物被放在西曬處後葉片焦黃，小晴才移到散射光處。"",""答案為 B。材料支持環境不合需求後受損及後續調整，但沒有提供調整後的成效。""]","題幹只交代移位，沒有描述之後葉片變化；可判斷她據此調整，不能推稱調整後已改善。","[]","","","","","","","","","","","","","","",""
"CHI-0720","國文","原創會考程度練習","","","九年級下","閱讀理解","資料判讀","中等","單題選擇","「小組報告中，第一位同學只列出三個統計數字；第二位補上數字的來源與調查方法。」第二位同學的補充最主要改善了什麼？","報告的色彩豐富度","調查對象的年齡","資料的可查證性","統計數字的大小","2","資料的可查證性","","來源與調查方法讓讀者能追溯數字如何取得、是否可信，因此提升可查證性。","[""比較報告前後增加了哪一類資訊：數字本身，還是數字的出處與取得方式。"",""來源和調查方法讓讀者能追溯資料並檢視其可信度，改善的是可查證性。"",""答案為 C。它不會改變數值、受訪者年齡或報告配色。""]","來源與調查方法能讓讀者追查數據如何取得，提升資料的可查證性。","[]","","","","","","","","","","","","","","",""
"CHI-0721","國文","原創會考程度練習","","","七年級上","閱讀理解","成語理解","基礎","單題選擇","「他整理資料時不只核對日期，也回頭查原始紀錄，免得以訛傳訛。」『以訛傳訛』在句中的意思為何？","消息因查證而更完整","原始紀錄逐漸消失","資料依日期重新排列","錯誤說法被轉述而擴大","3","錯誤說法被轉述而擴大","","以訛傳訛指錯誤的說法被不斷轉傳；查原始紀錄正是為避免這種情況。","[""「免得」指出查原始紀錄的目的，是避免某種錯誤傳播。"",""「以訛傳訛」指錯誤說法被轉述流傳；查核來源正是防止錯誤擴散。"",""答案為 D。成語不是資料排序，而是錯誤消息一再轉述。""]","以訛傳訛是錯誤說法被轉傳；留意「免得」後面是要避免的結果。","[]","","","","","","","","","","","","","","",""
"CHI-0722","國文","原創會考程度練習","","","七年級下","閱讀理解","對比手法","基礎","單題選擇","「走廊的燈一盞盞亮起，夜自習的學生仍低頭寫著；窗外的操場已空無一人。」這段文字主要運用何種對比？","室內勤學與室外寂靜","白天繁忙與清晨喧鬧","教師嚴格與學生反抗","新校舍與舊校舍","0","室內勤學與室外寂靜","","低頭寫作業的學生與空無一人的操場形成動靜、內外對照，凸顯夜自習情景。","[""找出分號前後同一時刻的兩個空間畫面。"",""室內學生仍在寫作，室外操場已無人，形成室內活動與室外寂靜的對照。"",""答案為 A。文中沒有白天、師生衝突或校舍新舊的線索。""]","分號兩側分別是夜自習中的室內與空無一人的操場，對照內外景象。","[]","","","","","","","","","","","","","","",""
"CHI-0723","國文","原創會考程度練習","","","八年級上","閱讀理解","象徵判讀","中等","單題選擇","「我把傘遞給淋雨的陌生人，他道謝後走遠。回家時，雨仍下著，我卻覺得一路都很明亮。」『明亮』最可能象徵什麼？","雨勢已經完全停止","助人後內心感到溫暖","街燈突然變得更強","陌生人把傘帶走了","1","助人後內心感到溫暖","","雨仍下著，排除天氣轉晴；明亮轉而描寫助人後的心情。","[""「雨仍下著」表示天氣沒有轉晴；「卻」提示後半句轉向不同層次。"",""「明亮」因此不是實際光線，而是遞傘助人後溫暖、愉快的內在感受。"",""答案為 B。陌生人帶走傘是情節，不足以解釋心境明亮。""]","雨仍未停、心情卻明亮；這個反差提示「明亮」象徵助人後的心境。","[]","","","","","","","","","","","","","","",""
"CHI-0724","國文","原創會考程度練習","","","八年級下","閱讀理解","文本推論","中等","單題選擇","「社區設置共享書架後，居民不必買下每一本書，也能交換閱讀心得。半年後，書架上的書籍種類增加，借閱人數也上升。」依據材料，最合理的結論為何？","居民從此不再購買任何書","書籍種類增加必然使每人閱讀相同","共享書架促進書籍流通與閱讀交流","借閱人數上升是因為書架縮小","2","共享書架促進書籍流通與閱讀交流","","共享與交換的設計讓書籍流通，材料又指出種類和借閱人數增加，支持促進閱讀交流的結論。","[""把制度（共享、交換）和半年後觀察到的變化（種類、借閱人數）連在一起。"",""書籍種類與借閱人數增加，支持書籍流通更活絡；交換心得也提供閱讀交流。"",""答案為 C。材料不支持居民從此不買書，也沒有說每人讀同一本或書架變小。""]","材料同時提到交換心得、書籍種類和借閱人數增加；不要把趨勢擴大成人人都一樣。","[]","","","","","","","","","","","","","","",""
"CHI-0725","國文","原創會考程度練習","","","九年級上","閱讀理解","氛圍營造","中等","單題選擇","「窗外的雨點敲著鐵皮，屋內的老鐘卻慢得像不肯走。她望著未拆封的信，沒有伸手。」這段文字最主要營造何種情緒？","歡快而急切的團聚","輕鬆自在的假日","憤怒激烈的爭吵","猶豫而沉重的等待","3","猶豫而沉重的等待","","慢鐘、未拆的信和沒有伸手都延宕行動，形成沉重、猶豫的等待感。","[""依序看雨聲、慢鐘、未拆的信和人物沒有伸手，這些都延緩了行動。"",""時間彷彿停滯、信仍未開啟，與不伸手的猶豫共同營造沉重等待。"",""答案為 D。沒有團聚、假日或爭吵的事件。""]","慢鐘、未拆信與停住的動作共同延宕情節，營造猶豫而沉重的等待感。","[]","","","","","","","","","","","","","","",""
"CHI-0726","國文","原創會考程度練習","","","九年級下","閱讀理解","推論界線與資料精度","基礎","單題選擇","地方文史館整理一張未標日期的舊照片，畫面可見尚未鋪設柏油的道路；館員比對工程檔案後，將照片標為「約民國六十年代」，而沒有標出某一年。館員為何使用「約」字？","現有線索只能支持大致年代，不能確定單一年份","照片中的道路完全無法辨認","工程檔案規定所有照片都須加上「約」字","館員不希望公開照片拍攝者的姓名","0","現有線索只能支持大致年代，不能確定單一年份","","照片沒有日期，只能依道路狀況與工程檔案推估年代，現有材料不足以確定某一年；「約」能避免把推估寫成精確日期。答案為「現有線索只能支持大致年代，不能確定單一年份」。","[""照片本身未標日期，館員另以道路狀況及工程檔案作比對。"",""這些線索可以估計年代範圍，但題目沒有提供能鎖定某一年的直接證據。"",""因此使用「約」呈現推估的不確定性，避免過度精確。""]","證據足以估年代但不足以定某一年；「約」是對資料精度的誠實標示。","[]","","","","","","","","","","","","","","",""
"CHI-0727","國文","原創會考程度練習","","","七年級上","閱讀理解","數據判讀","中等","單題選擇","「資料顯示，全校學生中有七成住在校園一公里內，但目前步行上學者不到四成。若要改善校門口的接送壅塞，學校可先調查周邊住戶的步行安全路線。」作者提出建議的依據為何？","所有學生都住在校園附近","部分學生住得近，改善步行條件可能減少接送","接送車輛全部違規停車","調查路線能縮短校園距離","1","部分學生住得近，改善步行條件可能減少接送","","全校有七成學生住在一公里內，但不到四成步行上學；近距離學生仍有改善步行條件的空間，調查安全路線可能減少接送需求。","[""讀清楚兩組資料的母群：全校七成住在一公里內，目前步行者不到四成。"",""近距離學生占比高但步行比例較低，調查安全路線可作為改善步行條件的依據。"",""答案為 B。資料支持改善步行環境的可能性，沒有說所有學生都住得近或車輛違規。""]","注意數據母群：七成指全校近距離學生，不到四成指目前步行者；這組差異支持調查步行條件。","[]","","","","","","","","","","","","","","",""
"CHI-0728","國文","原創會考程度練習","","","七年級下","閱讀理解","象徵判讀","中等","單題選擇","「媽媽把裂開的碗補好，仍留著那道細縫。她說：『補起來不是假裝沒裂過，是記得它曾陪我們吃飯。』」這道裂縫在文中最可能代表什麼？","器皿破損後必須丟棄","修補會讓碗恢復全新","經歷留下痕跡，仍可珍惜其價值","家人不再一起用餐","2","經歷留下痕跡，仍可珍惜其價值","","媽媽明說修補不是抹去裂痕，而是記得共同生活，裂縫象徵經歷的痕跡與珍惜。","[""先看媽媽如何解釋修補，再判斷裂縫是否只代表損壞。"",""她保留細縫，是要記得碗陪伴家人吃飯；裂痕於是成為共同經歷留下的痕跡。"",""答案為 C。她明確否定假裝沒裂過，沒有說碗全新或家人不再共餐。""]","人物直接說出留縫的理由：記得共同生活；象徵須依這句話而非只看字面破損。","[]","","","","","","","","","","","","","","",""
"CHI-0729","國文","原創會考程度練習","","","八年級上","閱讀理解","標題意涵與文化記憶","中等","單題選擇","展覽標題是「把聲音收藏起來」，內容展出居民錄製的地方方言、街市叫賣聲與錄音者的故事。標題中的「收藏」最主要指什麼？","把聲音實體放進收藏櫃保存","只留下最受歡迎的歌曲，不保留其他聲音","用錄音取代居民的書面資料","記錄並保存地方聲音及其文化記憶","3","記錄並保存地方聲音及其文化記憶","","展覽收錄方言、叫賣聲及錄音者故事，標題的「收藏」不是把聲音實體放進櫃子，而是透過錄音保存地方聲音與其文化記憶。答案為「記錄並保存地方聲音及其文化記憶」。","[""列出展覽實際保存的內容：方言、街市聲音及錄音者故事。"",""這些內容都是地方生活的聲音紀錄，並非可放入櫃中的實體物件或歌曲排行。"",""因此標題以「收藏」比喻記錄聲音、留存地方文化記憶。""]","標題的「收藏」需和展品內容一起解讀，指透過錄音留住地方聲音與記憶。","[]","","","","","","","","","","","","","","",""
"CHI-0730","國文","原創會考程度練習","","","八年級下","閱讀理解","主旨判讀","基礎","單題選擇","「一張紙要走過伐木、製漿、運輸和印刷，才會落在我們桌上。」作者用這句話最可能提醒讀者什麼？","紙張生產牽涉多項資源與流程","紙張只需印刷便能製成","運輸是紙張唯一成本","桌上的紙都來自同一棵樹","0","紙張生產牽涉多項資源與流程","","列出伐木到印刷的多個階段，提醒紙張並非憑空出現，製造過程涉及資源與流程。","[""留意列舉的流程：伐木、製漿、運輸、印刷，而非只談成品。"",""多個生產階段共同顯示紙張仰賴原料、加工和運送等資源及流程。"",""答案為 A。句子沒有說只需印刷、運輸是唯一成本或紙來自單一棵樹。""]","串連列舉的生產環節，可看出作者提醒讀者紙張背後有資源成本與製程。","[]","","","","","","","","","","","","","","",""
"CHI-0731","國文","原創會考程度練習","","","九年級上","閱讀理解","語境判讀","基礎","單題選擇","「他在信末寫『敬請指教』，寄給第一次合作的編輯；寫給多年好友時，則附上一句玩笑。」這兩種措辭差異主要反映什麼？","正式用語永遠比口語正確","語言會隨對象與關係調整","好友不需要完整訊息","編輯不應收到任何禮貌語","1","語言會隨對象與關係調整","","對編輯使用禮貌語，對好友用玩笑，顯示表達方式會依關係與情境改變。","[""比較兩種對象及各自使用的語氣。"",""第一次合作的編輯收到禮貌語，多年好友收到玩笑，語氣隨關係改變。"",""答案為 B。材料不支持正式語言永遠較好，也沒有說好友不需溝通。""]","比較編輯與好友兩種關係，以及各自採用的敬語和玩笑語氣。","[]","","","","","","","","","","","","","","",""
"CHI-0732","國文","原創會考程度練習","","","九年級下","閱讀理解","修辭理解","基礎","單題選擇","「山徑被落葉覆住，老農仍能一眼指出哪裡曾有水流。他說：『土地會把走過的路記下來。』」這句話最接近何種含意？","土地真的具有人的記憶能力","落葉會永久保存所有足跡","自然痕跡能留下環境變化的線索","水流只會出現在山徑中央","2","自然痕跡能留下環境變化的線索","","『土地記下』是形象說法，指地形與痕跡可供觀察者推知過去水流，不是土地真的有記憶。","[""把擬人語句還原成可觀察的自然線索。"",""老農由被覆住的山徑仍能指出舊水流，表示他依地貌留下的痕跡判讀。"",""答案為 C。文句強調從環境痕跡推論變化，其他選項過度字面化。""]","「土地記得」是擬人；要還原成老農從地貌痕跡辨認曾有水流。","[]","","","","","","","","","","","","","","",""
"CHI-0733","國文","原創會考程度練習","","","七年級上","閱讀理解","因果推理","中等","單題選擇","「他說要節省時間，卻每天花半小時抱怨排隊；改走另一個入口後，反而準時到教室。」作者安排這段經驗，主要想說明什麼？","排隊一定是他人造成的","所有入口的距離完全相同","準時只取決於抱怨多久","解決問題的行動比反覆抱怨有效","3","解決問題的行動比反覆抱怨有效","","主角由抱怨轉為改走入口，結果準時到達，形成行動解決問題的前後對照。","[""連結行動改變與結果變化，而非只看人物說法。"",""花半小時抱怨後仍排隊；改走另一入口才準時，結果對照支持採取解法。"",""答案為 D。材料沒有證明入口距離相同或排隊責任歸屬。""]","把「反覆抱怨」與「改入口後準時」兩段行動和結果對照。","[]","","","","","","","","","","","","","","",""
"CHI-0734","國文","原創會考程度練習","","","七年級下","閱讀理解","象徵判讀","中等","單題選擇","「那張空白的畫紙沒有一筆顏色，卻讓她想到還有許多可能。」空白在此最可能象徵什麼？","尚未決定、仍可創造的空間","作品已經完成","作者失去所有想法","畫紙不適合上色","0","尚未決定、仍可創造的空間","","空白引發『許多可能』，因此象徵尚未定型、可以創造的空間。","[""用後半句解釋前半句的象徵意義。"",""「沒有一筆顏色」是空白的字面狀態，「卻有許多可能」提示正面象徵。"",""答案為 A。文句呈現開放可能，並非完成或失去想法。""]","抓住「卻」後的許多可能；空白代表尚可選擇、創造，而非失去想法。","[]","","","","","","","","","","","","","","",""
"CHI-0735","國文","原創會考程度練習","","","八年級上","閱讀理解","訊息整合","中等","單題選擇","「展覽入口標示『請勿觸摸』；一旁的導覽員卻邀請觀眾用手感受仿製品的紋理。」導覽員的安排主要是為了什麼？","鼓勵觀眾違反展覽規定","在保護原件的同時提供觸覺體驗","證明仿製品比原件昂貴","讓觀眾不必觀看展品","1","在保護原件的同時提供觸覺體驗","","禁止觸摸原件但提供仿製品可觸摸，兼顧文物保護與感官導覽。","[""區分不可觸摸的原件與可供體驗的仿製品。"",""觸摸對象是仿製品而非原件，因此規定與體驗並不矛盾。"",""答案為 B。此安排並非鼓勵違規，也沒有價格或取代觀看的資訊。""]","分清楚禁止觸摸的原件與可觸摸的仿製品，安排同時兼顧保護和體驗。","[]","","","","","","","","","","","","","","",""
"CHI-0736","國文","原創會考程度練習","","","八年級下","閱讀理解","態度轉變","基礎","單題選擇","「他把『一定要贏』改成『先把每一步做好』，比賽時便不再盯著對手的分數。」這項改變最可能帶來什麼？","比賽結果從此必定獲勝","對手不再參加比賽","注意力轉回自己可控制的表現","每一步都不必事先練習","2","注意力轉回自己可控制的表現","","新目標從結果轉向過程，且不再盯對手分數，表示注意力回到自己能掌握的行動。","[""比較兩句目標的焦點，再對照後續行為。"",""不再盯對手分數，呼應新目標把注意力放回自己每一步的表現。"",""答案為 C。調整目標不保證獲勝，也不會使練習變得多餘。""]","新目標不是保證贏，而是把焦點從對手結果轉到自己能控制的過程。","[]","","","","","","","","","","","","","","",""
"CHI-0737","國文","原創會考程度練習","","","九年級上","閱讀理解","人物特質","基礎","單題選擇","「街角的修鞋師傅認得每一雙常來的鞋，卻從不問客人為何走得匆忙；他只把鬆開的鞋底縫牢。」這段描寫最能表現師傅何種態度？","急於打聽客人的私事","只願意服務走路緩慢的人","認為修鞋工作毫無價值","專注做好眼前工作並尊重他人","3","專注做好眼前工作並尊重他人","","師傅不追問私事，只仔細修補鞋底，呈現專注工作並尊重客人界線。","[""依人物沒有做什麼及實際做了什麼推論態度。"",""他不追問客人私事，專心把鬆開的鞋底縫牢。"",""答案為 D。文本明確排除打聽，沒有按客人步速挑選服務。""]","師傅既不打聽私事，也認真修鞋；從克制與專注看出尊重界線。","[]","","","","","","","","","","","","","","",""
"CHI-0738","國文","原創會考程度練習","","","九年級下","閱讀理解","統計判讀","中等","單題選擇","「如果只看平均分數，甲班與乙班一樣；再看分數分布，甲班多數集中在中間，乙班則高低分都有。」這段資料提醒我們什麼？","相同平均數不代表分布情形相同","平均數能顯示每個人的分數","乙班每位學生都高於甲班","兩班學生人數必定相同","0","相同平均數不代表分布情形相同","","題幹明示平均相同但分布不同，說明單一平均數無法呈現資料分散情形。","[""比較平均數與分布各自提供的資訊。"",""平均相同，但一班集中中間、另一班高低分都有，顯示分布仍不同。"",""答案為 A。材料沒有提供個別分數或班級人數，不能推論其他項目。""]","不要只看平均數；甲乙分數分布不同，平均不能顯示個別分數或離散程度。","[]","","","","","","","","","","","","","","",""
"CHI-0739","國文","原創會考程度練習","","","七年級上","閱讀理解","句意判讀","中等","單題選擇","「他把山頂的照片傳給朋友，附註：『不是我走得快，是每次停下來看路，才沒有走錯。』」這句話最主要強調什麼？","速度是完成旅程的唯一條件","謹慎觀察有助於避免錯誤","停下來必然會迷路","登山不需要事先規畫","1","謹慎觀察有助於避免錯誤","","附註把停下來看路與沒有走錯連結，強調觀察路況比盲目求快重要。","[""從「不是……是……」找出作者真正肯定的原因。"",""「不是走得快，是停下看路」直接指出避免走錯的原因。"",""答案為 B。句子肯定停下確認路線，沒有否定規畫或鼓勵盲目行走。""]","注意「不是……是……」的取捨：作者肯定的是停步觀察，不是速度。","[]","","","","","","","","","","","","","","",""
"CHI-0740","國文","原創會考程度練習","","","七年級下","閱讀理解","段落結構","中等","單題選擇","「同一段河岸，春天有新芽，夏天被水草覆住，秋天露出石頭，冬天只剩風聲。」這段文字主要採用哪種組織方式？","依人物年齡安排回憶","先提出主張再列反例","依季節變化描寫同一地點","按照物品大小分類","2","依季節變化描寫同一地點","","同一河岸按春夏秋冬順序呈現不同景象，組織方式是依季節推移描寫。","[""注意各景物前的季節標記及其時間順序。"",""春、夏、秋、冬按時間推移排列，地點維持在同一段河岸。"",""答案為 C。文段沒有依人物、論證或物品大小編排。""]","抓出四季標記；景物依同一地點的季節變化依序呈現。","[]","","","","","","","","","","","","","","",""
"CHI-0741","國文","原創會考程度練習","","","八年級上","閱讀理解","修辭與擬人","基礎","單題選擇","「風把窗簾推開，替沉睡的房間換了一口清新的氣息。」句中將風寫成能推開窗簾、替房間換氣的人，主要運用何種修辭？","譬喻","排比","設問","擬人","3","擬人","","句子把風寫成具有人的動作與意圖，像是「推開」「替房間換氣」，因此運用擬人。","[""找出句中被賦予人的動作或意圖的對象。"",""風被寫成會替房間換氣的人，答案 D「擬人」。"",""擬人是把事物寫成人；譬喻則需有相似點的比況關係。""]","把事物寫成人的動作、情感或意圖，通常是擬人。","[]","","","","","","","","","","","","","","",""
"CHI-0742","國文","原創會考程度練習","","","八年級下","閱讀理解","文意推論","基礎","單題選擇","「他每次借書都在書籤旁記下日期，還書時也把折角一一撫平。」最能推論出他具有何種特質？","做事細心且珍惜公物","不願意與人分享書籍","只喜歡閱讀短篇故事","常忘記借還日期","0","做事細心且珍惜公物","","記錄借書日期並整理書頁的行為，顯示他留意細節且愛惜書籍；文中沒有說明閱讀偏好或是否分享。","[""先列出文中可觀察到的兩個行為：記日期、撫平折角。"",""這些行為共同支持「細心、珍惜公物」，答案 A。"",""推論要有文字線索，避免擴大成文中沒有提供的性格或背景。""]","文意推論應以具體行為線索為依據，不延伸臆測。","[]","","","","","","","","","","","","","","",""
"CHI-0743","國文","原創會考程度練習","","","九年級上","閱讀理解","編輯策略與直接引語","中等","單題選擇","編輯校對訪談稿時，將受訪者原話保留在引號內，其餘背景說明改成簡潔書面語。這樣處理最主要有何效果？","使受訪者的不同意見不再被讀者看見","保留受訪者語氣，同時讓敘述清楚易讀","表示口語內容一定不可信","證明訪談結果能代表所有人的看法","1","保留受訪者語氣，同時讓敘述清楚易讀","","直接引語保留受訪者本人的表達，背景說明則改得簡潔，能兼顧原話特色與閱讀清晰度。答案為「保留受訪者語氣，同時讓敘述清楚易讀」。","[""區分引號內外的文字：引號內是受訪者原話，外面是編輯整理的說明。"",""保留原話可呈現受訪者語氣，精簡背景文字可減少冗長。"",""這種編輯方式改善可讀性，但不等於證明受訪者代表所有人。""]","引號內保留受訪者原話，背景改用簡潔書面語；分辨兩種文字各自的功能。","[]","","","","","","","","","","","","","","",""
"CHI-0744","國文","原創會考程度練習","","","九年級下","閱讀理解","句意與轉折","中等","單題選擇","「他原以為失敗會讓人停下腳步，後來才明白，挫折有時正提醒我們換一條路。」句中「後來才明白」表示什麼？","作者證明失敗一定帶來成功","人物忘記先前發生的事","作者從原先想法轉為新的體會","挫折完全沒有任何影響","2","作者從原先想法轉為新的體會","","「原以為」與「後來才明白」形成前後認知轉變；後句提出對挫折的新理解。","[""圈出表示時間和觀點變化的詞：「原以為」「後來才明白」。"",""這些詞顯示想法轉變，答案 C。"",""「有時」表示可能性，不能推成失敗一定成功。""]","原以為、後來才明白常提示觀點或認知轉折。","[]","","","","","","","","","","","","","","",""
"CHI-0745","國文","原創會考程度練習","","","七年級上","閱讀理解","上下文照應","進階","單題選擇","文章先寫奶奶總把舊種子裝在信封裡，結尾寫「春天來時，我終於懂得她留下的不是種子，而是等待發芽的日子」。結尾主要照應什麼？","鄰居每天澆花的習慣","作者搬家後的新地址","信封的顏色與大小","奶奶收藏種子與春天播種的情節","3","奶奶收藏種子與春天播種的情節","","結尾的「種子」與「春天」回扣前文奶奶收藏種子的描寫，並將種子延伸為記憶、希望或等待的象徵。","[""先找結尾重複或轉化的關鍵意象：種子、春天。"",""兩個意象都照應奶奶留下種子的情節，答案 D。"",""結尾的象徵義須由前文意象支撐，不能任意解讀成不相干事件。""]","篇章結尾的意象常回扣前文，解讀須有上下文支持。","[]","","","","","","","","","","","","","","",""
"CHI-0746","國文","原創會考程度練習","","","七年級下","閱讀理解","詞義理解","基礎","單題選擇","報告寫道：「研究者彙整三十份訪談，將內容相近的意見歸成四類。」句中的「彙整」最接近何意？","蒐集資料並分類整理","刪除所有不同的意見","把資料內容保密不公開","逐字複製每份訪談而不整理","0","蒐集資料並分類整理","","研究者把多份訪談中相近的內容歸類，表示先蒐集資料，再分類整理；「彙整」不是刪除異見或逐字照抄。答案為「蒐集資料並分類整理」。","[""找出動作及對象：研究者整理三十份訪談。"",""相近內容被歸成四類，說明資料經過分類。"",""因此「彙整」是蒐集並整理資料，不是刪除差異或只複製原文。""]","「彙整」結合蒐集與分類整理；題幹用「三十份」及「歸成四類」說明做法。","[]","","","","","","","","","","","","","","",""
"CHI-0747","國文","原創會考程度練習","","","八年級上","閱讀理解","論證與證據","基礎","單題選擇","學生主張「校園應增設飲水機」，並調查全校各樓層：多數學生每天排隊十分鐘，尖峰時段常有多人等候，且部分樓層沒有飲水設備。這些資料在論述中的作用為何？","證明增設設備後一定能完全消除排隊","提供支持主張的理由或證據","比較各樓層飲水的水質差異","指出學生排隊與學習成績的直接關係","1","提供支持主張的理由或證據","","調查涵蓋各樓層，記錄排隊時間、尖峰等候情形及設備分布，這些與飲水設備是否足夠直接相關，可作為支持增設飲水機主張的證據。","[""先辨認主張：校園應增設飲水機。"",""調查呈現排隊時間、尖峰等候與樓層設備分布，三項資訊都反映設備供需，能支持該主張，答案 B。"",""論證仍須注意樣本是否具代表性；資料與主張相關不代表已證明所有樓層都必須增設。""]","論證中的數據需與主張相關，且資料來源要可靠。","[]","","","","","","","","","","","","","","",""
"CHI-0748","國文","原創會考程度練習","","","八年級下","閱讀理解","描寫與感官","中等","單題選擇","「巷口飄來烤餅的香氣，鐵盤碰撞聲清脆地響著，暖黃燈光落在潮濕的石板上。」這段文字主要調動哪些感官描寫？","味覺、觸覺與嗅覺","只有視覺","嗅覺、聽覺與視覺","只有聽覺與觸覺","2","嗅覺、聽覺與視覺","","「香氣」是嗅覺，「清脆聲」是聽覺，「暖黃燈光」是視覺，三種感官交織呈現巷口情景。","[""逐一標出感官線索：香氣、聲音、燈光。"",""分別對應嗅覺、聽覺、視覺，答案 C。"",""不要把聞到烤餅香氣誤當成已經品嘗的味覺。""]","香氣屬嗅覺，聲音屬聽覺，光色屬視覺。","[]","","","","","","","","","","","","","","",""
"CHI-0749","國文","原創會考程度練習","","","九年級上","閱讀理解","比較與對照","中等","單題選擇","甲說：「先列出步驟，事情就不容易漏。」乙說：「我先動手，遇到問題再調整。」兩人的作法差異主要在何處？","甲不願完成事情，乙完全不會犯錯","甲重視結果，乙只在意工具","兩人都反對解決問題","甲偏向事前規劃，乙偏向邊做邊修正","3","甲偏向事前規劃，乙偏向邊做邊修正","","甲先安排步驟以降低遺漏，乙採取行動後再依情況調整，呈現事前規劃和實作修正的差別。","[""分別抓出甲的「先列步驟」與乙的「先動手、再調整」。"",""前者偏規劃，後者偏行動中修正，答案 D。"",""比較題要依兩人的明確語句，不要推測其能力或態度。""]","比較人物想法時，以明確語句為準，不添加未提及評價。","[]","","","","","","","","","","","","","","",""
"CHI-0750","國文","原創會考程度練習","","","九年級下","閱讀理解","主旨與寓意","進階","單題選擇","寓言寫一棵小樹不羨慕高大的松樹，專心把根伸向有水的土壤，最後在旱季仍保持青綠。故事最可能強調什麼？","依自身條件踏實努力，才能應對困難","羨慕別人是成功的必要條件","只要長得高就不會遇到乾旱","根越短越容易吸收到水分","0","依自身條件踏實努力，才能應對困難","","小樹沒有模仿松樹，而是依自身情況扎根，因而在乾旱時存活；故事強調認識自身條件並踏實準備。","[""連結小樹的選擇與最後結果。"",""依自身條件準備使小樹度過旱季，答案 A。"",""寓意從事件因果推得，不要把故事細節直接改寫成不合理的普遍定律。""]","小樹沒有模仿松樹，而是依自身條件扎根；寓意由這項選擇及度過旱季的結果支持。","[]","","","","","","","","","","","","","","",""
"CHI-0751","國文","原創會考程度練習","","","八年級上","閱讀理解","成語語境","中等","素養題","社區尚未發生淹水，管理員已先清理排水溝、檢查抽水設備並備妥沙包。最適合形容這項預防作法的成語是？","亡羊補牢","曲突徙薪","刻舟求劍","杞人憂天","1","曲突徙薪","","社區在淹水發生前先清理排水設施、備妥沙包，是預先排除風險；「曲突徙薪」比喻事先採取措施以防患未然。答案為「曲突徙薪」。","[""確認情境中的時間：目前尚未淹水，措施先行。"",""清溝、檢查抽水設備及備沙包都是降低災害影響的預防行動。"",""因此選「曲突徙薪」；「亡羊補牢」則偏向損失發生後補救。""]","辨析成語時先用上下文描述行為，再比對成語本義。","[]","","","","","","","","","","","","","","",""
"CHI-0752","國文","原創會考程度練習","","","九年級上","閱讀理解","文言詞義","中等","素養題","《陋室銘》：「可以調素琴，閱金經。」其中「素琴」最接近何種意思？","音色高昂的樂器","專供祭祀使用的琴","不加裝飾、質樸的琴","用白色顏料繪成的琴","2","不加裝飾、質樸的琴","","「素」在此有樸素、不加裝飾之意；「素琴」指質樸的琴，與後文安然讀書、彈琴的生活情境相合。答案為「不加裝飾、質樸的琴」。","[""先看「素琴」是名詞短語，指一種琴，而非人物品格。"",""結合「調」琴及全文樸素自適的居室生活，判斷「素」描述琴的質地或裝飾。"",""因此此處指不加裝飾的質樸之琴，不是白色顏料製成。""]","文言詞語可能有古今異義，須依句意與時代判斷。","[]","","","","","","","","","","","","","","",""
"CHI-0753","國文","原創會考程度練習","","","七年級下","閱讀理解","修辭判讀","基礎","素養題","「書店門口排起長龍，隊伍像一條蜿蜒的灰色絲帶，緩緩繞過街角。」句中主要運用哪種修辭？","設問","排比","擬人","譬喻","3","譬喻","","句子以「像一條蜿蜒的灰色絲帶」把排隊的人潮比作絲帶，藉具體形象呈現隊伍延伸、彎曲的樣子，主要運用譬喻。答案為「譬喻」。","[""找出本體「隊伍」與喻體「灰色絲帶」。"",""「像」明確連結兩者，利用絲帶蜿蜒的形狀描寫人潮。"",""因此是譬喻，不是把事物寫成人的擬人。""]","修辭要看語句的表達方式，不要只看句子是否生動。","[]","","","","","","","","","","","","","","",""
"CHI-0754","國文","原創會考程度練習","","","九年級下","閱讀理解","說明文閱讀","中等","素養題","短文：「老街修復前，研究者先比對舊地圖、住戶口述與建築痕跡；三種資料相符處才列入修復方案。」這種做法最能提升何者？","修復決策的證據可靠性","工程施工的速度必定加倍","所有住戶意見完全一致","古蹟年代不再需要考證","0","修復決策的證據可靠性","","研究者交叉比對地圖、口述和建築痕跡，使用多種來源互相核實，可提升判斷的可信度。答案 A。材料沒有說工程必然加速、意見一致或無須考證。","[""列出短文使用的三種資料來源。"",""多來源比對可減少單一資料錯誤或偏差。"",""因此只能推知證據可靠性提升，不能擴大推論到速度或共識。""]","閱讀資料判斷題時，結論不能超出文本提供的證據。","[]","","","","","","","","","","","","","","",""
"CHI-0755","國文","原創會考程度練習","","","八年級下","閱讀理解","語句邏輯","中等","素養題","公告寫著：「入場不需事先報名；若希望預留座位，可先填寫線上表單。」依公告內容，下列哪項理解正確？","所有入場者都必須先填表","可不事先報名；填表只是預留座位的選擇","未填表者不得入場","填表後仍不能預留座位","1","可不事先報名；填表只是預留座位的選擇","","公告明說入場不需事先報名，線上表單只是希望預留座位者可選擇使用，因此未填表不等於不能入場。答案為「可不事先報名；填表只是預留座位的選擇」。","[""分清入場規則與座位服務：入場本身不需要先報名。"",""線上填表的目的限於預留座位，並非所有人都必須完成。"",""所以可不填表入場；不能把預留座位的選項誤讀成入場條件。""]","關聯詞常成對出現，先判斷前後分句的語意關係。","[]","","","","","","","","","","","","","","",""
"CHI-0756","國文","原創會考程度練習","","","七年級上","閱讀理解","人物描寫與推論","基礎","素養題","「每次輪到新同學報告，阿澄都先把靠窗的位置讓出來，方便對方看投影。」最能由此推知阿澄具有哪種特質？","好勝爭強","不喜歡上課","細心體貼","擅長操作投影設備","2","細心體貼","","阿澄留意新同學報告時的需要，主動調整座位讓對方看清投影，能支持他細心體貼。答案 C。題目沒有提供競爭心、厭學或操作設備能力的證據。","[""先找人物實際做了什麼：讓出方便觀看的位置。"",""這個行動回應他人的需要，反映體貼與留意細節。"",""因此選 C；不能由讓座推斷他會操作設備。""]","人物特質要由具體言行支持，避免把沒有線索的能力加進推論。","[]","","","","","","","","","","","","","","",""
"CHI-0757","國文","原創會考程度練習","","","九年級上","閱讀理解","人物行動與情意推論","基礎","素養題","短文：「打烊後，店主把店內的燈一盞盞關掉，最後才關櫃台旁那盞；那盞燈照著晚到的清潔員進門。」這項細節最主要呈現什麼？","店主擔心電費，刻意延後關燈","店主忘了櫃台旁還有一盞燈","清潔員需要自行找到開關","店主替晚到的清潔員保留照明，表現體貼","3","店主替晚到的清潔員保留照明，表現體貼","","店主把櫃台旁的燈留到最後，題幹又說這盞燈照著晚到的清潔員進門，細節顯示他考慮到對方的需要。答案為「店主替晚到的清潔員保留照明，表現體貼」。","[""找出被特別保留的燈：櫃台旁的那一盞。"",""題幹明示它用來照亮晚到的清潔員，不是忘記關燈或節省電費。"",""因此這個安排呈現對他人需要的體諒。""]","店主留下最後一盞燈是為了晚到的清潔員；從實際安排推論體貼，不是詩歌意象分析。","[]","","","","","","","","","","","","","","",""
"CHI-0758","國文","原創會考程度練習","","","八年級上","閱讀理解","標點與引語","中等","素養題","依「以成對引號標示老師完整原話，句末標點放在引號內」的規則，下列哪一句標點最恰當？","老師提醒：「先讀題幹，再核對選項。","老師提醒：「先讀題幹，再核對選項。」","老師「提醒」：「先讀題幹，再核對選項。」","老師提醒：「先讀題幹，再核對選項」。","1","老師提醒：「先讀題幹，再核對選項。」","","依本題指定格式，老師說出的完整原話「先讀題幹，再核對選項」要以成對引號標示，句末句號放在右引號內，所以選 B。A 少右引號；C 只把提示語「提醒」加引號，沒有標出完整原話；D 把句號放在右引號外。","[""先確認被引用的內容從「先讀」開始，到「選項」結束。"",""依題目指定格式，完整原話必須由左引號開始、右引號結束，句末句號置於引號內。"",""只有 B 完整標出原話且將句號放在引號內；A 少右引號，C 引錯範圍，D 句號位置不合指定格式。""]","標點題先圈出實際引用的字句，再檢查引號是否成對且範圍正確。","[]","","","","","","","","","","","","","","",""
"CHI-0759","國文","原創會考程度練習","","","九年級下","閱讀理解","論證與證據","進階","素養題","校刊主張「午休開放圖書館能幫助需要安靜空間的學生」。下列哪項資料最能直接支持這項主張？","試辦期間有安靜空間需求的學生，其作業完成比例及專注自評變化","全校學生對增加課後開館時段的意見調查","圖書館全年借閱冊數與熱門書籍類別","圖書館添購桌椅的年度支出","0","試辦期間有安靜空間需求的學生，其作業完成比例及專注自評變化","","有安靜空間需求學生的作業完成比例與專注自評，直接對應主張中的「幫助」；前後變化可提供支持，但若未設對照組，仍不能單憑此資料證明開館造成改善。其他選項談課後意見、全年借閱量或設備支出，未直接測量午休時段的學習效果。答案 A。","[""找出主張要證明的結果：安靜空間是否幫助有需求的學生完成作業、維持專注。"",""作業完成比例和專注自評比單看入館人數更直接對應學習幫助。"",""因此選 A；這些資料能支持關聯，但沒有適當比較或控制時，不能直接推論因果。""]","證據要測量主張所說的結果；觀察到前後變化仍要留意其他因素，勿把相關直接當成因果。","[]","","","","","","","","","","","","","","",""
"CHI-0760","國文","原創會考程度練習","","","七年級下","閱讀理解","字義辨析","基礎","素養題","「這次調查的樣本太少，結論只能暫作參考。」句中「暫作參考」最接近何意？","已經證明結論完全正確","目前先作為初步依據","要求讀者立即照做","將資料永久封存","1","目前先作為初步依據","","「樣本太少」表示證據仍有限，因此結論目前只能作初步參考，不能視為已證實。答案 B。其餘選項把暫時性誇大為定論、命令或封存。","[""留意原因「樣本太少」限制了結論的確定程度。"",""「暫作參考」表示先保留作為初步依據，仍可能需要更多資料。"",""故選 B，不能解讀成完全證明或立即執行。""]","注意限制語如「暫」「可能」「初步」，它們會影響句子的確定程度。","[]","","","","","","","","","","","","","","",""
"CHI-0761","國文","原創會考程度練習","","","九年級上","閱讀理解","人物行動推論","基礎","素養題","短文寫道：「展演前半小時，阿哲發現字幕少了一行。他沒有責怪同伴，先查原稿再補上。」最能支持哪項推論？","他認為字幕工作不重要","他想取消整場展演","他遇到問題時先查證並處理","他確定同伴故意漏字","2","他遇到問題時先查證並處理","","阿哲先查原稿並補上缺漏，顯示他先查證、再解決問題；文本沒有證據說同伴故意為之。答案 C「他遇到問題時先查證並處理」。","[""抓出可觀察行動：查原稿、補字幕。"",""這些行動顯示面對問題時先查證再處理。"",""選 C，不把沒有證據的動機加進推論。""]","人物推論要以具體行動為據，不臆測未交代的動機。","[]","","","","","","","","","","","","","","",""
"CHI-0762","國文","原創會考程度練習","","","八年級下","閱讀理解","關聯詞語","中等","素養題","「資料已經收齊，＿＿還要核對來源與日期，才能完成報告。」空格最適合填入哪個詞？","因此","例如","總之","然而","3","然而","","資料收齊與仍需核對形成轉折，表示前一階段完成但工作尚未結束，答案 D。答案 D「然而」。","[""確認前後分句：已收齊資料，仍需核對。"",""後句不是前句結果，而是補充一個尚未完成的工作。"",""用「然而」表轉折，選 D。""]","依前後語意判斷關係詞，不要只看句子表面順序。","[]","","","","","","","","","","","","","","",""
"CHI-0763","國文","原創會考程度練習","","","九年級下","閱讀理解","語境詞義","基礎","素養題","「新規定公布後，校方也同步更新申請表。」句中的「同步」最接近何義？","同一時間配合進行","暫時停止辦理","依照先後排序","只在網路上公開","0","同一時間配合進行","","規定公布時申請表也一併更新，「同步」表示同時配合進行，答案 A。答案 A「同一時間配合進行」。","[""看「同步」連接的兩件事：公布規定、更新表格。"",""句子強調兩者時間一致且配合。"",""因此選 A。""]","詞義需從句中兩個行動的時間關係判定。","[]","","","","","","","","","","","","","","",""
"CHI-0764","國文","原創會考程度練習","","","九年級上","閱讀理解","證據推理與反思","中等","素養題","一份寫作札記把每次修改分成兩欄：「原先依據」與「看到新材料後的修正」。這種記錄最能幫助作者做什麼？","只保留最後版本，避免回顧思考過程","追蹤自己如何依新證據修正原先判斷","確保每次修改都與原稿完全相同","用修改次數取代對內容的檢查","1","追蹤自己如何依新證據修正原先判斷","","札記並列原先依據與新材料後的修正，作者可回看判斷如何改變、哪些證據促成修正。答案為「追蹤自己如何依新證據修正原先判斷」。","[""先確認兩欄分別記錄修改前的依據與新材料出現後的調整。"",""前後資料對照可讓作者看見判斷改變的理由，而不只是保存結論。"",""因此這種札記適合追蹤證據如何影響推理，不是比較修改次數。""]","對照「原先依據」與「新材料後修正」，追出新增證據如何改變原判斷。","[]","","","","","","","","","","","","","","",""
"CHI-0765","國文","原創會考程度練習","","","八年級下","閱讀理解","文章結構","中等","素養題","段落先寫舊橋多年未修，再寫居民提出安全疑慮，最後說明市府加固橋面並增設照明。這段最接近哪種組織方式？","按工程進度先後記錄修復經過","先概述橋梁特色，再逐項描寫外觀","問題—影響—改善","提出修復主張—列舉反例—回應反例","2","問題—影響—改善","","橋梁失修是問題，安全疑慮是影響，市府工程是改善措施，答案 C。答案 C「問題—影響—改善」。","[""依序找出段落三個部分。"",""先交代失修，再說居民的安全擔心。"",""最後提出加固與照明，形成問題—影響—改善，選 C。""]","篇章結構可按各句在段落中的功能排列。","[]","","","","","","","","","","","","","","",""
"CHI-0766","國文","原創會考程度練習","","","九年級下","閱讀理解","證據與主張","中等","素養題","文章主張教室應增加遮陽設備，理由是午後西曬使室內溫度升高。若要判斷遮陽設備是否有效，下列哪項資料最有力？","全校每年舉辦的運動會次數","學生最喜歡的課外讀物","教室牆壁的油漆品牌","天候相近的日子中，安裝前後午後各時段的室溫紀錄","3","天候相近的日子中，安裝前後午後各時段的室溫紀錄","","在天候相近的日子比較安裝前後午後各時段室溫，可減少天候差異的干擾，較能判斷遮陽設備是否降低室溫。答案 D。","[""找出可測結果：午後室溫是否降低。"",""比較安裝前後，並要求天候相近，以降低其他條件造成的差異。"",""因此選 D；單純前後比較若天候差很多，就較難判斷變化是否由遮陽設備造成。""]","證據要對準論點所提出的原因或結果。","[]","","","","","","","","","","","","","","",""
"CHI-0767","國文","原創會考程度練習","","","九年級上","閱讀理解","表格與時間判讀","基礎","素養題","活動表列出：甲場週二 15:00、乙場週三 09:30、丙場週三 18:00。小安只能在週三上午參加，應選哪一場？","乙場","甲場","丙場","三場都符合","0","乙場","","週三上午只有乙場 09:30 符合條件，答案 A「乙場」。","[""先用星期篩選，排除週二甲場。"",""再用上午時段篩選，乙場符合、丙場是傍晚。"",""因此選乙場，答案為 A。""]","表格題要同時核對日期與時段等限制。","[]","","","","","","","","","","","","","","",""
"CHI-0768","國文","原創會考程度練習","","","八年級下","閱讀理解","成語語境","中等","素養題","演出前投影設備突然故障，主持人臨時改用紙本流程，仍依序完成報告。最適合形容主持人做法的成語是？","自相矛盾","隨機應變","畫地自限","守株待兔","1","隨機應變","","設備故障是臨時變化，主持人改用紙本流程並完成報告，表示能按情況調整方法；「隨機應變」最符合。答案為「隨機應變」。","[""先辨認突發狀況：投影設備故障。"",""再看主持人的調整：改用紙本流程並完成報告。"",""這是依情況改變方法，符合「隨機應變」，不是消極等待。""]","成語題先整理人物行動，再比對成語的核心意義。","[]","","","","","","","","","","","","","","",""
"CHI-0769","國文","原創會考程度練習","","","九年級下","閱讀理解","意象與情感","中等","素養題","詩句：「雨停了，窗台那盆薄荷仍把新葉朝向微光。」最可能營造何種感受？","對周遭事物全然冷漠","急於與他人競爭","在困境後仍保有希望","確定未來沒有變化","2","在困境後仍保有希望","","雨停後薄荷仍朝微光生長，意象帶有雨後復甦與希望，答案 C。答案 C「在困境後仍保有希望」。","[""注意時間變化：雨停後。"",""植物仍朝微光伸展，呈現持續生長的方向。"",""因此最接近困境後仍有希望，選 C。""]","詩歌情感應由意象的變化和方向推論。","[]","","","","","","","","","","","","","","",""
"CHI-0770","國文","原創會考程度練習","","","九年級上","閱讀理解","句意精確","中等","素養題","下列哪句沒有因語意重複而顯得累贅？","他親自本人到場說明。","我們依序檢查每份資料。","請先預先登記再入場。","這項結果大約可能有十人左右。","1","我們依序檢查每份資料。","","「依序檢查」清楚說明按先後順序處理資料；其餘句有「親自／本人」「先／預先」「大約／可能／左右」重疊，故答案為 B「我們依序檢查每份資料」。","[""逐句找出意思相近的詞是否重複。"",""B用「依序」交代檢查順序，未再以「逐一」重複逐份處理的意思。"",""其他選項有同義堆疊，選 B。""]","修辭精簡要分辨同義重複與各自提供不同資訊的詞語。","[]","","","","","","","","","","","","","","",""
"CHI-0771","國文","原創會考程度練習","","","八年級下","閱讀理解","古今詞義","中等","素養題","《核舟記》：「其兩膝相比者，各隱卷底衣褶中。」句中「比」最接近何義？","比較","競賽","比例相等","靠近、並列","3","靠近、並列","","「兩膝相比」描寫核舟中兩人的膝蓋靠近、並列；此處「比」不是比較或競賽。答案為「靠近、並列」。","[""由上下文看，句子在描述兩名人物膝部的位置。"",""「各隱卷底衣褶中」表示兩膝相鄰並置於衣褶下。"",""因此「比」指靠近、並列，不是比較數值。""]","文言詞語需依時代與句中搭配判斷古義。","[]","","","","","","","","","","","","","","",""
"CHI-0772","國文","原創會考程度練習","","","九年級下","閱讀理解","因果推論","中等","素養題","某班開始午休前閱讀後，圖書借閱量也增加。研究者沒有控制學生原本的閱讀習慣。最謹慎的結論是？","兩者同時變化，但尚不能確定閱讀安排造成借閱增加","借閱增加與任何其他因素都無關","閱讀安排必定使每位學生都借書","其他班級一定完全不閱讀","0","兩者同時變化，但尚不能確定閱讀安排造成借閱增加","","借閱量增加與閱讀安排同時發生，但原有閱讀習慣等因素可能影響結果，不能直接確立因果，答案 A。答案 A「兩者同時變化，但尚不能確定閱讀安排造成借閱增加」。","[""確認研究觀察到的兩項變化。"",""檢查是否排除原有閱讀習慣等替代因素。"",""未控制變因時不能斷定因果，選 A。""]","同時發生不等於一方必然造成另一方。","[]","","","","","","","","","","","","","","",""
"CHI-0773","國文","原創會考程度練習","","","九年級上","閱讀理解","形近字辨析","中等","素養題","下列哪一組括號中的字形都正確？","再接再（勵）／勉（勵）同學","迫不（急）待／（急）流勇退","他說話（委）婉／受人（委）託","名列前（矛）／自相（矛）盾","2","他說話（委）婉／受人（委）託","","A 的「再接再勵」應作「再接再厲」，B 的「迫不急待」應作「迫不及待」，D 的「名列前矛」應作「名列前茅」；只有 C 的「委婉」與「委託」字形都正確。答案為 C。","[""A 的成語應寫「再接再厲」，不是「再接再勵」。"",""B 應寫「迫不及待」，D 應寫「名列前茅」；兩組各有形近字錯誤。"",""C 的「委婉」和「委託」都使用「委」，因此選 C。""]","形近字需放回固定詞語記憶正字。","[]","","","","","","","","","","","","","","",""
"CHI-0774","國文","原創會考程度練習","","","八年級下","閱讀理解","轉折語氣","中等","素養題","「我原以為這條路很遠，沒想到走過兩個街口就到了。」其中「沒想到」的作用是什麼？","標示地點由近到遠","引出與原先預期不同的結果","說明路線必須折返","表示說話者忘記目的地","1","引出與原先預期不同的結果","","說話者原先預期路程遠，實際很快抵達，「沒想到」引出反預期結果，答案 B。答案 B「引出與原先預期不同的結果」。","[""找出原先想法：路很遠。"",""再找實際結果：兩個街口就到。"",""兩者不同，故「沒想到」引出反預期，選 B。""]","轉折或預期落差要比較前後兩個資訊。","[]","","","","","","","","","","","","","","",""
"CHI-0775","國文","原創會考程度練習","","","九年級下","閱讀理解","通知目的","中等","素養題","通知寫道：「週四下午 2 時至 4 時，圖書館一樓因設備檢修暫停開放；已預約資料請至二樓服務台領取。」通知的主要目的為何？","宣布圖書館永久停止服務","鼓勵學生逾期歸還書籍","說明暫停開放時段及替代領取地點","通知所有預約取消","2","說明暫停開放時段及替代領取地點","","通知提供檢修時間、一樓暫停開放及預約資料的替代領取地點，答案 C。答案 C「說明暫停開放時段及替代領取地點」。","[""圈出時間和受影響區域。"",""再找預約資料的替代處理方式。"",""資訊用來說明暫停時段和領取地點，選 C。""]","公告題依目的、對象、時段與處理方式理解。","[]","","","","","","","","","","","","","","",""
"CHI-0776","國文","原創會考程度練習","","","九年級上","閱讀理解","成語語境","基礎","素養題","一位研究者專程帶著校勘疑問拜訪熟悉古籍的學者，請教版本比對方法。最適合形容這種作法的成語是？","閉門造車","守株待兔","班門弄斧","移樽就教","3","移樽就教","","研究者帶著問題拜訪熟悉古籍的人，主動登門請益，符合「移樽就教」的用法。答案為「移樽就教」。","[""找出人物的主要行動：帶著問題拜訪他人並請教方法。"",""「移樽就教」比喻主動到別人處請教，重點是登門求教。"",""因此符合移樽就教，不是自己閉門推想或在專家面前炫技。""]","「移樽就教」指主動登門請教；本題人物正是帶著疑問拜訪古籍學者。","[]","","","","","","","","","","","","","","",""
"CHI-0777","國文","原創會考程度練習","","","八年級下","閱讀理解","規則條件判讀","中等","素養題","登山手冊列出兩條路線：甲線全程平緩，適合初學者；乙線有陡坡，需具備基本經驗並自備頭燈。小安沒有登山經驗，但有頭燈，較適合選哪條？","甲線，因為手冊明確指出適合初學者","乙線，因為小安有頭燈就符合全部條件","乙線，因為路線較陡更適合沒有經驗者","兩條都不適合，因為手冊沒有列出距離","0","甲線，因為手冊明確指出適合初學者","","甲線明確標示適合初學者；乙線除了頭燈，還要求基本經驗。小安符合頭燈條件，卻沒有乙線要求的經驗，因此甲線較合適。答案為「甲線，因為手冊明確指出適合初學者」。","[""先讀甲線條件：全程平緩，適合初學者。"",""再核對乙線要求：基本經驗與頭燈兩項都要具備。"",""小安只有頭燈、沒有經驗，故甲線符合條件而乙線不符。""]","乙線要同時具備基本經驗與頭燈；小安只有頭燈，故應選明確適合初學者的甲線。","[]","","","","","","","","","","","","","","",""
"CHI-0778","國文","原創會考程度練習","","","九年級下","閱讀理解","譬喻辨析","基礎","素養題","「那封未寄出的信，是她留給昨天的一把鑰匙。」句子主要把信比作什麼？","昨天","鑰匙","郵差","房間","1","鑰匙","","句子用「是」把未寄出的信比作鑰匙，暗示它能開啟回憶或理解，答案 B。答案 B「鑰匙」。","[""找出本體：未寄出的信。"",""再找喻體：一把鑰匙。"",""所以信被比作鑰匙，選 B。""]","譬喻題要分辨被描寫的本體與用來比喻的喻體。","[]","","","","","","","","","","","","","","",""
"CHI-0779","國文","原創會考程度練習","","","九年級上","閱讀理解","詞語搭配","基礎","素養題","「地圖與口述資料對老街年代說法不一，研究者＿＿比對不同版本，才確認老街的變化。」空格應填何者？","突兀","偶然","反覆","草率","2","反覆","","資料說法不一，研究者比對不同版本後才確認，顯示核對不只一次；「反覆」最符合上下文，答案 C。","[""題幹指出地圖和口述資料說法不一，且要比對不同版本。"",""研究者需多次核對後才確認，因此「反覆」最符合。"",""因此填「反覆」，選 C。""]","注意「資料說法不一」「不同版本」兩項線索，它們支持多次核對的「反覆」。","[]","","","","","","","","","","","","","","",""
"CHI-0780","國文","原創會考程度練習","","","八年級下","閱讀理解","細節與主旨統整","中等","素養題","短文：「鐘錶師修好停走的老鐘後，仍保留齒輪上的舊刻痕；他說，每道痕跡都記錄著前人曾經修補的時間。」最適合概括這段文字的主旨是？","修復時應將所有舊痕清除，才能恢復功能","只有全新的物件才值得保存","修復物件不只恢復功能，也能保留其歷史痕跡","齒輪上的刻痕足以判斷鐘錶的市場價格","2","修復物件不只恢復功能，也能保留其歷史痕跡","","鐘錶師修復老鐘時沒有抹去齒輪舊刻痕，並把它們視為過往修補的紀錄，顯示修復也能保存物件歷史。答案為「修復物件不只恢復功能，也能保留其歷史痕跡」。","[""找出鐘錶師做的兩件事：讓老鐘恢復運作、保留齒輪舊刻痕。"",""舊刻痕被解釋為過往修補的紀錄，並非價格或需要清除的污損。"",""因此主旨同時包含恢復功能與保存歷史，而不只是修好物件。""]","主旨需兼顧主要訊息，避免以單一細節代替全文。","[]","","","","","","","","","","","","","","",""
"CHI-0781","國文","原創會考程度練習","","","九年級下","閱讀理解","引號與標點","中等","素養題","下列哪句完整引用他人原話，標點最恰當？","班長：提醒「先確認器材，再開始練習。」","班長提醒：「先確認器材，再開始練習。」","班長提醒：「先確認器材，再開始練習。","班長提醒：先確認器材」，再開始練習。","1","班長提醒：「先確認器材，再開始練習。」","","B用冒號引出完整直接引語，並以成對引號標示，句末標點位於引號內，答案 B。","[""先確認句子是完整引用原話。"",""提示語後用冒號，直接引語用成對引號。"",""B以冒號引出完整直接引語並使用成對引號，選 B。""]","直接引語須確認引號成對，並依完整句意配置句末標點。","[]","","","","","","","","","","","","","","",""
"CHI-0782","國文","原創會考程度練習","","","九年級上","閱讀理解","人物態度推論","中等","素養題","「他收到修改建議後，沒有急著辯解，而是逐項標記可調整的地方。」最能推知他的態度是？","確定所有建議都錯誤","只在意別人的稱讚","不打算再完成作品","願意聽取意見並修正","3","願意聽取意見並修正","","他逐項標記可調整處，顯示願意聽取並修正；文本沒有支持其他選項，答案 D。答案 D「願意聽取意見並修正」。","[""找出建議後的實際行動。"",""沒有辯解，反而逐項標記可調整處。"",""此行動支持願意修正，選 D。""]","以人物後續行動作為態度推論依據。","[]","","","","","","","","","","","","","","",""
"CHI-0783","國文","原創會考程度練習","","","八年級下","閱讀理解","成語語境","基礎","素養題","登山隊遇到濃霧後，沒有冒險前進，而是依地圖退回安全處等待。最適合形容其決定的是？","審時度勢","一意孤行","刻舟求劍","急功近利","0","審時度勢","","隊伍依天候與安全狀況調整行動，符合觀察情勢後作決定的「審時度勢」，答案 A。答案 A「審時度勢」。","[""判斷隊伍採取決定前考量的條件：濃霧與安全。"",""他們依情勢退回，而非固執前行。"",""因此選 A「審時度勢」。""]","成語題要看決策是否根據當下情勢調整。","[]","","","","","","","","","","","","","","",""
"CHI-0784","國文","原創會考程度練習","","","九年級下","閱讀理解","指涉清楚","中等","素養題","「小陳把資料交給小周，因為他明天要報告。」若要明確說明明天要報告的人是小周，哪種改寫最清楚？","他把資料交給小周，因為他明天要報告。","小陳把資料交給他，因為明天要報告。","小陳把資料交給小周，因為小周明天要報告。","因為小周明天要報告，所以他交給他。","2","小陳把資料交給小周，因為小周明天要報告。","","C直接重複「小周」，清楚指出明天報告者，避免「他」可能指小陳或小周，答案 C。","[""找出代詞「他」可能指向兩個男性角色。"",""題目指定報告者是小周。"",""C明確重複小周姓名，指出報告者是小周，選 C。""]","當代詞有多個可能對象時，應明確重複名詞。","[]","","","","","","","","","","","","","","",""
"CHI-0785","國文","原創會考程度練習","","","九年級上","閱讀理解","論點與理由判讀","中等","素養題","「展覽不是把珍貴文物鎖進櫃中便算完成；更重要的是讓觀眾理解它與生活的連結。」這段話強調展覽的哪項功能？","保存文物即可，不必說明","協助觀眾理解文物的意義","限制觀眾接近所有展品","以文物數量決定展覽價值","1","協助觀眾理解文物的意義","","句子先否定只把文物保存於櫃中的做法，再以「更重要的是」提出讓觀眾理解文物與生活的連結，這才是作者強調的功能。答案為 B「協助觀眾理解文物的意義」。","[""注意「不是……；更重要的是……」形成的對比。"",""前半句否定只保存文物，後半句提出觀眾理解其生活連結。"",""因此重點是協助觀眾理解文物意義，而非限制接觸或計算數量。""]","遇到「不是……而是／更重要的是」時，留意作者真正肯定的主張。","[]","","","","","","","","","","","","","","",""
"CHI-0786","國文","原創會考程度練習","","","八年級下","閱讀理解","規則條件判讀","中等","素養題","展場規定：「甲區可拍照，但不可使用閃光燈；乙區禁止拍照及錄影。」小林在乙區關掉閃光燈後拍照，是否符合規定？","符合，因為他沒有使用閃光燈","符合，因為乙區只禁止錄影","不符合，乙區禁止拍照，即使不用閃光燈也不行","無法判斷，因為未說明相機種類","2","不符合，乙區禁止拍照，即使不用閃光燈也不行","","乙區的規定是禁止拍照及錄影，沒有閃光燈限制可以豁免禁拍；小林仍然拍照，因此不符合規定。答案為「不符合，乙區禁止拍照，即使不用閃光燈也不行」。","[""先確認所在區域是乙區，而不是甲區。"",""乙區規定禁止拍照及錄影；關閉閃光燈並未改變這項規定。"",""所以拍照仍違規，不能把甲區的閃光燈條件套用到乙區。""]","先分清甲區與乙區規則；乙區全面禁止拍照，關閃光燈不能豁免禁拍。","[]","","","","","","","","","","","","","","",""
"CHI-0787","國文","原創會考程度練習","","","九年級下","閱讀理解","語境詞義","中等","素養題","試聽演出後，觀眾在表單寫下對曲目順序與音量的意見；樂團將這些「回饋」帶回排練中。此處「回饋」最接近何義？","購票後退還的款項","舞臺音響輸出的聲音","演出結束後的最終結果","使用者提供的意見或反應","3","使用者提供的意見或反應","","表單記錄觀眾對曲目順序和音量的意見，樂團再據此調整排練；此處「回饋」指使用者提供的意見或反應。答案為「使用者提供的意見或反應」。","[""找出表單內容：觀眾對曲目順序及音量的意見。"",""樂團把這些反應帶回排練，用來調整演出。"",""因此「回饋」是使用者提供的意見，不是退款或音響輸出。""]","「回饋」由觀眾填寫、樂團帶回排練的情境判斷，指意見或反應。","[]","","","","","","","","","","","","","","",""
"CHI-0788","國文","原創會考程度練習","","","九年級上","閱讀理解","反方觀點回應","中等","素養題","甲文主張夜間延長圖書館開放時間；乙文擔心人力成本增加。若作者提出先試辦一個月並統計使用人數，這項方案主要功能是？","用有限試辦蒐集使用資料，供後續衡量需求與成本","保證每位居民都會使用","取消對延長開放的討論","證明圖書館不需要人員","0","用有限試辦蒐集使用資料，供後續衡量需求與成本","","限期試辦並統計人數可蒐集實際使用情形，作為判斷需求、再衡量其是否值得投入人力成本的依據；人數本身並未直接測量成本，答案 A。","[""找出試辦的範圍和期限。"",""統計使用人數可檢視實際需求。"",""使用人數提供需求資訊，還需再衡量人力成本；統計人數本身不是成本資料，選 A。""]","方案若以試辦蒐集證據，功能通常是降低不確定性、供後續決策。","[]","","","","","","","","","","","","","","",""
"CHI-0789","國文","原創會考程度練習","","","八年級下","閱讀理解","反問辨識","基礎","素養題","「若不先核對來源，怎能確定這項消息正確？」這句主要運用哪種修辭？","借代","反問","譬喻","排比","1","反問","","「怎能確定這項消息正確？」表面用問句，實際答案已含在語意中，強調不核對就無法確認，因此是反問，不是自問自答的設問。答案為「反問」。","[""句子以「怎能確定」提出反向疑問。"",""說話者並非等待別人提供答案，而是暗示未查來源就不能確認。"",""因此這是反問，設問則會提出問題後再自行回答。""]","判斷設問需看問句是否具有引導思考或自問自答功能。","[]","","","","","","","","","","","","","","",""
"CHI-0790","國文","原創會考程度練習","","","九年級下","閱讀理解","主旨與細節","中等","素養題","短文寫道：「雨水回收桶供清潔使用，屋頂植栽也降低夏季室內溫度。社區因此把節水與降溫納入同一套建築改造。」最適合的標題是？","社區取消所有屋頂設施","建築改造兼顧節水與降溫","清潔工作不再需要用水","夏季室內溫度完全不會升高","1","建築改造兼顧節水與降溫","","材料提到回收雨水供清潔及植栽降溫，標題 B 涵蓋兩項重點且沒有誇大，答案 B。","[""找出兩個核心措施及效果。"",""選能同時概括節水與降溫的標題。"",""B符合全文，其他選項與文字不符或過度推論。""]","標題需涵蓋主旨並避免誇大細節。","[]","","","","","","","","","","","","","","",""
"CHI-0791","國文","原創會考程度練習","","","九年級上","閱讀理解","近義詞辨析","基礎","素養題","「編輯在刊出前查核引文的來源與作者身分，確保引用內容＿＿。」空格最適合填入何者？","完整","流暢","可信","新穎","2","可信","","查核引文來源與作者身分，是為了確認引用內容可靠、可信，答案 C。","[""辨認行動與目的：核實引文。"",""核實能提升內容的可靠程度。"",""因此選 C「可信」。""]","詞語搭配要看動作所要達成的目的。","[]","","","","","","","","","","","","","","",""
"CHI-0792","國文","原創會考程度練習","","","八年級下","閱讀理解","資料限制辨析","中等","素養題","展覽通知：「原訂 9:00 開放，因作品運送延誤改為 10:00；已預約導覽者仍於原時段報到，由館員安排候場。」已預約的遊客 9:00 到場，應如何做？","離開並於隔天重新預約","直接進入展區，因為展覽已開放","改到 10:00 才報到，原預約自動取消","仍於原時段報到，聽從館員安排候場","3","仍於原時段報到，聽從館員安排候場","","通知把展區開放時間改為 10:00，但明確要求已預約導覽者仍在原時段報到，並由館員安排候場。答案為「仍於原時段報到，聽從館員安排候場」。","[""分清展區開放時間與已預約導覽的報到時間。"",""公告明說已預約者仍於原時段報到，新的開放時間不會取消報到安排。"",""遊客應 9:00 報到，再依館員指示候場。""]","分開看展區開放時間與預約者報到安排；通知明定預約者仍按原時段報到。","[]","","","","","","","","","","","","","","",""
"CHI-0793","國文","原創會考程度練習","","","九年級下","閱讀理解","客觀表述與證據界線","中等","素養題","編者將「他是不負責任的人」改成「他沒有在期限內交件」，主要是為了什麼？","改用可核對的具體行為描述，避免直接評斷人格","讓讀者無法知道交件是否逾期","證明交件者一定有故意拖延","把已發生的事件改成假設","0","改用可核對的具體行為描述，避免直接評斷人格","","「沒有在期限內交件」指出可查證的行為；「不負責任」則把行為擴大成對人格的評價。改寫後較具體且避免超出證據。答案為「改用可核對的具體行為描述，避免直接評斷人格」。","[""比較兩種說法：一種評斷人格，另一種描述未按時交件的行為。"",""後者可用期限與交件紀錄核對，不會推斷當事人的整體品格。"",""因此修改重點是以可驗證事實取代人格標籤。""]","把人格評語改成可核對的逾期事實，避免只憑一項行為判定整體人格。","[]","","","","","","","","","","","","","","",""
"CHI-0794","國文","原創會考程度練習","","","九年級上","閱讀理解","句子順序","中等","素養題","下列哪組句子順序最合理？甲：因此，居民決定先記錄一週用水量。乙：社區發現夏季用水明顯增加。丙：取得數據後再討論節水措施。","甲—丙—乙","乙—甲—丙","乙—丙—甲","丙—乙—甲","1","乙—甲—丙","","先發現用水增加（乙），因此開始記錄（甲），取得數據後討論措施（丙），答案 B。","[""找出問題或背景句：乙。"",""「因此」承接問題，安排記錄：甲。"",""「取得數據後」再討論，故丙最後，選 B。""]","排序題注意因果詞與時間詞所指向的前後關係。","[]","","","","","","","","","","","","","","",""
"CHI-0795","國文","原創會考程度練習","","","八年級下","閱讀理解","成語辨析","中等","素養題","面對互相矛盾的傳聞，記者沒有立即下結論，而是查閱原始文件並訪問當事人。最適合形容這種做法的是？","人云亦云","走馬看花","刨根究底","閉門造車","2","刨根究底","","記者追查原始資料並訪問當事人，深入釐清事情，符合「刨根究底」，答案 C。","[""從行動找線索：查原始文件、訪問當事人。"",""這些行動是追查事實而非照搬傳聞。"",""因此選 C「刨根究底」。""]","成語辨析要比對行動的深度與態度。","[]","","","","","","","","","","","","","","",""
"CHI-0796","國文","原創會考程度練習","","","九年級下","閱讀理解","主張與例證","中等","素養題","作者主張公共空間應設置可移動座椅，接著舉例說明不同活動需要不同座位配置。例子的主要作用為何？","表示座椅數量不必規劃","證明所有活動都需要相同座椅","轉移文章對公共空間的討論","說明可移動座椅如何適應不同活動","3","說明可移動座椅如何適應不同活動","","例子呈現活動不同、座位配置也可調整，具體支持可移動座椅的實用性，答案 D。","[""找出主張：設可移動座椅。"",""例子說明不同活動需要不同配置。"",""例證具體展示主張的用途，選 D。""]","例證功能要回扣作者提出的主張。","[]","","","","","","","","","","","","","","",""
"CHI-0797","國文","原創會考程度練習","","","九年級上","閱讀理解","書信目的","基礎","素養題","信件寫道：「感謝您借出場地，使社區成果展順利完成。隨函附上活動照片，敬請查收。」這封信的主要目的為何？","致謝並提供活動照片","通知活動尚未開始","要求對方支付展覽費用","請求取消場地借用","0","致謝並提供活動照片","","信中先感謝借用場地，再說明附上照片，主要是致謝與提供資料，答案 A。","[""找出兩個明確的行動：感謝、附照片。"",""信件沒有提出取消、延期或收費要求。"",""因此選 A。""]","書信目的可從致謝、請求、通知等行為動詞判讀。","[]","","","","","","","","","","","","","","",""
"CHI-0798","國文","原創會考程度練習","","","八年級下","閱讀理解","敘事安排與懸念","中等","素養題","故事寫道：「他等了很久，直到月亮升高，才發現朋友早已離開。」這段情節最主要透過哪種安排表現等待落空？","先交代離開，再補寫等待過程","把等待結果延後揭露，讓讀者隨人物一同發現","只用人物對話交代事件","以不同地點並列比較","1","把等待結果延後揭露，讓讀者隨人物一同發現","","讀者先隨人物經歷等待，直到月亮升高才得知朋友已離開；延後揭露結果，使讀者與人物一同察覺等待落空。答案為 B「把等待結果延後揭露，讓讀者隨人物一同發現」。","[""注意結果不是一開始就說明，而在「直到……才……」後揭露。"",""讀者先和人物一起等待，再得知朋友已離開。"",""這種資訊安排延後關鍵結果，形成等待落空的效果。""]","留意關鍵資訊出現的先後，分析延後揭露如何影響讀者感受。","[]","","","","","","","","","","","","","","",""
"CHI-0799","國文","原創會考程度練習","","","九年級下","閱讀理解","因果與條件","中等","素養題","社區公告：「居民可自行在網路登記或到服務台登記；選擇網路登記者，須於三日內完成手機驗證。」小安已在網路填表，但尚未驗證，現在能確定登記完成嗎？","可以，所有登記都只需填表","可以，手機驗證只是提醒功能","不能確定，網路登記還缺手機驗證這一步","不能，因為只能到服務台登記","2","不能確定，網路登記還缺手機驗證這一步","","公告提供兩種登記方式；選網路登記者另須在三日內完成手機驗證。小安只填表尚未驗證，因此不能確定登記已完成。答案為「不能確定，網路登記還缺手機驗證這一步」。","[""先判斷小安選擇的是網路登記，而不是服務台登記。"",""網路登記除填表外，還要求三日內完成手機驗證。"",""驗證尚未完成，故目前不能確認程序已完成。""]","條件句要逐項核對，不可把多個必要條件誤讀成擇一。","[]","","","","","","","","","","","","","","",""
"CHI-0800","國文","原創會考程度練習","","","九年級上","閱讀理解","語境詞義","中等","素養題","公告寫著：「本週六活動照原定時間舉行；若遇豪雨，將於上午七時前另行通知。」其中「照原定時間」最接近何意？","將活動延到下週","取消目前的活動安排","只要天氣晴朗才舉行","按原先安排的時間進行","3","按原先安排的時間進行","","「照原定時間」表示沿用已公布的時間安排；只有遇到豪雨才會另行通知變更。答案為「按原先安排的時間進行」。","[""找出「照原定」所指的時間：先前已公布的活動時間。"",""豪雨是可能改期的例外條件，不表示活動目前已延期或取消。"",""因此一般情況下仍按先前安排的時間舉行。""]","詞義可由前後動作構成的流程推知。","[]","","","","","","","","","","","","","","",""
"CHI-0801","國文","原創會考程度練習","","","八年級上","語文應用","條件判讀","中等","單題選擇","校刊徵稿規定：每篇文章限六百字，須附作者班級；逾期稿件不予刊登。小安交了七百字且未署班級的文章，哪項判斷正確？","只要補班級便符合","字數與班級資料都不符合","符合字數但缺班級","逾期才不予刊登","1","字數與班級資料都不符合","","規定要求不超過六百字並附作者班級；小安同時超字數且未提供班級資料。答案為 B「字數與班級資料都不符合」。","[""分別核對字數上限與必填署名。"",""七百字超過六百字上限，且題目明說未署班級，兩項規定都不符合。"",""兩項條件都未符合，補班級仍無法消除超字數。""]","逐項核對六百字上限與班級署名；兩項都是必須符合的條件。","[]","","","","","","","","","","","","","","",""
"CHI-0802","國文","原創會考程度練習","","","八年級下","語文應用","指示順序理解","基礎","單題選擇","「沿著河岸走到橋下，再向東轉入巷口。」依指示行走，轉入巷口前最後一個地標是什麼？","河岸","橋下","巷口","東方","1","橋下","","動線先沿河岸到橋下，接著向東轉入巷口，所以轉彎前的位置是橋下。答案為 B「橋下」。","[""把句中的行動順序標出來。"",""「到橋下」先於「向東轉入巷口」；巷口是轉向後的地點。"",""橋下是轉向前的地點；巷口是轉向後的目的地。""]","按「到橋下，再轉入巷口」的語序定位，轉彎前停在橋下。","[]","","","","","","","","","","","","","","",""
"CHI-0803","國文","原創會考程度練習","","","九年級上","語文應用","表格數據比較","基礎","單題選擇","某班借閱紀錄：科普書 18 本、小說 27 本、歷史書 15 本。小說比科普書多幾本？","15 本","45 本","9 本","27 本","2","9 本","","比較兩類數量要相減：27−18＝9。答案為 C「9 本」。","[""找到小說與科普書各自的數量。"",""用小說的二十七本減去科普書的十八本，求兩者相差數量。"",""小說多 9 本；15 是歷史書的數量，不能當作差。""]","問「多幾本」要算差：小說 27 本減科普書 18 本。","[]","","","","","","","","","","","","","","",""
"CHI-0804","國文","原創會考程度練習","","","九年級下","語文應用","複句關係","基礎","單題選擇","「雖然天色已暗，隊伍仍沿著標線慢慢前進。」這句最能看出哪種關係？","因果","遞進","條件","轉折","3","轉折","","「雖然……仍……」表示前句情況沒有阻止後句行動，構成轉折。答案為 D「轉折」。","[""先找關聯詞「雖然」與「仍」。"",""「雖然」引出天色已暗這項阻礙，「仍」表示隊伍沒有因此停下。"",""天暗與繼續前進形成預期落差，因此是轉折。""]","「雖然……仍……」是讓步後接相反預期的結果，判斷為轉折。","[]","","","","","","","","","","","","","","",""
"CHI-0805","國文","原創會考程度練習","","","七年級上","語文應用","公告理解","基礎","單題選擇","公告寫道：「因地面施工，北側入口暫停通行，請改由南門進出。」參觀者應怎麼做？","由南門進出","等待北門恢復後再進","由北門單向離開","從施工區穿越","0","由南門進出","","公告明確要求改走南門，北側入口暫停通行。答案為 A「由南門進出」。","[""辨認公告中的原因與行動要求。"",""北側入口施工封閉，通知指定的替代入口是南門。"",""施工是原因，改由南門進出是可執行的指示。""]","注意「請改由」後面的明確路徑：參觀者應從南門進出。","[]","","","","","","","","","","","","","","",""
"CHI-0806","國文","原創會考程度練習","","","七年級下","語文應用","修辭判讀","基礎","單題選擇","「山徑兩旁的野花在晨風中點頭，彷彿迎接遠行的人。」主要運用了哪種修辭？","誇飾","擬人","對偶","借代","1","擬人","","野花被寫成會點頭、迎接人的樣子，將人的動作賦予花草，是擬人。答案為 B「擬人」。","[""找出句中被描寫的事物與人的動作。"",""「點頭」「迎接」都是人的動作，句子把這些動作賦予野花。"",""「點頭」「迎接」讓野花具有人格化行為，並非對偶或借代。""]","野花不會真的點頭迎人；把自然物寫成人的動作就是擬人。","[]","","","","","","","","","","","","","","",""
"CHI-0807","國文","原創會考程度練習","","","八年級上","語文應用","資料推論與抽樣","中等","單題選擇","一項調查只訪問校隊隊員，便推論「全校學生每天都運動」。這個結論最大的問題是什麼？","訪問人數一定太少","沒有詢問教師意見","樣本不具代表性","運動無法被調查","2","樣本不具代表性","","校隊隊員本來就較常運動，不能代表全校不同興趣與習慣的學生。答案為 C「樣本不具代表性」。","[""比較受訪群體與結論涵蓋的對象。"",""調查對象只有校隊，結論卻擴大到全校，受訪群體無法代表所有學生。"",""問題在抽樣偏向校隊，無法合理推論全校學生。""]","檢查樣本是否涵蓋結論所說的全校；只訪校隊會產生代表性偏差。","[]","","","","","","","","","","","","","","",""
"CHI-0808","國文","原創會考程度練習","","","八年級下","語文應用","文本推論","基礎","單題選擇","「他把每次失敗都當作修正方法的線索，最後終於完成模型。」由此可推知他最具備哪種特質？","謹慎保守","追求速度","依賴他人指示","堅持並調整方法","3","堅持並調整方法","","他沒有因失敗停止，而是用失敗修正方法，呈現堅持與調整策略。答案為 D「堅持並調整方法」。","[""留意他面對失敗時採取的行動。"",""把失敗當成修正線索，並持續調整，最後才完成模型。"",""完成模型來自持續嘗試及修正，不只是速度或依賴他人。""]","他不是只忍受失敗，而是用失敗修正方法；完成來自堅持與調整。","[]","","","","","","","","","","","","","","",""
"CHI-0809","國文","原創會考程度練習","","","九年級上","語文應用","時間表判讀","基礎","單題選擇","圖書館週一至週五 8:00–17:00 開放，週六 9:00–12:00 開放，週日休館。週六 11:30 到館者能否入館？","可以，仍在開放時段","不可以，週六全天休館","可以，但只能借書不能入館","不可以，已超過 11:00","0","可以，仍在開放時段","","週六開放到 12:00，11:30 尚未超過閉館時間。答案為 A「可以，仍在開放時段」。","[""先確認日期，再比對抵達時間與該日開放區間。"",""週六的營業時段是上午九時至十二時；十一時三十分仍在區間內。"",""11:30 落在週六 9:00–12:00 之內，因此可以入館。""]","先讀週六專屬時段，再比較到館時間與中午十二時的閉館時間。","[]","","","","","","","","","","","","","","",""
"CHI-0810","國文","原創會考程度練習","","","九年級下","語文應用","主旨與論據","基礎","單題選擇","「不是所有看似熟悉的資訊都可靠；轉傳前，仍應查明發布者與原始資料。」作者主要提醒讀者什麼？","熟悉的內容都不必查證","轉傳資訊前要核對來源","只看轉傳次數即可判真偽","應避免閱讀網路資訊","1","轉傳資訊前要核對來源","","句子明說轉傳前應查發布者與原始資料，重點是先核對來源。答案為 B「轉傳資訊前要核對來源」。","[""找出分號後提出的具體建議。"",""分號後直接要求分享前查發布者與原始資料，正是核對來源的步驟。"",""文章不是禁止閱讀網路，而是提醒分享前查證。""]","作者並非叫人避開網路，而是提醒轉傳之前查清發布者及原始資料。","[]","","","","","","","","","","","","","","",""
"CHI-0811","國文","原創會考程度練習","","","七年級上","語文應用","兩步驟數量推理","基礎","單題選擇","活動有甲、乙兩場，甲場 36 人、乙場比甲場少 8 人。兩場合計多少人？","28 人","44 人","72 人","64 人","3","64 人","","乙場有 36−8＝28 人；兩場合計 36＋28＝64 人。答案為 D「64 人」。","[""先由「少 8 人」求乙場人數。"",""乙場先算為 36−8＝28 人，再把甲場 36 人與乙場 28 人相加。"",""計算應為 36＋(36−8)＝64 人。""]","這題先算乙場比甲場少 8 人，再算兩場總數，別把單場人數當總和。","[]","","","","","","","","","","","","","","",""
"CHI-0812","國文","原創會考程度練習","","","七年級下","語文應用","複句關係","基礎","單題選擇","「只要把資料依年代排列，就能看出政策改變的先後；若再比較各時期的背景，還能理解改變的原因。」第二分句相較第一分句呈現什麼關係？","因果","選擇","轉折","遞進","3","遞進","","先排序看出先後，再比較背景進一步理解原因，後者在前者基礎上深入一層，屬遞進。答案為 D「遞進」。","[""比較兩個方法能得到的理解深度。"",""先排序可得政策變化的先後，再比較背景以理解原因，第二步多了一層解讀。"",""「還能」引出比看先後更深入的理解，構成遞進。""]","「還能」提示第二種方法在年代排序之外，進一步解釋政策為何改變。","[]","","","","","","","","","","","","","","",""
"CHI-0813","國文","原創會考程度練習","","","八年級上","語文應用","時間推算","基礎","單題選擇","讀書會原訂 14:00 開始，通知改為「延後三十分鐘」。活動改在幾點開始？","14:30","13:30","15:00","14:03","0","14:30","","延後三十分鐘是在原時間 14:00 上加 30 分鐘，為 14:30。答案為 A「14:30」。","[""辨認「延後」代表往後推。"",""從原訂 14:00 起往後推三十分鐘，跨過半小時刻度。"",""14:00＋30 分鐘＝14:30，不是提前或延後一小時。""]","「延後」是加上三十分鐘：14:00 加 30 分鐘為 14:30。","[]","","","","","","","","","","","","","","",""
"CHI-0814","國文","原創會考程度練習","","","八年級下","語文應用","句意與語氣","基礎","單題選擇","「與其急著否定陌生的想法，不如先追問它所依據的理由。」這句話的語氣重點為何？","命令讀者停止思考","比較兩種做法並建議後者","敘述已發生的事件","否定所有陌生想法","1","比較兩種做法並建議後者","","「與其……不如……」比較兩種做法，並以「不如」提出較建議的選擇。答案為 B「比較兩種做法並建議後者」。","[""辨認成對句式中的取捨方向。"",""「與其」提出不建議的急著否定，「不如」引出較好的先問理由。"",""句意主張先了解理由，不是直接否定陌生想法。""]","比較「急著否定」和「先追問理由」，作者以「不如」推薦後者。","[]","","","","","","","","","","","","","","",""
"CHI-0815","國文","原創會考程度練習","","","九年級上","語文應用","表格與比例計算","中等","單題選擇","資料卡：甲方案費用 240 元，可供 6 人使用；乙方案費用 300 元，可供 10 人使用。若比較每人平均費用，哪個方案較省？","甲，平均每人 40 元","兩者相同","乙，平均每人 30 元","甲，平均每人 30 元","2","乙，平均每人 30 元","","甲每人 240÷6＝40 元；乙每人 300÷10＝30 元，因此乙較省。答案為 C「乙，平均每人 30 元」。","[""分別以總費用除以可使用人數。"",""甲方案要算 240 除以 6；乙方案要算 300 除以 10，再比較每人費用。"",""30 元低於 40 元，故乙方案每人平均費用較低。""]","比較單位平均費用：甲每人 40 元，乙每人 30 元，所以乙較省。","[]","","","","","","","","","","","","","","",""
"CHI-0816","國文","原創會考程度練習","","","九年級下","語文應用","景物描寫與氛圍","基礎","單題選擇","「夕陽把海面染成金色，漁船的影子緩緩移向遠方。」此句主要營造哪一種畫面感？","喧鬧急促","陰森恐怖","寧靜舒緩","明亮刺眼而混亂","2","寧靜舒緩","","夕陽、金色海面與緩緩移動的漁船共同形成安靜、舒緩的景象。答案為 C「寧靜舒緩」。","[""綜合色彩詞與動作速度判斷氛圍。"",""夕陽和金色呈現光色，漁船「緩緩移向遠方」提供動態與速度線索。"",""「緩緩」及夕照意象支持寧靜舒緩，不含喧鬧或恐怖線索。""]","把夕照色彩和「緩緩」的動態合看，畫面安靜舒緩而非急促。","[]","","","","","","","","","","","","","","",""
"CHI-0817","國文","原創會考程度練習","","","七年級上","語文應用","比例與餘數","中等","單題選擇","某班 32 人中，四分之一參加合唱團，其餘參加戲劇社。戲劇社有幾人？","24 人","16 人","8 人","28 人","0","24 人","","合唱團有 32×1/4＝8 人；戲劇社有 32−8＝24 人。答案為 A「24 人」。","[""先算四分之一，再用全班人數扣除。"",""全班四分之一先分到合唱團，剩下的才是戲劇社人數。"",""其餘人數為 32−8＝24 人。""]","先用 32 乘四分之一求合唱團 8 人，再以 32 減 8 求其餘人數。","[]","","","","","","","","","","","","","","",""
"CHI-0818","國文","原創會考程度練習","","","七年級下","語文應用","比例尺計算","基礎","單題選擇","「地圖上兩地相距四公分，比例尺為一公分代表五公里。」兩地實際距離是多少？","1.25 公里","9 公里","20 公里","25 公里","2","20 公里","","每公分代表 5 公里，地圖 4 公分代表 4×5＝20 公里。答案為 C「20 公里」。","[""以圖上距離乘上每公分代表的實際距離。"",""比例尺表示每一公分對應五公里，因此把圖上四公分乘五公里。"",""4×5＝20 公里；注意題目給的是公里，不必再換算比例。""]","圖上距離乘每公分代表的實際距離：4×5＝20 公里。","[]","","","","","","","","","","","","","","",""
"CHI-0819","國文","原創會考程度練習","","","八年級上","語文應用","通知資訊整合","基礎","單題選擇","「館藏修復期間，二樓展區暫不開放；一樓常設展與服務台照常服務。」下列哪項資訊正確？","二樓展區暫停開放","全館停止服務","一樓常設展同步關閉","服務台只在二樓提供","0","二樓展區暫停開放","","通知只說二樓展區暫不開放，並明確指出一樓展覽與服務台照常。答案為 A「二樓展區暫停開放」。","[""分清楚暫停服務的區域與照常服務的項目。"",""找出暫停的二樓展區，並另外核對一樓常設展和服務台的狀態。"",""只有二樓展區關閉，不能推成全館停止服務。""]","通知只有二樓展區暫停；一樓常設展及服務台明確照常服務。","[]","","","","","","","","","","","","","","",""
"CHI-0820","國文","原創會考程度練習","","","八年級下","語文應用","方法順序與主旨","中等","單題選擇","「先把問題拆成幾個可查證的小問題，再逐一找資料，最後比較不同來源。」這段方法的核心是什麼？","先選定結論再找支持","以單一來源快速下判斷","避免提出可驗證問題","把查證分步進行並交叉比較","3","把查證分步進行並交叉比較","","這段依序提出拆解問題、逐項查資料、比較來源，核心是分步查證及交叉核對。答案為 D「把查證分步進行並交叉比較」。","[""整理文中方法的先後步驟。"",""依序拆解問題、逐項查資料，再比較來源之間是否相符。"",""作者主張比較多個來源，而非先決定結論或只看單一來源。""]","核心流程是拆小問題、分步蒐證並交叉核對，避免先定答案或只信單一來源。","[]","","","","","","","","","","","","","","",""
"CHI-0821","國文","原創會考程度練習","","","九年級上","語文應用","流程順序判讀","基礎","單題選擇","討論結束後，三位同學各自整理負責的資料，再合併成報告。依照這段話，報告的形成流程為何？","各自整理負責資料，再合併成報告","先合併報告，再分配資料給三人","由一人整理全部資料，其他人不參與","三人各寫完整報告後，再選一份提交","0","各自整理負責資料，再合併成報告","","文句先說三位同學分別整理各自負責的資料，再把資料合併成報告；答案 A 準確保留了先後順序。","[""找出句中的兩個動作：整理負責資料、合併成報告。"",""「再」表示合併發生在各自整理之後。"",""因此流程是先分工整理，再整合資料，不是先完成報告。""]","留意「再」所標示的先後：先分工整理，之後才合併成報告。","[]","","","","","","","","","","","","","","",""
"CHI-0822","國文","原創會考程度練習","","","九年級下","語文應用","紀錄摘要與頻率判讀","基礎","單題選擇","長笛練習紀錄：週一、週三、週五、週六有練習，其餘日子沒有。下列哪句摘要最符合紀錄？","她只在週末練習","本週有四天練習，但並非每天練習","她每天都練習長笛","她整週都沒有練習","1","本週有四天練習，但並非每天練習","","紀錄列出週一、週三、週五、週六共四天有練習，其他日子沒有，因此本週有多次練習但並非每天練。答案 B。","[""逐一核對有練習的日期。"",""紀錄共有四天練習，且週二、週四、週日沒有練習。"",""摘要須同時保留練習多次與並非每天兩項資訊。""]","整理頻率紀錄時要同時確認出現幾次，以及是否每天都發生。","[]","","","","","","","","","","","","","","",""
"CHI-0823","國文","原創會考程度練習","","","七年級上","語文應用","事件先後判讀","基礎","單題選擇","路口號誌轉紅後，車輛立即停下。下列哪項最準確描述兩件事的先後關係？","車輛停下後，號誌才轉紅","車輛隔了很久才停下","號誌轉紅後，車輛隨即停下","車輛停下前，號誌尚未改變","2","號誌轉紅後，車輛隨即停下","","題目先交代號誌轉紅，接著說車輛立即停下，表示停車緊接著發生；答案 C。","[""先標出號誌轉紅與車輛停下兩個事件。"",""「轉紅後」指出先後，「立即」表示兩者間隔很短。"",""因此是號誌轉紅後車輛隨即停下。""]","先看「後」判斷事件順序，再依「立即」判斷兩事件間隔很短。","[]","","","","","","","","","","","","","","",""
"CHI-0824","國文","原創會考程度練習","","","七年級下","語文應用","規定適用範圍判讀","基礎","單題選擇","規定只適用於校內活動，不包含校外比賽。下列哪一項明確不在規定適用範圍內？","校內社團成果展","校內班級活動","校內運動會","校外舉辦的比賽","3","校外舉辦的比賽","","規定明確限於校內活動，並排除校外比賽；答案 D 是唯一在校外舉行的項目。","[""先找規定明示的適用對象：校內活動。"",""再找明示排除的類別：校外比賽。"",""因此校外舉辦的比賽不在適用範圍內。""]","把適用對象與明示排除項目分開整理，再判斷具體活動是否符合。","[]","","","","","","","","","","","","","","",""
"CHI-0825","國文","原創會考程度練習","","","八年級上","語文應用","程度副詞","中等","單題選擇","小組訪問進度：十位受訪者中九位已完成，最後一位尚未聯絡。下列哪項進度摘要正確？","訪問工作接近完成，但仍差最後一位","十位受訪者都已完成訪問","目前只完成一位受訪者","小組尚未開始聯絡任何人","0","訪問工作接近完成，但仍差最後一位","","九位已完成、一位尚未聯絡，表示工作接近完成但還差最後一位；答案 A。","[""確認總人數及已完成的人數。"",""十位中九位已完成，尚有一位未聯絡。"",""摘要要保留接近完成與仍未全數完成兩個事實。""]","讀進度資料時不要把九成完成說成全數完成，尚有一位未聯絡。","[]","","","","","","","","","","","","","","",""
"CHI-0826","國文","原創會考程度練習","","","八年級下","語文應用","因果與否定範圍","基礎","單題選擇","他並未忘記約定，只是因為公車延誤而晚到。依這句話，哪項敘述正確？","他忘了約定，所以沒有出門","他記得約定，但因公車延誤而晚到","公車準時抵達，他仍然晚到","雙方取消了約定","1","他記得約定，但因公車延誤而晚到","","句子否定他忘記約定，並把晚到原因說明為公車延誤；答案 B。","[""先讀「並未」否定的內容：忘記約定。"",""再讀「只是因為」後的原因：公車延誤造成晚到。"",""因此他記得約定，但因交通延誤遲到。""]","分清楚被否定的行為與晚到原因：他沒有忘約，遲到是因公車延誤。","[]","","","","","","","","","","","","","","",""
"CHI-0827","國文","原創會考程度練習","","","九年級上","語文應用","變化歷程與事件順序","基礎","單題選擇","山路由陡峭慢慢轉為平緩，隊伍隨後加快腳步。下列哪項符合這段變化順序？","隊伍先加快腳步，山路才變平緩","山路一直陡峭，隊伍沒有改變速度","山路逐步變平緩後，隊伍才加快腳步","山路突然變平，隊伍立刻停止前進","2","山路逐步變平緩後，隊伍才加快腳步","","句子先寫山路逐步變平緩，再以「隨後」交代隊伍加快腳步；答案 C。","[""先找出山路狀態的變化，再找隊伍速度改變的時間詞。"",""「隨後」表示隊伍加快腳步發生在路況變平緩之後。"",""因此應選先路況改變、後隊伍加速的敘述。""]","「隨後」標示先後；山路先變平緩，隊伍之後才加快腳步。","[]","","","","","","","","","","","","","","",""
"CHI-0828","國文","原創會考程度練習","","","九年級下","語文應用","事件狀態與時間線索","基礎","單題選擇","展覽已經開始，入口仍可購票。下列哪項能同時符合這兩個資訊？","展覽尚未開放，入口只能預售票","展覽已結束，入口仍在售票","展覽每天才會開始一次","展覽先前已開展，目前仍可購票入場","3","展覽先前已開展，目前仍可購票入場","","「已經開始」表示展覽在目前之前已開展；入口仍可購票則表示仍有入場安排，答案 D 同時保留兩項資訊。","[""先確認展覽開始的時間狀態，再讀入口目前的售票資訊。"",""「已經開始」表示開展時間在現在之前；仍可購票不代表尚未開展。"",""正確摘要須同時包含展覽已開展和目前仍可購票。""]","摘要要兼顧兩個時間資訊：展覽先前已開始，入口目前仍可購票。","[]","","","","","","","","","","","","","","",""
"CHI-0829","國文","原創會考程度練習","","","七年級上","語文應用","行動目的推論","基礎","單題選擇","老師帶來兩種石頭，請學生比較紋理與表面差異。根據這項安排，最可能的教學目的為何？","讓學生透過實物觀察並比較特徵","證明兩種石頭都來自同一座山","讓學生記住石頭的市場價格","避免學生接觸任何自然材料","0","讓學生透過實物觀察並比較特徵","","老師安排學生觀察兩種石頭並比較特徵，最可能是讓抽象說明轉為實物觀察；答案 A。","[""找出老師提供的材料及學生要進行的活動。"",""兩種石頭供學生直接比較紋理與表面差異。"",""這項安排支持以實物觀察學習，不足以推論來源或價格。""]","從「兩種石頭」及「比較紋理」推論教學安排的功能，不擴大到未提供的來源資訊。","[]","","","","","","","","","","","","","","",""
"CHI-0830","國文","原創會考程度練習","","","七年級下","語文應用","行為頻率摘要","基礎","單題選擇","他有時搭火車去看外婆，但大多數時候騎自行車。下列哪句最能概括他的交通習慣？","他通常搭火車去看外婆","他主要騎自行車，偶爾搭火車","他從來沒有搭火車","他每次都搭火車","1","他主要騎自行車，偶爾搭火車","","「大多數時候」說明主要交通方式是自行車，「有時」搭火車則是較少發生的例外；答案 B。","[""比較兩種交通方式各自對應的頻率詞。"",""「大多數時候」修飾騎自行車，「有時」修飾搭火車。"",""摘要應先說主要方式，再保留偶爾搭火車的例外。""]","摘要不可把「有時搭火車」刪成從不，也不能把主要方式顛倒。","[]","","","","","","","","","","","","","","",""
"CHI-0831","國文","原創會考程度練習","","","八年級上","語文應用","人物行動細節判讀","基礎","素養題","隊長親自檢查每一個救生衣扣環，確認都能正常使用。下列哪項敘述符合這段文字？","隊長只抽查其中一件救生衣","器材廠商代替隊長檢查扣環","隊長逐一檢查扣環並確認功能正常","隊員檢查後沒有確認扣環能否使用","2","隊長逐一檢查扣環並確認功能正常","","題幹明示隊長檢查每一個扣環，並確認都能正常使用；答案 C 完整保留了執行者、檢查範圍與結果。","[""確認執行者及檢查範圍：隊長檢查每個扣環。"",""再核對檢查目的與結果：確認扣環能正常使用。"",""只有 C 同時符合人物、逐一檢查及檢查結果。""]","轉述細節時同時保留執行者、檢查範圍及結果，不要把逐一檢查說成抽查。","[]","","","","","","","","","","","","","","",""
"CHI-0832","國文","原創會考程度練習","","","八年級下","閱讀理解","規則條件套用","基礎","素養題","實驗規定至少需要三個相同大小的容器。下列哪一組器材符合這項規定？","兩個相同大小的容器","三個容器，但其中一個較大","兩個小容器和一個大容器","四個大小相同的容器","3","四個大小相同的容器","","規定同時要求數量不少於三個、容器大小相同；四個大小相同的容器符合條件，答案 D。","[""先分別檢查數量及容器大小兩項條件。"",""三個是最低數量，而且每個容器都必須相同大小。"",""只有四個大小相同的容器同時符合兩項規定。""]","規則有兩個必要條件：數量至少三個，且容器大小相同；需同時符合。","[]","","","","","","","","","","","","","","",""
"CHI-0833","國文","原創會考程度練習","","","九年級上","文意推論","事件先後判讀","基礎","素養題","風勢轉強後，操場上的風箏隨即往高處飛去。下列哪項最符合事件先後？","風勢轉強在先，風箏升高在後","風箏先升高，風勢才轉強","風箏升高與風勢轉強毫無先後關係","風勢轉弱後，風箏才升高","0","風勢轉強在先，風箏升高在後","","句子先寫風勢轉強，接著以「隨即」說明風箏升高；答案 A 符合先後順序。","[""標出句中兩個事件：風勢轉強、風箏升高。"",""「後」和「隨即」表示升高發生在風勢轉強之後，且間隔很短。"",""因此風勢轉強在先，風箏升高在後。""]","用「後」判斷先後，再用「隨即」判斷兩事件間隔很短。","[]","","","","","","","","","","","","","","",""
"CHI-0834","國文","原創會考程度練習","","","九年級下","語文應用","證據與推論","基礎","素養題","他沒有碰桌上的模型，卻能說出模型底座是紅色。依據這些資訊，哪項推論最合理？","他一定親手製作過這個模型","他可能觀察過模型，但沒有觸碰它","模型底座一定是他塗成紅色","他沒有看過模型，只是猜中顏色","1","他可能觀察過模型，但沒有觸碰它","","題幹明確說他沒有碰模型，卻能說出底座顏色；可推知他曾觀察模型，但不能據此斷定他製作或上色，答案 B。","[""先保留題幹明示的事實：沒有碰模型，卻說得出顏色。"",""能說出顏色支持他曾觀察模型，但不證明他親手製作或上色。"",""因此選擇既符合已知線索、又不過度推測的 B。""]","區分明示事實與推論：知道顏色可支持曾觀察，不能直接證明製作或上色。","[]","","","","","","","","","","","","","","",""
"CHI-0835","國文","原創會考程度練習","","","七年級上","閱讀理解","摘要與預期落差","中等","素養題","小芸原本以為要走很久，實際上兩個街口就到車站。下列哪句摘要最忠實呈現預期與結果？","小芸原先預期路程短，實際卻走了很久","小芸原先預期路程長，最後沒有抵達車站","小芸原先預期路程長，實際很快抵達","小芸一開始就知道只要走兩個街口","2","小芸原先預期路程長，實際很快抵達","","小芸預期路程很久，實際只走兩個街口便到達，C 同時保留預期與實際結果的落差。","[""先整理原先預期：路程要走很久。"",""再整理實際結果：兩個街口就抵達車站。"",""選項 C 同時保留兩項資訊，沒有把預期或結果顛倒。""]","忠實摘要要保留「預期很久」和「實際很快抵達」兩端，不能顛倒。","[]","","","","","","","","","","","","","","",""
"CHI-0836","國文","原創會考程度練習","","","七年級下","論說閱讀","流程排序","基礎","素養題","他先試飛幾次，紙飛機都撞到牆；調整角度後，才找到能順利飛行的方向。下列哪個流程符合故事？","找到角度—第一次試飛—開始調整","調整角度—找到方向—才開始試飛","紙飛機順利飛行—撞牆—停止嘗試","多次試飛撞牆—調整角度—找到可行方向","3","多次試飛撞牆—調整角度—找到可行方向","","故事先寫多次試飛撞牆，再寫調整角度，最後找到可行方向；答案 D 保留完整順序。","[""找出故事中的起始問題：紙飛機多次撞牆。"",""接著人物調整角度，最後才找到可行方向。"",""只有 D 呈現試飛、調整、找到方向的先後流程。""]","排序時先找初始問題，再找人物採取的調整，最後才是成功結果。","[]","","","","","","","","","","","","","","",""
"CHI-0837","國文","原創會考程度練習","","","八年級上","論說閱讀","條件範圍應用","基礎","素養題","通知只寄給本學期參加服務隊的學生，其他同學不在名單內。下列哪位學生應收到通知？","本學期參加服務隊的學生","上學期曾參加服務隊的學生","本學期參加其他社團的學生","所有曾參加校內活動的學生","0","本學期參加服務隊的學生","","通知名單限定本學期服務隊成員；上學期成員或其他社團學生不符合這項條件，答案 A。","[""抓出兩項必要資訊：本學期、參加服務隊。"",""逐一檢查各選項是否同時符合期間與身分。"",""只有本學期服務隊學生符合收件條件。""]","同時核對名單限定的期間和身分；只符合其中一項仍不在收件範圍。","[]","","","","","","","","","","","","","","",""
"CHI-0838","國文","原創會考程度練習","","","八年級下","語文應用","估量資訊與精確度","基礎","素養題","行程紀錄寫著：「整理書桌約花二十分鐘，之後開始複習。」下列哪種改寫沒有把時間說得過度精確？","整理書桌正好花了二十分零秒","整理書桌花了大約二十分鐘","整理書桌確切花了二十分鐘整","整理書桌每天固定花二十分鐘","1","整理書桌花了大約二十分鐘","","原紀錄使用「約」表示估計值；B 保留近似語氣，其他選項把時間改成精確或固定數值。答案為 B。","[""找出原紀錄中表示估算的詞。"",""保留「約」才能呈現時間未精確到秒或分秒的狀態。"",""因此選 B；不能把估計改寫為正好或每天固定。""]","改寫數據時要保留原有精確程度；「約」不可擅自改成「正好」或固定時長。","[]","","","","","","","","","","","","","","",""
"CHI-0839","國文","原創會考程度練習","","","九年級上","資訊判讀","結果判讀","中等","素養題","比賽一度因雷雨面臨取消，最後主辦單位改到室內舉行。活動最後的結果是什麼？","比賽照常在戶外舉行","比賽確定取消，沒有替代安排","比賽改到室內舉行","比賽延期到隔天戶外舉行","2","比賽改到室內舉行","","題幹明示主辦單位最後改在室內舉行，表示比賽並未取消；答案 C。","[""先看最後採取的安排，而不是只看一度面臨的風險。"",""主辦單位改到室內舉行，表示活動仍進行，只改變場地。"",""因此最後結果是室內舉行，不是取消或延期。""]","判斷活動結果要看最後安排；一度面臨取消，不等於最後真的取消。","[]","","","","","","","","","","","","","","",""
"CHI-0840","國文","原創會考程度練習","","","九年級下","生活應用閱讀","排班與時段整合","基礎","素養題","入口需在 9 至 12 時持續有人引導，三位工作人員依序交接，每人值守一小時。下列哪份排班符合要求？","甲 9–10 時、乙 10–11 時、丙 11–12 時值守","甲乙丙都在 9–10 時值守，之後無人接班","甲一人值守 9–12 時，乙丙不排班","甲 9–10 時值守，10–12 時入口無人","0","甲 9–10 時、乙 10–11 時、丙 11–12 時值守","","A 由甲、乙、丙依序接班，完整涵蓋 9 至 12 時且每人一小時，符合排班條件。答案為 A。","[""先確認排班必須連續涵蓋 9 至 12 時。"",""再檢查是否每人一小時並由三人依序交接。"",""只有 A 沒有空班或重疊失衡，符合全部條件。""]","排班要同時檢查時段連續、人員交接及每人值守長度，避免重疊或空班。","[]","","","","","","","","","","","","","","",""
"CHI-0841","國文","原創會考程度練習","","","八年級下","閱讀理解","段落主旨與因果","中等","素養題","短文：「山區公車班次減少後，診所把巡診日期印在村里公告欄。居民仍需先電話登記，工作人員才會安排接送。」這段文字主要呈現哪一項做法？","恢復原有公車班次後才安排巡診","讓居民不必登記即可直接搭車","以公告與登記協調巡診服務","只公告日期，不再安排接送","2","以公告與登記協調巡診服務","","文中先說明公車班次減少，再寫診所以公告日期並以電話登記安排接送；答案 C「以公告與登記協調巡診服務」能概括具體做法。材料未說明公車減班改善了就醫。","[""找出問題背景：山區公車班次減少。"",""整理診所的回應：公告巡診日期，登記後安排接送。"",""故選 C；其餘選項把有限措施說成取消需求或已證明成效。""]","概括主旨時要保留文本中的限制條件，不把措施擴大成結果。","[]","","","","","","","","","","","","","","",""
"CHI-0842","國文","原創會考程度練習","","","八年級上","文言文","經典語句解讀","中等","素養題","《論語》：「溫故而知新，可以為師矣。」依句意，學習者如何做較能符合「溫故知新」？","反覆背誦舊答案，不再提出問題","遇到不同說法便立即否定","只讀新教材，完全不看舊內容","回顧已學內容，從中發現新的理解","3","回顧已學內容，從中發現新的理解","","「溫故」是溫習舊知，「知新」是由此獲得新的體會；答案 D「回顧已學內容，從中發現新的理解」同時涵蓋兩層意思。","[""拆解語句的兩部分：「溫故」與「知新」。"",""前者是回顧舊知，後者是在舊知基礎上有新理解。"",""所以選 D；只背舊答案或拒絕新知都不合句意。""]","解讀古典語句時，先釐清關鍵詞，再合併成完整意思。","[]","","","","","","","","","","","","","","",""
"CHI-0843","國文","原創會考程度練習","","","九年級上","文言文","自省與推論","中等","素養題","《論語》：「見不賢而內自省也。」下列哪種做法最符合這句話？","只批評做錯的人，認為自己不必改進","看見優秀者便要求對方停止表現","見到他人做錯事，也檢查自己是否有相同問題","凡事照抄他人，不作判斷","2","見到他人做錯事，也檢查自己是否有相同問題","","這句話強調見到別人的不當行為時，轉而檢視自己是否也有相同問題；答案 C「見到他人做錯事，也檢查自己是否有相同問題」。","[""抓住「內自省」：看到別人不妥，不只批評對方，也要回頭檢查自己。"",""選項 C 說明檢視自己是否有相同問題，正好對應這層意思。"",""因此選 C；其餘選項分別是責怪他人、打壓優點或盲目模仿。""]","抓住「見不賢」與「內自省」：不只批評對方，也回頭檢查自己。","[]","","","","","","","","","","","","","","",""
"CHI-0844","國文","原創會考程度練習","","","九年級下","閱讀理解","轉折與立場","中等","素養題","短文：「展覽原訂以電子導覽取代紙本手冊；試辦後發現部分長者不熟悉操作，館方因此保留紙本，並讓其他觀眾自由選用電子版。」作者最可能支持哪項看法？","應依使用者需求提供不同選擇","所有觀眾都必須使用紙本","試辦結果證明電子導覽完全無用","新科技不應進入公共場所","0","應依使用者需求提供不同選擇","","館方根據試辦回饋保留紙本，同時讓其他觀眾使用電子版，呈現按需求並存的安排；答案 A「應依使用者需求提供不同選擇」。文中未主張排斥科技。","[""比較原方案與試辦後調整：電子版沒有取消，紙本也保留。"",""調整原因是部分長者操作不便，顯示需要兼顧不同使用者。"",""故選 A；不能推成科技完全無用或人人只用紙本。""]","部分長者操作不便是保留紙本的原因；電子版仍可選用，安排兼顧不同需求。","[]","","","","","","","","","","","","","","",""
"CHI-0845","國文","原創會考程度練習","","","八年級下","閱讀理解","表格資料判讀","中等","素養題","閱讀社團借閱紀錄：科普書 24 本、小說 31 本、歷史書 18 本、漫畫 27 本。下列哪項敘述可由資料直接支持？","歷史書比科普書多 6 本","小說借閱本數最多","漫畫是所有學生最喜歡的書","每位學生都借過小說","1","小說借閱本數最多","","四類借閱數中，小說 31 本最高，因此答案 B「小說借閱本數最多」。數據只記錄借閱本數，不能據此推論每位學生的喜好或個人借閱情形。","[""先比較表中四個數值：24、31、18、27。"",""最大數是 31，對應小說。"",""因此選 B；其餘選項需要個人或動機資料，表格未提供。""]","圖表題先分清楚統計的是次數、人數還是偏好，避免超出資料推論。","[]","","","","","","","","","","","","","","",""
"CHI-0846","國文","原創會考程度練習","","","九年級上","閱讀理解","論據與結論","中等","素養題","校方主張「延長圖書館晚間開放時間能幫助晚自習學生」。下列哪項證據最能直接檢驗這項主張？","晚間值班人力成本的變化","全校學生對週末延長開館的偏好","試辦前後晚間入館人數及學生使用回饋","圖書館全年借閱總量與熱門書籍","2","試辦前後晚間入館人數及學生使用回饋","","試辦前後入館人數可顯示使用情況，學生回饋可呈現開放時間是否有幫助；答案 C「試辦前後晚間入館人數及學生使用回饋」最直接關聯主張。","[""先找主張中的關鍵：晚間開放是否幫助晚自習學生。"",""比較使用人數與使用者回饋，可檢視實際需求和效果。"",""故選 C；建築年份、顏色與午餐日期無法直接驗證主張。""]","論證判讀需看證據是否能測量主張所說的對象與效果。","[]","","","","","","","","","","","","","","",""
"CHI-0847","國文","原創會考程度練習","","","七年級下","閱讀理解","敘事順序與改變","中等","素養題","短文：「第一次做陶時，小宜急著拉高陶土，作品歪倒。她先放慢轉盤，分次加水，再用手掌穩住底部；第二件作品終於站直。」這段敘事的重點為何？","第一件作品歪倒是因為陶土太乾","第二件作品證明任何陶土都不需要技巧","只要增加水量，就能保證每次做陶成功","放慢轉盤、分次加水並穩住底部後，作品改善","3","放慢轉盤、分次加水並穩住底部後，作品改善","","短文先寫操作太急造成作品倒下，再寫放慢、分次加水和穩住底部後作品站直；答案 D「改變操作方式後改善結果」完整呈現前後因果。","[""整理事件次序：第一次失敗、調整方法、第二次成功。"",""找出前後不同的操作方式及結果變化。"",""因此選 D；價格與陶土能否重用都不是文本重點。""]","敘事主旨可由問題、行動調整與結果的前後對照歸納。","[]","","","","","","","","","","","","","","",""
"CHI-0848","國文","原創會考程度練習","","","九年級上","詩歌閱讀","意象與情感","中等","素養題","詩句：「候車亭的燈亮了一夜，雨停時，長椅上只剩一把未收走的傘。」若前文寫朋友久候未歸，這個結尾最可能營造何種情緒？","等待落空後的寂寥","勝利得意","對雨具功能的說明","熱鬧歡騰","0","等待落空後的寂寥","","朋友久候未歸與雨停後留下的空椅、雨傘互相呼應，營造等待落空的孤寂；答案 A「等待落空後的寂寥」。這不是在介紹雨具。","[""結合前文「朋友久候未歸」理解長椅與傘的處境。"",""燈亮一夜卻無人歸來，留下物件凸顯空等。"",""故選 A；景物承載情緒，不是客觀說明傘的用途。""]","詩歌情感判斷要整合前後文及意象，不宜只依單一景物下結論。","[]","","","","","","","","","","","","","","",""
"CHI-0849","國文","原創會考程度練習","","","七年級上","成語語境","成語辨析","中等","素養題","整理失物招領時，阿凱逐件核對標籤；遇到字跡不清的物品，便回查原紀錄，確認無誤才交還。最能形容他做事態度的成語是？","井然有序","一絲不苟","按部就班","粗枝大葉","1","一絲不苟","","阿凱逐件核對，遇到模糊處還回查原紀錄，顯示檢查細緻、不草率；答案 B「一絲不苟」。井然有序偏重安排有條理，按部就班偏重依步驟進行，均不如 B 突顯仔細程度。","[""找出最能表現態度的細節：字跡不清時回查原紀錄，確認無誤才交還。"",""這不只是依序處理，更顯示不忽略細節、仔細核對。"",""因此選 B「一絲不苟」；A、C 分別偏重秩序和依程序，D 則與細心相反。""]","「一絲不苟」著重仔細到不忽略細節；與只強調次序的「井然有序」區分。","[]","","","","","","","","","","","","","","",""
"CHI-0850","國文","原創會考程度練習","","","八年級上","閱讀理解","段落結構","中等","素養題","短文：「舊操場下雨後常積水。學生記錄積水位置，總務處檢查排水孔，發現落葉堵塞；清除後再觀察，積水時間縮短。」文章的組織方式最接近何者？","先描述人物外貌，再寫旅行回憶","列出互不相關的景物","先提出問題，再說明調查與改善結果","只抒發對雨天的情緒","2","先提出問題，再說明調查與改善結果","","文章先提出積水問題，接著記錄、檢查原因、清除落葉並觀察結果；答案 C「先提出問題，再說明調查與改善結果」。","[""標出文章各部分：問題、蒐集資料、找原因、處理、觀察。"",""這些內容圍繞同一問題，呈現調查與改善流程。"",""因此選 C；不是人物描寫或情緒抒發。""]","篇章結構題可依段落功能與事件順序歸納。","[]","","","","","","","","","","","","","","",""
"CHI-0851","國文","原創會考程度練習","","","九年級下","閱讀理解","資料來源與可信度","中等","素養題","社群貼文稱「某飲料能提升記憶力」，沒有作者、日期或研究連結。下列哪個做法最適合先判斷這項說法？","看貼文分享次數是否很多","確認發布帳號是否有平台認證標記","搜尋其他社群帳號是否也轉載相同說法","查看是否有可追溯的研究方法、樣本與原始來源","3","查看是否有可追溯的研究方法、樣本與原始來源","","判斷健康主張要追查原始研究及其方法、樣本；分享量、帳號認證或多處轉載都不能取代研究證據，答案 D。","[""辨認貼文缺少作者、日期和研究連結，來源資訊不足。"",""查找原始研究及其方法、樣本，可評估主張是否有依據。"",""故選 D；平台認證或多處轉載只能說明帳號或傳播情形，不能證明主張有效。""]","媒體識讀題先查來源、時間與方法，再評估結論是否有證據支持。","[]","","","","","","","","","","","","","","",""
"CHI-0852","國文","原創會考程度練習","","","八年級下","語文應用","關聯詞語意","中等","素養題","「除非先完成安全檢查，否則不得啟動機器。」這句話的條件關係為何？","完成安全檢查是啟動機器的必要條件","完成檢查後便可省略其他操作規範","先啟動機器，再補做安全檢查即可","只有機器出現異常時才需要檢查","0","完成安全檢查是啟動機器的必要條件","","「除非……否則不得……」表示未完成檢查就不能啟動，因此檢查是必要條件；但句子未說檢查後可省略其他規範，答案 A。","[""先讀出禁止情形：未完成檢查不得啟動。"",""因此檢查是啟動前必須具備的條件。"",""選 A；句子不是說檢查可省略，也沒有說機器已啟動。""]","條件句要分清必要條件與充分條件，並留意否定詞。","[]","","","","","","","","","","","","","","",""
"CHI-0853","國文","原創會考程度練習","","","七年級下","閱讀理解","通知條件判讀","中等","素養題","公告：「週三社團成果展因場地整修改至活動中心；原訂入場時間不變，請參觀者由東側入口進場。」下列哪項資訊正確？","活動改到週四舉行","地點改為活動中心且須由東側入口進場","入場時間延後","活動取消","1","地點改為活動中心且須由東側入口進場","","公告只變更地點並指定東側入口，且明說入場時間不變；答案 B「地點改為活動中心且須由東側入口進場」。","[""分別核對日期、時間、地點和入口資訊。"",""週三仍舉行、時間不變、地點改至活動中心，入口為東側。"",""因此選 B；取消或改期都與公告不符。""]","公告判讀要把變更事項與維持不變的條件分開整理。","[]","","","","","","","","","","","","","","",""
"CHI-0854","國文","原創會考程度練習","","","九年級上","文言文","古今詞義","中等","素養題","《桃花源記》：「率妻子邑人來此絕境。」句中的「妻子」在此最接近何意？","妻子一人","所有鄰居","妻子與兒女","祖父母與兄弟","2","妻子與兒女","","文言「妻子」常指妻子和兒女；句中與邑人一同避亂，答案 C「妻子與兒女」。不能直接只按現代常用義解為妻子一人。","[""注意這是文言語境，不能只採現代單一詞義。"",""「率妻子邑人」指帶領妻兒與鄉人。"",""因此選 C；「邑人」另指同鄉，不包含在妻子一詞內。""]","古今異義詞須依上下文與古文用法判讀。","[]","","","","","","","","","","","","","","",""
"CHI-0855","國文","原創會考程度練習","","","八年級上","閱讀理解","人物行動推論","中等","素養題","短文：「討論時，子晴先把不同組別的測量數據寫在同一張表上，指出其中兩筆差異很大，請大家回看操作步驟。」最能由此推知她的做法為何？","故意隱藏不符合想法的數據","直接把異常數據刪除","認為測量過程不重要","先核對資料再討論差異","3","先核對資料再討論差異","","子晴把各組數據並列，注意到差異後請大家回看操作，表示她先檢視證據與程序；答案 D「先核對資料再討論差異」。","[""找出文本明寫的行動：整理數據、發現差異、回查步驟。"",""她沒有刪除或隱藏數據，而是要求檢查測量程序。"",""因此答案為 D「先核對資料再討論差異」。""]","人物推論以具體行動為依據，不要加入文本沒有的動機。","[]","","","","","","","","","","","","","","",""
"CHI-0856","國文","原創會考程度練習","","","九年級上","修辭","對比手法與效果","中等","素養題","句子：「他把掌聲留給團隊，把失誤記在自己的筆記裡。」這組對比最可能凸顯人物哪種態度？","願意肯定團隊並反省自身","肯定團隊表現，卻把自己的失誤藏起來","公開記錄隊友失誤，將掌聲留給自己","把團隊成果全歸功於個人，忽略自身錯誤","0","願意肯定團隊並反省自身","","「掌聲留給團隊」顯示肯定合作成果，「失誤記在自己的筆記」顯示自我檢討；答案 A。其他選項都把其中一端的態度顛倒。","[""比較兩個動作的對象：團隊得到肯定，自己記錄失誤。"",""前者重視合作成果，後者呈現自我反省。"",""故選 A；題幹沒有推卸或否定團隊的行為。""]","對比修辭的效果須說明兩端各自代表什麼，再歸納人物態度。","[]","","","","","","","","","","","","","","",""
"CHI-0857","國文","原創會考程度練習","","","七年級下","閱讀理解","指代與篇章銜接","中等","素養題","短文：「研究小組將校園三處水龍頭的水樣分別編號。第二天，他們重測二號樣本，發現先前的紀錄抄錯。」文中的「他們」指誰？","三處水龍頭","研究小組","二號樣本","紀錄本身","1","研究小組","","「他們」承接前句的行動者「研究小組」，而水龍頭、樣本和紀錄不是執行重測的人；答案 B「研究小組」。","[""先找「他們」所在句子的動作：重測、發現。"",""能執行這些動作的是前句的研究小組。"",""因此選 B，不是被測量的水樣或紀錄。""]","代名詞判讀要看句中動作的執行者，並回指前文合適名詞。","[]","","","","","","","","","","","","","","",""
"CHI-0858","國文","原創會考程度練習","","","九年級下","閱讀理解","反證與結論限制","中等","素養題","調查 40 位參加校外教學的學生，其中 28 位表示喜歡博物館。下列哪項結論最恰當？","所有國中生都偏好博物館","博物館一定比其他地點更有教育效果","這 40 位受訪者中，多數表示喜歡博物館","所有參加者都喜歡博物館","2","這 40 位受訪者中，多數表示喜歡博物館","","資料只涵蓋 40 位受訪者，其中 28 位喜歡博物館；答案 C「這 40 位受訪者中，多數表示喜歡博物館」。不能推及所有國中生，也不是全數喜歡。","[""先確認樣本範圍是參加校外教學的 40 人。"",""28 人大於 20 人，所以在樣本中占多數。"",""選 C；樣本調查不能直接代表所有學生或證明教育效果。""]","結論範圍不可大於樣本範圍，因果效果也需另有證據。","[]","","","","","","","","","","","","","","",""
"CHI-0859","國文","原創會考程度練習","","","九年級上","文言文","語氣與勸勉","中等","素養題","《論語》：「三人行，必有我師焉。」最符合這句話的學習態度為何？","認為每個人所有做法都正確","只向身分比自己高的人學習","只相信自己，不聽他人意見","和他人相處時留意可學習之處","3","和他人相處時留意可學習之處","","「三人行，必有我師焉」指出與人同行時，其中必有可供學習之處；答案 D「和他人相處時留意可學習之處」。這不等於認同每個人的所有做法。","[""把「師」理解為可學習的對象，不限正式教師。"",""和他人相處時觀察其長處，可作為自己的學習資源。"",""故選 D；學習他人不代表盲目接受所有行為。""]","經典語句常以簡短例子提出態度原則，需避免解讀成絕對服從。","[]","","","","","","","","","","","","","","",""
"CHI-0860","國文","原創會考程度練習","","","八年級下","閱讀理解","段落安排與功能","中等","素養題","河岸整治後，河水看起來清澈許多。居民因此認為污染已經消失，但研究人員採樣檢測後，仍驗出超標的污染物。文章末段提醒：「水色只能提供初步觀察，不能代替水質檢驗；是否符合標準，仍須依檢測數據判斷。」末段在全文中的主要功能為何？","提出判斷水質的依據與提醒","重述河流的地理位置","補充人物外貌","改變故事發生的時間","0","提出判斷水質的依據與提醒","","末段針對居民以外觀判斷的情況，指出水色不能取代檢驗，並提出應依檢測數據判斷；答案 A「提出判斷水質的依據與提醒」。","[""先看前文脈絡：河水外觀看似變清，但採樣仍驗出超標污染物。"",""末段進一步說明外觀的限制，並指出需依水質檢測數據判斷。"",""因此末段的作用是提出判斷依據與提醒，選 A。""]","篇章段落功能需聯繫前後文，不能只看該段單獨內容。","[]","","","","","","","","","","","","","","",""
"CHI-0861","國文","原創會考程度練習","","","九年級上","文言文","議論主旨","中等","素養題","《孟子》：「得道者多助，失道者寡助。」這句話主要說明什麼？","只要人數多就一定正確","是否得到支持與行事是否合乎道義有關","成功完全取決於地勢","敵人越少就越不必準備","1","是否得到支持與行事是否合乎道義有關","","「得道」與「失道」形成對比，分別連結多助與寡助；答案 B「是否得到支持與行事是否合乎道義有關」。句子不是把成敗簡化成人數或地勢。","[""先辨認對比的兩組詞：得道／失道、多助／寡助。"",""文句把支持多寡與行事是否得道連結。"",""故選 B；不宜改解為人多便必然正確。""]","文言議論句要抓對比結構，再歸納作者提出的因果關係。","[]","","","","","","","","","","","","","","",""
"CHI-0862","國文","原創會考程度練習","","","八年級上","文言文","古典詞義","中等","素養題","《論語》：「吾日三省吾身：為人謀而不忠乎？與朋友交而不信乎？傳不習乎？」句中的「省」最接近何意？","節省、減少","看望、探訪","反省、檢查","省略、刪除","2","反省、檢查","","「省吾身」指省察自己；冒號後列出替人辦事、與朋友交往及溫習所學三方面的自我檢查。答案 C「反省、檢查」；此處不是節省或省略。","[""先看受詞「吾身」：被檢視的是自己。"",""「省吾身」是省察自己；冒號後的三個問句說明省察內容。"",""因此選 C；不能套用現代「節省」的詞義。""]","依受詞和整句語意判斷：「省吾身」指檢視自己；冒號後列出省察的三方面。","[]","","","","","","","","","","","","","","",""
"CHI-0863","國文","原創會考程度練習","","","八年級下","文言文","語句應用","中等","素養題","搬到新校區後，阿哲先熟悉交通與課表，再安排讀書時間。用「既來之，則安之」形容他的態度，最恰當的理解為何？","進入新環境後便不必再了解規則","要求新校區立刻恢復舊校區安排","暫停安排生活，等所有改變結束","接受已來到的新環境，並設法安頓適應","3","接受已來到的新環境，並設法安頓適應","","阿哲已進入新校區，並主動熟悉交通、課表與安排生活；答案 D「接受已來到的新環境，並設法安頓適應」符合語境。","[""確認情境已經發生：搬到新校區。"",""阿哲著手熟悉環境並調整生活，表現安頓適應。"",""故選 D；不是否認改變或要求環境立刻改造。""]","成語運用題要讓成語義與具體行動相互吻合。","[]","","","","","","","","","","","","","","",""
"CHI-0864","國文","原創會考程度練習","","","七年級下","修辭","譬喻與意象","中等","素養題","句子「一本好書像一扇窗，讓讀者看見未曾到過的地方」主要運用何種表現？","譬喻，把閱讀比作開窗拓展視野","擬人，把書寫成能主動開啟窗戶的人","借代，以窗代稱所有建築物","誇飾，刻意誇大讀者到過的地方數量","0","譬喻，把閱讀比作開窗拓展視野","","句中以「像」連結好書與窗，將閱讀帶來的認識比作開窗看見遠方；答案 A「譬喻，把閱讀比作開窗拓展視野」。","[""找出明確的比喻詞「像」。"",""本體是好書，喻體是窗，喻意是拓展讀者視野。"",""因此選 A；句式沒有排比、設問或誇大數量。""]","判斷譬喻時辨認本體、喻體與共同特徵，不能只看句子是否生動。","[]","","","","","","","","","","","","","","",""
"CHI-0865","國文","原創會考程度練習","","","九年級下","閱讀理解","主旨與證據","中等","素養題","短文：「修復老照片時，館員先比對背面日期與家族口述；兩者不一致處暫不補色，並在展牌註明仍待查證。」這種做法最能支持哪個原則？","展品說明越完整越不需查證","保存時應區分可證實資訊與未確定推測","口述資料一定比照片可靠","年代不明的照片都應丟棄","1","保存時應區分可證實資訊與未確定推測","","館員交叉比對不同資料，遇有落差便保留不確定性並註明待查；答案 B「保存時應區分可證實資訊與未確定推測」。","[""指出兩種來源：照片日期與家族口述。"",""兩者不一致時，館員沒有擅自補寫，而是標示未確認。"",""故選 B；資料不確定不等於展品必須丟棄。""]","史料閱讀要保留證據界線，不能把推測寫成確定事實。","[]","","","","","","","","","","","","","","",""
"CHI-0866","國文","原創會考程度練習","","","八年級上","語文應用","轉折關係","中等","素養題","「原定路線因落石封閉，然而領隊已準備另一條安全步道。」句中的「然而」連接什麼關係？","並列，列出兩條相同路線","因果，後句說明落石形成原因","轉折，後句補出與阻礙相對的安排","遞進，後句加強封路程度","2","轉折，後句補出與阻礙相對的安排","","前句交代原路線受阻，後句以「然而」轉出已準備替代步道；答案 C「轉折，後句補出與阻礙相對的安排」。","[""讀出前句狀況：原路線封閉。"",""讀出後句內容：已有替代步道，語意不是延續障礙。"",""因此「然而」表示轉折，選 C。""]","關聯詞判斷要比較前後分句的語意方向。","[]","","","","","","","","","","","","","","",""
"CHI-0867","國文","原創會考程度練習","","","八年級下","閱讀理解","材料與結論","中等","素養題","短文：「修鞋師傅沒有立刻換掉磨損的鞋底。他先檢查縫線，補牢鬆脫處，再讓客人試走一段，確認不再滲水。」最能概括這段工作方式的是？","完成後不再確認效果","不問原因就更換所有零件","只聽客人描述，不實際檢查","先診斷問題，再修補並測試","3","先診斷問題，再修補並測試","","師傅先檢查縫線，針對鬆脫處修補，再讓客人試走確認；答案 D「先診斷問題，再修補並測試」。","[""依序整理動作：檢查、修補、試走。"",""修補針對發現的鬆脫處，試走用來確認結果。"",""故選 D；不是未檢查就全面更換。""]","流程題按文本順序整理步驟，並看每一步的目的。","[]","","","","","","","","","","","","","","",""
"CHI-0868","國文","原創會考程度練習","","","七年級下","詩歌閱讀","詩句推論","中等","素養題","蘇軾詩句「竹外桃花三兩枝，春江水暖鴨先知」中，鴨子的反應主要讓讀者感受到什麼？","春天江水轉暖的季節訊息","鴨子築巢習性的季節變化","春季降雨量增加的預測","桃花凋謝後夏季即將到來","0","春天江水轉暖的季節訊息","","詩句以鴨先感受到春江水暖，呈現季節轉暖的細微變化；答案 A「春天江水轉暖的季節訊息」。詩句沒有描寫結冰或花謝。","[""把「春江水暖」作為季節線索。"",""「鴨先知」以生物感受呈現水溫變化。"",""因此選 A；不是推論鴨子築巢或冬季結冰。""]","詩歌意象常以可感的景物呈現抽象季節或心境。","[]","","","","","","","","","","","","","","",""
"CHI-0869","國文","原創會考程度練習","","","九年級上","成語語境","成語本義辨析","中等","素養題","阿澄只是和同學一起走進瓜園，就擔心旁人誤會他偷瓜，於是主動向園主說明並保持距離。這情境最接近哪個成語？","瓜熟蒂落","瓜田李下","李代桃僵","桃李不言","1","瓜田李下","","「瓜田李下」比喻容易引起嫌疑的處境；阿澄擔心被誤會並避免瓜園中的可疑情況，答案 B。成語不表示他確實偷瓜。","[""找出情境焦點：處在容易引人懷疑的瓜園。"",""成語說的是避嫌或嫌疑情境，不是已證明犯罪。"",""故選 B；其餘成語分別指時機成熟、代人受過或德行感化他人。""]","辨析成語時區分「容易被懷疑」和「確實做錯」兩種意思。","[]","","","","","","","","","","","","","","",""
"CHI-0870","國文","原創會考程度練習","","","九年級下","閱讀理解","論點與推論","中等","素養題","短文：「校園應增設飲水台，因為調查中多數學生表示下課常排隊。試辦在另一棟樓增設一台後，尖峰等候時間由九分鐘降為四分鐘。」下列哪項最能支持作者的論點？","多數學生表示下課時常需排隊","所有學生都不再排隊","試辦後尖峰等候時間由九分鐘降為四分鐘","飲水台的顏色受到歡迎","2","試辦後尖峰等候時間由九分鐘降為四分鐘","","學生回報排隊支持「有增設需求」；試辦後尖峰等候由九分鐘降至四分鐘，則直接支持增設能改善等待，答案 C。B 把改善誇大成完全不再排隊。","[""確認作者論點是增加飲水台可改善排隊。"",""比較試辦前後：九分鐘減四分鐘，縮短五分鐘。"",""故選 C；資料沒有說所有排隊都消失。""]","論據題要用實際測量結果支持論點，並避免把改善誇大為完全解決。","[]","","","","","","","","","","","","","","",""
"CHI-0871","國文","原創會考程度練習","","","八年級下","閱讀理解","來源判讀","中等","素養題","一篇文章引用「古人說：早起的人一定最成功」，但沒有書名、作者或原文位置。讀者最合理的下一步是什麼？","因為用了引號就視為真實古語","只看文章排版是否正式","把引文改成更有名的作者","查找可核對的原典與出處","3","查找可核對的原典與出處","","缺乏作者、書名與原文位置時，無法核實引言是否真有其文；答案 D「查找可核對的原典與出處」。引號或排版不能代替來源。","[""指出引用缺少哪些資料：作者、書名、原文位置。"",""要判斷是否為古人原話，需找到可核對的原典。"",""因此選 D；不能因引號或版面正式就認定真實。""]","引文查核要追溯原始出處，避免以名人標籤增加可信度。","[]","","","","","","","","","","","","","","",""
"CHI-0872","國文","原創會考程度練習","","","九年級上","文言文","語句涵義","中等","素養題","范仲淹《岳陽樓記》寫古仁人「不以物喜，不以己悲」，並說「居廟堂之高則憂其民；處江湖之遠則憂其君」。最能概括這種態度的是什麼？","不受個人得失左右，無論進退仍關懷國家與百姓","身居朝廷才關心百姓，離開朝廷便不再過問政事","為維持情緒平穩，應避免接觸任何外在事物","只要個人沒有得失，就不必承擔公共責任","0","不受個人得失左右，無論進退仍關懷國家與百姓","","「不以物喜，不以己悲」不是要求壓抑情緒，而是古仁人不讓個人得失左右志向；後文又寫身居朝廷或退處江湖都仍憂念百姓、君主。答案 A 同時概括不計個人得失與持續關懷天下。","[""「物」與「己」分別指外在遭遇和個人處境，說明不以私人的得失定志向。"",""再看相鄰句：無論身在朝廷或退居江湖，仍牽掛百姓與國事。"",""因此選 A；這不是冷漠避世，而是超越個人得失的公共關懷。""]","文言文須連讀上下文：先解字面，再用相鄰句確認作者志向，避免把不計個人得失誤解成冷漠。","[]","","","","","","","","","","","","","","",""
"CHI-0873","國文","原創會考程度練習","","","八年級上","語文應用","雙重否定語意","中等","素養題","「他不是不願協助，而是需要先完成手邊的安全檢查。」這句話最接近何意？","他拒絕協助且不做檢查","他願意協助，但需先完成安全檢查","他已經完成所有協助","安全檢查與協助無關","1","他願意協助，但需先完成安全檢查","","「不是不願」否定拒絕的意思，後句說明延後協助的原因是先做安全檢查；答案 B「他願意協助，但需先完成安全檢查」。","[""辨認「不是不願」的雙重否定，語意是願意。"",""「而是」後提出目前先處理安全檢查的原因。"",""所以選 B；不是拒絕或已完成協助。""]","遇到雙重否定或轉折句，需先還原否定範圍再判斷立場。","[]","","","","","","","","","","","","","","",""
"CHI-0874","國文","原創會考程度練習","","","七年級下","閱讀理解","公告條件與例外","中等","素養題","公告：「校外教學名額 40 人，依繳交同意書順序錄取；若遇颱風停班停課，活動順延，費用不變。」小芸第 39 位繳交，且當天正常上課，她最可能如何？","因第 39 位而不符合名額","活動一定取消並退費","依序取得名額，按原訂日期參加","只有颱風天才能參加","2","依序取得名額，按原訂日期參加","","名額 40 人，小芸第 39 位且沒有觸發颱風順延條件，因此依序錄取並按原訂日期參加；答案 C「依序取得名額，按原訂日期參加」。","[""比較名額與順位：39 位在 40 個名額內。"",""題目明說當天正常上課，颱風停班停課的例外不適用。"",""故選 C；活動不會因此取消或退費。""]","公告題要同時檢查一般規則和例外條件是否被觸發。","[]","","","","","","","","","","","","","","",""
"CHI-0875","國文","原創會考程度練習","","","八年級下","閱讀理解","敘事觀點","中等","素養題","短文：「我站在台下，看見父親把修好的腳踏車交給隔壁的孩子。他沒有提起昨晚加班，只問孩子煞車是否順手。」這段採用何種敘事觀點？","全知觀點，直接說出所有人物內心","第二人稱，對讀者下命令","旁白只列出客觀資料","第一人稱，由故事中的我觀察","3","第一人稱，由故事中的我觀察","","敘述者使用「我」並描述自己看見、聽見的事件，是故事中人物的第一人稱觀察；答案 D「第一人稱，由故事中的我觀察」。文字沒有直接進入所有人物內心。","[""圈出敘述者自稱「我」。"",""敘述內容來自「我」站在台下所見的行動與對話。"",""因此是第一人稱觀點，選 D。""]","辨識敘事觀點要看誰在說，以及敘述者能掌握哪些資訊。","[]","","","","","","","","","","","","","","",""
"CHI-0876","國文","原創會考程度練習","","","九年級上","語文應用","引文與轉述","中等","素養題","報告寫道：「研究者提醒，測量值只適用於本次樣本，不宜推論所有地區。」下列哪種引用方式最忠實保留原意？","研究者提醒不要把本次結果直接推廣到所有地區","研究者認為本次樣本的數據不可參考","研究者證明所有地區都相同","研究者要求停止後續研究","0","研究者提醒不要把本次結果直接推廣到所有地區","","原句限制的是推論範圍，不是否定本次數據；答案 A「研究者提醒不要把本次結果直接推廣到所有地區」。","[""找出原句的核心限制：數值適用本次樣本。"",""「不宜推論所有地區」表示避免過度概括，不是數據無效。"",""因此選 A；其他選項改變原意或擴大結論。""]","轉述時保留原文的範圍和語氣，不要把限制說成否定。","[]","","","","","","","","","","","","","","",""
"CHI-0877","國文","原創會考程度練習","","","九年級下","詩歌閱讀","象徵與勸勉","中等","素養題","王之渙「欲窮千里目，更上一層樓」常用來勉勵人追求更廣闊的視野。哪種情境最符合這層引申義？","只重複熟悉方法，不接受新觀點","學會基礎後再進一步學習，拓展理解","為了避開問題而離開現場","認為已有成績便不需再努力","1","學會基礎後再進一步學習，拓展理解","","「更上一層樓」由登高望遠引申為再進一步以拓展視野；答案 B「學會基礎後再進一步學習，拓展理解」。","[""先理解字面情境：登得更高才能望得更遠。"",""再連結引申義：進一步努力可拓展見聞與理解。"",""故選 B；停留原地或拒絕新知與詩意相反。""]","引用詩句作為勉勵時，需說明字面意象如何轉為引申意義。","[]","","","","","","","","","","","","","","",""
"CHI-0878","國文","原創會考程度練習","","","八年級下","閱讀理解","數據比較與限制","基礎","素養題","校隊兩週訓練測得投籃命中數：第一週 18 次、第二週 24 次；每週投籃總數相同。哪項結論最有根據？","第二週每位隊員都進步","訓練必然是命中增加的唯一原因","第二週命中次數比第一週多 6 次","所有校隊都會有相同結果","2","第二週命中次數比第一週多 6 次","","在投籃總數相同的前提下，第二週命中數多 24−18=6 次；答案 C「第二週命中次數比第一週多 6 次」。資料不足以推論個人或其他隊伍，也不能確定唯一因果。","[""比較兩週的命中次數：18 與 24。"",""計算差值：24−18=6 次。"",""選 C；總體數據不能證明每個人都進步或唯一原因。""]","數據比較可支持描述性結論，但因果與個別變化需額外資料。","[]","","","","","","","","","","","","","","",""
"CHI-0879","國文","原創會考程度練習","","","九年級上","文言文","成語典故與態度","中等","素養題","《論語》：「敏而好學，不恥下問。」最符合「不恥下問」的行動是？","只向職位比自己高的人提問","認為請教別人代表能力不足","把疑問藏起來以免被發現","不懂時向身分或學問不如自己的人請教","3","不懂時向身分或學問不如自己的人請教","","「下問」是向身分或學問不如自己的人請教；「不恥」表示不以請教為羞恥。正確答案是「不懂時向身分或學問不如自己的人請教」。","[""拆解「不恥」和「下問」：不以請教他人為羞恥。"",""對方身分或學問不如自己，正是「下問」所指的請教對象。"",""因此選 D；隱藏疑問或只問高位者都不合語意。""]","「下問」看的是請教對象的身分或學問相對較低，不可直接等同於年紀較小。","[]","","","","","","","","","","","","","","",""
"CHI-0880","國文","原創會考程度練習","","","九年級下","閱讀理解","範圍詞與結論","中等","素養題","研究摘要：「本次訪談 12 位夜間工作者，其中 9 人表示公車末班時間不便。」下列哪項說法最嚴謹？","本次受訪者中，多數認為末班時間不便","公車末班時間造成全部交通問題","所有夜間工作者都認為公車不便","只要延長末班車就能解決所有不便","0","本次受訪者中，多數認為末班時間不便","","訪談樣本為 12 人，其中 9 人提出不便，能支持「本次受訪者中多數如此」；答案 A「本次受訪者中，多數認為末班時間不便」。不能直接推廣到所有工作者或所有交通問題。","[""確認資料範圍：本次訪談 12 位夜間工作者。"",""9 人多於半數，因此在樣本內屬多數。"",""故選 A；樣本結果不等於全體，也不能證明單一政策解決所有問題。""]","結論要明確限定樣本範圍，避免把小樣本推廣成普遍事實。","[]","","","","","","","","","","","","","","",""
"CHI-0881","國文","原創會考程度練習","","","九年級上","閱讀理解","情境推論","中等","素養題","公告說戶外電影若遇雨便移至活動中心；傍晚天空陰沉，主辦方尚未發布取消消息。最適當的做法是？","認定活動已取消","先確認最新公告，再依通知前往","直接改去其他城市","要求所有觀眾留在家中","1","先確認最新公告，再依通知前往","","公告只說下雨時改室內，且尚未宣布取消；應查詢最新安排而非自行推定，答案 B。","[""找出公告條件：遇雨改到活動中心。"",""目前沒有確認是否下雨，也沒有取消通知。"",""先查最新公告最符合已知條件，選 B。""]","遇到有條件的通知，需先確認條件是否成立及最新資訊。","[]","","","","","","","","","","","","","","",""
"CHI-0882","國文","原創會考程度練習","","","九年級上","語文應用","語意關係","基礎","素養題","「編輯先核對人名與日期，＿＿檢查引文是否完整。」空格最適合填入？","反而","儘管","接著","否則","2","接著","","句子描述兩個按順序進行的校對步驟，先核對人名日期，接著檢查引文，答案 C。","[""辨認前後動作：核對基本資料，再檢查引文。"",""兩者是先後步驟，不是轉折或條件。"",""因此用「接著」，選 C。""]","時間順序與轉折、因果要分清楚。","[]","","","","","","","","","","","","","","",""
"CHI-0883","國文","原創會考程度練習","","","九年級上","成語應用","成語辨析","中等","素養題","小組發現實驗結果和預期不同，便保留原始紀錄並重新檢查操作步驟。最適合形容其態度的是？","得過且過","坐井觀天","一曝十寒","謹慎求證","3","謹慎求證","","保留紀錄並重新核對步驟，顯示謹慎查證而不急著下結論，答案 D。","[""抓住行為證據：保存原始紀錄、檢查操作。"",""這是在查明原因，不是放任或只看有限資訊。"",""因此選 D「謹慎求證」。""]","態度題以實際行動判斷，不只看結果是否符合預期。","[]","","","","","","","","","","","","","","",""
"CHI-0884","國文","原創會考程度練習","","","九年級上","文言文閱讀","文言語意","基礎","素養題","《論語》：「逝者如斯夫，不舍晝夜。」作者藉流水最可能感嘆什麼？","時間不斷流逝","白天比夜晚重要","河水永遠不會改變","旅行必須沿河進行","0","時間不斷流逝","","流水不停歇地向前，比喻時間日夜流逝，答案 A。","[""理解「逝者」指流逝的事物。"",""「不舍晝夜」指出日夜不停。"",""因此藉流水感嘆時間持續流逝，選 A。""]","文言譬喻要把喻體特徵連回句子要表達的道理。","[]","","","","","","","","","","","","","","",""
"CHI-0885","國文","原創會考程度練習","","","九年級上","標點符號","書名號使用","基礎","素養題","下列哪一句的書名號使用正確？","老師提醒：《明天帶作業。","她最喜歡的顏色是《藍色》。","請把這支《鉛筆》放進筆袋。","我讀了《背影》這篇文章。","3","我讀了《背影》這篇文章。","","D 的《背影》是文章篇名，應使用書名號。C 以「這支」指稱眼前的一般鉛筆，並說要放進筆袋，語境明確不是作品名稱；B 的顏色也不是作品名。答案 D。","[""判斷括號中的詞是否為書籍、篇章等作品名稱。"",""D的《背影》是文章篇名。"",""C 的量詞「支」與放進筆袋的情境明確指一般鉛筆；B 是顏色，均非作品名稱。只有 D 使用正確。""]","書名號用於作品名稱，不用於一般物品、顏色或普通詞語。","[]","","","","","","","","","","","","","","",""
"CHI-0886","國文","原創會考程度練習","","","九年級上","現代詩閱讀","意象與情感","基礎","素養題","詩句：「他把一盞燈留在窗前，讓晚歸的人知道家門仍為他亮著。」最可能表達何種情感？","厭倦與排斥","守候與關懷","急於競爭","害怕改變","1","守候與關懷","","為晚歸者留燈，象徵等待、接納與關懷，答案 B。","[""找出燈的用途：讓晚歸者知道家門仍亮著。"",""這個行動傳達等待與接納。"",""因此選 B。""]","詩歌意象需連結其作用及對象判讀情感。","[]","","","","","","","","","","","","","","",""
"CHI-0887","國文","原創會考程度練習","","","九年級上","論說文閱讀","來源可信度","中等","素養題","某網頁宣稱一種飲料能提升記憶力，但未列研究方法、作者或資料來源。讀者最應先做什麼？","因為語氣肯定就立即相信","將文章分享給所有同學","尋找可查證的研究來源並核對方法","只看網頁顏色是否醒目","2","尋找可查證的研究來源並核對方法","","網頁缺少作者、方法和來源，應尋找可追溯證據並檢查研究設計，答案 C。","[""確認目前主張有無作者與證據來源。"",""缺少可查證資訊，不能只憑肯定語氣接受。"",""因此先核對研究來源與方法，選 C。""]","資訊判讀先確認來源、方法與可重現證據。","[]","","","","","","","","","","","","","","",""
"CHI-0888","國文","原創會考程度練習","","","九年級上","語文應用","句子修訂","基礎","素養題","「由於天候不佳，因此所以戶外活動延期。」若保留原句的「由於……因此……」句型，哪種修訂最恰當？","雖然天候不佳，因此戶外活動延期。","由於天候不佳，因此戶外活動延期。","因為天候不佳，但是戶外活動延期。","天候不佳，然而戶外活動因此延期。","1","由於天候不佳，因此戶外活動延期。","","題目指定保留「由於……因此……」這組因果句型，因此須刪去重複的「所以」；答案 B。A改成「雖然」且與「因此」搭配不當，C、D也未保留指定句型。","[""找出原句已使用的句型：「由於」引出原因，「因此」引出結果。"",""保留這一組時，應刪去多餘的「所以」，句子成為「由於天候不佳，因此戶外活動延期」。"",""故選 B；其他選項更換或誤用指定的關聯詞。""]","修訂句子時先看題目指定保留的句型，再刪除重複的關聯詞；不同因果句型本身也可能都合語法。","[]","","","","","","","","","","","","","","",""
"CHI-0889","國文","原創會考程度練習","","","九年級上","應用文閱讀","條件整合","中等","素養題","競賽規定：作品須為個人創作、附作者姓名，並最遲於 5 月 20 日送達。下列哪件作品符合規定？","兩人合作、署名完整、5 月 18 日送達","個人創作、署名完整、5 月 20 日送達","個人創作、未署名、5 月 19 日送達","個人創作、署名完整、5 月 21 日送達","1","個人創作、署名完整、5 月 20 日送達","","B為個人創作、已署名，並在截止日 5 月 20 日送達，三項條件都符合；A是合作作品、C未署名、D逾期，因此答案 B。","[""列出三項條件：個人創作、署名、最遲 5 月 20 日送達。"",""逐項核對 B：個人創作、署名完整，且送達日沒有晚於 5 月 20 日。"",""A違反個人創作條件、C缺少署名、D超過期限，只有 B 符合全部規定。""]","題目明確標出最後收件日，避免「日前」是否含當日的歧義。","[]","","","","","","","","","","","","","","",""
"CHI-0890","國文","原創會考程度練習","","","九年級上","修辭判讀","擬人修辭","基礎","素養題","「清晨的風輕輕推開窗簾，邀請陽光走進房間。」主要運用哪一種修辭？","譬喻：以風比喻一位旅人","映襯：對比清晨與夜晚的景色","排比：連續使用三個相同句式","擬人：把風寫成會推開、邀請的行動者","3","擬人：把風寫成會推開、邀請的行動者","","「推開」與「邀請」是人的行動，句子把人的行為賦予自然景物「風」，屬於擬人，答案 D。","[""找出被描寫的自然景物：風。"",""「推開窗簾」與「邀請陽光」將人的行為寫在風身上。"",""把人的動作賦予自然物是擬人，故選 D；句中沒有比喻本體與喻體。""]","擬人是把人的動作、情感或特徵寫給非人事物；勿只憑句子生動就判成譬喻。","[]","","","","","","","","","","","","","","",""
"CHI-0891","國文","原創會考程度練習","","","九年級上","閱讀理解","資料推論與因果限制","進階","素養題","圖書館連續兩週每週借還量約 50 本，逾期歸還 12 次；第三週加設走廊指示牌後，借還量仍約 50 本，逾期歸還降為 5 次。下列推論何者最恰當？","指示牌可能有助提醒讀者，但僅憑前後比較不能確定它是唯一原因","指示牌已證明能讓所有讀者準時還書","借還量相近表示指示牌完全沒有效果","逾期次數減少證明學生借書需求下降","0","指示牌可能有助提醒讀者，但僅憑前後比較不能確定它是唯一原因","","加設指示牌後，借還量大致相近而逾期次數下降，結果與提醒可能有幫助相符；但未控制其他因素，不能斷言指示牌是唯一原因，答案 A。","[""先比較指示牌設置前後的兩項資料：借還量相近、逾期次數下降。"",""這種變化支持提醒措施可能有幫助，但觀察比較未排除其他影響因素。"",""因此選 A；不能據此推廣到所有讀者或宣稱已證明單一因果。""]","讀前後比較要區分「支持可能」與「證明必然因果」，也要檢查是否控制其他變因。","[]","","","","","","","","","","","","","","",""
"CHI-0892","國文","原創會考程度練習","","","八年級上","語文應用","詞語在語境中的意思","中等","素養題","討論時，子安原本急著反駁；看到同學提出可查證的資料後，他先把自己的結論「擱下」，回家重新核對。句中「擱下」最接近何意？","完全放棄原結論，不再查證","暫時把原結論放在一旁，待核對後再判斷","把查證資料交給同學保管","停止和同學討論這個問題","1","暫時把原結論放在一旁，待核對後再判斷","","子安沒有立刻斷定原結論錯誤，而是先暫緩採用、回家核對；「擱下」在此指暫時放在一旁，答案 B。A把暫緩判斷誤成永久放棄。","[""觀察「擱下」後的行動：子安回家重新核對，表示尚未作最後判斷。"",""因此這裡不是永久放棄，而是暫時把原結論放在一旁。"",""選 B；A混淆暫緩判斷與完全否定，C、D則與「結論」的語境不合。""]","詞義判讀要把詞放回前後行動中，留意語境是否表示暫時或永久。","[]","","","","","","","","","","","","","","",""
"CHI-0893","國文","原創會考程度練習","","","九年級上","文言文","經典語句理解","中等","素養題","《論語》：「學而不思則罔，思而不學則殆。」下列解釋何者最恰當？","只要多讀書，就不必思考","學習與思考只能選擇其中一項","只學習而不思考容易迷惘，只空想而不學習也有危險","思考會妨礙學習，因此應避免思考","2","只學習而不思考容易迷惘，只空想而不學習也有危險","","「罔」指迷惘而無所得，「殆」有危險之意；孔子指出學習與思考須相互配合，答案 C。","[""先分辨兩個條件：「學而不思」與「思而不學」。"",""前者容易迷惘，後者可能流於空想而有危險，兩者都不完整。"",""所以學習與思考要並行，選 C。""]","文言對偶句常用相似句式對照兩種情況，需分別解詞再合併主旨。","[]","","","","","","","","","","","","","","",""
"CHI-0894","國文","原創會考程度練習","","","七年級下","修辭","擬人及其效果","中等","素養題","句子：「夕陽把操場染成橘紅，晚風也放慢腳步，陪著隊員收拾器材。」其中「晚風也放慢腳步，陪著隊員」主要使用哪一種修辭？","摹寫，描寫晚風帶來的觸覺感受","譬喻，把晚風比作同行的隊員","映襯，以晚風和隊員的動作形成對比","擬人，把人的動作賦予晚風","3","擬人，把人的動作賦予晚風","","題目聚焦「晚風」的行動；「放慢腳步」「陪著」是人的動作，卻寫在非人的晚風身上，屬於擬人，答案 D。","[""依題目指定，只分析「晚風也放慢腳步，陪著隊員」這一部分。"",""「放慢腳步」和「陪著隊員」通常是人的動作。"",""把人的行為寫給晚風，屬擬人，選 D；題目未以比喻或對照呈現晚風。""]","修辭判讀可先圈出動作，再看它是否被不尋常地賦予非人的對象。","[]","","","","","","","","","","","","","","",""
"CHI-0895","國文","原創會考程度練習","","","八年級下","閱讀理解","比例與圖表判讀","基礎","素養題","學校統計各年級一週回收紙重量：一年級 18 公斤、二年級 24 公斤、三年級 18 公斤。二年級回收量占總量的百分比是多少？","40%","24%","30%","60%","0","40%","","總回收量為 18＋24＋18＝60 公斤；二年級占 24÷60＝0.4，即 40%，答案 A。","[""先將三個年級的重量相加，得到總量 60 公斤。"",""以二年級重量除以總量：24÷60＝0.4。"",""換成百分比為 40%，選 A。""]","百分比的分母是整體總量；先確認題目問的是部分占整體，而非兩組差值。","[]","","","","","","","","","","","","","","",""
"CHI-0896","國文","原創會考程度練習","","","九年級下","閱讀理解","論證證據評估","進階","素養題","某飲料廣告宣稱「喝了就能提升專注力」。下列哪一項證據最能檢驗這項主張？","一位網紅表示味道很好","隨機分組比較飲用飲料與對照組的專注測驗結果，並說明測量方法","商店一週內銷量很高","許多留言者表示喝完心情不錯","1","隨機分組比較飲用飲料與對照組的專注測驗結果，並說明測量方法","","主張涉及專注力變化，最相關的證據是以適當對照方式測量專注表現；銷量、口味和心情留言不能直接證明效果，答案 B。","[""先確認要驗證的是「專注力是否提升」，而不是口味或銷售。"",""隨機分組並以同一測驗比較，可較直接觀察飲用與專注表現的關聯。"",""因此選 B；仍應檢視樣本、測量方式與研究限制。""]","評估主張時，證據要直接測量所談結果，並注意對照、樣本與方法是否透明。","[]","","","","","","","","","","","","","","",""
"CHI-0897","國文","原創會考程度練習","","","八年級上","語文應用","轉折關係辨識","基礎","素養題","句子：「雖然天候不佳，登山隊仍依預備路線安全抵達避難小屋。」前後分句的關係為何？","因果：天候不佳所以抵達小屋","選擇：隊伍在兩條路線中擇一","轉折：條件不利，但結果仍然達成","遞進：抵達小屋後又繼續登頂","2","轉折：條件不利，但結果仍然達成","","「雖然……仍……」先提出不利情況，再說明結果沒有因此受阻，形成轉折關係，答案 C。","[""辨認關聯詞「雖然……仍……」。"",""前半句是天候不佳，後半句是仍安全抵達，結果與預期有轉折。"",""因此選 C；句子未表示因果、選擇或抵達後續行。""]","複句關係要同時看關聯詞與前後語意，不能只憑單一詞語猜測。","[]","","","","","","","","","","","","","","",""
"CHI-0898","國文","原創會考程度練習","","","九年級上","閱讀理解","敘事觀點判讀","中等","素養題","短文：「我站在禮堂最後一排，看見主持人匆忙翻找流程表，卻聽不清台前兩人的低聲交談。」這段敘述的觀點最可能為何？","全知觀點，能直接說出所有人的內心想法","第二人稱，直接對讀者發出命令","旁觀者知道故事中每個角色的過去","第一人稱，只呈現敘述者看見或聽見的部分","3","第一人稱，只呈現敘述者看見或聽見的部分","","敘述者以「我」描述自己的位置與感官所及，也明說聽不清交談，資訊受其觀察範圍限制，答案 D。","[""圈出人稱線索「我」，並確認事件由誰觀察。"",""敘述只提供「我」看見和聽見的內容，沒有揭露其他人的內心。"",""所以是受限的第一人稱觀點，選 D。""]","判斷敘事觀點時，分清誰在說故事，以及敘述者能知道哪些資訊。","[]","","","","","","","","","","","","","","",""
"CHI-0899","國文","原創會考程度練習","","","七年級上","語文應用","標點與直接引語","基礎","素養題","下列哪一句的標點使用最恰當？","老師說；「先讀題目，再圈出關鍵條件。」","老師說：「先讀題目，再圈出關鍵條件，」","老師說：先讀題目，再圈出關鍵條件。」","老師說：「先讀題目，再圈出關鍵條件。」","3","老師說：「先讀題目，再圈出關鍵條件。」","","提示語「老師說」後應以冒號引出直接引語，並以成對引號框住完整原話，句末用句號；只有 D 同時符合，答案 D。A 在提示語後誤用分號，B 用逗號結束完整句，C 缺少前引號。","[""先找出提示語「老師說」，後面要引出直接說出的話。"",""提示語後用冒號，直接引語用引號括起，句末標點放在引號內。"",""因此選 D；A 的分號不適合引出短引語，B 的逗號不能代替完整句末句號，C 的引號不成對。""]","直接引語標點要先辨認提示語與引語範圍，再檢查冒號、引號和句末符號。","[]","","","","","","","","","","","","","","",""
"CHI-0900","國文","原創會考程度練習","","","九年級下","閱讀理解","段落功能與主旨","中等","素養題","社區修復老橋時，居民先依舊照片確認橋面樣式。完工後，工程師又提醒：「外觀復原只是第一步，仍須定期檢查橋墩與排水。」文章末句的主要功能為何？","補充維護觀念，指出修復後仍需持續檢查","交代老橋建造年代","否定居民保存舊照片的做法","表示橋梁外觀比安全更重要","0","補充維護觀念，指出修復後仍需持續檢查","","末句由外觀復原轉向橋墩與排水的定期檢查，補充修復後的維護要求，答案 A。","[""先區分前文的工作：依照片復原橋面外觀。"",""末句另提出結構與排水檢查，說明完工不等於維護結束。"",""因此末句是在補充後續維護觀念，選 A。""]","段落功能題需比較前文已說明的事與末句新增的資訊，再判斷其作用。","[]","","","","","","","","","","","","","","",""
"CHI-0901","國文","原創會考程度練習","","","七年級上","閱讀理解","由情節推論人物特質","中等","單題選擇","閱讀短文：「試種連續失敗三次後，小芸沒有放棄。她把每天的日照和澆水量記下來，逐項調整；到了秋天，終於收成第一批番茄。」由小芸的做法最能看出哪項特質？","不願接受別人的任何建議","遇到挫折仍觀察並持續改進","只憑運氣等待問題自行解決","追求速度而不記錄過程","1","遇到挫折仍觀察並持續改進","","小芸遇到多次失敗仍持續嘗試，並記錄日照和澆水量、逐項調整，最後改善結果。這些具體行動支持她能從挫折中觀察問題並持續改進，答案是 B。文中沒有說她拒絕建議，也不是單靠運氣或忽略紀錄。","[""先找人物面對的情況：試種連續失敗三次。"",""再看她實際採取的行動：記錄日照與澆水量，逐項調整並繼續嘗試。"",""這些線索顯示她能觀察、改進並堅持，選 B；其他選項都與文中行動不符。""]","人物特質推論要根據文中的行動與結果，不要只憑單一形容詞猜測。","[]","","","","","","","","","","","","","","",""
"CHI-0902","國文","原創會考程度練習","","","七年級下","文言文","經典語句理解","中等","單題選擇","《論語》：「知之者不如好之者，好之者不如樂之者。」依句意，作者認為哪種學習狀態較深入？","只靠天分，不需投入時間","以記住答案為目標，避免理解內容","由知道進到喜愛，並以學習為樂","只要知道知識，便不必持續學習","2","由知道進到喜愛，並以學習為樂","","句子以「知之、好之、樂之」呈現逐步深入的態度：知道一件事不如喜愛它，喜愛又不如以之為樂；答案為 C。重點是由認知走向主動投入，不是只背答案或停止學習。","[""辨認三個詞的層次：「知」是知道，「好」是喜愛，「樂」是以此為樂。"",""句子用「不如」比較，指出後一種投入程度更深。"",""因此最深入的是由知道進到喜愛並樂在其中，選 C。""]","比較格言中的層次詞，注意「知道、喜愛、以之為樂」所代表的投入差異。","[]","","","","","","","","","","","","","","",""
"CHI-0903","國文","原創會考程度練習","","","八年級上","修辭","譬喻修辭判讀","中等","單題選擇","句子「清晨的薄霧像一條柔軟的白紗，輕輕披在山腰上」主要使用哪一種修辭？","誇飾","排比","借代","譬喻","3","譬喻","","句中以「像」把清晨薄霧比作柔軟白紗，兩者有形態上的相似點，屬於明喻，因此答案為 D「譬喻」。「輕輕披在山腰」帶有擬人意味，但題目問主要修辭；明確的「像」字比喻是核心。","[""找出句中被描寫的事物：清晨薄霧。"",""看到「像」連結薄霧與白紗，兩者因輕柔、朦朧的形態相似而相比。"",""有本體、喻詞和喻體，主要修辭是譬喻，選 D；「披在山腰」另帶擬人意味。""]","辨認譬喻線索時，可比較本體、喻詞與喻體；同句其他修辭不一定是題目所問的主要手法。","[]","","","","","","","","","","","","","","",""
"CHI-0904","國文","原創會考程度練習","","","八年級下","詞義辨析","詞語在語境中的意思","中等","單題選擇","句子「委員對這項改建方案仍持保留態度，希望補充交通資料後再決定」中的「保留」最接近何意？","尚未表示贊成，仍有疑慮","將物品暫時留下，不交出去","把原有建築完整保存","拒絕再聽取任何資料","0","尚未表示贊成，仍有疑慮","","題幹說委員希望補充交通資料後「再決定」，表示目前尚未作出最後判斷，對方案仍有疑慮，因此「持保留態度」意為暫不表示贊成、等待更多資訊，答案是 A。此處不是把物品留下或保存建築。","[""先看前後文：委員要補充交通資料後才決定。"",""這表示他尚未定案，並對方案有疑問，而非在談保管物品。"",""所以「保留態度」是暫不表態、仍有疑慮，選 A。""]","詞語多義時先查看搭配對象與後續行動，再排除只符合另一種常見詞義的選項。","[]","","","","","","","","","","","","","","",""
"CHI-0905","國文","原創會考程度練習","","","九年級上","閱讀理解","歸納文章主旨與證據","中等","單題選擇","閱讀短文：「圖書館延長開放後，晚自習學生多了安靜讀書的地方。館方統計，晚間借閱人次增加；附近居民也反映，學生在館內等候接送，比聚集在路口更安全。」本文最主要支持哪項看法？","只要增加借閱人次，所有交通問題便會消失","延長圖書館開放可同時增加閱讀機會並改善等候環境","居民認為學生不應在晚上外出","圖書館延長開放後，白天服務已不再重要","1","延長圖書館開放可同時增加閱讀機會並改善等候環境","","短文提供兩項結果：晚間借閱人次增加，學生有安靜閱讀空間；居民也認為在館內等候接送較安全。這些證據共同支持延長開放能兼顧閱讀機會與等候環境，答案為 B。文中沒有證明所有交通問題都消失，也沒有否定白天服務。","[""先找作者提供的具體證據：借閱人次增加，且學生有安全的等候空間。"",""把兩項證據合併，確認它們分別對應閱讀機會和等候環境。"",""因此主旨是延長開放帶來兩方面改善，選 B；其他選項都超出短文證據。""]","歸納主旨時要整合全文證據，也要避免把局部改善誇大成解決所有問題。","[]","","","","","","","","","","","","","","",""
"CHI-0906","國文","原創會考程度練習","","","九年級下","成語運用","不恥下問的語境判讀","基礎","單題選擇","資深木工師傅老周遇到新型數位切割機，主動向熟悉操作的新進同事請教，並仔細記下步驟。下列哪個成語最適合形容他的態度？","固步自封","好高騖遠","不恥下問","守株待兔","2","不恥下問","","「不恥下問」指不以向身分或學問較低者請教為恥。情境指出老周資深、同事新進，但同事熟悉這台設備，老周仍主動請教，表現虛心求知，答案為 C。「固步自封」指守舊不求進步；「好高騖遠」是追求不切實際的目標；「守株待兔」則是消極等待機會。","[""找出老周的行動：他主動向熟悉設備的同事請教，而非因資歷拒絕學習。"",""「不恥下問」指不以向身分或學問較低者請教為恥；題目以師傅資深、同事新進呈現請教對象關係。"",""因此最適合選 C；他是在虛心求知，不是守舊或等待機會。""]","「不恥下問」重點是不以向身分或學問較低者請教為恥；要看對象關係與人物是否虛心請益。","[]","","","","","","","","","","","","","","",""
"CHI-0907","國文","原創會考程度練習","","","七年級上","成語運用","不約而同的語意","基礎","單題選擇","三位同學事前沒有約好，活動當天卻都帶來二手書，想為班級圖書角添書。下列哪個成語最能形容這件事？","按圖索驥","拋磚引玉","守株待兔","不約而同","3","不約而同","","三人沒有事先約定，卻做出相同的捐書行動，正是「不約而同」的意思，答案為 D。「按圖索驥」是依線索尋找；「拋磚引玉」是先提出較粗淺的意見以引出他人高見；「守株待兔」指消極等待。","[""確認行動者：三位同學各自帶來二手書。"",""確認是否事先約定：題幹明確說沒有約好，但行動相同。"",""沒有約定卻做法一致，符合「不約而同」，選 D；不是依圖尋物或等待機會。""]","「不約而同」與「不謀而合」意思相近，都指未事先商量而意見或行動相同；本題用前者描述多人同步行動。","[]","","","","","","","","","","","","","","",""
"CHI-0908","國文","原創會考程度練習","","","七年級下","閱讀理解","由具體意象推論情意","中等","單題選擇","閱讀短文：「雨停後，他把石縫旁冒出的嫩芽拍下來，傳給正在復健的朋友，附上一句：『看，石縫也留得住春天。』」這句話最可能想傳達什麼？","即使處境艱難，仍可能孕育希望","植物只能在肥沃土壤中生長","復健一定會立刻痊癒","下雨後應避免到戶外活動","0","即使處境艱難，仍可能孕育希望","","嫩芽能在石縫旁生長，呈現生命在不利環境中仍能萌發的意象；作者把這個景象傳給正在復健的朋友，並以「留得住春天」鼓勵對方，暗示困境中仍有希望，答案為 A。文中沒有保證復健立即痊癒。","[""找出關鍵意象：嫩芽在石縫旁冒出，環境並不容易。"",""聯繫收訊者正在復健，以及「留得住春天」的比喻性表達。"",""這是在傳達逆境中仍可能有希望，選 A；不是對復健結果作保證。""]","閱讀情意要連結意象、收訊對象與語氣；比喻不等於對未來結果的保證。","[]","","","","","","","","","","","","","","",""
"CHI-0909","國文","原創會考程度練習","","","八年級上","修辭","擬人修辭判讀","中等","單題選擇","句子「午後的雷聲在遠山滾動，急促地敲著天空的門」主要運用了哪一種修辭？","借代","擬人","排比","設問","1","擬人","","「急促地」描寫雷聲的節奏，「敲著天空的門」把人的動作賦予雷聲，形成擬人，答案 B。","[""先把「急促地」理解為雷聲連續而急的節奏描寫。"",""「敲著門」是人的動作，卻用來描寫雷聲。"",""因此主要修辭是擬人，選 B。""]","擬人是把人的身分、情感或動作寫給非人事物；與明喻並用時，先辨認兩種線索各自作用。","[]","","","","","","","","","","","","","","",""
"CHI-0910","國文","原創會考程度練習","","","八年級下","閱讀理解","歸納說明文主旨","中等","單題選擇","閱讀短文：「老街修復不只重新粉刷外牆。團隊先訪談老居民、查閱舊照片，再修補木窗與屋瓦；同時改善排水和消防設備，讓店家與遊客都能安全使用。」本文主要說明老街修復應如何進行？","只保留外觀，完全不處理安全問題","拆除老建築後改建成相同的新式商店","依歷史資料保存特色，同時兼顧現代使用與安全","只依研究者喜好決定，不必訪問居民","2","依歷史資料保存特色，同時兼顧現代使用與安全","","短文寫出團隊以居民訪談和舊照片掌握歷史特色，修補木窗、屋瓦，也改善排水及消防，讓老街能安全使用。因此作者主張修復既保存歷史，也要回應現代使用與安全需求，答案是 C。其他選項各自忽略保存、安全或在地資料。","[""整理團隊採用的資料：居民訪談與舊照片用來辨認街區歷史特色。"",""列出修復內容：保留木窗、屋瓦，也改善排水和消防設備。"",""這顯示兼顧歷史保存、現代使用與安全，選 C；並非只顧外觀或任意拆除。""]","歸納說明文主旨時，整合材料、作法與目的；避免只抓一個細節就過度推論。","[]","","","","","","","","","","","","","","",""
"CHI-0911","國文","原創會考程度練習","","","九年級上","成語應用","一曝十寒","基礎","單題選擇","小凱準備會考時，第一天讀了八小時，之後連續十多天都沒有複習，考前才又熬夜讀書。下列哪個成語最適合形容他的讀書方式？","持之以恆","水滴石穿","循序漸進","一曝十寒","3","一曝十寒","","「一曝十寒」比喻做事缺乏恆心，時做時停。小凱讀書忽勤忽懶，正符合此意，答案 D。水滴石穿與持之以恆強調持續努力，循序漸進則指按步驟逐步前進。","[""從情境找關鍵行為：小凱先集中讀很久，接著多日不複習，呈現時勤時懶。"",""「一曝十寒」本義為曬一天、冷十天，用來比喻缺少恆心、不能持續。"",""因此選 D；「水滴石穿」和「持之以恆」都強調持續努力，與情境相反。""]","辨析成語要抓核心行為與語氣；「一曝十寒」重在時做時停，不是進度慢。","[]","","","","","","","","","","","","","","",""
"CHI-0912","國文","原創會考程度練習","","","九年級下","應用文閱讀","公告資訊判讀","基礎","單題選擇","校園公告：「週三下午 3 時至 5 時，圖書館一樓因設備檢修暫停開放；已預約的書籍請改至二樓服務台領取，逾期預約順延一天。」小芸週三下午 4 時要領已預約的書，應怎麼做？","週三到二樓服務台領取","週三下午 4 時到一樓領取","取消預約並重新排隊","週四到一樓直接領取","0","週三到二樓服務台領取","","公告指出週三下午 3 至 5 時一樓暫停開放，但已預約書籍改至二樓服務台領取。小芸的領取時間是週三下午 4 時，故應前往二樓。逾期順延一天只適用於超過預約期限者。因此答案為 A「週三到二樓服務台領取」。","[""先圈出時間：公告管制時段為週三 15 時到 17 時，小芸在週三 16 時前往。"",""再找已預約書籍的替代領取地點：公告明確指定二樓服務台。"",""因此她應於週三下午 4 時到二樓服務台領取，選 A；一樓此時暫停開放。""]","公告題先核對時間、地點與適用對象；不要把「逾期順延」套用到尚未逾期者。","[]","","","","","","","","","","","","","","",""
"CHI-0913","國文","原創會考程度練習","","","七年級上","閱讀理解","倒敘與敘事效果","中等","單題選擇","小說先寫多年後的阿岑回到老屋，看到門框上刻著自己童年的身高；下一段才回到他搬家那天。這種安排主要有何效果？","依事件發生先後完整敘述，不曾回顧過去","先呈現現在的線索，再回溯往事，引發讀者追問原因","直接向讀者說明人物未來的全部遭遇","以對話取代所有場景與事件描寫","1","先呈現現在的線索，再回溯往事，引發讀者追問原因","","故事先呈現多年後回到老屋的場景，再轉回搬家當天，敘事順序不是依事件先後直線前進。先提供刻痕這個線索，會使讀者想知道人物過去經歷，答案 B。","[""標出敘事時間：開頭是多年後，後文才回到搬家當天。"",""作者先給出現在的刻痕線索，再補述較早發生的往事。"",""這種倒敘讓讀者產生追問，想知道刻痕與搬家經歷的關係，選 B。""]","判斷敘事順序時，先比較文本事件發生的時間，不要只按段落先後當成事件先後。","[]","","","","","","","","","","","","","","",""
"CHI-0914","國文","原創會考程度練習","","","七年級下","語文表達","轉折複句","基礎","單題選擇","「雖然天色已晚，＿＿大家仍留在教室完成布置。」若要使前後語意形成恰當轉折，空格中最適合填入哪一個詞？","因此","例如","但是","而且","2","但是","","前句「雖然天色已晚」提出不利條件，後句「大家仍留在教室」表示與預期相反的結果，應使用轉折詞「但是」，答案為選項「但是」。「因此」表因果，「例如」表舉例，「而且」表遞進或添加。","[""先看句首「雖然」，它預告後文會出現與一般預期不同的結果。"",""天色已晚通常會讓人離開，但句中大家仍留下，兩分句形成轉折。"",""用「但是」銜接最自然；其餘詞語分別表示因果、舉例或添加。""]","「雖然……但是……」是常見轉折搭配；看到關聯詞要檢查前後分句的邏輯。","[]","","","","","","","","","","","","","","",""
"CHI-0915","國文","原創會考程度練習","","","八年級上","閱讀理解","依據文本推論","基礎","單題選擇","社區公告寫道：「原訂週六舉辦的河岸淨走，因氣象預報當日降雨機率高，延期至下週六同一時間舉行；已報名者無須重新登記。」由公告可知，下列何者正確？","活動改至下週六同一時間","活動照常在本週六舉行","已報名者必須再次登記","延期原因是參加人數不足","0","活動改至下週六同一時間","","公告明確說活動因降雨機率高而延期至下週六同一時間，已報名者不必重新登記，所以答案 A。其他選項與公告資訊相反，或把未提到的原因自行加入。","[""確認公告的原定日期：本週六；再找延期後的日期與時間。"",""延期後為下週六同一時間，且已報名者無須重新登記。"",""選項 A 完整符合公告；不要把降雨機率誤讀成已經下雨，也不要臆測人數不足。""]","資訊判讀要區分文本明說與自行推測；選項即使聽起來合理，也必須有文句依據。","[]","","","","","","","","","","","","","","",""
"CHI-0916","國文","原創會考程度練習","","","九年級上","閱讀理解","資料取樣範圍","中等","素養題","校刊邀請參加課後閱讀社的學生填寫問卷，30 位回覆者中有 24 人表示最近讀書時較專心。下列結論何者最嚴謹？","全校學生都因參加閱讀社而變得更專心","閱讀社已證明能提升每位學生的學習成績","沒有回覆問卷的人一定不喜歡閱讀","這 30 位回覆者中，多數有此感受；不能直接推論全校或證明因果","3","這 30 位回覆者中，多數有此感受；不能直接推論全校或證明因果","","回覆問卷的 30 人中，24 人表示較專心，足以說明這批回覆者多數有此感受；但樣本來自參加閱讀社且自願回覆，不能直接代表全校，也無法單憑感受證明閱讀社造成改變，答案 D。","[""先界定資料來源：受訪者是參加閱讀社且自願回覆的 30 人。"",""其中 24 人表示較專心，因此可描述這批回覆者中的多數感受。"",""自願樣本不能直接代表全校，主觀回覆也不足以證明因果，選 D。""]","問卷結論要限定回覆者與抽樣方式；自願樣本不能未經檢驗就代表全體。","[]","","","","","","","","","","","","","","",""
"CHI-0917","國文","原創會考程度練習","","","八年級上","語文應用","語境詞義判讀","中等","素養題","得知報告引用的數字有誤後，組長沒有「文過飾非」，而是立即更正並註明資料來源。句中「文過飾非」意為何？","主動承認並改正錯誤","用言語或理由掩飾過失","仔細核對每項資料","公開稱讚他人的表現","1","用言語或理由掩飾過失","","組長選擇更正，正好與「文過飾非」相反；此詞指掩飾過錯、替錯誤辯解，答案 B。","[""先看上下文：組長沒有掩飾，反而更正錯誤。"",""由相反行為推知「文過飾非」是掩蓋過失。"",""因此選 B；A 是組長實際採取的做法，不是成語意思。""]","可用上下文的反義行為推測詞義，避免把人物做的事誤當成詞語解釋。","[]","","","","","","","","","","","","","","",""
"CHI-0918","國文","原創會考程度練習","","","九年級上","閱讀理解","人物行動與品格推論","中等","素養題","競賽成績公布後，冠軍把獎牌交給實驗夥伴，說：「最初測錯的那次，是你提醒我重做。」這個舉動最能看出他哪種態度？","願意肯定夥伴的貢獻，不獨占成果","認為測量錯誤應該隱瞞不提","只重視獎牌，不在意合作過程","把成功完全歸因於自己的能力","0","願意肯定夥伴的貢獻，不獨占成果","","他主動提起夥伴提醒自己重做測量，並把獎牌交給夥伴，顯示他承認共同成果中對方的貢獻，沒有把功勞全歸自己，答案 A。","[""找出人物的兩個行動：提到夥伴的提醒，並把獎牌交給夥伴。"",""這些線索表示他將成功視為合作成果，而非個人獨有。"",""所以最能看出他願意肯定夥伴、不獨占成果，選 A。""]","推論人物品格時，以具體言行為依據，避免只根據身份或結果猜測。","[]","","","","","","","","","","","","","","",""
"CHI-0919","國文","原創會考程度練習","","","七年級下","修辭","譬喻修辭辨識","基礎","素養題","句子：「他的提問像一束手電筒，照亮大家忽略的角落。」主要使用哪一種修辭？","借代，以角落代替教室","譬喻，把提問比作手電筒","轉化，把提問寫成有生命的人","排比，連續排列相似句式","1","譬喻，把提問比作手電筒","","句中以「像」連結提問與手電筒，並以照亮角落說明提問能揭露被忽略之處，主要是譬喻，答案 B。","[""找出喻詞「像」。"",""比較本體「提問」與喻體「手電筒」的相似功能：使隱藏處變清楚。"",""故主要修辭是譬喻，選 B。""]","判修辭時先找喻詞與本體、喻體；不要因句中出現動作就直接判為轉化。","[]","","","","","","","","","","","","","","",""
"CHI-0920","國文","原創會考程度練習","","","八年級下","閱讀理解","百分比與資料統整","基礎","素養題","校園問卷共收到 120 份有效回覆，其中 42 人選擇搭乘公車。選擇公車者占有效回覆的百分比為何？","28%","42%","35%","78%","2","35%","","以選擇公車的人數除以有效回覆總數：42÷120＝0.35，換算為 35%，答案 C。","[""確認部分是 42 人，整體是 120 份有效回覆。"",""計算 42÷120＝0.35。"",""乘以 100% 得 35%，選 C。""]","百分比的分母應是題目指定的整體；先確認有效樣本數再計算。","[]","","","","","","","","","","","","","","",""
"CHI-0921","國文","原創會考程度練習","","","九年級下","閱讀理解","主張與證據評估","進階","素養題","某文章主張「校園午休播放輕音樂能提升下午課堂專注」。下列哪項資料最能檢驗此主張？","多數學生表示音樂很悅耳","午休音樂播放設備的銷售量增加","一位老師回憶某天學生特別安靜","將多個班級隨機安排播放或不播放，使用相同專注測驗並控制課程與時段差異","3","將多個班級隨機安排播放或不播放，使用相同專注測驗並控制課程與時段差異","","主張關於課堂專注，應直接測量專注表現，並以可比較的播放與未播放條件控制其他差異，答案 D。","[""先確認待檢驗結果是下午課堂專注，而非喜好或設備銷售。"",""比較測驗表現並控制課程、時段等因素，證據才較貼近主張。"",""因此選 D；仍須檢視樣本與測量方法是否可靠。""]","好證據要直接對應主張中的結果，也要留意比較條件是否公平。","[]","","","","","","","","","","","","","","",""
"CHI-0922","國文","原創會考程度練習","","","八年級上","語文應用","複句關係判讀","基礎","素養題","句子：「雖然路程比預期遠，隊伍仍按計畫在日落前抵達。」兩分句的關係為何？","轉折，條件不利但結果仍達成","因果，路程遠所以提早抵達","選擇，隊伍在兩個目的地中擇一","遞進，抵達後又繼續行走","0","轉折，條件不利但結果仍達成","","「雖然……仍……」先提出不利條件，再說明結果沒有因此受阻，形成轉折關係，答案 A。","[""辨認關聯詞「雖然……仍……」。"",""前句路程較遠，後句仍準時抵達，語意呈現預期與結果的反差。"",""所以是轉折關係，選 A。""]","複句判讀要同時核對關聯詞與兩分句的實際語意。","[]","","","","","","","","","","","","","","",""
"CHI-0923","國文","原創會考程度練習","","","九年級上","閱讀理解","語用意圖推論","基礎","素養題","同學說：「可以麻煩你把窗戶關小一點嗎？風一直吹進來。」這句話主要是在做什麼？","詢問對方是否具備關窗能力，並非提出請求","以客氣語氣請對方調整窗戶","宣告窗戶已經關閉","要求對方立刻離開房間","1","以客氣語氣請對方調整窗戶","","「可以麻煩你……嗎」表面是詢問，後句「風一直吹進來」說明提出原因，整體是在客氣地請對方把窗戶關小，答案 B。","[""辨認句型「可以麻煩你……嗎」以及後面的原因說明。"",""說話者需要對方採取關窗動作，不是在測試對方有沒有能力。"",""因此這是以禮貌方式提出請求，選 B。""]","判讀對話功能時，結合問句形式、後續理由與期待對方採取的行動。","[]","","","","","","","","","","","","","","",""
"CHI-0924","國文","原創會考程度練習","","","七年級上","語文應用","反諷語氣判讀","基礎","素養題","教室悶熱時，小杰看著緊閉的窗戶說：「這裡的空氣可真流通啊！」這句話最可能帶有什麼語氣？","真心稱讚教室通風良好","用反話指出空氣不流通","詢問大家是否要出門","說明窗戶的開關方式","1","用反話指出空氣不流通","","題幹已交代教室悶熱、窗戶緊閉，與「空氣真流通」的字面意思相反；小杰是在用反話指出空氣不流通，答案 B。","[""先讀情境：教室悶熱，而且窗戶緊閉。"",""再比較話語的字面稱讚與實際情境，兩者明顯相反。"",""因此這句話以反語批評通風不良，選 B。""]","判斷反諷要比較字面語意與具體情境，不能只看句子表面用詞。","[]","","","","","","","","","","","","","","",""
"CHI-0925","國文","原創會考程度練習","","","九年級下","閱讀理解","文化資產保存原則","中等","素養題","修復團隊以可逆材料固定剝落顏料，並在紀錄中標出補色範圍，不把新補部分偽裝成原作。這種做法最重視哪項原則？","為求外觀完整而大量更換原有材料","讓新補材料盡量與原作難以分辨","保留原有材料並清楚區分後加的修補部分","只依展示需求調整文物原有色彩","2","保留原有材料並清楚區分後加的修補部分","","團隊採用可逆材料，並記錄補色範圍、不把新補處偽裝成原作，表示修復應盡量保留原物，且讓後加部分可辨識，答案 C。","[""找出團隊對原有顏料與後加補色的處理方式。"",""可逆材料有利於未來再修復；標記補色範圍則避免把新補處誤認為原作。"",""因此做法是在保存原物的同時區分修補痕跡，選 C。""]","文物修復須區分原始材料與後加修補，並考慮修復的可逆性。","[]","","","","","","","","","","","","","","",""
"CHI-0926","國文","原創會考程度練習","","","九年級上","閱讀理解","圖表資訊整合","基礎","素養題","校刊調查 200 名學生的通勤方式：步行 50 人、腳踏車 30 人、公車 80 人、家長接送 40 人。選擇公車者比步行者多幾人？","20 人","50 人","80 人","30 人","3","30 人","","公車 80 人，步行 50 人，相差 80－50＝30 人，答案 D。","[""找出題目要求比較的兩類：公車與步行。"",""用 80 減 50，得到 30。"",""因此選 D；其他數字是單一組別人數或不符的差值。""]","比較題先鎖定兩個指定資料，再決定是求差、總和或比例。","[]","","","","","","","","","","","","","","",""
"CHI-0927","國文","原創會考程度練習","","","八年級下","語文應用","成語語境判讀","基礎","素養題","籌備展覽時，大家分工完成海報、動線與導覽，彼此配合得很好。形容這種合作情形，最適合用哪個成語？","同心協力","各行其是","按圖索驥","見異思遷","0","同心協力","","題幹強調共同分工並互相配合完成任務，符合「同心協力」，答案 A。","[""抓出關鍵行動：分工、配合、共同完成。"",""「同心協力」指抱持共同目標一起努力。"",""所以選 A；其餘成語分別指各做各的、依線索找物或容易改變心意。""]","成語題要用人物的具體行動驗證詞義，不只看情境正面或負面。","[]","","","","","","","","","","","","","","",""
"CHI-0928","國文","原創會考程度練習","","","九年級上","閱讀理解","展品脈絡與策展意圖","中等","素養題","地方展館把一張褪色的舊車票放在地圖旁，標牌說明它是居民離鄉工作時帶在身上的物件。這樣安排最可能想讓觀眾理解什麼？","車票的收藏價值高於其他展品","日常物件也能連結個人經歷與地方歷史","所有離鄉工作者都搭乘同一條路線","地圖只是裝飾，與展品內容無關","1","日常物件也能連結個人經歷與地方歷史","","車票與地圖並置，標牌又交代居民離鄉工作的經歷，讓日常物件連結到個人生活及地方遷移歷史，答案 B。文中沒有說這是所有居民共同經歷。","[""注意展示的不只是車票，還有它與地圖及居民經歷的關係。"",""標牌將物件放回離鄉工作的生活脈絡，讓觀眾從小物理解地方經驗。"",""因此重點是日常物件能連結個人故事與地方歷史，選 B。""]","策展陳列常以物件、地圖和文字說明建立脈絡，推論時依標牌提供的資訊。","[]","","","","","","","","","","","","","","",""
"CHI-0929","國文","原創會考程度練習","","","七年級下","修辭","設問與反問辨識","中等","素養題","「面對這份得來不易的成果，我們怎能不珍惜？」這句主要使用何種修辭？","設問，自問自答以引起注意","摹寫，描寫聲音或色彩","反問，以問句表達肯定語氣","排比，連續排列三個句子","2","反問，以問句表達肯定語氣","","句子表面提出問題，實際強調「我們應該珍惜」，並非等待回答，屬反問，答案 C。","[""判斷問句是否真的要求讀者提供答案。"",""此句用「怎能不」強調珍惜的必要，語意已明確。"",""因此是反問，選 C。""]","區分設問與反問：設問通常自問自答，反問則以問句加強既定立場。","[]","","","","","","","","","","","","","","",""
"CHI-0930","國文","原創會考程度練習","","","八年級下","閱讀理解","比例與單位換算","基礎","素養題","一篇報導統計某校 240 名受訪者，其中 15% 每週至少閱讀三本課外書。符合此條件者有多少人？","24 人","40 人","30 人","36 人","3","36 人","","符合條件者占 15%，所以計算 240×0.15＝36 人，答案 D。結果為整數，與人數必須為整數相符。","[""將 15% 化為小數 0.15。"",""計算 240×0.15＝36。"",""因此符合條件者有 36 人，選 D。""]","求部分人數時以總人數乘比例；先把百分率換成小數再計算。","[]","","","","","","","","","","","","","","",""
"CHI-0931","國文","原創會考程度練習","","","九年級下","閱讀理解","比較論點與推論","中等","素養題","甲文主張「城市應增加公園，讓居民有休憩空間」；乙文提醒「設置公園也須評估土地成本與後續維護」。下列統整何者最恰當？","兩文分別強調公園效益與規劃限制，可合併考量","甲文已證明所有空地都應改建公園","兩文都主張停止公共建設","乙文完全否定公園的休憩功能","0","兩文分別強調公園效益與規劃限制，可合併考量","","甲文談公園帶來的休憩效益，乙文補充成本與維護限制；兩者可同時成立，答案 A。","[""分別抓取甲文的效益主張與乙文的規劃提醒。"",""注意乙文沒有否定公園，只要求評估成本和維護。"",""因此應整合效益與限制，選 A。""]","比較文章時，先辨認主張是否矛盾，還是分別補充不同面向。","[]","","","","","","","","","","","","","","",""
"CHI-0932","國文","原創會考程度練習","","","八年級上","語文應用","詞性與語境判讀","基礎","素養題","句子「大家把這份建議當作明天討論的起點」中的「起點」，在語境中作何種詞性？","動詞，表示開始行走","名詞，指討論開始的基礎或位置","形容詞，描述建議的大小","副詞，修飾討論的方式","1","名詞，指討論開始的基礎或位置","","「起點」受「當作」支配，指作為討論的起始基礎，是名詞，答案 B。","[""觀察句型「把……當作……」，後方成分表示被視為的事物。"",""此處「起點」不是實際走路動作，而是討論的開始基礎。"",""所以是名詞，選 B。""]","辨認詞性要看句中功能；同一詞語可能因語境不同而改變用法。","[]","","","","","","","","","","","","","","",""
"CHI-0933","國文","原創會考程度練習","","","九年級上","閱讀理解","敘述順序判讀","中等","素養題","文章主線依序寫成年返鄉、整理老屋；作者在整理老屋的敘述中插入童年離家的往事，之後又回到整理老屋。這段童年片段屬於哪種敘述手法？","順敘","倒敘","插敘","平敘","2","插敘","","答案 C「插敘」。文章主線仍在成年返鄉後整理老屋，童年離家的片段是插入主線中的補充回憶，之後敘事再接回原來的整理情節。倒敘則是把後發事件先寫，再從頭回述主要事件；本題描述的是主線中途插入往事。","[""先找主線：成年返鄉後整理老屋。"",""童年離家往事插在整理老屋的主線中，並非取代主線順序。"",""敘事再回到老屋整理情節，這種插入補充片段是插敘，選 C。""]","倒敘改變主要事件的呈現先後；插敘是在主線中穿插補充另一段背景或往事。","[]","","","","","","","","","","","","","","",""
"CHI-0934","國文","原創會考程度練習","","","七年級上","語文應用","標點與列舉","基礎","素養題","下列哪句列舉標點使用最恰當？","行前請準備雨衣；飲水；藥品，以及識別證。","行前請準備以下用品；雨衣、飲水、藥品以及識別證。","行前請準備雨衣、飲水、藥品以及、識別證。","行前請準備以下用品：雨衣、飲水、藥品以及識別證。","3","行前請準備以下用品：雨衣、飲水、藥品以及識別證。","","D先用冒號引出下列用品，再以頓號分隔同層項目，最後以「以及」連接。B在提示下列內容處誤用分號；A、C也有分隔符號錯置。答案為 D。","[""辨認句子是在列出同一層級的準備物品。"",""同層短項目以頓號分隔，最後用「以及」銜接。"",""因此 D 的標點最恰當；B 在引出清單的位置使用分號，應改用冒號。""]","冒號可引出下文；分號通常用來分隔較長或內部已有逗號的並列分句，不用來引出清單。","[]","","","","","","","","","","","","","","",""
"CHI-0935","國文","原創會考程度練習","","","九年級下","閱讀理解","篇章銜接與指代","基礎","素養題","段落先說明河岸植被能減緩雨水逕流、提供生物棲地，接著寫「因此，這些功能值得納入整治計畫」。句中「這些功能」指什麼？","整治計畫的工程預算","河岸植被減緩逕流並提供棲地","居民參與會議的方式","河流的長度與流速","1","河岸植被減緩逕流並提供棲地","","「這些功能」承接前句列出的兩項作用：減緩雨水逕流及提供生物棲地，答案 B。","[""先找指示語「這些功能」，回看前文尋找功能性內容。"",""前句明確列出減緩逕流、提供棲地兩項作用。"",""因此指的是 B「河岸植被減緩逕流並提供棲地」，不是預算或會議方式。""]","指代題通常回看前句或前段，並確認代詞的數量與語意都吻合。","[]","","","","","","","","","","","","","","",""
"CHI-0936","國文","原創會考程度練習","","","九年級上","閱讀理解","比率與資料解讀","中等","素養題","社區巡守隊上月巡查巷弄 12 次、記錄通報 8 件；本月巡查 24 次、記錄通報 12 件。平均每次巡查的通報件數如何變化？","由每次約 0.67 件增加到每次 1 件","由每次約 0.67 件增加到每次 1.5 件","兩月都是每次 1 件，沒有變化","由每次約 0.67 件降到每次 0.5 件","3","由每次約 0.67 件降到每次 0.5 件","","上月平均每次巡查通報 8÷12≈0.67 件；本月為 12÷24＝0.5 件。雖然本月通報總數較多，但巡查次數也加倍，因此平均每次巡查的通報件數下降，答案 D。","[""上月每次巡查平均為 8÷12≈0.67 件。"",""本月每次巡查平均為 12÷24＝0.5 件。"",""比較 0.5 與約 0.67，可知本月平均較低，選 D；總件數不能代替平均率。""]","比較頻率不同的資料時，先換算成每次平均，不能只比較總件數。","[]","","","","","","","","","","","","","","",""
"CHI-0937","國文","原創會考程度練習","","","八年級上","語文應用","詞語語境判讀","基礎","素養題","面對尚未查證的傳聞，班長沒有隨聲附和，而是先確認消息來源。形容這種不盲從的態度，最恰當的說法是？","人云亦云","獨立思考","拾人牙慧","聞風而逃","1","獨立思考","","班長沒有跟著他人附和，而是先查證來源再作判斷；「獨立思考」能準確概括這種不盲從的態度，答案 B。","[""找出行動：不附和傳聞，先確認來源。"",""這表示依據證據自行判斷，而非重複他人說法。"",""因此選 B「獨立思考」；A、C 都偏向跟隨或挪用他人說法。""]","用詞語概括行為前，先確認題目要求的是成語、詞語還是完整句意。","[]","","","","","","","","","","","","","","",""
"CHI-0938","國文","原創會考程度練習","","","九年級上","閱讀理解","程序與目的推論","中等","素養題","社區辦防災演練時，先展示上次淹水位置的照片，再請住戶在地圖標出撤離路線，最後實際走到集合點。這套流程主要希望達成什麼？","讓居民依據實際環境熟悉撤離步驟與集合位置","保證社區不會再遇到任何淹水情況","只為記錄住戶對照片的喜好","以演練取代所有排水與工程改善","0","讓居民依據實際環境熟悉撤離步驟與集合位置","","流程從回看曾淹水位置、規劃撤離路線，到實際走到集合點，目的是讓居民認識風險並熟悉應變路線；演練不能保證災害不再發生，也不能取代工程改善，答案 A。","[""按順序找出流程中的三個行動：看淹水照片、畫路線、實地走到集合點。"",""前兩步協助辨識風險與規劃，最後一步讓居民熟悉實際撤離路徑。"",""因此主要目的是熟悉應變步驟與集合位置，選 A；不是保證不再淹水。""]","推論活動目的時，整合各步驟的先後與最終要形成的能力，不把練習說成保證結果。","[]","","","","","","","","","","","","","","",""
"CHI-0939","國文","原創會考程度練習","","","七年級下","修辭","排比修辭與語勢","基礎","素養題","句子：「我們用雙手整理教室，用耐心照顧新苗，用行動守護河岸。」主要運用哪種修辭？","頂真，前句末詞接下句開頭","排比，連續使用相似句式","借代，以器物代替人物","反問，以問句表達肯定","1","排比，連續使用相似句式","","三個分句均以「用……＋動作＋對象」排列，句式相近且內容並列，主要是排比，答案 B。","[""觀察三分句的句型與節奏。"",""三句都以「我們用……」開頭並列出行動。"",""相似句式連續排列形成排比，選 B。""]","判斷排比要確認有三個以上相近句式，不只是列出多個名詞。","[]","","","","","","","","","","","","","","",""
"CHI-0940","國文","原創會考程度練習","","","八年級下","閱讀理解","平均數計算","基礎","素養題","四次閱讀測驗分數為 72、80、84、92 分，平均分數是多少？","80 分","84 分","82 分","86 分","2","82 分","","四次分數總和為 72＋80＋84＋92＝328，除以 4 得 82 分，答案 C。","[""先加總四次分數：328。"",""平均數等於總和除以次數：328÷4＝82。"",""因此選 C。""]","求平均先算總和，再除以資料筆數，不能只取最高最低的中間值。","[]","","","","","","","","","","","","","","",""
"CHI-0941","國文","原創會考程度練習","","","九年級下","閱讀理解","作者立場與讓步","中等","素養題","作者指出線上課程能節省通勤時間，接著承認「然而，若缺乏即時討論，部分概念仍不易釐清」，最後建議搭配實體答疑。作者的立場為何？","完全反對線上課程","只要節省時間就不必答疑","認為實體教學已無必要","肯定線上課程效益，也提出補足限制的方法","3","肯定線上課程效益，也提出補足限制的方法","","作者先肯定線上課程的便利，再指出互動限制並提出實體答疑，立場是兼顧效益與補充方案，答案 D。","[""整理作者先提出的優點：節省通勤時間。"",""注意轉折詞「然而」引出缺點，以及後續補救建議。"",""因此作者並非全盤支持或反對，而是主張搭配答疑，選 D。""]","讀立場題要同時看主張、轉折與結論，避免只抓文章前半段。","[]","","","","","","","","","","","","","","",""
"CHI-0942","國文","原創會考程度練習","","","八年級上","語文應用","詞語搭配與語意","基礎","素養題","下列哪個詞語最適合填入句中：「提出主張後，還要＿＿相關資料，才能讓論證更有說服力。」","蒐集","收拾","收藏","收留","0","蒐集","","論證需要找來與主張相關的資料作為依據，「蒐集資料」搭配最恰當，答案 A。","[""確認空格後的受詞是「相關資料」。"",""表示為了論證而找尋、聚合資料，常用「蒐集」。"",""所以選 A；收拾是整理物品，收藏是保存，收留是接納人或動物。""]","詞語搭配題要連同受詞一起讀，確認動詞與對象的語意關係。","[]","","","","","","","","","","","","","","",""
"CHI-0943","國文","原創會考程度練習","","","九年級上","閱讀理解","物件細節與人物情感","中等","素養題","報到前，嘉敏把父親修好的舊指南針放進背包。每到岔路，她都想起父親說：「先看方向，再決定步伐。」指南針這項細節主要有何作用？","證明這支指南針測量方向完全準確","交代嘉敏報到地點位在山區","連結物件與父親的提醒，表現父親對她的影響","說明她比其他新生更早抵達","2","連結物件與父親的提醒，表現父親對她的影響","","指南針不只是行李中的物件；它使嘉敏想起父親的提醒，顯示父親的教導陪伴她面對新的路途，答案 C。題幹沒有證明指南針的測量精度或報到地點。","[""找出重複出現的線索：嘉敏帶著父親修好的指南針。"",""每到岔路，她便想起父親關於先辨方向的提醒。"",""物件連結父親的教導與嘉敏當下的心情，選 C。""]","分析物件細節時，留意它是否連結人物記憶、關係或當下心境。","[]","","","","","","","","","","","","","","",""
"CHI-0944","國文","原創會考程度練習","","","七年級上","語文應用","分號使用","中等","素養題","下列哪句分號使用最恰當？","上午；負責訪談的甲組；下午整理紀錄。","甲組負責；訪談、整理紀錄由乙組完成。","上午，甲組；負責訪談下午乙組整理紀錄。","上午，甲組負責訪談；下午，乙組整理紀錄。","3","上午，甲組負責訪談；下午，乙組整理紀錄。","","D 的前後各是完整分句，且各自含逗號，使用分號可清楚區隔兩時段工作。B 將「負責」與其工作內容拆開，句意不完整；答案 D。","[""先辨認前後是否各自構成完整分句。"",""「上午甲組負責訪談」和「下午乙組整理紀錄」語意並列。"",""以分號分隔兩個各自完整且內含逗號的分句，選 D；不能把動詞「負責」與工作內容拆開。""]","分號常用於分隔內部已有逗號的並列分句，避免層次混亂。","[]","","","","","","","","","","","","","","",""
"CHI-0945","國文","原創會考程度練習","","","九年級下","閱讀理解","段落主旨統整","中等","素養題","文章描述居民建立共享工具箱，先登記借用、用後歸還，再由志工定期檢查。最能概括全文主旨的是哪一項？","工具箱只適合由志工個人使用","共享資源需有借還規範與共同維護，才能持續運作","登記制度會使所有共享活動失敗","居民應避免借用他人物品","1","共享資源需有借還規範與共同維護，才能持續運作","","文章列出登記、歸還與定期檢查等做法，重點是共享資源需要規範及共同維護，答案 B。","[""整理文中三項做法：登記借用、使用後歸還、定期檢查。"",""這些做法共同支撐共享工具的長期使用。"",""所以主旨是規範與維護讓共享能持續，選 B。""]","主旨題要找能涵蓋多個細節的概括句，避免只重述單一例子。","[]","","","","","","","","","","","","","","",""
"CHI-0946","國文","原創會考程度練習","","","九年級上","語文應用","遞進複句","基礎","素養題","句子：「導覽員不但介紹古橋的建築特色，也說明居民如何共同維護它。」前後分句的關係為何？","轉折：後句與前句意思相反","因果：介紹建築特色造成居民維護","選擇：導覽員只能擇一介紹","遞進：在介紹建築特色之外，再補充維護情形","3","遞進：在介紹建築特色之外，再補充維護情形","","「不但……也……」連接兩項相關且後項補充擴展的介紹內容，形成遞進關係，答案 D。","[""找出關聯詞「不但……也……」。"",""後句在介紹建築特色之外，增加居民共同維護的內容。"",""後項補充並推進前項，屬遞進關係，選 D。""]","辨認遞進複句時，確認後項是在前項基礎上增加或深化內容。","[]","","","","","","","","","","","","","","",""
"CHI-0947","國文","原創會考程度練習","","","八年級上","語文應用","成語語境辨識","基礎","素養題","小組報告前，大家反覆核對引用來源，確認每項資料都有根據。形容做事謹慎可靠，最適合哪個成語？","一絲不苟","信口開河","囫圇吞棗","草木皆兵","0","一絲不苟","","反覆核對來源、確保資料無誤，表現細心嚴謹，符合「一絲不苟」，答案 A。","[""找出行為線索：反覆核對、逐項確認。"",""這表示做事細密、不馬虎。"",""因此選 A；其餘詞語分別偏向隨口亂說、籠統吸收或過度疑懼。""]","成語題先把情境中的行為改寫成白話，再對應詞義。","[]","","","","","","","","","","","","","","",""
"CHI-0948","國文","原創會考程度練習","","","九年級上","文言文","古文人物行動與寓意","中等","素養題","《左傳》：「多行不義，必自斃。」最接近的意思為何？","只要行動迅速就不會失敗","不義之事做多了，終將自取敗亡","做任何事都必須先得到眾人同意","失敗完全是偶然造成的","1","不義之事做多了，終將自取敗亡","","「多行不義」是反覆做不正當的事，「必自斃」指出其結果終將自取敗亡，答案 B。","[""拆解前半句：多次做不義之事。"",""理解後半句「自斃」為自己導致覆亡。"",""合起來是作惡者終將自取其敗，選 B。""]","文言格言可先分句翻譯，再連結行為與結果的因果關係。","[]","","","","","","","","","","","","","","",""
"CHI-0949","國文","原創會考程度練習","","","七年級下","修辭","譬喻與象徵","中等","素養題","「那盞窗邊的小燈，是她漫長夜讀中的一座港口。」句中把小燈比作港口，主要表達何種感受？","燈光能讓船隻靠岸","夜讀一定發生在海邊","小燈提供安定與歸屬感","港口的照明比窗燈明亮","2","小燈提供安定與歸屬感","","港口象徵停靠與安定，將小燈比作港口，表現夜讀時獲得的陪伴與安慰，答案 C。","[""找出本體「小燈」和喻體「港口」。"",""港口的聯想不是實際航海，而是可以停靠、安心之處。"",""因此小燈帶來安定與歸屬感，選 C。""]","譬喻題除辨認本體與喻體，也要推想兩者共享的情感或特徵。","[]","","","","","","","","","","","","","","",""
"CHI-0950","國文","原創會考程度練習","","","八年級下","閱讀理解","速度與時間計算","基礎","素養題","展覽導覽全長 1,800 公尺，志工每分鐘平均行走 60 公尺。若不計停留，走完全程約需幾分鐘？","20 分鐘","36 分鐘","25 分鐘","30 分鐘","3","30 分鐘","","時間＝距離÷速度，1,800÷60＝30 分鐘，答案 D。","[""確認距離為 1,800 公尺，速度為每分鐘 60 公尺。"",""以距離除以每分鐘行走距離：1,800÷60。"",""得到 30 分鐘，選 D。""]","文字題先統一單位，再用距離、速度、時間的關係式計算。","[]","","","","","","","","","","","","","","",""
"CHI-0951","國文","原創會考程度練習","","","九年級下","閱讀理解","程序條件整合","中等","素養題","蝙蝠觀察記錄規定：每站先在固定位置觀察 10 分鐘；聽到鳴叫只記錄時間，不使用燈光照射；完成後再前往下一站。下列哪種做法符合規定？","在原地觀察 10 分鐘並記下鳴叫時間，全程不照燈，再移往下一站","聽到鳴叫後立刻用手電筒找蝙蝠，再繼續觀察","每站只要聽到一次鳴叫就立即移動，不必記錄時間","先走完所有觀察站，最後再回頭補記鳴叫時間","0","在原地觀察 10 分鐘並記下鳴叫時間，全程不照燈，再移往下一站","","規定要求在固定位置觀察滿 10 分鐘、記錄鳴叫時間且不使用燈光，完成後才能移站；只有 A 同時符合所有條件，答案 A。","[""列出三項規則：固定觀察 10 分鐘、鳴叫只記時間且不照燈、完成後再移站。"",""逐一核對 A，確認觀察時間、記錄方式、燈光和移動順序均符合。"",""因此選 A；其餘作法至少違反一項規則。""]","多條程序規則要逐項核對，特別留意先後順序與禁止事項。","[]","","","","","","","","","","","","","","",""
"CHI-0952","國文","原創會考程度練習","","","八年級上","語文應用","詞語語境與近義辨析","中等","素養題","主管提醒大家，討論時應「兼聽」不同意見，避免只聽單一立場。「兼聽」最接近何意？","只接受最熟悉者的意見","同時參考多方說法","拒絕所有批評","反覆說明自己的看法","1","同時參考多方說法","","「兼」有並及、同時之意，「兼聽」指廣泛聽取不同方面的意見，答案 B。","[""結合後文「不同意見」判斷語境。"",""「兼聽」不是只聽一方，而是同時參考多方說法。"",""因此選 B。""]","近義詞辨析可拆解詞素，再以語境確認詞義範圍。","[]","","","","","","","","","","","","","","",""
"CHI-0953","國文","原創會考程度練習","","","九年級上","閱讀理解","描寫手法與感官線索","基礎","素養題","「雨點敲著鐵皮屋頂，巷口傳來濕泥與青草混合的氣味。」這段文字主要運用哪些感官描寫？","視覺與味覺","觸覺與味覺","聽覺與嗅覺","視覺與觸覺","2","聽覺與嗅覺","","「敲著」呈現雨聲，屬聽覺；「氣味」呈現嗅覺，答案 C。","[""辨認「雨點敲著」引發的聲音感受。"",""辨認「氣味」對應嗅覺。"",""兩種感官為聽覺與嗅覺，選 C。""]","感官描寫題要逐一圈出感官線索詞，避免把氣味與味道混為一談。","[]","","","","","","","","","","","","","","",""
"CHI-0954","國文","原創會考程度練習","","","七年級上","語文應用","關聯詞與條件句","基礎","素養題","句子：「只要先確認集合地點，就能避免隊伍走散。」前後分句屬何種關係？","轉折：前後意思相反","因果倒置：結果造成前項","選擇：兩種做法擇一","條件：達成前項即可帶來後項結果","3","條件：達成前項即可帶來後項結果","","「只要……就……」表示前項是達成後項結果的條件，答案 D。","[""辨認關聯詞「只要……就……」。"",""確認集合地點是避免走散的條件。"",""因此是條件關係，選 D。""]","複句關係先辨認關聯詞，再用白話說明兩分句的邏輯。","[]","","","","","","","","","","","","","","",""
"CHI-0955","國文","原創會考程度練習","","","九年級下","閱讀理解","結論與建議功能","中等","素養題","文章列出校園剩食重量與各年級差異，最後建議依供餐時段調整備餐量，並每月追蹤剩食變化。結尾主要功能為何？","根據資料提出可追蹤的改善措施","加入與剩食無關的個人回憶","否定前文統計資料的價值","只重複各年級的重量數字","0","根據資料提出可追蹤的改善措施","","結尾把前文差異資料轉化為調整備餐及定期追蹤的做法，屬根據分析提出改善措施，答案 A。","[""回看前文提供的是剩食重量與年級差異。"",""結尾提出調整備餐量並持續追蹤，將資料轉成行動。"",""所以其功能是提出可檢驗的改善措施，選 A。""]","段落功能題要看結尾如何承接前文資料：總結、推論或提出行動。","[]","","","","","","","","","","","","","","",""
"CHI-0956","國文","原創會考程度練習","","","九年級上","閱讀理解","比率與基數判讀","中等","素養題","校內調查顯示，甲社團有 40 人，其中 30 人參加服務；乙社團有 20 人，其中 18 人參加服務。何者的參與比例較高？","甲社團，高 15 個百分點","乙社團，高 15 個百分點","甲社團，高 30 個百分點","兩社團相同","1","乙社團，高 15 個百分點","","甲的比例為 30÷40＝75%；乙為 18÷20＝90%，乙高 15 個百分點，答案 B。","[""分別以參加人數除以各社團總人數。"",""甲為 75%，乙為 90%。"",""90%－75%＝15 個百分點，乙較高，選 B。""]","比較比例時各自使用正確基數，並區分百分比與百分點。","[]","","","","","","","","","","","","","","",""
"CHI-0957","國文","原創會考程度練習","","","八年級上","語文應用","成語情境應用","基礎","素養題","大型展演開始前突然停電，流程因此臨時變動；導演仍沉著安排人力，逐項確認設備與流程，使演出順利完成。最適合形容導演的是哪個成語？","臨危不亂","手忙腳亂","胸有成竹","杞人憂天","0","臨危不亂","","演出前突然停電，導演面對突發狀況仍沉著處理並完成演出，符合「臨危不亂」，答案 A。","[""找出情境關鍵：演出前突然停電，導演仍沉著安排。"",""「臨危不亂」指遇到危急或突發狀況仍鎮定。"",""因此選 A；胸有成竹偏重事前已有把握，不如 A 貼合突發情境。""]","近義成語要看情境重點是事前準備，還是遇變時保持鎮定。","[]","","","","","","","","","","","","","","",""
"CHI-0958","國文","原創會考程度練習","","","九年級上","閱讀理解","主張與證據的對應","進階","素養題","修改報告時，老師在「公園能降低周邊氣溫」這個主張旁寫下：「請指出哪組測量資料能支持它。」這項提醒最主要要求學生做什麼？","把報告篇幅增加到指定字數","依照老師喜歡的結論修改資料","讓提出的證據直接支撐所寫的主張","刪去所有無法完全證明結論的文字","2","讓提出的證據直接支撐所寫的主張","","老師要求指出能支持「公園降低周邊氣溫」的測量資料，重點是說明證據與主張之間的關聯，而不是改資料迎合結論，答案 C。","[""先找老師批註所指的主張：公園可能降低周邊氣溫。"",""學生要找出測量資料，並解釋資料如何支持這項主張。"",""因此提醒的核心是建立證據與主張的對應，選 C。""]","論證題要說明資料如何支持主張；有相關數字仍須解釋兩者關係。","[]","","","","","","","","","","","","","","",""
"CHI-0959","國文","原創會考程度練習","","","七年級下","修辭","映襯與對比","基礎","素養題","句子：「城市的霓虹閃耀整夜，山村的窗燈卻在薄霧中微弱地亮著。」主要透過何種方式凸顯兩地景象？","排比，連續排列相同句式","借代，以窗燈代替山村居民","設問，先問問題再自行回答","對比，呈現繁華與寧靜的差異","3","對比，呈現繁華與寧靜的差異","","霓虹整夜明亮，對照山村窗燈在霧中微弱發亮，呈現兩地景象的差異，答案 D。","[""找出兩組相對景象：城市霓虹與山村窗燈。"",""「閃耀整夜」和「微弱地亮著」形成明亮程度與環境的反差。"",""因此主要是對比，選 D。""]","修辭判斷需指出被對照的元素及其差異效果。","[]","","","","","","","","","","","","","","",""
"CHI-0960","國文","原創會考程度練習","","","八年級下","閱讀理解","距離差計算","基礎","素養題","步道全長 3.6 公里，已完成鋪設 2.45 公里，尚未完成的長度是多少公里？","1.15 公里","1.05 公里","0.95 公里","1.25 公里","0","1.15 公里","","用全長扣除已完成部分：3.60－2.45＝1.15 公里，答案 A。","[""將 3.6 寫成 3.60，對齊小數位。"",""計算 3.60－2.45＝1.15。"",""尚未完成 1.15 公里，選 A。""]","小數減法先對齊小數點，再檢查答案單位與大小是否合理。","[]","","","","","","","","","","","","","","",""
"CHI-0961","國文","原創會考程度練習","","","九年級下","閱讀理解","論證條件與例外","中等","素養題","作者主張校園應鼓勵學生騎自行車，並補充「須先完善安全路線，且提供安全停放空間」。這項補充的作用為何？","取消鼓勵騎車的主張","說明推動主張所需的配套條件","證明所有學生都適合騎車","將討論焦點轉為自行車價格","1","說明推動主張所需的配套條件","","作者仍支持鼓勵騎車，但提出安全路線與停放空間作為實施配套，答案 B。","[""辨認核心主張：鼓勵學生騎自行車。"",""「須先」引出推動前要具備的安全條件。"",""所以補充是在提出配套，不是撤回主張或證明人人適用，選 B。""]","論說文中的條件句常界定主張適用方式，不一定是否定主張。","[]","","","","","","","","","","","","","","",""
"CHI-0962","國文","原創會考程度練習","","","八年級上","語文應用","近義詞語辨析","基礎","素養題","研究報告指出兩組數據呈現相似趨勢，但沒有證明其中一組造成另一組。此處「呈現」最接近何意？","贈送給他人","依次排列","表現出、顯示出","隱藏不讓人看見","2","表現出、顯示出","","「數據呈現趨勢」指數據表現出某種變化方向，答案 C。","[""觀察搭配詞「數據……趨勢」。"",""此處不是送出或排列物品，而是資料顯示出特徵。"",""因此選 C。""]","多義詞要放回常見搭配和上下文判斷，不要只套用最熟悉的意思。","[]","","","","","","","","","","","","","","",""
"CHI-0963","國文","原創會考程度練習","","","九年級上","閱讀理解","感官摹寫辨識","基礎","素養題","「熱湯的白霧貼上眼鏡，胡椒的辛香在鼻尖散開。」這段文字主要運用哪些感官摹寫？","聽覺與觸覺","觸覺與味覺","味覺與聽覺","視覺與嗅覺","3","視覺與嗅覺","","「白霧」可見，屬視覺；「辛香」由鼻尖感受，屬嗅覺，答案 D。","[""辨認「白霧」呈現可見的形象。"",""辨認「辛香」「鼻尖」指向聞到氣味。"",""因此是視覺與嗅覺，選 D。""]","感官摹寫依線索判斷：看、聽、聞、嘗、觸，不要混淆香氣與味道。","[]","","","","","","","","","","","","","","",""
"CHI-0964","國文","原創會考程度練習","","","七年級上","語文應用","讓步複句關係","中等","素養題","句子：「即使比賽結果不如預期，隊員仍肯定彼此的努力。」前後分句關係為何？","選擇，在結果與努力間擇一","讓步，先承認不利結果再強調後項仍成立","因果，結果不佳所以肯定努力","遞進，肯定努力後再增加比賽結果","1","讓步，先承認不利結果再強調後項仍成立","","「即使……仍……」先假設或承認結果不理想，後句強調肯定努力的立場仍成立，答案 B。","[""辨認關聯詞「即使……仍……」。"",""前句是不利條件，後句表示不受該條件影響仍成立。"",""這是讓步關係，選 B。""]","讓步複句常以「即使、縱然」提出條件，再用「仍、也」表明結果不變。","[]","","","","","","","","","","","","","","",""
"CHI-0965","國文","原創會考程度練習","","","九年級下","閱讀理解","標題與主旨統整","中等","素養題","文章寫居民將閒置角落改成共讀區，輪流整理書籍、添補照明，並邀請長者分享地方故事。哪個標題最能概括內容？","城市建築的照明規格","居民拒絕整理公共空間","一處空間如何成為世代共讀角","地方故事不適合分享","2","一處空間如何成為世代共讀角","","文章涵蓋空間再利用、共同維護及世代交流，標題 C 能統整主要內容，答案 C。","[""整理三項內容：閒置空間改造、居民維護、長者分享故事。"",""選擇能同時涵蓋空間與共讀交流的標題。"",""因此 C 最完整；其他選項只談單一細節或與文章相反。""]","標題需涵蓋文章核心而非只抓一個細節，也不能加入原文未支持的結論。","[]","","","","","","","","","","","","","","",""
"CHI-0966","國文","原創會考程度練習","","","九年級下","閱讀理解","語境詞義","基礎","素養題","短文寫道：「展覽將老街店家的口述與舊照片並列，讓居民看見同一場景在不同年代的變化。」此處「並列」最接近何義？","分開收藏","放在一起對照","依年代淘汰","只保留一種","1","放在一起對照","","口述與舊照片被放在一起，供讀者比較年代差異；「並列」指並排呈現，答案 B。","[""找出並列的兩種材料：口述和舊照片。"",""文中要呈現它們對同一場景的不同年代資訊。"",""因此是放在一起對照，選 B。""]","詞義要依搭配對象和上下文判斷。","[]","","","","","","","","","","","","","","",""
"CHI-0967","國文","原創會考程度練習","","","九年級上","論說文閱讀","百分率變化計算","中等","素養題","校園設置飲水補充站後，垃圾桶中的一次性水瓶由每週 120 個減為 72 個。水瓶數量減少的百分率是多少？","40%","48%","60%","72%","0","40%","","減少量為 120－72＝48 個；以原數量 120 為基準，48÷120＝0.4，即減少 40%，答案 A。","[""先求減少數量：120－72＝48 個。"",""百分率變化以原數量為基準，計算 48÷120＝0.4。"",""將 0.4 換成百分率是 40%，選 A。""]","計算減少百分率時，以原數量為基準，不能用新數量作分母。","[]","","","","","","","","","","","","","","",""
"CHI-0968","國文","原創會考程度練習","","","八年級下","語文應用","轉折關係","基礎","素養題","「雖然準備時間不長，＿＿她仍把報告的資料來源逐一核對。」空格填入何者最能表達前後關係？","因此","例如","然而","此外","2","然而","","前句說準備時間不長，後句仍完成仔細核對，語意形成轉折，應填「然而」，答案 C。","[""辨認前後內容：時間短，卻仍仔細查核。"",""後句不是前句的結果或例子，而是出乎預期的情況。"",""因此用轉折詞「然而」，選 C。""]","關聯詞要依分句間的邏輯關係選擇。","[]","","","","","","","","","","","","","","",""
"CHI-0969","國文","原創會考程度練習","","","九年級上","閱讀與語文應用","學習活動目的推論","中等","素養題","課後班安排學生先獨立閱讀題目並寫下解法，再和同伴比較不同步驟。這種順序主要有何用意？","讓學生只記住同伴的答案","減少閱讀題目所需的時間","避免學生提出不同解法","先形成個人理解，再透過比較檢驗與修正思路","3","先形成個人理解，再透過比較檢驗與修正思路","","學生先獨立作答，能形成自己的初步理解；再比較同伴步驟，便可檢查推理並修正盲點，答案 D。流程不是要求照抄他人答案或禁止不同想法。","[""看清活動順序：先自己讀題作答，再與同伴比較。"",""先獨立思考可保留個人推理；比較步驟則提供檢查與修正機會。"",""因此重點是形成理解後再透過交流檢驗，選 D。""]","分析教學活動目的時，依流程先後推斷每一步各自提供的學習功能。","[]","","","","","","","","","","","","","","",""
"CHI-0970","國文","原創會考程度練習","","","九年級下","標點符號","冒號使用","基礎","素養題","下列哪一句的冒號使用最恰當？","老師：說「同學先安靜下來。」","我最喜歡：春天的清晨。","她提醒大家：明天記得帶水壺。","他走到：校門口等候。","2","她提醒大家：明天記得帶水壺。","","C「她提醒大家」是提示語，冒號引出具體提醒內容。A在提示語後用逗號而非冒號引出直接引語；B把冒號放在句中不合語意，D的冒號切斷「走到校門口」的結構，因此答案是 C。","[""找出每句冒號或逗號前的詞語，判斷它是否提示後面的完整內容。"",""C的「提醒大家」是提示語，可用冒號引出提醒；D則把「走到」和地點拆開。"",""A直接引語前應用冒號，B的冒號位置不當；只有 C 的提示語與冒號搭配自然。""]","冒號用來提示下文，不可任意切開句子成分。","[]","","","","","","","","","","","","","","",""
"CHI-0971","國文","原創會考程度練習","","","八年級上","成語應用","成語語境","基礎","素養題","小組發現報告數據有誤後，立刻回到原始紀錄逐筆查核，沒有掩飾錯誤。最適合形容這種態度的成語是？","實事求是","掩耳盜鈴","守株待兔","畫蛇添足","0","實事求是","","小組依據原始紀錄查核並承認問題，符合「實事求是」，答案 A。其餘成語分別指自欺、消極等待、做多餘之事。","[""抓出行動證據：回查原始紀錄、逐筆核對。"",""這表示依事實處理，而非掩飾或臆測。"",""因此選 A「實事求是」。""]","先用題幹行為說明情境，再套用成語本義。","[]","","","","","","","","","","","","","","",""
"CHI-0972","國文","原創會考程度練習","","","九年級上","閱讀理解","文本觀點辨析","中等","素養題","短文：「校園手機可協助查資料，也可能讓人分心。班級試行上課時關閉通知，必要時再由教師安排查詢。」作者對手機的態度為何？","主張全面禁止學生使用手機","承認便利與干擾，並提出管理方式","認為通知越多越能提升學習","主張所有課程都改用手機","1","承認便利與干擾，並提出管理方式","","作者同時提到查資料的便利和分心風險，並提出關通知及教師安排查詢的作法，答案 B。其他選項都把立場推得過度絕對。","[""整理作者提到的正反兩面：可查資料、會分心。"",""再找對策：關閉通知，必要時安排查詢。"",""這是有條件管理而非全面禁止或全面使用，選 B。""]","判斷作者態度要同時讀取問題與對策，避免只抓單一句。","[]","","","","","","","","","","","","","","",""
"CHI-0973","國文","原創會考程度練習","","","八年級下","修辭判讀","譬喻辨析","基礎","素養題","「記憶像抽屜，收著旅途中拾來的聲音與氣味。」句中主要運用哪一種修辭？","排比","設問","譬喻","借代","2","譬喻","","句子用「像」把記憶比作抽屜，並說明其中收存經驗，主要是譬喻，答案 C。","[""找出比較標記「像」。"",""被比較的是記憶與抽屜，兩者以收存經驗的相似點連結。"",""故選 C；句子沒有平行列句或自問自答。""]","辨認譬喻要找本體、喻體及兩者的相似關係。","[]","","","","","","","","","","","","","","",""
"CHI-0974","國文","原創會考程度練習","","","九年級下","應用文閱讀","公告資訊整合","基礎","素養題","公告：「週五 16:00 後展館停止入場；已購票者可在服務台辦理改期，須於本月底前完成。」小安週五 16:30 抵達且已購票，最符合公告的作法是？","直接入場參觀至閉館","等到下月再要求退款","改用別人的票進場","到服務台辦理改期，並於本月底前完成","3","到服務台辦理改期，並於本月底前完成","","週五 16:30 已超過停止入場時間，不能直接入館；已購票者可至服務台改期且須在月底前辦理，答案 D。","[""比對時間：16:30 晚於 16:00。"",""找已購票者的替代處理方式：服務台改期。"",""再確認期限為本月底前，因此選 D。""]","公告題依序核對時間、對象、地點與期限。","[]","","","","","","","","","","","","","","",""
"CHI-0975","國文","原創會考程度練習","","","八年級上","字義辨析","一字多義","基礎","素養題","「這份計畫要先衡量可行性。」句中的「衡量」最接近何義？","仔細考慮並評估","增加數量","測量重量","平均分配","0","仔細考慮並評估","","「衡量可行性」是仔細評估能否執行，不是測量重量，答案 A。","[""讀取「衡量」的受詞：可行性。"",""可行性是計畫能否落實的條件，需要評估而非秤重。"",""因此選 A。""]","同一詞語須看它搭配的對象判定語境義。","[]","","","","","","","","","","","","","","",""
"CHI-0976","國文","原創會考程度練習","","","九年級上","論說文閱讀","因果關係辨析","中等","素養題","研究發現，借閱量高的班級也常安排固定閱讀時間。僅憑這項觀察，最合理的說法是？","安排閱讀時間必定使每位學生借書","固定閱讀時間可能與借閱量有關，但尚不能證明因果","所有未安排閱讀時間的班級都不閱讀","借閱量完全由班級座位決定","1","固定閱讀時間可能與借閱量有關，但尚不能證明因果","","觀察到兩者同時出現只能指出關聯；若沒有控制其他因素或實驗設計，不能確認固定閱讀時間造成借閱量提高，答案 B。","[""辨認資料呈現的是班級間的觀察比較。"",""閱讀興趣、教師安排等其他因素也可能影響借閱量。"",""因此只能說可能相關，不能下必然因果結論，選 B。""]","看到同時變化先說相關，主張因果還需排除替代解釋。","[]","","","","","","","","","","","","","","",""
"CHI-0977","國文","原創會考程度練習","","","八年級下","詞語運用","成語語意辨析","中等","素養題","「他只聽見一句傳聞，便斷定整個團隊都不負責任。」最適合指出這種推論問題的語句是？","按部就班","未雨綢繆","以偏概全","循序漸進","2","以偏概全","","僅由一句傳聞就推論整個團隊，將局部資訊擴大到全體，屬於「以偏概全」，答案 C。","[""比對證據範圍：只聽到一句傳聞。"",""結論範圍卻擴大到整個團隊。"",""證據不足以支持全體判斷，故選 C「以偏概全」。""]","推論範圍不可超過證據能支持的範圍。","[]","","","","","","","","","","","","","","",""
"CHI-0978","國文","原創會考程度練習","","","九年級下","閱讀理解","方案公平性與需求考量","中等","素養題","班會討論校外教學時，班長先請行動不便的同學說明通行需求，再和大家調整集合地點與參觀動線。這做法最能看出什麼？","只依多數人的方便決定行程","因為意見不同就取消所有活動","把所有安排交由一位同學決定","讓較少數的需求也納入方案規劃","3","讓較少數的需求也納入方案規劃","","班長先聽取行動不便同學的通行需求，再調整地點與路線，顯示規劃時把較少數成員的需要也納入考量，答案 D。","[""找出班長先採取的行動：主動詢問通行需求。"",""再看需求如何改變集合地點與參觀動線。"",""這表示方案納入不同成員的需要，不只依多數方便決定，選 D。""]","評估方案公平性時，留意不同參與者的需求是否實際改變決策。","[]","","","","","","","","","","","","","","",""
"CHI-0979","國文","原創會考程度練習","","","八年級上","閱讀理解","作者觀點與理由","中等","素養題","旅遊文章比較捷運、巴士與步行：前兩者能快速抵達景點；作者最後寫道：「慢慢走過市場巷口，才能遇見每天生活在這裡的人。」作者最可能重視什麼？","透過步行接觸景點周邊的日常生活","選擇最快速的交通工具節省時間","只參觀大型且知名的觀光景點","避免和當地居民或店家接觸","0","透過步行接觸景點周邊的日常生活","","作者承認捷運、巴士速度快，卻特別指出步行能遇見市場巷口的日常生活，顯示他重視透過步行接觸地方生活，答案 A。","[""比較文章提到的交通方式：捷運、巴士較快，步行較慢。"",""作者特別說明步行能遇見市場周邊居民的日常。"",""這個理由顯示作者重視地方生活體驗，不是單純追求速度，選 A。""]","推論作者偏好時，找出作者特別強調的理由，而不只比較客觀優缺點。","[]","","","","","","","","","","","","","","",""
"CHI-0980","國文","原創會考程度練習","","","九年級上","閱讀理解","推論與證據","基礎","素養題","小說寫道：「她把修好的椅子重新放回教室，沒有提起那晚留下的裂痕。」最能由此推知她的哪種態度？","願意修補問題並繼續使用","希望同學立刻更換教室","認為所有物品都不值得珍惜","從未注意椅子受損","0","願意修補問題並繼續使用","","她修好椅子並放回教室，顯示願意處理損壞並繼續使用；文本沒有支持其他選項，答案 A。","[""引用行動證據：把椅子修好並放回原處。"",""這支持她願意修補、延續使用的推論。"",""不能從這段推知她不珍惜物品或未注意損壞，選 A。""]","人物推論須以具體行動為依據，不把象徵解讀成唯一事實。","[]","","","","","","","","","","","","","","",""
"CHI-0981","國文","原創會考程度練習","","","八年級下","語文應用","詞語精確使用","基礎","素養題","下列哪一句「逐漸」使用最恰當？","雨聲逐漸地一下子停止。","經過數週練習，他逐漸掌握新的節奏。","她逐漸立刻跑到門口。","這道題逐漸有四個選項。","1","經過數週練習，他逐漸掌握新的節奏。","","「逐漸」表示變化經過一段時間慢慢發生，數週練習後逐步掌握符合此義，答案 B。","[""逐一檢查「逐漸」是否修飾持續變化。"",""B的掌握程度隨練習時間慢慢提升。"",""A、C把漸進詞和瞬間詞矛盾搭配，D的數量沒有漸變，選 B。""]","副詞要與動作的時間特徵相配，避免與「立刻、一下子」矛盾。","[]","","","","","","","","","","","","","","",""
"CHI-0982","國文","原創會考程度練習","","","九年級上","論說文閱讀","反方論點回應","中等","素養題","文章主張校園保留一處安靜閱讀區。反方擔心空間被少數人長時間占用，作者回應可採預約與時段輪替。這項回應的功能是什麼？","提出管理方式回應反方疑慮","承認閱讀區完全沒有價值","轉而證明所有學生都喜歡安靜","以個人喜好取代公共討論","0","提出管理方式回應反方疑慮","","作者提出預約和輪替，直接處理空間被長期占用的疑慮，屬於以管理方案回應反方，答案 A。","[""先找反方疑慮：少數人長時間占用。"",""再看作者提出的措施：預約和時段輪替。"",""措施對應疑慮，因此是回應反方，選 A。""]","論證題要把疑慮和回應逐一配對。","[]","","","","","","","","","","","","","","",""
"CHI-0983","國文","原創會考程度練習","","","八年級上","字音字形","形近字辨析","中等","素養題","下列括號中的字形全部正確的是哪一組？","再接再（勵）／勉（勵）同學","按（部）就班／（部）署工作","迫不（急）待／（急）流勇退","名列前（矛）／自相（矛）盾","1","按（部）就班／（部）署工作","","A的「再接再厲」應用「厲」，不是「勵」；C的「迫不及待」應用「及」，D的「名列前茅」應用「茅」。B的「按部就班」和「部署」都用「部」，所以答案是 B。","[""A的兩個詞分別是「再接再厲」與「勉勵」，用字不同。"",""B的「按部就班」和「部署」都使用「部」。"",""C應寫「迫不及待」，D應寫「名列前茅」；只有 B 兩詞都正確。""]","形近字要以固定詞語的正確寫法記憶，不能只看讀音。","[]","","","","","","","","","","","","","","",""
"CHI-0984","國文","原創會考程度練習","","","九年級下","閱讀理解","段落組織","基礎","素養題","段落先指出問題，再說明造成問題的原因，最後提出改善方式。最適合的組織順序是？","時間—地點—人物","總說—列舉同義詞—重複總說","人物對話—場景描寫—景物抒情","問題—原因—對策","3","問題—原因—對策","","段落先呈現問題，接著解釋原因，再提出改善方案，順序為問題—原因—對策，答案 D。","[""依題幹標出三個功能：指出問題、解釋原因、提出改善。"",""將功能按段落先後排列。"",""得到問題—原因—對策，選 D。""]","篇章結構題看段落功能與順序，不只看主題詞。","[]","","","","","","","","","","","","","","",""
"CHI-0985","國文","原創會考程度練習","","","九年級上","文言文閱讀","溫故知新","中等","素養題","《論語》：「溫故而知新，可以為師矣。」最符合「溫故知新」精神的學習方式是？","反覆抄寫舊筆記，不思考內容","只學新知識，完全不回顧舊內容","複習已有知識，並從中得到新的理解","把舊答案直接當成所有新問題的答案","2","複習已有知識，並從中得到新的理解","","「溫故」是複習舊知，「知新」是由此獲得新的理解；答案 C。這不是只重複記憶，也不是用舊答案取代對新問題的思考。","[""拆解關鍵詞：「溫故」指複習過去所學，「知新」指得到新的體會或理解。"",""句子把複習舊知與產生新理解連在一起，不是機械重複。"",""因此選 C；只學新內容或照搬舊答案都不符合句意。""]","文言語句要拆解關鍵詞，再說明兩部分如何形成完整的學習原則。","[]","","","","","","","","","","","","","","",""
"CHI-0986","國文","原創會考程度練習","","","八年級下","語文應用","主詞與指涉","中等","素養題","「小林把借來的書還給小雅，因為她明天要用。」若要避免「她」指涉不清，哪種改寫最明確？","小林把書還給她，因為她明天要用。","她把書還給小雅，因為明天要用。","小林因為她明天要用而把書還給她。","小林把書還給小雅，因為小雅明天要用。","3","小林把書還給小雅，因為小雅明天要用。","","原句中的「她」可能指小林或小雅。D直接寫出小雅明天要用書，消除代詞指涉歧義，答案 D。","[""找出代詞「她」可能指小林或小雅。"",""改寫時直接寫出實際指涉對象。"",""D明確指出小雅明天要用書，選 D。""]","代詞可能有兩個先行詞時，改用名詞重述可消除歧義。","[]","","","","","","","","","","","","","","",""
"CHI-0987","國文","原創會考程度練習","","","九年級上","論說文閱讀","事實與意見辨析","中等","素養題","讀書會討論校園植樹，甲說：「我覺得樹蔭讓操場更舒服。」乙說：「校務紀錄顯示上學期校園新增 12 棵樹。」哪一項是較可查證的事實陳述？","甲對操場舒適度的感受","乙所說校園新增 12 棵樹的紀錄","甲乙都只表達個人喜好","樹蔭一定讓每個人感到舒服","1","乙所說校園新增 12 棵樹的紀錄","","甲說明個人感受，舒適度偏好因人而異；乙引用校務紀錄中的樹木數量，能透過紀錄核對，答案 B。D則把主觀感受誇大為人人相同。","[""區分主觀評價與可由資料核對的陳述。"",""「更舒服」是甲的感受；新增樹木數量可查校務紀錄。"",""因此乙的數量陳述較可查證，選 B。""]","事實可透過紀錄或觀察核對；感受與價值判斷不因語氣肯定就成為客觀事實。","[]","","","","","","","","","","","","","","",""
"CHI-0988","國文","原創會考程度練習","","","八年級上","成語應用","成語辨析","基礎","素養題","團隊在期限前先列工作清單，再依重要程度逐項完成，最適合用哪個成語形容？","杯弓蛇影","按部就班","刻舟求劍","滄海一粟","1","按部就班","","先規劃次序再逐項完成，符合「按部就班」依照步驟進行的意思，答案 B。","[""找出行動特徵：列清單、排次序、逐項完成。"",""這是有步驟地推進工作。"",""因此選 B「按部就班」。""]","成語題先概括行為特徵，再與成語本義比對。","[]","","","","","","","","","","","","","","",""
"CHI-0989","國文","原創會考程度練習","","","九年級下","閱讀理解","人物行動與品格推論","基礎","素養題","雨天，店員把店門口最後一把傘遞給沒帶傘的孩子，自己用外套遮頭回家。這個行動最能看出什麼？","害怕承擔任何責任","重視自己的物品勝過他人","體貼他人，願意分享有限資源","把困難推給旁人處理","2","體貼他人，願意分享有限資源","","店員把唯一剩下的傘讓給孩子，自己承受淋雨，行動顯示他優先照顧他人並願意分享有限資源，答案 C。","[""比較店員與孩子最後的處境：孩子得到傘，店員沒有傘可用。"",""店員主動把有限資源讓給更需要的人。"",""因此可推知他體貼他人且願意分享，選 C。""]","人物態度推論要引用具體行動作為證據，不只依情境或身份猜測。","[]","","","","","","","","","","","","","","",""
"CHI-0990","國文","原創會考程度練習","","","八年級下","語文應用","因果推論","基礎","素養題","「因道路施工，公車改走替代路線。」下列哪項是這句話能支持的結論？","所有道路都停止通行","替代路線一定更短","公車從此不再經過市區","施工是改道的原因","3","施工是改道的原因","","句中明確以「因」指出道路施工造成公車改走替代路線，答案 D。其他選項超出句子提供的資訊。","[""找出因果連接詞「因」。"",""原因是道路施工，結果是公車改走替代路線。"",""只能確定這項因果，不能推論所有道路或路線長度，選 D。""]","只作文本能支持的推論，不額外假設未提供的結果。","[]","","","","","","","","","","","","","","",""
"CHI-0991","國文","原創會考程度練習","","","九年級上","應用文閱讀","書信目的判讀","基礎","素養題","邀請函寫道：「本校訂於 6 月 12 日舉辦成果展，誠摯邀請您蒞臨指導。」這封信的主要目的為何？","邀請收信者參加成果展","通知收信者取消展覽","請收信者代為撰寫作品","要求收信者捐贈場地","0","邀請收信者參加成果展","","日期、活動名稱和「邀請您蒞臨」直接表明邀請參觀成果展，答案 A。","[""圈出文種及目的用語：「邀請函」「邀請您蒞臨」。"",""確認所邀活動是 6 月 12 日成果展。"",""因此主要目的為邀請參加，選 A。""]","應用文先看文種、目的用語及活動資訊。","[]","","","","","","","","","","","","","","",""
"CHI-0992","國文","原創會考程度練習","","","八年級上","字義辨析","成語詞義","基礎","素養題","「討論時他不急著反駁，先聽完每個人的理由，再整理共同點。」最能形容其做法的是？","自相矛盾","兼聽並蓄","孤芳自賞","草木皆兵","1","兼聽並蓄","","他聽取不同意見並整理共同點，符合廣泛聽取、包容各方的「兼聽並蓄」，答案 B。","[""從行動找線索：聽完不同理由、整理共同點。"",""這不是只接受單一看法，而是兼顧多方意見。"",""因此選 B「兼聽並蓄」。""]","辨析成語要注意行為是接納多元意見，還是固守單一立場。","[]","","","","","","","","","","","","","","",""
"CHI-0993","國文","原創會考程度練習","","","九年級下","閱讀理解","觀點比較","中等","素養題","甲文認為規劃能降低風險；乙文提醒計畫也應保留調整空間。兩文最可能共同支持何者？","任何計畫都不能改變","只要準備就不會遇到問題","做計畫時兼顧準備與彈性","臨時決定永遠比規劃有效","2","做計畫時兼顧準備與彈性","","甲文強調事前準備，乙文補充遇變化時要調整，兩者可整合為準備與彈性並重，答案 C。","[""整理甲文主張：規劃降低風險。"",""整理乙文提醒：保留調整空間。"",""兩者並不互斥，共同指向準備同時保有彈性，選 C。""]","跨文本題先分別概括觀點，再找可同時成立的交集。","[]","","","","","","","","","","","","","","",""
"CHI-0994","國文","原創會考程度練習","","","八年級下","修辭判讀","列舉手法與功能","基礎","素養題","「他整理舊照片，記下街名，訪問搬離的居民。」此句主要透過何種方式呈現工作的完整性？","把街道比作河流","提出問題後自行回答","用反語表達否定","連續列舉多項行動","3","連續列舉多項行動","","句子連續列出整理、記錄、訪問三項行動，透過列舉呈現工作內容，答案 D。","[""辨認句中三個並列動作。"",""動作沒有形成比喻、問答或反語。"",""因此是列舉多項行動，選 D。""]","連續動作若無相同句式，不一定是排比；也要考慮列舉資訊的功能。","[]","","","","","","","","","","","","","","",""
"CHI-0995","國文","原創會考程度練習","","","九年級上","論說文閱讀","例證功能","中等","素養題","文章主張「閱讀只要每天少量進行，也能逐步累積」。作者接著舉出一位每晚讀十頁、一年完成多本書的例子，這個例子主要有何作用？","具體說明少量持續累積的可能","否定每天閱讀的價值","證明每個人一年都能讀相同書量","改變文章討論的主題","0","具體說明少量持續累積的可能","","每日十頁、持續一年具體呈現小量閱讀如何累積，支持作者主張；個案不能證明人人結果相同，答案 A。","[""先找例子與主張的連結：少量、持續、累積。"",""例子將抽象主張具體化。"",""它能說明可能性，但不能推成所有人相同，選 A。""]","例證能支持論點，但個案不能無限推廣到所有人。","[]","","","","","","","","","","","","","","",""
"CHI-0996","國文","原創會考程度練習","","","八年級上","詞語運用","近義詞辨析","基礎","素養題","「這份紀錄詳實呈現調查過程。」若要把「詳實」換成最接近的詞，應選何者？","迅速而簡短","詳細而真實","華麗而誇張","含糊而不全","1","詳細而真實","","「詳實」兼有內容詳細、符合事實的意思，最接近「詳細而真實」，答案 B。","[""拆解詞語：詳是詳細，實是真實、確實。"",""找同時保留兩層意思的選項。"",""因此選 B。""]","複合詞可拆解字義後，再核對近義選項是否完整涵蓋。","[]","","","","","","","","","","","","","","",""
"CHI-0997","國文","原創會考程度練習","","","九年級下","文言文閱讀","古今詞義","中等","素養題","《出師表》「先帝不以臣卑鄙」中的「卑鄙」，依文意最接近何義？","品格惡劣、令人厭惡","外貌醜陋、不受歡迎","地位低微、見識淺陋","行事狡猾、欺騙他人","2","地位低微、見識淺陋","","諸葛亮在此自述身分，古義「卑鄙」指地位低微、見識淺陋，不是現代常用的品格惡劣，答案 C。","[""放回原句語境：先帝不因臣的身分而棄用。"",""此處是在自謙身分與見識，不是指道德敗壞。"",""故選 C，須分辨古今異義。""]","文言詞義先依上下文判斷，避免直接套用現代常用義。","[]","","","","","","","","","","","","","","",""
"CHI-0998","國文","原創會考程度練習","","","八年級下","語文應用","句意通順","基礎","素養題","下列哪一句語意最通順且沒有重複表達？","我大約可能在六點左右抵達。","我們先討論方案，再分工執行。","他避免不要再犯同樣錯誤。","每位同學都各自分別提交一份。","1","我們先討論方案，再分工執行。","","B先討論、再分工，語意清楚且順序合理。A的「大約、可能、左右」重複表達不確定；C雙重否定混亂；D的「各自、分別」重複，答案 B。","[""逐句檢查語意和冗詞。"",""B的兩個動作有合理先後且沒有重複。"",""其餘選項各有同義詞堆疊或否定不當，選 B。""]","句子修訂要同時檢查語意、語法和冗詞。","[]","","","","","","","","","","","","","","",""
"CHI-0999","國文","原創會考程度練習","","","九年級上","閱讀理解","通知條件判讀","中等","素養題","校外教學通知：「請於 8:10 前到校，遊覽車 8:15 準時出發；遲到者由家長自行送至博物館會合。」小安 8:12 才到校，依通知應怎麼做？","要求遊覽車等他到校再出發","未告知老師便自行上車","放棄活動並直接回家","請家長送他到博物館會合","3","請家長送他到博物館會合","","集合期限是 8:10 前，小安 8:12 到校已超過期限；通知明定遲到者由家長送至博物館會合，答案 D。","[""比較通知的集合期限 8:10 與小安到校時間 8:12。"",""小安已超過集合期限，需依遲到者的特別規定處理。"",""通知指定由家長送至博物館會合，選 D；不能推定遊覽車會等候。""]","處理遲到或逾時情況時，先確認一般規則，再套用通知明列的例外安排。","[]","","","","","","","","","","","","","","",""
"CHI-1000","國文","原創會考程度練習","","","八年級上","標點符號","頓號與逗號","基礎","素養題","依「同層級短詞用頓號分隔，末項前的連接詞前不加標點」的規則，下列哪句列舉同類項目正確？","背包裡有筆記本，鉛筆，橡皮擦，和尺。","背包裡有筆記本、鉛筆、橡皮擦和尺。","背包裡有筆記本、鉛筆、橡皮擦、和尺。","背包裡有筆記本；鉛筆；橡皮擦；和尺。","1","背包裡有筆記本、鉛筆、橡皮擦和尺。","","依題目指定規則，B以頓號分隔前三個同層短詞，並在「和」前不加標點，答案 B。A 使用逗號，C 在連接詞前多加頓號，D 用分號分隔短詞，均不符合指定規則。","[""確認句子是在列舉同一層級的物品。"",""依題幹指定規則，同層級短詞之間用頓號，末項前的連接詞前不加標點。"",""只有 B 符合該規則；A、C、D 分別誤用逗號、多加頓號或改用分號，選 B。""]","標點需配合列舉項目的層級與句子結構。","[]","","","","","","","","","","","","","","",""
"OFF-0001","國文","官方歷屆真題","110","1","會考總複習","歷屆會考","110年國文第1題","進階","歷屆真題","下列文句中的連詞，何者使用最恰當？","即使生活變得富裕，也不應該浪費","除非是很小的錯誤，也可能釀成大害","只有從根本解決，就能為人民改善生活","與其老師怎樣費心勸說，他還是我行我素","0","即使生活變得富裕，也不應該浪費","","標答 A「即使生活變得富裕，也不應該浪費」使用讓步連詞「即使……也……」：前句提出生活富裕這個可能條件，後句指出在此條件下仍不應浪費，語意完整。B 的「除非」通常應接「才」表必要條件，和「也可能」搭配不順；C「只有……就能」把必要條件和結果連詞混用，應說「只有……才能」；D「與其」須和「不如」構成取捨，原句沒有比較的另一項，應改「無論老師怎樣……」。","[""先辨識題目考連詞搭配，而不是句子是否通順；四句都要看前後分句的邏輯關係。"",""A 的「即使……也……」表讓步，生活富裕不會推翻「不應浪費」的結論，兩分句相合。"",""B 的「除非」宜配「才」，C 的「只有」宜配「才」，D 的「與其」宜配「不如」；三句的關聯詞或搭配不完整。""]","把關聯詞成對圈出，再說明兩分句是讓步、條件還是取捨；搭配不成對時通常就是錯點。","[]","","","false","false","https://cap.rcpet.edu.tw/exam/110/110exam.html","https://drive.google.com/file/d/1z5dk4Ar0QaZT_6dPsu2ZVP8_OBwe6LnS/view","","","","","","","","",""
"OFF-0002","國文","官方歷屆真題","110","2","會考總複習","歷屆會考","110年國文第2題","進階","歷屆真題","「人生是短暫的，死亡是自然的，認清了這點，活著的時候才可以真正的投入。」 這句話的涵義，與下列何者最接近？","經歷死亡幽谷，才能發現活著的可貴","能將死亡置之度外的人往往雖死猶生","生命的價值在於不斷挑戰自我，安於現狀等於死亡","了解生命的限制，坦然面對死亡，就能盡情地活著","3","了解生命的限制，坦然面對死亡，就能盡情地活著","","引句先承認人生短暫、死亡自然，再說「認清了這點」才能在活著時真正投入。D「了解生命的限制，坦然面對死亡，就能盡情地活著」保留了這個因果：理解有限性使人不再逃避死亡，因而投入當下。A 把理解說成必須親歷死亡；B 主張把死亡置之度外，與「認清」相反；C 把重點改成挑戰自我、批評安於現狀，原句沒有這層意思。","[""抓住引句的前提「人生是短暫的，死亡是自然的」，以及後果「活著的時候才可以真正的投入」。"",""D 同時保留「了解生命有限、坦然面對死亡」和「盡情活著」兩個關鍵意思。"",""A 多加了親歷死亡，B 把認清死亡改成不理會死亡，C 把活著的投入偷換成追求挑戰，因此都偏離原句。""]","遇到格言改寫題，先拆出原句的原因與結果，再檢查選項有沒有偷加條件或換掉核心主張。","[]","","","false","false","https://cap.rcpet.edu.tw/exam/110/110exam.html","https://drive.google.com/file/d/1z5dk4Ar0QaZT_6dPsu2ZVP8_OBwe6LnS/view","","","","","","","","",""
"OFF-0003","國文","官方歷屆真題","110","3","會考總複習","歷屆會考","110年國文第3題","進階","歷屆真題","這是某相機使用說明書的一部分： 對於以下主體，可能無法成功自動對焦： 與背景色彩相近的主體 自動對焦點同時覆蓋遠近主體 重複的圖案 根據以上說明，這臺相機在相同的設定下，下列哪一個景物最容易自動對焦？","雪地上的雪人","欄杆後的盆栽","沙漠中的綠色仙人掌","花色相同的馬賽克磁磚","2","沙漠中的綠色仙人掌","","使用說明列出三種不易對焦的情況：主體和背景顏色相近、對焦點同時覆蓋遠近主體、畫面有重複圖案。C 的綠色仙人掌和沙漠背景色差明顯，且沒有欄杆造成的前後景重疊或規律圖案，因此最容易成功對焦。A 雪人和雪地近色；B 欄杆與盆栽形成前後景；D 馬賽克磁磚有重複圖案。答案是 C「沙漠中的綠色仙人掌」。","[""把說明書中的失敗條件整理成近色、遠近重疊、重複圖案三項。"",""逐一檢查選項：A 符合近色，B 有前後景，D 有重複圖案。"",""C 的仙人掌與沙漠有明顯色差，且避開另外兩種干擾，因此選 C。""]","說明書題先把限制條件轉成檢查表；找同時避開所有限制的景物。","[]","","","false","false","https://cap.rcpet.edu.tw/exam/110/110exam.html","https://drive.google.com/file/d/1z5dk4Ar0QaZT_6dPsu2ZVP8_OBwe6LnS/view","","","","","","","","",""
"OFF-0004","國文","官方歷屆真題","110","4","會考總複習","歷屆會考","110年國文第4題","進階","歷屆真題","下列選項「」中的字，何組讀音相同？","「恪」守本分／獨創一「格」","「抵」死不從／蒞臨府「邸」","字「斟」句酌／「勘」正訛誤","鍾靈「毓」秀／才「疏」學淺","1","「抵」死不從／蒞臨府「邸」","","標答 B「「抵」死不從／蒞臨府「邸」」的「抵」與「邸」都讀 ㄉㄧˇ：「抵死不從」的抵是堅持、抵拒，「府邸」的邸是宅第，字義不同但讀音相同。A「恪」讀ㄎㄜˋ、「格」讀ㄍㄜˊ；C「斟」讀ㄓㄣ、「勘」讀ㄎㄢ；D「毓」讀ㄩˋ、「疏」讀ㄕㄨ，均不同音。","[""依序讀每組括號中的字，不要被整個詞語的熟悉度影響。"",""B 兩字都讀ㄉㄧˇ，符合「讀音相同」；「抵死」和「府邸」的語意差異不影響讀音判斷。"",""其餘三組分別是ㄎㄜˋ／ㄍㄜˊ、ㄓㄣ／ㄎㄢ、ㄩˋ／ㄕㄨ，逐組都能排除。""]","字音題把目標字單獨標注注音，再配回詞義；形近或同部件不代表同音。","[]","","","false","false","https://cap.rcpet.edu.tw/exam/110/110exam.html","https://drive.google.com/file/d/1z5dk4Ar0QaZT_6dPsu2ZVP8_OBwe6LnS/view","","","","","","","","",""
"OFF-0005","國文","官方歷屆真題","110","5","會考總複習","歷屆會考","110年國文第5題","進階","歷屆真題","「山田汽車成立於西元1916年。高橋汽車在山田汽車成立100週年時發表一段 賀詞：『感謝100年來的競爭，沒有你的那30年有點孤獨。』」根據這段文 字，高橋汽車最可能成立於西元哪一年？","1816","1846","1886","1946","2","1886","","山田汽車成立於 1916 年，賀詞是在其百年（2016 年）時說的。「沒有你的那 30 年」指高橋尚未與山田競爭、較早成立的 30 年，因此高橋約在 1916 年前 30 年成立：1916－30＝1886，選 C。1946 是晚 30 年，表示山田先獨自經營 30 年，與賀詞所說「沒有你的那 30 年」的競爭者視角不合。","[""先由山田的成立年 1916 加 100，確認賀詞發表於 2016 年。"",""高橋說「沒有你的那 30 年有點孤獨」，表示高橋在山田出現前已存在，先獨自經營 30 年。"",""因此以山田成立年往前推 30 年：1916－30＝1886，對應 C；1946 是往後推，方向相反。""]","時間推算題先確定「誰比誰早」；「沒有你」要從說話者與對方的時間關係來讀。","[]","","","false","false","https://cap.rcpet.edu.tw/exam/110/110exam.html","https://drive.google.com/file/d/1z5dk4Ar0QaZT_6dPsu2ZVP8_OBwe6LnS/view","","","","","","","","",""
"OFF-0006","國文","官方歷屆真題","110","6","會考總複習","歷屆會考","110年國文第6題","進階","歷屆真題","【閱讀材料】〈盆栽〉
做為盆栽，他已覺頗為滿意
在方圓有限的盆裡，他擁有
自己的領域，擁有陽光、水
以及空氣，且較諸同儕幸運
為無慮於戶外的風吹雨傷害
【詩作後段】〈向陽〉站在被保護的蔭蔽，他謳歌廣袤無邊的天地，讚頌風暴、雷電之壯麗；對於被摧折遍地的花草樹木則嗤之以鼻，較諸粗俗，他寧取盆中長綠。

詩中「盆栽」對生活的態度，與下列何者最接近？","安守現實，自得其樂","享受挑戰，追求卓越","突破藩籬，渴望自由","寧為玉碎，不為瓦全","0","安守現實，自得其樂","","詩中的盆栽說自己已對盆栽生活感到滿意，在有限的盆裡擁有自己的領域、陽光、水和空氣，也不必承受戶外風吹雨打。這呈現安於現有環境、知足自得的態度，因此選 A「安守現實，自得其樂」。B、C 所說的追求卓越或突破藩籬，和盆栽自述的滿足相反；D 的犧牲守節也沒有詩句依據。","[""先抓住詩中盆栽對自己處境的評價：「已覺頗為滿意」。"",""「有限的盆裡」雖有界限，但盆栽列出自己擁有的領域、陽光、水、空氣，並覺得不受風吹雨打是幸運。"",""這些線索共同指向安於現實、知足自得，故選 A；詩中沒有追求突破或犧牲守節的意思。""]","雙欄詩要先確認題目指定哪個說話者，再用該欄的自述詞句判斷態度。","[]","","","false","false","https://cap.rcpet.edu.tw/exam/110/110exam.html","https://drive.google.com/file/d/1z5dk4Ar0QaZT_6dPsu2ZVP8_OBwe6LnS/view","","","","","","","","",""
"OFF-0007","國文","官方歷屆真題","110","7","會考總複習","歷屆會考","110年國文第7題","進階","歷屆真題","愛爾蘭文學家喬哀思流亡海外多年，其創作大多根植於早年在愛爾蘭 都柏林 的生活。他曾說：「有一天，都柏林這座城市毀了，人們也可以憑藉我的小 說，一磚一瓦的將之重建。」透過這句話可看出小說具有什麼作用？","記錄地方文史風物","勾勒未來生活圖象","重振戰後失落的人心","展現社區營造的力量","0","記錄地方文史風物","","喬哀思說，即使都柏林毀了，人們仍可憑他的小說「一磚一瓦」重建城市。這裡的小說保存了他熟悉的都柏林生活細節，能讓讀者重現地方風貌，因此選 A「記錄地方文史風物」。原句沒有預測未來生活、重振戰後人心，也沒有描述居民共同營造社區。","[""看引句中的重點動作：城市毀壞後，讀者仍能憑小說把都柏林逐步重建。"",""能作為重建依據的是小說所留下的城市生活、街景與地方細節，對應記錄文史風物。"",""B、C、D 分別增加未來想像、戰後情緒或實際社區營造，這些都不是引句所說的小說作用。""]","作者談作品功能時，抓住引句中的具體用途；「重建一座城市」在此指重現其生活記憶。","[]","","","false","false","https://cap.rcpet.edu.tw/exam/110/110exam.html","https://drive.google.com/file/d/1z5dk4Ar0QaZT_6dPsu2ZVP8_OBwe6LnS/view","","","","","","","","",""
"OFF-0008","國文","官方歷屆真題","110","8","會考總複習","歷屆會考","110年國文第8題","進階","歷屆真題","「昔人未見麟，問嘗見者：『麟何類乎？』見者曰：『麟如麟也。』問者曰：『若吾嘗見麟，則不問子矣。而云麟如麟，寧可解哉？』見者曰：『麟者，麇（ㄐㄩㄣ，形似鹿的獸）身牛尾，鹿蹄馬背。』問者豁然而解。」根據這則故事，下列敘述何者最恰當？","問者蓄意為難，明知故問","見者實未曾見麟，信口開河","問者終不得其解，寧可自尋答案","見者最後以具體事物為喻，輔助說明","3","見者最後以具體事物為喻，輔助說明","","問者指出「麟如麟也」沒有提供新資訊；見者於是改說麟有麇身、牛尾、鹿蹄、馬背，借熟悉動物的具體特徵說明麟的形貌，問者因此豁然理解，故選 D。A 的蓄意為難、B 的未曾見麟均非文中所述；C 與「豁然而解」相反。","[""先看對話轉折：問者指出「麟如麟」無法解釋，因為重複名稱沒有描述特徵。"",""見者接著列出麇身、牛尾、鹿蹄、馬背，將不熟悉的麟拆成具體可想像的形貌。"",""問者因此「豁然而解」，證明具體描摹起了說明作用；故事沒有顯示蓄意刁難或仍未理解。""]","文言故事題要追蹤人物反應；「豁然而解」是判斷前文說明是否有效的直接結果。","[]","","","false","false","https://cap.rcpet.edu.tw/exam/110/110exam.html","https://drive.google.com/file/d/1z5dk4Ar0QaZT_6dPsu2ZVP8_OBwe6LnS/view","","","","","","","","",""
"OFF-0009","國文","官方歷屆真題","110","9","會考總複習","歷屆會考","110年國文第9題","進階","歷屆真題","「落帆逗淮鎮，停舫臨孤驛。浩浩風起波，冥冥日沉夕。人歸山郭暗，雁下蘆洲 白。獨夜憶秦關，聽鐘未眠客。」關於這首詩的分析，下列敘述何者最恰當？","首兩句寫出與友餞別的地點與時間","以「風起」、「日沉」自喻懷才不遇","以「雁下蘆洲白」表示太陽將升起","末兩句點出客因心有所思而不成眠","3","末兩句點出客因心有所思而不成眠","","末兩句「獨夜憶秦關，聽鐘未眠客」直接寫出夜裡思念秦關、聽鐘而未眠的旅客，D「末兩句點出客因心有所思而不成眠」正確。首兩句寫停船的淮鎮與孤驛，沒有友人餞別；「風起」「日沉」是眼前景色，詩句未把它們比作懷才不遇；「雁下蘆洲白」寫雁鳥降落與蘆洲景象，也不是日出。","[""按詩句順序辨認時間與景物：日沉、山郭暗、雁下，顯示傍晚轉入夜色。"",""結尾的「憶」交代心有所思，「未眠客」明說客人沒有入睡，與 D 完全相合。"",""A 把停船地點誤說成餞別，B 無視寫景字面而硬加自況，C 把傍晚雁下誤讀成清晨日升。""]","古詩分析先按字面建立時間、人物和動作，再判斷選項是否額外添加了詩中沒有的情節。","[]","","","false","false","https://cap.rcpet.edu.tw/exam/110/110exam.html","https://drive.google.com/file/d/1z5dk4Ar0QaZT_6dPsu2ZVP8_OBwe6LnS/view","","","","","","","","",""
"OFF-0010","國文","官方歷屆真題","110","10","會考總複習","歷屆會考","110年國文第10題","進階","歷屆真題","「獨創不代表完全嶄新，更非與傳統和過去截然無關。相反地，所有藝術的 起點都來自於模仿與學習。什麼才是獨創？我們一生下來，世界就開始影響 我們，而這種影響一直持續，直到我們過完此生。除了精力、氣力和意志以 外，還有什麼是屬於我們自己的呢？」這段話的觀點與下列何者最接近？","精力、氣力和意志有助於獨創","獨創並不意味與傳統全然無關","每件藝術品都必須以獨創為起點","擺脫世界對我們的影響才能獨創","1","獨創並不意味與傳統全然無關","","引文開頭明說獨創不等於全新，也不與傳統和過去截然無關；藝術起點還來自模仿、學習，世界影響也持續一生。因此 B「獨創並不意味與傳統全然無關」直接概括主旨。A 把末句的反問改成肯定獨創來源，C 把「藝術起點來自模仿與學習」倒說成必須以獨創起步，D 則和「影響一直持續」相反。","[""先抓第一句的明確主張：獨創不是完全嶄新，也不是切斷傳統。"",""後文以模仿、學習和持續受世界影響補充原因，仍是在說創作會承接既有經驗。"",""B 保留這個主張；A、C、D 分別誤讀反問、顛倒藝術起點，或否認持續影響。""]","抓議論段首句與轉折詞；本段的「更非……截然無關」已直接限制了獨創的意思。","[]","","","false","false","https://cap.rcpet.edu.tw/exam/110/110exam.html","https://drive.google.com/file/d/1z5dk4Ar0QaZT_6dPsu2ZVP8_OBwe6LnS/view","","","","","","","","",""
"OFF-0011","國文","官方歷屆真題","110","11","會考總複習","歷屆會考","110年國文第11題","進階","歷屆真題","下列文句「」中的稱謂，何者使用最恰當？","謝謝您的蒞臨，「貴校」蓬蓽生輝","「小女」的于歸之宴，請您務必賞光","「家弟」近期要搬家，忙得不可開交","為了準備求職面試，「舍姐」緊張不已","1","「小女」的于歸之宴，請您務必賞光","","官方參考答案為 B「「小女」的于歸之宴，請您務必賞光」。「小女」是父母對外謙稱自己的女兒，「于歸」指女子出嫁，婚宴邀請的語境吻合。教育部《親朋稱呼表》列弟弟的常用自稱為「舍弟」，故本題依官方稱謂表答案選 B；但須補充，《重編國語辭典修訂本》也收錄「家弟」作對人稱自己的弟弟，因此 C 有辭典所載用法，不能說成完全不存在。A 的「貴校」是敬稱對方學校，與「蓬蓽」自謙語搭配不當；D 的「舍姐」不合本題採用的常用稱謂形式。","[""B 的「小女」是父母對外謙稱自己的女兒；「于歸」指女子出嫁，因此「小女的于歸之宴」在邀請賓客的語境恰當。"",""A 把敬稱對方的「貴校」與自謙主人居所的「蓬蓽」混用；D 的「舍姐」也不符合本題依循的常用稱謂表。"",""本題官方答案為 B。教育部常用稱謂表列「舍弟」，但修訂辭典亦收「家弟」之用法；遇到 C 應理解詞典記載差異，不把它誤說成絕對不存在。""]","稱謂題先辨明謙稱自己或敬稱對方，再對照常用形式；若辭典另收變體，解說應區分官方考試用法與詞典記載。","[]","","","false","false","https://cap.rcpet.edu.tw/exam/110/110exam.html","https://drive.google.com/file/d/1z5dk4Ar0QaZT_6dPsu2ZVP8_OBwe6LnS/view","","","","","","","","",""
"OFF-0012","國文","官方歷屆真題","110","12","會考總複習","歷屆會考","110年國文第12題","進階","歷屆真題","「樹型直挺高壯的，無一不被畫上記號，陸續走向腰斬的命運。唯獨畸形虛 弱的劣木，有的彎曲不直，有的枝枒過多，有的菌蟲蛀洞，有的矮小窄細， 幸運地逃過一劫，殘喘至今，成了旅客心中敬畏的神木。」這段文字所要表 達的意旨，與下列何者最接近？","前事不忘，後事之師","無用之用，是為大用","一沙一世界，一花一天堂","出淤泥而不染，濯清漣而不妖","1","無用之用，是為大用","","樹幹筆直高壯的木頭被標記砍伐，反而是彎曲、枝多、遭蟲蛀或矮小的木頭因「不堪取用」而逃過砍伐，最後成為旅客敬畏的神木。這正是「無用之用，是為大用」：表面無用使樹得以存活並成為珍貴景觀，故選 B。A 的前車之鑑、C 的微觀見宏觀、D 的清廉品格都沒有解釋樹木如何因不合用途而保全。","[""比較兩類樹的命運：可供取材的直挺高樹被砍，形狀不佳的木頭被留下。"",""被留下的樹持續生長，成了旅客敬畏的神木；其「無用」恰好成為保全生命的原因。"",""B 概括無用反而成就更大價值；其他成語的核心分別是借鑑、微觀映照整體、潔身自好，與因果不合。""]","寓意題要找故事中看似不利的條件如何造成後來的好結果；這裡是「不合用材標準」使樹免於被砍。","[]","","","false","false","https://cap.rcpet.edu.tw/exam/110/110exam.html","https://drive.google.com/file/d/1z5dk4Ar0QaZT_6dPsu2ZVP8_OBwe6LnS/view","","","","","","","","",""
"OFF-0013","國文","官方歷屆真題","110","13","會考總複習","歷屆會考","110年國文第13題","進階","歷屆真題","小楓在古玩店看到一枚仿古錢幣，仔細一看，發現這是將 「唯」、「吾」、「知」、「足」四字字體共用「口」形， 所合成的一個圖象。下列圖象何者也是用類似的方式合成？ (A) (B) (C) (D)","A","B","C","D","0","A","","題目所附原卷圖中，古錢把「唯、吾、知、足」四字的字形共用「口」形來組合。標答 A 的圖樣也把字形筆畫疊合成一個整體，靠共用筆畫構成圖樣；B、C、D 的字樣主要是分別排字或置於幾何外框內，沒有呈現同樣的共筆合字方式。題庫選項文字只有 A–D，判讀依據是 questionImage 中的圖形。","[""先從題幹的古錢圖確認「類似方式」指四個字共用同一個「口」形，重點是字形彼此共筆。"",""對照原卷選項圖，A 的字形筆畫上下交疊、合成一個連續圖樣，構成方式與共用部件相近。"",""B、C、D 雖有裝飾框或文字配置，但圖中文字仍以分列／分置為主，並非以共用筆畫合成，因此選 A。""]","圖像字謎要比較筆畫是否真的被兩個字共用；文字靠近或放進同一個外框，不等於共筆合字。","[]","[""./assets/official-exams/110-chinese-q13-figure.svg""]","./assets/official-exams/110-chinese-q13-figure.svg","true","false","https://cap.rcpet.edu.tw/exam/110/110exam.html","https://drive.google.com/file/d/1z5dk4Ar0QaZT_6dPsu2ZVP8_OBwe6LnS/view","","","","","","","","",""
"OFF-0014","國文","官方歷屆真題","110","14","會考總複習","歷屆會考","110年國文第14題","進階","歷屆真題","「許多科技大廠致力發展AI產業，但在支援中文化系統卻遇到困難。原因是 中文的同音異字令語音辨識難度增加，而中文常與外語混用，以及次文化用 語等都成為系統干擾。」根據這段文字，下列文句語音辨識錯誤的原因，何 者未被提及？","他是個勢利眼 → 他是個視力眼","他在床上睡著了 → 他在船上睡著了","班導要求按時交作業 → 扳倒要求按時交作業","Facebook的用戶眾多 → 非死不可的用戶眾多","1","他在床上睡著了 → 他在船上睡著了","","正解 B「他在床上睡著了 → 他在船上睡著了」。段落列出的語音辨識干擾包括中文同音異字、中文與外語混用及次文化用語。A「勢利／視力」與 C「班導／扳倒」讀音相同，屬同音異字；D 把 Facebook 換成「非死不可」，是外語名稱及其中文化用法。B「床上」與「船上」的「床／船」讀音並不相同（ㄔㄨㄤˊ／ㄔㄨㄢˊ），只是近音混淆，文章沒有提到近音，因此 B 是未提及者。","[""把文章明列的三類原因對照選項：同音異字、中文外語混用、次文化用語。"",""A、C 是同音替換；D 涉及 Facebook 的外語名稱與中文音譯，均能對應文中原因。"",""B 的「床」與「船」韻母不同，不是同音字；近音辨識錯誤沒有列在段落中，所以選 B。""]","問「未提及」時，先把文本列出的原因逐類配對；近音和同音要分開辨認。","[]","","","false","false","https://cap.rcpet.edu.tw/exam/110/110exam.html","https://drive.google.com/file/d/1z5dk4Ar0QaZT_6dPsu2ZVP8_OBwe6LnS/view","","","","","","","","",""
"OFF-0015","國文","官方歷屆真題","110","15","會考總複習","歷屆會考","110年國文第15題","進階","歷屆真題","下列文句「」中的詞語，何者使用最恰當？","既然每個人選都很優秀，不如「兩害相權取其輕」","窮困之際竟幸運中了頭獎，真是有如「雨後春筍」","他把這些事混為一談，其實根本是「風馬牛不相及」","比賽中就算占上風也要保持謹慎，以免「轉悲為喜」","2","他把這些事混為一談，其實根本是「風馬牛不相及」","","標答 C「他把這些事混為一談，其實根本是「風馬牛不相及」」中的「風馬牛不相及」形容彼此毫不相關，正好接在「把這些事混為一談」之後，指出那些事情其實無關。A「兩害相權取其輕」要在兩種害處中選較輕者，與「每個人選都很優秀」不合；B「雨後春筍」形容大量新生事物，不能形容中頭獎；D「轉悲為喜」是由悲轉喜，與比賽占上風後應避免的結果無關，語境應是「轉勝為敗」一類。","[""讀完整句，確認 C 要表達的是「這些事彼此不相關」，與前面的「混為一談」形成明確對照。"",""風馬牛不相及的意思正是互不相干，因此 C 的成語義和句意吻合。"",""A 沒有兩害可權衡，B 把突發中獎誤套成大量萌生，D 的悲喜轉換也不是領先後輸掉比賽。""]","成語填用要用整句情境驗義；先說出成語的白話意思，再看它是否能解釋前後句。","[]","","","false","false","https://cap.rcpet.edu.tw/exam/110/110exam.html","https://drive.google.com/file/d/1z5dk4Ar0QaZT_6dPsu2ZVP8_OBwe6LnS/view","","","","","","","","",""
"OFF-0016","國文","官方歷屆真題","110","16","會考總複習","歷屆會考","110年國文第16題","進階","歷屆真題","【圖表資料】圖表列出93、96、99、102、105學年國中小新住民子女與非新住民子女的人數變化。

根據這張圖表，下列敘述何者錯誤？","國中小學生總人數漸趨下降","國小新住民子女人數漸趨上升","國中新住民子女所占比例漸趨上升","國中小非新住民子女所占比例漸趨下降","1","國小新住民子女人數漸趨上升","","原卷圖表按 93、96、99、102、105 學年列出國小與國中新住民子女及非新住民子女人數。B「國小新住民子女人數漸趨上升」是錯誤敘述：圖中的國小系列到 102 學年後在 105 學年下降，不能說持續上升。圖表中非新住民子女總量下降，國中子女占比上升，國中小非新住民子女占比也下降，與 A、C、D 相符。","[""先辨認圖例中的國小新住民子女系列，再沿 93 至 105 學年比較柱高。"",""該系列從早期逐步增加，但 105 學年的柱低於 102 學年，並非一路或持續漸升。"",""所以 B 的趨勢概括錯誤；A 可由非新住民總柱下降看出，C、D 則比較各年國中／非新住民占總量的相對比例。""]","圖表題要檢查整段時間的轉折；前幾期上升不能證明「漸趨上升」到最後一期仍成立。","[]","[""./assets/official-exams/110-chinese-q16-chart.png""]","./assets/official-exams/110-chinese-q16-chart.png","true","false","https://cap.rcpet.edu.tw/exam/110/110exam.html","https://drive.google.com/file/d/1z5dk4Ar0QaZT_6dPsu2ZVP8_OBwe6LnS/view","","","","","","","","",""
"OFF-0017","國文","官方歷屆真題","110","17","會考總複習","歷屆會考","110年國文第17題","進階","歷屆真題","「洛陽之俗，大抵好牡丹，春時城中無分貴賤皆插花，雖負擔者亦然。花開時，士庶競為遊遨，至花落乃罷。洛陽至東京六驛，舊不進花，自今歲遣衙校一員，乘驛馬，一日一夕至京師。所進不過姚黃魏紫三數朵。以菜葉實竹籠子，藉覆之使馬上不動搖，以蠟封蒂，乃數日不落。」根據這段文字，下列關於牡丹的敘述何者最恰當？","姚黃魏紫指的皆是牡丹","洛陽權貴才有資格買牡丹","牡丹運送前須以蠟整株封存","牡丹運送時以菜葉提供其養分","0","姚黃魏紫指的皆是牡丹","","A「姚黃魏紫指的皆是牡丹」正確：原文先說洛陽人「好牡丹」，接著說送往京師的花「不過姚黃魏紫三數朵」，可知姚黃、魏紫是牡丹品種。文中明言「無分貴賤」且挑花遊賞者有士庶，否定只有權貴能買；運送時「以蠟封蒂」只封花蒂，不是整株封存；菜葉「藉覆之」是鋪墊、覆護花朵，原文未說用來供給養分。","[""依上下文確認「所進」承接前文的牡丹，姚黃、魏紫三數朵就是送進京師的牡丹。"",""「無分貴賤」直接否定權貴專有；「以蠟封蒂」限定蠟只封花蒂；「以菜葉實竹籠子，藉覆之」寫的是鋪墊與覆護。"",""只有 A 符合原文；B、C、D 分別與無分貴賤、只封蒂、菜葉作鋪墊的文字相違。""]","古文細節題要留意範圍詞和動作對象，例如「封蒂」不能擴大成封整株，「藉覆」不能改成供養分。","[]","","","false","false","https://cap.rcpet.edu.tw/exam/110/110exam.html","https://drive.google.com/file/d/1z5dk4Ar0QaZT_6dPsu2ZVP8_OBwe6LnS/view","","","","","","","","",""
"OFF-0018","國文","官方歷屆真題","110","18","會考總複習","歷屆會考","110年國文第18題","進階","歷屆真題","「臺灣海峽黑水溝的形成是受地形影響，使水流加速，最快可達每秒四公尺。 當湍急的水流帶走水中的沉積與雜屑，海水少了許多反射陽光的雜質，使光 線能貫穿深處，所呈現的色澤就如墨黑般的深藍。」根據這段文字，下列敘 述何者最恰當？","海水的雜質含量與水流速度無關","海水的流速變慢，顏色就會變深","黑水溝的流速至少為每秒四公尺","黑水溝的水較清澈，透光性較佳","3","黑水溝的水較清澈，透光性較佳","","文段說地形使水流加速，湍流帶走沉積物與雜屑，海水中反射陽光的雜質減少，光線因而能穿透較深，呈現深藍色。D「黑水溝的水較清澈，透光性較佳」完整承接這條因果鏈。A 否認文中明示的水流與雜質關係；B 把減速後的顏色推成更深，文中無此結論；C 把「最快可達四公尺」誤讀成「至少四公尺」。","[""抽出段落因果：水流加快 → 帶走沉積與雜屑 → 雜質減少 → 光線穿透較深。"",""D 將雜質少、海水較清、透光較佳的結果說完整，與原文一致。"",""A、B 分別否定或反轉因果，C 則把速度上限「最快可達」誤當最低速度。""]","說明文推論要沿著原文因果鏈走；尤其分清「最快可達」是上限，不是最低值。","[]","","","false","false","https://cap.rcpet.edu.tw/exam/110/110exam.html","https://drive.google.com/file/d/1z5dk4Ar0QaZT_6dPsu2ZVP8_OBwe6LnS/view","","","","","","","","",""
"OFF-0019","國文","官方歷屆真題","110","19","會考總複習","歷屆會考","110年國文第19題","進階","歷屆真題","「＿＿＿＿＿＿。所以，我們寧願放掉功課而選擇看漫畫、滑手機，因後者帶來的快樂往往是立即的。此外，開心時大腦會分泌多巴胺，讓人容易重複相同的行為，難怪我們會不斷看漫畫、滑手機，直到考試時間逼近，才開始熬夜抱佛腳。」根據文意脈絡，空格處填入下列何者最恰當？","距離考試越近，讀書的效果越好","時間越晚，大腦分泌的多巴胺越多","人類等待報酬的時間越短，動力越強","重複相同行為的次數越多，人們越快樂","2","人類等待報酬的時間越短，動力越強","","空格後說「所以」寧願放掉功課、選立即帶來快樂的漫畫與手機，接著又說大腦容易重複帶來快樂的行為。C「人類等待報酬的時間越短，動力越強」能說明立即快樂為何勝過延後才有成果的讀書。A 談考前讀書效果，B 談夜晚多巴胺，D 把重複行為說成快樂增加，均接不上文中「立即報酬」的因果。","[""先看空格後的「所以」：後文是在解釋學生為何選漫畫、滑手機而放掉功課。"",""漫畫與手機的快樂「往往是立即的」，因此等待報酬時間短、動力較強，正對應 C。"",""B、D 混淆多巴胺與時間或重複次數的關係；A 的考前效果也不能解釋偏好即時快樂。""]","填句題先用空格前後的因果連詞定位功能；「所以」後面的選擇通常需要前句提供動機。","[]","","","false","false","https://cap.rcpet.edu.tw/exam/110/110exam.html","https://drive.google.com/file/d/1z5dk4Ar0QaZT_6dPsu2ZVP8_OBwe6LnS/view","","","","","","","","",""
"OFF-0020","國文","官方歷屆真題","110","20","會考總複習","歷屆會考","110年國文第20題","進階","歷屆真題","「旅行沒有公式，更沒有所謂必看、必玩或必吃。這個世界很大，擺脫行程 的綑綁，我們會感受更多的驚喜。」這段文字的涵義，與下列何者最接近？","事先規劃才算深度旅遊","人們要有實踐壯遊的夢想","人生就像是一趟未知的旅程","無目的的漫遊會有意外的收穫","3","無目的的漫遊會有意外的收穫","","引文說旅行沒有固定公式或必看、必玩、必吃的清單，放開行程束縛就能感受更多驚喜。D「無目的的漫遊會有意外的收穫」概括了不被既定行程綁住、因而遇見意外體驗的意思；此處的「無目的」是相對於照表操課，不是說旅行完全沒有方向。A 主張事先規劃，和文意相反；B 添加壯遊夢想；C 把旅行比成人生，原文未作此比喻。","[""標出引文的關鍵對比：固定必做清單與擺脫行程束縛，後者帶來更多驚喜。"",""D 將自由漫遊和意外收穫連在一起，最接近「感受更多的驚喜」。"",""A 強調規劃，B 增加壯遊目標，C 延伸成人生譬喻，均不是這段旅行觀的重點。""]","涵義題選能保留原文因果關係的選項；不要把局部主張延伸成原文沒提的宏大比喻。","[]","","","false","false","https://cap.rcpet.edu.tw/exam/110/110exam.html","https://drive.google.com/file/d/1z5dk4Ar0QaZT_6dPsu2ZVP8_OBwe6LnS/view","","","","","","","","",""
"OFF-0021","國文","官方歷屆真題","110","21","會考總複習","歷屆會考","110年國文第21題","進階","歷屆真題","下列文句，何者詞語使用最恰當？","他為人謙和有禮，總是前倨後恭","曾幾何時，家鄉景物已完全改變","他一進車廂，就先入為主搶了靠窗座位","體育課後教室變得汗牛充棟，又臭又悶","1","曾幾何時，家鄉景物已完全改變","","B「曾幾何時，家鄉景物已完全改變」用「曾幾何時」表示沒過多久，感嘆變化迅速，語意恰當。A「前倨後恭」是先傲慢、後恭敬，不能形容始終謙和有禮；C「先入為主」指先接受的觀念影響後續判斷，不是搶座位；D「汗牛充棟」形容書籍很多，不能寫教室人多又悶。","[""先確認每個成語的核心意思，再核對句子描述的人、事或物是否符合。"",""B 的「曾幾何時」用來感嘆短時間內景物已大幅改變，搭配「完全改變」自然。"",""A 的前後態度、C 的先有成見、D 的書籍數量都和各自句境不相符。""]","成語題不要只看句子情緒是否合理；要核對成語本義指的是態度、認知、數量還是時間。","[]","","","false","false","https://cap.rcpet.edu.tw/exam/110/110exam.html","https://drive.google.com/file/d/1z5dk4Ar0QaZT_6dPsu2ZVP8_OBwe6LnS/view","","","","","","","","",""
"OFF-0022","國文","官方歷屆真題","110","22","會考總複習","歷屆會考","110年國文第22題","進階","歷屆真題","「有些人才，只是放錯了位置，就成了庸才。」這句話的涵義，與下列何者 最接近？","天才與瘋子往往只有一線之隔","平凡人透過努力也能變得傑出","人須自知自愛，方能獲得尊重","天地無棄物，用人當取其所長","3","天地無棄物，用人當取其所長","","「人才只是放錯位置，就成了庸才」指出人的能力可能存在，但安排不當便無法發揮。D「天地無棄物，用人當取其所長」主張人各有可用之處，任用時應看長處，正好回應「放對位置」的意思。A 談天才與瘋子的界線，B 談努力使平凡人傑出，C 談自我尊重，都沒有談人才配置。","[""把原句拆成兩部分：人才本身未必平庸，問題在於「放錯了位置」。"",""D 提出任用者應取其所長，讓人的能力在合適位置發揮，直接解釋原句。"",""A、B、C 分別轉向天才與瘋子、努力、尊重，沒有處理配置與長處的關係。""]","寓意改寫題要抓原句中的關係詞；此題核心是「位置不合適造成才能埋沒」。","[]","","","false","false","https://cap.rcpet.edu.tw/exam/110/110exam.html","https://drive.google.com/file/d/1z5dk4Ar0QaZT_6dPsu2ZVP8_OBwe6LnS/view","","","","","","","","",""
"OFF-0023","國文","官方歷屆真題","110","23","會考總複習","歷屆會考","110年國文第23題","進階","歷屆真題","下列詞語「」中的注音寫成國字後，何者兩兩相同？","無「ㄨㄤˋ」之災／自大狂「ㄨㄤˋ」","信筆「ㄊㄨˊ」鴉／如火如「ㄊㄨˊ」","勞而無「ㄍㄨㄥ」／分「ㄍㄨㄥ」合作","遺珠之「ㄏㄢˋ」／震「ㄏㄢˋ」人心","0","無「ㄨㄤˋ」之災／自大狂「ㄨㄤˋ」","","正解 A「無「ㄨㄤˋ」之災／自大狂「ㄨㄤˋ」」兩處注音都應寫作「妄」：「無妄之災」指意外遭受的災禍，「狂妄」指自高自大，字形相同。B 是「塗鴉」與「如火如荼」，同音但字不同；C 是「無功」與「分工」，ㄍㄨㄥ同音而分別寫「功、工」；D 是「遺珠之憾」與「震撼人心」，ㄏㄢˋ同音但寫「憾、撼」。","[""先把每組注音還原成完整詞語，再比對兩個目標字的字形，而非只比較讀音。"",""A 還原為「無妄之災／自大狂妄」，兩處都是「妄」。"",""B、C、D 分別是塗／荼、功／工、憾／撼，雖各自同音，字形並不相同。""]","注音還原題要同時掌握固定詞語和字形；同音字題特別容易被讀音相同誤導。","[]","","","false","false","https://cap.rcpet.edu.tw/exam/110/110exam.html","https://drive.google.com/file/d/1z5dk4Ar0QaZT_6dPsu2ZVP8_OBwe6LnS/view","","","","","","","","",""
"OFF-0024","國文","官方歷屆真題","110","24","會考總複習","歷屆會考","110年國文第24題","進階","歷屆真題","「讀書若是□□□□，便把活潑的讀書心性束縛了。窮研細究，把通篇文章分 析得支離破碎，結果往往化甘旨為嚼蠟，脫離了意境，『甚解』卻變成撿了 芝麻丟西瓜，因小失大。」根據文意脈絡，空格處填入下列何者最恰當？","茫然不解","一知半解","不求甚解","逐字求解","3","逐字求解","","空格後批評「窮研細究」把全文拆得支離破碎，甚至「甚解」變成因小失大，所批評的是過度逐字分析。因此 D「逐字求解」最合文意。A「茫然不解」、B「一知半解」都指理解不足；C「不求甚解」則是讀書不求深入，方向與後文的過度細究相反。","[""從後文的「窮研細究」「分析得支離破碎」判斷，作者批評的不是不懂，而是分析過度。"",""D「逐字求解」會使讀書心性受束縛，與後文的細節過載和因小失大相連。"",""A、B、C 分別是全然不懂、只懂一部分、不深入求解，都不能解釋後文所描寫的逐字細究。""]","填詞時用後文的同義線索和反義線索定位；「窮研細究」已明確提示空格要表達過度分析。","[]","","","false","false","https://cap.rcpet.edu.tw/exam/110/110exam.html","https://drive.google.com/file/d/1z5dk4Ar0QaZT_6dPsu2ZVP8_OBwe6LnS/view","","","","","","","","",""
"OFF-0025","國文","官方歷屆真題","110","25","會考總複習","歷屆會考","110年國文第25題","進階","歷屆真題","辛棄疾〈西江月〉江行采石岸，戲作漁夫詞 千丈懸崖削翠，一川落日鎔金。白鷗來往本無心。選甚風波一任。 別浦 魚肥堪膾，前村酒美重斟。千年往事已沉沉。閒管興亡則甚。 關於這闋詞的分析，下列敘述何者最恰當？","題目為〈西江月〉，後附小序","上、下片的首二句皆為對仗句","上片先情後景，下片先景後情","結尾寫出以天下為己任的抱負","1","上、下片的首二句皆為對仗句","","B「上、下片的首二句皆為對仗句」正確。題名是詞牌〈西江月〉，其後「江行采石岸，戲作漁夫詞」是交代寫作情境的小序。上片前兩句「千丈懸崖削翠，一川落日鎔金」和下片前兩句「別浦魚肥堪膾，前村酒美重斟」都以對偶寫景。上片是先景後情（白鷗無心、任憑風波），C 說反了；末句「閒管興亡則甚」表達不想理會興亡，與以天下為己任相反，D 錯。","[""先分清題名與題下注記：〈西江月〉是詞牌，「江行采石岸，戲作漁夫詞」交代行旅地點與創作情境。"",""比較兩片首二句：懸崖／落日與別浦魚／前村酒成對鋪陳，句法和意象相對，故 B 正確。"",""上片先寫懸崖、落日再寫白鷗任風波；下片先寫魚酒再轉到千年往事與不問興亡，因此 C、D 不成立。""]","詞作分析先劃分上下片，標出寫景與抒情句；再依實際順序判斷，不要被結尾的「興亡」一詞帶偏。","[]","","","false","false","https://cap.rcpet.edu.tw/exam/110/110exam.html","https://drive.google.com/file/d/1z5dk4Ar0QaZT_6dPsu2ZVP8_OBwe6LnS/view","","","","","","","","",""
"OFF-0026","國文","官方歷屆真題","110","26","會考總複習","歷屆會考","110年國文第26題","進階","歷屆真題","彭玉麟任江南巡按時，有人告訴他武昌知府靠逢迎拍馬才能升官。彭公 聽了大怒，召知府來斥責，武昌知府恭謹地說：「卑職奉承的對象，都是喜 歡被奉承的人，像大人您這樣公正嚴明，卑職再會奉承也沒有用啊！」彭公 聽了得意地笑說：「我就知道你拍不了我的馬屁。」 根據這則故事，關於彭公和武昌知府的敘述何者最不恰當？","彭公自認不喜歡被人奉承","彭公被拍了馬屁還不自知","武昌知府不會對公正之人逢迎","武昌知府逢迎拍馬的能力極佳","2","武昌知府不會對公正之人逢迎","","彭公問知府是否會逢迎，知府先稱彭公公正、不會接受奉承，彭公聽後得意發笑；這番奉承顯然奏效。因此「武昌知府不會對公正之人逢迎」最不恰當，選 C。A 是彭公自認不受奉承，B 指他沒有察覺自己正被奉承，D 則說明知府善於應對，均符合故事的反諷。 正確答案 C：「武昌知府不會對公正之人逢迎」。","[""先看知府說彭公公正、不會被奉承，這是稱讚彭公。"",""彭公聽後得意發笑，表示奉承已使他受用。"",""所以說知府不會逢迎公正之人不符合故事，選 C。""]","留意人物言行與敘述者的反諷，避免只照人物自我評價判斷。","[]","","","false","false","https://cap.rcpet.edu.tw/exam/110/110exam.html","https://drive.google.com/file/d/1z5dk4Ar0QaZT_6dPsu2ZVP8_OBwe6LnS/view","","","","","","","","",""
"OFF-0027","國文","官方歷屆真題","110","27","會考總複習","歷屆會考","110年國文第27題","進階","歷屆真題","王國維評姜白石詞：「古今詞人格調之高，無如白石。惜不於意境上用力， 故覺無言外之味、弦外之響。終不能與於第一流之作者也。」下列何者最符 合這段文字的觀點？","白石非第一流之作者","白石之詞善於經營意境","有弦外之響者必是第一流詞作","詞有言外之意方顯作者格調之高","0","白石非第一流之作者","","王國維肯定姜白石詞的格調，卻指出他沒有在意境上用力，缺少言外之味、弦外之響，因此仍不能列為第一流作者。故選 A「白石非第一流之作者」。B 與「不於意境上用力」相反；C、D 把評論者的條件改成必然標準，原文沒有如此推論。 正確答案 A：「白石非第一流之作者」。","[""找出評論的轉折：「格調之高」之後以「惜」指出缺點。"",""缺少意境及言外、弦外之味，導致「終不能與於第一流」。"",""A 概括評論結論，選 A。""]","評論題要同時保留肯定與轉折後的限制，才能抓到作者結論。","[]","","","false","false","https://cap.rcpet.edu.tw/exam/110/110exam.html","https://drive.google.com/file/d/1z5dk4Ar0QaZT_6dPsu2ZVP8_OBwe6LnS/view","","","","","","","","",""
"OFF-0028","國文","官方歷屆真題","110","28","會考總複習","歷屆會考","110年國文第28題","進階","歷屆真題","「淳于恭，字孟孫，北海人。人有盜刈（ㄧˋ，割取）恭禾者，恭見之，念其愧，因伏草中，至去乃起。」根據這則故事，下列敘述何者最恰當？","當時五穀歉收，盜賊四處搶糧","淳于恭個性溫厚寬容，能體恤他人","北海地區盜賊猖獗，人民不敢與之對抗","淳于恭伏於草中，乃因心中有愧，不欲見人","1","淳于恭個性溫厚寬容，能體恤他人","","淳于恭看見有人割取自己的禾苗，想到對方會感到羞愧，便躲進草中，等對方離開才起身。這顯示他體恤偷禾者、不願使其難堪，最符合 B「個性溫厚寬容，能體恤他人」。文中沒有歉收或盜賊猖獗的資訊；伏草是為避免對方羞愧，不是自己心中有愧。 正確答案 B：「淳于恭個性溫厚寬容，能體恤他人」。","[""辨認「念其愧」的「其」指偷禾的人。"",""他因想到對方可能羞愧而躲起來，等人離開才起身。"",""行為反映寬厚體恤，選 B。""]","文言代詞須依前後文確認指涉，再據人物行動推論品格。","[]","","","false","false","https://cap.rcpet.edu.tw/exam/110/110exam.html","https://drive.google.com/file/d/1z5dk4Ar0QaZT_6dPsu2ZVP8_OBwe6LnS/view","","","","","","","","",""
"OFF-0029","國文","官方歷屆真題","110","29","會考總複習","歷屆會考","110年國文第29題","進階","歷屆真題","「夫山之異於眾者，尚能待人而自見，而況人之異於眾者哉！天於詭奇之地不 多設，人於登臨之樂不常遇。有其地而非其人，有其人而非其地，皆不足以 盡夫遊觀之樂也。今靈巖為名山，諸公為名士，蓋必相須而適相值，夫豈偶 然哉！宜其目領而心解，景會而理得也。」下列敘述何者與這段文字中的觀 點最接近？","若能保持心靈的澄淨，所到之處都會是美景","徜徉於大自然中，可洗滌世俗的汙濁與煩憂","只要有名士登臨，無論怎樣的山水都可成為名勝","要盡遊觀之樂，須有特別的景致與懂得欣賞的人","3","要盡遊觀之樂，須有特別的景致與懂得欣賞的人","","作者說靈巖是名山、同行諸公是名士，兩者「相須而適相值」，並指出只有有景致而沒有懂得欣賞的人，或只有人而沒有合宜景致，都不足以盡遊觀之樂。因此 D「要盡遊觀之樂，須有特別的景致與懂得欣賞的人」最接近。A、B 未涵蓋人與景相互配合；C 說只要名士便可，忽略景致條件。 正確答案 D：「要盡遊觀之樂，須有特別的景致與懂得欣賞的人」。","[""抓住「有其地而非其人，有其人而非其地」兩種不足。"",""作者強調名山與名士相遇，兩者相互配合才完整。"",""D 同時保留景致與欣賞者兩個條件，選 D。""]","閱讀議論文言文時，注意「相須」及成對條件如何共同構成主旨。","[]","","","false","false","https://cap.rcpet.edu.tw/exam/110/110exam.html","https://drive.google.com/file/d/1z5dk4Ar0QaZT_6dPsu2ZVP8_OBwe6LnS/view","","","","","","","","",""
"OFF-0030","國文","官方歷屆真題","110","30","會考總複習","歷屆會考","110年國文第30題","進階","歷屆真題","胡旦晚年病目，閉門閒居。一日，史館共議作一貴侯傳，其人少賤，嘗 屠豕豬。史官以為諱之即非實錄，書之即難為辭。相與見旦，旦曰：「何不曰 『某少嘗操刀以割』，示有宰天下之志。」莫不嘆服。 根據這則故事，下列關於胡旦的敘述何者最恰當？","年少時曾操刀殺豬","史官共議為其立傳","史官因不知如何記實而登門求教","眾人因其有宰割天下之志而嘆服","2","史官因不知如何記實而登門求教","","史官為貴侯立傳，苦於如何記載他年少時曾屠豬；胡旦建議寫成「少嘗操刀以割」，把殺豬巧妙說成有宰天下之志。故事明說史官「相與見旦」，故 C「史官因不知如何記實而登門求教」正確。屠豬的是貴侯，不是胡旦；眾人嘆服的是胡旦措辭巧妙，不是認定貴侯有宰天下的志向。 正確答案 C：「史官因不知如何記實而登門求教」。","[""分清故事中的人物：年少屠豬的是貴侯，提出措辭的是胡旦。"",""史官因記載措辭為難，一同去請教胡旦。"",""所以 C 正確，A 與 D 混淆人物或嘆服原因。""]","史傳題先釐清人物與行動歸屬，再判斷敘述是否把主詞移錯。","[]","","","false","false","https://cap.rcpet.edu.tw/exam/110/110exam.html","https://drive.google.com/file/d/1z5dk4Ar0QaZT_6dPsu2ZVP8_OBwe6LnS/view","","","","","","","","",""
"OFF-0031","國文","官方歷屆真題","110","31","會考總複習","歷屆會考","110年國文第31題","進階","歷屆真題","「有覆於上者如天，載於下者如地，而百姓不之知。有恩信及一物，教化及 一夫，民則歸之。其猶豐年與旱歲也：豐年之民，不知甘雨柔風之力，不知 生育長養之仁，而曰：『我耕作以時，倉廩以實』。旱歲之民，則野枯苗 縮，然後決川以灌之。然則一川之仁豈深於四時也哉？」下列何者最能與這 段文字的意旨相呼應？","對感情的得失順其自然，不執著強求","平日砥礪心志，災禍發生時才能處變不驚","購買生產過剩的農產品，幫助農民度過難關","對外人的一時之助充滿感謝，卻忽略父母深恩","3","對外人的一時之助充滿感謝，卻忽略父母深恩","","文章以豐年和旱年作對照：豐年百姓享有四時甘雨柔風帶來的滋養，卻以為全靠自己耕作；旱年須靠灌溉才察覺幫助。作者借此說明長期、深厚的恩惠容易被忽略。最接近 D「對外人的一時之助充滿感謝，卻忽略父母深恩」。其餘選項與文中對長久恩澤及短暫顯著幫助的對照無關。 正確答案 D：「對外人的一時之助充滿感謝，卻忽略父母深恩」。","[""找出豐年時被忽略的長期滋養，以及旱年時明顯的灌溉之助。"",""比較兩者可見，人容易忽略持續而深厚的恩惠，注意到眼前的援助。"",""D 將此意轉用於父母長恩與外人一時之助，選 D。""]","主旨題要先還原譬喻兩端，再判斷選項如何對應，不要停留在字面農事。","[]","","","false","false","https://cap.rcpet.edu.tw/exam/110/110exam.html","https://drive.google.com/file/d/1z5dk4Ar0QaZT_6dPsu2ZVP8_OBwe6LnS/view","","","","","","","","",""
"OFF-0032","國文","官方歷屆真題","110","32","會考總複習","歷屆會考","110年國文第32題","進階","歷屆真題","「必備匙箸兩副，食前多品。擇取欲食者，以別箸取之，置一器中，食之必 盡。飯前以別匙分而另置，始膳。吳后嘗問其故，曰：『不欲以殘食與宮人食 也。』」這段文字記載宋高宗的用膳習慣，據此可看出他具備什麼樣的特質？","用餐講究排場","飲食注重養生","對妻言聽計從","待下體貼細心","3","待下體貼細心","","宋高宗用兩副匙箸，先挑取自己要吃的食物另置，再開始用膳；他說這樣做是「不欲以殘食與宮人食也」，即不想把自己吃剩的食物給宮人。這表現他體貼下人，選 D「待下體貼細心」。習慣雖與餐具相關，但文意重點不是排場、養生或聽從妻子。 正確答案 D：「待下體貼細心」。","[""找出他準備兩副匙箸及分置食物的做法。"",""引用的原因是避免把殘食給宮人。"",""這反映體恤下人，選 D。""]","人物品格題要以原文交代的行為動機為依據。","[]","","","false","false","https://cap.rcpet.edu.tw/exam/110/110exam.html","https://drive.google.com/file/d/1z5dk4Ar0QaZT_6dPsu2ZVP8_OBwe6LnS/view","","","","","","","","",""
"OFF-0033","國文","官方歷屆真題","110","33","會考總複習","歷屆會考","110年國文第33題","進階","歷屆真題","【閱讀材料】謝昀瑾〈喝茶加不加糖，原來和階級有關〉
喝茶加檸檬是美式作法，英國人則不然。早期開始流行茶葉時，英國人模仿中國人使用瓷具泡茶，但若直接倒入熱茶可能導致瓷杯過熱破裂，故先加入牛奶來降溫。當時的上流社會也因此會比較彼此的瓷器等級，若茶具能接受牛奶後加，表示此家族擁有的茶具等級更高。
中上階級的喝茶習慣，是先用茶壺浸泡茶葉，形成淡茶後再倒入單耳瓷杯裡。通常伯爵茶、烏龍茶是上流社會裡常見的茶品，茶色呈淡褐色，加入牛奶飲用，因為多會搭配甜品，通常不會加糖。而勞動階級的飲茶方式，則是以茶包沖泡於馬克杯中形成濃茶後再加入糖，牛奶則可融合濃茶的苦澀味，既濃又甜的阿薩姆故而成為受歡迎的茶，是需要消耗大量熱量的勞工階級喜愛的口味。
在階級制度逐漸模糊的今天，茶葉如何沖泡或牛奶先加後加，已不大有明顯界線。方便快速的茶包市面上隨處可見，再講究一些的，也能在茶葉專賣店找到喜歡的茶葉。至於是否要加牛奶，英國人會告訴你：「什麼都不加的紅茶，只比白開水好喝一點而已。」
——改寫自謝昀瑾〈喝茶加不加糖，原來和階級有關〉

根據本文，下列何者最可能是以前英國勞動階級的喝茶方式？","瓷器／淡茶／阿薩姆／加糖","瓷器／濃茶／伯爵茶／加糖","馬克杯／淡茶／阿薩姆／不加糖","馬克杯／濃茶／阿薩姆／加糖","3","馬克杯／濃茶／阿薩姆／加糖","","答案選 D。材料指出勞動階級以茶包在馬克杯泡濃茶，加入糖與牛奶，並喜歡濃甜的阿薩姆茶。D 的器具、濃淡、茶種與加糖情況皆相符。","[""從材料找出勞動階級的特徵：馬克杯、濃茶、阿薩姆茶，並加糖。"",""將四個欄位逐一對照，只有 D 同時符合上述條件；加牛奶調和苦味也與材料相符。"",""A、B 使用瓷器且茶種或濃淡不合；C 雖用馬克杯，但茶較淡且不加糖。故選 D。""]","表格題要逐欄核對，不能只找到一個相符條件就選；留意茶具、濃淡、茶種和加糖四項。","[]","","","false","false","https://cap.rcpet.edu.tw/exam/110/110exam.html","https://drive.google.com/file/d/1z5dk4Ar0QaZT_6dPsu2ZVP8_OBwe6LnS/view","","","","","","","","",""
"OFF-0034","國文","官方歷屆真題","110","34","會考總複習","歷屆會考","110年國文第34題","進階","歷屆真題","【閱讀材料】謝昀瑾〈喝茶加不加糖，原來和階級有關〉
喝茶加檸檬是美式作法，英國人則不然。早期開始流行茶葉時，英國人模仿中國人使用瓷具泡茶，但若直接倒入熱茶可能導致瓷杯過熱破裂，故先加入牛奶來降溫。當時的上流社會也因此會比較彼此的瓷器等級，若茶具能接受牛奶後加，表示此家族擁有的茶具等級更高。
中上階級的喝茶習慣，是先用茶壺浸泡茶葉，形成淡茶後再倒入單耳瓷杯裡。通常伯爵茶、烏龍茶是上流社會裡常見的茶品，茶色呈淡褐色，加入牛奶飲用，因為多會搭配甜品，通常不會加糖。而勞動階級的飲茶方式，則是以茶包沖泡於馬克杯中形成濃茶後再加入糖，牛奶則可融合濃茶的苦澀味，既濃又甜的阿薩姆故而成為受歡迎的茶，是需要消耗大量熱量的勞工階級喜愛的口味。
在階級制度逐漸模糊的今天，茶葉如何沖泡或牛奶先加後加，已不大有明顯界線。方便快速的茶包市面上隨處可見，再講究一些的，也能在茶葉專賣店找到喜歡的茶葉。至於是否要加牛奶，英國人會告訴你：「什麼都不加的紅茶，只比白開水好喝一點而已。」
——改寫自謝昀瑾〈喝茶加不加糖，原來和階級有關〉

根據本文，可以推知下列何者？","美國人喝茶習慣不加糖","美國人使用的茶具較為高級","英國人喝紅茶大多會加牛奶","英國的高級茶具不能直接注入熱茶","2","英國人喝紅茶大多會加牛奶","","答案 C「英國人喝紅茶大多會加牛奶」。文中提到早期家庭先加牛奶以免熱茶損壞瓷器，也指出勞動階級會以牛奶調和濃茶苦味；結尾又寫到英國飲茶者覺得純紅茶滋味寡淡，這些線索支持 C。A 把英國習慣移到美國且混淆是否加糖；B 無材料依據；D 把避免瓷杯破裂的飲用方式過度推成高級茶具不能裝熱茶。","[""辨認材料談的是英國不同階層的喝茶方式，而非美國人的習慣。"",""上流家庭曾因瓷器怕熱先加奶；其他階層也加牛奶減苦，形成跨階層的共同線索。"",""這些線索可推知英國紅茶多會加牛奶，選 C。A、B 國別或證據不符；D 把器具使用顧慮說成高級茶具不能盛熱茶。""]","推論題要找材料反覆呈現的共同線索：文中上流階級與勞動階級都曾提到加牛奶；不要把英國人的飲茶習慣推及美國，也不要超出材料斷定茶具限制。","[]","","","false","false","https://cap.rcpet.edu.tw/exam/110/110exam.html","https://drive.google.com/file/d/1z5dk4Ar0QaZT_6dPsu2ZVP8_OBwe6LnS/view","","","","","","","","",""
"OFF-0035","國文","官方歷屆真題","110","35","會考總複習","歷屆會考","110年國文第35題","進階","歷屆真題","【閱讀材料】徐孟芳〈質數〉
「閱讀」是最適合一個人進行的行為，毫無落單的疑慮，它要求靜默，摒除和人交談的需求。我在圖書館，拿起書，坐定在某一處，沉入書中世界。在此，我不再是被他人拋下的，是我選擇背對那些喧嘩。一開始僅僅是裝模作樣，但我漸漸發現，手中捧讀的，往往是其他質數的孤獨。這一冊冊的創作，使我瞭解到，在廣漠人世裡，不只我是落單者，正如37後面有41，101前面有97。身為質數，在數列裡，我們無法緊挨著取暖，總是隔著許多無法理解我們的他人，但那孤獨正是因為身具的奇特性質而來。那麼，我，與其他親愛的質數，難道不正因此是特別的？於是才終於相信，自己不是被除法剩下的那孤絕丁零的餘數，而是個不需他人合成的質數。後來，我體認到這些同為質數者，是以寫作面對自身的孤絕、痛苦，且彷彿因此得到救贖。同時，也正因其出眾的書寫，寫定了自身價值。我驚喜地發現，那不會離開自我的「一」，能與自身緊緊相繫的，原來正是「寫作」。
——徐孟芳〈質數〉

根據本文，下列「」中詞語所指的內容何者最不恰當？","其他「質數」的孤獨：個人","在「數列」裡：眾人","孤絕丁零的「餘數」：作品","不會離開自我的「一」：寫作","2","孤絕丁零的「餘數」：作品","","答案是 C。 作者把自己比作質數，而非被除法剝落的餘數；文章沒有把「餘數」指為作品。作品是讓作者認識其他孤獨者、並與寫作相連的媒介。","[""先回到摘要找「餘數」：作者否定自己是餘數，並把自己比作有獨特價值的質數。"",""因此「餘數」不能配成「作品」；作品使作者讀見其他質數的孤獨，但不是餘數的指涉。"",""A、B、D 分別對應個人、群體中的人與寫作；C 的詞語對應錯誤，選 C。""]","日期題先依規則算展期，再與上限 42 天比較；起訖日是否含首尾不影響超標結論。","[]","","","false","false","https://cap.rcpet.edu.tw/exam/110/110exam.html","https://drive.google.com/file/d/1z5dk4Ar0QaZT_6dPsu2ZVP8_OBwe6LnS/view","","","","","","","","",""
"OFF-0036","國文","官方歷屆真題","110","36","會考總複習","歷屆會考","110年國文第36題","進階","歷屆真題","【閱讀材料】徐孟芳〈質數〉
「閱讀」是最適合一個人進行的行為，毫無落單的疑慮，它要求靜默，摒除和人交談的需求。我在圖書館，拿起書，坐定在某一處，沉入書中世界。在此，我不再是被他人拋下的，是我選擇背對那些喧嘩。一開始僅僅是裝模作樣，但我漸漸發現，手中捧讀的，往往是其他質數的孤獨。這一冊冊的創作，使我瞭解到，在廣漠人世裡，不只我是落單者，正如37後面有41，101前面有97。身為質數，在數列裡，我們無法緊挨著取暖，總是隔著許多無法理解我們的他人，但那孤獨正是因為身具的奇特性質而來。那麼，我，與其他親愛的質數，難道不正因此是特別的？於是才終於相信，自己不是被除法剩下的那孤絕丁零的餘數，而是個不需他人合成的質數。後來，我體認到這些同為質數者，是以寫作面對自身的孤絕、痛苦，且彷彿因此得到救贖。同時，也正因其出眾的書寫，寫定了自身價值。我驚喜地發現，那不會離開自我的「一」，能與自身緊緊相繫的，原來正是「寫作」。
——徐孟芳〈質數〉

根據本文，下列何者最符合作者的觀點？","孤獨是一種救贖","藉由寫作可以肯定自我","閱讀使人感到更加孤獨","不受他人干擾才能專心創作","1","藉由寫作可以肯定自我","","答案是 B。 作者明確把寫作視為與自我緊密相連的事物，並說透過寫作面對孤獨、肯定自身價值；這正是 B 的意思。","[""先找作者談寫作的直接句意：寫作使他面對孤絕，也使他堅定自己的價值。"",""把這個意思換句話說，就是藉由寫作肯定自我，與 B 完全相符。"",""A 把「得到救贖」擴大成孤獨本身就是救贖；C 顛倒閱讀的作用；D 則加入文中沒有的「不受干擾」條件。""]","集合關係可用「小集合包含在大集合」檢查：深度學習 ⊂ 機器學習 ⊂ 人工智慧。","[]","","","false","false","https://cap.rcpet.edu.tw/exam/110/110exam.html","https://drive.google.com/file/d/1z5dk4Ar0QaZT_6dPsu2ZVP8_OBwe6LnS/view","","","","","","","","",""
"OFF-0037","國文","官方歷屆真題","110","37","會考總複習","歷屆會考","110年國文第37題","進階","歷屆真題","【閱讀材料】改寫自海特．麥當納〈F 開頭的字〉
國際上對於糧食安全的認定標準，目前多依據「糧食安全階段綜合分類」（IPC），該指標將糧食安全分為五個等級，其中對於「饑荒（famine）」的定義是：「某個地區至少 20% 的家戶面臨食物極度短缺且無力再撐下去，急性營養不良的人口比例超過 30%，以及死亡率達到每天每一萬人中有兩人以上因營養不良而死亡」，如此才能宣布該地區發生饑荒。「饑荒」這個詞對於形塑輿論有非常大的影響力，必須謹慎使用，唯有達到一定標準、需要動員國際力量救援時，才會使用「饑荒」一詞。如果國際救援團體經常使用這個詞，就可能被視為「放羊的孩子」，失去這個詞彙原有的功能。
然而，這也導致一些不合理的情況。2014 年，一群糧食安全專家前往南蘇丹，評估當地情形是否符合饑荒的標準。這支團隊仔細審查南蘇丹人民的營養不良率，還有莊稼遭到破壞與牲畜數量減少的情形，終於做出結論：當地情況雖然符合 IPC 的第四階段（緊急），卻還沒達到第五階段（饑荒）的標準。因為遲遲無法動員救援力量、籌募善款，南蘇丹情勢便持續惡化，直到 2017 年才得以對外宣布「饑荒」，隨後獲得國際的關注。短短三週內，光是在英國就募得五千萬英鎊的賑災捐款。
這就是詞彙的力量。雖然沒有法律效力，卻具有左右無數人生死存亡的力量。

根據本文，下列關於「饑荒」的敘述，何者最恰當？","按IPC標準，「緊急」的情況比「饑荒」的情況嚴重","在國際社會中，「饑荒」一詞受到重視而且具影響力","「饑荒」這個詞會影響國家的形象，故不能隨意使用","南蘇丹於2017年發布「饑荒」，被視為「放羊的孩子」","1","在國際社會中，「饑荒」一詞受到重視而且具影響力","","正確答案為 B「在國際社會中，「饑荒」一詞受到重視而且具影響力」。答案選 B。文章指出「饑荒」是 IPC 中具嚴格門檻的嚴重狀態，宣告後會引起國際關注並影響援助，因此這個用語具有政治與實際影響力。A 把嚴重程度倒置；C 把謹慎使用過度推成不能使用；D 的比喻與文意不符。","[""先抓住文章說明：饑荒有客觀標準，不是任意貼上的標籤。"",""作者指出宣告饑荒會影響國際關注及援助資源，故此詞具有影響力。"",""B 符合文章推論；A 顛倒等級，C 過度推論，D 誤讀南蘇丹例子。""]","閱讀政策性文章要辨清事實、作者評價及因果，不把「慎用」推論成「禁用」。","[]","","","false","false","https://cap.rcpet.edu.tw/exam/110/110exam.html","https://drive.google.com/file/d/1z5dk4Ar0QaZT_6dPsu2ZVP8_OBwe6LnS/view","","","","","","","","",""
"OFF-0038","國文","官方歷屆真題","110","38","會考總複習","歷屆會考","110年國文第38題","進階","歷屆真題","【閱讀材料】改寫自海特．麥當納〈F 開頭的字〉
國際上對於糧食安全的認定標準，目前多依據「糧食安全階段綜合分類」（IPC），該指標將糧食安全分為五個等級，其中對於「饑荒（famine）」的定義是：「某個地區至少 20% 的家戶面臨食物極度短缺且無力再撐下去，急性營養不良的人口比例超過 30%，以及死亡率達到每天每一萬人中有兩人以上因營養不良而死亡」，如此才能宣布該地區發生饑荒。「饑荒」這個詞對於形塑輿論有非常大的影響力，必須謹慎使用，唯有達到一定標準、需要動員國際力量救援時，才會使用「饑荒」一詞。如果國際救援團體經常使用這個詞，就可能被視為「放羊的孩子」，失去這個詞彙原有的功能。
然而，這也導致一些不合理的情況。2014 年，一群糧食安全專家前往南蘇丹，評估當地情形是否符合饑荒的標準。這支團隊仔細審查南蘇丹人民的營養不良率，還有莊稼遭到破壞與牲畜數量減少的情形，終於做出結論：當地情況雖然符合 IPC 的第四階段（緊急），卻還沒達到第五階段（饑荒）的標準。因為遲遲無法動員救援力量、籌募善款，南蘇丹情勢便持續惡化，直到 2017 年才得以對外宣布「饑荒」，隨後獲得國際的關注。短短三週內，光是在英國就募得五千萬英鎊的賑災捐款。
這就是詞彙的力量。雖然沒有法律效力，卻具有左右無數人生死存亡的力量。

某地共有2萬戶、10萬人口並發生糧食短缺。依上述IPC標準，下列哪一種狀況才同時達到「饑荒」門檻？","5000 戶／35% 急性營養不良／每日 25 人死亡","4500 戶／35% 急性營養不良／每日 15 人死亡","3500 戶／40% 急性營養不良／每日 20 人死亡","3000 戶／40% 急性營養不良／每日 10 人死亡","0","5000 戶／35% 急性營養不良／每日 25 人死亡","","正確答案為 A「5000 戶／35% 急性營養不良／每日 25 人死亡」。答案選 A。家戶數 2 萬的 20% 是 4,000 戶；人口 10 萬時，每萬人每日 2 人相當於每天至少 20 人死亡。A 的 5,000 戶、35% 與每日 25 人三項均達標。","[""先算家戶門檻：20,000 戶 × 20% = 4,000 戶，選項須至少達此數。"",""再看另外兩條：急性營養不良須超過 30%；10 萬人口每日死亡至少 20 人。"",""只有 A 的 5,000 戶／35%／每日 25 人三項同時達標；C 的 3,500 戶未達家戶門檻。""]","多條件判讀題要逐項檢查，必須所有門檻同時符合；注意「超過」與「至少」的差別。","[]","","","false","false","https://cap.rcpet.edu.tw/exam/110/110exam.html","https://drive.google.com/file/d/1z5dk4Ar0QaZT_6dPsu2ZVP8_OBwe6LnS/view","","","","","","","","",""
"OFF-0039","國文","官方歷屆真題","110","39","會考總複習","歷屆會考","110年國文第39題","進階","歷屆真題","【閱讀材料】改寫自楊牧〈戰火在天外燃燒〉
颱風來了。颱風來自遙遠的海面，總是選擇花蓮為登陸地點。在夏天漫長而炎熱的一長串又一長串日子裡，有時我們會感覺天地間突然好像有一點反常的運作，日頭黯淡，到處吹著不緩不急的風。起先就是這樣的，那風也不是夏日海邊習習的涼風，帶著一層鬱燠的氣息，甚至是溫熱的，但又沒有一點溼意。樹葉飄飄自相拍打，螞蟻在牆角匆忙地奔走，隔壁院子裡的公雞奇怪地和帶著小雛的母雞一起擠在雨廊下，很不安地東張西望，電線桿上的麻雀都不知道飛到哪裡去了。若是抬頭看後面的大山，你會發覺那山比平時更清朗更明亮，樹木歷歷可數，蒼翠裡彷彿鍍著一層銀光。
起先是陣陣急雨被強風颳來，擊打鐵皮屋頂和木板牆。坐在榻榻米上，我什麼都看不見，只聽到風雨的聲音一陣比一陣大。那時我可以想像，來了來了，從遙遠的海面正有一團黑黑的氣體向花蓮這個方向滾來，以一定的速度，挾萬頃雨水，撕裂廣大的天幕，正向這個方面滾來，空中的雲煙激越若沸水，海水翻騰搖擺，憤怒地向陸地投射。我坐在昏黃的電燈下專心聽颱風猛烈地拍著，搖著，呼吼著。我傾耳再聽，可以感覺到海岸上狂濤攻擊防波堤的號角和鼙鼓，一陣急似一陣，而天就這樣黑下來了。
是的，颱風從海上來，迅速撲向這低伏在山下的小城。在風球一一升起之後，我們知道風將帶著巨量的雨水□□過小城的上空，把一些大樹連根拔起，把籬笆一一掀倒，把電線桿推翻，甚至把誰家將就的屋頂吹跑，把橋梁和鐵路移動一個位置，讓山石和泥濘□入公路，堵住來往的交通。在我幼小的心靈裡，颱風帶來一個狂暴的奇異的夜，電燈不亮了，小桌上點一根蠟燭，火光在轟然的黑暗裡搖晃，有時突然□出一朵花來。我瞪著那燭光看，聽風雨呼嘯通過，似乎不會有停止的時候，然後眼睛就累了。醒來時發現自己還是安全地躺在蚊帳裡，風雨早已停了，明亮的光線透過窗上那木板的隙縫照在我臉上，很安靜，只有帳外一隻蚊子飛行的嚶嗡，和平常一樣在清晨的微涼中飄忽來去。颱風已經遠遠走了。

根據本文最後一段的文意脈絡，空格處依序應填入下列何者最恰當？","狂奔／傾／爆","散步／堆／綻","輕掠／鋪／澆","灌溉／搖／開","0","狂奔／傾／爆","","答案為 A「狂奔／傾／爆」：狂風挾大量雨水「狂奔過」小城上空，山石泥濘「傾入」道路，黑暗中的燭光則突然「爆出」一朵花。三個詞都和上下文的強風、土石及搖曳燭光相合。B、C、D 的「散步、輕掠、灌溉」等語意無法配合風暴語境。","[""先看三個空格各自搭配的詞：雨水要能「過」小城上空，山石泥濘要能進入道路，火光要能「出」一朵花。"",""再依全文強風豪雨的情境，判斷「狂奔、傾入、爆出」最能分別搭配三處。"",""A 的「狂奔／傾／爆」與暴風情境相符；B、C、D 的詞語至少一處過於平緩或語意不合。""]","詞語填空需將三個空格放回同一語境整體閱讀，注意動詞力度與前後搭配。","[]","","","false","false","https://cap.rcpet.edu.tw/exam/110/110exam.html","https://drive.google.com/file/d/1z5dk4Ar0QaZT_6dPsu2ZVP8_OBwe6LnS/view","","","","","","","","",""
"OFF-0040","國文","官方歷屆真題","110","40","會考總複習","歷屆會考","110年國文第40題","進階","歷屆真題","【閱讀材料】改寫自楊牧〈戰火在天外燃燒〉
颱風來了。颱風來自遙遠的海面，總是選擇花蓮為登陸地點。在夏天漫長而炎熱的一長串又一長串日子裡，有時我們會感覺天地間突然好像有一點反常的運作，日頭黯淡，到處吹著不緩不急的風。起先就是這樣的，那風也不是夏日海邊習習的涼風，帶著一層鬱燠的氣息，甚至是溫熱的，但又沒有一點溼意。樹葉飄飄自相拍打，螞蟻在牆角匆忙地奔走，隔壁院子裡的公雞奇怪地和帶著小雛的母雞一起擠在雨廊下，很不安地東張西望，電線桿上的麻雀都不知道飛到哪裡去了。若是抬頭看後面的大山，你會發覺那山比平時更清朗更明亮，樹木歷歷可數，蒼翠裡彷彿鍍著一層銀光。
起先是陣陣急雨被強風颳來，擊打鐵皮屋頂和木板牆。坐在榻榻米上，我什麼都看不見，只聽到風雨的聲音一陣比一陣大。那時我可以想像，來了來了，從遙遠的海面正有一團黑黑的氣體向花蓮這個方向滾來，以一定的速度，挾萬頃雨水，撕裂廣大的天幕，正向這個方面滾來，空中的雲煙激越若沸水，海水翻騰搖擺，憤怒地向陸地投射。我坐在昏黃的電燈下專心聽颱風猛烈地拍著，搖著，呼吼著。我傾耳再聽，可以感覺到海岸上狂濤攻擊防波堤的號角和鼙鼓，一陣急似一陣，而天就這樣黑下來了。
是的，颱風從海上來，迅速撲向這低伏在山下的小城。在風球一一升起之後，我們知道風將帶著巨量的雨水□□過小城的上空，把一些大樹連根拔起，把籬笆一一掀倒，把電線桿推翻，甚至把誰家將就的屋頂吹跑，把橋梁和鐵路移動一個位置，讓山石和泥濘□入公路，堵住來往的交通。在我幼小的心靈裡，颱風帶來一個狂暴的奇異的夜，電燈不亮了，小桌上點一根蠟燭，火光在轟然的黑暗裡搖晃，有時突然□出一朵花來。我瞪著那燭光看，聽風雨呼嘯通過，似乎不會有停止的時候，然後眼睛就累了。醒來時發現自己還是安全地躺在蚊帳裡，風雨早已停了，明亮的光線透過窗上那木板的隙縫照在我臉上，很安靜，只有帳外一隻蚊子飛行的嚶嗡，和平常一樣在清晨的微涼中飄忽來去。颱風已經遠遠走了。

根據本文，下列敘述何者最恰當？","颱風來臨前，山川草木變得模糊不清","颱風之夜雷電交加，讓動物驚慌亂竄","藉由聽到的聲音可以想像颱風的威力","岸邊的風球升起就表示颱風已經遠離","2","藉由聽到的聲音可以想像颱風的威力","","正確答案為 C「藉由聽到的聲音可以想像颱風的威力」。答案選 C。作者在屋內看不見外面，只能聽見風雨聲愈來愈大，並想像颱風挾雨而來，故可由聲音感受威力。A 相反：原文說山更清朗明亮、樹木歷歷可數；B 文中雖寫颱風前動物反應，卻未寫颱風夜雷電交加；D 把風球升起的意義說反，風球升起代表颱風將來。","[""找作者坐在屋內的描寫：他看不見外面，只聽到風雨聲一陣比一陣大。"",""由聲音變化，作者想像颱風挾雨靠近，支持 C「藉由聽到的聲音可以想像颱風的威力」。"",""A 與山景變清楚相反；B 將颱風前動物反應移到颱風夜，且添加雷電；D 把風球訊號說反。""]","文意題要核對景物出現的時間；不可把颱風前的動物反應移到颱風夜。","[]","","","false","false","https://cap.rcpet.edu.tw/exam/110/110exam.html","https://drive.google.com/file/d/1z5dk4Ar0QaZT_6dPsu2ZVP8_OBwe6LnS/view","","","","","","","","",""
"OFF-0041","國文","官方歷屆真題","110","41","會考總複習","歷屆會考","110年國文第41題","進階","歷屆真題","【閱讀材料】改寫自楊牧〈戰火在天外燃燒〉
颱風來了。颱風來自遙遠的海面，總是選擇花蓮為登陸地點。在夏天漫長而炎熱的一長串又一長串日子裡，有時我們會感覺天地間突然好像有一點反常的運作，日頭黯淡，到處吹著不緩不急的風。起先就是這樣的，那風也不是夏日海邊習習的涼風，帶著一層鬱燠的氣息，甚至是溫熱的，但又沒有一點溼意。樹葉飄飄自相拍打，螞蟻在牆角匆忙地奔走，隔壁院子裡的公雞奇怪地和帶著小雛的母雞一起擠在雨廊下，很不安地東張西望，電線桿上的麻雀都不知道飛到哪裡去了。若是抬頭看後面的大山，你會發覺那山比平時更清朗更明亮，樹木歷歷可數，蒼翠裡彷彿鍍著一層銀光。
起先是陣陣急雨被強風颳來，擊打鐵皮屋頂和木板牆。坐在榻榻米上，我什麼都看不見，只聽到風雨的聲音一陣比一陣大。那時我可以想像，來了來了，從遙遠的海面正有一團黑黑的氣體向花蓮這個方向滾來，以一定的速度，挾萬頃雨水，撕裂廣大的天幕，正向這個方面滾來，空中的雲煙激越若沸水，海水翻騰搖擺，憤怒地向陸地投射。我坐在昏黃的電燈下專心聽颱風猛烈地拍著，搖著，呼吼著。我傾耳再聽，可以感覺到海岸上狂濤攻擊防波堤的號角和鼙鼓，一陣急似一陣，而天就這樣黑下來了。
是的，颱風從海上來，迅速撲向這低伏在山下的小城。在風球一一升起之後，我們知道風將帶著巨量的雨水□□過小城的上空，把一些大樹連根拔起，把籬笆一一掀倒，把電線桿推翻，甚至把誰家將就的屋頂吹跑，把橋梁和鐵路移動一個位置，讓山石和泥濘□入公路，堵住來往的交通。在我幼小的心靈裡，颱風帶來一個狂暴的奇異的夜，電燈不亮了，小桌上點一根蠟燭，火光在轟然的黑暗裡搖晃，有時突然□出一朵花來。我瞪著那燭光看，聽風雨呼嘯通過，似乎不會有停止的時候，然後眼睛就累了。醒來時發現自己還是安全地躺在蚊帳裡，風雨早已停了，明亮的光線透過窗上那木板的隙縫照在我臉上，很安靜，只有帳外一隻蚊子飛行的嚶嗡，和平常一樣在清晨的微涼中飄忽來去。颱風已經遠遠走了。

關於本文的寫作手法，下列敘述何者最恰當？","用颱風的狂暴象徵作者內心的憤怒","以細筆表現颱風將至到離去的種種景象","模仿孩童的語氣來描寫心中對颱風的恐懼","藉由誇飾的筆法描述颱風肆虐後造成的災害","1","以細筆表現颱風將至到離去的種種景象","","答案為 B。文章從颱風將至時的天色、風與動物反應，寫到風雨增強、夜間停電、作者醒來時風雨已停，依時間細寫颱風來去的景象。文中沒有說颱風象徵作者的憤怒，也不是只描寫災後慘狀。","[""整理篇章順序：颱風逼近、天候與動物反應、風雨增強、夜間停電、清晨颱風離去。"",""作者逐段描寫不同時刻的景物和感官變化，屬細筆呈現完整過程。"",""因此 B 最周延；A、C 強加心理象徵，D 把全文縮限為災後誇飾。""]","寫作手法題需看全篇材料與鋪陳順序，不以單一描寫推論作者未提及的心理。","[]","","","false","false","https://cap.rcpet.edu.tw/exam/110/110exam.html","https://drive.google.com/file/d/1z5dk4Ar0QaZT_6dPsu2ZVP8_OBwe6LnS/view","","","","","","","","",""
"OFF-0042","國文","官方歷屆真題","110","42","會考總複習","歷屆會考","110年國文第42題","進階","歷屆真題","【閱讀材料】改寫自金庸《射鵰英雄傳》
洪七公竹棒一擺，就要上前動手。黃藥師搖頭道：「你適才跟老毒物打了這麼久，雖然說不上筋疲力盡，卻也是大累了一場，黃某豈能撿這個便宜？咱們還是等到正午再比，你好好養力罷。」洪七公雖知他說得有理，但不耐煩再等，堅要立時比武。黃藥師坐在石上，不去睬他。
黃蓉見兩人爭執難決，說道：「爹爹，師父，我倒有個法兒在此。你倆既可立時比武，爹爹又不占便宜。」兩人齊道：「好啊，什麼法兒？」黃蓉道：「你們兩位是多年好友，不論誰勝誰敗，總是傷了和氣。可是今日華山論劍，卻又勢須分出勝敗，比出誰為天下第一，是不是？」
洪、黃二人本就想到此事，這時聽她言語，似乎倒有一個妙法竟可三全其美，既能立時動手，又可不讓黃藥師占便宜，而且還能使兩家不傷和氣，齊問：「你有什麼好主意？」黃蓉道：「是這樣：爹爹先跟郭靖過招，瞧在第幾招上打敗了他，然後師父再與郭靖過招。若是爹爹用九十九招取勝，而師父用了一百招，那就是爹爹勝了。倘若師父只用九十八招，那就是師父勝了。」洪七公笑道：「妙極，妙極！」黃蓉道：「郭靖先和爹爹比，兩人都是精力充沛，待與師父再比，兩人都是打過了一場，豈不是公平得緊麼？」黃藥師點點頭道：「這法兒不錯。」
——改寫自金庸《射鵰英雄傳》

根據本文，黃蓉提議的優點不包含下列何者？","減少比賽的場次","顧及比賽的公平性","毋須等待，可立刻開戰","不必直接對戰，不傷和氣","0","減少比賽的場次","","正確答案為 A「減少比賽的場次」。答案選 A。黃蓉的方案讓黃藥師和洪七公分別與郭靖比試，從兩位好友直接對決一場改成兩場，並非減少場次。方案的優點是可立刻比、公平比較招數，也避免好友直接交手傷和氣。","[""黃蓉安排黃藥師和洪七公先後各與郭靖比一場，形成兩場比試；因此「減少場次」與文中安排相反。"",""依各自打敗郭靖所用招數比較勝負，並讓兩人先後上場，兼顧公平。"",""方案能立刻比武且避免好友直接交手；「減少比賽場次」不是優點，故選 A。""]","問「不包含」要逐項驗證；尤其要比較提案前後的比賽場次，不能只看文字上提到幾個人。","[]","","","false","false","https://cap.rcpet.edu.tw/exam/110/110exam.html","https://drive.google.com/file/d/1z5dk4Ar0QaZT_6dPsu2ZVP8_OBwe6LnS/view","","","","","","","","",""
"OFF-0043","國文","官方歷屆真題","110","43","會考總複習","歷屆會考","110年國文第43題","進階","歷屆真題","【閱讀材料】改寫自金庸《射鵰英雄傳》
洪七公竹棒一擺，就要上前動手。黃藥師搖頭道：「你適才跟老毒物打了這麼久，雖然說不上筋疲力盡，卻也是大累了一場，黃某豈能撿這個便宜？咱們還是等到正午再比，你好好養力罷。」洪七公雖知他說得有理，但不耐煩再等，堅要立時比武。黃藥師坐在石上，不去睬他。
黃蓉見兩人爭執難決，說道：「爹爹，師父，我倒有個法兒在此。你倆既可立時比武，爹爹又不占便宜。」兩人齊道：「好啊，什麼法兒？」黃蓉道：「你們兩位是多年好友，不論誰勝誰敗，總是傷了和氣。可是今日華山論劍，卻又勢須分出勝敗，比出誰為天下第一，是不是？」
洪、黃二人本就想到此事，這時聽她言語，似乎倒有一個妙法竟可三全其美，既能立時動手，又可不讓黃藥師占便宜，而且還能使兩家不傷和氣，齊問：「你有什麼好主意？」黃蓉道：「是這樣：爹爹先跟郭靖過招，瞧在第幾招上打敗了他，然後師父再與郭靖過招。若是爹爹用九十九招取勝，而師父用了一百招，那就是爹爹勝了。倘若師父只用九十八招，那就是師父勝了。」洪七公笑道：「妙極，妙極！」黃蓉道：「郭靖先和爹爹比，兩人都是精力充沛，待與師父再比，兩人都是打過了一場，豈不是公平得緊麼？」黃藥師點點頭道：「這法兒不錯。」
——改寫自金庸《射鵰英雄傳》

根據黃蓉所提的賽制，假設比武結果最後是黃藥師天下第一，下列哪件事一定會發生？","郭靖打贏洪七公","黃藥師打贏郭靖","洪七公打贏黃藥師","黃藥師打贏洪七公","1","黃藥師打贏郭靖","","正確答案為 B「黃藥師打贏郭靖」。答案選 B。黃蓉安排黃藥師先與郭靖比，洪七公再與郭靖比，依兩人各自打敗郭靖所用招數判定誰勝。若黃藥師最後天下第一，他必須先打贏郭靖。","[""先把賽制配對寫清楚：黃藥師對郭靖，洪七公也對郭靖。"",""判勝依據是誰用較少招數打敗郭靖，而不是黃藥師與洪七公直接交手。"",""因此黃藥師要成為天下第一，必須在第一場打贏郭靖，選 B。""]","賽制推理先列出明確配對，再判斷假設成立所必需發生的結果。","[]","","","false","false","https://cap.rcpet.edu.tw/exam/110/110exam.html","https://drive.google.com/file/d/1z5dk4Ar0QaZT_6dPsu2ZVP8_OBwe6LnS/view","","","","","","","","",""
"OFF-0044","國文","官方歷屆真題","110","44","會考總複習","歷屆會考","110年國文第44題","進階","歷屆真題","【閱讀材料】改寫自歐陽脩〈大明水記〉
陸羽《茶經》論水云：「山水上，石泉又上，江水次而井水下。」又說：「江水取去人遠者，井取汲多者。」其說止於此，未嘗品第天下之水味。張又新《煎茶水記》云劉伯芻謂水有七等，以揚子江為第一，惠山石泉為第二，虎丘井第三，淮水居末。又載羽為李季卿論水次第有二十種，江水居山水上，井水居江水上。二說皆與《茶經》不合。
水味有美惡而已，欲求天下之水一一而次第之者，謬說也。羽之論水，惡渟浸而喜泉源，故井取多汲者。江雖長，然眾水雜聚，故次山水。惟此說近物理云。詞語提示：「渟浸」指水停止不動。

根據本文，下列敘述何者最恰當？","張又新將天下的水按水質分成二十種","歐陽脩按水源的遠近和高低評定水質","在《煎茶水記》中，張又新反駁劉伯芻看法","依《茶經》論水的標準，揚子江優於虎丘井","3","依《茶經》論水的標準，揚子江優於虎丘井","","正確答案為 D「依《茶經》論水的標準，揚子江優於虎丘井」。答案選 D。陸羽《茶經》把江水列在山水之後、井水之前；揚子江是江水，虎丘井是井水，因此依《茶經》排序揚子江優於虎丘井。A 把陸羽向李季卿所談二十種水品誤歸張又新；B 誤稱歐陽脩以水源遠近高低評水；C 把張又新記錄劉伯芻說法說成反駁。","[""分清三份說法：陸羽《茶經》排山水、江水、井水；張又新書中轉述劉伯芻的七等水品；另記陸羽談二十種水。"",""依《茶經》，揚子江屬江水、虎丘井屬井水，江水高於井水。"",""故 D 正確；A 誤置二十種水的主張者，B 誤述歐陽脩的評水理由，C 把記錄說成反駁。""]","比較多篇文獻要逐一核對主張者、著作與排序，不能把不同作者的觀點混為一談。","[]","","","false","false","https://cap.rcpet.edu.tw/exam/110/110exam.html","https://drive.google.com/file/d/1z5dk4Ar0QaZT_6dPsu2ZVP8_OBwe6LnS/view","","","","","","","","",""
"OFF-0045","國文","官方歷屆真題","110","45","會考總複習","歷屆會考","110年國文第45題","進階","歷屆真題","【閱讀材料】改寫自歐陽脩〈大明水記〉
陸羽《茶經》論水云：「山水上，石泉又上，江水次而井水下。」又說：「江水取去人遠者，井取汲多者。」其說止於此，未嘗品第天下之水味。張又新《煎茶水記》云劉伯芻謂水有七等，以揚子江為第一，惠山石泉為第二，虎丘井第三，淮水居末。又載羽為李季卿論水次第有二十種，江水居山水上，井水居江水上。二說皆與《茶經》不合。
水味有美惡而已，欲求天下之水一一而次第之者，謬說也。羽之論水，惡渟浸而喜泉源，故井取多汲者。江雖長，然眾水雜聚，故次山水。惟此說近物理云。詞語提示：「渟浸」指水停止不動。

關於本文的寫作手法，下列敘述何者最恰當？","首段提出各家之說，末段表明作者的觀點","首段評比水質高下，末段以各家之說佐證","首段引述《茶經》的說法，末段舉各家之說駁斥","首段分論不同水源的特性，末段以取水標準總結","0","首段提出各家之說，末段表明作者的觀點","","正確答案為 A「首段提出各家之說，末段表明作者的觀點」。答案選 A。文章開頭先列舉陸羽及其他人對水源、品第的不同說法，後文再轉入作者的觀察和看法。A 概括首尾安排；B、C、D 都把文章各段的功能或論證方向說錯。","[""看首段：作者先引《茶經》及其他人的評水說法，呈現多種觀點。"",""再看後段：文章轉述作者的觀察與判斷，不是只以水質評比作結。"",""A 同時掌握首段列說與末段表態；B、C、D 均誤置段落內容或作用。""]","分析文章結構時，分別概括首段和末段的功能，再比對選項是否都符合。","[]","","","false","false","https://cap.rcpet.edu.tw/exam/110/110exam.html","https://drive.google.com/file/d/1z5dk4Ar0QaZT_6dPsu2ZVP8_OBwe6LnS/view","","","","","","","","",""
"OFF-0046","國文","官方歷屆真題","110","46","會考總複習","歷屆會考","110年國文第46題","進階","歷屆真題","【甲】
柳開少好任氣，大言凌物。應舉時，以文章投於主考簾前，凡千軸，載以獨輪車。引試日，自擁車入，欲以此駭眾取名。其時張景能文有名，唯袖一書簾前獻之。主考大稱賞，擢景優等。時人為之語曰：「柳開千軸，不如張景一書。」
——改寫自沈括《夢溪筆談》

【乙】
張景，字晦之，江陵公安人。幼能長言，嗜學尤力。貧不治產，往從柳開。開以文自名，而薦寵士類，一見歡甚，悉出家書予之，由是屬辭益有法度。開每曰：「今朝中之士，誰踰晦之者！」即厚餽，使如京師。後中進士。
——改寫自宋祁〈故大理評事張公墓誌銘〉

【丙】相關人物簡表（生卒年／中舉年份）
柳開：948–1001／973；張景：970–1018／1000；宋祁：998–1061／1024；沈括：1031–1095／1063。

詞語提示：1. 凌物：傲視他人。2. 引試：面試。3. 張公：指張景。4. 墓誌銘：記錄死者生平事蹟的石刻文字。

【乙】
張景，字晦之，江陵公安人。幼能長，嗜學尤力。貧不治產，往從柳開。開以文自名，而篤愛士類，一見歡甚，悉出家書予之，由是屬辭益有法度。開每曰：「今朝中之士，誰踰晦之者！」即厚餉，使如京師。後中進士。
——改寫自宋祁〈故大理評事張公墓誌銘〉

【丙】相關人物簡表（生卒年／中舉年份）
柳開：948–1001／973；張景：970–1018／1000；宋祁：998–1061／1024；沈括：1031–1095／1063。

詞語提示：「駭眾取名」的「名」指聲名；「嗜學尤力」的「尤」指特別、更加；「悉出家書予之」的「悉」指全數；「使如京師」的「如」指前往。

下列文句「」中字的意義說明，何者最恰當？","駭眾取「名」――姓名","嗜學「尤」力――尚且","「悉」出家書予之――明白","使「如」京師――前往","3","使「如」京師――前往","","正確答案為 D「使「如」京師――前往」。答案選 D。「如京師」的「如」是「前往」；A 的「名」指名聲，B 的「尤」指特別、更加，C 的「悉」指全部，都與選項解釋不合。","[""先依句意判斷：「使如京師」是派他到京城，故「如」解作前往。"",""再核對其他字義：「駭眾取名」的名是名聲；「嗜學尤力」的尤是更加；「悉出家書」的悉是全部。"",""只有 D 的「如—前往」配對正確。""]","文言字義要放回句子判斷，尤其注意一字多義及副詞、動詞用法。","[]","","","false","false","https://cap.rcpet.edu.tw/exam/110/110exam.html","https://drive.google.com/file/d/1z5dk4Ar0QaZT_6dPsu2ZVP8_OBwe6LnS/view","","","","","","","","",""
"OFF-0047","國文","官方歷屆真題","110","47","會考總複習","歷屆會考","110年國文第47題","進階","歷屆真題","【甲】
柳開少好任氣，大言凌物。應舉時，以文章投於主考簾前，凡千軸，載以獨輪車。引試日，自擁車入，欲以此駭眾取名。其時張景能文有名，唯袖一書簾前獻之。主考大稱賞，擢景優等。時人為之語曰：「柳開千軸，不如張景一書。」
——改寫自沈括《夢溪筆談》

【乙】
張景，字晦之，江陵公安人。幼能長言，嗜學尤力。貧不治產，往從柳開。開以文自名，而薦寵士類，一見歡甚，悉出家書予之，由是屬辭益有法度。開每曰：「今朝中之士，誰踰晦之者！」即厚餽，使如京師。後中進士。
——改寫自宋祁〈故大理評事張公墓誌銘〉

【丙】相關人物簡表（生卒年／中舉年份）
柳開：948–1001／973；張景：970–1018／1000；宋祁：998–1061／1024；沈括：1031–1095／1063。

詞語提示：1. 凌物：傲視他人。2. 引試：面試。3. 張公：指張景。4. 墓誌銘：記錄死者生平事蹟的石刻文字。

【乙】
張景，字晦之，江陵公安人。幼能長，嗜學尤力。貧不治產，往從柳開。開以文自名，而篤愛士類，一見歡甚，悉出家書予之，由是屬辭益有法度。開每曰：「今朝中之士，誰踰晦之者！」即厚餉，使如京師。後中進士。
——改寫自宋祁〈故大理評事張公墓誌銘〉

【丙】相關人物簡表（生卒年／中舉年份）
柳開：948–1001／973；張景：970–1018／1000；宋祁：998–1061／1024；沈括：1031–1095／1063。

詞語提示：「駭眾取名」的「名」指聲名；「嗜學尤力」的「尤」指特別、更加；「悉出家書予之」的「悉」指全數；「使如京師」的「如」指前往。

關於甲、乙兩文的內容，下列說明何者最不恰當？","甲文比較柳開、張景才華的高下","乙文敘述張景投靠柳開後的際遇","兩文皆凸顯柳開自大的形象","兩文皆肯定張景不凡的文才","2","兩文皆凸顯柳開自大的形象","","正確答案為 C「兩文皆凸顯柳開自大的形象」。答案選 C。乙文寫柳開賞識並資助張景，並未凸顯柳開自大；甲文則記柳開以文章求名、被張景一篇文章比下。故「兩文皆凸顯柳開自大」不恰當。","[""先分辨甲、乙：甲文以「柳開千軸，不如張景一書」比較兩人的文章聲名。"",""乙文重點是柳開賞識張景、給他書籍並資助赴京，呈現提攜後進。"",""因此兩文並未都凸顯柳開自大，C 不恰當；其餘選項可由兩段記事支持。""]","比較題要逐篇找證據，不能把甲文人物形象直接套到乙文。","[]","","","false","false","https://cap.rcpet.edu.tw/exam/110/110exam.html","https://drive.google.com/file/d/1z5dk4Ar0QaZT_6dPsu2ZVP8_OBwe6LnS/view","","","","","","","","",""
"OFF-0048","國文","官方歷屆真題","110","48","會考總複習","歷屆會考","110年國文第48題","進階","歷屆真題","【甲】
柳開少好任氣，大言凌物。應舉時，以文章投於主考簾前，凡千軸，載以獨輪車。引試日，自擁車入，欲以此駭眾取名。其時張景能文有名，唯袖一書簾前獻之。主考大稱賞，擢景優等。時人為之語曰：「柳開千軸，不如張景一書。」
——改寫自沈括《夢溪筆談》

【乙】
張景，字晦之，江陵公安人。幼能長言，嗜學尤力。貧不治產，往從柳開。開以文自名，而薦寵士類，一見歡甚，悉出家書予之，由是屬辭益有法度。開每曰：「今朝中之士，誰踰晦之者！」即厚餽，使如京師。後中進士。
——改寫自宋祁〈故大理評事張公墓誌銘〉

【丙】相關人物簡表（生卒年／中舉年份）
柳開：948–1001／973；張景：970–1018／1000；宋祁：998–1061／1024；沈括：1031–1095／1063。

詞語提示：1. 凌物：傲視他人。2. 引試：面試。3. 張公：指張景。4. 墓誌銘：記錄死者生平事蹟的石刻文字。

【乙】
張景，字晦之，江陵公安人。幼能長，嗜學尤力。貧不治產，往從柳開。開以文自名，而篤愛士類，一見歡甚，悉出家書予之，由是屬辭益有法度。開每曰：「今朝中之士，誰踰晦之者！」即厚餉，使如京師。後中進士。
——改寫自宋祁〈故大理評事張公墓誌銘〉

【丙】相關人物簡表（生卒年／中舉年份）
柳開：948–1001／973；張景：970–1018／1000；宋祁：998–1061／1024；沈括：1031–1095／1063。

詞語提示：「駭眾取名」的「名」指聲名；「嗜學尤力」的「尤」指特別、更加；「悉出家書予之」的「悉」指全數；「使如京師」的「如」指前往。

根據年表對照甲、乙兩文，下列推論何者最合理？","柳開中舉前已受張景愛戴","宋祁跟柳開兩人頗有交情","甲文的寫作時間早於乙文","乙文所述內容較甲文可信","3","乙文所述內容較甲文可信","","正確答案為 D「乙文所述內容較甲文可信」。答案選 D。甲文為沈括《夢溪筆談》記載，乙文為宋祁所撰張景墓誌銘。年表顯示張景生於 970 年、卒於 1018 年；宋祁生於 998 年，與張景生活年代重疊，沈括生於 1031 年、晚於張景去世。乙文作者與人物年代較近，且為張景墓誌，故相對較可信。","[""先辨作者：甲出自沈括《夢溪筆談》，乙出自宋祁所撰張景墓誌銘。"",""對照年表：張景 970–1018，宋祁 998–1061，兩人年代重疊；沈括 1031–1095，出生晚於張景去世。"",""乙文的作者年代較接近張景，且文類為墓誌銘，故依表格與文體判斷，D「乙文所述內容較甲文可信」最合理。""]","史料可信度可考量作者與事件的時間距離及文類，但時間接近本身仍不是絕對證明。","[]","","","false","false","https://cap.rcpet.edu.tw/exam/110/110exam.html","https://drive.google.com/file/d/1z5dk4Ar0QaZT_6dPsu2ZVP8_OBwe6LnS/view","","","","","","","","",""
"OFF-0233","國文","官方歷屆真題","111","1","會考總複習","歷屆會考","111年國文第1題","進階","歷屆真題","【圖示文字】閱讀 → 重新組織知識 → 用自己的方式說明 → 變成貨真價實的知識。

這張圖最可能在傳達下列何種訊息？","透過大量傳播，知識就會變成真理","與其獨自苦讀，不如多與他人交流","反覆誦讀，有助於將資訊內化為大腦深層的記憶","能統整所學並轉述給別人，才算是真正掌握知識","3","能統整所學並轉述給別人，才算是真正掌握知識","","正確答案為 D「能統整所學並轉述給別人，才算是真正掌握知識」。圖示呈現的不只是閱讀，而是把內容重新組織後，用自己的話說明，才形成真正掌握的知識。原題圖像另外畫出書本、流程箭頭及說明者，題目文字已完整轉錄圖中文字，作答不需觀看整頁試卷。","[""依序讀圖：閱讀之後，還要重新組織知識。"",""圖中人物再用自己的方式說出來，最後才成為貨真價實的知識。"",""因此選 D；A 把傳播量當成真理，B、C 都沒有涵蓋圖示的整理與轉述流程。""]","流程圖題要追蹤每個箭頭的先後關係，不要只抓第一個步驟。","[]","[]","","false","false","https://cap.rcpet.edu.tw/exam/111/111exam.html","https://drive.google.com/file/d/174XqqVxF7_kIR7aqRaHpDe9m8-YJBFzY/view","","","","","","","","",""
"OFF-0234","國文","官方歷屆真題","111","2","會考總複習","歷屆會考","111年國文第2題","進階","歷屆真題","【選項人物說法】
黃醫師的眼科診所開業，親友登門慶賀。君翰送上寫著「杏林之光」的匾額；思涵建議改為「近悅遠來」；偉同認為「眾望所歸」更恰當；嘉恩則推薦「桃李芬芳」。誰的做法或說法最恰當？","君翰","思涵","偉同","嘉恩","0","君翰","","正確答案為 A「君翰」。「杏林」是醫界的代稱，用「杏林之光」祝賀醫師開業切合對象。","[""先看祝賀對象是眼科醫師，題目考成語和職業的搭配。"",""「杏林」代指醫界，因此「杏林之光」可用來稱揚醫者。"",""選 A。近悅遠來指德行或政績吸引近遠之人；眾望所歸指眾人共同擁戴；桃李芬芳多用來稱讚教師培育的學生，均不如杏林切題。""]","成語題先確認典故的對象與使用情境，再判斷語意是否合適。","[]","[]","","false","false","https://cap.rcpet.edu.tw/exam/111/111exam.html","https://drive.google.com/file/d/174XqqVxF7_kIR7aqRaHpDe9m8-YJBFzY/view","","","","","","","","",""
"OFF-0235","國文","官方歷屆真題","111","3","會考總複習","歷屆會考","111年國文第3題","進階","歷屆真題","【閱讀材料】
臺灣原住民的布只有形制屬傳統或較現代的分別，像圓領的剪裁、鈕扣和棉布的使用等，都是受漢人的影響而來。泰雅族的貝珠鈴衣，是貝珠串底下加銅鈴裝飾，銅鈴也是和漢人交易而來。日治時代的原住民服裝，還出現以漢人棉布做底、日本布做袖口、原住民圖案做主要裝飾的混搭法。

這段文字的主旨最可能是下列何者？","不同文化的碰撞，可融合並產生新的火花","外來文化的入侵，讓在地的傳統文化日漸消失","臺灣原住民的文化，影響了漢人與日本人的穿著","觀察不同族群的服飾，就能了解不同文化的差異","0","不同文化的碰撞，可融合並產生新的火花","","正確答案為 A「不同文化的碰撞，可融合並產生新的火花」。文中列出原住民服飾吸收漢人剪裁、布料與銅鈴，也在日治時期融合日本布料與原住民圖紋。","[""圈出材料中的文化來源：原住民、漢人及日本。"",""例子呈現的是服飾元素彼此借用並組合，而非單向消失或單方影響。"",""選 A。B 誇大為傳統消失，C 顛倒影響方向，D 說的是觀察方法而非本文主旨。""]","主旨題要統整各例子的共同方向；避免把單一例子擴大成材料未說的結論。","[]","[]","","false","false","https://cap.rcpet.edu.tw/exam/111/111exam.html","https://drive.google.com/file/d/174XqqVxF7_kIR7aqRaHpDe9m8-YJBFzY/view","","","","","","","","",""
"OFF-0236","國文","官方歷屆真題","111","4","會考總複習","歷屆會考","111年國文第4題","進階","歷屆真題","下表中的四個「獸」字由左至右排列，依序最可能為何種字體？","金文 → 楷書 → 小篆 → 隸書","金文 → 小篆 → 隸書 → 楷書","小篆 → 隸書 → 金文 → 楷書","小篆 → 金文 → 楷書 → 隸書","1","金文 → 小篆 → 隸書 → 楷書","","正確答案為 B「金文 → 小篆 → 隸書 → 楷書」。原卷字形表由左至右依序呈現早期金文、線條較規整的小篆、筆畫較平直的隸書，最後是結構定型的楷書。","[""先辨認原卷表格中最早的古文字形，第一字為金文。"",""第二字線條較規整，是小篆；第三字呈隸書形態。"",""第四字是楷書，因此順序為金文、小篆、隸書、楷書，選 B。""]","字體演變依序掌握金文、小篆、隸書、楷書；辨形時看結構與筆畫特徵。","[]","[""./assets/official-exams/111-chinese-q04-original-glyph-crop.svg""]","./assets/official-exams/111-chinese-q04-original-glyph-crop.svg","true","false","https://cap.rcpet.edu.tw/exam/111/111exam.html","https://drive.google.com/file/d/174XqqVxF7_kIR7aqRaHpDe9m8-YJBFzY/view","","","","","","","","",""
"OFF-0237","國文","官方歷屆真題","111","5","會考總複習","歷屆會考","111年國文第5題","進階","歷屆真題","【閱讀材料】
過去賭客玩拉霸機時，需要把紙鈔塞進機器裡，所以會看見皮夾裡的鈔票越來越少，能提醒自己適時收手。但現在他們用卡片玩拉霸機，卡片僅會記錄他們的輸贏情況。賭客難以意識到自己正不斷輸錢，只能隱約記得花了多少錢。

這段文字的主旨與下列何者最接近？","欲望會創造新的發明","科技的進步使生活更便利","長期沉溺於賭博之中容易讓人迷失自我","不用現金支付使人對花錢的感受變得較遲鈍","3","不用現金支付使人對花錢的感受變得較遲鈍","","正確答案為 D「不用現金支付使人對花錢的感受變得較遲鈍」。文章對照紙鈔逐漸減少時的可見提醒，以及卡片只留下輸贏紀錄、讓人難以感受到支出的差異。","[""比較過去與現在：過去投入紙鈔，會看見錢變少。"",""改用卡片後，賭客較難察覺持續支出，只模糊記得花費。"",""因此主旨是非現金支付降低花錢的實感，選 D；其他選項談發明、便利或沉溺後果，並非段落焦點。""]","主旨要抓住前後對比所共同支持的結論，不要被例子中的次要背景帶走。","[]","[]","","false","false","https://cap.rcpet.edu.tw/exam/111/111exam.html","https://drive.google.com/file/d/174XqqVxF7_kIR7aqRaHpDe9m8-YJBFzY/view","","","","","","","","",""
"OFF-0238","國文","官方歷屆真題","111","6","會考總複習","歷屆會考","111年國文第6題","進階","歷屆真題","【體育新聞】
(A)東道主法國隊屈居第二：法國是主辦國
(B)我國九局下逆轉，一分氣走韓國：我國轉輸為贏
(C)波多黎各選手爆冷門奪金：各界看好波多黎各選手奪金
(D)我國女將輕取哥倫比亞，晉級八強：我國女將大勝哥倫比亞

下列新聞用語的說明何者錯誤？","東道主法國隊屈居第二：法國是主辦國","我國九局下逆轉，一分氣走韓國：我國轉輸為贏","波多黎各選手爆冷門奪金：各界看好波多黎各選手奪金","我國女將輕取哥倫比亞，晉級八強：我國女將大勝哥倫比亞","2","波多黎各選手爆冷門奪金：各界看好波多黎各選手奪金","","正確答案為 C「波多黎各選手爆冷門奪金：各界看好波多黎各選手奪金」。『爆冷門』指結果出乎多數人預料，與『各界看好』的描述互相矛盾。","[""判斷題目要求：找新聞用語和後面解釋不相符的一項。"",""『爆冷門』表示意外勝出，通常不是賽前普遍看好的結果。"",""C 把意外勝出說成各界看好，前後矛盾；A、B、D 的解釋都符合新聞用語。""]","詞語辨析要同時核對詞義與句中情境，特別注意前後是否自相矛盾。","[]","[]","","false","false","https://cap.rcpet.edu.tw/exam/111/111exam.html","https://drive.google.com/file/d/174XqqVxF7_kIR7aqRaHpDe9m8-YJBFzY/view","","","","","","","","",""
"OFF-0239","國文","官方歷屆真題","111","7","會考總複習","歷屆會考","111年國文第7題","進階","歷屆真題","【閱讀材料】
敘述記憶是件難事。記憶是一個整體，敘述的時候必須選擇將它一片片地切下，即使是一塊肉、一棵菜【甲】切下來後就再也拼不完整了，就算拼湊起來了【乙】也只算是死的標本，生命已蕩然【丙】何況記憶大部分的時候更像一陣風，來無影去無蹤的，要想將風片切下來，豈不完全是一場徒勞嗎【丁】

【標記說明】甲、乙、丙、丁是原文中可選擇標點的位置。

甲、乙、丙、丁四處，何處最適合使用句號？","甲","乙","丙","丁","2","丙","","正確答案為 C「丙」。依原卷文字，前句在丙處結束，後面的「何況」轉入另一層推論；官方解析也指出丙處語意已完結且後文語意轉變，因此句號置於丙。","[""甲在『一棵菜』後，句意尚未完結，後接切下後無法復原的結果。"",""乙後接『也只算是死的標本』，仍是同一層說明，不宜用句號截斷。"",""原卷在丙處轉入『何況』的新推論，據原卷斷句置句號；丁是反問句末，應用問號。選 C。""]","標點題要看句法與語意層次；『何況』常引出遞進的新論述，反問句末則用問號。","[]","[]","","false","false","https://cap.rcpet.edu.tw/exam/111/111exam.html","https://drive.google.com/file/d/174XqqVxF7_kIR7aqRaHpDe9m8-YJBFzY/view","","","","","","","","",""
"OFF-0240","國文","官方歷屆真題","111","8","會考總複習","歷屆會考","111年國文第8題","進階","歷屆真題","【閱讀材料】
陸公嘗於市遇一佳硯，議價未定。既還邸，使門人往，以一金易歸。門人持硯歸，公訝其不類。門人堅證其是。公曰：「向觀硯有鴝鵒眼，今何無之？」答曰：「吾嫌其微凸，路遇石工，令磨而平之。」公大惋惜。

下列關於故事中人物的敘述，何者最恰當？","門人買錯硯臺卻不知道","陸公惋惜是因石工技藝不佳","門人請人磨平硯眼是自作聰明","陸公對門人購硯的價格感到驚訝","2","門人請人磨平硯眼是自作聰明","","正確答案為 C「門人請人磨平硯眼是自作聰明」。陸公原先看中的硯臺有鴝鵒眼，門人嫌它微凸而請石工磨平，反而破壞了陸公珍視的特色。","[""陸公先前看中這方硯，並記得它有鴝鵒眼；門人買回的確是同一方。"",""門人因嫌鴝鵒眼微凸而磨平，陸公因此惋惜，原因不是價格或石工技術。"",""可見門人未理解硯臺特色便擅自加工，選 C；A、B、D 都與文中明示理由不符。""]","文言故事題先釐清人物行動與結果，再用原文對話確認情緒原因。","[]","[]","","false","false","https://cap.rcpet.edu.tw/exam/111/111exam.html","https://drive.google.com/file/d/174XqqVxF7_kIR7aqRaHpDe9m8-YJBFzY/view","","","","","","","","",""
"OFF-0241","國文","官方歷屆真題","111","9","會考總複習","歷屆會考","111年國文第9題","進階","歷屆真題","【閱讀材料】
美國有名男子在家中裝攝影機，24小時在網路上播放他的生活，因此成為名人，甚且登上雜誌封面。這透露著有些人不再介意被窺視，甚至樂於被窺視。人有時會覺得孤寂，希望被注意，讓人覺得自己很重要。那些被窺視的人，既然知道鏡頭在哪裡，是否會有表演的性質呢？

【選項】
(A)大眾的隱私權常常不受到尊重
(B)網路直播者多少帶有表演性質
(C)滿足他人偷窺欲就可成為名人
(D)孤寂的人總是害怕他人的眼光

根據這段文字，下列何者最接近作者的觀點？","大眾的隱私權常常不受到尊重","網路直播者多少帶有表演性質","滿足他人偷窺欲就可成為名人","孤寂的人總是害怕他人的眼光","1","網路直播者多少帶有表演性質","","正確答案為 B「網路直播者多少帶有表演性質」。作者由直播者知道鏡頭位置，進一步提出「是否會有表演性質」的疑問；這是帶保留的推測，不是斷言所有直播者都在演。","[""找出作者直接提出的問題：被窺視者知道鏡頭位置，是否會表演？"",""前文也提到有人樂於被注意，提供了可能想呈現某種形象的背景。"",""因此 B 最接近作者的試探性觀點；A、C、D 都把文章意思擴大或說反。""]","推論題要保留作者語氣強度；疑問或可能性不可改寫成絕對結論。","[]","[]","","false","false","https://cap.rcpet.edu.tw/exam/111/111exam.html","https://drive.google.com/file/d/174XqqVxF7_kIR7aqRaHpDe9m8-YJBFzY/view","","","","","","","","",""
"OFF-0242","國文","官方歷屆真題","111","10","會考總複習","歷屆會考","111年國文第10題","進階","歷屆真題","【閱讀材料】
名不可以倖取也。天下之事，固有外似而中實不然者。倖其似而竊其名，非不可以欺一時，然他日人即其似而求其真，則情現實吐，無不立敗。

【選項】
(A)因其貌不揚被小看，沒想到靠著精湛演技成為影帝
(B)不勞而獲的錢財，因為得來容易，往往被輕易揮霍
(C)以作弊手段考上名校，最後卻因適應不良而中輟學業
(D)當不切實際的夢想碰到冷酷的現實，也只能化為泡影

下列何者最能與這段文字的意旨相呼應？","因其貌不揚被小看，沒想到靠著精湛演技成為影帝","不勞而獲的錢財，因為來得容易，往往被輕易揮霍","以作弊手段考上名校，最後卻因適應不良而中輟學業","當不切實際的夢想碰到冷酷的現實，也只能化為泡影","2","以作弊手段考上名校，最後卻因適應不良而中輟學業","","正確答案為 C「以作弊手段考上名校，最後卻因適應不良而中輟學業」。古文批評只取得名聲表象、內在實力不符，終究會被看穿；作弊取得名校身分正是以假象竊名。","[""『外似而中實不然』指外表看似符合，內在實際卻不相稱。"",""『倖其似而竊其名』是靠假象僥倖取得名聲，日後會露出真相。"",""C 以作弊取得名校資格，後來無法適應，最符合表象與實力不符；A 是靠真本事，B、D 的重點不同。""]","古文今用題先翻譯關鍵句，再比對現代情境是否具備相同因果。","[]","[]","","false","false","https://cap.rcpet.edu.tw/exam/111/111exam.html","https://drive.google.com/file/d/174XqqVxF7_kIR7aqRaHpDe9m8-YJBFzY/view","","","","","","","","",""
"OFF-0243","國文","官方歷屆真題","111","11","會考總複習","歷屆會考","111年國文第11題","進階","歷屆真題","【背包健康原則】
（一）重量：後背時，內容物重量最好在體重 10% 以內；側背時則建議低於 5%。
（二）背法：背包的背帶越短、靠身體越近，力量承受度越小，背起來越輕鬆。
（三）放法：最重的東西應放在背包中間，步行時比較不會影響身體姿勢。

【圖表轉錄】
(A)體重50公斤，後背；由左至右物品重量0.5、2、1公斤。
(B)體重60公斤，側背；由左至右物品重量1、2、0.5公斤。
(C)體重70公斤，後背；由左至右物品重量2、4、2公斤。
(D)體重80公斤，後背；由左至右物品重量2、1、2公斤。

根據圖表中的四種情況，哪一種最符合健康概念？","A｜體重 50 公斤；後背，背帶較短、背包靠近身體；內容物 0.5、2、1 公斤，合計 3.5 公斤。","B｜體重 60 公斤；側背；內容物 1、2、0.5 公斤，合計 3.5 公斤。","C｜體重 70 公斤；後背；內容物 2、4、2 公斤，合計 8 公斤。","D｜體重 80 公斤；圖中最重物品未放在背包中間。","0","A｜體重 50 公斤；後背，背帶較短、背包靠近身體；內容物 0.5、2、1 公斤，合計 3.5 公斤。","","正確答案為 A。體重 50 公斤的 10% 是 5 公斤；A 後背 3.5 公斤，未超過上限，且背帶較短、背包靠近身體。","[""A 後背重量 0.5 + 2 + 1 = 3.5 公斤；50 公斤體重的 10% 為 5 公斤，且最重物放在中間。"",""B 側背 3.5 公斤，但 60 公斤的 5% 為 3 公斤，已超過建議；C 後背 8 公斤，也超過 70 公斤的 10%（7 公斤）。"",""D 的最重物未置中，不符合放置原則；只有 A 同時符合重量、背法和放法。""]","百分比題先算每個人的重量上限；注意「低於」不包含剛好等於。","[]","[]","","false","false","https://cap.rcpet.edu.tw/exam/111/111exam.html","https://drive.google.com/file/d/174XqqVxF7_kIR7aqRaHpDe9m8-YJBFzY/view","","","","","","","","",""
"OFF-0244","國文","官方歷屆真題","111","12","會考總複習","歷屆會考","111年國文第12題","進階","歷屆真題","【注音選項】
(A)悲傷哽「ㄧㄝˋ」／食不下「ㄧㄢˋ」
(B)悶不「ㄎㄥ」聲／引「ㄏㄤˊ」高歌
(C)語帶「ㄔㄢˊ」機／「ㄕㄢˋ」讓政治
(D)「ㄙㄚ」謊成習／恃寵「ㄙㄚ」嬌

下列選項中標示的字，何組讀音相同？","悲傷哽「咽」／食不下「咽」","悶不「吭」聲／引「吭」高歌","語帶「禪」機／「禪」讓政治","「撒」謊成習／恃寵「撒」嬌","3","「撒」謊成習／恃寵「撒」嬌","","正確答案為 D。「撒謊」和「撒嬌」的「撒」都讀 ㄙㄚ（sā）。","[""A 的「哽咽」讀 ㄧㄝˋ，「食不下咽」的「咽」讀 ㄧㄢˋ。"",""B 的「吭」在「不吭聲」讀 ㄎㄥ，在「引吭高歌」讀 ㄏㄤˊ；C 的「禪」分別讀 ㄔㄢˊ、ㄕㄢˋ。"",""D 的「撒謊」和「撒嬌」都讀 ㄙㄚ（sā），因此選 D。""]","多音字要放回詞語判讀；可同時用注音和拼音核對，避免只憑字形猜音。","[]","[]","","false","false","https://cap.rcpet.edu.tw/exam/111/111exam.html","https://drive.google.com/file/d/174XqqVxF7_kIR7aqRaHpDe9m8-YJBFzY/view","","","","","","","","",""
"OFF-0245","國文","官方歷屆真題","111","13","會考總複習","歷屆會考","111年國文第13題","進階","歷屆真題","【閱讀材料】
所謂中菜西吃，是將原本大盤共享且同桌擺放的宴席菜式，改為西餐般一人一份、一道道依序送上。但中菜向來比西菜更講究沸熱燙口，分開上菜後，熱度鑊氣全消。其次，拋卻一桌多道同食，享受各種味道交錯的樂趣。更嚴重的是，為了美觀便利，連烹調手法都起了變化。例如原本該整魚整肉整蔬大鍋蒸煮煨燉，卻改為小塊小盅個別處理，光這點就足以讓同冶一爐、渾然一體之味傷損逸散。

根據這段文字，作者不愛中菜西吃的原因最不可能包含下列何者？","中式食法多道並陳，西式則否","中菜較西菜更講究菜餚的熱度","西餐的上菜速度及料理方式費時又費工","西式食法盡失中菜大鍋烹煮整肉的風味","2","西餐的上菜速度及料理方式費時又費工","","正確答案為 C「西餐的上菜速度及料理方式費時又費工」。作者不滿的是中菜西吃削弱中菜的特色，並未說西餐費時費工。","[""作者列出三項損失：菜餚不再熱燙、失去多道菜同桌交錯品嘗的樂趣，以及大鍋烹調風味受損。"",""A、B、D 分別對應文章提到的分菜方式、熱度與烹調風味。"",""C「費時又費工」沒有出現在文中，且文中反而說分餐較美觀便利，因此是最不可能的原因。""]","問「最不可能」時，逐項對照文章列出的理由；不要把常識推測當成作者原意。","[]","[]","","false","false","https://cap.rcpet.edu.tw/exam/111/111exam.html","https://drive.google.com/file/d/174XqqVxF7_kIR7aqRaHpDe9m8-YJBFzY/view","","","","","","","","",""
"OFF-0246","國文","官方歷屆真題","111","14","會考總複習","歷屆會考","111年國文第14題","進階","歷屆真題","【閱讀材料】
修身以為弓，矯思以為矢，立義以為的，定而後發，發必中矣。

句中「矯」字的意義，與下列何者最接近？","「矯」世勵俗","「矯」若遊龍","「矯」捷身手","「矯」託天命","0","「矯」世勵俗","","正確答案為 A「矯世勵俗」。「矯思」指端正、糾正思想；「矯世勵俗」的「矯」也是匡正、糾正。","[""把譬喻還原：修身作弓、端正思想作箭、立義作目標，準備妥當再射。"",""因此「矯思」的「矯」是端正、糾正，不是身形靈活或假託。"",""A「矯世勵俗」有匡正世風之意，語義相同；B、C 指姿態或動作，D 指假託。""]","古文詞義題先放回句中譯解，再比較選項中同字是否同義。","[]","[]","","false","false","https://cap.rcpet.edu.tw/exam/111/111exam.html","https://drive.google.com/file/d/174XqqVxF7_kIR7aqRaHpDe9m8-YJBFzY/view","","","","","","","","",""
"OFF-0247","國文","官方歷屆真題","111","15","會考總複習","歷屆會考","111年國文第15題","進階","歷屆真題","【文句選項】
(A)這般鄰舍車水馬龍，可搭載數千名遊客
(B)他個性害羞，遇到陌生人時總是別開生面
(C)他為了得到好成績而囫圇吞棗，每晚都認真讀書
(D)這裡曾有許多珍藏，如今僅剩吉光片羽，令人惋惜

下列文句中的成語，何者使用最恰當？","這艘郵輪車水馬龍，可搭載數千名遊客","他個性害羞，遇到陌生人時總是別開生面","他為了得到好成績而因噎廢食，每晚都認真讀書","這裡曾有許多珍藏，如今僅剩吉光片羽，令人唏噓","3","這裡曾有許多珍藏，如今僅剩吉光片羽，令人唏噓","","正確答案為 D。「吉光片羽」比喻殘存的珍貴文物或稀有事物，用來形容珍藏所剩不多，使用恰當。","[""A「車水馬龍」形容車馬往來繁忙，不適合說郵輪本身可載很多遊客。"",""B「別開生面」指另創新局面，不是害羞或避開陌生人；C「因噎廢食」指因一次受阻而連原本該做的事也放棄，和每晚認真讀書不合。"",""D 用「吉光片羽」形容珍貴收藏僅存少數，詞義與語境相合。""]","成語題不要只看字面；用成語的核心義逐句檢查搭配對象與前後語意。","[]","[]","","false","false","https://cap.rcpet.edu.tw/exam/111/111exam.html","https://drive.google.com/file/d/174XqqVxF7_kIR7aqRaHpDe9m8-YJBFzY/view","","","","","","","","",""
"OFF-0248","國文","官方歷屆真題","111","16","會考總複習","歷屆會考","111年國文第16題","進階","歷屆真題","【閱讀材料】
某古典戲曲中有一段唱詞：「俺讀些稗官詞寄牢騷，對江山吃一斗苦松醪。小鼓兒顫杖輕敲，寸板兒軟手頻搖。一字字臣忠子孝，一聲聲龍吟虎嘯。快舌尖鋼刀出鞘，響喉嚨轟雷烈炮。呀！似這般冷嘲、熱挑，用不著筆抄、墨描，勸英豪一盤錯帳速勾了。」

【詞語提示】醪，音 ㄌㄠˊ，混有渣滓的濁酒。

【選項線索】
(A)說書人：以說演故事為業
(B)算命師：替人占卜命運
(C)外交使臣：代表國家交涉
(D)監察御史：監督官員與政務

唱詞中「俺」的職業最可能是下列何者？","說書人","算命師","外交使臣","監察御史","0","說書人","","正確答案為 A「說書人」。唱詞提到敲小鼓、搖寸板，以聲音講述忠孝故事並勸誡英豪，符合說書人的表演方式。","[""留意表演器具：『小鼓兒輕敲，寸板兒頻搖』，不是官職或占卜工具。"",""再看工作內容：以口舌敘說故事、演繹人物，唱詞還提到不必筆抄墨描。"",""因此『俺』最可能是說書人，選 A；其他三項都無法解釋敲鼓、說演故事的線索。""]","人物身分推論要把器具、動作和工作內容合併判斷；註腳是詞義補充，不是選項文字。","[]","[]","","false","false","https://cap.rcpet.edu.tw/exam/111/111exam.html","https://drive.google.com/file/d/174XqqVxF7_kIR7aqRaHpDe9m8-YJBFzY/view","","","","","","","","",""
"OFF-0249","國文","官方歷屆真題","111","17","會考總複習","歷屆會考","111年國文第17題","進階","歷屆真題","下列文句，何者文意通暢、用詞最為恰當？","此文件攸關計畫的成敗，你千萬要小心遞送","在遇到困難時，他反而不屈不撓，堅持妥協","他明明做錯事情還推給別人，真是死不賴帳","疫情蔓延的時候，我們更要一起對抗意志力","0","此文件攸關計畫的成敗，你千萬要小心遞送","","正確答案為 A。「攸關」表示關係重大；計畫成敗攸關的重要文件需要小心遞送，語意通順。","[""A 的『攸關成敗』和『小心遞送』搭配自然，前後因果清楚。"",""B『不屈不撓』表示堅持不退，和『堅持妥協』意思衝突。"",""C 的『賴帳』偏指欠債不還或不承認帳目；題意是推卸過錯，應說『死不認錯』。D 應是對抗疫情、展現意志力，『對抗意志力』搭配錯誤。""]","詞語使用題同時檢查固定搭配、詞義和句子前後是否矛盾。","[]","[]","","false","false","https://cap.rcpet.edu.tw/exam/111/111exam.html","https://drive.google.com/file/d/174XqqVxF7_kIR7aqRaHpDe9m8-YJBFzY/view","","","","","","","","",""
"OFF-0250","國文","官方歷屆真題","111","18","會考總複習","歷屆會考","111年國文第18題","進階","歷屆真題","【閱讀材料】
粥之既熟，水米成交，猶米之釀而為酒矣。慮其太厚而入水於粥，猶入水於酒也，水入而酒成糟粕，其味尚可咀乎？故熬前挹水必限以數，使其勺不能增，滴無可減。

根據這段文字，作者對於熬粥的看法，下列敘述何者最恰當？","熬煮前須加足適量的水","熬煮時可適度添加米飯","熬煮過程中可加酒提味","熬煮過久容易生出糟粕","0","熬煮前須加足適量的水","","正確答案為 A「熬煮前須加足適量的水」。作者主張熬粥前先把水量定好；煮成後再加水，會破壞水米融合的口感。","[""『水米成交』指水和米煮熟後已融合；作者把它比作米釀成酒。"",""若熟後再加水，像把水摻進酒裡，味道便被破壞。"",""所以要在熬煮前量好水，煮的過程不能再增減；選 A，並非熬煮時加米飯或酒。""]","文言文先抓比喻前後的對應，再用作者提出的做法驗證選項。","[]","[]","","false","false","https://cap.rcpet.edu.tw/exam/111/111exam.html","https://drive.google.com/file/d/174XqqVxF7_kIR7aqRaHpDe9m8-YJBFzY/view","","","","","","","","",""
"OFF-0251","國文","官方歷屆真題","111","19","會考總複習","歷屆會考","111年國文第19題","進階","歷屆真題","下列詞語「」中的注音寫成國字後，何者兩兩相同？","杞人「ㄧㄡ」天／養尊處「ㄧㄡ」","「ㄅㄢ」駁陸離／「ㄅㄢ」斕奪目","自相「ㄇㄠˊ」盾／「ㄇㄠˊ」塞頓開","細嚼「ㄇㄢˋ」嚥／「ㄇㄢˋ」不經心","1","「ㄅㄢ」駁陸離／「ㄅㄢ」斕奪目","","正確答案為 B。『斑駁陸離』和『斑斕奪目』中的注音 ㄅㄢ 都寫作「斑」；題目問的是寫成國字後相同，不是只比較讀音相同。","[""A 的同音字分別是「憂」和「優」，讀音相同但字不同。"",""B 兩詞都寫「斑」：斑駁陸離、斑斕奪目，符合寫成國字後相同。"",""C 是「矛」與「茅」，D 是「慢」與「漫」；字形不同，因此選 B。""]","先依詞語補出正確漢字，再看字是否相同；不要把同音誤當同字。","[]","[]","","false","false","https://cap.rcpet.edu.tw/exam/111/111exam.html","https://drive.google.com/file/d/174XqqVxF7_kIR7aqRaHpDe9m8-YJBFzY/view","","","","","","","","",""
"OFF-0252","國文","官方歷屆真題","111","20","會考總複習","歷屆會考","111年國文第20題","進階","歷屆真題","【閱讀材料】
江南二月試羅衣，春盡燕山雪尚飛。應是子規啼不到，故鄉雖好不思歸。

【詞語提示】羅衣：絲質衣服；子規：杜鵑鳥，啼聲近似「不如歸去」。

關於這首詩的分析，下列何者最恰當？","就體裁而言，這是一首七言律詩","就形式而言，對仗工整，句句押韻","以「試羅衣」、「雪尚飛」對比兩地氣候差異","以遊子口吻寫出羈旅在外、難以返回的鄉愁","2","以「試羅衣」、「雪尚飛」對比兩地氣候差異","","正確答案為 C。『江南二月試羅衣』與『燕山春盡雪尚飛』呈現江南和燕山截然不同的春季氣候。","[""先讀前兩句：江南已可穿絲衣，燕山到了春末仍飄雪。"",""兩句並置南北不同季節景象，形成鮮明氣候對比，故 C 合適。"",""全詩四句不是七言律詩；也非句句押韻或工整對仗；末兩句說子規聲未傳到燕山，因此不宜說遊子因無法返鄉而愁。""]","詩歌題分開看體裁、形式、意象與情感；不要把註釋提供的典故直接誤當詩中情緒。","[]","[]","","false","false","https://cap.rcpet.edu.tw/exam/111/111exam.html","https://drive.google.com/file/d/174XqqVxF7_kIR7aqRaHpDe9m8-YJBFzY/view","","","","","","","","",""
"OFF-0253","國文","官方歷屆真題","111","21","會考總複習","歷屆會考","111年國文第21題","進階","歷屆真題","【字詞與字義資料】
(A)『問』：門裡有人，心中不愉快
(B)『恣』：心旁，『ㄗˋ』，緊繫在弓上的索、線
(C)『盎』：皿，『ㄤˋ』，照明的燈光
(D)『刪』：以刀削去簡冊有所問題的內容

下列何者最可能是會意字？","問","恣","盎","刪","3","刪","","正確答案為 D「刪」。表中說明以刀刪去簡冊上有問題的內容，字形由「冊」與「刀」組合，字義可由兩部分會合理解，屬會意。","[""會意字是把不同部件的意義組合起來表示新義。"",""D「刪」由「冊」與「刀」構成，對應以刀刪削簡冊內容，字形和字義可相互說明。"",""因此選 D；題目已將表格各列轉成文字，直接比較部件與字義即可，不需要另看整頁試卷圖。""]","造字法題要同時檢視字形構件與本義；不能只因部件是形聲字就猜測。","[]","[]","","false","false","https://cap.rcpet.edu.tw/exam/111/111exam.html","https://drive.google.com/file/d/174XqqVxF7_kIR7aqRaHpDe9m8-YJBFzY/view","","","","","","","","",""
"OFF-0254","國文","官方歷屆真題","111","22","會考總複習","歷屆會考","111年國文第22題","進階","歷屆真題","【閱讀材料】
學者如取水，終日取而不能踰其量，故操瓢者止於瓢，操盎者止於盎；教者如分火，終日分而未嘗虧其體，故散為十燈而明自若，散為千燈而明自若。故善學者＿＿＿＿，善教者＿＿＿＿。

根據文意脈絡，兩處依序填入何者最恰當？","不自隘其器／不自吝其光","如逆水行舟／似雪中取火","宜自知其量／宜自晦其光","無一時之患／有終身之憂","0","不自隘其器／不自吝其光","","正確答案為 A「不自隘其器／不自吝其光」。文章以取水比喻學習者受自身器量限制，以分火比喻教師傳授知識不會因此減少，故善學者不應自我設限，善教者不應吝於分享。","[""取水受容器大小限制：瓢只能取一瓢，盎才能取一盎，表示學者要擴大自己的器量。"",""分火後原來的火仍明亮，分給千盞燈也不會減損，表示教者無須吝惜知識。"",""A 的『不自隘其器／不自吝其光』分別扣合兩個譬喻，順序正確。""]","雙空題要先分別整理前後兩個譬喻，再依題目順序配對，不要只看其中一格。","[]","[]","","false","false","https://cap.rcpet.edu.tw/exam/111/111exam.html","https://drive.google.com/file/d/174XqqVxF7_kIR7aqRaHpDe9m8-YJBFzY/view","","","","","","","","",""
"OFF-0255","國文","官方歷屆真題","111","23","會考總複習","歷屆會考","111年國文第23題","進階","歷屆真題","【閱讀材料】
莊子在濮水釣魚，楚王派兩位大夫先來邀請，說：「希望以國事勞煩您。」莊子拿著釣竿不回頭，說：「我聽說楚國有一隻神龜，死了三千年，楚王用竹器珍藏在宗廟上。請問牠寧可死後留下龜甲受人珍重，還是活著在泥地拖著尾巴？」大夫回答：「寧可活著在泥地拖尾。」莊子說：「回去吧，我也要在泥地拖尾。」

何者最接近莊子的想法？","人死留名，虎死留皮","不慕榮利，唯願逍遙","神龜雖壽，猶有竟時","寧鳴而死，不默而生","1","不慕榮利，唯願逍遙","","正確答案為 B「不慕榮利，唯願逍遙」。莊子以神龜作比，寧可活著自由自在，也不願為了身後尊貴而接受楚王徵召。","[""楚王想請莊子入朝任職，屬於以國事相邀。"",""莊子用神龜作比：龜甲雖被珍藏，龜已死；泥中拖尾則代表活著自由。"",""莊子明說自己選擇後者，表達不羨慕權位與榮利、追求逍遙，選 B。""]","寓言題先抓住故事中的選擇，再由象徵物推回人物價值觀。","[]","[]","","false","false","https://cap.rcpet.edu.tw/exam/111/111exam.html","https://drive.google.com/file/d/174XqqVxF7_kIR7aqRaHpDe9m8-YJBFzY/view","","","","","","","","",""
"OFF-0256","國文","官方歷屆真題","111","24","會考總複習","歷屆會考","111年國文第24題","進階","歷屆真題","【閱讀材料】
世人之事君者，皆以孫叔敖之遇楚莊王為幸，自有道者論之則不然，此楚國之幸。楚莊王好周遊田獵，馳騁弋射，歡樂無遺，盡付其境內之勞與諸侯之憂於孫叔敖。孫叔敖日夜不息，不得顧及養生之事，故使莊王功績著乎竹帛，傳乎後世。

關於這段文字的寫作手法，下列說明何者最恰當？","先提出世俗看法，再以不同論點反駁","先從正、反兩面論述，再另舉他例說明","先記敘孫叔敖事蹟，再評論楚莊王功績","先以楚莊王觀點闡述，再從孫叔敖立場反駁","0","先提出世俗看法，再以不同論點反駁","","正確答案為 A「先提出世俗看法，再以不同論點反駁」。文章先說一般人認為孫叔敖遇到楚莊王是幸運，接著提出有道者認為這其實是楚國的幸運，並解釋君王把國事交給孫叔敖承擔。","[""開頭先交代世人看法：孫叔敖能侍奉楚莊王是他的幸運。"",""接著作者以『自有道者論之則不然』明確轉折，提出相反判斷：這是楚國的幸運。"",""後文說明孫叔敖承擔繁重國事、成就楚王功名，因此文章採先列普遍看法、再提出不同論點的寫法，選 A。""]","寫作手法題留意『然而、則不然』等轉折訊號，按文章實際順序判斷。","[]","[]","","false","false","https://cap.rcpet.edu.tw/exam/111/111exam.html","https://drive.google.com/file/d/174XqqVxF7_kIR7aqRaHpDe9m8-YJBFzY/view","","","","","","","","",""
"OFF-0257","國文","官方歷屆真題","111","25","會考總複習","歷屆會考","111年國文第25題","進階","歷屆真題","【資料甲】與民國 97 年相比，民國 107 年癌症、心臟疾病仍居死因前兩位；糖尿病、事故傷害、慢性下呼吸道疾病順位不變；肺炎、高血壓性疾病、腎臟疾病順位上升；腦血管疾病、慢性肝病、蓄意自我傷害順位下降。
【資料乙】民國 107 年十大死因依序為：1 癌症、2 心臟疾病、3 肺炎、4 腦血管疾病、5 糖尿病、6 事故傷害、7 慢性下呼吸道疾病、8 高血壓性疾病、9 腎臟疾病、10 慢性肝病；蓄意自我傷害列第 11。

根據甲、乙兩項資料，關於民國 97 年國人主要死亡原因，無法明確推論出下列何者？","慢性肝病為當時國人十大死因之一","腦血管疾病為當時國人第三大死因","蓄意自我傷害為當時國人十大死因之一","肺炎、高血壓性疾病、腎臟疾病皆為當時國人十大死因","3","肺炎、高血壓性疾病、腎臟疾病皆為當時國人十大死因","","正確答案為 D。肺炎、高血壓性疾病與腎臟疾病在 107 年名次上升，但資料未提供其 97 年確切名次，因此不能確定三者當時是否都在前十名。","[""先把 107 年榜單名次和甲中的上升、下降、不變逐一對照。"",""腦血管疾病在 107 年第 4 且順位下降；前兩名仍為癌症與心臟疾病，所以 97 年為第 3。慢性肝病第 10、蓄意自我傷害第 11 且順位下降，兩者 97 年都在前十。"",""肺炎、高血壓與腎臟疾病雖然順位上升，但舊名次可能在前十，也可能在第 11，無法判定三者皆為十大死因，故選 D。""]","比較排名時先釐清『順位上升』代表名次變好，再區分能確定名次與只能確定範圍的情況。","[]","[]","","false","false","https://cap.rcpet.edu.tw/exam/111/111exam.html","https://drive.google.com/file/d/174XqqVxF7_kIR7aqRaHpDe9m8-YJBFzY/view","","","","","","","","",""
"OFF-0258","國文","官方歷屆真題","111","26","會考總複習","歷屆會考","111年國文第26題","進階","歷屆真題","【海報內容】綠能家電診所以簡易維修小家電為主，服務項目限十種：電風扇、吹風機、烤箱、電鍋（含電子鍋）、飲水機、果汁機、熱水瓶、檯燈、烘碗機、快煮壺。流程為洽詢服務臺、填維修單、檢視並確認外觀、收 50 元工本費並開立收據、拆解檢修（特殊材料費另報價）、電話通知領回、憑取貨聯單領件並繳交特殊材料費。收領件時間 08:00–12:00、13:00–16:30；週三、週日及國定假日休診。

根據這張海報，下列關於綠能家電診所維修內容的敘述，何者最恰當？","可電話預約時間，專人到府收件","維修費用依家電的大小而有不同","只要維修合於規定的家電，都需繳交工本費","領件時若未攜帶取貨聯單，可以維修單代替","2","只要維修合於規定的家電，都需繳交工本費","","正確答案為 C。海報明示十種合格小家電都酌收 50 元工本費，特殊材料費另行報價。","[""先從流程找費用：檢視外觀後收 50 元工本費；拆解檢修時，特殊材料費另報價。"",""A 的電話預約和到府收件未見於海報；B 的基礎工本費不是依大小改變。"",""D 指定領件要用取貨聯單，海報沒有說維修單可以替代；因此只有 C 符合。""]","海報題逐欄找流程、費用、服務品項與時間，不把未提及的服務自行補上。","[]","[]","","false","false","https://cap.rcpet.edu.tw/exam/111/111exam.html","https://drive.google.com/file/d/174XqqVxF7_kIR7aqRaHpDe9m8-YJBFzY/view","","","","","","","","",""
"OFF-0259","國文","官方歷屆真題","111","27","會考總複習","歷屆會考","111年國文第27題","進階","歷屆真題","【海報內容】綠能家電診所以簡易維修小家電為主，服務項目限十種：電風扇、吹風機、烤箱、電鍋（含電子鍋）、飲水機、果汁機、熱水瓶、檯燈、烘碗機、快煮壺。流程為洽詢服務臺、填維修單、檢視並確認外觀、收 50 元工本費並開立收據、拆解檢修（特殊材料費另報價）、電話通知領回、憑取貨聯單領件並繳交特殊材料費。收領件時間 08:00–12:00、13:00–16:30；週三、週日及國定假日休診。

下列四人聲稱曾到綠能家電診所送修電器，何人所述與海報內容最相符？","小強：週一 14：00 送修咖啡機，週四 09：00 就拿到了","小顏：週三 10：00 送修飲水機，週五 13：00 就領件了","小燕：週六 16：00 送修電子鍋，接到通知後憑取貨聯單領回","小龍：週二 08：00 送修熱水瓶，先繳交50元特殊材料費才能檢修","2","小燕：週六 16：00 送修電子鍋，接到通知後憑取貨聯單領回","","正確答案為 C。電子鍋列在服務項目中；週六 16:00 在收領件時間內，且完修後接到電話通知，憑取貨聯單領回，符合海報流程。","[""先核對可修品項、營業時間與休診日：電子鍋可修，週六營業至 16:30。"",""再核對領件流程：完修後由電話通知，領件須帶取貨聯單。"",""C 的品項、送修時間和取件方式都符合。A 的咖啡機不在十項內；B 遇週三休診；D 把 50 元工本費誤作特殊材料費。""]","多條件海報題要逐一核對品項、日期時間和辦理流程，全部符合才可選。","[]","[]","","false","false","https://cap.rcpet.edu.tw/exam/111/111exam.html","https://drive.google.com/file/d/174XqqVxF7_kIR7aqRaHpDe9m8-YJBFzY/view","","","","","","","","",""
"OFF-0260","國文","官方歷屆真題","111","28","會考總複習","歷屆會考","111年國文第28題","進階","歷屆真題","【閱讀材料】
摺紙必須精準，切忌反覆翻弄，將紙摺磨得失去挺度。若紙起皺，邊線就會失去俐落的線條，摺出來的物件都會像失了精神般的軟癱。
小學時認識了一位大哥哥，手極巧，曾摺了一隻立體獨角仙給我。它有著厚實而層疊的腹部，擎起的獨角末端還如鹿角分岔。我珍藏多年，直至年長搬家方不知去向。
我從未能重現這隻獨角仙，人生也不若它的摺線一般乾淨俐落。【甲】我反覆把自己摺成不同的生物，試圖符合人生為我準備的每一個坑洞。
【乙】一群圓滑形狀的人們聚在一起談天，我小心翼翼斂起方正的直角，化為類似的圓體，悄悄滾近。另外也會遇上有稜有角的人們，我則對摺自己，讓角度更加突出。然而時間一長便洩了底，他們看穿，他們草草應付，藉機散去，剩下我獨自揣摩下次該變成哪種樣子。【丙】幾次把紙弄得殘破不堪後，勉強找到約略符合自己形狀的角落，適應下來了。
但當我決定把自己送往另一個城市，困惑又悄悄蔓延。以往公司宣告「我們要的是稀有動物」，因此我們的生活宗旨是特立獨行、轟轟烈烈。但向新單位報到的第一天，主管卻說：「這是一個叢林！那些需要特殊照顧與環境才能生存的稀有動物，比如大象、孔雀，在這裡是無法生存的！【丁】我們需要的是蟑螂、是老鼠！」雖然明白他的誇飾，但還是受到了極大的震撼。
我又慌張了，這次，我應該把自己摺成什麼呢？
——改寫自謝子凡〈摺疊人生〉

根據本文，關於畫線處所象徵的意義，下列說明何者最不恰當？","甲句中「每一個坑洞」：人生不同的挑戰","乙句中「方正的直角」：作者獨特的個性","丙句中「紙」：作者自己的本質","丁句中「蟑螂」：卑鄙惡劣的個人特質","3","丁句中「蟑螂」：卑鄙惡劣的個人特質","","正確答案為 D。『蟑螂、老鼠』是主管用來誇飾叢林環境中必須適應、求生的角色，並非象徵作者卑鄙惡劣的個人特質。","[""甲的『坑洞』比喻人生中需要適應的處境；乙的『方正直角』呈現作者原有、較不圓滑的個性。"",""丙前後談作者反覆改變形狀、把紙摺到殘破，因此『紙』可象徵作者自身。"",""丁用蟑螂、老鼠對比稀有動物，重點是新環境中的生存適應，不是道德評價，故 D 最不恰當。""]","象徵題要回到前後情境判斷意象功能；不要把負面動物形象直接等同人物品格。","[]","[]","","false","false","https://cap.rcpet.edu.tw/exam/111/111exam.html","https://drive.google.com/file/d/174XqqVxF7_kIR7aqRaHpDe9m8-YJBFzY/view","","","","","","","","",""
"OFF-0261","國文","官方歷屆真題","111","29","會考總複習","歷屆會考","111年國文第29題","進階","歷屆真題","【閱讀材料】
摺紙必須精準，切忌反覆翻弄，將紙摺磨得失去挺度。若紙起皺，邊線就會失去俐落的線條，摺出來的物件都會像失了精神般的軟癱。
小學時認識了一位大哥哥，手極巧，曾摺了一隻立體獨角仙給我。它有著厚實而層疊的腹部，擎起的獨角末端還如鹿角分岔。我珍藏多年，直至年長搬家方不知去向。
我從未能重現這隻獨角仙，人生也不若它的摺線一般乾淨俐落。【甲】我反覆把自己摺成不同的生物，試圖符合人生為我準備的每一個坑洞。
【乙】一群圓滑形狀的人們聚在一起談天，我小心翼翼斂起方正的直角，化為類似的圓體，悄悄滾近。另外也會遇上有稜有角的人們，我則對摺自己，讓角度更加突出。然而時間一長便洩了底，他們看穿，他們草草應付，藉機散去，剩下我獨自揣摩下次該變成哪種樣子。【丙】幾次把紙弄得殘破不堪後，勉強找到約略符合自己形狀的角落，適應下來了。
但當我決定把自己送往另一個城市，困惑又悄悄蔓延。以往公司宣告「我們要的是稀有動物」，因此我們的生活宗旨是特立獨行、轟轟烈烈。但向新單位報到的第一天，主管卻說：「這是一個叢林！那些需要特殊照顧與環境才能生存的稀有動物，比如大象、孔雀，在這裡是無法生存的！【丁】我們需要的是蟑螂、是老鼠！」雖然明白他的誇飾，但還是受到了極大的震撼。
我又慌張了，這次，我應該把自己摺成什麼呢？
——改寫自謝子凡〈摺疊人生〉

作者透過本文所抒發的感慨，與下列何者最接近？","要到失去之後，才知道曾經擁有的美好","為了他人而改變自己，最後卻迷失自我","年輕時未確定方向，等到一事無成才後悔莫及","曾經轟轟烈烈的絢爛，誰知到頭來都是一場空","1","為了他人而改變自己，最後卻迷失自我","","正確答案為 B。作者為了融入不同群體，一再把自己摺成對方可能接受的形狀，最後紙變得殘破，仍然焦慮於下一次該如何改變。","[""追蹤『摺自己』的反覆意象：作者遇到不同的人，就改變自己的形狀去配合。"",""多次改變後，紙變得殘破，且作者仍不確定下一次要變成什麼樣子，呈現失去自我的焦慮。"",""因此 B『為了他人而改變自己，最後卻迷失自我』最貼近全文；A、C、D 都不是主要感慨。""]","主旨題看意象如何貫穿全文，尤其留意結尾如何回扣開頭。","[]","[]","","false","false","https://cap.rcpet.edu.tw/exam/111/111exam.html","https://drive.google.com/file/d/174XqqVxF7_kIR7aqRaHpDe9m8-YJBFzY/view","","","","","","","","",""
"OFF-0262","國文","官方歷屆真題","111","30","會考總複習","歷屆會考","111年國文第30題","進階","歷屆真題","【閱讀材料】
證道會過後不久，天氣開始熱了。眼看六月底就要到來。證道會那個星期天下了場遲來的雨，次日，夏天的氣焰便忽地在天空與屋舍上方爆發開來。首先是一陣焚熱強風吹拂一整天，把牆壁都吹乾了。接著太陽定住不動，城裡鎮日洶湧著一波接一波的熱浪光影。除了拱廊街與公寓樓房之外，城裡好像沒有一處見不到刺眼欲盲的反光。【甲】陽光大街小巷地追著市民跑，一等他們停下來便立刻出擊。由於暑熱乍到，死亡人數也剛好急遽上升，每星期約有七百人，奧蘭城於是籠罩在一種沮喪的氣氛中。郊區裡，平坦街道與平頂房舍之間不再生氣勃勃，而且這一區的居民平常總是坐在門口，如今卻是所有的門戶窗扉緊閉，也不知道是想躲瘟疫還是太陽。不過有幾戶人家家裡傳出呻吟聲。以前要是發生這種事，經常可以看見好奇民眾站在路上留神傾聽。【乙】但經過這長久下來的警戒之後，好像每個人的心腸都變硬了，無論是走路時或生活中聽到痛苦呻吟聲都能置若罔聞，彷彿那是人類的自然語言。
在各城門的打鬥迫使警察不得不使用武器，也同時引發一種暗地裡的騷動。【丙】打鬥中當然會有人受傷，但在城裡由於受到燠熱與恐懼的影響，所有事情都被誇大了，因此便有傳聞說死了人。總之民眾不滿的情緒確實不斷擴大，政府也確實擔心發生最壞情況，而認真考慮了萬一這群被困在疫病當中的民眾發生暴動，應該採取哪些措施。報上公布了一些法令，再次重申出城的禁令，違者可能得坐牢。城裡派出巡邏隊巡視。在那些空蕩蕩又熱得發燙的街頭上，經常會先聽到馬蹄聲，接著便會看見騎馬的衛兵從兩排緊閉的窗戶之間經過。【丁】巡邏隊的身影消失後，受威脅的城區便再次陷入一片沉重且充滿猜疑的寂靜之中。每隔一段時間都會有槍聲響起，那是幾支武裝的特殊小隊最近奉命撲殺貓狗，因為牠們也可能傳播跳蚤。這些冷硬的槍聲更增添城裡的肅殺氣氛。
——節錄自卡繆《鼠疫》

關於小說中畫線處文句的說明，下列何者最恰當？","甲：政府對人民的監控就像陽光一樣無孔不入","乙：長時間的緊繃，讓人變得冷酷麻木","丙：政府假稱瘟疫以掩蓋屠殺人民的真相","丁：巡邏隊刻意威嚇居民，製造恐懼與猜疑","1","乙：長時間的緊繃，讓人變得冷酷麻木","","正確答案為 B。乙處指出長期警戒後，人們聽見痛苦呻吟也能置若罔聞，顯示緊繃生活使人心腸變硬、逐漸冷漠麻木。","[""讀乙處前後：以前居民會停下傾聽，長期警戒後卻對呻吟聲無動於衷。"",""這個前後對比表現持續緊張帶來的冷漠麻木，支持 B。"",""甲是烈日追逐人的擬人，不是政府監控；丙寫城門打鬥而非政府偽造瘟疫；丁只是巡邏後居民感到受威脅，未證明巡邏隊刻意威嚇。""]","畫線句解釋要用相鄰句子作證；區分敘事者寫出的感受與選項額外添加的意圖。","[]","[]","","false","false","https://cap.rcpet.edu.tw/exam/111/111exam.html","https://drive.google.com/file/d/174XqqVxF7_kIR7aqRaHpDe9m8-YJBFzY/view","","","","","","","","",""
"OFF-0263","國文","官方歷屆真題","111","31","會考總複習","歷屆會考","111年國文第31題","進階","歷屆真題","【閱讀材料】
證道會過後不久，天氣開始熱了。眼看六月底就要到來。證道會那個星期天下了場遲來的雨，次日，夏天的氣燄便忽地在天空與屋舍上方爆發開來。首先是一陣焚熱強風吹拂一整天，把牆壁都吹乾了。接著太陽定住不動，城裡鎮日洶湧著一波接一波的熱浪光影。除了拱廊街與公寓樓房之外，城裡好像沒有一處見不到刺眼欲盲的反光。【甲】陽光大街小巷地追著市民跑，一等他們停下來便立刻出擊。由於暑熱乍到，死亡人數也剛好急遽上升，每星期約有七百人，奧蘭城於是籠罩在一種沮喪的氣氛中。郊區裡，平坦街道與平頂房舍之間不再生氣勃勃，而且這一區的居民平常總是坐在門口，如今卻是所有的門戶窗扉緊閉，也不知道是想躲瘟疫還是太陽。不過有幾戶人家家裡傳出呻吟聲。以前要是發生這種事，經常可以看見好奇民眾站在路上留神傾聽。【乙】但經過這長久下來的警戒之後，好像每個人的心腸都變硬了，無論是走路時或生活中聽到痛苦呻吟聲都能置若罔聞，彷彿那是人類的自然語言。
在各城門的打鬥迫使警察不得不使用武器，也同時引發一種暗地裡的騷動。【丙】打鬥中當然會有人受傷，但在城裡由於受到燠熱與恐懼的影響，所有事情都被誇大了，因此便有傳聞說死了人。總之民眾不滿的情緒確實不斷擴大，政府也確實擔心發生最壞情況，而認真考慮了萬一這群被困在疫病當中的民眾發生暴動，應該採取哪些措施。報上公布了一些法令，再次重申出城的禁令，違者可能得坐牢。城裡派出巡邏隊巡視。在那些空蕩蕩又熱得發燙的街頭上，經常會先聽到馬蹄聲，接著便會看見騎馬的衛兵從兩排緊閉的窗戶之間經過。【丁】巡邏隊的身影消失後，受威脅的城區便再次陷入一片沉重且充滿猜疑的寂靜之中。每隔一段時間都會有槍聲響起，那是幾支武裝的特殊小隊最近奉命撲殺貓狗，因為牠們也可能傳播跳蚤。這些冷硬的槍聲更增添城裡的肅殺氣氛。
——節錄自卡繆《鼠疫》

對小說中的政府而言，「最壞情況」所指的最可能是下列何者？","人心彼此猜疑，不再相互信任","氣溫持續上升，民眾難以忍受","疫情不斷惡化，人們失去求生欲","群眾發生暴動，突破城門封鎖線","3","群眾發生暴動，突破城門封鎖線","","正確答案為 D。原文先提到城門打鬥迫使警察使用武器，接著明說政府擔心被困居民發生暴動。D 的『突破城門封鎖線』是把暴動具體化，與城門衝突的情境相符。","[""先看暴動風險的前文：各城門已有打鬥，警方被迫使用武器，居民不滿也持續擴大。"",""原文接著明說，政府擔心被困在疫病中的民眾發生暴動，並考慮應採取哪些措施。"",""D 將這種暴動具體描述為群眾突破城門封鎖線，是四項中最符合政府所怕的情況；其他選項不是原文指出的政府風險。""]","題目若沿用原文關鍵詞，先找同詞或近義句，再確認選項有沒有擴大原意。","[]","","","false","false","https://cap.rcpet.edu.tw/exam/111/111exam.html","https://drive.google.com/file/d/174XqqVxF7_kIR7aqRaHpDe9m8-YJBFzY/view","","","","","","","","",""
"OFF-0264","國文","官方歷屆真題","111","32","會考總複習","歷屆會考","111年國文第32題","進階","歷屆真題","【閱讀材料】
日本美秀美術館（Miho Museum）有一種奇特的「烏托邦式美學」，首先是載客的白色電動車安靜地穿梭接待中心與美術館間，有如過去科幻電影中，關於未來烏托邦世界的描述。
白色電動車象徵著美秀美術館對於美學近乎潔癖的要求，電動車安靜地運作，不會干擾到青山綠水間的蟲鳴鳥叫，使得這座烏托邦式的美術館區，永遠呈現出一種寧靜的氛圍。更有趣的是，白色電動車的駕駛穿著白色制服，臉上表情肅穆，不禁令人懷疑這些駕駛是否為科幻片中的複製人或機械人？
不過我們不得不佩服美秀美術館的周到服務：雨天下電動車時，館方提供踏腳墊，以及擦去雨滴的白抹布。即便是貴婦人，仍然可以輕鬆地在美術館中喝下午茶，然後乾乾淨淨、一塵不染地離去。
當遊客在雨天蒞臨，美術館人員便會送來一整排赭紅色、印著 MIHO 字樣的雨傘，並要求大家將自己的傘留在車上。其用意是不希望旅客花花綠綠的雨傘，破壞了烏托邦視覺上的統一美感。
——改寫自李清志〈烏托邦美術館：美秀美術館〉

根據本文，關於美秀美術館，最不可能推論出下列何者？","美術館坐落在山間","對環境清潔有高度的要求","館區的電動車由機械人駕駛","接待中心與美術館有一段距離","2","館區的電動車由機械人駕駛","","正確答案為 C。文章只是說駕駛穿白色制服、神情肅穆，作者開玩笑般地懷疑像複製人或機械人；沒有說電動車真的由機械人駕駛。","[""文章明確說電動車在青山綠水間往返，接待中心與美術館並不在同一處。"",""雨天備有踏腳墊、白抹布和統一的雨傘，足以看出重視環境整潔與美學。"",""駕駛是否為複製人或機械人只是作者的反問與想像，不能當成事實，因此 C 最不可能推論。""]","推論題要區分明確事實、合理推論和作者的修辭想像，不把反問當作真實資訊。","[]","","","false","false","https://cap.rcpet.edu.tw/exam/111/111exam.html","https://drive.google.com/file/d/174XqqVxF7_kIR7aqRaHpDe9m8-YJBFzY/view","","","","","","","","",""
"OFF-0265","國文","官方歷屆真題","111","33","會考總複習","歷屆會考","111年國文第33題","進階","歷屆真題","【閱讀材料】
日本美秀美術館（Miho Museum）有一種奇特的「烏托邦式美學」，首先是載客的白色電動車安靜地穿梭接待中心與美術館間，有如過去科幻電影中，關於未來烏托邦世界的描述。
白色電動車象徵著美秀美術館對於美學近乎潔癖的要求，電動車安靜地運作，不會干擾到青山綠水間的蟲鳴鳥叫，使得這座烏托邦式的美術館區，永遠呈現出一種寧靜的氛圍。更有趣的是，白色電動車的駕駛穿著白色制服，臉上表情肅穆，不禁令人懷疑這些駕駛是否為科幻片中的複製人或機械人？
不過我們不得不佩服美秀美術館的周到服務：雨天下電動車時，館方提供踏腳墊，以及擦去雨滴的白抹布。即便是貴婦人，仍然可以輕鬆地在美術館中喝下午茶，然後乾乾淨淨、一塵不染地離去。
當遊客在雨天蒞臨，美術館人員便會送來一整排赭紅色、印著 MIHO 字樣的雨傘，並要求大家將自己的傘留在車上。其用意是不希望旅客花花綠綠的雨傘，破壞了烏托邦視覺上的統一美感。
——改寫自李清志〈烏托邦美術館：美秀美術館〉

根據本文，下列何者最能體現美秀美術館的烏托邦式美學？","工作人員親切的微笑，流露內心的祥和","降低人為聲音的干擾，以呈現寧靜氛圍","所有物件一律為白色，象徵藝術的純淨","讓觀眾貼近展品，顯現人與藝術無隔閡","1","降低人為聲音的干擾，以呈現寧靜氛圍","","正確答案為 B。作者反覆強調白色電動車安靜行駛，不干擾青山綠水間的蟲鳴鳥叫，讓館區維持寧靜氛圍。","[""找出作者對美術館美學的明確描述：安靜運作、不干擾自然聲音、呈現寧靜。"",""這些文字直接支持 B『降低人為聲音的干擾，以呈現寧靜氛圍』。"",""A 把重點移到服務人員表情；C 誇大為所有物件全白；D 文中沒有說要讓觀眾貼近展品。""]","主旨或特色題優先選能統整多處描述的選項，不要把單一顏色推成全面規則。","[]","","","false","false","https://cap.rcpet.edu.tw/exam/111/111exam.html","https://drive.google.com/file/d/174XqqVxF7_kIR7aqRaHpDe9m8-YJBFzY/view","","","","","","","","",""
"OFF-0266","國文","官方歷屆真題","111","34","會考總複習","歷屆會考","111年國文第34題","進階","歷屆真題","【閱讀材料】
很多人早就預言紙本書會消失，被網路閱讀取代，但我相信紙本書有其獨特價值。我不時自問：要怎麼描述紙本書的獨特價值？今天和未來，大家為何要透過紙本書來閱讀？
我一度覺得紙本書的價值比較接近藝術品，但藝術品是陽春白雪，和一般人的距離較遠。我想找出來的是：紙本書對一般人也是必需的獨特價值。思索十幾年後，我試著將「數位及網路閱讀」與「紙本閱讀」的特質分述兩邊：數位及網路閱讀有多媒體、具象、活潑、外擴、零碎、動態等特質；紙本閱讀則以文字為主，較抽象、安靜、收斂、完整而靜態。
我發現這兩列特質的總結，不就是白晝與黑夜的對比嗎？網路閱讀的特質，可喻為白晝；紙本閱讀的特質，可喻為黑夜。而一旦把紙本的獨特價值和黑夜連接，答案就跳出來了：人類從來都是需要代表黑夜和白晝的閱讀並存，也就是書和書以外的閱讀並存。
就像人類有電燈後，雖然可以延長白晝，但還是需要黑夜，我們對紙本書的需求也是。不論我們可以從網路、手機得到多少訊息、知識、多媒體的閱讀樂趣，最後還是有打開紙本書的需求。人，沒有黑夜，是會生病的。我們沒有紙本書的閱讀，也如此。不論從心理或生理上來說，都如此。黑夜不是和少數人相關的藝術品，而是每個人不可或缺的必需品。
我們現今透過簡訊、臉書，隨時都在使用文字表達自己、與人溝通，對文字的需求日益提高，而紙本書是最能讓我們學習、體會文字力量的一種媒介。一首雋永的古詩，印在紙本書上，和呈現在電子書上，會有截然不同的氣場，我們閱讀的感受也截然不同。這就是紙本書對每個人都具備的意義，不論這個社會多麼網路化、數位化。
——改寫自郝明義〈當紙本書是一個黑夜〉

根據本文，作者認為紙本書對一般人的獨特價值最可能是下列何者？","紙本書才能傳承經典與藝術","閱讀紙本書不受晝夜的限制","紙本書可讓文字散發不同的渲染力","城鄉數位落差因紙本書才得以彌補","2","紙本書可讓文字散發不同的渲染力","","正確答案為 C。作者指出紙本書最能讓人學習、體會文字的力量；同一首古詩印在紙上與電子書上，會帶來不同氣場與閱讀感受。","[""作者先說紙本閱讀像黑夜，和網路閱讀的白晝互補，而非彼此取代。"",""結尾明確說紙本書能讓人學習並體會文字力量，紙本與電子呈現古詩的感受也不同。"",""因此 C 最符合作者對一般人的獨特價值；A、B、D 都不是文中主張。""]","找作者回答核心問題的句子，尤其注意文章末段的總結與例證。","[]","","","false","false","https://cap.rcpet.edu.tw/exam/111/111exam.html","https://drive.google.com/file/d/174XqqVxF7_kIR7aqRaHpDe9m8-YJBFzY/view","","","","","","","","",""
"OFF-0267","國文","官方歷屆真題","111","35","會考總複習","歷屆會考","111年國文第35題","進階","歷屆真題","【閱讀材料】
很多人早就預言紙本書會消失，被網路閱讀取代，但我相信紙本書有其獨特價值。我不時自問：要怎麼描述紙本書的獨特價值？今天和未來，大家為何要透過紙本書來閱讀？
我一度覺得紙本書的價值比較接近藝術品，但藝術品是陽春白雪，和一般人的距離較遠。我想找出來的是：紙本書對一般人也是必需的獨特價值。思索十幾年後，我試著將「數位及網路閱讀」與「紙本閱讀」的特質分述兩邊：數位及網路閱讀有多媒體、具象、活潑、外擴、零碎、動態等特質；紙本閱讀則以文字為主，較抽象、安靜、收斂、完整而靜態。
我發現這兩列特質的總結，不就是白晝與黑夜的對比嗎？網路閱讀的特質，可喻為白晝；紙本閱讀的特質，可喻為黑夜。而一旦把紙本的獨特價值和黑夜連接，答案就跳出來了：人類從來都是需要代表黑夜和白晝的閱讀並存，也就是書和書以外的閱讀並存。
就像人類有電燈後，雖然可以延長白晝，但還是需要黑夜，我們對紙本書的需求也是。不論我們可以從網路、手機得到多少訊息、知識、多媒體的閱讀樂趣，最後還是有打開紙本書的需求。人，沒有黑夜，是會生病的。我們沒有紙本書的閱讀，也如此。不論從心理或生理上來說，都如此。黑夜不是和少數人相關的藝術品，而是每個人不可或缺的必需品。
我們現今透過簡訊、臉書，隨時都在使用文字表達自己、與人溝通，對文字的需求日益提高，而紙本書是最能讓我們學習、體會文字力量的一種媒介。一首雋永的古詩，印在紙本書上，和呈現在電子書上，會有截然不同的氣場，我們閱讀的感受也截然不同。這就是紙本書對每個人都具備的意義，不論這個社會多麼網路化、數位化。
——改寫自郝明義〈當紙本書是一個黑夜〉

關於本文的寫作分析，下列敘述何者最恰當？","以多面向的特質比較來強調數位資訊不如紙本","用夜以繼日來說明紙本閱讀是數位閱讀的延續","透過圖表的分析，陳述紙本閱讀無限發展的可能","藉由晝夜的對照，表達紙本與數位閱讀應該並存","3","藉由晝夜的對照，表達紙本與數位閱讀應該並存","","正確答案為 D。作者先比較網路與紙本閱讀的特質，再以白晝和黑夜作比，指出兩種閱讀都不可或缺，應該並存。","[""文章將數位網路閱讀與紙本閱讀分別列出多項特質。"",""作者把前者比作白晝、後者比作黑夜，並說人類需要兩者並存。"",""D 準確概括這個對照與結論；A、B、C 都曲解比較目的或文中沒有的圖表分析。""]","寫作分析要同時核對作者使用的手法與最後要表達的論點。","[]","","","false","false","https://cap.rcpet.edu.tw/exam/111/111exam.html","https://drive.google.com/file/d/174XqqVxF7_kIR7aqRaHpDe9m8-YJBFzY/view","","","","","","","","",""
"OFF-0268","國文","官方歷屆真題","111","36","會考總複習","歷屆會考","111年國文第36題","進階","歷屆真題","【閱讀材料】柏拉圖洞穴寓言
有個洞穴中有一群人，他們的身子被鍊著，無法轉向，只能面向洞穴的內壁。他們無法看見身旁每一個人，亦無法看見身後的洞口。洞穴裡唯一的光源是一堆營火。有一道遮蔽物擋在這群人與營火之間，遮蔽物後有人高舉著人類和動物雕像來來往往。那些被鍊著的人看不見雕像，只能在內壁看到遮蔽物後雕像的影子，且這些黑影配合洞穴裡的回音舞動。對那些被鍊著的人來說，這些影子是真實的事物。他們無事可做，只能談論這些影子。
如果被鍊著的人中有一人被釋放，得以起身走出洞穴。陽光會讓這個人感到極大的痛苦，因為他只習慣於黑暗。等他習慣了光線，看見遮蔽物後真正發生的事情，他就能發現真相，得到啟蒙。
當這個人再回到洞內，試著告訴其他人外界的真相，其他人卻很可能無法理解並認為這個人是瘋狂的。就算這個人將他們釋放，想拉他們走出洞穴，他們依然只願相信內壁上的影子才是真實，甚至可能將這個人殺死。

右側為洞穴示意圖，甲、乙、丙標示位置供判讀。

假設右圖是寓言中所指的洞穴，則根據寓言內容，甲、乙、丙三處依序最可能是下列何者？","被鍊著的人／營火／舉雕像的人","被鍊著的人／舉雕像的人／營火","舉雕像的人／營火／被鍊著的人","舉雕像的人／被鍊著的人／營火","1","被鍊著的人／舉雕像的人／營火","","正確答案為 B「被鍊著的人／舉雕像的人／營火」。甲在洞穴深處是被鍊住、面向內壁的人；乙在遮蔽物與火光之間，是舉著雕像移動的人；丙是光源營火。","[""甲位於洞穴深處、囚徒面向內壁的位置；乙在囚徒與光源之間，對應舉雕像的人。"",""丙位於更後方的光源處，對應營火；依甲、乙、丙排序，選 B。"",""把圖中的位置順序與寓言角色對照，避免只靠記憶故事名詞作答。""]","圖文題把故事中的人物、物件和光線路徑依空間順序對回圖示。","[]","[""./assets/official-exams/111-chinese-q36-cave.svg""]","./assets/official-exams/111-chinese-q36-cave.svg","true","false","https://cap.rcpet.edu.tw/exam/111/111exam.html","https://drive.google.com/file/d/174XqqVxF7_kIR7aqRaHpDe9m8-YJBFzY/view","","","","","","","","",""
"OFF-0269","國文","官方歷屆真題","111","37","會考總複習","歷屆會考","111年國文第37題","進階","歷屆真題","【閱讀材料】柏拉圖洞穴寓言
有個洞穴中有一群人，他們的身子被鍊著，無法轉向，只能面向洞穴的內壁。他們無法看見身旁每一個人，亦無法看見身後的洞口。洞穴裡唯一的光源是一堆營火。有一道遮蔽物擋在這群人與營火之間，遮蔽物後有人高舉著人類和動物雕像來來往往。那些被鍊著的人看不見雕像，只能在內壁看到遮蔽物後雕像的影子，且這些黑影配合洞穴裡的回音舞動。對那些被鍊著的人來說，這些影子是真實的事物。他們無事可做，只能談論這些影子。
如果被鍊著的人中有一人被釋放，得以起身走出洞穴。陽光會讓這個人感到極大的痛苦，因為他只習慣於黑暗。等他習慣了光線，看見遮蔽物後真正發生的事情，他就能發現真相，得到啟蒙。
當這個人再回到洞內，試著告訴其他人外界的真相，其他人卻很可能無法理解並認為這個人是瘋狂的。就算這個人將他們釋放，想拉他們走出洞穴，他們依然只願相信內壁上的影子才是真實，甚至可能將這個人殺死。

在這則寓言中，「這個走出洞穴後再回到洞內的人」最可能象徵下列哪一種人？","受迫的奴隸","孤獨的先知","命運的主宰","蒙昧的愚者","1","孤獨的先知","","正確答案為 B「孤獨的先知」。走出洞穴的人看見真相後回去啟發眾人，卻不被理解，甚至可能遭到殺害，形同孤獨傳達真理的先知。","[""先看這個人的經歷：他離開黑暗、看見洞外真相，因而得到啟蒙。"",""回洞後，他試圖告訴其他人真相，卻被當成瘋子，甚至可能被殺。"",""他象徵孤獨傳達真理、又不被群眾理解的人，選 B；不是受迫的奴隸、命運主宰或蒙昧愚者。""]","寓言人物象徵要根據整段遭遇推論，不只看他曾被囚禁。","[]","","","false","false","https://cap.rcpet.edu.tw/exam/111/111exam.html","https://drive.google.com/file/d/174XqqVxF7_kIR7aqRaHpDe9m8-YJBFzY/view","","","","","","","","",""
"OFF-0270","國文","官方歷屆真題","111","38","會考總複習","歷屆會考","111年國文第38題","進階","歷屆真題","【閱讀材料】柏拉圖洞穴寓言
有個洞穴中有一群人，他們的身子被鍊著，無法轉向，只能面向洞穴的內壁。他們無法看見身旁每一個人，亦無法看見身後的洞口。洞穴裡唯一的光源是一堆營火。有一道遮蔽物擋在這群人與營火之間，遮蔽物後有人高舉著人類和動物雕像來來往往。那些被鍊著的人看不見雕像，只能在內壁看到遮蔽物後雕像的影子，且這些黑影配合洞穴裡的回音舞動。對那些被鍊著的人來說，這些影子是真實的事物。他們無事可做，只能談論這些影子。
如果被鍊著的人中有一人被釋放，得以起身走出洞穴。陽光會讓這個人感到極大的痛苦，因為他只習慣於黑暗。等他習慣了光線，看見遮蔽物後真正發生的事情，他就能發現真相，得到啟蒙。
當這個人再回到洞內，試著告訴其他人外界的真相，其他人卻很可能無法理解並認為這個人是瘋狂的。就算這個人將他們釋放，想拉他們走出洞穴，他們依然只願相信內壁上的影子才是真實，甚至可能將這個人殺死。

根據這則寓言，下列何者最接近柏拉圖的想法？","多數人相信的事未必為真","自以為是往往會招致滅亡","面向陽光，影子就會在你背後","堅定信仰，心靈才能得到自由","0","多數人相信的事未必為真","","正確答案為 A「多數人相信的事未必為真」。囚徒把牆上的影子當成真實；即使有人見過洞外真相，其他人仍可能拒絕相信。","[""囚徒只能看到影子，卻把影子當成全部真實。"",""走出洞穴的人見到真相後回來說明，其他人仍堅信影子才是真的。"",""寓言提醒人們群體共同相信的事也可能只是表象，選 A；其餘選項不是故事重點。""]","哲理寓言題先找表象與真實的對照，再歸納作者要提醒的認知問題。","[]","","","false","false","https://cap.rcpet.edu.tw/exam/111/111exam.html","https://drive.google.com/file/d/174XqqVxF7_kIR7aqRaHpDe9m8-YJBFzY/view","","","","","","","","",""
"OFF-0271","國文","官方歷屆真題","111","39","會考總複習","歷屆會考","111年國文第39題","進階","歷屆真題","【資料甲】漢文帝時，莢錢日益增多且較輕，於是改鑄四銖錢，錢上鑄有「半兩」字樣，百姓也可以自行鑄錢。吳王利用銅山鑄錢，富可敵國，後來因此叛逆；大夫鄧通也靠鑄錢富甲天下。吳、鄧兩家的錢流布各地，之後朝廷才開始禁止私鑄錢幣。
【資料乙】漢文帝賜鄧通蜀地銅山，允許他鑄錢；鄧通錢的形制、文字、重量都與天子的四銖錢相同。吳王也有銅山並鑄造吳錢，吳錢略重，形制與文字則和天子錢相同。

註：莢錢是西漢初年所鑄、形如榆莢的銅錢。

根據甲、乙兩文推論，漢文帝時各種錢幣的重量依序最可能是下列何者？","四銖錢 ＞ 吳錢 ＞ 鄧通錢","四銖錢 ＝ 鄧通錢 ＞ 吳錢","吳錢 ＞ 四銖錢 ＞ 鄧通錢","吳錢 ＞ 鄧通錢 ＝ 四銖錢","3","吳錢 ＞ 鄧通錢 ＝ 四銖錢","","正確答案為 D「吳錢 ＞ 鄧通錢 ＝ 四銖錢」。乙文明說吳錢略重於天子錢，而鄧通錢重量與四銖錢相同。","[""資料乙指出鄧通錢與天子四銖錢重量相同。"",""資料乙另說吳錢『微重』，即比天子四銖錢略重。"",""合併兩項資訊，吳錢 ＞ 鄧通錢 ＝ 四銖錢，選 D。""]","跨文本比較先找同一比較基準；『同』與『微重』分別轉成等號和大於號。","[]","","","false","false","https://cap.rcpet.edu.tw/exam/111/111exam.html","https://drive.google.com/file/d/174XqqVxF7_kIR7aqRaHpDe9m8-YJBFzY/view","","","","","","","","",""
"OFF-0272","國文","官方歷屆真題","111","40","會考總複習","歷屆會考","111年國文第40題","進階","歷屆真題","【資料甲】漢文帝時，莢錢日益增多且較輕，於是改鑄四銖錢，錢上鑄有「半兩」字樣，百姓也可以自行鑄錢。吳王利用銅山鑄錢，富可敵國，後來因此叛逆；大夫鄧通也靠鑄錢富甲天下。吳、鄧兩家的錢流布各地，之後朝廷才開始禁止私鑄錢幣。
【資料乙】漢文帝賜鄧通蜀地銅山，允許他鑄錢；鄧通錢的形制、文字、重量都與天子的四銖錢相同。吳王也有銅山並鑄造吳錢，吳錢略重，形制與文字則和天子錢相同。

註：莢錢是西漢初年所鑄、形如榆莢的銅錢。

根據甲、乙兩文，下列敘述何者最恰當？","鄧通與吳王同時自鑄莢錢，導致莢錢過多","鄧通與吳王所鑄銅錢上應有「半兩」字樣","鄧通叛逆謀反，文帝遂下令禁止私鑄銅錢","鄧通所鑄錢布天下，故文帝賜其銅山一座","1","鄧通與吳王所鑄銅錢上應有「半兩」字樣","","正確答案為 B。資料甲說四銖錢鑄有「半兩」字樣；資料乙說鄧通錢與四銖錢的文字相同，吳錢的文字也和天子錢相同，因此兩者都應有「半兩」字樣。","[""先從資料甲確認天子四銖錢上的文字是『半兩』。"",""鄧通錢的文字與天子四銖錢相同；吳錢的文字也與天子錢相同。"",""因此鄧通錢與吳王所鑄的錢都應有『半兩』字樣，選 B；A、C、D 混淆鑄幣種類、人物或因果順序。""]","跨文本題把各篇共同的比較對象連起來，特別注意形制、文字、重量是不同屬性。","[]","","","false","false","https://cap.rcpet.edu.tw/exam/111/111exam.html","https://drive.google.com/file/d/174XqqVxF7_kIR7aqRaHpDe9m8-YJBFzY/view","","","","","","","","",""
"OFF-0273","國文","官方歷屆真題","111","41","會考總複習","歷屆會考","111年國文第41題","進階","歷屆真題","【閱讀材料】\n王起主文柄，欲以白敏中為狀元，病其與賀拔惎為友。惎有文而落拓，乃密令門人申意，俾解中之。門人復約敏中，具以告之。敏中曰：「皆如所教。」\n既而果造門，左右欺以他適，惎遲留不言而去。俄頃，敏中躍出，遂呼左右急追，具以實告，曰：「一第何患不得，奈輕負至交！」相與歡醉。門人睹之，大怒而去，悉告於起，且云不可必矣。起曰：「我原只得白敏中，今當更取賀拔惎矣。」\n——改寫自《唐摭言》\n【註釋】主文柄：主持科舉考試；病：擔心；申意：傳達心意；解中之：解除與賀拔惎的交往；一第：科舉功名。\n\n根據本文，下列文句省略的主語，何者是白敏中？","病其與賀拔惎為友","乃密令門人申意","悉以實告","大怒而去","2","悉以實告","","正確答案為 C「悉以實告」。白敏中把王起要他與賀拔惎絕交的實情全數告訴賀拔惎。","[""A『病其與賀拔惎為友』承接王起，指王起擔心兩人交好。"",""B『乃密令門人申意』主語仍是王起，因他暗中吩咐門人。"",""C『悉以實告』承接白敏中，他把實情告訴賀拔惎；D『大怒而去』則是門人，因此選 C。""]","文言文省略主語時，沿著前後動作與對話對象逐句追蹤，不要只看最近出現的人名。","[]","","","false","false","https://cap.rcpet.edu.tw/exam/111/111exam.html","https://drive.google.com/file/d/174XqqVxF7_kIR7aqRaHpDe9m8-YJBFzY/view","","","","","","","","",""
"OFF-0274","國文","官方歷屆真題","111","42","會考總複習","歷屆會考","111年國文第42題","進階","歷屆真題","【閱讀材料】\n王起主文柄，欲以白敏中為狀元，病其與賀拔惎為友。惎有文而落拓，乃密令門人申意，俾解中之。門人復約敏中，具以告之。敏中曰：「皆如所教。」\n既而果造門，左右欺以他適，惎遲留不言而去。俄頃，敏中躍出，遂呼左右急追，具以實告，曰：「一第何患不得，奈輕負至交！」相與歡醉。門人睹之，大怒而去，悉告於起，且云不可必矣。起曰：「我原只得白敏中，今當更取賀拔惎矣。」\n——改寫自《唐摭言》\n【註釋】主文柄：主持科舉考試；病：擔心；申意：傳達心意；解中之：解除與賀拔惎的交往；一第：科舉功名。\n\n根據本文，王起說「我原只得白敏中，今當更取賀拔惎矣」的原因最可能是下列何者？","白敏中向王起推薦賀拔惎取代自己","賀拔惎已知此次科考內幕，只好破格錄取封口","比起白敏中的前倨後恭，賀拔惎的真誠顯得更為可靠","白敏中把賀拔惎看得比狀元還重，可知賀拔惎有過人之處","3","白敏中把賀拔惎看得比狀元還重，可知賀拔惎有過人之處","","正確答案為 D。白敏中認為科舉功名尚可再得，卻不能辜負至交；他把友情看得重於狀元名位，讓王起看出賀拔惎是值得結交的人。","[""王起一開始只打算取白敏中為狀元，甚至要求他和賀拔惎絕交。"",""白敏中最後選擇追回賀拔惎並坦白，說功名可以再得，不能辜負朋友。"",""王起因此認為白敏中如此看重賀拔惎，賀拔惎必有可取之處，於是也想取他，選 D。""]","人物動機題先看前後立場變化，再用人物親口說的話解釋轉折原因。","[]","","","false","false","https://cap.rcpet.edu.tw/exam/111/111exam.html","https://drive.google.com/file/d/174XqqVxF7_kIR7aqRaHpDe9m8-YJBFzY/view","","","","","","","","",""
"OFF-0447","國文","官方歷屆真題","112","1","會考總複習","歷屆會考","112年國文第1題","進階","歷屆真題","以下是一則論文摘要：「本文旨在說明臺灣國民小學至大學學生閱讀興趣與閱 讀素養的關係，以及不同學齡階段的讀寫素養表現。不論年級，閱讀興趣與閱 讀素養有正向關聯，然由一般學生投資於閱讀的時間反映出閱讀興趣有加強之 必要。」若要以這段文字的核心概念標示一組關鍵詞，下列何者最恰當？","臺灣、學齡階段","國民小學、大學","正向關聯、閱讀時間","閱讀興趣、閱讀素養","3","閱讀興趣、閱讀素養","","答案 D「閱讀興趣、閱讀素養」。摘要研究的核心是探討閱讀興趣與閱讀素養的關係；「正向關聯」是主要發現，「閱讀時間」是用來說明興趣仍需加強的線索，不如兩個研究概念適合作為關鍵詞。A 只列地區與學齡範圍，B 列研究對象的學段，均不是核心主題。","[""先看摘要的研究目的：說明閱讀興趣與閱讀素養的關係。"",""再分辨研究對象／範圍（臺灣、學齡階段、小學至大學）與研究核心概念。"",""D 正好涵蓋核心的兩個變項；C 是關係與觀察線索，不是兩個主題詞。""]","摘要關鍵詞要優先選研究主題與主要概念，不要把地區、對象或研究結果當成主題。","[]","[]","","false","false","https://cap.rcpet.edu.tw/exam/112/112exam.html","https://drive.google.com/file/d/1dy9SuFFJro5R8SOIZRbA8ytq2Ol-UnZ9/view","","","","","","","","",""
"OFF-0448","國文","官方歷屆真題","112","2","會考總複習","歷屆會考","112年國文第2題","進階","歷屆真題","下列文句何者有語病？","他不但才華出眾，而且和藹可親","幸虧你事先做好準備，否則災情慘重","原來他有難言之隱，難怪總是愁眉不展","與其讓你在事後落淚，難道讓你犯錯懊悔","3","與其讓你在事後落淚，難道讓你犯錯懊悔","","答案 D 有語病。「與其……」通常要和「不如……」或「寧可……」配成取捨關係；「難道」則用於反問，不能接在這個句型後並列兩個相互矛盾的行為。可改成「與其讓你在事後落淚，不如現在提醒你避免犯錯」。A 的「不但……而且……」連接兩項特質；B 表示幸而準備、否則後果嚴重；C 以「原來……難怪……」構成合理因果，均通順。","[""圈出 D 的關聯詞：前半用「與其」，預期後半應有「不如／寧可」。"",""後半卻用反問詞「難道」，句型不成對，且「讓你犯錯懊悔」和前句的取捨關係不清。"",""補成「與其……不如……」即可；其餘選項關聯詞搭配與語意完整。""]","關聯詞語病題先找成對句型；例如「與其」通常對「不如」，「不但」對「而且」。","[]","[]","","false","false","https://cap.rcpet.edu.tw/exam/112/112exam.html","https://drive.google.com/file/d/1dy9SuFFJro5R8SOIZRbA8ytq2Ol-UnZ9/view","","","","","","","","",""
"OFF-0449","國文","官方歷屆真題","112","3","會考總複習","歷屆會考","112年國文第3題","進階","歷屆真題","「彎曲的生命旅路，常常會被安排與許多人與事錯身而過〔甲〕有些注定是淡漠的〔乙〕並淪為遺忘〔丙〕有些則產生強烈衝擊〔丁〕終至刻骨銘心。」這段文字中的甲、乙、丙、丁四處，何者最適合使用標點符號中的分號？","甲","乙","丙","丁","2","丙","","答案 C（丙）。句子先寫一種結果：「有些注定是淡漠的，並淪為遺忘」；再以「有些則」轉出另一種相對結果：「產生強烈衝擊，終至刻骨銘心」。丙位於兩個對照分句之間，應用分號區隔較大的並列層次。甲是總述後接舉例，乙和丁分別連接同一分句內的延續內容，使用逗號即可。","[""先按「有些……有些則……」切出兩個相互對照的分句。"",""第一分句在「淪為遺忘」結束；第二分句從「有些則」開始。"",""丙正好位於兩分句交界，故用分號。""]","分號常用來分隔內部已有逗號、結構相對的大分句；先找句子的並列層次。","[]","[]","","false","false","https://cap.rcpet.edu.tw/exam/112/112exam.html","https://drive.google.com/file/d/1dy9SuFFJro5R8SOIZRbA8ytq2Ol-UnZ9/view","","","","","","","","",""
"OFF-0450","國文","官方歷屆真題","112","4","會考總複習","歷屆會考","112年國文第4題","進階","歷屆真題","下列文句，何者語詞使用最恰當？","你到底看見了什麼？豈非這樣驚訝","並非我與他相識，這件事絕不可能善罷甘休","你所說的無非是老生常談，他哪裡聽得進去","若非我故意和你唱反調，實在是你的做法不合理","2","你所說的無非是老生常談，他哪裡聽得進去","","答案 C。「無非」在此是「不外乎、只是」：對方所說的只是老生常談，所以他聽不進去，語意相合。A「豈非」意為「難道不是」，與「你看見什麼」的問句接法不當；B「並非我與他相識」否定相識，後接「絕不可能善罷甘休」因果不通；D「若非」意為「要不是」，應接「就／便」，本句宜改成「並非我故意唱反調，而是你的做法不合理」。","[""辨析四個近義副詞：到底（究竟）、並非（不是）、無非（不外乎）、若非（要不是）。"",""C 的「無非是老生常談」可解作內容只是陳腔濫調，後句因而接得通。"",""A、B、D 的詞義和句子邏輯／搭配不合，故選 C。""]","近義詞題要把詞換成白話意思代回全句，並檢查前後因果是否成立。","[]","[]","","false","false","https://cap.rcpet.edu.tw/exam/112/112exam.html","https://drive.google.com/file/d/1dy9SuFFJro5R8SOIZRbA8ytq2Ol-UnZ9/view","","","","","","","","",""
"OFF-0451","國文","官方歷屆真題","112","5","會考總複習","歷屆會考","112年國文第5題","進階","歷屆真題","下列選項「」中的字，何組讀音相同？","「迄」今未成／「屹」立不搖","金鑲玉「嵌」／命運「坎」坷","寂「寥」冷清／「謬」誤百出","千叮萬「囑」／引人「矚」目","3","千叮萬「囑」／引人「矚」目","","答案 D。「囑」與「矚」都讀 ㄓㄨˇ，分別見於「千叮萬囑」（反覆叮嚀）和「引人矚目」（吸引目光）。A「迄」ㄑㄧˋ／「屹」ㄧˋ；B「嵌」ㄑㄧㄢˋ／「坎」ㄎㄢˇ；C「寥」ㄌㄧㄠˊ／「謬」ㄇㄧㄡˋ，讀音都不同。","[""逐組分開讀目標字，先不要依整個詞的語感猜。"",""D 的囑、矚同為 ㄓㄨˇ，聲母、韻母與聲調相同。"",""其餘各組注音不同，因此只有 D 符合。""]","字音比較要核對完整注音，聲母相近不代表同音；也要把聲調算進去。","[]","[]","","false","false","https://cap.rcpet.edu.tw/exam/112/112exam.html","https://drive.google.com/file/d/1dy9SuFFJro5R8SOIZRbA8ytq2Ol-UnZ9/view","","","","","","","","",""
"OFF-0452","國文","官方歷屆真題","112","6","會考總複習","歷屆會考","112年國文第6題","進階","歷屆真題","「齒」的甲骨文字形是□□字，看起來像張口見齒的 樣子。小篆字形在上部增加了「止」字，用「止」表示聲音， 至此變成了□□字。 這段文字的空格處，依序應填入何種造字原則？","象形／會意","指事／形聲","象形／形聲","指事／會意","2","象形／形聲","","答案 C「象形／形聲」。甲骨文的「齒」描畫張口露齒的形狀，以形體表意，屬象形。小篆在齒形上加「止」作聲符，保留「齒」表示意義並以「止」提示讀音，形成形聲字。不是指事（用抽象符號標示概念），也不是會意（組合兩個以上意符表意）。","[""依題文，甲骨文字形像張口見齒，直接描摹形狀，判為象形。"",""後來增加「止」且題文明說它表示聲音，這是聲符。"",""形符「齒」加聲符「止」構成形聲字，所以選 C。""]","造字法判斷看構件功能：描形是象形，標示抽象位置是指事，意符加聲符是形聲。","[]","[]","","false","false","https://cap.rcpet.edu.tw/exam/112/112exam.html","https://drive.google.com/file/d/1dy9SuFFJro5R8SOIZRbA8ytq2Ol-UnZ9/view","","","","","","","","",""
"OFF-0453","國文","官方歷屆真題","112","7","會考總複習","歷屆會考","112年國文第7題","進階","歷屆真題","「上個世代對於永續住宅的普遍想像，總是不出屋頂上鋪滿太陽能板、隨意利用 各種回收廢棄物蓋成的缺乏整體感的建築物。許多這類大剌剌表現出『友善地 球』的建築物，也因此極易成為建築純粹主義者嘲弄的對象。他們語帶不屑地 認為，這簡直是以粗鄙的解決手法打敗了高尚審美觀。」根據這段文字，下列 哪一種住宅的特點最符合「建築純粹主義者」的主張？","符合審美要求","講求永續發展","呈現建材原貌","滿足居住需求","0","符合審美要求","","答案 A「符合審美要求」。文段批評的不是永續住宅本身，而是把太陽能板與回收材料粗糙堆在一起、缺乏整體感，讓「友善地球」壓過建築美感。純粹主義者特別在意「高尚審美觀」，因此最能代表其主張的是符合審美。B 是被描述的永續目標，C、D 文中都沒有說是其評判核心。","[""抓住批評對象：材料與設備被大剌剌拼湊，整體設計粗糙。"",""作者明說這種做法以粗鄙手段打敗高尚審美觀，故純粹主義者重視審美。"",""選 A；不要把住宅主題「永續」誤當成被批評者的審美主張。""]","題目問某群人的主張，應從他們批評的理由反推重視的標準。","[]","[]","","false","false","https://cap.rcpet.edu.tw/exam/112/112exam.html","https://drive.google.com/file/d/1dy9SuFFJro5R8SOIZRbA8ytq2Ol-UnZ9/view","","","","","","","","",""
"OFF-0454","國文","官方歷屆真題","112","8","會考總複習","歷屆會考","112年國文第8題","進階","歷屆真題","「陰刻」是在平面上刻出凹陷的立體線條，凹陷下去的字是「陰文」。「陽刻」 則是在平面上保留凸出的立體線條，將其餘部分刻除，凸出來的字是「陽文」。 據此判斷，下列何者是陽刻隸書章蓋在白紙上顯示出的樣子？ (A) (B) (C) (D)","A","B","C","D","0","A","","答案 A。陽刻留下凸起的字形，蓋印後凸出的字面沾墨，白紙上顯現的字就會呈現有色筆畫、白色背景；依原卷圖比較字形與底色，只有 A 符合陽刻隸書章的印文效果。判斷時要分清「印章上凸起的部分」和「蓋在紙上的結果」，不能把凹陷的陰文效果反過來選。","[""陽刻保留凸出的文字、刻除其餘部分。"",""凸字沾墨印到紙上，因此文字筆畫呈現墨色，非文字處留白。"",""對照原卷四個印面圖，A 的字文／底色關係符合陽刻結果。""]","篆刻題先想像沾墨接觸紙面的凸起部分，避免把印章本體與印出的圖樣混為一談。","[]","[""./assets/official-exams/112-chinese-q08-stamp-options.svg""]","./assets/official-exams/112-chinese-q08-stamp-options.svg","true","false","https://cap.rcpet.edu.tw/exam/112/112exam.html","https://drive.google.com/file/d/1dy9SuFFJro5R8SOIZRbA8ytq2Ol-UnZ9/view","","","","","","","","",""
"OFF-0455","國文","官方歷屆真題","112","9","會考總複習","歷屆會考","112年國文第9題","進階","歷屆真題","小平欲致贈匾額祝賀下列四個單位，匾額上所使用的題辭何者不恰當？ 單位 題辭","美滿家具店 版築有功","幸福大飯店 貴客盈門","健康醫院 仁心仁術","快樂國小 桃李滿門","0","美滿家具店 版築有功","","答案 A「美滿家具店—版築有功」不恰當。「版築」指建築房屋的夯土工程，「有功」用來稱許建築或土木工程有功績，不是家具店的合適祝賀語。B「貴客盈門」祝飯店客源興旺；C「仁心仁術」稱醫者仁愛且醫術高明；D「桃李滿門」祝學校培育許多學生，都與受贈單位相合。","[""逐一把題辭的典故／意思和單位性質配對。"",""「版築」關聯築屋工程，家具店並非建築工程單位，A 配錯對象。"",""飯店迎客、醫院醫德醫術、學校培育學生分別符合 B、C、D。""]","匾額題辭題要同時檢查詞義與受贈對象，不只看詞語是否吉祥。","[]","[]","","false","false","https://cap.rcpet.edu.tw/exam/112/112exam.html","https://drive.google.com/file/d/1dy9SuFFJro5R8SOIZRbA8ytq2Ol-UnZ9/view","","","","","","","","",""
"OFF-0456","國文","官方歷屆真題","112","10","會考總複習","歷屆會考","112年國文第10題","進階","歷屆真題","「夏七月，赤日停天，亦無風，亦無雲。前後庭赫然如洪爐，無一鳥敢來飛。 汗出遍身，縱橫成渠。置飯於前，不可得吃。呼簟欲臥地上，則地濕如膏， 蒼蠅又來緣頸附鼻，驅之不去。正莫可如何，忽然疾澍澎湃之聲，如數百萬 金鼓。簷溜浩於瀑布。身汗頓收，地燥如掃，蒼蠅盡去，飯便得吃。不亦快 哉！」根據這段文字，作者心情轉變的關鍵最可能是下列何者？","發現美麗的景致","遠離擾人的蟲蠅","聽見悅耳的鼓聲","驟降消暑的大雨","3","驟降消暑的大雨","","答案 D「驟降消暑的大雨」。前文酷熱、汗流不止、地面濕熱且蒼蠅困擾；轉折處出現「疾澍」（急雨）、「簷溜浩於瀑布」，接著汗收、地燥、蠅去、飯可入口，整個不快轉為舒暢的關鍵是大雨帶來降溫與改善環境。蟲蠅消失只是雨後結果，鼓聲是作者用來形容雨聲的譬喻，並非真有鼓聲。","[""把「正莫可如何」前後的情況對照，找造成變化的新事件。"",""新事件是疾雨；雨後汗止、地燥、蒼蠅離去，生活困境一併緩解。"",""因此選 D；B、C 是雨後結果或譬喻，不是轉折原因。""]","文言文情緒轉折題可用「忽然、於是、乃」等轉折詞定位原因，再分辨原因和後果。","[]","[]","","false","false","https://cap.rcpet.edu.tw/exam/112/112exam.html","https://drive.google.com/file/d/1dy9SuFFJro5R8SOIZRbA8ytq2Ol-UnZ9/view","","","","","","","","",""
"OFF-0457","國文","官方歷屆真題","112","11","會考總複習","歷屆會考","112年國文第11題","進階","歷屆真題","下列文句，何者用字完全正確？","大考將近，更要懂得善用索碎的時間","來到默生的環境不免會令人感到緊張","我忘了帶錢，拜託你先幫我代墊報名費","這項工程是讓我國邁向現代化的里程盃","2","我忘了帶錢，拜託你先幫我代墊報名費","","答案 C「代墊報名費」用字正確，指先替他人墊付費用。A「索碎」應作「瑣碎」；B「默生」應作「陌生」；D「里程盃」應作「里程碑」。這三項各有明顯錯別字，C 的「代墊」則符合先行支付、日後歸還的語意。","[""逐句檢查詞語的固定寫法，而非只看句意是否通順。"",""A、B、D 分別應改為「瑣碎」「陌生」「里程碑」。"",""C 的「代墊」字形與用法皆正確，故選 C。""]","用字題可先圈出容易混淆的詞，再逐字確認慣用字形。","[]","[]","","false","false","https://cap.rcpet.edu.tw/exam/112/112exam.html","https://drive.google.com/file/d/1dy9SuFFJro5R8SOIZRbA8ytq2Ol-UnZ9/view","","","","","","","","",""
"OFF-0458","國文","官方歷屆真題","112","12","會考總複習","歷屆會考","112年國文第12題","進階","歷屆真題","「少室周為趙簡子之右 ，聞牛談有力，請與之競，弗勝，致 右焉。簡子許之，使少室周為宰，曰：『知賢而讓，可以為訓矣。』」根據文意脈絡，下列何者最 適合用來說明「訓」字的意義？
註：「右」為職官名，立於君主之右、擔任保衛工作；「致」在此指禮讓。","典範","順從","教誨","解釋","0","典範","","答案 A「典範」。少室周原任趙簡子的「右」，與牛談比試失敗後把職位讓給牛談；趙簡子稱許他「知賢而讓」，並說「可以為訓」，意指這件事可以作為教訓、準則或示範。此處「訓」不是服從、教人或解釋，而是值得後人取法的典範。","[""先讀前事：少室周承認牛談有能力，競試失敗後禮讓職位。"",""趙簡子肯定「知賢而讓」，說這可成為後世遵循的準則。"",""因此「訓」取典範、可作規範之意，選 A。""]","古文詞義要由人物行為與後文評語互相印證，不宜只套現代常見義。","[]","[]","","false","false","https://cap.rcpet.edu.tw/exam/112/112exam.html","https://drive.google.com/file/d/1dy9SuFFJro5R8SOIZRbA8ytq2Ol-UnZ9/view","","","","","","","","",""
"OFF-0459","國文","官方歷屆真題","112","13","會考總複習","歷屆會考","112年國文第13題","進階","歷屆真題","「茲鄭引輦上高梁而不能支。茲鄭倚轅而歌，前者止，後者趨，輦乃上。使茲鄭無術以致人，則身雖絕力至死，輦猶不上也。今身不至勞苦而輦以上者，有術 以致人之故也。」這段文字的主旨最可能是下列何者？
註：「輦」為古時用人拉著走的車；「梁」指橋。","團結就是力量","做事要講究方法","堅持到底才能成功","沒有付出就沒有收穫","1","做事要講究方法","","答案 B「做事要講究方法」。茲鄭單靠力氣拉車上坡仍拉不動，改為倚轅而歌，使前面的人停下、後面的人加快，車才上橋；作者接著明說，即使力氣用盡，若沒有方法使眾人協力，車仍上不去。重點是運用方法調動人力，不只是團結口號、堅持或付出多少。","[""比較兩種做法：獨自硬拉無效，改變方式後車輛成功前進。"",""「有術以致人」點出成功原因是有方法帶動眾人。"",""故選 B；本文沒有主張只要堅持或付出就會成功。""]","寓言主旨要找故事中前後做法的差異，以及作者明示的因果語句。","[]","[]","","false","false","https://cap.rcpet.edu.tw/exam/112/112exam.html","https://drive.google.com/file/d/1dy9SuFFJro5R8SOIZRbA8ytq2Ol-UnZ9/view","","","","","","","","",""
"OFF-0460","國文","官方歷屆真題","112","14","會考總複習","歷屆會考","112年國文第14題","進階","歷屆真題","下列文句「」中的詞語，何者使用最恰當？","寵物一生病就丟棄的人，真是「若即若離」","他缺乏耐性，總是「急公好義」，莽莽撞撞","經過這次教訓後，他「幡然悔悟」，痛改前非","期末將近，大家都「庸庸碌碌」，忙得不可開交","2","經過這次教訓後，他「幡然悔悟」，痛改前非","","答案 C。「幡然悔悟」指很快醒悟、悔改，後接「痛改前非」語意連貫。A「若即若離」是似近似遠，不能形容丟棄生病寵物的冷酷；B「急公好義」指熱心公益、好行義舉，不是缺乏耐性；D「庸庸碌碌」指平凡無所作為，與忙得不可開交不合。","[""先用白話說出每個成語的核心意思，再放回句子。"",""C 的「醒悟」自然導向「痛改前非」，前後語意一致。"",""A、B、D 的成語義分別和冷漠、急躁、忙碌不同，故排除。""]","成語題不要只憑熟悉度；把成語換成白話再檢查上下文。","[]","[]","","false","false","https://cap.rcpet.edu.tw/exam/112/112exam.html","https://drive.google.com/file/d/1dy9SuFFJro5R8SOIZRbA8ytq2Ol-UnZ9/view","","","","","","","","",""
"OFF-0461","國文","官方歷屆真題","112","15","會考總複習","歷屆會考","112年國文第15題","進階","歷屆真題","甲：花寒懶發鳥慵啼，信馬閑行到日西。何處未春先有思？柳條無力魏王堤。 ―― 白居易〈魏王堤〉 乙：陰陰溪曲綠交加，小雨翻萍上淺沙。鵝鴨不知春去盡，爭隨流水趁桃花。 ―― 晁沖之〈春日〉 關於這兩首詩的分析，下列敘述何者最恰當？","甲詩描寫清晨春寒料峭的景象","乙詩描寫春末溪邊所見的景致","兩詩首二句皆對仗，表達情思","兩詩皆屬七絕，只有偶句用韻","1","乙詩描寫春末溪邊所見的景致","","答案 B。乙詩寫「小雨」「溪曲」「浮萍」「鵝鴨」「桃花」，並說鵝鴨不知「春去盡」，可見是春末溪邊景象。A 的甲詩寫到日西，並非清晨；C 兩詩首二句並非都以對偶抒情；D 兩首皆為七言絕句，但用韻不能概括成「只有偶句」而忽略首句入韻及實際韻腳。","[""乙詩以「春去盡」及流水、桃花等線索標示暮春溪景。"",""逐項核對：甲詩明寫「到日西」；其他形式判斷亦不符合詩句與格律。"",""所以最恰當的是 B。""]","詩歌判讀先抓季節、時刻等明示詞，再判形式；格律題要逐句看韻腳。","[]","[]","","false","false","https://cap.rcpet.edu.tw/exam/112/112exam.html","https://drive.google.com/file/d/1dy9SuFFJro5R8SOIZRbA8ytq2Ol-UnZ9/view","","","","","","","","",""
"OFF-0462","國文","官方歷屆真題","112","16","會考總複習","歷屆會考","112年國文第16題","進階","歷屆真題","「蓋天下有反覆之小人，亦有反覆之君子。人但知不反覆不足以為小人，庸知不 反覆亦不足以為君子。蓋小人之反覆也，因風氣勢利之所歸，以為變動；君子之 反覆也，因學識之層累疊進，以為變動。其反覆同，其所以為反覆者不同。」根 據這段文字，作者認為「不反覆亦不足以為君子」的原因，最可能是下列何者？","小人若洗心革面，一反前非即可成為君子","為應對小人反覆，不得不改變既有的策略","順應民心的向背，選擇最適合現況的做法","隨著所知的增長，會修正自己原本的觀點","3","隨著所知的增長，會修正自己原本的觀點","","答案 D。作者把小人的「反覆」歸因於風氣與利益變化，把君子的「反覆」歸因於學識層層累積、見識逐步增長，因此君子也可能修正原先看法。D 正是隨所知增加而調整觀點。A 把小人改過當成君子成因；B、C 都把君子的變化誤解成迎合或權宜，與文中「學識」原因不符。","[""比較文中兩種反覆的原因，而不要只看表面上都在改變。"",""君子因學識累積而變動，表示認知更新後會修正舊見。"",""D 對應這個原因；B、C 的外在利勢因素屬作者描述的小人反覆。""]","文言議論題要分辨相同現象背後不同動機，尤其注意「其所以……不同」。","[]","[]","","false","false","https://cap.rcpet.edu.tw/exam/112/112exam.html","https://drive.google.com/file/d/1dy9SuFFJro5R8SOIZRbA8ytq2Ol-UnZ9/view","","","","","","","","",""
"OFF-0463","國文","官方歷屆真題","112","17","會考總複習","歷屆會考","112年國文第17題","進階","歷屆真題","以上是根據聯合國《2019年永續發展目標報告》製作的圖表。下列關於圖表內容 的推論，何者最不恰當？","甲： 82% 的全球女性未曾遭受來自伴侶的身體或性暴力","乙 ：全球女性在職場上擔任管理職位的比例較男性少","丙 ：全球女性的參政比例有所提升，但仍為少數","丁：2018 年至少有30%的20 至24 歲南亞女性結過婚","0","甲： 82% 的全球女性未曾遭受來自伴侶的身體或性暴力","","答案 A 最不恰當。圖中 18% 指「15 至 49 歲女性在過去 12 個月曾遭伴侶身體或性暴力」，不是全球女性終生或所有時段的比例。甲雖以 100%－18%=82% 計算，但把特定年齡、特定期間的調查擴寫成「全球女性」未曾遭受，統計範圍被不當擴大，因此不能如此推論。乙、丙、丁分別依管理職比例、參政比例上升及南亞 20–24 歲女性 18 歲前結婚率讀圖，均保留了圖表指標範圍。","[""先核對圖表標籤：18% 的母群是 15–49 歲女性，時間是過去 12 個月。"",""甲將補數 82% 改說成所有「全球女性」未曾遭遇，超出圖表的年齡與時間範圍。"",""題目問最不恰當的推論，故選 A；不能只做 100%－18%，還要保留統計母群和期間。""]","讀統計圖除了數值，也要完整保留母群、年齡、地區與時間範圍；補數不代表可任意泛化。","[]","[""./assets/official-exams/112-chinese-q17-sdg-chart.svg""]","./assets/official-exams/112-chinese-q17-sdg-chart.svg","true","false","https://cap.rcpet.edu.tw/exam/112/112exam.html","https://drive.google.com/file/d/1dy9SuFFJro5R8SOIZRbA8ytq2Ol-UnZ9/view","","","","","","","","",""
"OFF-0464","國文","官方歷屆真題","112","18","會考總複習","歷屆會考","112年國文第18題","進階","歷屆真題","「商代人只在上、下午各吃一餐，因為農業社會耕作頗費體力，早上需好好補 充精力，下午因太陽將西下，無法再工作，不如早睡早起，故不必吃得多。 春秋晚期以來，隨著牛耕鐵器的廣泛使用，尤其是戰國時代鐵器的普及，生產 力大大提高。社會的面貌起了很大的變化，人們的生活內容漸漸豐富起來，許 多人開始在夜間從事非生產性的工作，富人娛樂活動增加，便多一餐以補充體 力。」根據這段文字，古人從兩餐變成三餐的原因，與下列何者最不相關？","社會形態改變","夜間活動增加","耕作時間延長","鐵器廣泛使用","2","耕作時間延長","","答案 C「耕作時間延長」最不相關。文段說鐵器與牛耕提高生產力，使社會生活豐富；人們開始夜間從事非生產活動，富人增加娛樂，因而多吃一餐。它沒有說耕作時間延長，反而提到非生產性的夜間活動增加。A 社會形態改變、B 夜間活動增加、D 鐵器普及均在文中直接提供或可由因果脈絡推出。","[""抽出文段的因果鏈：農具進步→生產力提高→生活／夜間活動增加→增加餐次。"",""選項 C 的「耕作時間延長」沒有出現在因果鏈中。"",""其餘選項都有文句支持，因此選 C。""]","問「最不相關」時，逐一找選項在文本中的直接證據，不要用常識補出文章沒說的原因。","[]","[]","","false","false","https://cap.rcpet.edu.tw/exam/112/112exam.html","https://drive.google.com/file/d/1dy9SuFFJro5R8SOIZRbA8ytq2Ol-UnZ9/view","","","","","","","","",""
"OFF-0465","國文","官方歷屆真題","112","19","會考總複習","歷屆會考","112年國文第19題","進階","歷屆真題","「傳統布農族社會在舉行重大的祭儀活動前，族人會聚集在一起用木杵搗米準備 製作小米酒，發現不同的木杵會產生不同的聲響，因而將其作為合奏的樂器。後 來每當族人聽到杵音傳來，就知道最近聚落即將舉辦慶典，杵音也因而具有傳遞 訊息的功能。」根據這段文字，下列關於傳統布農族社會的推論，何者最恰當？","舉行重大慶典需要小米酒","透過傳遞木杵來交換訊息","依祭儀種類飲用不同的米酒","以整齊的杵音宣告祭儀開始","0","舉行重大慶典需要小米酒","","答案 A。重大祭儀前，族人聚集搗米製作小米酒；文中沒有說明酒是祭典不可或缺的必要條件，但這是四項中唯一能由準備行為合理推知的選項。杵音本身傳遞「近期將有慶典」的訊息，並非傳遞木杵；文中也未說不同祭儀配不同米酒，或杵音必須整齊、用來宣告儀式已開始。","[""分清文本中的兩件事：搗米釀酒是祭儀前準備，杵音則是通知慶典將近。"",""據此可推知重大慶典準備會製作小米酒，對應 A。"",""B 把聲音訊息誤成傳送木杵；C、D 加入文中未提的種類與開始時點。""]","推論題只能走到文本支持的程度；不要把「曾準備」擴大成所有祭典的絕對規定。","[]","[]","","false","false","https://cap.rcpet.edu.tw/exam/112/112exam.html","https://drive.google.com/file/d/1dy9SuFFJro5R8SOIZRbA8ytq2Ol-UnZ9/view","","","","","","","","",""
"OFF-0466","國文","官方歷屆真題","112","20","會考總複習","歷屆會考","112年國文第20題","進階","歷屆真題","蘇軾〈西江月〉：「世事一場大夢，人生幾度新涼？夜來風葉已鳴廊，看取眉 頭鬢上。 酒賤常愁客少，月明多被雲妨。中秋誰與共孤光，把盞淒然北 望。」下列關於詞句的說明，何者最不恰當？","「看取眉頭鬢上」表達自己年華老去","「酒賤常愁客少」意謂難以維持生計","「月明多被雲妨」比喻美好的事物不可能長久","「中秋誰與共孤光」流露想與親友團聚的心願","1","「酒賤常愁客少」意謂難以維持生計","","答案 B 最不恰當。「酒賤常愁客少」是酒價便宜卻仍愁客人稀少，寫的是知音／來客少的孤寂，不是經濟困窘、難以維生。A 從「眉頭鬢上」見衰老，C 由月被雲遮引出美好受阻的感慨，D「誰與共」則流露中秋無人共賞、思念親友之情，都能由詞句支持。","[""把「酒賤」和「客少」連讀：酒不貴仍愁少有人來，重點在客少。"",""B 把愁客少誤解成缺錢維生，和句面因果不合。"",""其他選項分別對應年華老去、月受雲妨與中秋孤寂，故 B 最不恰當。""]","古典詩詞不能只按單一字面解釋，要讀完整句的語意關係與情境。","[]","[]","","false","false","https://cap.rcpet.edu.tw/exam/112/112exam.html","https://drive.google.com/file/d/1dy9SuFFJro5R8SOIZRbA8ytq2Ol-UnZ9/view","","","","","","","","",""
"OFF-0467","國文","官方歷屆真題","112","21","會考總複習","歷屆會考","112年國文第21題","進階","歷屆真題","1866 至1900 年甲國茶葉出口歐洲略表 單位：萬擔 年分 出口總額 年分 出口總額 1866 120 1886 240 1869 150 1889 187 1872 170 1892 162 1879 198 1897 153 1882 201 1900 120 說明： 1866 至1886 年間，甲國茶葉出口逐年大幅增長。歐洲國家茶葉生產技術 發展起來後，甲國茶葉出口總額急轉直下。從1886 至1900 的十五年間，甲國 茶葉出口銳減，在歐洲茶葉市場的占有率也從原本幾乎100%，急遽下降至 10% 左右。 根據這份表格及說明，可以推論出下列何者？","甲國的茶葉生產技術在1886 年後越來越差","1900 年歐洲茶葉市場總交易量較1886 年少","1900 年甲國茶葉出口歐洲總額衰退至1886 年的 50%","1866 至1900 年間，甲國從茶葉出口國變成茶葉進口國","2","1900 年甲國茶葉出口歐洲總額衰退至1886 年的 50%","","答案 C。表中 1886 年出口 240 萬擔，1900 年為 120 萬擔；120÷240=0.5，故 1900 年出口量是 1886 年的一半。A 把出口下跌直接歸因於甲國技術變差，材料只說歐洲技術發展；B 不能由甲國出口量與市占率推出歐洲市場總量下降；D 沒有進口資料，無法說甲國已成進口國。","[""從表格取出兩個指定數值：1886 年 240、1900 年 120。"",""計算 120÷240=1/2，驗證 C。"",""A、B、D 都超出材料能支持的因果或市場資訊。""]","圖表推論先分清絕對量、比例與因果；沒有資料的部分不能靠想像補足。","[]","[]","","false","false","https://cap.rcpet.edu.tw/exam/112/112exam.html","https://drive.google.com/file/d/1dy9SuFFJro5R8SOIZRbA8ytq2Ol-UnZ9/view","","","","","","","","",""
"OFF-0468","國文","官方歷屆真題","112","22","會考總複習","歷屆會考","112年國文第22題","進階","歷屆真題","「復北上，行石罅中，石峰片片夾起，路宛轉石間，塞者鑿之，陡者級之，斷者 架木通之，懸者植梯接之。下瞰峭壑陰森，楓松相間，五色紛披，燦若圖繡。 因念黃山當生平奇覽，而有奇若此，前未一探，茲遊快且愧矣！」根據這段文 字，下列敘述何者最恰當？","作者對自己破壞自然環境感到慚愧","黃山片片石峰色彩繽紛，有如織錦","作者北上舊地重遊，乃因懷念黃山冬季美景","此遊窺得黃山奇景，作者心中因而喜愧交集","3","此遊窺得黃山奇景，作者心中因而喜愧交集","","答案 D。作者看見險峻曲折的山路與楓松交映、色彩如畫的景色，想到黃山本是平生奇觀，自己以前未曾一探，因此此遊既快慰又有遺憾／慚愧，D 概括「快且愧」。A 把愧意誤作破壞自然；B 誤把「五色紛披」所寫的楓松景色限定為石峰；C 文中沒有冬景或懷念舊遊。","[""把結尾「因念」「前未一探」「茲遊快且愧」連起來讀。"",""快在此次見到奇景，愧在過去未曾探訪；不是因破壞環境而愧。"",""因此 D 同時保留欣喜與遺憾，其他選項增加原文未說的情節。""]","文言情感題要把情緒詞回扣前因；同一段可能同時有喜與愧，別只抓一種。","[]","[]","","false","false","https://cap.rcpet.edu.tw/exam/112/112exam.html","https://drive.google.com/file/d/1dy9SuFFJro5R8SOIZRbA8ytq2Ol-UnZ9/view","","","","","","","","",""
"OFF-0469","國文","官方歷屆真題","112","23","會考總複習","歷屆會考","112年國文第23題","進階","歷屆真題","往歲士人多尚對偶為文，穆脩、張景輩始為平文，當時謂之古文。穆、張 嘗同造朝，適見有奔馬踐死一犬，二人各記其事。穆脩曰：「馬逸 ，有黃犬遇蹄而斃。」張景曰：「有犬死奔馬之下。」時文體新變，二人之語皆拙澀， 當時已謂之工，傳之至今。 根據這段文字，關於穆脩、張景針對奔馬踐死一犬的記事，下列敘述何者最恰當？
註：「逸」指奔跑。","穆脩記事只著眼於犬","張景記事只著眼於馬","二人用語崇尚句式對偶","二人用語皆為時人稱頌","3","二人用語皆為時人稱頌","","答案 D。段末說兩人的文章「皆拙澀，當時已謂之工，傳之至今」，表示當時人都稱許他們的寫法。穆脩句子著眼於馬奔逸、黃犬被蹄踏死；張景句子著眼於犬死在奔馬之下，兩人都寫馬與犬，非各只寫一者。題首明說新文體是平文，並非崇尚對偶。","[""先抓住作者的評語：「二人之語皆拙澀，當時已謂之工」。"",""「皆謂之工」表示兩人的記事都被當時人認為寫得好，對應 D。"",""A、B 把兩句各自描寫的對象說得過窄；C 與平文革新對偶文的背景相反。""]","古文閱讀留意評價詞；「謂之工」是判斷作者態度與他人評價的直接證據。","[]","[]","","false","false","https://cap.rcpet.edu.tw/exam/112/112exam.html","https://drive.google.com/file/d/1dy9SuFFJro5R8SOIZRbA8ytq2Ol-UnZ9/view","","","","","","","","",""
"OFF-0470","國文","官方歷屆真題","112","24","會考總複習","歷屆會考","112年國文第24題","進階","歷屆真題","「錢塘江石堤為洪濤所激，歲歲摧決。杜偉長為轉運使，人有獻說，自浙江稅場 以東，移退數里為月堤，以避怒水。眾水工皆以為善，獨一老水工以為不然， 密諭其黨：『移堤則歲無水患，吾等何所衣食？』眾人樂其利，乃從而和之。 偉長不悟其計，費以巨萬，而江堤之害仍歲有之。」根據這段文字，下列敘述 何者最恰當？","月堤耗時過久，使杜偉長浪費公帑","水工們為保生計，阻礙了移堤工程","老水工深知修築月堤無益於防堵水患","杜偉長堅持移堤，導致年年發生水患","1","水工們為保生計，阻礙了移堤工程","","答案 B。老水工指出，若月堤修成、江水不再決堤，水工們便失去工作與生計；因此他暗中勸同伴反對，眾人因可從工程獲利而附和。杜偉長未察覺其私心，花費巨資移堤，水患仍未消失。","[""先找老水工反對移堤的理由：「移堤則歲無水患，吾等何所衣食？」他擔心沒有水患便沒有工作。"",""「眾人樂其利，乃從而和之」說明其他水工也因工程利益而附和，不是判斷月堤無效。"",""因此水工為保住生計而阻撓移堤，答案 B；文中沒有說工程耗時過久，也沒有說杜偉長堅持造成水患。""]","文言文人物動機要回到直接引語判讀；「何所衣食」是在擔心生計，不是工程技術評估。","[]","[]","","false","false","https://cap.rcpet.edu.tw/exam/112/112exam.html","https://drive.google.com/file/d/1dy9SuFFJro5R8SOIZRbA8ytq2Ol-UnZ9/view","","","","","","","","",""
"OFF-0471","國文","官方歷屆真題","112","25","會考總複習","歷屆會考","112年國文第25題","進階","歷屆真題","【閱讀材料｜陳黎〈暖暖〉】
七堵八堵之後
這天氣，終於突圍
而出，暖暖起來
就像暖暖這小站

我們撐空檔下車
小站在月臺上
我說這地方原是
平埔族那那社所在

那是消失的哪一族
那是哪個年代
你急切地問這問那
我吶吶以對——

我只知道現在天氣
很好，暖暖。我們
在暖暖。像此時你
我們明亮的心情

也許車子再開動後
在哪個時間，到
哪個五結六結之地
哪裡又夢想起來

根據本詩，下列敘述何者最恰當？","第一節顯示車行至八堵之後天氣不佳","第二節說明作者此行目的地是暖暖","第三節可看出那那社名稱的由來","第四節點出作者珍惜當下的心境","3","第四節點出作者珍惜當下的心境","","答案 D。詩末以「現在天氣很好／暖暖」反覆寫眼前的晴朗與暖意，並以「讓我們明亮的心情」點出詩人珍惜當下、分享此刻的心境。","[""先看第四節的時間詞「現在」，確認描寫焦點已落在當下。"",""「天氣很好」「暖暖」呈現溫暖晴朗的感受，結尾又直接說「讓我們明亮的心情」。"",""這些語句共同表現享受並珍惜此刻，因此 D 最恰當；不能由地名直接推斷目的地或名稱由來。""]","詩歌題先抓末節的關鍵詞與情緒線索，不要只憑地名或個人聯想推論。","[]","[]","","false","false","https://cap.rcpet.edu.tw/exam/112/112exam.html","https://drive.google.com/file/d/1dy9SuFFJro5R8SOIZRbA8ytq2Ol-UnZ9/view","","","","","","","","",""
"OFF-0472","國文","官方歷屆真題","112","26","會考總複習","歷屆會考","112年國文第26題","進階","歷屆真題","【閱讀材料｜陳黎〈暖暖〉】
七堵八堵之後
這天氣，終於突圍
而出，暖暖起來
就像暖暖這小站

我們撐空檔下車
小站在月臺上
我說這地方原是
平埔族那那社所在

那是消失的哪一族
那是哪個年代
你急切地問這問那
我吶吶以對——

我只知道現在天氣
很好，暖暖。我們
在暖暖。像此時你
我們明亮的心情

也許車子再開動後
在哪個時間，到
哪個五結六結之地
哪裡又夢想起來

關於本詩的寫作手法，下列敘述何者錯誤？","以天氣的變化象徵越來越沉重的心情","以重複出現的字詞形成詩歌的韻律","運用諧音及詞義的雙關增添詩意","預想尚未發生的情景收束全詩","0","以天氣的變化象徵越來越沉重的心情","","答案 A。詩中寫天氣「終於突圍而出，暖暖起來」，後又說「現在天氣很好」及「我們明亮的心情」；沒有天氣轉好卻象徵心情愈沉重的線索。其餘選項可分別從反覆字詞、「暖暖」的語音與地名雙關，以及想像列車未來行程的末節找到依據。","[""核對詩中天氣與情緒的走向：天氣暖起來、變好，末節明說心情明亮。"",""因此「天氣變化象徵越來越沉重的心情」與詩句相反，是錯誤敘述。"",""重複詞形成節奏、詞語雙關增添趣味、預想未來情景收束，皆與詩中寫法相符，故選 A。""]","問「何者錯誤」時逐項找文本證據，尤其留意選項是否把情緒方向說反。","[]","[]","","false","false","https://cap.rcpet.edu.tw/exam/112/112exam.html","https://drive.google.com/file/d/1dy9SuFFJro5R8SOIZRbA8ytq2Ol-UnZ9/view","","","","","","","","",""
"OFF-0473","國文","官方歷屆真題","112","27","會考總複習","歷屆會考","112年國文第27題","進階","歷屆真題","【閱讀材料｜跳水】跳水選手從跳臺或跳板起跳，經過騰空、翻轉等動作後入水。歷史上有紀錄的第一場跳水比賽於1871年在倫敦泰晤士河舉行。大型比賽的個人賽配置7名評審，雙人賽配置11名評審。入水時若濺起過大的水花，會遭到扣分。
根據以上資料，下列關於跳水比賽的敘述，何者最恰當？","入水時水花的大小會影響分數高低","史上第一場跳水比賽是在室內舉行","奧運比賽的雙人賽必須配置7名評審","使用跳板起跳就可以獲得比較高的分數","0","入水時水花的大小會影響分數高低","","答案 A。跳水評分會考量入水效果，入水水花越小通常代表控制越好，因此水花大小會影響分數。第一場跳水比賽並非在室內舉行；雙人賽評審人數也不是 7 人；起跳器材本身不保證較高分。","[""由圖文的評分項目確認，入水時的水花控制屬於評分表現的一部分。"",""水花越小、入水越俐落，通常越能獲得較佳評價，所以水花大小會影響分數。"",""比對其他選項：第一場賽事地點不是室內；7 名評審屬個人賽資訊而非雙人賽；跳板不會自動加分，答案 A。""]","圖表題要分清楚個人賽與雙人賽的評分配置，勿把不同項目的數據互換。","[]","[]","","false","false","https://cap.rcpet.edu.tw/exam/112/112exam.html","https://drive.google.com/file/d/1dy9SuFFJro5R8SOIZRbA8ytq2Ol-UnZ9/view","","","","","","","","",""
"OFF-0474","國文","官方歷屆真題","112","28","會考總複習","歷屆會考","112年國文第28題","進階","歷屆真題","【閱讀材料｜跳水規則】每位評審每次給分範圍為0至10分。比賽前，選手須提交動作表，列明各跳動作及難度係數，並依表完成，否則該跳不予計分；每一跳都採計。奧運個人賽由7名評審評分，去除最高2分與最低2分後，將中間3分相加，再乘以該跳的難度係數。
根據以上規則，下列敘述何者最恰當？","毋須採計每一跳的得分，可擇優計算最後成績","選手完成一次跳水，每名評審最高只能給 10 分","若完成的動作比預定的難度更高，分數也會越高","選手每一跳須完成的難度係數，由現場抽籤決定","1","選手完成一次跳水，每名評審最高只能給 10 分","","答案 B。每位評審對單次動作最高給 10 分，實際總分再依評審人數刪除最高與最低分，並乘上動作難度係數。難度係數需由選手事先申報，不是現場抽籤；也不能只挑最好的一跳計分。","[""確認單一評審的給分範圍，上限是 10 分。"",""總成績會依規則處理各評審分數，再乘上該動作難度係數；不是擇優只算一跳。"",""難度係數由選手預先申報，不能因實際動作較難就自動提高原先係數，亦非抽籤決定，所以正確敘述是 B。""]","跳水分數分成評審執行分與事先申報的難度係數，兩者不要混為一談。","[]","[]","","false","false","https://cap.rcpet.edu.tw/exam/112/112exam.html","https://drive.google.com/file/d/1dy9SuFFJro5R8SOIZRbA8ytq2Ol-UnZ9/view","","","","","","","","",""
"OFF-0475","國文","官方歷屆真題","112","29","會考總複習","歷屆會考","112年國文第29題","進階","歷屆真題","【閱讀材料｜計分規則】奧運跳水個人賽由7名評審評分，去除最高2分與最低2分後，將中間3分相加，再乘以該跳的難度係數；每一跳都採計。
亞當是奧運跳水個人賽選手，他某次動作的難度係數是3.0，7位評審依序給分為7、8、8、7、9、7、9分。亞當此次跳水得分的計算方式應是下列何者？","( 7 + 7 + 7 ) × 3.0","( 7 + 7 + 8 ) × 3.0","( 7 + 8 + 8 ) × 3.0","( 8 + 7 + 9 ) × 3.0","2","( 7 + 8 + 8 ) × 3.0","","答案 C。七位評審給分為 7、8、8、7、9、7、9；依規則刪去最高的兩個 9 分及最低的兩個 7 分，保留 7、8、8，相加為 23，再乘難度係數 3.0，得 69 分。","[""將七個分數排序：7、7、7、8、8、9、9。"",""刪除最高兩分 9、9 與最低兩分 7、7，留下 7、8、8。"",""計算 (7+8+8)×3.0=23×3=69，對應選項 C。""]","先依評分規則刪除極端分數，再乘難度係數；不要直接把七位評審全加總。","[]","[]","","false","false","https://cap.rcpet.edu.tw/exam/112/112exam.html","https://drive.google.com/file/d/1dy9SuFFJro5R8SOIZRbA8ytq2Ol-UnZ9/view","","","","","","","","",""
"OFF-0476","國文","官方歷屆真題","112","30","會考總複習","歷屆會考","112年國文第30題","進階","歷屆真題","【閱讀材料｜改寫自鍾怡雯〈藏魂〉】
寒假期間的圖書館，呈現一種難得的閒逸姿態。這一棟半圓形的八層樓建築，環壁皆書，中間留下跟應用坪數相等的半圓形空間。從五樓俯望，偌大的建築顯得十分空洞。陰冷盤踞了多餘的空間，恍如進入一座潔淨，但森冷的納骨塔。整齊有序的書本，宛如一個個編號的骨灰罈，罈子裡都裝載著作者的魂。也許讀書的心都冬眠去了，這些思考宇宙大道，辯解生命本質的沉重書魂，都顯得有些黯然。
我通過文字開啟深邃寬廣的知識世界，同時釋放囚在罈子裡的書魂。我們的交談安靜而無聲。這種滅音的交談沒有負擔，對方的想法不盡完善，就在架上搜尋互為補強的觀點，讓不同意見的寄魂去辯駁。年輕的書魂總是按捺不住脾氣，氣勢凌厲且偏激；老書魂則不動如山，總能敗部復活，在逆境裡扭轉乾坤。讀書比看戲更令人著迷，難怪有不少讀者活著的時候就心甘情願把自己埋進納骨塔，想來精彩的書還真有勾魂攝魄的魅力。

文中「活著的時候就心甘情願把自己埋進納骨塔」的涵義，與下列何者最接近？","獲得精神食糧，沉浸書堆","倡導終身學習，推廣閱讀","喪失生命熱情，心如死灰","甘心隱姓埋名，不慕榮利","0","獲得精神食糧，沉浸書堆","","答案 A。「把自己埋進納骨塔」在本文以誇張、幽默方式形容作者活著時就長期待在圖書館與書堆中，從閱讀獲得精神滋養；並非真的談死亡或隱居避世。","[""把句子放回文章脈絡，作者談的是圖書館、閱讀與書籍，而不是喪葬或生命消逝。"",""「埋進納骨塔」是誇飾，指沉浸在藏書與閱讀環境中。"",""其意近於在書中獲得精神食糧、沉浸書堆，因此選 A；其他選項把比喻誤解為消沉、倡議或隱居。""]","理解誇張譬喻時要依上下文還原本意，不宜按字面解成死亡。","[]","[]","","false","false","https://cap.rcpet.edu.tw/exam/112/112exam.html","https://drive.google.com/file/d/1dy9SuFFJro5R8SOIZRbA8ytq2Ol-UnZ9/view","","","","","","","","",""
"OFF-0477","國文","官方歷屆真題","112","31","會考總複習","歷屆會考","112年國文第31題","進階","歷屆真題","【閱讀材料｜改寫自鍾怡雯〈藏魂〉】
寒假期間的圖書館，呈現一種難得的閒逸姿態。這一棟半圓形的八層樓建築，環壁皆書，中間留下跟應用坪數相等的半圓形空間。從五樓俯望，偌大的建築顯得十分空洞。陰冷盤踞了多餘的空間，恍如進入一座潔淨，但森冷的納骨塔。整齊有序的書本，宛如一個個編號的骨灰罈，罈子裡都裝載著作者的魂。也許讀書的心都冬眠去了，這些思考宇宙大道，辯解生命本質的沉重書魂，都顯得有些黯然。
我通過文字開啟深邃寬廣的知識世界，同時釋放囚在罈子裡的書魂。我們的交談安靜而無聲。這種滅音的交談沒有負擔，對方的想法不盡完善，就在架上搜尋互為補強的觀點，讓不同意見的寄魂去辯駁。年輕的書魂總是按捺不住脾氣，氣勢凌厲且偏激；老書魂則不動如山，總能敗部復活，在逆境裡扭轉乾坤。讀書比看戲更令人著迷，難怪有不少讀者活著的時候就心甘情願把自己埋進納骨塔，想來精彩的書還真有勾魂攝魄的魅力。

關於本文的寫作手法，下列敘述何者最恰當？","藉由宏偉的建築，對比個人的渺小","以不同年齡層的閱讀習慣，凸顯世代差異","將靜態的閱讀比擬為交談，產生動態的效果","視線推移自室內延伸至室外，強調知識的寬廣","2","將靜態的閱讀比擬為交談，產生動態的效果","","答案 C。本文把安靜閱讀寫成與書中人物相遇、交談，使原本靜態的閱讀活動具有互動與動態感；不是以建築對比個人，也沒有在年齡層或室內外視線間作主要鋪陳。","[""找出文章描述閱讀的核心寫法：讀者透過書籍與作者、人物交流。"",""這種把閱讀比作交談的方式，讓安靜的閱讀呈現互動感。"",""因此 C 的「靜態閱讀比擬為交談，產生動態效果」符合本文，其餘選項缺乏文章主軸依據。""]","寫作手法題要辨認作者如何呈現主題，不要把文章提到的場景誤當成主要手法。","[]","[]","","false","false","https://cap.rcpet.edu.tw/exam/112/112exam.html","https://drive.google.com/file/d/1dy9SuFFJro5R8SOIZRbA8ytq2Ol-UnZ9/view","","","","","","","","",""
"OFF-0478","國文","官方歷屆真題","112","32","會考總複習","歷屆會考","112年國文第32題","進階","歷屆真題","【閱讀材料甲｜改寫自樂羽嘉〈你真的能買下月球的土地嗎？〉】1968年，霍普創辦月球大使館公司，推出購買月球土地的服務，只要19.99美元就能買下月球上的一英畝土地。這間位於內華達州的公司宣稱握有好幾個星體的土地產權。霍普創立公司時正值失業、離婚，一切都糟透了。當時他想，如果他有土地，狀況或許會好一點。霍普回憶：「接著我看到了月亮，我想著，那裡有好多土地啊。」於是霍普調查《外太空條約》，發現條約僅明文禁止地球的國家主張其他星球的土地所有權，卻未規範私營公司。在當時，沒人想到會有公司這麼做。於是霍普飛奔去跑流程，而且從未有任何地球政府挑戰他販賣外太空地產的權限。

【閱讀材料乙｜改寫自曼恩〈月球土地先占先贏〉】1969年，美國太空人阿姆斯壯在月球上踏出人類的第一步；在此之前的兩年，聯合國大會才通過《外太空條約》並開放各國簽署，至今已有超過100個國家簽署。條約規定必須和平進行太空探索，並造福所有國家。此條約也提到，所有締約國都不可以主張天體的所有權，並要求締約國不可破壞他國的探測器或基地，例如不能降落在這些物體之上或附近。但這也產生了漏洞，讓國家或私人企業能以先占先贏的手段獨占有利的地點。2016年，美國天文物理學家艾維斯在《太空政策》期刊上提到：國家或私人企業都不能主張月球土地的所有權，否則將會引發「瓜分月球」效應，在某些方面就像1880年代許多國家開始「瓜分非洲」，在剛果爭相主張礦物資源的所有權一樣。

根據甲、乙兩文，下列敘述何者最恰當？","1880年代剛果曾提出瓜分非洲礦產的主張","月球大使館公司成立時，人類尚未踏上月球","沒人能挑戰霍普販賣月球地產是因《太空政策》期刊的論文","國家需實際登陸月球後，方可成為《外太空條約》的締約國","1","月球大使館公司成立時，人類尚未踏上月球","","答案 B。甲文指出霍普在 1968 年成立月球大使館公司並販售月球土地；乙文記載人類在 1969 年才登陸月球，因此公司成立時人類尚未踏上月球。","[""讀甲文的年份：月球大使館公司於 1968 年成立。"",""讀乙文的時間線：阿波羅 11 號於 1969 年首次載人登月。"",""1968 早於 1969，所以公司成立時人類尚未登月，答案 B；其他敘述與兩文提供的歷史資訊不符。""]","跨文本比較要先圈出年份與事件，再按時間先後核對，不要被相近的歷史名詞混淆。","[]","[]","","false","true","https://cap.rcpet.edu.tw/exam/112/112exam.html","https://drive.google.com/file/d/1dy9SuFFJro5R8SOIZRbA8ytq2Ol-UnZ9/view","","","","","","","","",""
"OFF-0479","國文","官方歷屆真題","112","33","會考總複習","歷屆會考","112年國文第33題","進階","歷屆真題","【閱讀材料甲｜改寫自樂羽嘉〈你真的能買下月球的土地嗎？〉】1968年，霍普創辦月球大使館公司，推出購買月球土地的服務，只要19.99美元就能買下月球上的一英畝土地。這間位於內華達州的公司宣稱握有好幾個星體的土地產權。霍普創立公司時正值失業、離婚，一切都糟透了。當時他想，如果他有土地，狀況或許會好一點。霍普回憶：「接著我看到了月亮，我想著，那裡有好多土地啊。」於是霍普調查《外太空條約》，發現條約僅明文禁止地球的國家主張其他星球的土地所有權，卻未規範私營公司。在當時，沒人想到會有公司這麼做。於是霍普飛奔去跑流程，而且從未有任何地球政府挑戰他販賣外太空地產的權限。

【閱讀材料乙｜改寫自曼恩〈月球土地先占先贏〉】1969年，美國太空人阿姆斯壯在月球上踏出人類的第一步；在此之前的兩年，聯合國大會才通過《外太空條約》並開放各國簽署，至今已有超過100個國家簽署。條約規定必須和平進行太空探索，並造福所有國家。此條約也提到，所有締約國都不可以主張天體的所有權，並要求締約國不可破壞他國的探測器或基地，例如不能降落在這些物體之上或附近。但這也產生了漏洞，讓國家或私人企業能以先占先贏的手段獨占有利的地點。2016年，美國天文物理學家艾維斯在《太空政策》期刊上提到：國家或私人企業都不能主張月球土地的所有權，否則將會引發「瓜分月球」效應，在某些方面就像1880年代許多國家開始「瓜分非洲」，在剛果爭相主張礦物資源的所有權一樣。

小貞讀過甲、乙兩文後，發現甲文中的霍普與乙文中的艾維斯對某項議題有歧見，這項議題最可能是下列何者？","太空探索是否應以和平進行為原則","國家是否可以獨占有利的登月地點","私人是否可以主張月球土地的所有權","非締約國是否可以破壞他國的探測器","2","私人是否可以主張月球土地的所有權","","答案 C。甲文的霍普主張個人可以販售月球土地，乙文的艾維斯則依《外太空條約》主張天體不得被據為己有；兩人爭議焦點是私人能否主張月球土地所有權。","[""整理甲文主張：霍普宣稱月球土地可由他販售。"",""整理乙文立場：艾維斯援引外太空相關條約，反對任何人占有天體。"",""兩文分歧指向個人是否能主張月球土地所有權，故選 C，而不是太空探索和平原則或國家登月地點。""]","比較不同作者時用「甲主張／乙反對」做對照，找出雙方真正相反的命題。","[]","[]","","false","true","https://cap.rcpet.edu.tw/exam/112/112exam.html","https://drive.google.com/file/d/1dy9SuFFJro5R8SOIZRbA8ytq2Ol-UnZ9/view","","","","","","","","",""
"OFF-0480","國文","官方歷屆真題","112","34","會考總複習","歷屆會考","112年國文第34題","進階","歷屆真題","【閱讀材料｜改寫自黃哲斌〈個資可以吃嗎？給現代公民的網路隱私守則〉】
「隱私」是一種多元流動的概念，窗簾代表一種隱私，提款卡密碼是一種隱私，筆電防窺貼片是一種隱私。在我讀高中的年代，「隱私」意謂著上鎖的日記本、父母進房間前先敲門。
如今在網路上，瀏覽紀錄、按讚喜好、地理位置、基本個資等這些看不到的數據，都是商業可變現、政治可操縱的黑箱資料。
以往，我們常嘲笑將網站密碼設為「1234」或自己生日的朋友，然而，真實世界更幽微：你是否知道，Google的智慧音箱、臉書的語音通話，都被他們錄下來，並交由人力聽取並抄錄，理由是「優化人工智慧」？你是否知道，YouTube因未經監護人同意，違法蒐集兒童隱私，被美國政府重罰？你是否知道，看似無關隱私的掃地機器人龍頭iRobot，執行長一度動念將機器人蒐集的用戶住家平面圖出售作為「智慧家庭」的數據資料庫，後因輿論反彈才作罷？
這些例子，說明數位時代「隱私」的高度複雜性，更別提，我們點閱特定產品網頁後，不管逛到哪個網站，同一產品廣告如影隨形。未來可能無論我們走到哪裡，戶外廣告牆會自動掃描每個人的眼球，播放符合個人興趣特徵的廣告。
關於網路隱私，當前最重要的挑戰是，當我們同意使用某一網路服務，形同自願交出私密資料。然而，我們完全不知道，誰可能取得這些資料，又會用在哪些地方？

根據本文，下列敘述何者最恰當？","「智慧家庭」的數據資料庫能保護網路隱私","網路上的瀏覽紀錄、按讚喜好具有商業價值","只要設好高強度的密碼，就不用擔心個資外洩","「優化人工智慧」是指電腦全面取代人類工作","1","網路上的瀏覽紀錄、按讚喜好具有商業價值","","答案 B。本文指出瀏覽紀錄、按讚喜好、位置等個人資料可被蒐集、分析並用於精準廣告，因此具有商業價值。資料庫並不等於隱私保護，高強度密碼也不能完全消除資料蒐集與外洩風險。","[""從本文列舉的資料類型找例子：瀏覽紀錄、按讚喜好與位置都能描繪使用者。"",""企業可利用這些資料進行分析、推薦與廣告投放，因此資料具有商業價值。"",""故 B 符合文意；其餘選項把資料蒐集誤說成保護隱私、把密碼當成全面保障，或曲解人工智慧優化。""]","個資保護題要區分「帳號安全」與「平台蒐集、利用資料」兩種不同風險。","[]","[]","","false","true","https://cap.rcpet.edu.tw/exam/112/112exam.html","https://drive.google.com/file/d/1dy9SuFFJro5R8SOIZRbA8ytq2Ol-UnZ9/view","","","","","","","","",""
"OFF-0481","國文","官方歷屆真題","112","35","會考總複習","歷屆會考","112年國文第35題","進階","歷屆真題","【閱讀材料｜改寫自黃哲斌〈個資可以吃嗎？給現代公民的網路隱私守則〉】
「隱私」是一種多元流動的概念，窗簾代表一種隱私，提款卡密碼是一種隱私，筆電防窺貼片是一種隱私。在我讀高中的年代，「隱私」意謂著上鎖的日記本、父母進房間前先敲門。
如今在網路上，瀏覽紀錄、按讚喜好、地理位置、基本個資等這些看不到的數據，都是商業可變現、政治可操縱的黑箱資料。
以往，我們常嘲笑將網站密碼設為「1234」或自己生日的朋友，然而，真實世界更幽微：你是否知道，Google的智慧音箱、臉書的語音通話，都被他們錄下來，並交由人力聽取並抄錄，理由是「優化人工智慧」？你是否知道，YouTube因未經監護人同意，違法蒐集兒童隱私，被美國政府重罰？你是否知道，看似無關隱私的掃地機器人龍頭iRobot，執行長一度動念將機器人蒐集的用戶住家平面圖出售作為「智慧家庭」的數據資料庫，後因輿論反彈才作罷？
這些例子，說明數位時代「隱私」的高度複雜性，更別提，我們點閱特定產品網頁後，不管逛到哪個網站，同一產品廣告如影隨形。未來可能無論我們走到哪裡，戶外廣告牆會自動掃描每個人的眼球，播放符合個人興趣特徵的廣告。
關於網路隱私，當前最重要的挑戰是，當我們同意使用某一網路服務，形同自願交出私密資料。然而，我們完全不知道，誰可能取得這些資料，又會用在哪些地方？

下列何者最符合本文的觀點？","廣告客製化意謂著消費者主導了市場走向","生活中使用網路服務，其實是用隱私換來的","企業與政府受到輿論壓力而開始保護個人資料","科技日新月異，可以保護我們的隱私不受侵犯","1","生活中使用網路服務，其實是用隱私換來的","","答案 B。本文提醒，日常使用網路服務時，平台會蒐集並利用個人資料；使用者換得便利服務的同時，也可能付出隱私作為代價。這不是說消費者因此主導市場，也不是科技能自動保障隱私。","[""確認文章討論的交換關係：使用者獲得網路服務，平台取得其使用行為與個人資料。"",""因此「用隱私換來服務」概括了作者對數位生活的提醒。"",""選 B；客製化廣告不代表消費者主導市場，科技進步也不等於隱私不受侵犯。""]","作者觀點題要找文章的警示或主張，別把便利服務誤當成個人完全掌控資料。","[]","[]","","false","true","https://cap.rcpet.edu.tw/exam/112/112exam.html","https://drive.google.com/file/d/1dy9SuFFJro5R8SOIZRbA8ytq2Ol-UnZ9/view","","","","","","","","",""
"OFF-0482","國文","官方歷屆真題","112","36","會考總複習","歷屆會考","112年國文第36題","進階","歷屆真題","【閱讀材料｜改寫自中野京子《療癒羅浮宮》】名畫〈拿破崙的加冕禮〉現藏於羅浮宮，由首席宮廷繪師雅克路易．大衛在加冕禮隔年開始起草，約兩年多完成。過去25代的法國國王都在巴黎東北方的蘭斯聖母院大教堂加冕。但拿破崙不願意被當成波旁王朝的繼承者，而自稱為「法國人的皇帝」，因此拒絕在蘭斯加冕，選擇在巴黎聖母院舉行加冕。同時仿效一千多年前的「羅馬人的皇帝」查理曼大帝，由羅馬教皇庇護七世主持，而不是蘭斯大主教。當年查理曼大帝都還是親自前往梵蒂岡，拿破崙卻要求教皇至巴黎主持加冕典禮。在大典開始前，拿破崙已經身著絳紅色皇袍，頭戴金質羅馬式的桂冠，手持權杖，且未等教皇拿祭壇上的皇冠，就自己戴上，接著又親手為皇后約瑟芬授冠。但對教會如此傲慢的態度，若如實畫出，真的好嗎？因此大衛決定採用皇帝給皇后加冕的畫面，而不談誰為拿破崙加冕。畫面的正中央是代表神權的十字架。從十字架、拿破崙、教皇由高到低的位置可看出拿破崙成了領軍人物，他跳過了代理神權的教會中介，直接實現了君權神授的完美結合。畫中拿破崙替皇后約瑟芬加冕，教皇庇護七世坐在拿破崙身後，面色凝重，但從教皇舉起的右手，還是可看出他正在為這一場面祝福。但這畫面仍有大衛虛構之處：當時拿破崙的母親根本沒有出席，也一併被畫在畫作裡。後來成為法國皇太后的她十分反對加冕典禮，擔憂兒子稱帝後將引發許多恐怖之事，因此遠走米蘭，在典禮結束後才回巴黎，將皇太后放入畫中是拿破崙本人提出的要求。至於畫作主角拿破崙，畫裡的他成了體型瘦高的男子，這自然是為了迎合身型矮小的拿破崙的虛榮心，好宣揚其驍勇善戰的英勇姿態，及帝王居高臨下、無人能左右的威權。

根據本文，拿破崙選擇在巴黎聖母院加冕的原因，最可能是下列何者？","仿效查理曼大帝的做法","承襲歷代法國王室的傳統","強調自己是新帝國的開創者","希望由教皇而非蘭斯大主教加冕","2","強調自己是新帝國的開創者","","答案 C。文中說拿破崙不願被視為波旁王朝繼承者，而自稱「法國人的皇帝」，因此拒絕在傳統的蘭斯加冕，藉巴黎聖母院加冕彰顯新帝國開創者身分。雖也仿效查理曼並由教皇主持，但這不是選址的主要原因。","[""文章對照傳統：法國國王通常在蘭斯加冕，拿破崙卻選巴黎聖母院。"",""這個刻意偏離傳統的選擇，與他要塑造新帝國開創者形象相呼應。"",""因此 C 最符合；不是單純仿效王室傳統，也不是要由教皇取代蘭斯大主教。""]","作者寫出「打破慣例」通常是重要線索，接著要推論人物想傳達的政治形象。","[]","[]","","false","true","https://cap.rcpet.edu.tw/exam/112/112exam.html","https://drive.google.com/file/d/1dy9SuFFJro5R8SOIZRbA8ytq2Ol-UnZ9/view","","","","","","","","",""
"OFF-0483","國文","官方歷屆真題","112","37","會考總複習","歷屆會考","112年國文第37題","進階","歷屆真題","【閱讀材料｜改寫自中野京子《療癒羅浮宮》】名畫〈拿破崙的加冕禮〉現藏於羅浮宮，由首席宮廷繪師雅克路易．大衛在加冕禮隔年開始起草，約兩年多完成。過去25代的法國國王都在巴黎東北方的蘭斯聖母院大教堂加冕。但拿破崙不願意被當成波旁王朝的繼承者，而自稱為「法國人的皇帝」，因此拒絕在蘭斯加冕，選擇在巴黎聖母院舉行加冕。同時仿效一千多年前的「羅馬人的皇帝」查理曼大帝，由羅馬教皇庇護七世主持，而不是蘭斯大主教。當年查理曼大帝都還是親自前往梵蒂岡，拿破崙卻要求教皇至巴黎主持加冕典禮。在大典開始前，拿破崙已經身著絳紅色皇袍，頭戴金質羅馬式的桂冠，手持權杖，且未等教皇拿祭壇上的皇冠，就自己戴上，接著又親手為皇后約瑟芬授冠。但對教會如此傲慢的態度，若如實畫出，真的好嗎？因此大衛決定採用皇帝給皇后加冕的畫面，而不談誰為拿破崙加冕。畫面的正中央是代表神權的十字架。從十字架、拿破崙、教皇由高到低的位置可看出拿破崙成了領軍人物，他跳過了代理神權的教會中介，直接實現了君權神授的完美結合。畫中拿破崙替皇后約瑟芬加冕，教皇庇護七世坐在拿破崙身後，面色凝重，但從教皇舉起的右手，還是可看出他正在為這一場面祝福。但這畫面仍有大衛虛構之處：當時拿破崙的母親根本沒有出席，也一併被畫在畫作裡。後來成為法國皇太后的她十分反對加冕典禮，擔憂兒子稱帝後將引發許多恐怖之事，因此遠走米蘭，在典禮結束後才回巴黎，將皇太后放入畫中是拿破崙本人提出的要求。至於畫作主角拿破崙，畫裡的他成了體型瘦高的男子，這自然是為了迎合身型矮小的拿破崙的虛榮心，好宣揚其驍勇善戰的英勇姿態，及帝王居高臨下、無人能左右的威權。

根據本文，大衛選擇採用拿破崙為約瑟芬加冕的畫面，原因最可能是下列何者？","強調皇后的重要性","避免損及教廷顏面","滿足拿破崙的虛榮","聽從拿破崙的指示","1","避免損及教廷顏面","","答案 B。文章指出拿破崙自行取冠、再替約瑟芬加冕的舉動對教會相當傲慢；大衛改畫皇帝替皇后授冠，避開誰替拿破崙加冕的敏感情節，以免損及教廷顏面。","[""先比對事件與畫面：歷史上拿破崙自行取冠加冕，畫作則呈現他為約瑟芬加冕。"",""這樣安排避開直接描繪他拒絕教皇授冠的敏感場景。"",""因此最可能是避免損及教廷顏面，答案 B；不是單純強調皇后地位或滿足虛榮。""]","藝術作品可能透過改變構圖修飾政治敏感事件，要留意畫面選擇與原事件的差異。","[]","[]","","false","true","https://cap.rcpet.edu.tw/exam/112/112exam.html","https://drive.google.com/file/d/1dy9SuFFJro5R8SOIZRbA8ytq2Ol-UnZ9/view","","","","","","","","",""
"OFF-0484","國文","官方歷屆真題","112","38","會考總複習","歷屆會考","112年國文第38題","進階","歷屆真題","【閱讀材料｜改寫自中野京子《療癒羅浮宮》】名畫〈拿破崙的加冕禮〉現藏於羅浮宮，由首席宮廷繪師雅克路易．大衛在加冕禮隔年開始起草，約兩年多完成。過去25代的法國國王都在巴黎東北方的蘭斯聖母院大教堂加冕。但拿破崙不願意被當成波旁王朝的繼承者，而自稱為「法國人的皇帝」，因此拒絕在蘭斯加冕，選擇在巴黎聖母院舉行加冕。同時仿效一千多年前的「羅馬人的皇帝」查理曼大帝，由羅馬教皇庇護七世主持，而不是蘭斯大主教。當年查理曼大帝都還是親自前往梵蒂岡，拿破崙卻要求教皇至巴黎主持加冕典禮。在大典開始前，拿破崙已經身著絳紅色皇袍，頭戴金質羅馬式的桂冠，手持權杖，且未等教皇拿祭壇上的皇冠，就自己戴上，接著又親手為皇后約瑟芬授冠。但對教會如此傲慢的態度，若如實畫出，真的好嗎？因此大衛決定採用皇帝給皇后加冕的畫面，而不談誰為拿破崙加冕。畫面的正中央是代表神權的十字架。從十字架、拿破崙、教皇由高到低的位置可看出拿破崙成了領軍人物，他跳過了代理神權的教會中介，直接實現了君權神授的完美結合。畫中拿破崙替皇后約瑟芬加冕，教皇庇護七世坐在拿破崙身後，面色凝重，但從教皇舉起的右手，還是可看出他正在為這一場面祝福。但這畫面仍有大衛虛構之處：當時拿破崙的母親根本沒有出席，也一併被畫在畫作裡。後來成為法國皇太后的她十分反對加冕典禮，擔憂兒子稱帝後將引發許多恐怖之事，因此遠走米蘭，在典禮結束後才回巴黎，將皇太后放入畫中是拿破崙本人提出的要求。至於畫作主角拿破崙，畫裡的他成了體型瘦高的男子，這自然是為了迎合身型矮小的拿破崙的虛榮心，好宣揚其驍勇善戰的英勇姿態，及帝王居高臨下、無人能左右的威權。

小銘畫了以下這張〈拿破崙的加冕禮〉模擬圖，根據本文對原畫的描述，模擬圖與原畫相比有一處明顯錯誤，最可能是下列何者？","十字架擺放的位置","拿破崙加冕的對象","教皇給予祝福的手","拿破崙母親的出席","0","十字架擺放的位置","","答案 A。本文明確指出十字架在畫面正中央；將模擬圖與原畫描述逐項比對，錯誤在十字架的位置。拿破崙替約瑟芬加冕、教皇舉右手祝福，以及未出席的母親被畫入，皆與文中記載相符。","[""回到文章對原畫的具體描述，定位十字架相對於教皇及人物的位置。"",""將模擬圖與文字描述逐項比對，十字架的位置不符。"",""因此錯誤為 A；題目其餘三項與文中描述相符。""]","圖文比對題逐項檢查方位與人物動作；不要只憑對歷史事件的印象判斷。","[]","[""./assets/official-exams/112-chinese-q38-figure.svg""]","./assets/official-exams/112-chinese-q38-figure.svg","true","true","https://cap.rcpet.edu.tw/exam/112/112exam.html","https://drive.google.com/file/d/1dy9SuFFJro5R8SOIZRbA8ytq2Ol-UnZ9/view","","","","","","","","",""
"OFF-0485","國文","官方歷屆真題","112","39","會考總複習","歷屆會考","112年國文第39題","進階","歷屆真題","大將軍仇鸞，始為曾銑所劾，欲倚嚴嵩以抗曾銑，故約為父子。已而鸞得帝重，嵩猶視之若子，遂浸相惡。嵩密疏毀鸞，帝不聽，而頗納鸞所陳嵩父子過，少疏之。嵩當入值，不召者數矣。嵩見徐階、李本入西內，即與俱入。至西華門，門者以非詔旨格之。嵩還第，父子對泣。時陸炳掌錦衣，與鸞爭寵，嵩乃結炳共圖鸞。會鸞病死，炳訐鸞陰事，帝追戮之。於是益信任嵩，遣所乘龍舟過海子召嵩，載值西內如故。
——改寫自《明史・奸臣》
註：「內」指宮廷。

根據本文，下列何者最可能是仇鸞與嚴嵩一開始交惡的原因？","嚴嵩私下上奏，詆毀仇鸞","嚴嵩與曾銑結盟，疏遠仇鸞","仇鸞向皇帝稟告嚴嵩父子的罪行","仇鸞權位日重，不願嚴嵩仍以子視之","3","仇鸞權位日重，不願嚴嵩仍以子視之","","答案 D。文中指出仇鸞權勢日增後，嚴嵩仍以父輩身分看待他，仇鸞卻不願再被當作晚輩，因此雙方關係轉壞。","[""先找兩人關係變化的時間線：嚴嵩原先以子輩看待仇鸞。"",""仇鸞得勢後不願維持這種長幼定位，雙方互動因此轉為不和。"",""所以最可能的起因是仇鸞權位日重、不願嚴嵩仍以子視之，答案 D。""]","人物關係題要注意身分稱謂及其變化；「以子視之」揭示的是長幼地位。","[]","[]","","false","true","https://cap.rcpet.edu.tw/exam/112/112exam.html","https://drive.google.com/file/d/1dy9SuFFJro5R8SOIZRbA8ytq2Ol-UnZ9/view","","","","","","","","",""
"OFF-0486","國文","官方歷屆真題","112","40","會考總複習","歷屆會考","112年國文第40題","進階","歷屆真題","大將軍仇鸞，始為曾銑所劾，欲倚嚴嵩以抗曾銑，故約為父子。已而鸞得帝重，嵩猶視之若子，遂浸相惡。嵩密疏毀鸞，帝不聽，而頗納鸞所陳嵩父子過，少疏之。嵩當入值，不召者數矣。嵩見徐階、李本入西內，即與俱入。至西華門，門者以非詔旨格之。嵩還第，父子對泣。時陸炳掌錦衣，與鸞爭寵，嵩乃結炳共圖鸞。會鸞病死，炳訐鸞陰事，帝追戮之。於是益信任嵩，遣所乘龍舟過海子召嵩，載值西內如故。
——改寫自《明史・奸臣》
註：「內」指宮廷。

下列文句的解說，何者最恰當？","門者以非詔旨格之：守門者將徐階、李本擋下","嵩還第，父子對泣：嚴嵩與仇鸞兩人盡釋前嫌","炳訐鸞陰事，帝追戮之：皇帝認為陸炳毀謗死者，憤而殺之","遣所乘龍舟過海子召嵩：皇帝以高規格召回嚴嵩，以示禮遇","3","遣所乘龍舟過海子召嵩：皇帝以高規格召回嚴嵩，以示禮遇","","答案 D。「遣所乘龍舟過海子召嵩」意為皇帝派遣自己乘坐的龍舟渡過海子召見嚴嵩；以皇帝御用龍舟召人，表現對嚴嵩的特別禮遇。","[""逐詞解讀：「遣」是派遣；「所乘龍舟」指皇帝乘坐的龍舟；「召嵩」是召見嚴嵩。"",""句子描述皇帝特別派船前往召人，不是守門者阻擋徐階、李本。"",""御用龍舟象徵高規格待遇，因此 D 的解說最恰當。""]","古文翻譯先切分動詞與受詞，再依人物身分判斷器物所代表的禮遇。","[]","[]","","false","true","https://cap.rcpet.edu.tw/exam/112/112exam.html","https://drive.google.com/file/d/1dy9SuFFJro5R8SOIZRbA8ytq2Ol-UnZ9/view","","","","","","","","",""
"OFF-0487","國文","官方歷屆真題","112","41","會考總複習","歷屆會考","112年國文第41題","進階","歷屆真題","【閱讀材料｜改寫自《列子・楊朱》】楊朱見梁王，言治天下如運諸掌。梁王曰：「先生有三畝之園而不能耘，而言治天下如運諸掌，何也？」對曰：「君不見牧羊者乎？百羊而群，使五尺童子荷杖隨之，欲東而東，欲西而西。使堯牽一羊，舜荷杖隨之，則不能前矣。且臣聞之：吞舟之魚，不游支流；鴻鵠高飛，不集汙池。何則？其志遠也。黃鐘大呂不可從繁奏之舞。何則？其音疏也。將治大者不治細，成大功者不成小，此之謂矣。」

根據本文，關於梁王與楊朱的敘述，下列何者最恰當？","梁王認為治理天下應重視禮樂之道","梁王質疑楊朱是否具有治理天下的能力","楊朱貶抑堯、舜，能治天下卻不能牧羊","楊朱以牧羊為例，說明治天下須從小事做起","1","梁王質疑楊朱是否具有治理天下的能力","","答案 B。梁王問楊朱是否有能力治理天下，楊朱回答治理天下不比牧羊更難，並以羊群需有人統御說明治理要領；這不是梁王主張禮樂，也不是楊朱貶低堯舜。","[""依文章開頭辨認問話者：梁王詢問楊朱能否治理天下。"",""楊朱以牧羊作比，說明治理在於掌握方法與統御，不是在提出從小事做起。"",""因此 B 準確概括梁王對楊朱治理能力的質疑，其他選項增添文中沒有的禮樂或貶抑之意。""]","文言對話題先標出誰問、誰答；比喻例子要服務於作者論點，不能照字面擴大解讀。","[]","[]","","false","true","https://cap.rcpet.edu.tw/exam/112/112exam.html","https://drive.google.com/file/d/1dy9SuFFJro5R8SOIZRbA8ytq2Ol-UnZ9/view","","","","","","","","",""
"OFF-0488","國文","官方歷屆真題","112","42","會考總複習","歷屆會考","112年國文第42題","進階","歷屆真題","【閱讀材料｜改寫自《列子・楊朱》】楊朱見梁王，言治天下如運諸掌。梁王曰：「先生有三畝之園而不能耘，而言治天下如運諸掌，何也？」對曰：「君不見牧羊者乎？百羊而群，使五尺童子荷杖隨之，欲東而東，欲西而西。使堯牽一羊，舜荷杖隨之，則不能前矣。且臣聞之：吞舟之魚，不游支流；鴻鵠高飛，不集汙池。何則？其志遠也。黃鐘大呂不可從繁奏之舞。何則？其音疏也。將治大者不治細，成大功者不成小，此之謂矣。」

下列文句，何者最能呼應文中「吞舟之魚，不游支流；鴻鵠高飛，不集汙池」的涵義？","狡兔死，良狗烹；高鳥盡，良弓藏","高飛之鳥，死於美食；深泉之魚，死於芳餌","騏驥千里，一日而達；駑馬十駕，旬亦至之","剖三寸之蚌，難得明月之珠；探枳棘之巢，難求鳳凰之雛","3","剖三寸之蚌，難得明月之珠；探枳棘之巢，難求鳳凰之雛","","答案 D。「吞舟之魚，不游支流；鴻鵠高飛，不集汙池」以大魚不游小支流、鴻鵠不棲污池，比喻追求非凡事物不能寄望於狹小低劣之處。D 說小蚌難得明珠、荊棘巢難有鳳雛，意旨相近。","[""拆解原句意象：能吞舟的大魚不會游在小支流；高飛的鴻鵠不會停在污濁池塘。"",""由大小與高下對比推得寓意：卓越、珍貴之物不會出現在狹小或低劣的環境。"",""D 以小蚌難出明珠、荊棘巢難有鳳凰對應此意，答案 D；A、B、C 分別談功臣遭棄、受誘惑而死、駿馬與駑馬。""]","寓言格言題先解釋意象，再找選項中相同的比喻關係，而非只找相同字詞。","[]","[]","","false","true","https://cap.rcpet.edu.tw/exam/112/112exam.html","https://drive.google.com/file/d/1dy9SuFFJro5R8SOIZRbA8ytq2Ol-UnZ9/view","","","","","","","","",""
"OFF-0661","國文","官方歷屆真題","113","1","會考總複習","歷屆會考","113年國文第1題","進階","歷屆真題","粉絲專頁貼文寫著「秋刀魚已經加薪了」，並標出新售價每條 50 元。這則貼文的用意最可能是什麼？","徵求粉絲專頁新小編","預告直播促銷的期程","暗示秋刀魚產季將近","宣布調漲秋刀魚價格","3","宣布調漲秋刀魚價格","","答案 D。貼文以「秋刀魚加薪」作諧趣說法，搭配「新售價 50 元／條」直接傳達售價調高。它不是徵求小編、預告直播，也不是暗示產季將近；核心訊息是宣布秋刀魚價格上漲。","[""先看貼文中最醒目的文字與數字：「新售價 50 元／條」及「加薪」。"",""「加薪」是把商品擬人化的幽默說法，實際上說的是價格調高。"",""因此貼文用意是宣布秋刀魚漲價，選 D。""]","作答時把題幹的關鍵詞改寫成檢核條件，再用材料中的明確證據逐一核對選項。","[]","[]","","false","false","https://cap.rcpet.edu.tw/exam/113/113exam.html","https://drive.google.com/file/d/1Xr5AwMNQipYZblCEbZadyBvLVcT_8XSv/view","","","","","","","","",""
"OFF-0662","國文","官方歷屆真題","113","2","會考總複習","歷屆會考","113年國文第2題","進階","歷屆真題","下列文句，何者用字完全正確？","那張字畫的真跡被竊後，至今不知所衷","他只知言襲前人作法，完全不懂得變通","你去失誤招領處詢問，也許能找回錢包","樹欲靜而風不止，為人子女盡孝要及時","3","樹欲靜而風不止，為人子女盡孝要及時","","答案 D。「樹欲靜而風不止」比喻子女想盡孝時，父母可能已不在，因此提醒孝親要及時。A 的「不知所衷」應作「不知所終」；B 的「言襲」應作「沿襲」；C 的「失誤招領處」應作「失物招領處」。只有 D 用字正確。","[""逐句檢查容易混淆的字：A「所衷」應作「所終」；B「言襲」應作「沿襲」。"",""C 的機構名稱應是「失物招領處」，不是「失誤招領處」。"",""D 的成語與孝親提醒用字正確，所以選 D。""]","字形題先辨認固定詞語，再檢查是否有同音近形字被替換。","[]","[]","","false","false","https://cap.rcpet.edu.tw/exam/113/113exam.html","https://drive.google.com/file/d/1Xr5AwMNQipYZblCEbZadyBvLVcT_8XSv/view","","","","","","","","",""
"OFF-0663","國文","官方歷屆真題","113","3","會考總複習","歷屆會考","113年國文第3題","進階","歷屆真題","下列文句中的謙詞，何者使用最恰當？","足球賽後，亞軍隊伍向冠軍隊伍道賀：「承讓了，恭喜！」","同樂會時，班長自告奮勇：「如果大家不嫌棄，我就獻醜了。」","主席在會議的結語：「感謝各位提供的淺見，我們會審慎評估。」","對宴會的主人說：「謝謝你準備的薄酌，讓大家吃得非常滿足。」","1","同樂會時，班長自告奮勇：「如果大家不嫌棄，我就獻醜了。」","","答案 B。「獻醜」是謙稱自己表演或作品不成熟，適合班長自告奮勇上台前使用。A「承讓」用於比賽中承蒙對手相讓，不是賽後道賀；C「淺見」是說自己的見解，主席不宜用來稱呼各位提供的意見；D「薄酌」是謙稱自己的酒菜，不適合用來稱讚主人準備的宴席。","[""辨認謙詞所指對象：獻醜、淺見、薄酌通常是說話者謙稱自己的表現、見解或酒菜。"",""B 班長要表演，說「如果大家不嫌棄，我就獻醜了」使用得當。"",""A「承讓」情境錯；C 把他人意見稱作「淺見」；D 把主人酒菜稱作「薄酌」，都不合禮貌對象，因此選 B。""]","謙詞要看「謙的是誰的東西」；不能拿自謙詞去貶稱對方的作品或款待。","[]","[]","","false","false","https://cap.rcpet.edu.tw/exam/113/113exam.html","https://drive.google.com/file/d/1Xr5AwMNQipYZblCEbZadyBvLVcT_8XSv/view","","","","","","","","",""
"OFF-0664","國文","官方歷屆真題","113","4","會考總複習","歷屆會考","113年國文第4題","進階","歷屆真題","某些問卷使用否定詞，受訪者有時不易理解而感到混淆。根據下表，阿寶的立場與其選擇相符的是哪一項？

問卷題目｜阿寶的立場｜阿寶的選擇
(A)您是否同意廢除最低工資的設立？｜最低工資要受到保障｜同意
(B)您是否同意禁止種植基因改造植物？｜反對基因改造｜同意
(C)您是否同意政府不應全面禁止動物實驗？｜人類福祉應優先於其他動物｜不同意
(D)您是否同意政府不可為了國家建設而提高稅率？｜不想多繳稅｜不同意","(A)最低工資要受到保障；同意廢除最低工資","(B)反對基因改造；同意禁止種植基因改造植物","(C)人類福祉應優先；不同意政府不應全面禁止動物實驗","(D)不想多繳稅；不同意政府不可提高稅率","1","(B)反對基因改造；同意禁止種植基因改造植物","","答案 B。B 的立場是反對基因改造，面對「是否同意禁止種植基因改造植物」回答同意，兩者一致。A 主張保障最低工資，卻同意廢除；C 優先考量人類福祉，卻不同意政府不應全面禁止動物實驗；D 不想多繳稅，卻不同意政府不可為建設提高稅率，皆與自己的立場不一致。","[""把雙重否定或政策方向改寫成白話：同意「禁止基改」代表支持停止種植基改植物。"",""B 的立場正是反對基因改造，因此回答「同意禁止」與立場吻合。"",""A、C、D 的選擇分別支持與自身立場相反的政策，故選 B。""]","問卷題先把「同意／不同意」後面的政策改寫成結果，再和受訪者立場比較，避免被否定詞繞住。","[]","[]","","false","false","https://cap.rcpet.edu.tw/exam/113/113exam.html","https://drive.google.com/file/d/1Xr5AwMNQipYZblCEbZadyBvLVcT_8XSv/view","","","","","","","","",""
"OFF-0665","國文","官方歷屆真題","113","5","會考總複習","歷屆會考","113年國文第5題","進階","歷屆真題","某書店開幕廣告以中秋夜為情境，邀請民眾到店喝咖啡、聽歌、讀書、跳舞、賞月，並標出開幕當晚的營業資訊。根據廣告內容，下列敘述何者錯誤？","融合節慶的元素","邀請民眾蒞店同樂","說明終身學習的重要","點出書店開幕日晚上營業","2","說明終身學習的重要","","答案 C。廣告用中秋夜與月兔等節慶意象營造氣氛，邀請民眾到店參加活動，也提供開幕當晚營業訊息；它沒有論述終身學習的重要性。讀書只是邀請到店的活動之一，不能據此把廣告目的說成宣揚終身學習。","[""從廣告辨認實際資訊：中秋節情境、邀請到店參與活動，以及開幕當晚營業安排。"",""檢查 C：廣告並未說明終身學習的價值或提出相關論證，只把讀書列為店內活動之一。"",""因此 C 是錯誤敘述；A、B、D 都能由廣告內容支持。""]","看廣告題要分清楚「出現某活動」與「宣揚某理念」；不可把單一活動擴大成文章主旨。","[]","[]","","false","false","https://cap.rcpet.edu.tw/exam/113/113exam.html","https://drive.google.com/file/d/1Xr5AwMNQipYZblCEbZadyBvLVcT_8XSv/view","","","","","","","","",""
"OFF-0666","國文","官方歷屆真題","113","6","會考總複習","歷屆會考","113年國文第6題","進階","歷屆真題","下列詞語中的「落」字，何者與「月落星沉」的「落」字意義相同？","下「落」不明","草木疏「落」","丟三「落」四","水「落」石出","3","水「落」石出","","答案 D。「月落星沉」的「落」是下降、沉下。D「水落石出」指水位下降後石頭顯露，「落」同樣表示下降。A「下落不明」指去向不明；B「草木疏落」指稀疏；C「丟三落四」的「落」是遺漏，意思都不同。","[""先確定「月落」是月亮降下地平線，不是遺失或稀少。"",""比較各選項：只有「水落石出」的「落」也表示水位退降。"",""所以選 D。""]","一字多義題要替每個字換成句中實際意思，再比較義項，不要只看整個成語熟不熟。","[]","[]","","false","false","https://cap.rcpet.edu.tw/exam/113/113exam.html","https://drive.google.com/file/d/1Xr5AwMNQipYZblCEbZadyBvLVcT_8XSv/view","","","","","","","","",""
"OFF-0667","國文","官方歷屆真題","113","7","會考總複習","歷屆會考","113年國文第7題","進階","歷屆真題","「人生，其實像一條從寬闊的平原走進森林的路。在平原上同伴可以結夥而行， 歡樂地前推後擠、相濡以沫。一旦進入森林，草叢和荊棘擋路，情形就變了， 各人專心走各人的路，尋找各人的方向。」這段文字的觀點與下列何者相去最遠？","人生總有坎坷，不會永遠是平順坦途","不論結伴或是獨行，皆應樂觀面對人生","天下無不散的筵席，朋友總有分離的時候","人的選擇不同，每個人都得自己去創造未來","1","不論結伴或是獨行，皆應樂觀面對人生","","答案 B。本文只對照人生前段可結伴、後段進入森林後各自尋路，指出每個人終究要尋找自己的方向；沒有談論應以樂觀態度面對人生。A 的平順轉坎坷、C 的同伴終會分離及 D 的各自開創未來，都能由這個比喻推得，與本文並不相遠。","[""平原上同伴可同行，象徵人生某些階段能與人相伴；進入森林後各走各路，象徵各自面對選擇。"",""因此文章重點是人生境遇與道路不同、方向需自己尋找。"",""B 加入「樂觀面對」的態度判斷，原文沒有提到，最遠；A、C、D 均與比喻相合。""]","題目問「相去最遠」時，找出選項中唯一額外加入、原文未談的觀念。","[]","[]","","false","false","https://cap.rcpet.edu.tw/exam/113/113exam.html","https://drive.google.com/file/d/1Xr5AwMNQipYZblCEbZadyBvLVcT_8XSv/view","","","","","","","","",""
"OFF-0668","國文","官方歷屆真題","113","8","會考總複習","歷屆會考","113年國文第8題","進階","歷屆真題","下列文句「」中的字，何者讀音正確？","在賣場集滿點數就可「兌」換商品：ㄩㄝˋ","一望無「垠」的海面上漂流著幾艘小船：ㄍㄣ","這場音樂會的門票開賣不久就售「罄」：ㄑㄧㄥˋ","櫃檯上的花瓶插了一束紫色的「桔」梗花：ㄓㄜˊ","2","這場音樂會的門票開賣不久就售「罄」：ㄑㄧㄥˋ","","答案 C。「罄」讀 ㄑㄧㄥˋ，售罄就是商品全部售完。A「兌」讀 ㄉㄨㄟˋ，不讀 ㄩㄝˋ；B「垠」讀 ㄧㄣˊ，不讀 ㄍㄣ；D「桔梗」的「桔」讀 ㄐㄧㄝˊ，不讀 ㄓㄜˊ。","[""逐一核對字音：兌 ㄉㄨㄟˋ、垠 ㄧㄣˊ、罄 ㄑㄧㄥˋ、桔 ㄐㄧㄝˊ。"",""只有 C 的「售罄」注音 ㄑㄧㄥˋ 正確。"",""故選 C。""]","多音或易誤讀字要連同詞語記憶；「售罄」常見於商品售完的公告。","[]","[]","","false","false","https://cap.rcpet.edu.tw/exam/113/113exam.html","https://drive.google.com/file/d/1Xr5AwMNQipYZblCEbZadyBvLVcT_8XSv/view","","","","","","","","",""
"OFF-0669","國文","官方歷屆真題","113","9","會考總複習","歷屆會考","113年國文第9題","進階","歷屆真題","【閱讀材料】由國家出資的遠征計畫經費較高，卻少有重大發現。官方主事者常攜帶大批補給裝備，而非輕裝簡從；又受政治考量限制，無法自行選拔合適成員。相較之下，私人支持的遠征隊較能達成目標，主事者專心致志，可主導成員挑選，每個人都有擅長領域。根據本文，私人支持的遠征隊較能達成目標的原因不包含下列何者？","政治考量較少","補給裝備較多","主事者權限較大","計畫成員較專業","1","補給裝備較多","","答案 B。本文說官方遠征隊攜帶大量補給、未能輕裝簡從；私人支持的隊伍較能達成目標，原因是政治限制較少、主事者可自行挑選成員，而且隊員各有所長。故「補給裝備較多」不但不是私人隊伍的優勢，還與文中描述的官方隊伍相對，選 B。","[""先圈出題目限定：問私人支持隊伍成功的原因「不包含」哪一項。"",""原文把大量補給、受政治考量牽制描述為官方隊伍的問題。"",""私人隊伍的優勢是政治考量少、主事者權限大、成員專業；補給裝備較多不是原因，選 B。""]","比較兩類事物時，可用表格分欄列出特徵，避免把甲方的缺點誤套到乙方。","[]","[]","","false","false","https://cap.rcpet.edu.tw/exam/113/113exam.html","https://drive.google.com/file/d/1Xr5AwMNQipYZblCEbZadyBvLVcT_8XSv/view","","","","","","","","",""
"OFF-0670","國文","官方歷屆真題","113","10","會考總複習","歷屆會考","113年國文第10題","進階","歷屆真題","〈瑯琊臺刻石〉是秦代的篆刻文字，其特點在於：用筆圓轉，結構勻稱，筆畫粗 細均勻。根據字體特徵，下列何者最可能是〈瑯琊臺刻石〉？","A","B","C","D","0","A","","答案 A。秦代《瑯琊臺刻石》屬小篆，字形特徵是線條圓轉、結構勻稱、筆畫粗細較一致。四幅字形中 A 的線條較圓整、布局均衡，符合小篆；其餘字形可見筆畫形態或結構不符。","[""依題幹列出的篆書特徵檢視字形：筆畫圓轉、左右均衡、線條粗細相對一致。"",""逐幅比較圖中 A–D，A 的字形最圓整、結構勻稱，最符合小篆。"",""故選 A；本題必須對照字形圖，不能只靠文字選項判斷。""]","辨字體要比較整體結構與筆勢；小篆常見圓轉、對稱、線條均勻。","[]","[""./assets/official-exams/113-chinese-q10-glyph-options.svg""]","./assets/official-exams/113-chinese-q10-glyph-options.svg","true","false","https://cap.rcpet.edu.tw/exam/113/113exam.html","https://drive.google.com/file/d/1Xr5AwMNQipYZblCEbZadyBvLVcT_8XSv/view","","","","","","","","",""
"OFF-0671","國文","官方歷屆真題","113","11","會考總複習","歷屆會考","113年國文第11題","進階","歷屆真題","下列各項比賽優勝的獎牌題辭，何者搭配最恰當？ 比賽項目 題辭","演說 妙筆生花","作文 新鶯出谷","書法 鐵畫銀鉤","歌唱 口若懸河","2","書法 鐵畫銀鉤","","答案 C。「鐵畫銀鉤」形容書法筆畫剛勁有力，適合書法比賽。A「妙筆生花」形容文筆優美，較適合作文；B「新鶯出谷」形容歌聲清脆婉轉，適合歌唱；D「口若懸河」形容善於說話，適合演說，不應配給歌唱。","[""把每個題辭的核心意象與比賽能力配對：妙筆對寫作、新鶯對歌聲、鐵畫銀鉤對筆畫、口若懸河對口才。"",""C 將書法與「鐵畫銀鉤」相配，最恰當。"",""A、B、D 分別把作文、歌唱、演說的題辭錯置，因此選 C。""]","題辭搭配要看詞語描寫的能力或形象，不要只憑熟悉感配對。","[]","[]","","false","false","https://cap.rcpet.edu.tw/exam/113/113exam.html","https://drive.google.com/file/d/1Xr5AwMNQipYZblCEbZadyBvLVcT_8XSv/view","","","","","","","","",""
"OFF-0672","國文","官方歷屆真題","113","12","會考總複習","歷屆會考","113年國文第12題","進階","歷屆真題","【閱讀材料】老農家貧在山住，耕種山田三四畝。苗疏稅多不得食，輸入官倉化為土。歲暮鋤犁傍空室，呼兒登山收橡實。西江賈客珠百斛，船中養犬長食肉。關於這首詩的說明，下列敘述何者最恰當？","就形式而言，是一首七言律詩","就類別而言，是一首山居躬耕的閒適詩","就內涵而言，描繪農民於繁重稅賦下艱困的生活","就技巧而言，以農家與商賈對比，凸顯人情的可貴","2","就內涵而言，描繪農民於繁重稅賦下艱困的生活","","答案 C。詩中農家收成稀少，稅賦沉重，糧食交入官倉後自己仍須登山採橡實充飢；後兩句再以富商船中養犬吃肉形成對照，凸顯農民生活困苦與分配不均。全詩八句、每句七字，但不是七言律詩；主旨也不是閒適或單純歌頌人情。","[""讀前四句：老農田少、禾苗稀疏，收成被稅賦徵走，官倉有糧而農家無食。"",""讀後四句：年末農家登山拾橡實，富商卻以珍珠換得大量財物，船上犬隻也能吃肉。"",""農民困苦與富商奢裕形成對比，詩的核心是沉重稅賦下的民生艱難，選 C。""]","古詩分析先抓人物處境與對比，再判斷主旨；形式特徵不能取代內容證據。","[]","[]","","false","false","https://cap.rcpet.edu.tw/exam/113/113exam.html","https://drive.google.com/file/d/1Xr5AwMNQipYZblCEbZadyBvLVcT_8XSv/view","","","","","","","","",""
"OFF-0673","國文","官方歷屆真題","113","13","會考總複習","歷屆會考","113年國文第13題","進階","歷屆真題","【閱讀材料】遺忘就像舞臺打燈後的暗處，漆黑越大片，就越能凸顯光照的明亮。遺忘幫我們揀選人生最值得珍惜的過往片段。因此，遺忘是無須哀悼的，忘得越多，就越應該把眼光投向光照的所在，那才是值得留戀的人事代謝。下列何者最接近本文作者的觀點？","生命中的人事代謝無須遺忘","遺忘如同舞臺上光照的所在","不被遺忘的事物才最值得珍惜","遺忘越多越能看見人生光明面","2","不被遺忘的事物才最值得珍惜","","答案 C。作者說遺忘能幫我們揀選值得珍惜的過往，並應把目光投向仍值得留戀的人事；因此 C 的「不被遺忘的事物才最值得珍惜」最接近。D 把「光照」誤解為一般人生光明面，沒有扣合原文所指的珍貴回憶；A、B 則否定或顛倒作者的比喻。","[""抓住作者明說的作用：「遺忘幫我們揀選人生最值得珍惜的過往片段」。"",""因此未被遺忘、仍留在記憶中的片段，正是作者認為值得珍惜的人事。"",""選 C；D 把「光照」泛化成看見人生光明面，沒有對應文中珍貴回憶的意思。""]","比喻題要先對應兩邊的元素，再回到作者明說的結論，避免只抓住單一意象。","[]","[]","","false","false","https://cap.rcpet.edu.tw/exam/113/113exam.html","https://drive.google.com/file/d/1Xr5AwMNQipYZblCEbZadyBvLVcT_8XSv/view","","","","","","","","",""
"OFF-0674","國文","官方歷屆真題","113","14","會考總複習","歷屆會考","113年國文第14題","進階","歷屆真題","「玉慘花愁出鳳城，蓮花樓下柳青青。尊前一唱〈陽關曲〉，別個人人第五程。尋好夢，夢難成。有誰知我此時情？枕前淚共階前雨，隔個窗兒滴到明。」關於這闋詞的分析，下列敘述何者錯誤？","首句情景交融，「慘」、「愁」二字點出別情","下闋首句點出「我」為了追尋理想而遠離佳人","末尾二句暗示「我」滿懷離情別緒，一夜未眠","上闋描寫分別時的情景，下闋描寫別後的思情","1","下闋首句點出「我」為了追尋理想而遠離佳人","","答案 B。下闋「尋好夢，夢難成」寫的是離別後想在夢中與佳人相會而不可得，並沒有說「我」為追求理想離開佳人。A 的「慘」「愁」呈現離情，C 以枕前淚與階前雨寫整夜難眠，D 也正確概括上闋離別、下闋別後相思；題目問錯誤敘述，因此選 B。","[""先分辨詞的上下闋：上闋寫出城送別與唱〈陽關曲〉，呈現分手場景。"",""下闋從「尋好夢，夢難成」轉入離別後的思念；沒有追求理想或主動遠行的資訊。"",""因此 B 錯；其餘選項分別符合別情、夢難成與上下闋情境，答案 B。""]","古典詩詞題要用原句限制推論；不能把「尋夢」擴大成追求理想，先判斷語境是相思還是志業。","[]","[]","","false","false","https://cap.rcpet.edu.tw/exam/113/113exam.html","https://drive.google.com/file/d/1Xr5AwMNQipYZblCEbZadyBvLVcT_8XSv/view","","","","","","","","",""
"OFF-0675","國文","官方歷屆真題","113","15","會考總複習","歷屆會考","113年國文第15題","進階","歷屆真題","「溝通包含了三要素：內容、語調、非語言行為。若某人說話時的語調、手勢、 表情，和他所說的內容不一致或情境模糊時，人們比較容易受到語調和非語言 行為的影響。」下列情境，何者最符合這段文字的內容？","說話用字過度簡潔，會讓人覺得沒有禮貌","同樣的內容，由嚴肅的老師說出來比較具有說服力","朋友收到禮物時臭著臉說「謝謝」，會覺得他其實並不開心","聽廣播時，因看不到主持人的表情、手勢，無法判斷內容的真實性","2","朋友收到禮物時臭著臉說「謝謝」，會覺得他其實並不開心","","答案 C。文字說明，當說話內容與表情、語調等非語言訊息不一致時，人們容易受後者影響。朋友嘴上說「謝謝」，卻臭著臉，表情和話語矛盾，因此旁人會推知他其實不開心，符合 C。A 談用字簡潔，B 說語調提升說服力，D 把看不到表情直接推成無法判斷真實性，都不是題幹所述情形。","[""抓住題幹規則：內容與語調、表情或手勢不一致時，接收者較容易受非語言行為影響。"",""C 的口語內容是感謝，臉色卻不悅，兩種訊息互相矛盾。"",""因此旁人依表情判斷其真實情緒，選 C。""]","對照題先找「說了什麼」和「表現如何」是否衝突；真正符合的是同時出現兩種不一致訊息的情境。","[]","[]","","false","false","https://cap.rcpet.edu.tw/exam/113/113exam.html","https://drive.google.com/file/d/1Xr5AwMNQipYZblCEbZadyBvLVcT_8XSv/view","","","","","","","","",""
"OFF-0676","國文","官方歷屆真題","113","16","會考總複習","歷屆會考","113年國文第16題","進階","歷屆真題","下列文句中的詞語，何者使用最恰當？","飲食應注重營養均衡，五穀不分才健康","這房子經歷風災依然堅固，真是不愧屋漏","使用儀器以蠡測海後，他終於得到準確數據","對於行將就木之人，世間的一切已無須牽掛","3","對於行將就木之人，世間的一切已無須牽掛","","答案 D。「行將就木」指人將近死亡，用來形容生命將盡者恰當。A「五穀不分」是分不清五穀，不是營養均衡；B「不愧屋漏」指獨處暗室仍無愧於心，不形容房屋堅固；C「以蠡測海」比喻用狹小方法估量廣大事物，不能表示用儀器得到準確數據。","[""先確認 D 的成語義：「行將就木」即將走進棺木，比喻人將近死亡，與句意相符。"",""A 的五穀不分指缺乏常識；B 的不愧屋漏談品德操守；C 的以蠡測海是以偏概全，三者都被誤用。"",""因此只有 D 用詞恰當。""]","成語選用要把成語換成白話再代回句子；字面能通不代表語意合適。","[]","[]","","false","false","https://cap.rcpet.edu.tw/exam/113/113exam.html","https://drive.google.com/file/d/1Xr5AwMNQipYZblCEbZadyBvLVcT_8XSv/view","","","","","","","","",""
"OFF-0677","國文","官方歷屆真題","113","17","會考總複習","歷屆會考","113年國文第17題","進階","歷屆真題","下列選項中的文字，旨在強調求學必須先立定志向。依據文意判斷，何者斷句 最恰當？","夫學者之欲至於聖賢猶射者，之求中夫正鵠也。不以聖賢為準的而學者是， 不立正鵠而射者也。","夫學者之欲至於聖賢，猶射者之求中夫正鵠也。不以聖賢為準的而學者， 是不立正鵠而射者也。","夫學者之欲，至於聖賢猶射者之求中。夫正鵠也，不以聖賢為準的，而學者 是不立正鵠而射者也。","夫學者之欲至，於聖賢猶射者之求。中夫正鵠也不以聖賢為準，的而學者是 不，立正鵠而射者也。","1","夫學者之欲至於聖賢，猶射者之求中夫正鵠也。不以聖賢為準的而學者， 是不立正鵠而射者也。","","答案 B。正確句意是「學者想成為聖賢，就像射箭者想射中靶心；不以聖賢為目標而求學，就像不立靶心便射箭」。B 在「聖賢」後斷開比喻，在「學者」後斷開條件與判斷，語意完整。其他選項把「猶」拆開、把「中夫正鵠」切斷，或拆散「準的」等詞，造成句法不通。","[""先找比喻句的對應：學者求成聖賢，猶如射者求中正鵠（靶心）。"",""下一句以「不以聖賢為準的而學者」作條件，後接「是不立正鵠而射者也」作比喻結論。"",""只有 B 保持兩句的主謂與比喻結構完整，故選 B。""]","文言斷句先找固定詞組和句法關係；「猶……也」通常構成完整比喻，不宜從中切開。","[]","[]","","false","false","https://cap.rcpet.edu.tw/exam/113/113exam.html","https://drive.google.com/file/d/1Xr5AwMNQipYZblCEbZadyBvLVcT_8XSv/view","","","","","","","","",""
"OFF-0678","國文","官方歷屆真題","113","18","會考總複習","歷屆會考","113年國文第18題","進階","歷屆真題","漢靈帝時，陳留蔡邕多次上書陳奏，違逆皇帝旨意，又遭內寵厭惡，擔心獲罪，於是逃往江海、遠避吳郡。吳人曾燒桐木煮食，蔡邕聽見木材燃燒的聲音，認出它是良材，便請來製琴，琴聲果然優美；因琴尾仍有燒焦痕跡，故名「焦尾琴」。根據這則故事，下列敘述何者最恰當？","焦尾琴因蔡邕識材而製成","吳人向來以燒桐製琴聞名","焦尾琴製成後經火烤而音色優美","蔡邕因忤逆上意而遭流放至吳郡","0","焦尾琴因蔡邕識材而製成","","答案 A。蔡邕聽出正在燃燒的桐木是良材，向燒木者索取後製成琴，琴聲美妙，焦痕留在琴尾，因此稱焦尾琴。B 把個別事件誤說成吳郡普遍製琴；C 誤以為琴成後再經火烤；D 把蔡邕避居吳郡說成被流放。","[""依事件順序整理：蔡邕聽燃燒聲辨出良材，請得桐木，削製成琴。"",""琴聲美妙，而木材原有的燒焦痕跡留在琴尾，名稱由此而來。"",""所以 A 符合因果；B、C、D 都增加或改變了原文沒有的事實，選 A。""]","文言敘事題先整理人物、動作、先後順序；不要把原因、結果或主詞互換。","[]","[]","","false","false","https://cap.rcpet.edu.tw/exam/113/113exam.html","https://drive.google.com/file/d/1Xr5AwMNQipYZblCEbZadyBvLVcT_8XSv/view","","","","","","","","",""
"OFF-0679","國文","官方歷屆真題","113","19","會考總複習","歷屆會考","113年國文第19題","進階","歷屆真題","「蝸以涎見覓，蟬以聲見黏，螢以光見獲。故愛身者，不貴赫赫之名。」這句話 的涵義與下列何者最接近？","人過留名，雁過留聲","所榮者善行，所恥者惡名","名不可簡而成，譽不可巧而立","樹大招風風損樹，人為名高傷喪身","3","樹大招風風損樹，人為名高傷喪身","","答案 D。蝸牛因黏液、蟬因鳴聲、螢火蟲因光亮而被人發現捕捉，接著作者勸愛惜自身者不要追求顯赫聲名。D「樹大招風、人為名高傷身」同樣指出過度顯眼容易招來傷害。A 鼓勵留名，B 談善惡名聲，C 談名譽取得不易，都沒有表達避免顯名以自保的警示。","[""先看三個例子共同點：蝸牛、蟬、螢火蟲因明顯特徵暴露而被捕。"",""作者由此推到人應避免追求過度顯赫的名聲，以免招來危害。"",""D 的樹大招風、名高傷身正是相同道理，選 D。""]","先從排比例子找共同因果，再選能保留「顯露而招禍」關係的成語或俗諺。","[]","[]","","false","false","https://cap.rcpet.edu.tw/exam/113/113exam.html","https://drive.google.com/file/d/1Xr5AwMNQipYZblCEbZadyBvLVcT_8XSv/view","","","","","","","","",""
"OFF-0680","國文","官方歷屆真題","113","20","會考總複習","歷屆會考","113年國文第20題","進階","歷屆真題","在象形字上附加符號表示抽象概念，是指事的造字方法之一。下列何者屬於這 種造字方法？","A","B","C","D","0","A","","答案 A。指事字會在象形字上加指示符號，表達抽象位置或概念；表格中的「本」在「木」字形下方加一橫，指出樹根所在，正是以木的象形為基礎再加符號。其餘字形不是這種在象形字上加標記的構造。","[""先認出造字原則：指事是用抽象符號標示位置或概念，有些字會在象形字上加一筆。"",""「本」由「木」加下方標記構成，標出樹根／根本的位置。"",""表格中符合此構造的是 A，故選 A；必須依字形表判斷。""]","辨指事字時注意附加符號的位置和功能；「本」的下橫不是樹枝，而是標出根部。","[]","[""./assets/official-exams/113-chinese-q20-zhi-shi-options.svg""]","./assets/official-exams/113-chinese-q20-zhi-shi-options.svg","true","false","https://cap.rcpet.edu.tw/exam/113/113exam.html","https://drive.google.com/file/d/1Xr5AwMNQipYZblCEbZadyBvLVcT_8XSv/view","","","","","","","","",""
"OFF-0681","國文","官方歷屆真題","113","21","會考總複習","歷屆會考","113年國文第21題","進階","歷屆真題","鞠武〈報燕太子丹書〉曰：「臣聞快於意者虧於行，甘於心者傷於性。今太子欲 滅悁悁 之恥，除久久之恨，此實臣所當糜軀碎首而不避也。私以為智者不冀僥 1 倖以要功，明者不苟從志以順心。事必成，然後舉；身必安，而後行。故發無 失舉之尤，動無蹉跌 之愧也。太子貴匹夫之勇，信一劍之任，而欲望功，臣以 2 為疏。」關於這段文字的寫作分析，下列敘述何者最恰當？

字詞註釋：悁悁，憤怒；蹉跌，失誤。","分析個中利害關係，鼓勵太子須建功立業","採取先抑後揚筆法，肯定太子能獨當一面","以工整句式加強文氣，勸諫太子應謀定而後動","列舉前人失敗的事例，提醒太子不宜心存僥倖","2","以工整句式加強文氣，勸諫太子應謀定而後動","","答案 C。鞠武先承認太子想雪恥報仇的心情，再用對偶句「事必成，然後舉；身必安，而後行」說明行動前須確認可成且自身安全，最後指出太子只憑匹夫之勇、一劍之任而求功，謀略不足。本文以整齊句式強化勸諫，主張謀定而後動。","[""先讀核心對偶句：「事必成，然後舉；身必安，而後行」，兩句結構相對，提出行動的先決條件。"",""再看前後文，鞠武勸太子不要只憑一時意氣和個人勇力，應先確保計畫可行、安全。"",""因此寫作方式是運用工整句式勸謀定後動，選 C；文章沒有列舉前人失敗事例。""]","分析勸諫文要同時看句式與說理方向；成對句往往是論點最凝練的證據。","[]","[]","","false","false","https://cap.rcpet.edu.tw/exam/113/113exam.html","https://drive.google.com/file/d/1Xr5AwMNQipYZblCEbZadyBvLVcT_8XSv/view","","","","","","","","",""
"OFF-0682","國文","官方歷屆真題","113","22","會考總複習","歷屆會考","113年國文第22題","進階","歷屆真題","【閱讀材料】商人某日經過直隸，遇大雨雹，躲在禾田中，聽見空中說：「此張不量田，勿傷其稼。」雨停後，別人的田都倒伏毀壞，只有張家的田無恙。原來張家積糧很多，每年春天借糧給貧民，收還時不計較多少，不曾用量器硬取足額，因此鄉人稱他「不量」。根據本文，「張田獨無恙」的原因最可能是什麼？","張氏行善積德，得到護佑","貧民虔誠祈願，感動上天","張氏田產甚多無法丈量，看不出損失","賈人福澤深厚，連帶使張田倖免於難","0","張氏行善積德，得到護佑","","答案 A。故事把張家田地免於冰雹破壞，連結到張氏長期借糧救濟貧民、收還時不苛求足額的善行，暗示善行得到護佑。文中沒有說貧民祈願，也不是張家田地太多難以丈量；商人只是目擊者，並未使張田倖免。","[""找出作者交代的原因：張氏常借糧給貧民，收回時不計較多寡，不強求足額。"",""這些行為顯示他樂善好施，故事以此解釋張田未受災，帶有善有善報的因果觀。"",""所以選 A；B、C、D 都沒有文中依據。""]","文言故事的因果題要找「蓋」「故」等解說語；不要把故事的超自然情節誤當作有明示證據的其他原因。","[]","[]","","false","false","https://cap.rcpet.edu.tw/exam/113/113exam.html","https://drive.google.com/file/d/1Xr5AwMNQipYZblCEbZadyBvLVcT_8XSv/view","","","","","","","","",""
"OFF-0683","國文","官方歷屆真題","113","23","會考總複習","歷屆會考","113年國文第23題","進階","歷屆真題","【閱讀材料】目前鰲鼓濕地水位升高，黑面琵鷺棲息處距賞鳥亭 300 多公尺；往年水位低時，沙洲露出，鳥群約在亭前 50 公尺。今年觀賞須帶高倍望遠鏡。賞鳥期為 11 月 1 日至次年 2 月 18 日，期間假日 8 時至 16 時實施車輛管制，改由北閘門進、南閘門出。根據本文，下列敘述何者最恰當？","水位越低時，越需要使用高倍望遠鏡觀察","黑面琵鷺的棲地會隨著賞鳥亭的位置改變","賞鳥期間進入溼地的車輛全天候均須管制","非假日到溼地賞鳥，車輛可從南閘門進入","3","非假日到溼地賞鳥，車輛可從南閘門進入","","答案 D。管制只在賞鳥期的假日 8 時至 16 時實施，該時段才改為北閘門進、南閘門出；非假日不在這項管制時段內，因此仍可由南閘門進入。A 把望遠鏡需求說反；B 是棲地與亭距離改變，不是棲地隨亭移動；C 把假日時段限定誤成全天候。","[""分清水位與觀賞距離：今年水位高、距離較遠，所以今年更需要高倍望遠鏡，A 顛倒因果。"",""管制條件是賞鳥期內的假日 8–16 時，不是整個賞鳥期全天，故 C 錯。"",""題目說原先南、北閘門都可自由進出，新的單向規則限於假日管制時段；非假日可從南閘門進，選 D。""]","公告題務必圈出日期、星期條件與時段；「期間逢假日」不等於整個期間天天管制。","[]","[]","","false","false","https://cap.rcpet.edu.tw/exam/113/113exam.html","https://drive.google.com/file/d/1Xr5AwMNQipYZblCEbZadyBvLVcT_8XSv/view","","","","","","","","",""
"OFF-0684","國文","官方歷屆真題","113","24","會考總複習","歷屆會考","113年國文第24題","進階","歷屆真題","「夫繭，捨而不治，則腐蠹而棄。使女工繅 之，以為美錦，國君服而朝之。 1 身者，繭也，捨而不治，則智行腐蠹。使賢者教之，以為世士，則天下諸侯莫 敢不敬。」關於本文的分析，下列敘述何者最恰當？

字詞註釋：繅，音ㄙㄠ，煮繭抽絲。","以繭為喻，說明教化對修身的重要","以身著美錦，暗指上位者奢靡誤國","以女工與賢者對照，強調環境的影響","以腐蠹的蠶繭，嘲諷國政的敗壞衰頹","0","以繭為喻，說明教化對修身的重要","","答案 A。文章先說蠶繭若不處理會腐壞，經女工抽絲才能成為美錦；接著以「身者，繭也」作比，指出人若不受教化，智慧品行也會腐敗，經賢者教導才可能成為受敬重的士人。核心是借繭喻人，說明教化修身的重要。","[""讀出明喻：「身者，繭也」把人的身心比作尚未加工的蠶繭。"",""蠶繭經女工抽絲成錦，對應人經賢者教導而修養成才。"",""所以作者以繭為喻，說明教化對修身的重要，選 A；其餘選項都把重點轉成奢靡、環境或國政。""]","古文譬喻題先找明確的「甲者，乙也」，再配對兩邊的變化與作用。","[]","[]","","false","false","https://cap.rcpet.edu.tw/exam/113/113exam.html","https://drive.google.com/file/d/1Xr5AwMNQipYZblCEbZadyBvLVcT_8XSv/view","","","","","","","","",""
"OFF-0685","國文","官方歷屆真題","113","25","會考總複習","歷屆會考","113年國文第25題","進階","歷屆真題","【閱讀材料】最近經常想起愛丁堡，可能是冬天到了的緣故，我就想起那個寒冷的城市。但想起愛丁堡時，記憶幾乎都局限在從宿舍到圖書館的一段路。其他地方，有時連路名都想不起來。我在那個城市住了三年多，但從離開的那天起，有關它的記憶愈來愈縮小，失去細節的厚度。

在愛丁堡的期間，最常走的一段路，是從宿舍到國家圖書館。有時也會為了特定的資料，改去大學總圖或神學院圖書館。我喜歡圖書館，尤其老圖書館厚重的木頭桌椅、沉靜的氣氛和古舊味。但每天最盼望的，還是我給自己訂下的休息時間──下午三、四點到街市旁的大象咖啡館喝咖啡、吃杏仁糖餅、看報紙。那家咖啡館有一面窗正對著街市的城堡。從遙遠的街道往咖啡館望，這座冷寂的城堡，好像一種提醒。城堡的歷史以千年計，崢嶸以萬年計，眼下我以日計算的時間，不過是零頭。

二十幾歲的時候，人和城市的關係是有目的性的，有了目標就偏航。你去到一個地方，心裡清楚不只是經過，只是為了完成些什麼，然後又以行李往別處去。例如留學，每個留學生的心裡都有一張時間表，底層是完成學業與回家的時間──那往往和獎學金的年限有關。懷著這張時間表生活，每一天都不是獨立的日子，「現在」不只是現在，是朝向日後而存在，日子長長地投影在未來。

那是一種生活在他方。只是當時不覺得如此忙，往後回想，才看出其中的風塵僕僕。那時我們都還不知道，攜帶著單一的目標去生活是件掛一漏萬的事。二十來歲時銳意求知，要到稍晚才學會，那個尖銳的姿態，同時也是狹窄的。

──張惠菁〈冬城〉

關於文中的「我」，下列敘述何者最恰當？","在愛丁堡的期間是帶有目的性的停留","認為去大象咖啡館是一種偏頗的決定","因沉浸在老圖書館的氛圍裡而忘卻時間","討厭愛丁堡的寒冷而不願回想留學時光","0","在愛丁堡的期間是帶有目的性的停留","","答案 A。文中說二十幾歲時人與城市的關係帶有目的性，留學者心中有完成學業與返家的時間表，愛丁堡三年多的停留也嵌在這段有目標的求學生活中。作者喜歡老圖書館，但沒有說因此忘記時間；去大象咖啡館是休息安排，不是偏頗決定；他懷念這座城市，也不是討厭寒冷。","[""找出作者對年輕時停留城市的概括：帶著目標前往，完成一件事後再離開。"",""文中明說留學時間受學業和獎學金年限安排，愛丁堡停留具有目的性。"",""因此選 A；B、C、D 都把作者的喜愛或回憶曲解成否定態度。""]","閱讀題需區分作者明說的回憶與選項自行加上的情緒判斷。","[]","[]","","false","false","https://cap.rcpet.edu.tw/exam/113/113exam.html","https://drive.google.com/file/d/1Xr5AwMNQipYZblCEbZadyBvLVcT_8XSv/view","","","","","","","","",""
"OFF-0686","國文","官方歷屆真題","113","26","會考總複習","歷屆會考","113年國文第26題","進階","歷屆真題","【閱讀材料】最近經常想起愛丁堡，可能是冬天到了的緣故，我就想起那個寒冷的城市。但想起愛丁堡時，記憶幾乎都局限在從宿舍到圖書館的一段路。其他地方，有時連路名都想不起來。我在那個城市住了三年多，但從離開的那天起，有關它的記憶愈來愈縮小，失去細節的厚度。

在愛丁堡的期間，最常走的一段路，是從宿舍到國家圖書館。有時也會為了特定的資料，改去大學總圖或神學院圖書館。我喜歡圖書館，尤其老圖書館厚重的木頭桌椅、沉靜的氣氛和古舊味。但每天最盼望的，還是我給自己訂下的休息時間──下午三、四點到街市旁的大象咖啡館喝咖啡、吃杏仁糖餅、看報紙。那家咖啡館有一面窗正對著街市的城堡。從遙遠的街道往咖啡館望，這座冷寂的城堡，好像一種提醒。城堡的歷史以千年計，崢嶸以萬年計，眼下我以日計算的時間，不過是零頭。

二十幾歲的時候，人和城市的關係是有目的性的，有了目標就偏航。你去到一個地方，心裡清楚不只是經過，只是為了完成些什麼，然後又以行李往別處去。例如留學，每個留學生的心裡都有一張時間表，底層是完成學業與回家的時間──那往往和獎學金的年限有關。懷著這張時間表生活，每一天都不是獨立的日子，「現在」不只是現在，是朝向日後而存在，日子長長地投影在未來。

那是一種生活在他方。只是當時不覺得如此忙，往後回想，才看出其中的風塵僕僕。那時我們都還不知道，攜帶著單一的目標去生活是件掛一漏萬的事。二十來歲時銳意求知，要到稍晚才學會，那個尖銳的姿態，同時也是狹窄的。

──張惠菁〈冬城〉

文末「那個尖銳的姿態，同時也是狹窄的」這句話，最可能是什麼意思？","粗心大意，挂一漏萬的情況一再出現","年少時個性尖銳，只想處處與人爭鋒","器量狹小，容不下別人一丁點的錯誤","眼前只有單一的目標，視野不夠開闊","3","眼前只有單一的目標，視野不夠開闊","","答案 D。作者回望二十幾歲時帶著單一目標生活，當時銳意求知、急著完成學業，卻因此忽略沿途生活的細節；「尖銳」指目標明確而強烈，「狹窄」則指出視野只朝單一目標，未能容納其他經驗。不是粗心失誤、好爭或器量狹小。","[""先接回前文：作者說年輕留學生常把生活排進時間表，只朝完成學業等目標前進。"",""「尖銳」形容目標集中、追求急切；「同時也是狹窄」補充其代價是視野與生活經驗受限。"",""所以 D「眼前只有單一目標，視野不夠開闊」最貼切。""]","抽象語句要從作者前面描述的生活方式找線索，再解釋比喻兩端的正面與代價。","[]","[]","","false","false","https://cap.rcpet.edu.tw/exam/113/113exam.html","https://drive.google.com/file/d/1Xr5AwMNQipYZblCEbZadyBvLVcT_8XSv/view","","","","","","","","",""
"OFF-0687","國文","官方歷屆真題","113","27","會考總複習","歷屆會考","113年國文第27題","進階","歷屆真題","【閱讀材料】綏夫特《格理弗遊記》（舊譯《格列佛遊記》），或《大小人國遊記》，在中文世界裡幾乎是盡人皆知的兒童文學，但在英美文學裡卻是嚴肅的諷刺人性、英國時政與權貴的作品。原書有四冊，但許多譯本只有第一、二冊的《小人國》、《大人國》，使人無法窺其全貌。

在原始版本中，《小人國》王將三種不同顏色的絲線：藍、紅、綠，賞賜給表演凌波舞的侏儒摔跤手。這三種不同顏色的絲線，是分別刺繡在時稱三種頭子爵士的勳章上：藍色綬帶的嘉德勳章、紅色綬帶的巴斯勳章、綠色綬帶的薊勳章。因為凌波舞高手的筋骨要很柔軟，綏夫特用來影射沒有骨氣的人才能得到寵愛、成為高官。但也因為暗示過於明顯，出版商擔心會得罪當道，所以在出版時將絲線的顏色改為紫、黃、白。顏色一改，寓意就煙消雲散。

此外，早期的中文版有許多誤譯之處。如原書中應搭配「冒險」一詞，卻被譯成「格物學」。所學的內容一變，主人翁船長的身分也就變了，在長途航行中該如何發揮所學令人有些困惑。由此可見，翻譯時被誤解的內容，有時會有極大的影響。

──改寫自中央研究院「研之有物」網站

根據本文，出版社把原書絲線的顏色改掉，造成的影響最可能是下列何者？","失去原本的隱喻，使讀者無法感受作者諷刺的用意","混淆勳章的配色，使讀者誤解不同貴族的代表顏色","過度渲染舞蹈的功能，以為是貴族階層流行的風尚","刻意淡化階級的對立，營造出社會繁榮和諧的假象","0","失去原本的隱喻，使讀者無法感受作者諷刺的用意","","答案 A。原書以不同顏色絲線對應英國勳章，諷刺柔弱逢迎者因討好權貴而受寵。出版社把藍、紅、綠改成紫、黃、白後，顏色與勳章的對應關係消失，讀者便難以讀出作者借舞蹈與勳章諷刺權貴、阿諛者的用意。","[""先找原書顏色的功能：藍、紅、綠絲線分別對應英國不同勳章。"",""這種對應讓讀者看出授勳與討好權貴的諷刺；絲線顏色被改後，對應線索不見。"",""因此原有隱喻和諷刺效果被削弱，選 A。""]","讀諷刺作品時要把虛構細節對回現實象徵；刪改細節可能改變作品的批判效果。","[]","[]","","false","false","https://cap.rcpet.edu.tw/exam/113/113exam.html","https://drive.google.com/file/d/1Xr5AwMNQipYZblCEbZadyBvLVcT_8XSv/view","","","","","","","","",""
"OFF-0688","國文","官方歷屆真題","113","28","會考總複習","歷屆會考","113年國文第28題","進階","歷屆真題","【閱讀材料】綏夫特《格理弗遊記》（舊譯《格列佛遊記》），或《大小人國遊記》，在中文世界裡幾乎是盡人皆知的兒童文學，但在英美文學裡卻是嚴肅的諷刺人性、英國時政與權貴的作品。原書有四冊，但許多譯本只有第一、二冊的《小人國》、《大人國》，使人無法窺其全貌。

在原始版本中，《小人國》王將三種不同顏色的絲線：藍、紅、綠，賞賜給表演凌波舞的侏儒摔跤手。這三種不同顏色的絲線，是分別刺繡在時稱三種頭子爵士的勳章上：藍色綬帶的嘉德勳章、紅色綬帶的巴斯勳章、綠色綬帶的薊勳章。因為凌波舞高手的筋骨要很柔軟，綏夫特用來影射沒有骨氣的人才能得到寵愛、成為高官。但也因為暗示過於明顯，出版商擔心會得罪當道，所以在出版時將絲線的顏色改為紫、黃、白。顏色一改，寓意就煙消雲散。

此外，早期的中文版有許多誤譯之處。如原書中應搭配「冒險」一詞，卻被譯成「格物學」。所學的內容一變，主人翁船長的身分也就變了，在長途航行中該如何發揮所學令人有些困惑。由此可見，翻譯時被誤解的內容，有時會有極大的影響。

──改寫自中央研究院「研之有物」網站

根據本文，關於綏夫特《格理弗遊記》的敘述，下列何者最恰當？","作者致力於創作兒童奇幻文學作品","作者以虛構的情節反映現實的醜惡","早期中文譯者將原書的四冊內容濃縮為兩冊","早期譯者用「格物學」一詞是為免得罪當道","1","作者以虛構的情節反映現實的醜惡","","答案 B。文章指出《格理弗遊記》在英美文學中是諷刺人性、英國時政與權貴的作品，並非單純兒童奇幻故事；作者藉虛構的旅行和異國制度映照現實弊病。原書四冊而許多中文譯本只有前兩冊，D 則把「格物學」誤說成譯者為免得罪當道，文中並未作此解釋。","[""先辨認作者對作品的定位：它是諷刺人性、時政與權貴的文學作品。"",""虛構旅程讓作者能影射現實社會問題，故 B 符合。"",""A 將作品簡化成兒童奇幻；C 把「許多譯本只有前兩冊」誤稱為所有早期譯者濃縮；D 對譯詞原因作無根據推論，均排除。""]","比較文學概述時，注意「許多」不等於「全部」，也不要替作者或譯者補上文中沒有的動機。","[]","[]","","false","false","https://cap.rcpet.edu.tw/exam/113/113exam.html","https://drive.google.com/file/d/1Xr5AwMNQipYZblCEbZadyBvLVcT_8XSv/view","","","","","","","","",""
"OFF-0689","國文","官方歷屆真題","113","29","會考總複習","歷屆會考","113年國文第29題","進階","歷屆真題","【閱讀材料】1990年代初期研究人員設計出一套評估方法，是為了計算出當年度的「地球超載日」。今年（2022年）的「地球超載日」在7月28日，代表在這一天，我們已經耗盡當年度地球的永續資源，在剩餘的時間裡，都將以透支的方式消耗地球資源。這也表示，養活全世界的人口要1.75個地球的資源才夠。每個國家帶給地球的負擔也不相同，如果每個人的生活方式都跟美國人一樣，2022年地球超載日會落在3月13日。

根據這套方法往回推算1971年，地球超載日是12月25日，之後就一路提前。2000年地球超載日落在9月，2018年起提前到7月。2020年因Covid-19疫情爆發，地球超載日曾經延後了三週，但隔年就恢復到疫情前的情況。

非政府組織世界自然基金會與全球生態足跡網絡呼籲人們改變生產系統及其龐大的生態足跡：整體來說，地球上超過一半的生物承載力是用來養活人類。很大一部分的糧食和原物料是用於畜牧，人們再吃掉這些動物。富裕國家應減少肉品消費，如果可以將肉品消費量減半，地球超載日就可以延後17天。由於全世界1/3的食物被浪費，所以限量剩食浪費可將超載日延後13天。

──改寫自「地球超載日」網站

根據本文，關於人類對地球資源的消耗，下列敘述何者最恰當？","1990年之前，人類並未透支地球資源","2022年人類耗用的地球資源是前一年的1.75倍","每年的地球超載日之後，全球資源就會消耗殆盡","美國人的生活方式比多數國家的人對地球造成更大的負擔","3","美國人的生活方式比多數國家的人對地球造成更大的負擔","","答案是 D。本文直接比較各國的生態足跡，指出「如果每個人的生活方式都跟美國人一樣」，2022 年地球超載日會提早到 3 月 13 日，顯示美式生活消耗資源較多。A 錯在 1990 年代已提出超載概念，不代表此前沒有透支；B 把「需要 1.75 個地球」誤讀成比前一年增加 1.75 倍；C 錯在超載日代表年度可再生資源已用完，不是所有全球資源瞬間耗盡。","[""先區分「生態足跡較大」和「全球資源立即耗盡」兩種意思。"",""原文把美國生活方式代入全球人口後，超載日提前至 3 月 13 日，是直接比較證據。"",""因此選 D；其餘選項分別誤解歷史、倍數或「超載日」的含義。""]","找「競爭」類比時，確認雙方都會因對方回饋而改變，不只是單方面模仿或傳播。","[]","[]","","false","true","https://cap.rcpet.edu.tw/exam/113/113exam.html","https://drive.google.com/file/d/1Xr5AwMNQipYZblCEbZadyBvLVcT_8XSv/view","","","","","","","","",""
"OFF-0690","國文","官方歷屆真題","113","30","會考總複習","歷屆會考","113年國文第30題","進階","歷屆真題","【閱讀材料】1990年代初期研究人員設計出一套評估方法，是為了計算出當年度的「地球超載日」。今年（2022年）的「地球超載日」在7月28日，代表在這一天，我們已經耗盡當年度地球的永續資源，在剩餘的時間裡，都將以透支的方式消耗地球資源。這也表示，養活全世界的人口要1.75個地球的資源才夠。每個國家帶給地球的負擔也不相同，如果每個人的生活方式都跟美國人一樣，2022年地球超載日會落在3月13日。

根據這套方法往回推算1971年，地球超載日是12月25日，之後就一路提前。2000年地球超載日落在9月，2018年起提前到7月。2020年因Covid-19疫情爆發，地球超載日曾經延後了三週，但隔年就恢復到疫情前的情況。

非政府組織世界自然基金會與全球生態足跡網絡呼籲人們改變生產系統及其龐大的生態足跡：整體來說，地球上超過一半的生物承載力是用來養活人類。很大一部分的糧食和原物料是用於畜牧，人們再吃掉這些動物。富裕國家應減少肉品消費，如果可以將肉品消費量減半，地球超載日就可以延後17天。由於全世界1/3的食物被浪費，所以限量剩食浪費可將超載日延後13天。

──改寫自「地球超載日」網站

根據本文，下列何者最可能使地球超載日延後？","提升畜牧業整體產量","加強野生動物保育工作","增加飲食中蔬食的比例","嚴防Covid-19疫情再爆發","2","增加飲食中蔬食的比例","","答案是 C。文章指出肉類及原料生產占生態足跡很大一部分，減少肉品消費可讓地球超載日延後 17 天；限制食物浪費也可延後 13 天。提高畜牧產量反而增加資源需求；保育野生動物雖重要，本文沒有說它會以此方式延後超載日；疫情曾造成短暫延後，但作者明說很快恢復原狀。","[""定位第三段對延後超載日的具體作法與天數。"",""減少肉品消費和浪費都能延後日期；增加蔬食比例會降低肉品需求，方向相符。"",""故選 C；A 增加畜牧負擔，B 非文中提出的措施，D 只對應疫情期間短暫變化。""]","作者同時提到正面用途與社會風險；作答要依題目所問，別把例子或個人立場當成作者結論。","[]","[]","","false","true","https://cap.rcpet.edu.tw/exam/113/113exam.html","https://drive.google.com/file/d/1Xr5AwMNQipYZblCEbZadyBvLVcT_8XSv/view","","","","","","","","",""
"OFF-0691","國文","官方歷屆真題","113","31","會考總複習","歷屆會考","113年國文第31題","進階","歷屆真題","【閱讀材料】「鎮院國寶」展覽概述：范寬（約950–1032年）〈谿山行旅〉、郭熙（約1023–1087年）〈早春圖〉、李唐（約1049–1130年）〈萬壑松風〉素有故宮「鎮院三寶」之譽，2012年由文化部核定公告為國寶級古物。這三件巨幅立軸，分別代表北宋「巨碑式」山水畫的典範。雖非模仿全然真境，卻是透過對自然的靜觀與體悟，重新組織而成的理想山水典型。據畫上紀年推算，時代最近的〈萬壑松風〉，距今已近九百年。因為年代久遠且畫作的絹本質材脆弱，為保護珍貴古物、減少被光線照射的時間，每次展覽至少須間隔三年以上，且展期不得超過42天。2021年故宮特別規劃推出「鎮院國寶」展覽，距離前次三寶合體展出已相隔十年。

根據展覽概述，下列推論何者最恰當？","北宋時期的畫作可繪於絲織品上","范寬、郭熙、李唐三人係師出同門","北宋山水畫的典範首重全然描繪實景","三者中〈萬壑松風〉的成畫年代最早","0","北宋時期的畫作可繪於絲織品上","","答案是 A。〈早春圖〉是絹本，絹是絲織品，因此北宋畫作確實可繪於絲織品上。展覽概述只說三人作品並列為「鎮院三寶」，沒有說三人師出同門；文字還指出畫家以自然為師並融入理想山水，不能推成全然照實描繪。三位畫家約生於 950–1032、1023–1087、1049–1130 年，李唐年代較晚，〈萬壑松風〉並非最早。","[""將展覽概述逐項對照選項，不把同列展出誤當成相同師承。"",""〈早春圖〉材質為絹本；絹是絲織品，足以支持 A。"",""其餘敘述不是材料所述，或與作品年代及「理想山水」的描述不符。""]","看到「絹本」要先辨認材質：絹是絲織品；別把共同展出誤當成師承相同。","[]","[]","","false","false","https://cap.rcpet.edu.tw/exam/113/113exam.html","https://drive.google.com/file/d/1Xr5AwMNQipYZblCEbZadyBvLVcT_8XSv/view","","","","","","","","",""
"OFF-0692","國文","官方歷屆真題","113","32","會考總複習","歷屆會考","113年國文第32題","進階","歷屆真題","【閱讀材料】「鎮院國寶」展覽概述：范寬（約950–1032年）〈谿山行旅〉、郭熙（約1023–1087年）〈早春圖〉、李唐（約1049–1130年）〈萬壑松風〉素有故宮「鎮院三寶」之譽，2012年由文化部核定公告為國寶級古物。這三件巨幅立軸，分別代表北宋「巨碑式」山水畫的典範。雖非模仿全然真境，卻是透過對自然的靜觀與體悟，重新組織而成的理想山水典型。據畫上紀年推算，時代最近的〈萬壑松風〉，距今已近九百年。因為年代久遠且畫作的絹本質材脆弱，為保護珍貴古物、減少被光線照射的時間，每次展覽至少須間隔三年以上，且展期不得超過42天。2021年故宮特別規劃推出「鎮院國寶」展覽，距離前次三寶合體展出已相隔十年。

【右圖】阿燦依資料繪製「鎮院國寶」展覽海報，標示范寬、郭熙、李唐及展覽日期2021年10月6日至12月16日。右圖的美術作業有疏失處，最可能是下列何者？","展出的起迄日期有誤","應該標明是首次合體展覽","沒有按照畫家出生年分先後排序","未得官方核定不宜以「國寶」稱之","0","展出的起迄日期有誤","","答案是 A。概述說特展每次至少間隔三年以上，且展期不得超過 42 天；題幹給出的 2021 年 10 月 6 日至 12 月 16 日相隔 71 天（含首尾則 72 天），超出規定。B 不對：概述明說前一次三寶合體展出在十年前，因此這次並非首次；C 沒有規定姓名須按出生年排列；D 三件作品早在 2012 年已由文化部核定為國寶級古物。","[""找出概述中的兩項明確規則：展期最多 42 天、再次展出須間隔至少三年。"",""計算海報日期 10/06 至 12/16，約 71 天，超過 42 天，故錯在展期。"",""因此選 A；另外三項均可由概述直接確認或沒有相應規定。""]","海報校對要對照原始公告的硬性限制；標示展期超過 42 天就是可直接判定的錯誤。","[]","[""./assets/official-exams/113-chinese-q32-poster.svg""]","./assets/official-exams/113-chinese-q32-poster.svg","true","false","https://cap.rcpet.edu.tw/exam/113/113exam.html","https://drive.google.com/file/d/1Xr5AwMNQipYZblCEbZadyBvLVcT_8XSv/view","","","","","","","","",""
"OFF-0693","國文","官方歷屆真題","113","33","會考總複習","歷屆會考","113年國文第33題","進階","歷屆真題","【閱讀材料】2018年流傳一段影片，片中美國前總統歐巴馬竟語出驚人地說：「川普總統完全是個笨蛋！」儘管片中歐巴馬臉部表情、肢體語言都像極了他，但卻不是本尊。影片隨後出現演員皮爾，原來這是他模仿的影片，藉由深偽技術，竟可變成歐巴馬談話的片段。美國媒體製作這段影片的目的在提醒大眾，此類影片極可能成為操縱輿論的利器。當它漸趨氾濫時，散布者的罪惡感也會相對減少，最大的危機就是造成民眾對社會產生不信任感，逐步地破壞民主制度。

深偽技術能製作的除了影像，也包括文字與聲音。一般人說的「人工智慧」，是一個很大的架構，其中一個領域是「機器學習」。而深偽技術是屬於「機器學習」裡的「深度學習」，它是以深度神經網路為架構，對資料表徵進行學習的演算法。

深度學習技術在偽造影像的生成與辨識，是運用「生成對抗網路」，由「生成器」和「辨識器」兩個神經網路組成。生成器就像是演算法透過大量資料去學習狗的模樣，直到可以畫出狗。辨識器則是可以分辨畫的狗和照片的狗。這兩個模型結合後，就像是一邊有一個人畫狗，另一邊有一個老師說這跟真的狗差很多，所以畫的人要再修改。直到有一天這個人畫的狗能騙過老師，而老師在一次次判斷中也越來越厲害。偽造影像的生成與辨識，就是生成器和辨識器之間的競賽。

深偽技術是近年新興的科技，若將它運用於影視作品，可節省製作電影或遊戲的時間，有正面的效益。但也有人利用合成的假影像操弄資訊，進而詐騙牟利、毀人聲譽，製造社會的動盪，讓這項技術引發爭議。

──改寫自〈臺灣團隊研究辨識 Deep Fake 影片：深偽技術的正邪之戰開打〉

根據本文，下列圖表何者最適合用來呈現「人工智慧」、「機器學習」、「深度學習」三者之間的關係？","A","B","C","D","1","B","","答案是 B。文中把「深度學習」描述為機器學習中的一種方法，而機器學習又屬於人工智慧的一部分，三者是由小到大的包含關係；選項 B 以由內而外的同心區域表示這種巢狀包含。A 把層級上下顛倒；C 畫成彼此交疊的集合；D 則把它們誤畫成循環流程。","[""先從文章辨認三個概念的上下位關係，而非看名稱相似就選重疊圖。"",""深度學習 ⊂ 機器學習 ⊂ 人工智慧，應是逐層包含。"",""只有 B 的同心區域符合，因此選 B。""]","集合關係可用「小集合包含在大集合」檢查：深度學習 ⊂ 機器學習 ⊂ 人工智慧。","[]","[""./assets/official-exams/113-chinese-q33-ai-hierarchy.svg""]","./assets/official-exams/113-chinese-q33-ai-hierarchy.svg","true","false","https://cap.rcpet.edu.tw/exam/113/113exam.html","https://drive.google.com/file/d/1Xr5AwMNQipYZblCEbZadyBvLVcT_8XSv/view","","","","","","","","",""
"OFF-0694","國文","官方歷屆真題","113","34","會考總複習","歷屆會考","113年國文第34題","進階","歷屆真題","【閱讀材料】2018年流傳一段影片，片中美國前總統歐巴馬竟語出驚人地說：「川普總統完全是個笨蛋！」儘管片中歐巴馬臉部表情、肢體語言都像極了他，但卻不是本尊。影片隨後出現演員皮爾，原來這是他模仿的影片，藉由深偽技術，竟可變成歐巴馬談話的片段。美國媒體製作這段影片的目的在提醒大眾，此類影片極可能成為操縱輿論的利器。當它漸趨氾濫時，散布者的罪惡感也會相對減少，最大的危機就是造成民眾對社會產生不信任感，逐步地破壞民主制度。

深偽技術能製作的除了影像，也包括文字與聲音。一般人說的「人工智慧」，是一個很大的架構，其中一個領域是「機器學習」。而深偽技術是屬於「機器學習」裡的「深度學習」，它是以深度神經網路為架構，對資料表徵進行學習的演算法。

深度學習技術在偽造影像的生成與辨識，是運用「生成對抗網路」，由「生成器」和「辨識器」兩個神經網路組成。生成器就像是演算法透過大量資料去學習狗的模樣，直到可以畫出狗。辨識器則是可以分辨畫的狗和照片的狗。這兩個模型結合後，就像是一邊有一個人畫狗，另一邊有一個老師說這跟真的狗差很多，所以畫的人要再修改。直到有一天這個人畫的狗能騙過老師，而老師在一次次判斷中也越來越厲害。偽造影像的生成與辨識，就是生成器和辨識器之間的競賽。

深偽技術是近年新興的科技，若將它運用於影視作品，可節省製作電影或遊戲的時間，有正面的效益。但也有人利用合成的假影像操弄資訊，進而詐騙牟利、毀人聲譽，製造社會的動盪，讓這項技術引發爭議。

──改寫自〈臺灣團隊研究辨識 Deep Fake 影片：深偽技術的正邪之戰開打〉

根據畫線處的文句，下列關係的說明，何者最接近文中「偽造影像的生成」與「偽造影像的辨識」兩者之間的競爭？","就像是光源和影子，透過光源的運用可使影子出現各種變化","就像是投影機和螢幕，投影機投射的影像須藉螢幕顯示出來","就像是自來水和水龍頭，當水龍頭開得越大，自來水的出水量就越大","就像是駭客與防毒軟體，當駭客發展出新病毒，防毒軟體就會再更新","3","就像是駭客與防毒軟體，當駭客發展出新病毒，防毒軟體就會再更新","","答案是 D。文章說生成偽造影像和辨識偽造影像分別由生成器、辨識器構成，兩方會互相競爭：生成器產生更難辨識的影像，辨識器再提升判別能力。這正如駭客製作新病毒後，防毒軟體更新偵測方式。A、B、C 都只呈現單向影響或呈現媒介，沒有雙方持續對抗、相互更新的關係。","[""題目問的是兩種技術之間的「競爭」，要找出雙方會因對方而改變的例子。"",""生成端與辨識端互相提升能力，對應駭客與防毒軟體的攻防。"",""故選 D；其他比喻缺少這種來回對抗。""]","找「競爭」類比時，確認雙方都會因對方回饋而改變，不只是單方面模仿或傳播。","[]","[]","","false","false","https://cap.rcpet.edu.tw/exam/113/113exam.html","https://drive.google.com/file/d/1Xr5AwMNQipYZblCEbZadyBvLVcT_8XSv/view","","","","","","","","",""
"OFF-0695","國文","官方歷屆真題","113","35","會考總複習","歷屆會考","113年國文第35題","進階","歷屆真題","【閱讀材料】2018年流傳一段影片，片中美國前總統歐巴馬竟語出驚人地說：「川普總統完全是個笨蛋！」儘管片中歐巴馬臉部表情、肢體語言都像極了他，但卻不是本尊。影片隨後出現演員皮爾，原來這是他模仿的影片，藉由深偽技術，竟可變成歐巴馬談話的片段。美國媒體製作這段影片的目的在提醒大眾，此類影片極可能成為操縱輿論的利器。當它漸趨氾濫時，散布者的罪惡感也會相對減少，最大的危機就是造成民眾對社會產生不信任感，逐步地破壞民主制度。

深偽技術能製作的除了影像，也包括文字與聲音。一般人說的「人工智慧」，是一個很大的架構，其中一個領域是「機器學習」。而深偽技術是屬於「機器學習」裡的「深度學習」，它是以深度神經網路為架構，對資料表徵進行學習的演算法。

深度學習技術在偽造影像的生成與辨識，是運用「生成對抗網路」，由「生成器」和「辨識器」兩個神經網路組成。生成器就像是演算法透過大量資料去學習狗的模樣，直到可以畫出狗。辨識器則是可以分辨畫的狗和照片的狗。這兩個模型結合後，就像是一邊有一個人畫狗，另一邊有一個老師說這跟真的狗差很多，所以畫的人要再修改。直到有一天這個人畫的狗能騙過老師，而老師在一次次判斷中也越來越厲害。偽造影像的生成與辨識，就是生成器和辨識器之間的競賽。

深偽技術是近年新興的科技，若將它運用於影視作品，可節省製作電影或遊戲的時間，有正面的效益。但也有人利用合成的假影像操弄資訊，進而詐騙牟利、毀人聲譽，製造社會的動盪，讓這項技術引發爭議。

──改寫自〈臺灣團隊研究辨識 Deep Fake 影片：深偽技術的正邪之戰開打〉

根據本文，下列關於深偽技術或深偽影片的敘述，何者最恰當？","美國媒體藉由皮爾模仿的深偽影片操縱民主","演員可以透過深偽技術增進自己的表演技巧","氾濫的深偽影片將導致民眾對社會的信任度下降","深偽技術的爭議在人類的創意會被人工智慧取代","2","氾濫的深偽影片將導致民眾對社會的信任度下降","","答案是 C。文章指出假影像可能被用來操弄資訊、詐騙牟利及毀損名譽，進而製造社會動盪；當影像真假難辨，民眾也更難信任所見資訊，因此 C 最符合全文對風險的說明。A 把文中「歐巴馬」案例誤成美國媒體操縱民主；B 將技術可能的應用誤說成演員提升表演技巧；D 把爭議錯解為人工智慧取代人類創意，文章沒有這樣主張。","[""回到文章末段，區分深偽技術的用途與作者明確指出的風險。"",""作者列出的風險集中在假訊息、詐騙、名譽受損與社會動盪，會侵蝕信任。"",""故選 C；A、B、D 都加入文章未支持或與原意不同的說法。""]","作者同時提到正面用途與社會風險；作答要依題目所問，別把例子或個人立場當成作者結論。","[]","[]","","false","false","https://cap.rcpet.edu.tw/exam/113/113exam.html","https://drive.google.com/file/d/1Xr5AwMNQipYZblCEbZadyBvLVcT_8XSv/view","","","","","","","","",""
"OFF-0696","國文","官方歷屆真題","113","36","會考總複習","歷屆會考","113年國文第36題","進階","歷屆真題","【閱讀材料】以下小說節錄自鍾肇政《魯冰花》，主角古阿明是來自貧困茶農家庭的小學生。

古阿明昨天在茶園裡畫的作品，郭雲天認為是近一個月以來最好的畫，也是最使他滿意的一幅。

古阿明畫的是茶蟲。那真是個奇異的幻想世界。在一面圖案化的綠色畫面上，各種各樣的大小茶蟲畫得猙獰可怖。此外還有幾個人物──古阿明曾向郭雲天說那三個人是姊姊、小弟弟和他自己。茶蟲有的在拼命地啃茶葉，有的在吃畫面上的一個人物手裡捧著的飯，有的在吃另一個人物的衣服。古阿明那小小的心靈裡的憤恨與恐懼，靠著他那獨特的、大膽的筆觸，毫無遺漏地表露出來。

郭雲天只有暗嘆的份兒，幾乎沒有提供意見的餘地，因為古阿明一開始作畫，就好像已忘了周遭的一切，連他所尊敬的師長在身旁也都似乎渾然忘卻，手不停揮地畫下去。直到畫好後，郭雲天才得到機會提出他的修改意見。他指示他哪裡的顏色還不夠鮮明，哪一筆線條還要加強。

事實上，郭雲天的意見也不多。他不忍破壞掉那純潔的心靈裡所流露出來的、敏銳得就如電流一般的感覺。甚至他明知畫裡的一條蟲在生卵是錯誤的，也還是讓它保持原來的面目。他認為與其改正過來，倒不寧這個樣子較合他的年歲。

根據本文，古阿明想透過畫作表達的意義，最可能是下列何者？","以茶蟲代表大自然對人類開發的反撲","以茶蟲象徵政府官員對老百姓的監控","茶蟲不僅啃食茶葉，也啃食了古阿明一家日常生活所需","茶蟲為了生存無所不吃，就像古阿明為了學畫多方嘗試","2","茶蟲不僅啃食茶葉，也啃食了古阿明一家日常生活所需","","答案是 C。小說片段描寫古阿明畫中的茶蟲不只出現在茶葉上，還吃桌上的飯菜、人物衣服，甚至侵入一家人的日常生活；這讓茶蟲成為家庭困境的具體意象。A、B 把作品擴大解讀成自然反撲或政治監控，文中沒有這層寓意；D 把茶蟲習性與古阿明學畫相類比，也不是這段描寫的重點。","[""從文本列舉茶蟲出現的位置，確認牠如何影響古阿明一家。"",""牠不只啃茶葉，也延伸到食物與生活用品，對應一家人的生活所需。"",""因此選 C，不宜把具體情節過度延伸成政治或自然寓言。""]","意象題先整理反覆出現的細節：茶蟲侵入食物與衣物，連結到家庭生活的匱乏與壓力。","[]","[]","","false","false","https://cap.rcpet.edu.tw/exam/113/113exam.html","https://drive.google.com/file/d/1Xr5AwMNQipYZblCEbZadyBvLVcT_8XSv/view","","","","","","","","",""
"OFF-0697","國文","官方歷屆真題","113","37","會考總複習","歷屆會考","113年國文第37題","進階","歷屆真題","【閱讀材料】以下小說節錄自鍾肇政《魯冰花》，主角古阿明是來自貧困茶農家庭的小學生。

古阿明昨天在茶園裡畫的作品，郭雲天認為是近一個月以來最好的畫，也是最使他滿意的一幅。

古阿明畫的是茶蟲。那真是個奇異的幻想世界。在一面圖案化的綠色畫面上，各種各樣的大小茶蟲畫得猙獰可怖。此外還有幾個人物──古阿明曾向郭雲天說那三個人是姊姊、小弟弟和他自己。茶蟲有的在拼命地啃茶葉，有的在吃畫面上的一個人物手裡捧著的飯，有的在吃另一個人物的衣服。古阿明那小小的心靈裡的憤恨與恐懼，靠著他那獨特的、大膽的筆觸，毫無遺漏地表露出來。

郭雲天只有暗嘆的份兒，幾乎沒有提供意見的餘地，因為古阿明一開始作畫，就好像已忘了周遭的一切，連他所尊敬的師長在身旁也都似乎渾然忘卻，手不停揮地畫下去。直到畫好後，郭雲天才得到機會提出他的修改意見。他指示他哪裡的顏色還不夠鮮明，哪一筆線條還要加強。

事實上，郭雲天的意見也不多。他不忍破壞掉那純潔的心靈裡所流露出來的、敏銳得就如電流一般的感覺。甚至他明知畫裡的一條蟲在生卵是錯誤的，也還是讓它保持原來的面目。他認為與其改正過來，倒不寧這個樣子較合他的年歲。

根據本文，郭雲天對古阿明的畫作意見不多，原因最可能是下列何者？","希望古阿明能自己發現缺失","想要保留古阿明特有的創意","古阿明作畫時太專注，給意見也聽不進去","古阿明的畫作太完美，無法再提更多建議","1","想要保留古阿明特有的創意","","答案是 B。郭雲天看古阿明作畫時很少打斷，只在完成後提出少量修改；文中說他不忍破壞孩子純淨的心靈流露，並認為改得過多反而會讓作品較像老師的年歲。這表示他有意保留古阿明自己的創意與童真。A 說他要孩子自行找缺失，文本未提；C 與作畫時獲得修改建議的情節不符；D 更與郭雲天確實提出修改意見相反。","[""注意郭雲天少給意見的理由，不要只從「畫得好不好」猜測。"",""文本明說改得太多會破壞童真、使作品不像孩子，關鍵是保留原創表現。"",""故選 B，其餘選項均缺少文本支持或與情節矛盾。""]","小說人物動機要回到明說的心理：郭雲天少修改，是要保留孩子的純真與個人風格。","[]","[]","","false","false","https://cap.rcpet.edu.tw/exam/113/113exam.html","https://drive.google.com/file/d/1Xr5AwMNQipYZblCEbZadyBvLVcT_8XSv/view","","","","","","","","",""
"OFF-0698","國文","官方歷屆真題","113","38","會考總複習","歷屆會考","113年國文第38題","進階","歷屆真題","【閱讀材料】甲文：人讀聖人書二三十年，一旦遇事，便與里巷人無異，或有一聽老成語，便能終身服膺。豈老成之言過於六經哉？只緣讀書不作有用看故也。大抵看史見治則以為治，見亂則以為亂，見一事則止知一事，何取？觀史如身在其中，見事之利害、時之禍患，必掩卷自思，使我遇此等事，當作何處之──如此觀史，學問亦可以進，智識亦可以高，方為有益。
──改寫自呂祖謙《東萊集》

乙文：讀書時，須細看古人處一事，接一物，是如何思量？如何氣象？及自己處事接物時，又細心將古人比擬。設若古人當此，其措置之法，當是如何？我自己任性為之，又當如何？然後自己過錯始見，古人道理始出。斷不可以古人之書，與自己處事接物為兩事。
──《左宗棠全集》

下列關於甲、乙二文文句的說明，何者最恰當？","「一旦遇事，便與里巷人無異」是因書讀得不夠多","「見一事則止知一事」意謂對事情的理解不夠全面","「如何氣象」其意是思索今人當前所處的環境氛圍","「我自己任性為之」意謂今人比古人更加不受拘束","1","「見一事則止知一事」意謂對事情的理解不夠全面","","答案是 B。甲文「見一事則止知一事」批評讀書只停留在單一事件，沒有推及更廣的道理，因此是理解不夠全面。A 錯在甲文批評的是把讀書當無用、不能融會運用，不是讀得不夠多；C 的「如何氣象」是體會古人的精神氣度，不是現代環境氛圍；D 的「我自己任性為之」指設身處地思考自己遇到古人之事會怎麼做，不是說今人更不受拘束。","[""先依上下文解釋甲、乙文句，不以單字的現代常用義直接代入。"",""甲文批評只知一件事便止步，正是視野狹窄、理解不完整。"",""因此選 B；A、C、D 都忽略了文句的語境與作者所談的讀書方法。""]","古文詞句不可拆字直譯；用前後文判斷「見一事則止知一事」是在批評讀史只知其一。","[]","[]","","false","false","https://cap.rcpet.edu.tw/exam/113/113exam.html","https://drive.google.com/file/d/1Xr5AwMNQipYZblCEbZadyBvLVcT_8XSv/view","","","","","","","","",""
"OFF-0699","國文","官方歷屆真題","113","39","會考總複習","歷屆會考","113年國文第39題","進階","歷屆真題","【閱讀材料】甲文：人讀聖人書二三十年，一旦遇事，便與里巷人無異，或有一聽老成語，便能終身服膺。豈老成之言過於六經哉？只緣讀書不作有用看故也。大抵看史見治則以為治，見亂則以為亂，見一事則止知一事，何取？觀史如身在其中，見事之利害、時之禍患，必掩卷自思，使我遇此等事，當作何處之──如此觀史，學問亦可以進，智識亦可以高，方為有益。
──改寫自呂祖謙《東萊集》

乙文：讀書時，須細看古人處一事，接一物，是如何思量？如何氣象？及自己處事接物時，又細心將古人比擬。設若古人當此，其措置之法，當是如何？我自己任性為之，又當如何？然後自己過錯始見，古人道理始出。斷不可以古人之書，與自己處事接物為兩事。
──《左宗棠全集》

關於甲、乙二文的說明與比較，下列何者最恰當？","甲文認為耳熟能詳的淺近道理，更勝於聖賢之言","乙文以古人處事的標準，評斷自身舉措是否合宜","二者都認為讀書應活用，不應拘泥於古人的看法","二者都覺得古人讀書講究方法，比今人更有效率","1","乙文以古人處事的標準，評斷自身舉措是否合宜","","答案是 B。乙文主張讀書時拿古人處事接物的方法與自己的行為比較，反省自己做得合不合宜，正是以古人作為衡量自身舉措的參照。A 把甲文反對「只覺耳熟能詳便滿足」曲解成偏好淺近道理；C 雖提到活用，但甲文仍強調讀史、讀書可使人明理，乙文也沒有主張不應參照古人；D 兩文都沒有比較古今讀書效率。","[""分別抓住甲文的讀史明理與乙文的自我對照兩個主旨。"",""乙文明說把古人處事方式拿來與自己相較，檢視自己的作為是否適當。"",""因此選 B；其他選項把文章立場反轉，或加入未提到的效率比較。""]","比較兩文先分開列主張，再找共同點；乙文的關鍵是拿古人處事反觀自己的行為。","[]","[]","","false","false","https://cap.rcpet.edu.tw/exam/113/113exam.html","https://drive.google.com/file/d/1Xr5AwMNQipYZblCEbZadyBvLVcT_8XSv/view","","","","","","","","",""
"OFF-0700","國文","官方歷屆真題","113","40","會考總複習","歷屆會考","113年國文第40題","進階","歷屆真題","【閱讀材料】楚人江乙為郢大夫。有入王宮中盜者，令尹以罪乙，請於王而黜之。其母往言於王曰：「妾夜亡布八匹，令尹盜之。」王謂母曰：「令尹信盜之，寡人不為其富貴而不行法焉。若不盜而誣之，楚國有常法。」母曰：「令尹不身盜之也，乃使人盜之。」王曰：「其使人盜奈何？」對曰：「昔孫叔敖之為令尹也，道不拾遺，門不閉關，而盜賊自息。今令尹之治也，耳目不明，盜賊公行，是故使盜得盜妾之布，是與使人盜何以異也？」王曰：「令尹在上，寇盜在下，令尹不知有何罪焉？」

母曰：「昔日妾之子為郢大夫，有盜王宮中之物者，妾子坐而黜，妾子亦豈知之哉？然終坐之。令尹獨何人，而不以是為過也？昔者周武王有言曰：『百姓有過，在予一人。』上不明則下不治，相不賢則國不寧。王其察之。」

──改寫自《列女傳》

根據本文，下列文句「」中的字義，何者說明最恰當？","妾夜「亡」布八匹：損壞","令尹「信」盜之：隨意","妾子「坐」而黜：受罰","王「其」察之：難道","2","妾子「坐」而黜：受罰","","答案是 C。「坐」在「妾子坐而黜」中是因涉案而受處罰、被黜退，與「受罰」相合。A「亡布八匹」是遺失布匹，不是損壞；B「信盜之」指相信／認定他是盜賊，不是隨意；D「王其察之」的「其」是表示祈請或命令語氣，近於「請」，不是反問「難道」。","[""把各字放回故事語境，不以單一現代常用義判斷。"",""兒子因盜竊而被黜，「坐」表示因事獲罪、受罰。"",""故選 C；其餘三字依序是遺失、相信／認定、請求語氣。""]","文言字義題要代回原句：此處「坐」是因事獲罪，不是現代常見的坐下。","[]","[]","","false","false","https://cap.rcpet.edu.tw/exam/113/113exam.html","https://drive.google.com/file/d/1Xr5AwMNQipYZblCEbZadyBvLVcT_8XSv/view","","","","","","","","",""
"OFF-0701","國文","官方歷屆真題","113","41","會考總複習","歷屆會考","113年國文第41題","進階","歷屆真題","【閱讀材料】楚人江乙為郢大夫。有入王宮中盜者，令尹以罪乙，請於王而黜之。其母往言於王曰：「妾夜亡布八匹，令尹盜之。」王謂母曰：「令尹信盜之，寡人不為其富貴而不行法焉。若不盜而誣之，楚國有常法。」母曰：「令尹不身盜之也，乃使人盜之。」王曰：「其使人盜奈何？」對曰：「昔孫叔敖之為令尹也，道不拾遺，門不閉關，而盜賊自息。今令尹之治也，耳目不明，盜賊公行，是故使盜得盜妾之布，是與使人盜何以異也？」王曰：「令尹在上，寇盜在下，令尹不知有何罪焉？」

母曰：「昔日妾之子為郢大夫，有盜王宮中之物者，妾子坐而黜，妾子亦豈知之哉？然終坐之。令尹獨何人，而不以是為過也？昔者周武王有言曰：『百姓有過，在予一人。』上不明則下不治，相不賢則國不寧。王其察之。」

──改寫自《列女傳》

根據本文，下列關於令尹與楚王的敘述何者最恰當？","令尹打算偷盜布匹再將罪責嫁禍給他人","令尹主張楚國盜賊橫行是須正視的問題","楚王覺得宮中之物被盜應是令尹的責任","楚王認為不論身分地位都應該遵守法律","3","楚王認為不論身分地位都應該遵守法律","","答案是 D。楚王一開始表示，若令尹確實涉入盜竊，不會因其身分尊貴而不依法處理；這正符合「不論身分地位都應遵守法律」。江母接著指出，令尹雖未親手偷布，治理失當也可能縱容盜賊，並以自己的兒子曾因宮中失竊遭黜為例，要求君王用一致標準看待責任。A、B 都把母親的指控錯當成令尹的主張；C 則把母親提出的治理責任說成楚王原先的看法。","[""先分辨說話者：江母指控令尹治理失當、縱容盜賊；楚王則先表示若令尹確實偷竊，也會依法處理。"",""江母引用孫叔敖治理時「道不拾遺」的例子，並指出自己的兒子曾因王宮失竊被黜，說明上位者也應承擔治理責任。"",""題目問楚王與令尹的敘述，最符合楚王明言法律不因身分而改變的是 D；不可把江母的話誤當成令尹或楚王的主張。""]","多角色對話題先標出每句話的說話者；楚王談依法處理，江母談治理責任，兩人的論點不可互換。","[]","[]","","false","false","https://cap.rcpet.edu.tw/exam/113/113exam.html","https://drive.google.com/file/d/1Xr5AwMNQipYZblCEbZadyBvLVcT_8XSv/view","","","","","","","","",""
"OFF-0702","國文","官方歷屆真題","113","42","會考總複習","歷屆會考","113年國文第42題","進階","歷屆真題","【閱讀材料】楚人江乙為郢大夫。有入王宮中盜者，令尹以罪乙，請於王而黜之。其母往言於王曰：「妾夜亡布八匹，令尹盜之。」王謂母曰：「令尹信盜之，寡人不為其富貴而不行法焉。若不盜而誣之，楚國有常法。」母曰：「令尹不身盜之也，乃使人盜之。」王曰：「其使人盜奈何？」對曰：「昔孫叔敖之為令尹也，道不拾遺，門不閉關，而盜賊自息。今令尹之治也，耳目不明，盜賊公行，是故使盜得盜妾之布，是與使人盜何以異也？」王曰：「令尹在上，寇盜在下，令尹不知有何罪焉？」

母曰：「昔日妾之子為郢大夫，有盜王宮中之物者，妾子坐而黜，妾子亦豈知之哉？然終坐之。令尹獨何人，而不以是為過也？昔者周武王有言曰：『百姓有過，在予一人。』上不明則下不治，相不賢則國不寧。王其察之。」

──改寫自《列女傳》

根據本文，江母見楚王的目的最可能是下列何者？","想要替兒子江乙頂罪","表達江乙被懲處的不公","向楚王告發郢大夫的罪行","建議楚王再用孫叔敖為令尹","1","表達江乙被懲處的不公","","答案是 B。江母當面指出，江乙之子因偷取王宮布匹而受罰，然而令尹也讓人偷取宮中財物卻未受處分，藉此向楚王指出執法不一致、不公平。她不是要替兒子承認頂罪，也不是控告郢大夫；文中此時孫叔敖已死，江母沒有要求楚王再任用他的意思。","[""看江母陳述的對照：江乙之子偷布受罰，令尹使人偷卻沒有同樣處置。"",""這種對照是在揭示懲罰因身分而異，請楚王察覺處置不公。"",""故選 B；A、C、D 均不符合她陳述事件的目的。""]","推論人物目的要看她提出的對照：兒子受黜、令尹使人盜卻未被究責，指向執法不一致。","[]","[]","","false","false","https://cap.rcpet.edu.tw/exam/113/113exam.html","https://drive.google.com/file/d/1Xr5AwMNQipYZblCEbZadyBvLVcT_8XSv/view","","","","","","","","",""
"OFF-0875","國文","官方歷屆真題","114","1","會考總複習","歷屆會考","114年國文第1題","進階","歷屆真題","【話術資料】①語言運用：以友善詞彙使受害人感覺親切。②情感共鳴：藉故事引起同情心，降低警覺。③聲稱相似經歷：宣稱曾遇到類似困境，與受害人建立連結。④引發情緒反應：營造迫切需要採取行動的氛圍，讓受害人衝動決定。
【簡訊內容】「臺灣自來水公司：貴戶本期水費逾期未繳，合計新臺幣275元，請點選繳費：[偽冒連結]，務必於三日內繳費，逾期將終止供水。」
右側詐騙簡訊使用了哪一種話術？","① 語言運用","② 情感共鳴","③ 聲稱相似經歷","④ 引發情緒反應","3","④ 引發情緒反應","","答案 D。簡訊先聲稱水費欠繳 275 元，再要求收件人在三日內點連結繳費，否則停止供水；欠費威脅和限時期限會引發焦慮，催促收件人立刻行動，符合④「引發情緒反應」。它不是以友善稱呼建立親切感，也沒有故事或相似經歷。","[""先看訊息要求收件人做什麼：透過陌生連結在三日內繳納欠款。"",""再找它促使人立即行動的方式：以停水威脅加上短期限製造恐慌與急迫感。"",""這種誘發焦慮、促成立即反應的設計是④，因此選 D；題圖右側的簡訊內容是判斷證據。""]","辨識詐騙話術時，分清楚「親切用語」「同情故事」「相似經歷」與「製造恐懼、急迫感」；限時威脅常是情緒操控線索。","[]","[]","","false","false","https://cap.rcpet.edu.tw/exam/114/114exam.html","https://drive.google.com/file/d/102j8F3hoCvGgMCVP6x6oHN9cCd0R6_Ii/view","","","","","","","","",""
"OFF-0876","國文","官方歷屆真題","114","2","會考總複習","歷屆會考","114年國文第2題","進階","歷屆真題","「清代驗屍跟現代不同，驗屍一定是在『屍所』，即屍體所在之處，可能是案 發現場，也可能是陳屍處。清代的程序非常強調在屍所驗屍，禁止將屍體帶到 他處檢驗。同時十分強調涉案人、關係人和家屬必須在場，一般大眾也可以圍 觀。目的在於使驗屍過程中，關於屍傷屍狀的觀察都能夠『公同一干人眾，質 對明白』。」若要拍攝清代刑案電視劇，下列情節何者最符合本文的敘述？","將屍體從案發現場帶至衙門驗屍","官府開始驗屍時，家屬必須到場","驗屍時將一干閒雜人等驅離現場","家屬要求確認結果，被斷然拒絕","1","官府開始驗屍時，家屬必須到場","","答案 B。本文明說清代驗屍時，涉案人、關係人和家屬必須在場，目的在讓眾人共同確認屍傷屍狀。B 符合這項程序。A 把屍體移到別處，違反必須在屍所驗屍；C 驅離旁觀者，與一般大眾也可圍觀相反；D 拒絕家屬確認，也違反共同質對的目的。","[""先圈出程序限制：驗屍必須在屍體所在的「屍所」，不可把屍體帶到他處。"",""再圈出在場規定：涉案人、關係人及家屬必須到場，一般民眾也能圍觀。"",""只有 B 保留家屬到場；A、C、D 分別違反驗屍地點、旁觀或共同確認的敘述。""]","文意判讀先把材料中的規定拆成地點、在場者和目的，再逐一比對選項，不要只抓住「驗屍」關鍵字。","[]","[]","","false","false","https://cap.rcpet.edu.tw/exam/114/114exam.html","https://drive.google.com/file/d/102j8F3hoCvGgMCVP6x6oHN9cCd0R6_Ii/view","","","","","","","","",""
"OFF-0877","國文","官方歷屆真題","114","3","會考總複習","歷屆會考","114年國文第3題","進階","歷屆真題","根據下表中的字形，何者的造字原則與「月」字相同？","小","木","出","汝","1","木","","答案 B「木」。圖中的「月」以線條描摹月亮的外形，屬象形；「木」也由樹幹、枝條與根部的形狀描摹樹木，屬象形。小以短畫指示位置，出由構件組合表意，汝以形符和聲符構成，造字原則不同。","[""先判斷題目例字「月」：古文字直接描摹月亮的形狀，屬象形。"",""逐字查看選項的造字方式；「木」描繪樹幹、枝條和根部，也是象形。"",""「小」是指事、「出」以構件會意、「汝」為形聲，因此選 B。""]","象形是描摹物體外形；指事用符號標示抽象位置或概念；會意組合意符；形聲則兼有表意與表音線索。","[]","[""./assets/official-exams/114-chinese-q03-origin-chart.png""]","./assets/official-exams/114-chinese-q03-origin-chart.png","true","false","https://cap.rcpet.edu.tw/exam/114/114exam.html","https://drive.google.com/file/d/102j8F3hoCvGgMCVP6x6oHN9cCd0R6_Ii/view","","","","","","","","",""
"OFF-0878","國文","官方歷屆真題","114","4","會考總複習","歷屆會考","114年國文第4題","進階","歷屆真題","【詩作】林婉瑜〈愛的24則運算．七〉：
我的快樂除以我的悲傷
以為會得到幾倍幾的結果
得到的商
卻只是1

關於這首詩的解讀，下列何者最恰當？","悲傷會過去，快樂會留下","我的快樂等同於我的悲傷","除了悲傷之外，我一無所有","每個人的愛情都只有一種結果","1","我的快樂等同於我的悲傷","","答案 B。詩句寫「我的快樂除以我的悲傷」後，所得的商是 1；除數不為 0 時，商為 1 表示被除數與除數相等，所以詩中呈現快樂與悲傷等量並存。A 說悲傷消失、快樂留下，C 說只剩悲傷，D 說每段愛情只有一種結果，都不是詩句的意思。","[""抓住詩中的運算：快樂 ÷ 悲傷＝1。"",""商為 1 表示兩個量相等，因此快樂與悲傷並非互相抵銷或先後取代。"",""最貼近此比喻的是「我的快樂等同於我的悲傷」，選 B。""]","遇到詩中的數學比喻，先照字面理解關係式，再回到情感語境；不要把運算符號直接解讀成情緒消失。","[]","[]","","false","false","https://cap.rcpet.edu.tw/exam/114/114exam.html","https://drive.google.com/file/d/102j8F3hoCvGgMCVP6x6oHN9cCd0R6_Ii/view","","","","","","","","",""
"OFF-0879","國文","官方歷屆真題","114","5","會考總複習","歷屆會考","114年國文第5題","進階","歷屆真題","東漢 許慎《說文解字》收錄的字體以小篆為主，兼採秦以前的古文字與籀文。 下列四個不同字體的「封」字，何者不會收錄在其中？","A","B","C","D","0","A","","答案 A。A 圖字形筆畫方整、構形為後起的楷書「封」字，不屬《說文解字》以小篆為主並兼收秦以前古文字、籀文的範圍。B、C、D 都呈現篆籀或更早字形，可見題圖所示的古文字構件與線條特徵。","[""先依題幹限定《說文解字》所收字體：小篆為主，兼收秦以前古文字和籀文。"",""比較四個字形；A 筆畫方整，已是後起楷書形態，而非古文字、籀文或小篆。"",""因此不會收入的是 A；不能只因四字都讀作「封」就判斷字體相同。""]","判讀古文字先看字體年代與筆畫風格：小篆及更早字形常保留象形構造，楷書則是後世定型的方整筆畫。","[]","[""./assets/official-exams/114-chinese-q05-seal-script-options.png""]","./assets/official-exams/114-chinese-q05-seal-script-options.png","true","false","https://cap.rcpet.edu.tw/exam/114/114exam.html","https://drive.google.com/file/d/102j8F3hoCvGgMCVP6x6oHN9cCd0R6_Ii/view","","","","","","","","",""
"OFF-0880","國文","官方歷屆真題","114","6","會考總複習","歷屆會考","114年國文第6題","進階","歷屆真題","【資料：疫情下女性所面臨的困境】
法國自2020年3月17日封城以來，家暴通報數上升30%；阿根廷3月20日封城後，家暴求助增加25%；賽普勒斯及新加坡的家暴專線來電數分別上升30%及33%；加拿大、德國、西班牙、英國及美國的家暴與緊急庇護需求通報數也上升。
聯合國2020年報告指出，COVID-19席捲全球衍生或加劇性別不平等。專家推測，家庭暴力案件提高，與家庭收入受影響、行動自由受限，以及女性仍承擔多數家庭照顧責任有關；家庭壓力升高時，女性更容易成為家暴受害者。

根據以上資料，下列推論何者最恰當？","因疫情而封城，易誘發潛在的家庭暴力","疫情期間女性受家暴後通報的意願較高","家庭壓力上升造成女性收入與行動受限","過度關注疫情，導致政府漠視性別平權","0","因疫情而封城，易誘發潛在的家庭暴力","","答案 A。圖表顯示法國於 3 月 17 日封城後，家暴通報上升 30%；另列阿根廷家暴專線來電增加 25%，並同時指出家庭壓力升高及行動自由受限會提高受害風險。資料支持封城情境可能使潛在家暴浮現。B 把通報增加直接當成通報意願變高，資料沒有比較意願；C 顛倒因果與結果；D 也未見政府漠視平權的證據。","[""讀取圖表的具體證據：法國封城後家暴通報上升30%，阿根廷專線來電增加25%。"",""搭配下方說明：家庭壓力、收入與行動自由受限，可能提高女性成為家暴受害者的風險。"",""因此可推論封城易誘發或使潛在家暴浮現；不能把通報量增加直接等同意願提高，故選 A。""]","圖表的「通報數增加」不等於「發生數或通報意願」單一因素增加；推論需同時使用數據與文字說明，避免超出證據。","[]","[]","","false","false","https://cap.rcpet.edu.tw/exam/114/114exam.html","https://drive.google.com/file/d/102j8F3hoCvGgMCVP6x6oHN9cCd0R6_Ii/view","","","","","","","","",""
"OFF-0881","國文","官方歷屆真題","114","7","會考總複習","歷屆會考","114年國文第7題","進階","歷屆真題","根據甲、乙二圖，下列敘述何者最恰當？","皆指出如何區分漢語的聲調","皆指出對聯「仄起平收」的原則","皆說明貼的順序為上聯 → 橫批 → 下聯","皆說明站在屋外、面向大門的右邊要貼下聯","1","皆指出對聯「仄起平收」的原則","","答案 B。甲圖直接標示「仄聲貼右、平聲貼左」，乙圖也以對聯末字標出仄聲與平聲的配置，兩圖共同呈現傳統對聯「仄起平收」的聲律原則。A 不是辨認四聲的教學；C 的張貼順序並非兩圖共同說明；D 把觀看方向和上下聯位置混為一談。","[""比較甲、乙兩圖共同標示的規則，而非只看其中一張圖的張貼步驟。"",""兩圖都以對聯末字的平、仄聲作為上下聯配置依據，符合上聯仄收、下聯平收。"",""這就是「仄起平收」原則，選 B；其餘選項不是兩圖共同傳達的內容。""]","「仄起平收」簡記為上聯末字仄聲、下聯末字平聲；張貼左右則要再配合面向大門的方向判斷。","[]","[""./assets/official-exams/114-chinese-q07-couplet-diagrams.png""]","./assets/official-exams/114-chinese-q07-couplet-diagrams.png","true","false","https://cap.rcpet.edu.tw/exam/114/114exam.html","https://drive.google.com/file/d/102j8F3hoCvGgMCVP6x6oHN9cCd0R6_Ii/view","","","","","","","","",""
"OFF-0882","國文","官方歷屆真題","114","8","會考總複習","歷屆會考","114年國文第8題","進階","歷屆真題","貫雲石〈小梁州〉秋 芙蓉映水菊花黃，滿目秋光。枯荷葉底鷺鷥藏。金風盪，飄動桂枝香。 雷峰塔畔登高望，見錢塘一派長江。湖水清，江潮漾。天邊斜月，新雁兩三行。 關於這首曲的分析，下列何者最恰當？","題目為〈小梁州〉，是散曲中的小令","在曲作的中間換韻，不是一韻到底","以「菊花」、「金風」、「桂枝」呼應「秋」","以「斜月」、「新雁」象徵世間繁華轉眼成空","2","以「菊花」、「金風」、「桂枝」呼應「秋」","","答案 C。曲中「菊花黃」「秋光」「金風」和「桂枝香」集中描寫秋季色彩、風與花香，彼此呼應，故 C 最恰當。A 把曲牌名〈小梁州〉誤當題目；曲的題目是「秋」。B 不對，韻腳如「黃、光、藏、香、行」一韻到底。D 將斜月、新雁過度解作繁華消逝，曲中沒有此象徵依據。","[""辨認曲牌與題目：〈小梁州〉是曲牌，題目為「秋」，所以 A 不對。"",""檢查押韻，黃、光、藏、香、行相互協韻，並非中途換韻。"",""菊花、秋光、金風、桂枝香都直接烘托秋意；斜月、新雁是秋景描寫而非繁華消逝的象徵，故選 C。""]","散曲題先分清曲牌與題目，再看意象是否直接寫景或具有文中可證的象徵；不要把所有景物都過度寓意化。","[]","[]","","false","false","https://cap.rcpet.edu.tw/exam/114/114exam.html","https://drive.google.com/file/d/102j8F3hoCvGgMCVP6x6oHN9cCd0R6_Ii/view","","","","","","","","",""
"OFF-0883","國文","官方歷屆真題","114","9","會考總複習","歷屆會考","114年國文第9題","進階","歷屆真題","【閱讀材料】中式花茶依加工方式可分為三種：第一種是成品內沒有花但香氣濃郁的茶，如茉莉花茶；第二種是成品內有花的茶，如玫瑰烏龍茶；第三種是純花茶，成品內沒有茶葉，如菊花茶、蓮花茶。第一種等級最高，又稱「香片」：將乾燥茶葉與新鮮香花依比例混合，靜置陰涼處，待茶葉吸收花香後篩除花瓣，再烘乾製成。

下列花茶店店員針對顧客需求所給的建議，何者不恰當？","不想喝含有茶葉的茶｜店員建議：可選菊花茶","想在沖泡時看到花瓣｜店員建議：可買蓮花茶","想選等級最高的花茶送客戶｜店員建議：可選玫瑰烏龍茶","想喝製茶新香片｜店員建議：可將乾燥茶葉和新鮮茉莉花混合","2","想選等級最高的花茶送客戶｜店員建議：可選玫瑰烏龍茶","","答案 C。文中明說成品沒有花、香氣濃的香片等級最高；玫瑰烏龍屬於「成品內有花」的第二種，並非最高等級，所以把它推薦給想買最高級花茶的顧客不恰當。A 不要喝到茶葉可選第三種純花茶；B 想看見花瓣可選第二種；D 想自製茶香片可依文中方法用茶葉和新鮮茉莉花窨製。","[""整理三類：香片成品無花但有花香且等級最高；第二類成品有花；第三類為純花、沒有茶葉。"",""逐列核對顧客需求：A、B、D 的建議分別符合純花茶、花瓣可見、茶葉加鮮花窨製。"",""C 將玫瑰烏龍（第二類）說成最高等級，與文章分類衝突，因此答案 C。""]","分類題先把每一類的定義和例子整理成對照表，再檢查推薦是否符合顧客需求；不要把「看得到花」誤認為等級最高。","[]","[]","","false","false","https://cap.rcpet.edu.tw/exam/114/114exam.html","https://drive.google.com/file/d/102j8F3hoCvGgMCVP6x6oHN9cCd0R6_Ii/view","","","","","","","","",""
"OFF-0884","國文","官方歷屆真題","114","10","會考總複習","歷屆會考","114年國文第10題","進階","歷屆真題","【閱讀材料】「蜂造之蜜出山崖、土穴者十居其八，而人家招蜂造釀而割取者，十居其二也。北方乾燥，土穴所釀多出於此。南方卑溼，故有崖蜜而無穴蜜。西北半天下，蓋與蔗漿分勝云。」
【問題】根據本文，下列推論何者最恰當？","穴蜜多產於乾燥之處","崖蜜多為人工養育而來","卑溼之地沒有天然的蜂造之蜜","西北蜂蜜產量是東南蔗漿的一半","0","穴蜜多產於乾燥之處","","答案 A。文中說北方乾燥，土穴所釀的穴蜜多出於北方，因此可推論穴蜜多產於乾燥地區。B 把崖蜜說成人工養育，與「山崖、土穴的天然蜂蜜占八成」不符；C 說潮濕地區沒有天然蜂蜜，但文中明言南方有崖蜜；D 把「西北半天下」誤讀成西北產量是東南的一半，原文是在說蜂蜜與蔗漿各有市場、相互競勝。","[""先解關鍵句：北方乾燥，所以土穴所釀的穴蜜多出於北方。"",""因此 A「穴蜜多產於乾燥之處」是直接根據因果敘述作出的合理推論。"",""南方雖卑溼仍有崖蜜，故 C 錯；人工養蜂只占兩成，且「分勝」不是產量一半，B、D 也不成立。""]","文言推論要先疏通詞義：「十居其八」是八成，「卑溼」是低下潮濕，「分勝」指各有勝場；勿把比例或競勝誤當一半產量。","[]","[]","","false","false","https://cap.rcpet.edu.tw/exam/114/114exam.html","https://drive.google.com/file/d/102j8F3hoCvGgMCVP6x6oHN9cCd0R6_Ii/view","","","","","","","","",""
"OFF-0885","國文","官方歷屆真題","114","11","會考總複習","歷屆會考","114年國文第11題","進階","歷屆真題","「旅行回來，一篇遊記常要寫上許久，有的終究沒寫成。有時不知怎麼濃縮剪 裁，最後只是一片凌亂的札記和草稿。那些沒寫出來的，只好留待時間去處理 了。時間如果不是個偉大的作者，起碼是個傑出的編輯。也許它最後會告訴 我：不寫也罷！」根據文意脈絡，關於畫線處文句的解讀，下列何者最恰當？","真正優秀的作品，經得起時間的考驗","要寫出一篇好遊記，作者比編輯更重要","成為傑出的編輯，需要時間與經驗的累積","經過時間的沉澱，自然能釐清值得寫的是什麼","3","經過時間的沉澱，自然能釐清值得寫的是什麼","","答案 D。作者把時間比喻成作者或編輯：旅途中尚未整理出的札記，經過時間沉澱後，可能被整理成作品，也可能發現並不值得寫。D 抓到「時間幫助判斷哪些內容值得留下」的意思。A 把比喻扭成作品能否經受考驗；B、C 把重點誤放在寫作能力或編輯經驗。","[""前文說旅行札記凌亂、難以剪裁，作者暫時無法決定如何成篇。"",""「時間是作者／編輯」是比喻：時間能沉澱材料、整理內容，也可能讓人判斷不必寫。"",""因此重點是時間後能釐清值得寫的內容，選 D；不是評價作品是否經得起考驗。""]","解讀比喻句要回扣前後文。這裡的「時間」是整理與篩選材料的力量，不是字面上的編輯職業。","[]","[]","","false","false","https://cap.rcpet.edu.tw/exam/114/114exam.html","https://drive.google.com/file/d/102j8F3hoCvGgMCVP6x6oHN9cCd0R6_Ii/view","","","","","","","","",""
"OFF-0886","國文","官方歷屆真題","114","12","會考總複習","歷屆會考","114年國文第12題","進階","歷屆真題","「我的本行是科學而非文學（甲）也許這正是我的缺失（乙）也許這反而是我的長處，無論如何我清楚明白（丙）科學需要人文的關懷（丁）而文學需要理性的自覺。」根據文意脈絡，甲、乙、丙、丁四處，何者最適合填入冒號？","甲","乙","丙","丁","2","丙","","答案 C（丙）。「科學需要人文的關懷」和「文學需要理性的自覺」是在具體說明前面的「我清楚明白」：冒號可用來引出說明或解釋，所以放在丙。甲句意未完不宜用句號；乙兩個相近分句用逗號即可；丁兩句結構相承，用逗號，不需在「而」前加冒號。","[""先找冒號可能引出的內容：丙後面列出作者「清楚明白」的兩項認知。"",""後文「科學需要人文關懷」及「文學需要理性自覺」正是對前句的說明，符合冒號用法。"",""因此冒號置於丙；其他三處依句意使用句號或逗號較恰當，選 C。""]","冒號常用於提示下文、引出說明或列舉；判斷標點時要看前後句的語意關係，不只看句子長短。","[]","[]","","false","false","https://cap.rcpet.edu.tw/exam/114/114exam.html","https://drive.google.com/file/d/102j8F3hoCvGgMCVP6x6oHN9cCd0R6_Ii/view","","","","","","","","",""
"OFF-0887","國文","官方歷屆真題","114","13","會考總複習","歷屆會考","114年國文第13題","進階","歷屆真題","下列文句中的語詞，何者使用最恰當？","他奮力救人的義舉，淪為一段佳話","我如此盡心，既然得到這樣的待遇","此建案已延宕多時，如今終於竣工","那件事能夠完成，不愧有你的幫忙","2","此建案已延宕多時，如今終於竣工","","答案 C。「延宕」是延遲拖延，「竣工」是工程完成；「延宕多時，如今終於竣工」語意通順。A 的「淪為」帶有陷入不佳處境的負面語氣，應改「傳為佳話」；B 表意意外應用「竟然」，不是表示前提的「既然」；D 的「不愧」表示確實當得起某種稱譽，不能表示「多虧」，應改成「多虧有你的幫忙」。","[""逐句檢查詞語和上下文語意是否搭配。"",""「延宕多時」說工程拖延，「終於竣工」說工程完成，前後形成合理轉折。"",""其餘三句分別把「淪為／傳為」、「既然／竟然」、「不愧／多虧」混用，因此選 C。""]","近義詞題要把詞語放回句子判斷褒貶和語法位置；「既然」引出前提，「竟然」表示出乎意料。","[]","[]","","false","false","https://cap.rcpet.edu.tw/exam/114/114exam.html","https://drive.google.com/file/d/102j8F3hoCvGgMCVP6x6oHN9cCd0R6_Ii/view","","","","","","","","",""
"OFF-0888","國文","官方歷屆真題","114","14","會考總複習","歷屆會考","114年國文第14題","進階","歷屆真題","下列文句「」中的字，何者讀音正確？","有些玩笑話沒拿捏好分寸，就可能變成「揶」揄：ㄧㄝˊ","這家賣場備有各種「晾」晒工具，提供消費者選購：ㄐㄧㄥ","這齣音樂劇結合不同族群的元素，打破文化的「藩」籬：ㄆㄢ","原以為勝券在握，卻因一時疏忽，竟從雲端「栽」了下來：ㄘㄞˊ","0","有些玩笑話沒拿捏好分寸，就可能變成「揶」揄：ㄧㄝˊ","","答案 A。「揶揄」讀 ㄧㄝˊ ㄩˊ，題目標示的「揶」讀音正確。B「晾」讀 ㄌㄧㄤˋ，不讀 ㄐㄧㄥ；C「藩」讀 ㄈㄢ，不讀 ㄆㄢ；D「栽」讀 ㄗㄞ，不讀 ㄘㄞˊ。","[""先確認 A 的詞：「揶揄」指嘲笑、戲弄，「揶」讀 ㄧㄝˊ。"",""核對其餘多音／形近字：「晾」ㄌㄧㄤˋ、「藩」ㄈㄢ、「栽」ㄗㄞ。"",""只有 A 的注音與字音相符，選 A。""]","形音題可先把熟悉詞語整詞讀出，再單獨核對目標字；不要受同部件或相似字音干擾。","[]","[]","","false","false","https://cap.rcpet.edu.tw/exam/114/114exam.html","https://drive.google.com/file/d/102j8F3hoCvGgMCVP6x6oHN9cCd0R6_Ii/view","","","","","","","","",""
"OFF-0889","國文","官方歷屆真題","114","15","會考總複習","歷屆會考","114年國文第15題","進階","歷屆真題","蒲松齡《聊齋志異》共492篇，包括兩種作品：一是幾百字甚至幾十字的 奇聞逸事，另一是長達數千言的故事，是真正的短篇小說，兩種作品各占一 半。《聊齋志異》真正的短篇小說能從前人作品找到「本事」（原型）的約 百篇，意即近二分之一的篇章不是作者獨創，而是改寫前人作品。魯迅說此 書「亦頗有從唐傳奇轉化而出者」。 關於文中《聊齋志異》的說明，下列何者最恰當？","有些唐傳奇故事是蒲松齡寫作的來源","找不到原型的篇章數不及全書的一半","全書能找到原型的作品大多是奇聞逸事","書中的短篇小說篇幅僅幾百甚至幾十字","0","有些唐傳奇故事是蒲松齡寫作的來源","","答案 A。魯迅說《聊齋志異》「頗有從唐傳奇轉化而出者」，表示有些故事取材自唐傳奇。B 把「近半數短篇小說非原創」誤當成全書篇數的一半；C 找到原型的多是數千言的真正短篇小說，不是幾十字的奇聞逸事；D 把短篇小說和短篇幅混淆，本文說其故事可長達數千言。","[""先分清全書兩類作品：短小奇聞逸事與數千言的真正短篇小說，各約占一半。"",""約百篇找到前人本事，指的是短篇小說中有改寫來源；魯迅的引文又明示來源包含唐傳奇。"",""所以 A 正確；不可把短篇小說內部的比例誤算成全書比例，也不可把「短篇」誤解成字數很少。""]","比例題先確認分母。「近二分之一」指真正短篇小說，不是全書492篇；閱讀包含多層分類的句子時要逐層標出範圍。","[]","[]","","false","false","https://cap.rcpet.edu.tw/exam/114/114exam.html","https://drive.google.com/file/d/102j8F3hoCvGgMCVP6x6oHN9cCd0R6_Ii/view","","","","","","","","",""
"OFF-0890","國文","官方歷屆真題","114","16","會考總複習","歷屆會考","114年國文第16題","進階","歷屆真題","下列文句，何者用字完全正確？","所謂有志竟成，努力必能得到回報","得饒人處且饒人，你何必趕進殺絕","想到他的處境，我情不自盡地落淚","眼不見為靜，把雜物塞進櫃子就好","0","所謂有志竟成，努力必能得到回報","","答案 A。「有志竟成」是有志向、肯努力，事情終究能成功，用字正確。B 應寫「趕盡殺絕」；C 應寫「情不自禁」；D 應寫「眼不見為淨」，三者各有一字誤用。","[""檢查 A 的成語：「有志竟成」字形與意思都正確。"",""B 的固定用語是「趕盡殺絕」，不是「趕進殺絕」。"",""C、D 分別應為「情不自禁」「眼不見為淨」，故只有 A 完全正確。""]","成語用字題可先想固定詞形，再代回句意；同音字常是干擾，例如「竟／進」「禁／盡」「淨／靜」。","[]","[]","","false","false","https://cap.rcpet.edu.tw/exam/114/114exam.html","https://drive.google.com/file/d/102j8F3hoCvGgMCVP6x6oHN9cCd0R6_Ii/view","","","","","","","","",""
"OFF-0891","國文","官方歷屆真題","114","17","會考總複習","歷屆會考","114年國文第17題","進階","歷屆真題","祖可〈小重山〉：「誰向江頭遺恨濃？碧波流不斷，楚山重。柳煙和雨隔疏鐘。黃昏後，羅幕更朦朧。桃李小園空。阿誰猶笑語，拾殘紅。珠簾捲盡夜來風。人不見，春在綠蕪中。」（阿誰：何人）關於這闋詞的分析，下列何者最恰當？","上片押平聲韻，下片轉押仄聲韻","上片寫景抒情，下片敘事兼論理","「碧波流不斷」將「遺恨濃」具體化","藉由「綠蕪」來反襯「桃李」的豔冶","2","「碧波流不斷」將「遺恨濃」具體化","","答案 C。「碧波流不斷」把抽象的「遺恨濃」轉化為江水不斷流淌的具體景象，呈現愁恨綿延。A 上下片韻腳都押平聲；B 下片仍以空園、殘花、綠蕪等景物抒情，沒有論理；D「桃李小園空」表示園中已空，並無桃李豔麗景象可供反襯。","[""理解起句提出濃重遺恨，接著寫「碧波流不斷」，以不停流動的江水形象化愁恨。"",""核對韻腳：上片濃、重、鐘、朧；下片空、紅、風、中，兩片都押平聲韻。"",""下片仍是藉景抒情；「小園空」也不是桃李盛開，故只有 C 符合，答案 C。""]","古典詩詞常用景物把抽象情緒具體化；讀詞時也要逐片檢查韻腳和抒情方式，避免把寫景誤判成論理。","[]","[]","","false","false","https://cap.rcpet.edu.tw/exam/114/114exam.html","https://drive.google.com/file/d/102j8F3hoCvGgMCVP6x6oHN9cCd0R6_Ii/view","","","","","","","","",""
"OFF-0892","國文","官方歷屆真題","114","18","會考總複習","歷屆會考","114年國文第18題","進階","歷屆真題","皎然〈尋陸鴻漸不遇〉：「移家雖帶郭，野徑入桑麻。近種籬邊菊，秋來未著 花。扣門無犬吠，欲去問西家。報道山中去，歸來每日斜。」根據本詩，作者 此次訪友之行曾看見下列何者？","荒蕪的農地","盛開的菊花","歸來的鴻漸","鴻漸的鄰居","3","鴻漸的鄰居","","答案 D。詩人敲門沒有聽到狗吠，準備離開時去問西邊鄰居，鄰居告知陸鴻漸去了山中；因此詩人此次見到或接觸到的是鄰居。農地有桑麻並非荒蕪；菊花「秋來未著花」尚未開；題名「不遇」也說明沒有遇見陸鴻漸。","[""「野徑入桑麻」寫田間作物，不是荒蕪農地。"",""「秋來未著花」明確表示菊花尚未開；「不遇」且朋友去了山中，故沒有見到陸鴻漸。"",""詩人「欲去問西家」，由鄰居回答朋友去向，可知此次接觸到鄰居，選 D。""]","詩句直接線索優先：「未著花」是否開花、「不遇」是否見到友人，都能排除選項；最後再按事件順序推論。","[]","[]","","false","false","https://cap.rcpet.edu.tw/exam/114/114exam.html","https://drive.google.com/file/d/102j8F3hoCvGgMCVP6x6oHN9cCd0R6_Ii/view","","","","","","","","",""
"OFF-0893","國文","官方歷屆真題","114","19","會考總複習","歷屆會考","114年國文第19題","進階","歷屆真題","下列文句中的詞語，何者使用最恰當？","這部電影的戰爭場面逼真，其慘烈不可名狀","他表面上雖然毫不在乎，但心裡卻不以為意","他的心情不言而喻，大家都不知他是喜是怒","長官對此事不置可否，讓下屬有明確的方向","0","這部電影的戰爭場面逼真，其慘烈不可名狀","","答案 A。「不可名狀」指無法用言語形容，形容電影戰爭場面的慘烈，搭配恰當。B「毫不在乎」和「不以為意」意思相近，與轉折詞「但」不合；C「不言而喻」表示不說也明白，和大家不知喜怒矛盾；D「不置可否」是不表明態度，不能讓下屬有明確方向。","[""先解 A：不可名狀＝無法用言語描述，能修飾極其慘烈的戰爭場面。"",""B 轉折後應接相反意思，不以為意並非毫不在乎的反義詞。"",""C、D 的成語意義分別與後半句矛盾，故最恰當的是 A。""]","成語語境題除了查字面意思，也要檢查句中的轉折、因果和前後是否自相矛盾。","[]","[]","","false","false","https://cap.rcpet.edu.tw/exam/114/114exam.html","https://drive.google.com/file/d/102j8F3hoCvGgMCVP6x6oHN9cCd0R6_Ii/view","","","","","","","","",""
"OFF-0894","國文","官方歷屆真題","114","20","會考總複習","歷屆會考","114年國文第20題","進階","歷屆真題","太祖以事責丞相李善長，劉基言：「善長勛舊，能調和諸將。」太祖曰： 「是數欲害汝，汝竟為之言耶？吾將相汝矣。」基頓首曰：「是如易柱，須得 大木。若束小木為之，且立覆。」 關於文中人物的敘述，下列何者最恰當？","太祖因多次陷害劉基而心存愧疚","太祖想以李善長替代劉基為丞相","劉基認為李善長調和諸將就像束小木","劉基認為李善長比自己適合擔任丞相","3","劉基認為李善長比自己適合擔任丞相","","答案 D。太祖說要讓劉基當丞相，劉基以換柱作比：更換支柱需要大木，不能把小木捆成一束充數。前文劉基已稱李善長是有功勳且能調和諸將的舊臣，後文又替他辯護；「大木」指李善長，顯示劉基認為李善長更適任。A 把想害劉基的人誤認成太祖；B 把「相汝」方向顛倒；C 把比喻對象弄反。","[""先釐清代名詞：「是數欲害汝」指李善長曾多次想害劉基；「吾將相汝」則是太祖想讓劉基任丞相。"",""劉基拿更換柱子比喻任命：大木才能支撐屋柱，捆小木代替會立刻倒塌。"",""結合劉基稱讚李善長能調和諸將並為他辯護，可知「大木」指李善長，劉基認為李更適合任相，選 D。""]","文言文先確認省略主語和代詞指涉，再解比喻；「相汝」是讓你做丞相，不要把任命對象看反。","[]","[]","","false","false","https://cap.rcpet.edu.tw/exam/114/114exam.html","https://drive.google.com/file/d/102j8F3hoCvGgMCVP6x6oHN9cCd0R6_Ii/view","","","","","","","","",""
"OFF-0895","國文","官方歷屆真題","114","21","會考總複習","歷屆會考","114年國文第21題","進階","歷屆真題","【賽程資料】16強採單淘汰制（輸一場即淘汰）。首輪對戰與分支如下：左半區上支為荷蘭對美國、阿根廷對澳大利亞；左半區下支為日本對克羅埃西亞、巴西對南韓。右半區上支為英格蘭對塞內加爾、法國對波蘭；右半區下支為摩洛哥對西班牙、葡萄牙對瑞士。各支首輪勝隊依圖中分支進入八強、四強；兩區冠軍在決賽爭冠亞軍，兩支四強落敗隊再爭季軍。下列哪一組冠軍、亞軍、季軍結果最可能出現？","冠軍阿根廷、亞軍巴西、季軍英格蘭","冠軍荷蘭、亞軍波蘭、季軍澳大利亞","冠軍法國、亞軍西班牙、季軍葡萄牙","冠軍克羅埃西亞、亞軍摩洛哥、季軍塞內加爾","3","冠軍克羅埃西亞、亞軍摩洛哥、季軍塞內加爾","","答案 D。淘汰賽輸一場即出局，冠軍與亞軍必須分屬左右兩個賽區，而季軍是另一場準決賽的敗方。D 中克羅埃西亞位於左半區、摩洛哥位於右半區，可在冠軍戰相遇；塞內加爾也可能在右半區另一支路線輸掉準決賽，取得季軍。A 的阿根廷與巴西都在左半區，不可能同列冠亞軍；B 的荷蘭、澳洲無法同時成為冠軍與季軍；C 的法國、西班牙同在右半區，亦不能分列冠亞軍。","[""先從賽程圖辨認半區：冠軍戰兩隊必須分別由左、右半區晉級。"",""再檢查選項 D：克羅埃西亞從左半區晉級、摩洛哥從右半區晉級；塞內加爾可能於右半區另一場準決賽落敗，故三個名次可同時成立。"",""排除同半區卻分列冠亞軍的 A、C，以及不符合準決賽敗者季軍位置的 B，因此選 D。""]","單淘汰賽推名次時，先判斷隊伍所在半區；冠亞軍必須跨半區，季軍只能是準決賽敗隊之一。","[]","[""./assets/official-exams/114-chinese-q21-bracket.png""]","./assets/official-exams/114-chinese-q21-bracket.png","true","false","https://cap.rcpet.edu.tw/exam/114/114exam.html","https://drive.google.com/file/d/102j8F3hoCvGgMCVP6x6oHN9cCd0R6_Ii/view","","","","","","","","",""
"OFF-0896","國文","官方歷屆真題","114","22","會考總複習","歷屆會考","114年國文第22題","進階","歷屆真題","安邑里巷口有賣餅者，吾每早過戶，未嘗不聞其歌。一日，召之與語， 貧窘可憐。因與萬錢，令多其本，日取餅以償之。欣然持錢而去。後過其戶， 則寂然不聞謳歌之聲。及呼乃至，謂曰：「爾何輟歌之遽乎？」曰：「本流既 大，所謀益增，不暇唱曲矣。」 關於文中的「吾」與賣餅者，下列敘述何者最恰當？","「吾」喜歡吃賣餅者的餅，日日光顧","賣餅者生意資本擴增後，工作更繁忙","「吾」喜歡賣餅者的歌聲，勸他以此招攬生意","賣餅者經濟狀況改善之後，就不想再繼續賣餅","1","賣餅者生意資本擴增後，工作更繁忙","","答案 B。賣餅者說「本流既大，所謀益增，不暇唱曲矣」：本金增加後，計畫與經營範圍也變大，忙到沒有空閒唱歌，說明工作更繁忙。文中沒有說「吾」天天買餅，也沒有表示賣餅者不再賣；「吾」給錢是讓他增加本金，不是要他用歌聲招攬客人。","[""理解關鍵句：「本流」指本金／資本，「所謀益增」指經營打算增多，「不暇」是沒有空閒。"",""把關鍵句連起來：資本變多後擴大經營，工作增加，所以無暇唱歌。"",""因此 B 說生意資本擴增後工作更繁忙；其餘選項都超出文章內容，選 B。""]","文言詞義要放回語境：「本流」看作本金，「不暇」是無暇；別把敘述者聽歌誤推成天天購買。","[]","[]","","false","false","https://cap.rcpet.edu.tw/exam/114/114exam.html","https://drive.google.com/file/d/102j8F3hoCvGgMCVP6x6oHN9cCd0R6_Ii/view","","","","","","","","",""
"OFF-0897","國文","官方歷屆真題","114","23","會考總複習","歷屆會考","114年國文第23題","進階","歷屆真題","【比較資料】
比較項目｜遠卒守塞｜募民屯戍
駐地的久暫｜久居｜一歲而更
獲得的福利｜室屋、田器｜冬夏衣、廩食
對地勢的了解｜熟習｜不熟習
對胡人的心態｜畏懼｜不畏懼

「遠方之卒守塞」與「募民屯戍」的做法如上。關於文中兩者的比較，下列何者最恰當？","(A)駐地久暫：遠卒久居；募民一年輪替","(B)獲得福利：遠卒有室屋、田器；募民有冬夏衣、糧食","(C)地勢熟悉度：遠卒熟悉；募民不熟悉","(D)對胡人心態：遠卒畏懼；募民不畏懼","3","(D)對胡人心態：遠卒畏懼；募民不畏懼","","答案 D。遠方徵來的戍卒不熟悉塞下地勢、心裡畏懼胡人；改募當地居民屯戍，居民熟悉環境，又要保護家人、田產，遇到胡人來犯時會互相救助、不避死戰。因此兩種方法對「對胡人的心態」可分別概括為畏懼與不畏懼。","[""找出遠方戍卒的特點：不習地勢，而且心畏胡人。"",""找出募民屯戍的特點：當地人可相互救助，為了保全親人和財產，遇敵不避死。"",""比較心態，遠卒畏懼、募民不畏懼，表格 D 正確。""]","比較題先將兩組對象的原文線索分欄整理，再檢查表格是否把特徵顛倒；此題關鍵是「心畏胡」與「赴胡不避死」。","[]","[]","","false","false","https://cap.rcpet.edu.tw/exam/114/114exam.html","https://drive.google.com/file/d/102j8F3hoCvGgMCVP6x6oHN9cCd0R6_Ii/view","","","","","","","","",""
"OFF-0898","國文","官方歷屆真題","114","24","會考總複習","歷屆會考","114年國文第24題","進階","歷屆真題","「世傳《碧雲騢》一卷為梅聖俞作，皆歷詆慶曆以來公卿隱過，雖范文正亦不 免。議者遂謂聖俞游諸公間，官竟不達，懟而為此以報之。君子成人之美，縱 使萬有一不至，猶當為賢者諱，況未必有實。聖俞賢者，豈至是哉？後聞之， 乃魏泰所為，嫁之聖俞也。此豈特累諸公，又將以誣聖俞？歐陽文忠《歸田錄》 自言不記人之過惡，君子之用心當如此也。」下列何者最符合本文的觀點？","范文正也曾揭發公卿的過錯","《碧雲騢》應非梅聖俞所作","魏泰因官運不亨而怨懟梅聖俞","《歸田錄》反對替賢者隱諱的筆法","1","《碧雲騢》應非梅聖俞所作","","答案 B。文章先說《碧雲騢》被誤傳為梅聖俞所作，後來查明是魏泰寫作並嫁名給梅聖俞，所以《碧雲騢》應非梅聖俞所作。A 把「范文正被批評」錯解成他揭發過錯；C 把梅聖俞與魏泰的仕途、怨懟混淆；D 與歐陽修不記人過惡、君子應如此的主張相反。","[""抓住轉折：「後聞之，乃魏泰所為，嫁之聖俞也」指出作品實為魏泰所作，卻冒署梅聖俞。"",""因此最恰當的敘述是《碧雲騢》並非梅聖俞所作，選 B。"",""末句引用《歸田錄》稱不記人過惡是君子用心；這是在肯定寬厚，不是反對替賢者隱諱。""]","文言文遇到「乃」「嫁之」等轉折與指代詞，要追蹤作者、被誣者及議論者，避免把人物角色互換。","[]","[]","","false","false","https://cap.rcpet.edu.tw/exam/114/114exam.html","https://drive.google.com/file/d/102j8F3hoCvGgMCVP6x6oHN9cCd0R6_Ii/view","","","","","","","","",""
"OFF-0899","國文","官方歷屆真題","114","25","會考總複習","歷屆會考","114年國文第25題","進階","歷屆真題","【閱讀材料】
作者的外孫談起一顆名叫「明」的北極圓蛤：牠已活超過五百年，科學家推估出生於明朝，因此得名；北極海底還可能有更老的蛤蜊。作者則回憶自己年幼時跟著舅舅勞動，最喜歡到海邊挖「公呆」。公呆生活在潮濕窪地，遇到動物接近會噴水示警；這可能嚇走敵人，卻也會暴露位置，讓挖蛤的人找到牠們。公呆常攤平在潮泥表面，只需薄土覆蓋，殼薄且容易被踩破。作者回憶公呆很容易挖到；孫子擔心過度捕撈會使牠絕種，外婆則說公呆生命短，秋天轉冷時常成群死亡。孫子進一步認為，公呆並非懶惰，而是因生命短暫、承受不了壓力，才以攤平的方式生活；牠們仍能在有限時間裡享受陽光與陪伴。

根據本文，下列關於公呆的敘述何者最恰當？","若移至深海生活，可以延長生命","噴水嚇阻敵人，反而暴露藏身處","閉殼後像石頭，碰撞也不易破損","群體死亡前，會一起躺平晒太陽","1","噴水嚇阻敵人，反而暴露藏身處","","答案 B。公呆遇到動物靠噴水示警或嚇退，但水柱會暴露牠們藏在泥灘中的位置，反而容易再被發現。文中說牠們生活在淺灘、壽命短且殼薄，深海更冷、壓力更大，並不會延長生命；殼薄也不耐碰撞；躺平晒太陽是趁活著享受溫暖與陪伴，不是群體死亡前的儀式。","[""先找防禦行為：有動物接近時，公呆會噴水，可能嚇退敵人。"",""作者指出噴水同時會暴露位置，使牠更容易被發現，因此 B 符合文意。"",""深海寒冷且壓力大，公呆殼薄無法承受；躺平晒太陽也不是死亡前行為，其他選項不成立。""]","讀作者的敘事時分辨事實與推論；「或許嚇退敵人」後面緊接「暴露位置」，構成行為的反效果。","[]","[]","","false","false","https://cap.rcpet.edu.tw/exam/114/114exam.html","https://drive.google.com/file/d/102j8F3hoCvGgMCVP6x6oHN9cCd0R6_Ii/view","","","","","","","","",""
"OFF-0900","國文","官方歷屆真題","114","26","會考總複習","歷屆會考","114年國文第26題","進階","歷屆真題","【閱讀材料】
作者的外孫談起一顆名叫「明」的北極圓蛤：牠已活超過五百年，科學家推估出生於明朝，因此得名；北極海底還可能有更老的蛤蜊。作者則回憶自己年幼時跟著舅舅勞動，最喜歡到海邊挖「公呆」。公呆生活在潮濕窪地，遇到動物接近會噴水示警；這可能嚇走敵人，卻也會暴露位置，讓挖蛤的人找到牠們。公呆常攤平在潮泥表面，只需薄土覆蓋，殼薄且容易被踩破。作者回憶公呆很容易挖到；孫子擔心過度捕撈會使牠絕種，外婆則說公呆生命短，秋天轉冷時常成群死亡。孫子進一步認為，公呆並非懶惰，而是因生命短暫、承受不了壓力，才以攤平的方式生活；牠們仍能在有限時間裡享受陽光與陪伴。

關於本文的寫作分析，下列何者最恰當？","以祖孫對話暗示不同世代價值觀的差異","以作者童年拾蛤經驗抒發對親人的懷念","藉北極圓蛤明彰顯生態永續發展的重要","藉公呆的形象比喻活到老學到老的態度","0","以祖孫對話暗示不同世代價值觀的差異","","答案 A。文章由外婆與孫子的對話呈現不同世代對生活的看法：外婆以勞動生活經驗看待短命、殼薄的公呆，孫子則從環境與生命議題提出疑問。這種對話使兩代價值觀差異浮現。文中沒有作者懷念親人，也非在倡議永續發展；公呆象徵的是現代「躺平」態度，不是活到老學到老。","[""辨認寫作形式：外婆先講公呆，孫子不斷追問，兩人對生命與生活的理解不同。"",""這些對話呈現外婆的生活經驗和孫子的環境／生命觀，暗示世代價值觀差異。"",""文章沒有懷親、永續倡議或終身學習的主旨，因此選 A。""]","寫作分析題要看對話如何推動主題；不要把文中出現的環保或生命議題直接放大成全文主旨。","[]","[]","","false","false","https://cap.rcpet.edu.tw/exam/114/114exam.html","https://drive.google.com/file/d/102j8F3hoCvGgMCVP6x6oHN9cCd0R6_Ii/view","","","","","","","","",""
"OFF-0901","國文","官方歷屆真題","114","27","會考總複習","歷屆會考","114年國文第27題","進階","歷屆真題","【閱讀材料】
灰面鵟鷹是過境臺灣的候鳥。每年十月起，牠們從日本、琉球列島或中國東北南下，經臺灣前往菲律賓度冬；三月再集結北返。研究人員長期追蹤後發現，春季北返有兩條路線：一條從度冬地北上，經臺灣東南外海的蘭嶼、琉球，返回日本繁殖地；另一條經臺灣西岸，再回到中國東北、北韓或日本。臺灣中部八卦山是重要休息站。每年春天成千上萬灰面鵟鷹從南方來，彰化人稱牠們「南路鷹」。八卦山次生林提供豐富食物；猛禽遷徙仰賴氣流滑翔，需沿山脈尋找上升氣流以提升高度，八卦山具備此地形條件。

小原根據本文與圖（一）畫出灰面鵟鷹遷徙路線圖，如圖（二）。小嵐認為路線有疏漏和錯誤，以下哪一說法可以成立？","北上的路線應該在臺灣南部出海","北上的路線少畫了經由蘭嶼的這條","南下的路線不應該經由墾丁出海","南下的路線少畫了從中國來的這條","1","北上的路線少畫了經由蘭嶼的這條","","答案 B。本文明確說春季一條北上路線從臺灣東北外海的蘭嶼出發，經琉球群島前往日本等地；圖（二）的北上路線少了蘭嶼這段。南下則會經墾丁出海，且來自中國東北的路線已在圖中表示，因此 A、C、D 不成立。","[""先從本文摘出春季北上的兩條路線：一條經臺灣東北外海的蘭嶼、琉球；另一條由臺灣西岸往中國東北等地。"",""對照圖（二），北上線缺少蘭嶼—琉球的路段，故 B 成立。"",""圖示已有中國方向的南下線，且文中南下線會經墾丁；A、C、D 與文圖不符。""]","路線題要先把文字中的起點、途經地、方向列出，再逐段核對地圖；不要把南下與北上箭頭混讀。","[]","[""./assets/official-exams/114-chinese-q27-migration-maps.png""]","./assets/official-exams/114-chinese-q27-migration-maps.png","true","false","https://cap.rcpet.edu.tw/exam/114/114exam.html","https://drive.google.com/file/d/102j8F3hoCvGgMCVP6x6oHN9cCd0R6_Ii/view","","","","","","","","",""
"OFF-0902","國文","官方歷屆真題","114","28","會考總複習","歷屆會考","114年國文第28題","進階","歷屆真題","【閱讀材料】
灰面鵟鷹是過境臺灣的候鳥。每年十月起，牠們從日本、琉球列島或中國東北南下，經臺灣前往菲律賓度冬；三月再集結北返。研究人員長期追蹤後發現，春季北返有兩條路線：一條從度冬地北上，經臺灣東南外海的蘭嶼、琉球，返回日本繁殖地；另一條經臺灣西岸，再回到中國東北、北韓或日本。臺灣中部八卦山是重要休息站。每年春天成千上萬灰面鵟鷹從南方來，彰化人稱牠們「南路鷹」。八卦山次生林提供豐富食物；猛禽遷徙仰賴氣流滑翔，需沿山脈尋找上升氣流以提升高度，八卦山具備此地形條件。

八卦山成為灰面鵟鷹重要休息站的原因，最可能是下列何者？","林相完整，雨量豐沛","地形獨特，容易識別","食物豐富，地形適合","氣候溫暖，適合繁殖","2","食物豐富，地形適合","","答案 C。本文直接指出八卦山次生林提供豐富食物；此外灰面鵟鷹遷徙時利用山脈尋找上升氣流，八卦山的地形正好提供停棲與滑翔條件。因此原因是食物豐富、地形適合。文中沒有說雨量、繁殖氣候或單純容易辨識是主要原因。","[""定位本文對八卦山的兩項說明：次生林提供豐富食物，山脈地形有助尋找上升氣流。"",""題目問休息站原因，食物供應與遷徙地形條件都能解釋鵟鷹停留。"",""因此選 C；林相雨量、辨識度與繁殖氣候都不是本文給出的證據。""]","因果推論應以文章明示資訊為準；同一段列出的食物與地形線索共同對應選項，不必自行補入氣候假設。","[]","[]","","false","false","https://cap.rcpet.edu.tw/exam/114/114exam.html","https://drive.google.com/file/d/102j8F3hoCvGgMCVP6x6oHN9cCd0R6_Ii/view","","","","","","","","",""
"OFF-0903","國文","官方歷屆真題","114","29","會考總複習","歷屆會考","114年國文第29題","進階","歷屆真題","【閱讀材料】
甲文：導演希區考克說：「製作一部偉大的電影需要三樣東西：劇本、劇本、劇本。」劇本除對白外，還須以視覺化描寫讓觀眾進入真實世界、維持注意力。視覺化寫作包含四項：一、場景外觀（地點看起來如何，須描寫其獨特之處）；二、場景事件（場景中發生什麼事、人物正在做什麼）；三、角色外貌（角色的外觀、服裝與神情）；四、角色行動（角色如何移動、做出什麼動作，並藉身體動作呈現心理）。
乙劇本：室內，安德魯的練習室。安德魯在昏暗狹小的練習室練習雙跳，前方譜架上的電子節拍器閃爍，紅色數字顯示速度380。他停下來將速度調為390，再繼續練習，試著跟上400的速度，卻逐漸跟不上；全力以赴、汗流浹背、雙手起泡。這時「喀啦」，他的右鼓棒斷成兩半。他停下，疲憊地看著自己的手，再看仍在作響的節拍器，抬頭望向海報中的人物——巴迪．瑞奇俯在鼓上。

根據甲文，關於劇本的創作，下列敘述何者最恰當？","增加對白的比例可讓電影更有視覺效果","要看懂電影必須先學習視覺化寫作的技能","視覺化寫作可讓讀劇本的人較容易掌握情境","希區考克認為視覺化寫作是劇本最重要的部分","2","視覺化寫作可讓讀劇本的人較容易掌握情境","","答案 C。甲文說視覺化寫作要描寫場景外觀、事件、角色外貌及角色行動，讓劇本讀者能在腦中形成畫面、掌握情境，所以 C 正確。文章沒有說增加對白會提升電影視覺效果，也沒有說觀眾必須先學會此技能才能看電影；希區考克提到劇本需要劇本本身等三元素，並非認為視覺化寫作是最重要部分。","[""從甲文找視覺化寫作的功能：把地點、事件、角色外貌和行動描寫清楚，讓讀者在腦中形成影像。"",""因此它能幫助讀劇本的人掌握情境，符合 C。"",""對白比例、觀眾是否必須學習，以及「最重要」等說法都不是本文主張，排除 A、B、D。""]","閱讀說明文要區分作者主張與延伸推論；像「必須」「最重要」這類絕對詞，需確認原文確實支持。","[]","[]","","false","false","https://cap.rcpet.edu.tw/exam/114/114exam.html","https://drive.google.com/file/d/102j8F3hoCvGgMCVP6x6oHN9cCd0R6_Ii/view","","","","","","","","",""
"OFF-0904","國文","官方歷屆真題","114","30","會考總複習","歷屆會考","114年國文第30題","進階","歷屆真題","【閱讀材料】
甲文：導演希區考克說：「製作一部偉大的電影需要三樣東西：劇本、劇本、劇本。」劇本除對白外，還須以視覺化描寫讓觀眾進入真實世界、維持注意力。視覺化寫作包含四項：一、場景外觀（地點看起來如何，須描寫其獨特之處）；二、場景事件（場景中發生什麼事、人物正在做什麼）；三、角色外貌（角色的外觀、服裝與神情）；四、角色行動（角色如何移動、做出什麼動作，並藉身體動作呈現心理）。
乙劇本：室內，安德魯的練習室。安德魯在昏暗狹小的練習室練習雙跳，前方譜架上的電子節拍器閃爍，紅色數字顯示速度380。他停下來將速度調為390，再繼續練習，試著跟上400的速度，卻逐漸跟不上；全力以赴、汗流浹背、雙手起泡。這時「喀啦」，他的右鼓棒斷成兩半。他停下，疲憊地看著自己的手，再看仍在作響的節拍器，抬頭望向海報中的人物——巴迪．瑞奇俯在鼓上。

關於乙劇本的寫作分析，下列何者最恰當？","透過極簡的對白讓事件留有餘韻","藉「關上」一詞讓角色間有衝突","以節拍器故障凸顯角色性格的偏執","用狀聲詞「喀啦」製造情節的轉折","3","用狀聲詞「喀啦」製造情節的轉折","","答案 D。「喀啦」是安德魯雙手全力打鼓後，右鼓棒斷成兩半時的狀聲詞，標示一個動作結果與情節轉折。A 對白並非重點；B 的「關上」只是動作描述，沒有形成角色衝突；C 節拍器數值由 380 調到 390、400，呈現的是安德魯努力追上節奏，不是故障或偏執。","[""沿乙劇本的事件順序讀：節拍器速度逐步提高，安德魯努力追上，最後雙手全力敲擊。"",""隨後出現「喀啦」，緊接著描寫右鼓棒斷成兩半，這個狀聲詞突出突發結果。"",""因此它製造情節轉折，選 D；節拍器沒有故障，且「關上」並非主要衝突。""]","劇本分析要把舞台動作、狀聲詞和後續事件連起來；不要把速度調整誤讀為節拍器故障。","[]","[]","","false","false","https://cap.rcpet.edu.tw/exam/114/114exam.html","https://drive.google.com/file/d/102j8F3hoCvGgMCVP6x6oHN9cCd0R6_Ii/view","","","","","","","","",""
"OFF-0905","國文","官方歷屆真題","114","31","會考總複習","歷屆會考","114年國文第31題","進階","歷屆真題","【閱讀材料】
甲文：導演希區考克說：「製作一部偉大的電影需要三樣東西：劇本、劇本、劇本。」劇本除對白外，還須以視覺化描寫讓觀眾進入真實世界、維持注意力。視覺化寫作包含四項：一、場景外觀（地點看起來如何，須描寫其獨特之處）；二、場景事件（場景中發生什麼事、人物正在做什麼）；三、角色外貌（角色的外觀、服裝與神情）；四、角色行動（角色如何移動、做出什麼動作，並藉身體動作呈現心理）。
乙劇本：室內，安德魯的練習室。安德魯在昏暗狹小的練習室練習雙跳，前方譜架上的電子節拍器閃爍，紅色數字顯示速度380。他停下來將速度調為390，再繼續練習，試著跟上400的速度，卻逐漸跟不上；全力以赴、汗流浹背、雙手起泡。這時「喀啦」，他的右鼓棒斷成兩半。他停下，疲憊地看著自己的手，再看仍在作響的節拍器，抬頭望向海報中的人物——巴迪．瑞奇俯在鼓上。
【原題畫線處】「安德魯的練習室」、「前方譜架上的電子節拍器……速度380」、「全力以赴、汗流浹背、雙手起泡」、「喀啦」及「巴迪．瑞奇俯在鼓上」。

乙劇本畫線處的文句，最無法呼應甲文中哪一項視覺化寫作要素？","場景外觀","場景事件","角色外貌","角色行動","2","角色外貌","","答案 C。甲文列出場景外觀、場景事件、角色外貌、角色行動四項。畫線處描寫練習室場景、節拍器與速度變化、擊鼓時的身體狀態、鼓棒斷裂，以及海報人物的姿勢，分別呈現場景、事件或動作；沒有描寫安德魯本人的臉部、身形或服裝等外貌，因此最無法呼應「角色外貌」。","[""先依甲文定義四項：場景外觀是地點或物件樣貌；場景事件是當下發生的事；角色外貌是人物外在特徵；角色行動是人物做了什麼。"",""回到乙劇本畫線處，找出節拍器位置、燈光／數字變化，以及安德魯的演奏動作；這些分別能讓讀者想像場景、事件與行動。"",""畫線處沒有提供安德魯外表特徵，所以答案是 C。""]","遇到文學概念配對題，先把每個術語轉成可觀察的問題：在哪裡、發生什麼、長什麼樣、做了什麼，再逐句分類。","[]","[]","","false","false","https://cap.rcpet.edu.tw/exam/114/114exam.html","https://drive.google.com/file/d/102j8F3hoCvGgMCVP6x6oHN9cCd0R6_Ii/view","","","","","","","","",""
"OFF-0906","國文","官方歷屆真題","114","32","會考總複習","歷屆會考","114年國文第32題","進階","歷屆真題","【閱讀材料】
這個社會非常擔心沒有錢，所以常把他人當作比較對象，追問現在與將來能賺多少錢。發問者未必知道多少錢才算足夠；他們不關切生活品質、工作熱忱、自我實現、健康狀態與人生信念等無形價值能否換算成金錢，只想知道一個數字，好和其他欲望所需的金額比較。巨額令人羨慕，微薄的數字則引發焦慮，也阻礙對未來的樂觀想像。支付代價從來不便宜；要把「夠」放在哪個金額上或許難以決定，但出賣自我、夢想、健康、幸福、信念，到了「夠」的時候，沒有人能不說夠。

那些人不停追問他人到底賺多少錢，其原因最不可能是下列何者？","對貧窮的恐懼","對未來想像的單一","重視良好的生活品質","認為工作的意義只在金錢","2","重視良好的生活品質","","答案 C。本文批評把收入數字當成人生唯一指標的人，指出他們會為了錢犧牲生活品質、工作熱忱、自我實現、健康、人生命信念，甚至幸福。因此「重視良好的生活品質」與文中描寫的追問者心態相反，是最不可能的原因；A、B、D 都呼應金錢焦慮與狹窄的價值觀。","[""先找文中對追問者的描述：不斷比較收入、只想知道金額，並把其他價值放到金錢之後。"",""文中直接列出被犧牲的項目，包括生活品質、工作熱忱、自我實現、健康與信念。"",""所以追問者不是因為重視生活品質才追問，C 與作者描述相反；其餘選項都能從對金錢的恐懼、未來想像單一及工作唯金錢論推得。""]","題目問「最不可能」時，先找作者明確列出的原因與結果，再挑與原文價值方向相反的選項。","[]","[]","","false","false","https://cap.rcpet.edu.tw/exam/114/114exam.html","https://drive.google.com/file/d/102j8F3hoCvGgMCVP6x6oHN9cCd0R6_Ii/view","","","","","","","","",""
"OFF-0907","國文","官方歷屆真題","114","33","會考總複習","歷屆會考","114年國文第33題","進階","歷屆真題","【閱讀材料】
這個社會非常擔心沒有錢，所以常把他人當作比較對象，追問現在與將來能賺多少錢。發問者未必知道多少錢才算足夠；他們不關切生活品質、工作熱忱、自我實現、健康狀態與人生信念等無形價值能否換算成金錢，只想知道一個數字，好和其他欲望所需的金額比較。巨額令人羨慕，微薄的數字則引發焦慮，也阻礙對未來的樂觀想像。支付代價從來不便宜；要把「夠」放在哪個金額上或許難以決定，但出賣自我、夢想、健康、幸福、信念，到了「夠」的時候，沒有人能不說夠。

根據文意脈絡，畫線處文句的涵義與下列何者最接近？","充分的實現自我","不再與他人比較","賺取足夠的金錢","犧牲已到達極限","3","犧牲已到達極限","","答案 D。文末說人會把自我、夢想、健康、幸福與信念拿去交換收入，但「到了夠的時候，沒有人不能說夠」，意指忍受犧牲也有極限，終究會想停止。這不是實現自我、停止比較或賺到足夠金錢，而是付出的代價已到不能再承受的程度。","[""把「夠」放回前文：人為收入犧牲多種重要生活價值。"",""「到了夠的時候」承接這些犧牲，表示忍耐與付出終有上限。"",""因此最接近的是 D「犧牲已到達極限」；A、B、C 都把句意轉成追求成功或金錢結果，原文沒有這樣說。""]","解讀抽象句要看前後句的因果與轉折；同一個詞的意思常由前文所列的代價決定。","[]","[]","","false","false","https://cap.rcpet.edu.tw/exam/114/114exam.html","https://drive.google.com/file/d/102j8F3hoCvGgMCVP6x6oHN9cCd0R6_Ii/view","","","","","","","","",""
"OFF-0908","國文","官方歷屆真題","114","34","會考總複習","歷屆會考","114年國文第34題","進階","歷屆真題","【閱讀材料】
包裝裡的空氣比去年多、盒內餅片變少，未必是錯覺。廠商以價格不變、份量減少的方式變相漲價，從衛生紙、早餐穀片到罐頭都可能出現。為避免消費者直接看到售價上漲，有些品牌採取減少內容量的方式；也有品牌調整商品規格或包裝，使標示價格看似不變、實際取得的商品量下降。調查發現，62%受訪者表示，若遇到減量或規格調整，可能停止購買，反應比單純漲價更強烈。部分企業因此改走另一條路，例如推出銅板價小包裝或新口味，或提供不同用途、特色的替代商品，讓消費者不易直接與原商品價格比較，降低抗拒購買的心理。

下列店家的說明何者最不可能是「縮水式漲價」？","(A)因氣候異常造成收成歉收，部分產品價格將微幅調漲。","(B)近期蛋品價格持續上漲，即日起指定餐點附的滷蛋由一顆改為半顆。","(C)飲料瓶改採曲線設計，價格不變，容量由500毫升減為400毫升。","(D)因應原物料價格調整，原本隨教材附贈的作業簿改為另行付費。","0","(A)因氣候異常造成收成歉收，部分產品價格將微幅調漲。","","答案 A。縮水式漲價是售價沒有明顯上調，卻減少內容量、縮小尺寸或降低規格，讓消費者用相近價格買到較少商品。A 說因原料異常漲價而調整售價，屬於直接漲價，不是縮水式漲價。B 把餐點附的滷蛋由一顆減為半顆、C 把瓶裝容量由 500 c.c. 改為 400 c.c.、D 不再免費附贈作業簿，都以減少商品或附加內容維持表面價格，較符合本文定義。","[""抓住本文定義：縮水式漲價是價格表面不變，商品份量、規格或附加內容減少。"",""看 A：明說原料成本上升、價格調漲，變動的是售價而非商品份量，所以不是縮水式漲價。"",""B、C、D 都分別減少餐點附餐份量、飲料容量或贈品，符合內容縮減的特徵，故選 A。""]","比較選項時把價格和內容量分成兩欄：只要售價直接調高、沒有縮減內容，就不是「縮水式」漲價。","[]","[]","","false","false","https://cap.rcpet.edu.tw/exam/114/114exam.html","https://drive.google.com/file/d/102j8F3hoCvGgMCVP6x6oHN9cCd0R6_Ii/view","","","","","","","","",""
"OFF-0909","國文","官方歷屆真題","114","35","會考總複習","歷屆會考","114年國文第35題","進階","歷屆真題","【閱讀材料】
包裝裡的空氣比去年多、盒內餅片變少，未必是錯覺。廠商以價格不變、份量減少的方式變相漲價，從衛生紙、早餐穀片到罐頭都可能出現。為避免消費者直接看到售價上漲，有些品牌採取減少內容量的方式；也有品牌調整商品規格或包裝，使標示價格看似不變、實際取得的商品量下降。調查發現，62%受訪者表示，若遇到減量或規格調整，可能停止購買，反應比單純漲價更強烈。部分企業因此改走另一條路，例如推出銅板價小包裝或新口味，或提供不同用途、特色的替代商品，讓消費者不易直接與原商品價格比較，降低抗拒購買的心理。

消費者對企業選擇的「另一條路」較不抗拒，最可能是下列何者？","較可感受廠商回饋的誠意","較符合實際上的使用需求","較能與同類產品產生區隔","較難直觀察覺價格的改變","3","較難直觀察覺價格的改變","","答案 D。企業採取小包裝、客製化或其他替代方案時，消費者較不抗拒，是因為價格變化不容易直接看出來；即使單位價格已提高，消費者不易像面對明顯漲價那樣立即比較。A 的廠商誠意、B 的實際需求與 C 的產品區隔都不是本文指出的關鍵心理。","[""本文先說消費者對明顯漲價反應強烈，對份量縮減也逐漸警覺。"",""企業改走另一條路，例如小包裝或客製化，讓價格比較不直觀。"",""所以消費者較不抗拒的原因是較難察覺價格改變，選 D；其他選項沒有文中證據。""]","作者若直接說明消費者心理，答案通常要對回該句，不要把「企業採取的策略」誤當成「消費者接受的原因」。","[]","[]","","false","false","https://cap.rcpet.edu.tw/exam/114/114exam.html","https://drive.google.com/file/d/102j8F3hoCvGgMCVP6x6oHN9cCd0R6_Ii/view","","","","","","","","",""
"OFF-0910","國文","官方歷屆真題","114","36","會考總複習","歷屆會考","114年國文第36題","進階","歷屆真題","【閱讀材料】
五代十國是唐亡後至宋太祖趙匡胤建國前，各地分立的政權。北方五個政權遞嬗的王朝稱為「五代」，南方十個並存的國家稱為「十國」。南唐後主李煜向宋太祖趙匡胤歸降時，後世史書對南唐的記載與定位並不相同。《舊五代史》把十國中稱帝者列入「僭偽列傳」，南唐也在其中；南唐部分只記到三主李璟，沒有記後主李煜。《新五代史》稱李煜為「世家」，並提及後主入宋，但南唐部分不多。
作者指出，理解這些差異須注意中國史家重視傳統王朝興替的「正統情結」：後世以北方中原王朝的政權更替為正統，其他政權則被視為僭越。然而，五代十國的戰亂主戰場在北方中原，王位之爭常伴隨暴力與骨肉相殘，朝廷難有建樹，更談不上文教建設與民生發展。相較之下，南唐政權相對穩定，三位君主重視文教、珍藏圖書、建立教坊並網羅畫師，使南唐成為文化重鎮。

關於文中新、舊《五代史》對南唐君主的記載，下列敘述何者最恰當？","《舊五代史》記錄李昪，是因為認同他的正統地位","新、舊《五代史》都不肯承認南唐君主的帝王身分","南唐君主在《舊五代史》的定位比在《新五代史》高","《新五代史》不承認北方政權，故未提及李後主入宋","1","新、舊《五代史》都不肯承認南唐君主的帝王身分","","答案 B。《舊五代史》把南唐列入「僭偽列傳」；《新五代史》以「世家」記載李煜。兩種分類都沒有把南唐君主列為中原正統帝王。A 把記錄誤解為承認正統；C 與兩書的分類不符；D 說《新五代史》未提李煜入宋，但本文明確說它提及後主入宋。","[""先比對兩書分類：《舊五代史》列入「僭偽列傳」，《新五代史》稱李煜為「世家」；兩者都沒有把南唐列為中原正統王朝。"",""據此可知兩書都未承認南唐君主具有中原正統帝王身分，B 正確。"",""A 將記載等同認可，C 誤稱《舊五代史》地位較高；D 忽略文中明載李煜降宋，故排除。""]","比較史書觀點要注意分類名稱的政治意涵；「有記錄」不等於「承認正統」。","[]","[]","","false","false","https://cap.rcpet.edu.tw/exam/114/114exam.html","https://drive.google.com/file/d/102j8F3hoCvGgMCVP6x6oHN9cCd0R6_Ii/view","","","","","","","","",""
"OFF-0911","國文","官方歷屆真題","114","37","會考總複習","歷屆會考","114年國文第37題","進階","歷屆真題","【閱讀材料】
五代十國是唐亡後至宋太祖趙匡胤建國前，各地分立的政權。北方五個政權遞嬗的王朝稱為「五代」，南方十個並存的國家稱為「十國」。南唐後主李煜向宋太祖趙匡胤歸降時，後世史書對南唐的記載與定位並不相同。《舊五代史》把十國中稱帝者列入「僭偽列傳」，南唐也在其中；南唐部分只記到三主李璟，沒有記後主李煜。《新五代史》稱李煜為「世家」，並提及後主入宋，但南唐部分不多。
作者指出，理解這些差異須注意中國史家重視傳統王朝興替的「正統情結」：後世以北方中原王朝的政權更替為正統，其他政權則被視為僭越。然而，五代十國的戰亂主戰場在北方中原，王位之爭常伴隨暴力與骨肉相殘，朝廷難有建樹，更談不上文教建設與民生發展。相較之下，南唐政權相對穩定，三位君主重視文教、珍藏圖書、建立教坊並網羅畫師，使南唐成為文化重鎮。

下列何者最接近作者的觀點？","應該重視王朝興替的「正統情結」","北方政權相對穩定，有利於人文建設","肯定李氏三代重視文教，對文化的貢獻","趙匡胤借「陳橋兵變」稱帝，是為僭越","2","肯定李氏三代重視文教，對文化的貢獻","","答案 C。作者先比較五代十國的頻繁戰亂與南唐相對安定，再指出李氏三代君主重視文教、珍藏圖書、興辦學校與網羅畫師，使南唐成為文化重鎮。這段明確肯定李氏三代對文化的貢獻。A 把文章主題誤換成正統之爭；B 與作者對北方政權頻繁戰亂的描述相反；D 將「稱帝」直接判為僭越，非作者論點。","[""找出文章收束處的評價：李氏三代重視文教、珍藏圖書、設立教坊並網羅畫師。"",""這些事例共同支持「李氏三代對文化有貢獻」，因此選 C。"",""文章不是主張北方較穩定，也沒有要求追求正統或批判趙匡胤；A、B、D 均不合作者觀點。""]","作者觀點題可優先看總結評語與例證；不要把文章提及的背景議題誤認為作者主張。","[]","[]","","false","false","https://cap.rcpet.edu.tw/exam/114/114exam.html","https://drive.google.com/file/d/102j8F3hoCvGgMCVP6x6oHN9cCd0R6_Ii/view","","","","","","","","",""
"OFF-0912","國文","官方歷屆真題","114","38","會考總複習","歷屆會考","114年國文第38題","進階","歷屆真題","【閱讀材料】
公子光之父曰吳王諸樊。諸樊有三弟：次曰餘祭，次曰夷昧，次曰季子札。諸樊死後，季子札不肯即位，依序傳位給弟弟餘祭；餘祭死，再傳夷昧。夷昧死後，原應傳給季子札，但季子札仍不肯即位，吳人便立夷昧之子僚為王。公子光說：「若按兄弟次序，季子當立；若按子孫繼承，則光是真正嫡嗣，應當立為君。」

下列何者最可能是文中人物的親屬關係示意圖？","A","B","C","D","0","A","","答案 A。諸樊有三位弟弟：餘祭、夷昧、季子札；四人是同一代兄弟，應連到同一位父親。公子光是諸樊之子，僚是夷昧之子，所以圖上應分別在諸樊下接光、夷昧下接僚，符合 A。","[""依本文整理親屬：諸樊與餘祭、夷昧、季子札是同一代兄弟，應連到同一位父親；本文沒有寫出父親姓名。"",""再定位下一代：公子光是諸樊之子；僚是夷昧之子。"",""只有 A 把四兄弟放在同一層，並將光接在諸樊下、僚接在夷昧下，所以選 A。""]","把古文親屬關係先改寫成「父親→兒子」清單，再轉成圖；不要把繼位先後誤當成親子關係。","[]","[""./assets/official-exams/114-chinese-q38-family-options.svg""]","./assets/official-exams/114-chinese-q38-family-options.svg","true","false","https://cap.rcpet.edu.tw/exam/114/114exam.html","https://drive.google.com/file/d/102j8F3hoCvGgMCVP6x6oHN9cCd0R6_Ii/view","","","","","","","","",""
"OFF-0913","國文","官方歷屆真題","114","39","會考總複習","歷屆會考","114年國文第39題","進階","歷屆真題","【閱讀材料】
公子光之父吳王諸樊。諸樊有三個弟弟：餘祭、夷眛、季子札。諸樊死後，王位依序傳給餘祭、夷眛；夷眛死後原應傳給季子札，但季子札不肯即位，吳人便立夷眛之子僚為王。公子光是諸樊之子，他說：「若按兄弟次序，季子當立；若按子孫繼承，光才是真正嫡嗣，應當立為君。」

根據本文，公子光最無法接受誰擔任吳王？","餘祭","夷眛","季子札","僚","3","僚","","答案 D「僚」。本文記載，夷昧死後季子札仍不肯即位，吳人便立夷昧之子僚為王。公子光是諸樊之子，他認為應由季子札依兄弟次序承位；若僚為王，便會使光失去王位，因此他最不能接受僚繼位。","[""先按本文還原繼位順序：諸樊、餘祭、夷昧之後，原應輪到季子札。"",""季子札拒絕即位後，吳人改立夷昧之子僚；公子光則是諸樊之子。"",""光認為王位應按兄弟次序傳給季子札，因此不能接受僚越過季子札成為吳王，選 D。""]","讀史傳要區分「血緣身分」與「繼位次序」；人物反對誰，常要從他認定的名分推論。","[]","[]","","false","false","https://cap.rcpet.edu.tw/exam/114/114exam.html","https://drive.google.com/file/d/102j8F3hoCvGgMCVP6x6oHN9cCd0R6_Ii/view","","","","","","","","",""
"OFF-0914","國文","官方歷屆真題","114","40","會考總複習","歷屆會考","114年國文第40題","進階","歷屆真題","【閱讀材料】
司馬光致謝薛虢州贈送石月屏的信中寫道：「日前令郎訪逮，出手筆並石月屏為贈，捧玩不勝愧喜。比來，數於都下朋從處見此屏，觀其天質圓瑩，非刻非繪，如秋高氣清，迥然在望，信乎天地之異氣、山澤之殊寶也。素心悅之，無從可得，豈意一旦不煩懇請，坐致握中。性本疏野，雅叶所欲，雖受文錦十純，白璧百雙，在光之愚，未為重賜。俗故忽忽，久不遑修謝，尤增悚懼。令郎注官甚便，想加慰喜，未期接侍，倍希珍厚。」

【詞語提示】叶：符合；純：布帛計量單位；注官：依當時官制授職。

根據文意脈絡，下列引號中的詞語，何者替換後意義仍相同？","日前「令郎」訪逮：令尊","「比來」，數於都下朋從處見此屏：近來","豈意「一旦」不煩懇請：剎那","「俗故」忽忽：老友","1","「比來」，數於都下朋從處見此屏：近來","","答案 B。「比來」在文中是「近來、最近」的意思，與選項 B 相同。A「令郎」是對他人兒子的敬稱，不是「令尊」（對他人父親的敬稱）；C「一旦」是「忽然有一天」，不是「剎那」所表示的極短時間；D「俗故」在此指日常俗務、世俗瑣事，「老友」則是相交多年的朋友，意思不同。","[""逐一判斷古詞在原句中的語意，不只看字面相似。"",""「比來數於都下朋從處見此屏」意為近來常在京城友人處看見此屏，故「比來」可換成「近來」。"",""其餘三組分別混淆令郎／令尊、一旦／剎那，以及俗故（世俗瑣事）／老友，所以選 B。""]","古文詞義題要把詞放回句子翻譯，尤其敬稱、時間詞與指人的名詞，不能只靠現代字面聯想。","[]","[]","","false","false","https://cap.rcpet.edu.tw/exam/114/114exam.html","https://drive.google.com/file/d/102j8F3hoCvGgMCVP6x6oHN9cCd0R6_Ii/view","","","","","","","","",""
"OFF-0915","國文","官方歷屆真題","114","41","會考總複習","歷屆會考","114年國文第41題","進階","歷屆真題","【閱讀材料】
司馬光致謝薛虢州贈送石月屏的信中寫道：「日前令郎訪逮，出手筆並石月屏為贈，捧玩不勝愧喜。比來，數於都下朋從處見此屏，觀其天質圓瑩，非刻非繪，如秋高氣清，迥然在望，信乎天地之異氣、山澤之殊寶也。素心悅之，無從可得，豈意一旦不煩懇請，坐致握中。性本疏野，雅叶所欲，雖受文錦十純，白璧百雙，在光之愚，未為重賜。俗故忽忽，久不遑修謝，尤增悚懼。令郎注官甚便，想加慰喜，未期接侍，倍希珍厚。」

【詞語提示】叶：符合；純：布帛計量單位；注官：依當時官制授職。

關於文中的石月屏，下列敘述何者最恰當？","若不是薛虢州贈送石月屏，司馬光無從見其真貌","石月屏雖比文錦、白璧昂貴，但司馬光更重友情","司馬光初獲石月屏時雖心喜，當下仍堅守節操婉拒","石月屏自然生成，清氣可見，因此司馬光甚為喜愛","3","石月屏自然生成，清氣可見，因此司馬光甚為喜愛","","答案 D。司馬光在信中說石月屏「性本疏野，雅叶所欲」，並描寫其自然清奇之美，表示它正合自己的性情與喜好。A 不對，因他是在薛虢州處見到石月屏，不是因獲贈才第一次得見；B 誤把文錦、白璧與友情作價格比較；C 與文中「欣然領受」相反，他沒有婉拒。","[""先看司馬光對石月屏的直接評語：天然清奇、符合自己的喜好。"",""「雅叶所欲」表明石月屏合他的性情，因此 D 的判斷有文本依據。"",""再排除：他曾在薛處見過石月屏；文中未比較價格與友情；收到後是欣然接受，不是婉拒。""]","人物態度題優先找直接評語與動作；不要把贈禮背景自行延伸成價格或人情債。","[]","[]","","false","false","https://cap.rcpet.edu.tw/exam/114/114exam.html","https://drive.google.com/file/d/102j8F3hoCvGgMCVP6x6oHN9cCd0R6_Ii/view","","","","","","","","",""
"OFF-0916","國文","官方歷屆真題","114","42","會考總複習","歷屆會考","114年國文第42題","進階","歷屆真題","【閱讀材料】
司馬光致謝薛虢州贈送石月屏的信中寫道：「日前令郎訪逮，出手筆並石月屏為贈，捧玩不勝愧喜。比來，數於都下朋從處見此屏，觀其天質圓瑩，非刻非繪，如秋高氣清，迥然在望，信乎天地之異氣、山澤之殊寶也。素心悅之，無從可得，豈意一旦不煩懇請，坐致握中。性本疏野，雅叶所欲，雖受文錦十純，白璧百雙，在光之愚，未為重賜。俗故忽忽，久不遑修謝，尤增悚懼。令郎注官甚便，想加慰喜，未期接侍，倍希珍厚。」

【詞語提示】叶：符合；純：布帛計量單位；注官：依當時官制授職。

根據本文，下列何者最可能是司馬光收下石月屏後的反應？","欲登門回禮，惜薛公務繁忙，擬另擇日造訪","獲贈禮物，喜出望外，故寫信向薛表達謝意","受薛贈寶深感有愧，已經備好厚禮回贈致謝","為辨優劣，邀請好友來家中共同鑑賞石月屏","1","獲贈禮物，喜出望外，故寫信向薛表達謝意","","答案 B。司馬光收到石月屏後寫信答謝，說自己「素心悅之，無從可得，豈意一旦不煩懇請，坐致寢中」，意為原本喜歡卻無法得到，沒想到不必開口懇求就送到臥室，因此喜出望外。這最符合 B。信中沒有安排回禮、已備厚禮或邀友鑑賞的內容。","[""抓住信中關鍵語句：「素心悅之，無從可得」表示早就喜愛但一直得不到。"",""「豈意一旦不煩懇請，坐致寢中」表示意外獲贈，且無須開口請求，石月屏便送到家中。"",""這說明他驚喜並寫信致謝，符合 B；其他選項提到的回禮、厚禮、邀友都沒有文本根據。""]","文言推論先逐句翻譯關鍵語，再判斷選項有沒有加入原文沒有的情節。","[]","[]","","false","false","https://cap.rcpet.edu.tw/exam/114/114exam.html","https://drive.google.com/file/d/102j8F3hoCvGgMCVP6x6oHN9cCd0R6_Ii/view","","","","","","","","",""
"SIM-0001","國文","依114年官方真題能力指標原創","","","會考總複習","閱讀理解","文意判讀","進階","會考類題","某古代審判制度規定：開庭須公開進行，當事人親屬可以旁聽，證物不得任意移出原保存地。下列情節何者最符合規定？","官員將證物帶回家研究","審理時禁止所有親屬旁聽","在原保存地查驗證物並公開審理","未通知當事人便秘密判決","2","在原保存地查驗證物並公開審理","","正確答案是 C「在原保存地查驗證物並公開審理」。此選項符合題目要求；作答時應以題幹所提供的文字條件逐項核對。","[""先抓出題目要求：「某古代審判制度規定：開庭須公開進行，當事人親屬可以旁聽，證物不得任意移出原保存地。下列情節何者最符合規定？」中的核心判準。"",""正確選項為 C「在原保存地查驗證物並公開審理」，須直接對應題目所問的條件，不加入材料未提供的推測。"",""再核對其餘選項：A「官員將證物帶回家研究」、B「審理時禁止所有親屬旁聽」、D「未通知當事人便秘密判決」；它們至少有一處不符合題目條件，因此排除。""]","類似題要把每個條件轉成核對清單。","[]","[]","","false","false","https://cap.rcpet.edu.tw/exam/114/114exam.html","","","","","","","","","",""
"SIM-0002","國文","依114年官方真題能力指標原創","","","會考總複習","文言文","文意推論","進階","會考類題","古籍記載：高地風強，屋瓦多以石壓之；低地風弱，則少見此法。根據文意，下列推論何者最恰當？","石材只產於高地","高地居民較富有","壓瓦方式與風勢強弱有關","低地房屋完全不用屋瓦","2","壓瓦方式與風勢強弱有關","","正確答案是 C「壓瓦方式與風勢強弱有關」。此選項符合題目要求；作答時應以題幹所提供的文字條件逐項核對。","[""先抓出題目要求：「古籍記載：高地風強，屋瓦多以石壓之；低地風弱，則少見此法。根據文意，下列推論何者最恰當？」中的核心判準。"",""正確選項為 C「壓瓦方式與風勢強弱有關」，須直接對應題目所問的條件，不加入材料未提供的推測。"",""再核對其餘選項：A「石材只產於高地」、B「高地居民較富有」、D「低地房屋完全不用屋瓦」；它們至少有一處不符合題目條件，因此排除。""]","注意『少見』不等於『完全沒有』。","[]","[]","","false","false","https://cap.rcpet.edu.tw/exam/114/114exam.html","","","","","","","","","",""
