"id","subject","sourceType","year","questionNumber","gradeSemester","unit","knowledgePoint","difficulty","type","question","optionA","optionB","optionC","optionD","answerIndex","answerText","responseParts","explanation","solutionSteps","teacherTip","relatedWords","questionImages","questionImage","requiresImage","requiresContext","sourceUrl","paperUrl","teacherVerdict","answerCorrect","materialsComplete","reasoningClear","duplicateOrTemplate","issueNotes","reviewerName","reviewerQualification","reviewedAt"
"MAT-0001","數學","原創會考程度練習","","","七年級","數與量","有理數四則","中等","單題選擇","計算 (-3)²－2×(4－7) 的值。","3","15","−3","−15","1","15","","先算次方與括號：(-3)²＝9，4－7＝−3。 再乘除加減：9－2×(−3)＝9＋6＝15。 答案為 15；若把平方誤讀成 −9，會得到錯誤結果。","[""先算次方與括號：(-3)²＝9，4－7＝−3。"",""再乘除加減：9－2×(−3)＝9＋6＝15。"",""答案為 15；若把平方誤讀成 −9，會得到錯誤結果。""]","負數括號要一起平方；乘上負數後再留意減負得正。","[]","","","","","","","","","","","","","","",""
"MAT-0002","數學","原創會考程度練習","","","七年級","數與量","分數運算","中等","單題選擇","同一份專題中，甲完成總量的 3/4，乙完成總量的 2/3。甲比乙多完成總量的幾分之幾？","1/7","5/12","1/12","−1/12","2","1/12","","甲、乙完成的都是同一份專題，所以比較兩人完成量時可直接計算 3/4－2/3。 通分成 12 分母：3/4＝9/12，2/3＝8/12；相減得 9/12－8/12＝1/12。 答案是 1/12；不能直接用分子、分母各自相減。","[""甲、乙完成量以同一份專題為整體，計算差量 3/4－2/3。"",""通分：3/4＝9/12，2/3＝8/12；9/12－8/12＝1/12。"",""答案是 1/12；不能直接用分子、分母各自相減。""]","分數相減前先通分；兩個數值是分別給定的量，不應自行解讀成同一總量的先後耗用比例。","[]","","","","","","","","","","","","","","",""
"MAT-0003","數學","原創會考程度練習","","","七年級","數與量","百分率","基礎","單題選擇","一件外套原價 2400 元，打 85 折後的售價是多少元？","2040","2160","2400","360","0","2040","","85 折代表付原價的 85%，不是只減 85%。 2400×0.85＝2040（元）。 答案為 2040 元；360 元是折掉的金額，不是售價。","[""85 折代表付原價的 85%，不是只減 85%。"",""2400×0.85＝2040（元）。"",""答案為 2040 元；360 元是折掉的金額，不是售價。""]","折數先換成付款比例；售價與折扣額不要混淆。","[]","","","","","","","","","","","","","","",""
"MAT-0004","數學","原創會考程度練習","","","七年級","數與量","科學記號","中等","單題選擇","將 0.00056 用科學記號表示，且係數須介於 1 與 10 之間，應為何？","5.6×10⁻⁴","5.6×10⁴","56×10⁻⁴","0.56×10⁻⁴","0","5.6×10⁻⁴","","把小數點右移 4 位得到 5.6。 原數小於 1，因此指數為 −4：0.00056＝5.6×10⁻⁴。 答案符合 1≤5.6<10；56×10⁻⁴ 的係數不符合標準範圍。","[""把小數點右移 4 位得到 5.6。"",""原數小於 1，因此指數為 −4：0.00056＝5.6×10⁻⁴。"",""答案符合 1≤5.6<10；56×10⁻⁴ 的係數不符合標準範圍。""]","小數點右移時指數為負；最後檢查係數介於 1 和 10。","[]","","","","","","","","","","","","","","",""
"MAT-0005","數學","原創會考程度練習","","","七年級","數與量","絕對值","基礎","單題選擇","計算 |−8|＋|3－7|。","4","8","12","−12","2","12","","|−8|＝8；括號內 3－7＝−4，所以 |3－7|＝4。 相加為 8＋4＝12。 答案是 12；絕對值表示距離，不會是負數。","[""|−8|＝8；括號內 3－7＝−4，所以 |3－7|＝4。"",""相加為 8＋4＝12。"",""答案是 12；絕對值表示距離，不會是負數。""]","先算絕對值內的式子，再取非負的距離。","[]","","","","","","","","","","","","","","",""
"MAT-0006","數學","原創會考程度練習","","","七年級","數與量","指數律","中等","單題選擇","化簡 2³×2⁴÷2⁵。","2²","2⁷","2³","2¹²","0","2²","","同底數相乘指數相加、相除指數相減。 2³×2⁴÷2⁵＝2^(3＋4－5)＝2²＝4。 答案為 2²；不是把三個指數全部相加。","[""同底數相乘指數相加、相除指數相減。"",""2³×2⁴÷2⁵＝2^(3＋4－5)＝2²＝4。"",""答案為 2²；不是把三個指數全部相加。""]","同底數乘除要依序加減指數，並保留底數。","[]","","","","","","","","","","","","","","",""
"MAT-0007","數學","原創會考程度練習","","","七年級","數與量","平方根","中等","單題選擇","下列哪個值等於 √72？","8√2","36√2","6√2","6√3","2","6√2","","72＝36×2。 √72＝√36×√2＝6√2。 答案是 6√2；不能把 √72 直接寫成 72÷√2。","[""72＝36×2。"",""√72＝√36×√2＝6√2。"",""答案是 6√2；不能把 √72 直接寫成 72÷√2。""]","先分解出完全平方因數，再把其平方根提出根號。","[]","","","","","","","","","","","","","","",""
"MAT-0008","數學","原創會考程度練習","","","七年級","數與量","最大公因數與最小公倍數","中等","單題選擇","兩個齒輪每轉一圈分別需 12 秒與 18 秒。從同時起轉算起，幾秒後會再次同時轉完一圈？","36","72","30","216","0","36","","要找兩個週期的最小公倍數。 12＝2²×3，18＝2×3²，所以最小公倍數＝2²×3²＝36。 答案為 36 秒；72 秒也是同時，但不是第一次。","[""要找兩個週期的最小公倍數。"",""12＝2²×3，18＝2×3²，所以最小公倍數＝2²×3²＝36。"",""答案為 36 秒；72 秒也是同時，但不是第一次。""]","「第一次再次同時」通常求最小公倍數，不是任意共同倍數。","[]","","","","","","","","","","","","","","",""
"MAT-0009","數學","原創會考程度練習","","","七年級","數與量","負數運算","基礎","單題選擇","計算 −15＋6×4。","−36","−9","−39","9","3","9","","先乘法：6×4＝24。 再算 −15＋24＝9。 答案是 9；若先做加法，會違反先乘除後加減。","[""先乘法：6×4＝24。"",""再算 −15＋24＝9。"",""答案是 9；若先做加法，會違反先乘除後加減。""]","混合四則依運算順序；負數加正數可視為數線位移。","[]","","","","","","","","","","","","","","",""
"MAT-0010","數學","原創會考程度練習","","","七年級","數與量","有理數與無理數","中等","單題選擇","下列哪一個數是無理數？","√49","0.125","√2","−3/7","2","√2","","√49＝7、0.125＝1/8、−3/7 都是有理數。 √2 不能表示成兩整數比，是無理數。 因此答案是 √2，而不是看起來有根號就一律判為無理數。","[""√49＝7、0.125＝1/8、−3/7 都是有理數。"",""√2 不能表示成兩整數比，是無理數。"",""因此答案是 √2，而不是看起來有根號就一律判為無理數。""]","先化簡根號；完全平方數的平方根仍是整數。","[]","","","","","","","","","","","","","","",""
"MAT-0011","數學","原創會考程度練習","","","七年級","代數","多項式化簡","基礎","單題選擇","化簡 3(2x－1)－2(x＋4)。","4x－11","4x＋5","8x－11","4x－5","0","4x－11","","分配律展開：6x－3－2x－8。 合併同類項得 4x－11。 答案為 4x－11；第二括號前的負號要分配到兩項。","[""分配律展開：6x－3－2x－8。"",""合併同類項得 4x－11。"",""答案為 4x－11；第二括號前的負號要分配到兩項。""]","括號前是負數時，括號內每一項都要變號。","[]","","","","","","","","","","","","","","",""
"MAT-0012","數學","原創會考程度練習","","","七年級","代數","一元一次方程式","基礎","單題選擇","解方程式 5x－7＝3x＋9。","x＝1","x＝8","x＝−8","x＝16","1","x＝8","","兩邊減 3x、加 7，得 2x＝16。 兩邊除以 2，得 x＝8。 代回：40－7＝33，3×8＋9＝33，左右相等。","[""兩邊減 3x、加 7，得 2x＝16。"",""兩邊除以 2，得 x＝8。"",""代回：40－7＝33，3×8＋9＝33，左右相等。""]","移項可理解為等式兩邊做相同運算，最後用代回檢查。","[]","","","","","","","","","","","","","","",""
"MAT-0013","數學","原創會考程度練習","","","七年級","代數","一元一次不等式","中等","單題選擇","若 2x＋3＜11，解為何？","x＜4","x＞4","x＜7","x＞7","0","x＜4","","兩邊減 3 得 2x＜8。 除以正數 2，不等號方向不變，x＜4。 若除以負數才須反向；本題沒有這種情形。","[""兩邊減 3 得 2x＜8。"",""除以正數 2，不等號方向不變，x＜4。"",""若除以負數才須反向；本題沒有這種情形。""]","不等式除以正數不變號，除以負數才反向。","[]","","","","","","","","","","","","","","",""
"MAT-0014","數學","原創會考程度練習","","","七年級","代數","列一元一次方程式","中等","單題選擇","小明和妹妹年齡相差 4 歲，兩人年齡和為 30 歲。小明較年長，小明幾歲？","13","15","19","17","3","17","","設妹妹 x 歲，則小明 x＋4 歲。 x＋(x＋4)＝30，得 2x＝26、x＝13。 小明為 13＋4＝17 歲；13 歲是妹妹的年齡。","[""設妹妹 x 歲，則小明 x＋4 歲。"",""x＋(x＋4)＝30，得 2x＝26、x＝13。"",""小明為 13＋4＝17 歲；13 歲是妹妹的年齡。""]","列式時先指定未知數代表誰，答案再依題目所問換回。","[]","","","","","","","","","","","","","","",""
"MAT-0015","數學","原創會考程度練習","","","七年級","代數","平方差公式","中等","單題選擇","因式分解 x²－25。","(x－5)(x＋5)","(x－5)²","(x＋25)(x－1)","(x－25)(x＋1)","0","(x－5)(x＋5)","","x²－25＝x²－5²，是平方差。 平方差公式 a²－b²＝(a－b)(a＋b)。 所以答案為 (x－5)(x＋5)；(x－5)² 展開會有 −10x 項。","[""x²－25＝x²－5²，是平方差。"",""平方差公式 a²－b²＝(a－b)(a＋b)。"",""所以答案為 (x－5)(x＋5)；(x－5)² 展開會有 −10x 項。""]","看到兩個平方的差，檢查能否套平方差公式。","[]","","","","","","","","","","","","","","",""
"MAT-0016","數學","原創會考程度練習","","","七年級","代數","代入求值","中等","單題選擇","若 P(x)＝2x²－3x＋1，求 P(−2)。","15","−1","11","3","0","15","","以 −2 代入：P(−2)＝2(−2)²－3(−2)＋1。 ＝2×4＋6＋1＝15。 答案為 15；−3(−2) 是正 6。","[""以 −2 代入：P(−2)＝2(−2)²－3(−2)＋1。"",""＝2×4＋6＋1＝15。"",""答案為 15；−3(−2) 是正 6。""]","代入負數時加括號，尤其是平方與負號要分清。","[]","","","","","","","","","","","","","","",""
"MAT-0017","數學","原創會考程度練習","","","七年級","代數","二元一次聯立方程式","中等","單題選擇","若 x＋y＝11 且 x－y＝3，則 (x,y) 為何？","(4,7)","(8,3)","(7,4)","(6,5)","2","(7,4)","","兩式相加得 2x＝14，所以 x＝7。 代入 x＋y＝11 得 y＝4。 答案為 (7,4)；代回差為 7－4＝3。","[""兩式相加得 2x＝14，所以 x＝7。"",""代入 x＋y＝11 得 y＝4。"",""答案為 (7,4)；代回差為 7－4＝3。""]","加減消去時，要注意兩式相加或相減後哪個變數消失。","[]","","","","","","","","","","","","","","",""
"MAT-0018","數學","原創會考程度練習","","","七年級","代數","乘法公式","基礎","單題選擇","展開 (x＋2)(x－2)。","x²－4","x²＋4","x²－4x＋4","x²＋4x－4","0","x²－4","","這是 (a＋b)(a－b)＝a²－b²。 因此 (x＋2)(x－2)＝x²－2²＝x²－4。 中間項互相抵消，不會留下 x 項。","[""這是 (a＋b)(a－b)＝a²－b²。"",""因此 (x＋2)(x－2)＝x²－2²＝x²－4。"",""中間項互相抵消，不會留下 x 項。""]","一正一負的共軛二項式相乘，使用平方差。","[]","","","","","","","","","","","","","","",""
"MAT-0019","數學","原創會考程度練習","","","七年級","代數","分式方程式","中等","單題選擇","解方程式 x/3＋1/2＝5/6。","x＝2","x＝4","x＝1/3","x＝1","3","x＝1","","兩邊同乘 6，得 2x＋3＝5。 所以 2x＝2，x＝1。 代回左邊 1/3＋1/2＝5/6，成立。","[""兩邊同乘 6，得 2x＋3＝5。"",""所以 2x＝2，x＝1。"",""代回左邊 1/3＋1/2＝5/6，成立。""]","分數方程可乘最小公倍數清分母，但每一項都要同乘。","[]","","","","","","","","","","","","","","",""
"MAT-0020","數學","原創會考程度練習","","","七年級","代數","百分率方程","基礎","單題選擇","某數的 30% 是 24，該數是多少？","80","72","7.2","54","0","80","","設該數為 x，則 0.3x＝24。 x＝24÷0.3＝80。 答案為 80；30% 是 0.3，不是 30。","[""設該數為 x，則 0.3x＝24。"",""x＝24÷0.3＝80。"",""答案為 80；30% 是 0.3，不是 30。""]","百分率題先把百分比換成小數或分數再列式。","[]","","","","","","","","","","","","","","",""
"MAT-0021","數學","原創會考程度練習","","","八年級","代數","等差數列","中等","單題選擇","等差數列 7、12、17、⋯ 的第 20 項為何？","102","97","107","95","0","102","","首項 a₁＝7，公差 d＝5。 a₂₀＝a₁＋19d＝7＋19×5＝102。 答案為 102；第 20 項要加 19 次公差。","[""首項 a₁＝7，公差 d＝5。"",""a₂₀＝a₁＋19d＝7＋19×5＝102。"",""答案為 102；第 20 項要加 19 次公差。""]","第 n 項公式中的公差倍數是 n−1。","[]","","","","","","","","","","","","","","",""
"MAT-0022","數學","原創會考程度練習","","","八年級","代數","指數方程","中等","單題選擇","若 3^(x＋1)＝81，則 x 為何？","x＝2","x＝3","x＝4","x＝5","1","x＝3","","81＝3⁴。 底數相同，故 x＋1＝4，解得 x＝3。 答案為 3；不要把指數 x＋1 直接當成 81。","[""81＝3⁴。"",""底數相同，故 x＋1＝4，解得 x＝3。"",""答案為 3；不要把指數 x＋1 直接當成 81。""]","同底數正整數次方相等時，可比較指數。","[]","","","","","","","","","","","","","","",""
"MAT-0023","數學","原創會考程度練習","","","八年級","函數","函數值","基礎","單題選擇","函數 f(x)＝2x－3，求 f(5)。","10","13","7","−7","2","7","","將 x＝5 代入：f(5)＝2×5－3。 ＝10－3＝7。 所以答案為 7；函數記號 f(5) 不是 f×5。","[""將 x＝5 代入：f(5)＝2×5－3。"",""＝10－3＝7。"",""所以答案為 7；函數記號 f(5) 不是 f×5。""]","函數值題就是把自變數代入規則並計算。","[]","","","","","","","","","","","","","","",""
"MAT-0024","數學","原創會考程度練習","","","八年級","函數","一次函數","基礎","單題選擇","直線 y＝3x－2 上，當 x＝4 時 y 為何？","10","14","6","−10","0","10","","代入 x＝4：y＝3×4－2。 ＝12－2＝10。 答案是 10；截距 −2 要連同負號計入。","[""代入 x＝4：y＝3×4－2。"",""＝12－2＝10。"",""答案是 10；截距 −2 要連同負號計入。""]","認清斜率係數與 y 截距，不要把截距也乘上 x。","[]","","","","","","","","","","","","","","",""
"MAT-0025","數學","原創會考程度練習","","","八年級","函數","斜率","中等","單題選擇","直線通過 A(1,2) 與 B(4,8)，斜率是多少？","3","6","1/2","2","3","2","","斜率＝(y₂－y₁)/(x₂－x₁)。 ＝(8－2)/(4－1)＝6/3＝2。 答案為 2；分子分母順序須一致。","[""斜率＝(y₂－y₁)/(x₂－x₁)。"",""＝(8－2)/(4－1)＝6/3＝2。"",""答案為 2；分子分母順序須一致。""]","斜率是縱向變化量除以橫向變化量。","[]","","","","","","","","","","","","","","",""
"MAT-0026","數學","原創會考程度練習","","","八年級","函數","截距","中等","單題選擇","直線 y＝−2x＋6 與 x 軸交點的 x 座標為何？","−3","6","−2","3","3","3","","x 軸上的點 y＝0。 令 0＝−2x＋6，得 2x＝6、x＝3。 交點 x 座標是 3；6 是 y 截距。","[""x 軸上的點 y＝0。"",""令 0＝−2x＋6，得 2x＝6、x＝3。"",""交點 x 座標是 3；6 是 y 截距。""]","求 x 軸交點令 y＝0；求 y 軸交點則令 x＝0。","[]","","","","","","","","","","","","","","",""
"MAT-0027","數學","原創會考程度練習","","","八年級","函數","平行直線","中等","單題選擇","直線 L 的方程式為 y＝2x＋3。與 L 平行的直線斜率必為何？","−2","3","2","1/2","2","2","","一次函數 y＝mx＋b 的斜率是 x 係數 m。 L 的斜率為 2；平行線斜率相同。 答案為 2；截距可以不同，斜率不能不同。","[""一次函數 y＝mx＋b 的斜率是 x 係數 m。"",""L 的斜率為 2；平行線斜率相同。"",""答案為 2；截距可以不同，斜率不能不同。""]","平行判斷看斜率相等，截距不必相同。","[]","","","","","","","","","","","","","","",""
"MAT-0028","數學","原創會考程度練習","","","八年級","函數","二次函數代值","中等","單題選擇","若 y＝x²，當 x＝−3 時 y 為何？","−9","6","−6","9","3","9","","代入得 y＝(−3)²。 (−3)×(−3)＝9。 答案是 9；平方負數時必須把負號放在括號內一起平方。","[""代入得 y＝(−3)²。"",""(−3)×(−3)＝9。"",""答案是 9；平方負數時必須把負號放在括號內一起平方。""]","平方是兩個相同因數相乘，負數平方為正。","[]","","","","","","","","","","","","","","",""
"MAT-0029","數學","原創會考程度練習","","","八年級","函數","數列規律","中等","單題選擇","某函數在 x＝0、1、2 時，y 分別為 1、4、7，且每增加 1 個 x，y 固定增加 3。x＝4 時 y 為何？","12","15","13","10","2","13","","由 x＝0 的 y＝1 起算，每增加 1，y 加 3。 到 x＝4 共增加四次：1＋4×3＝13。 答案為 13；從 x＝0 到 4 是四個間隔。","[""由 x＝0 的 y＝1 起算，每增加 1，y 加 3。"",""到 x＝4 共增加四次：1＋4×3＝13。"",""答案為 13；從 x＝0 到 4 是四個間隔。""]","表格題數清楚列出步數，避免把項數和間隔數混為一談。","[]","","","","","","","","","","","","","","",""
"MAT-0030","數學","原創會考程度練習","","","八年級","函數","正比例","基礎","單題選擇","若 y 與 x 成正比，且 x＝3 時 y＝12，則 x＝7 時 y 為何？","84","21","16","28","3","28","","正比例可寫成 y＝kx。 由 12＝3k 得 k＝4，因此 x＝7 時 y＝4×7＝28。 答案為 28；正比例時 y/x 固定。","[""正比例可寫成 y＝kx。"",""由 12＝3k 得 k＝4，因此 x＝7 時 y＝4×7＝28。"",""答案為 28；正比例時 y/x 固定。""]","先由已知一組數值求比例常數，再代入新值。","[]","","","","","","","","","","","","","","",""
"MAT-0031","數學","原創會考程度練習","","","八年級","函數","一次函數圖形判讀","中等","單題選擇","一條直線通過 (0,−2) 與 (2,2)。其方程式為何？","y＝x－2","y＝2x＋2","y＝2x－2","y＝−2x－2","2","y＝2x－2","","斜率＝(2－(−2))/(2－0)＝4/2＝2。 通過 x＝0 時 y＝−2，故截距是 −2。 方程式 y＝2x－2；代入 (2,2) 也成立。","[""斜率＝(2－(−2))/(2－0)＝4/2＝2。"",""通過 x＝0 時 y＝−2，故截距是 −2。"",""方程式 y＝2x－2；代入 (2,2) 也成立。""]","兩點決定直線，可先算斜率再用其中一點求截距。","[]","","","","","","","","","","","","","","",""
"MAT-0032","數學","原創會考程度練習","","","八年級","函數","座標平面","基礎","單題選擇","點 P(−2,5) 位於座標平面的哪一象限？","第二象限","第三象限","第一象限","第四象限","0","第二象限","","P 的 x 座標為負，y 座標為正。 x＜0、y＞0 的點在第二象限。 答案是第二象限；判象限依序看 x、y 正負。","[""P 的 x 座標為負，y 座標為正。"",""x＜0、y＞0 的點在第二象限。"",""答案是第二象限；判象限依序看 x、y 正負。""]","象限符號順序為 (+,+)、(−,+)、(−,−)、(+,−)。","[]","","","","","","","","","","","","","","",""
"MAT-0033","數學","原創會考程度練習","","","八年級","函數","函數關係式","中等","單題選擇","計程車起跳 85 元，每公里另收 20 元，行駛 x 公里且不計等候費，車資 y 為何？","y＝20x＋85","y＝85x＋20","y＝105x","y＝20(x＋85)","0","y＝20x＋85","","每公里費用為 20x 元，另加固定起跳 85 元。 所以 y＝20x＋85。 答案選此式；85 是固定費，不應乘上里程。","[""每公里費用為 20x 元，另加固定起跳 85 元。"",""所以 y＝20x＋85。"",""答案選此式；85 是固定費，不應乘上里程。""]","情境中的固定量是截距，隨 x 改變的費用是係數。","[]","","","","","","","","","","","","","","",""
"MAT-0034","數學","原創會考程度練習","","","八年級","幾何","三角形內角和","中等","單題選擇","三角形三內角依序為 (x＋10)°、2x°、(x＋30)°，最大內角為幾度？","65°","70°","45°","75°","1","70°","","三角形內角和為 180°，所以 (x＋10)＋2x＋(x＋30)＝180，得 x＝35。三角形三角分別為 45°、70°、65°，最大內角是 70°。","[""利用三角形內角和列式：(x＋10)＋2x＋(x＋30)＝180。"",""合併得 4x＋40＝180，所以 x＝35；三角分別為 45°、70°、65°。"",""比較三個角，最大的是 70°，選 B。""]","角以 x 表示時，先用內角和列方程，再代回求出各角，最後才比較大小。","[]","","","","","","","","","","","","","","",""
"MAT-0035","數學","原創會考程度練習","","","八年級","幾何","等腰三角形","中等","單題選擇","等腰三角形頂角為 40°，兩底角相等。每個底角為幾度？","40°","80°","70°","140°","2","70°","","兩底角和＝180°－40°＝140°。 底角相等，各為 140°÷2＝70°。 答案為 70°；不能把剩下的 140°當成單一底角。","[""兩底角和＝180°－40°＝140°。"",""底角相等，各為 140°÷2＝70°。"",""答案為 70°；不能把剩下的 140°當成單一底角。""]","等腰三角形先用內角和求底角總和，再平分。","[]","","","","","","","","","","","","","","",""
"MAT-0036","數學","原創會考程度練習","","","八年級","幾何","外角與內角","基礎","單題選擇","一條直線上相鄰的兩角互補，其中一角為 125°，另一角為幾度？","65°","125°","235°","55°","3","55°","","直線角為 180°。 相鄰角＝180°－125°＝55°。 答案是 55°；相鄰線性角不是相等角。","[""直線角為 180°。"",""相鄰角＝180°－125°＝55°。"",""答案是 55°；相鄰線性角不是相等角。""]","直線上的相鄰角相加 180°，先辨清圖形描述中的位置關係。","[]","","","","","","","","","","","","","","",""
"MAT-0037","數學","原創會考程度練習","","","八年級","幾何","比與比例的長方形面積","中等","單題選擇","一座長方形花圃的周長是 50 公尺，長與寬的比為 3：2。花圃面積是多少平方公尺？","150","125","100","175","0","150","","長與寬的和是 50÷2＝25 公尺。依 3：2 共 5 份，每份 25÷5＝5 公尺，因此長 15 公尺、寬 10 公尺，面積為 15×10＝150 平方公尺。答案 A。","[""周長的一半是長與寬的和：50÷2＝25 公尺。"",""比的總份數為 3＋2＝5，每份 25÷5＝5 公尺；長為 3×5＝15 公尺，寬為 2×5＝10 公尺。"",""面積＝長×寬＝15×10＝150 平方公尺，選 A。""]","長方形周長先除以 2 得長寬和；已知比時，再按比的總份數分配，不要把 3：2 當成長寬差。","[]","","","","","","","","","","","","","","",""
"MAT-0038","數學","原創會考程度練習","","","八年級","幾何","三角形面積","基礎","單題選擇","三角形底為 12 公分，對應高為 7 公分，面積是多少平方公分？","84","42","19","38","1","42","","三角形面積＝底×高÷2。 12×7÷2＝42（平方公分）。 84 忘了除以 2。","[""三角形面積＝底×高÷2。"",""12×7÷2＝42（平方公分）。"",""84 忘了除以 2。""]","題目給的是對應高，三角形面積公式要除以 2。","[]","","","","","","","","","","","","","","",""
"MAT-0039","數學","原創會考程度練習","","","八年級","幾何","梯形面積","中等","單題選擇","梯形兩底長 8 公分與 14 公分，高 6 公分，面積是多少平方公分？","132","42","66","84","2","66","","梯形面積＝(上底＋下底)×高÷2。 (8＋14)×6÷2＝22×3＝66。 答案為 66；132 是未除以 2 的結果。","[""梯形面積＝(上底＋下底)×高÷2。"",""(8＋14)×6÷2＝22×3＝66。"",""答案為 66；132 是未除以 2 的結果。""]","梯形兩底相加後乘高，再除以 2。","[]","","","","","","","","","","","","","","",""
"MAT-0040","數學","原創會考程度練習","","","八年級","幾何","圓周長","基礎","單題選擇","圓的半徑是 5 公分，圓周長以 π 表示為何？","20π 公分","5π 公分","25π 公分","10π 公分","3","10π 公分","","圓周長＝2πr。 r＝5，故周長＝2π×5＝10π 公分。 25π 是 πr² 的面積，並非周長。","[""圓周長＝2πr。"",""r＝5，故周長＝2π×5＝10π 公分。"",""25π 是 πr² 的面積，並非周長。""]","看清題目問周長或面積；兩者公式不同。","[]","","","","","","","","","","","","","","",""
"MAT-0041","數學","原創會考程度練習","","","九年級","幾何","圓環面積","中等","單題選擇","一座圓形花圃直徑為 6 公尺，外圍鋪設寬 1 公尺的等寬步道。步道面積以 π 表示為何？","7π 平方公尺","16π 平方公尺","9π 平方公尺","25π 平方公尺","0","7π 平方公尺","","花圃半徑為 6÷2＝3 公尺，步道外緣半徑為 3＋1＝4 公尺。步道面積＝外圓面積－花圃面積＝π×4²－π×3²＝7π 平方公尺。","[""花圃半徑＝6÷2＝3 公尺；步道寬 1 公尺，所以外圓半徑＝3＋1＝4 公尺。"",""步道不是整個大圓，需扣掉花圃：π×4²－π×3²＝16π－9π＝7π。"",""步道面積為 7π 平方公尺，選 A；16π 是含花圃的整個外圓面積。""]","圓環面積要用外圓面積減內圓面積；先由直徑求半徑，再把步道寬加到外半徑。","[]","","","","","","","","","","","","","","",""
"MAT-0042","數學","原創會考程度練習","","","九年級","幾何","平行線角","中等","單題選擇","兩條平行線被一條截線所截，一對內錯角中一角為 65°。另一內錯角為幾度？","115°","65°","25°","130°","1","65°","","平行線的內錯角相等。 因此另一角也為 65°。 115°是與 65° 相鄰的補角，不是內錯角。","[""平行線的內錯角相等。"",""因此另一角也為 65°。"",""115°是與 65° 相鄰的補角，不是內錯角。""]","依題幹明確的角位置辨認對應、同位、內錯或同側內角。","[]","","","","","","","","","","","","","","",""
"MAT-0043","數學","原創會考程度練習","","","九年級","幾何","畢氏定理","基礎","單題選擇","直角三角形兩股長 6 公分、8 公分，斜邊長為何？","14 公分","7 公分","10 公分","100 公分","2","10 公分","","斜邊平方＝6²＋8²＝36＋64＝100。 斜邊＝√100＝10 公分。 100 是斜邊平方，不是斜邊長。","[""斜邊平方＝6²＋8²＝36＋64＝100。"",""斜邊＝√100＝10 公分。"",""100 是斜邊平方，不是斜邊長。""]","畢氏定理先求平方和，最後別忘了開平方根。","[]","","","","","","","","","","","","","","",""
"MAT-0044","數學","原創會考程度練習","","","九年級","幾何","相似圖形","中等","單題選擇","兩個相似三角形的大三角形與小三角形對應邊長比為 2：1。小三角形面積為 12 平方公分，大三角形面積為何？","24","36","96","48","3","48","","相似圖形面積比等於對應邊比的平方。 大：小邊長比 2，面積比為 2²＝4。 大三角形面積＝12×4＝48 平方公分。","[""相似圖形面積比等於對應邊比的平方。"",""大：小邊長比 2，面積比為 2²＝4。"",""大三角形面積＝12×4＝48 平方公分。""]","相似長度放大 k 倍，面積放大 k² 倍。","[]","","","","","","","","","","","","","","",""
"MAT-0045","數學","原創會考程度練習","","","九年級","幾何","長方體體積","基礎","單題選擇","長方體長 4 公分、寬 3 公分、高 5 公分，體積為何？","60 立方公分","47 立方公分","12 立方公分","120 立方公分","0","60 立方公分","","長方體體積＝長×寬×高。 4×3×5＝60 立方公分。 答案為 60；47 是三邊相加的結果，不能代表體積。","[""長方體體積＝長×寬×高。"",""4×3×5＝60 立方公分。"",""答案為 60；47 是三邊相加的結果，不能代表體積。""]","體積使用三個互相垂直方向的長度相乘，單位為立方。","[]","","","","","","","","","","","","","","",""
"MAT-0046","數學","原創會考程度練習","","","九年級","幾何","圓柱體積","中等","單題選擇","圓柱底面半徑 2 公分、高 5 公分，體積以 π 表示為何？","10π 立方公分","20π 立方公分","25π 立方公分","40π 立方公分","1","20π 立方公分","","圓柱體積＝底面積×高＝πr²h。 π×2²×5＝20π 立方公分。 10π 少乘半徑平方中的 2；應先算 2²。","[""圓柱體積＝底面積×高＝πr²h。"",""π×2²×5＝20π 立方公分。"",""10π 少乘半徑平方中的 2；應先算 2²。""]","圓柱體積先算圓底面積，再乘柱高。","[]","","","","","","","","","","","","","","",""
"MAT-0047","數學","原創會考程度練習","","","九年級","幾何","多邊形內角和","中等","單題選擇","七邊形的內角和是多少度？","720°","1080°","900°","1260°","2","900°","","n 邊形內角和＝(n－2)×180°。 (7－2)×180°＝900°。 答案為 900°；七邊形可分成 5 個三角形。","[""n 邊形內角和＝(n－2)×180°。"",""(7－2)×180°＝900°。"",""答案為 900°；七邊形可分成 5 個三角形。""]","用 n−2 個三角形計算多邊形內角和。","[]","","","","","","","","","","","","","","",""
"MAT-0048","數學","原創會考程度練習","","","九年級","幾何","正多邊形內角","中等","單題選擇","正五邊形每個內角幾度？","72°","540°","120°","108°","3","108°","","五邊形內角和＝(5－2)×180°＝540°。 正五邊形五角相等，540°÷5＝108°。 72°是每個外角，不是內角。","[""五邊形內角和＝(5－2)×180°＝540°。"",""正五邊形五角相等，540°÷5＝108°。"",""72°是每個外角，不是內角。""]","正 n 邊形每個外角 360°/n，可用來檢查內角。","[]","","","","","","","","","","","","","","",""
"MAT-0049","數學","原創會考程度練習","","","九年級","幾何","坐標距離","中等","單題選擇","坐標平面上 A(0,0)、B(6,8)，線段 AB 長多少單位？","10","14","2","100","0","10","","水平差 6，垂直差 8，形成直角三角形。 AB＝√(6²＋8²)＝√100＝10。 100 是距離平方，不是距離。","[""水平差 6，垂直差 8，形成直角三角形。"",""AB＝√(6²＋8²)＝√100＝10。"",""100 是距離平方，不是距離。""]","坐標兩點距離可用畢氏定理；最後取正平方根。","[]","","","","","","","","","","","","","","",""
"MAT-0050","數學","原創會考程度練習","","","九年級","幾何","中點坐標","基礎","單題選擇","線段端點為 A(2,−1)、B(8,5)，中點坐標為何？","(6,4)","(10,4)","(5,2)","(3,−3)","2","(5,2)","","中點 x 坐標＝(2＋8)÷2＝5。 中點 y 坐標＝(−1＋5)÷2＝2。 所以中點是 (5,2)。","[""中點 x 坐標＝(2＋8)÷2＝5。"",""中點 y 坐標＝(−1＋5)÷2＝2。"",""所以中點是 (5,2)。""]","中點的兩個坐標分別取端點坐標的平均數。","[]","","","","","","","","","","","","","","",""
"MAT-0051","數學","原創會考程度練習","","","九年級","幾何","畢氏定理逆定理","中等","單題選擇","三角形三邊長為 5、12、13。此三角形是否為直角三角形？","是，因為 5²＋12²＝13²","是，因為 5＋12＝13","否，因為 5²＋12²≠13²","否，因為三邊都不相等","0","是，因為 5²＋12²＝13²","","最大邊為 13，檢查 5²＋12²＝25＋144＝169。 13²＝169，兩者相等，符合畢氏定理逆定理。因此正確選項為「是，因為 5²＋12²＝13²」；檢查的是平方和，不是邊長和。","[""最大邊為 13，檢查 5²＋12²＝25＋144＝169。"",""13²＝169，兩者相等，符合畢氏定理逆定理。"",""正確選項是「是，因為 5²＋12²＝13²」；檢查平方和，不是邊長和。""]","使用逆定理要以最大邊作斜邊候選，核對平方關係。","[]","","","","","","","","","","","","","","",""
"MAT-0052","數學","原創會考程度練習","","","九年級","幾何","三角形相似與邊長","中等","單題選擇","△ABC 與 △DEF 相似，AB 對應 DE；AB＝6 公分、DE＝9 公分，若 BC＝8 公分，對應 EF 長多少？","10 公分","12 公分","5.3 公分","14 公分","1","12 公分","","相似比 DEF：ABC＝9：6＝3：2。 EF 對應 BC，因此 EF＝8×3/2＝12 公分。 答案為 12；比例方向若倒置會得到較小的錯誤值。","[""相似比 DEF：ABC＝9：6＝3：2。"",""EF 對應 BC，因此 EF＝8×3/2＝12 公分。"",""答案為 12；比例方向若倒置會得到較小的錯誤值。""]","先固定「誰比誰」的相似比，再套到對應邊。","[]","","","","","","","","","","","","","","",""
"MAT-0053","數學","原創會考程度練習","","","九年級","幾何","扇形弧長","中等","單題選擇","半徑 6 公分的圓中，圓心角 60° 的扇形弧長為何？","π 公分","6π 公分","2π 公分","12π 公分","2","2π 公分","","弧長占全圓周長的 60/360＝1/6。 全圓周長＝2π×6＝12π，弧長＝12π×1/6＝2π 公分。 答案為 2π；不可把 60° 當成 60 倍。","[""弧長占全圓周長的 60/360＝1/6。"",""全圓周長＝2π×6＝12π，弧長＝12π×1/6＝2π 公分。"",""答案為 2π；不可把 60° 當成 60 倍。""]","弧長比例等於圓心角占 360° 的比例。","[]","","","","","","","","","","","","","","",""
"MAT-0054","數學","原創會考程度練習","","","九年級","幾何","平行四邊形面積","基礎","單題選擇","平行四邊形底長 9 公分，對應高 4 公分，面積為何？","26 平方公分","13 平方公分","18 平方公分","36 平方公分","3","36 平方公分","","平行四邊形面積＝底×高。 9×4＝36 平方公分。 斜邊長不需加入面積計算。","[""平行四邊形面積＝底×高。"",""9×4＝36 平方公分。"",""斜邊長不需加入面積計算。""]","平行四邊形用垂直高，不是斜邊長。","[]","","","","","","","","","","","","","","",""
"MAT-0055","數學","原創會考程度練習","","","九年級","幾何","角平分線","中等","單題選擇","∠AOB＝84°，射線 OC 將此角平分，則 ∠AOC 為幾度？","42°","48°","21°","84°","0","42°","","角平分線把一個角分成兩個相等角。 ∠AOC＝84°÷2＝42°。 答案為 42°；84°是整個角的大小。","[""角平分線把一個角分成兩個相等角。"",""∠AOC＝84°÷2＝42°。"",""答案為 42°；84°是整個角的大小。""]","角平分線的兩側角相等，各為原角的一半。","[]","","","","","","","","","","","","","","",""
"MAT-0056","數學","原創會考程度練習","","","九年級","統計機率","平均數","中等","單題選擇","某學生前三次小考得 4、6、8 分。若四次小考平均為 7 分，第四次小考得幾分？","7","10","28","9","1","10","","四次平均 7 分，總分應為 4×7＝28 分。前三次合計 4＋6＋8＝18 分，所以第四次為 28−18＝10 分。","[""由平均數＝總分÷次數，四次小考的總分應為 7×4＝28 分。"",""前三次總分為 4＋6＋8＝18 分。"",""第四次得分＝28−18＝10 分，選 B；28 是四次總分，不是第四次分數。""]","已知平均和筆數時，先反推總和，再扣掉已知資料求未知值。","[]","","","","","","","","","","","","","","",""
"MAT-0057","數學","原創會考程度練習","","","九年級","統計機率","中位數","基礎","單題選擇","資料由小到大為 2、3、9、11、15，中位數為何？","3","8","9","11","2","9","","共有 5 筆資料，奇數筆的中位數是正中間第 3 筆。 第 3 筆為 9。 答案是 9；不是把最大和最小值取平均。","[""共有 5 筆資料，奇數筆的中位數是正中間第 3 筆。"",""第 3 筆為 9。"",""答案是 9；不是把最大和最小值取平均。""]","先排序，再依資料筆數找正中間位置。","[]","","","","","","","","","","","","","","",""
"MAT-0058","數學","原創會考程度練習","","","九年級","統計機率","眾數","基礎","單題選擇","一組資料為 1、2、2、3、3、3、4，眾數為何？","2","2.5","4","3","3","3","","統計各數出現次數：3 出現 3 次，2 出現 2 次，其餘各 1 次。 出現最多次的數是 3。 所以眾數為 3，不是中間位置的中位數。","[""統計各數出現次數：3 出現 3 次，2 出現 2 次，其餘各 1 次。"",""出現最多次的數是 3。"",""所以眾數為 3，不是中間位置的中位數。""]","眾數看出現頻率，不是看大小排序位置。","[]","","","","","","","","","","","","","","",""
"MAT-0059","數學","原創會考程度練習","","","九年級","統計機率","全距","基礎","單題選擇","一組資料的最小值為 12、最大值為 29，全距是多少？","17","12","41","29","0","17","","全距＝最大值－最小值。 29－12＝17。 答案為 17；把最大值與最小值相加是 41，不是全距。","[""全距＝最大值－最小值。"",""29－12＝17。"",""答案為 17；把最大值與最小值相加是 41，不是全距。""]","全距只使用最大與最小兩筆資料。","[]","","","","","","","","","","","","","","",""
"MAT-0060","數學","原創會考程度練習","","","九年級","統計機率","加權平均","中等","單題選擇","某課平時成績 70 分占 30%，期末考 80 分占 70%，加權平均為何？","75 分","77 分","78 分","150 分","1","77 分","","平時加權為 70×0.3＝21。 期末加權為 80×0.7＝56；總和 21＋56＝77 分。 答案為 77；不能把兩次分數直接相加。","[""平時加權為 70×0.3＝21。"",""期末加權為 80×0.7＝56；總和 21＋56＝77 分。"",""答案為 77；不能把兩次分數直接相加。""]","加權平均要依比重乘各分數，權重總和應為 1。","[]","","","","","","","","","","","","","","",""
"MAT-0061","數學","原創會考程度練習","","","九年級","統計機率","重疊事件機率","中等","單題選擇","擲一次公平六面骰，點數大於 4 或是偶數的機率為何？","1/2","5/6","2/3","1/3","2","2/3","","大於 4 的結果是 5、6，偶數是 2、4、6；6 同時符合兩條件，只能算一次。符合結果為 2、4、5、6，共 4 種，機率＝4/6＝2/3。","[""大於 4 的點數是 5、6；偶數點數是 2、4、6。"",""6 同時符合兩個條件，聯集只計一次；符合結果為 2、4、5、6，共 4 種。"",""機率＝4/6＝2/3，選 C。""]","處理「A 或 B」先列事件集合；有重疊結果時只能計數一次。","[]","","","","","","","","","","","","","","",""
"MAT-0062","數學","原創會考程度練習","","","九年級","統計機率","連續事件機率","中等","單題選擇","連擲兩枚公平硬幣，恰有一枚正面朝上的機率為何？","1/4","1","3/4","1/2","3","1/2","","等可能結果為 HH、HT、TH、TT，共 4 種。 恰一正面的結果是 HT、TH，共 2 種。 機率＝2/4＝1/2。","[""等可能結果為 HH、HT、TH、TT，共 4 種。"",""恰一正面的結果是 HT、TH，共 2 種。"",""機率＝2/4＝1/2。""]","兩次事件要列出有順序的樣本空間，避免漏掉 HT 或 TH。","[]","","","","","","","","","","","","","","",""
"MAT-0063","數學","原創會考程度練習","","","九年級","統計機率","有限樣本機率","基礎","單題選擇","袋中有編號 1 至 10 的十顆球，任取一顆，抽到偶數號的機率為何？","1/2","2/5","1/5","3/5","0","1/2","","偶數號為 2、4、6、8、10，共 5 顆。 總數 10 顆，機率＝5/10＝1/2。 答案為 1/2。","[""偶數號為 2、4、6、8、10，共 5 顆。"",""總數 10 顆，機率＝5/10＝1/2。"",""答案為 1/2。""]","抽取機率以符合條件的個數除以總個數。","[]","","","","","","","","","","","","","","",""
"MAT-0064","數學","原創會考程度練習","","","九年級","統計機率","資料圖表判讀","基礎","單題選擇","社團人數表：籃球 18 人、合唱 12 人、桌遊 15 人、科學 9 人。哪個社團人數最多？","合唱","籃球","桌遊","科學","1","籃球","","逐一比較人數：18、12、15、9。 最大值為 18，對應籃球社。 答案為籃球；桌遊有 15 人，次多但不是最多。","[""逐一比較人數：18、12、15、9。"",""最大值為 18，對應籃球社。"",""答案為籃球；桌遊有 15 人，次多但不是最多。""]","表格題先對齊類別與數值，勿只看選項名稱。","[]","","","","","","","","","","","","","","",""
"MAT-0065","數學","原創會考程度練習","","","九年級","統計機率","抽樣代表性","中等","單題選擇","要了解全校學生最常搭乘的交通方式，以下哪種調查較具代表性？","只詢問校門口騎腳踏車的同學","只詢問九年級學生","依各年級人數比例，隨機抽取共 200 名學生","只在雨天詢問晚到的學生","2","依各年級人數比例，隨機抽取共 200 名學生","","調查目標是全校，樣本應涵蓋各年級，並依各年級人數比例抽樣，降低年級人數差異造成的代表性偏差。因此答案是 C「依各年級人數比例，隨機抽取共 200 名學生」。只問特定地點或特定年級會有抽樣偏差。","[""調查目標是全校，樣本應涵蓋不同年級與交通方式。"",""各年級學生人數可能不同，按各年級人數比例抽樣可避免某年級在樣本中占比失真。"",""答案是 C「依各年級人數比例，隨機抽取共 200 名學生」；只問特定地點或年級會有偏差。""]","判斷調查品質時，確認抽樣對象是否代表研究母群體。","[]","","","","","","","","","","","","","","",""
"MAT-0066","數學","原創會考程度練習","","","九年級","統計機率","圓形圖百分率","基礎","單題選擇","班上 40 人中有 10 人選擇搭公車上學。若以圓形圖呈現，公車所占的百分率是多少？","10%","40%","4%","25%","3","25%","","公車比例＝10/40＝1/4。 1/4×100%＝25%。 答案為 25%；10 是人數，不是百分率。","[""公車比例＝10/40＝1/4。"",""1/4×100%＝25%。"",""答案為 25%；10 是人數，不是百分率。""]","百分率是部分除以全體再乘 100%。","[]","","","","","","","","","","","","","","",""
"MAT-0067","數學","原創會考程度練習","","","九年級","統計機率","期望與機率判讀","中等","單題選擇","某遊戲抽中獎券機率為 1/5。玩 10 次一定會中獎幾次？","無法確定","剛好 2 次","至少 1 次","一定 10 次","0","無法確定","","1/5 表示每次長期的中獎機會比例，不保證短期結果。 10 次可能中 0 次、2 次或其他次數。因此正確選項為「無法確定」；2 次只是期望值，非保證。","[""1/5 表示每次長期的中獎機會比例，不保證短期結果。"",""10 次可能中 0 次、2 次或其他次數。"",""正確選項是「無法確定」；2 次只是期望值，不能保證實際中獎次數。""]","機率表示可能性，不等同保證的實際次數。","[]","","","","","","","","","","","","","","",""
"MAT-0068","數學","原創會考程度練習","","","九年級","統計機率","資料比較","中等","單題選擇","甲組資料為 6、6、6、6，乙組為 3、6、6、9。兩組平均數相同，哪一組全距較大？","甲組","乙組","相同","資料不足","1","乙組","","甲組全距＝6－6＝0。 乙組全距＝9－3＝6。 乙組全距較大；平均數相同不代表分散程度相同。","[""甲組全距＝6－6＝0。"",""乙組全距＝9－3＝6。"",""乙組全距較大；平均數相同不代表分散程度相同。""]","平均數描述中心，全距描述最大與最小差距。","[]","","","","","","","","","","","","","","",""
"MAT-0069","數學","原創會考程度練習","","","九年級","統計機率","互斥事件機率","中等","單題選擇","公平骰子擲一次，擲出 1 或 6 的機率為何？","1/6","1/3","1/2","2/3","1","1/3","","1 與 6 是互斥結果，共有 2 個有利結果。 機率＝2/6＝1/3。 答案為 1/3；不可只算其中一種結果。","[""1 與 6 是互斥結果，共有 2 個有利結果。"",""機率＝2/6＝1/3。"",""答案為 1/3；不可只算其中一種結果。""]","「A 或 B」且兩者互斥時，將兩事件機率相加。","[]","","","","","","","","","","","","","","",""
"MAT-0070","數學","原創會考程度練習","","","九年級","統計機率","中位數與離群值","中等","單題選擇","資料 4、5、6、7、100 的中位數為何？","24.4","7","6","5","2","6","","資料已由小到大排列，共 5 筆。 中間第 3 筆是 6，所以中位數為 6。 100 會大幅影響平均數，但不改變此組資料的中位數位置。","[""資料已由小到大排列，共 5 筆。"",""中間第 3 筆是 6，所以中位數為 6。"",""100 會大幅影響平均數，但不改變此組資料的中位數位置。""]","離群值對平均數影響較大，中位數依排序位置決定。","[]","","","","","","","","","","","","","","",""
"MAT-0071","數學","原創會考程度練習","","","九年級","比例","比與總量","基礎","單題選擇","紅球與藍球數量比為 3：5，兩色共 40 顆。紅球有幾顆？","24","25","8","15","3","15","","比的總份數＝3＋5＝8。 每份＝40÷8＝5 顆，紅球＝3×5＝15 顆。 答案為 15；40×3 會忽略總份數。","[""比的總份數＝3＋5＝8。"",""每份＝40÷8＝5 顆，紅球＝3×5＝15 顆。"",""答案為 15；40×3 會忽略總份數。""]","先將比的份數相加，再求每一份代表的量。","[]","","","","","","","","","","","","","","",""
"MAT-0072","數學","原創會考程度練習","","","九年級","比例","比例放大","基礎","單題選擇","製作 4 人份鬆餅需麵粉 300 公克。依相同比例製作 10 人份需多少公克？","750","600","1200","7500","0","750","","份量倍數＝10÷4＝2.5。 麵粉量＝300×2.5＝750 公克。 答案是 750 公克；不能只將人數差 6 乘 300。","[""份量倍數＝10÷4＝2.5。"",""麵粉量＝300×2.5＝750 公克。"",""答案是 750 公克；不能只將人數差 6 乘 300。""]","同配方按人數成正比，使用份量倍數而非差值。","[]","","","","","","","","","","","","","","",""
"MAT-0073","數學","原創會考程度練習","","","九年級","比例","比例尺","中等","單題選擇","地圖比例尺為 1：50,000，圖上兩地相距 4 公分，實際距離為幾公里？","20 公里","2 公里","200 公尺","0.8 公里","1","2 公里","","實際距離＝4×50,000＝200,000 公分。 100,000 公分＝1 公里，所以 200,000 公分＝2 公里。 答案為 2 公里；單位換算不可漏掉。","[""實際距離＝4×50,000＝200,000 公分。"",""100,000 公分＝1 公里，所以 200,000 公分＝2 公里。"",""答案為 2 公里；單位換算不可漏掉。""]","比例尺計算後先保留原單位，再換成題目要求的單位。","[]","","","","","","","","","","","","","","",""
"MAT-0074","數學","原創會考程度練習","","","九年級","比例","速率","基礎","單題選擇","公車甲行駛 72 公里花 1.5 小時；公車乙行駛 90 公里花 2 小時。甲的平均速率比乙快多少公里/小時？","5","48","3","45","2","3","","甲的平均速率為 72÷1.5＝48 公里/小時；乙為 90÷2＝45 公里/小時。甲比乙快 48−45＝3 公里/小時。","[""先分別用路程除以時間：甲為 72÷1.5＝48 公里/小時。"",""乙為 90÷2＝45 公里/小時；兩車速率單位相同，可直接比較。"",""甲快 48−45＝3 公里/小時，選 C。""]","比較快慢要先算兩段平均速率，再相減；不可只比較總路程或總時間。","[]","","","","","","","","","","","","","","",""
"MAT-0075","數學","原創會考程度練習","","","九年級","比例","單價","基礎","單題選擇","6 瓶相同飲料共 150 元，照此單價買 10 瓶需多少元？","240 元","900 元","25 元","250 元","3","250 元","","每瓶單價＝150÷6＝25 元。 10 瓶需 25×10＝250 元。 答案為 250 元；25 元只是單瓶價格。","[""每瓶單價＝150÷6＝25 元。"",""10 瓶需 25×10＝250 元。"",""答案為 250 元；25 元只是單瓶價格。""]","先求單位量，才能依數量放大。","[]","","","","","","","","","","","","","","",""
"MAT-0076","數學","原創會考程度練習","","","九年級","比例","折扣情境","基礎","單題選擇","一雙鞋原價 1200 元，打 75 折後售價是多少？","900 元","925 元","300 元","1200 元","0","900 元","","75 折表示售價為原價的 75%。 1200×0.75＝900 元。 300 元是折價金額，題目問售價。","[""75 折表示售價為原價的 75%。"",""1200×0.75＝900 元。"",""300 元是折價金額，題目問售價。""]","折扣後價格與省下的金額是兩個不同量。","[]","","","","","","","","","","","","","","",""
"MAT-0077","數學","原創會考程度練習","","","九年級","比例","含稅價格","中等","單題選擇","商品未稅價 800 元，營業稅率 5%，含稅價為何？","805 元","840 元","40 元","760 元","1","840 元","","稅額＝800×0.05＝40 元。 含稅價＝800＋40＝840 元，也可算 800×1.05。 40 元是稅額而非含稅總價。","[""稅額＝800×0.05＝40 元。"",""含稅價＝800＋40＝840 元，也可算 800×1.05。"",""40 元是稅額而非含稅總價。""]","加稅要乘 1＋稅率，不是只算稅額。","[]","","","","","","","","","","","","","","",""
"MAT-0078","數學","原創會考程度練習","","","九年級","比例","正比例應用","中等","單題選擇","5 人活動需要 3 公斤米，參與人數與用米量成正比。8 人需要多少公斤？","3.8 公斤","5 公斤","4.8 公斤","7.5 公斤","2","4.8 公斤","","每人用米量＝3÷5＝0.6 公斤。 8 人需要 0.6×8＝4.8 公斤。 答案為 4.8 公斤；不能把人數增加 3 直接加到公斤數。","[""每人用米量＝3÷5＝0.6 公斤。"",""8 人需要 0.6×8＝4.8 公斤。"",""答案為 4.8 公斤；不能把人數增加 3 直接加到公斤數。""]","正比例問題先算每單位需求，再乘新數量。","[]","","","","","","","","","","","","","","",""
"MAT-0079","數學","原創會考程度練習","","","九年級","比例","反比例","中等","單題選擇","6 位工人同效率完成一項工作需 10 天；若改由 4 位工人完成，需幾天？","6 天","24 天","10 天","15 天","3","15 天","","工作總量以工人日計：6×10＝60 工人日。 4 位工人需 60÷4＝15 天。 答案為 15 天；工人減少，所需天數增加。","[""工作總量以工人日計：6×10＝60 工人日。"",""4 位工人需 60÷4＝15 天。"",""答案為 15 天；工人減少，所需天數增加。""]","同效率且工作量固定時，工人數與天數成反比。","[]","","","","","","","","","","","","","","",""
"MAT-0080","數學","原創會考程度練習","","","九年級","比例","油耗情境","中等","單題選擇","機車每公升汽油可行駛 35 公里，油箱有 4 公升油，理論上可行駛幾公里？","140 公里","39 公里","8.75 公里","35 公里","0","140 公里","","距離＝每公升行駛距離×公升數。 35×4＝140 公里。 答案為 140 公里；除以 4 會把比例方向弄反。","[""距離＝每公升行駛距離×公升數。"",""35×4＝140 公里。"",""答案為 140 公里；除以 4 會把比例方向弄反。""]","先辨認單位率「每公升」，再乘總公升數。","[]","","","","","","","","","","","","","","",""
"MAT-0081","數學","原創會考程度練習","","","九年級","比例","匯率","中等","單題選擇","某日匯率為 1 美元兌 32 元新臺幣，不計手續費。80 美元可兌多少新臺幣？","2.5 元","2560 元","112 元","3200 元","1","2560 元","","每美元兌 32 元。 80×32＝2560 元新臺幣。 答案為 2560 元；除以 32 是反向換算。","[""每美元兌 32 元。"",""80×32＝2560 元新臺幣。"",""答案為 2560 元；除以 32 是反向換算。""]","留意題目給的匯率方向與要求的幣別。","[]","","","","","","","","","","","","","","",""
"MAT-0082","數學","原創會考程度練習","","","九年級","比例","速度與時間","中等","單題選擇","步行速度固定為每分鐘 80 公尺，走 12 分鐘可走多遠？","92 公尺","6.7 公尺","960 公尺","80 公尺","2","960 公尺","","距離＝速率×時間。 80×12＝960 公尺。 答案為 960；92 是把兩數相加，並非距離。","[""距離＝速率×時間。"",""80×12＝960 公尺。"",""答案為 960；92 是把兩數相加，並非距離。""]","速率乘時間才能得到路程，並確認單位相容。","[]","","","","","","","","","","","","","","",""
"MAT-0083","數學","原創會考程度練習","","","九年級","比例","濃度","中等","單題選擇","一杯 200 公克糖水含糖 20 公克。糖占糖水總重的百分率為何？","20%","90%","5%","10%","3","10%","","百分濃度＝溶質÷溶液總量×100%。 20÷200×100%＝10%。 答案為 10%；分母是糖水總重，不是水重。","[""百分濃度＝溶質÷溶液總量×100%。"",""20÷200×100%＝10%。"",""答案為 10%；分母是糖水總重，不是水重。""]","濃度的分母是溶液總量，包含溶質與溶劑。","[]","","","","","","","","","","","","","","",""
"MAT-0084","數學","原創會考程度練習","","","九年級","比例","相似縮放","中等","單題選擇","照片長、寬都放大為原來的 3 倍，照片面積變為原來的幾倍？","9 倍","3 倍","6 倍","27 倍","0","9 倍","","長放大 3 倍、寬也放大 3 倍。 面積倍率＝3×3＝9。 答案為 9 倍；27 倍是把三個維度都放大，適用於體積。","[""長放大 3 倍、寬也放大 3 倍。"",""面積倍率＝3×3＝9。"",""答案為 9 倍；27 倍是把三個維度都放大，適用於體積。""]","平面面積由兩個長度相乘，因此倍率要平方。","[]","","","","","","","","","","","","","","",""
"MAT-0085","數學","原創會考程度練習","","","九年級","素養情境","行程與分段速率","中等","單題選擇","小華先以 4 公里/小時走 2 小時，再以 12 公里/小時騎車 1 小時。全程平均速率是多少？","6 公里/小時","20/3 公里/小時","8 公里/小時","16 公里/小時","1","20/3 公里/小時","","步行路程＝4×2＝8 公里；騎車路程＝12×1＝12 公里。 總路程 20 公里、總時間 3 小時，平均速率＝20÷3 公里/小時。因此正確選項為「20/3 公里/小時」；不能把兩段速率直接平均成 8，因為時間不同。","[""步行路程＝4×2＝8 公里；騎車路程＝12×1＝12 公里。"",""總路程 20 公里、總時間 3 小時，平均速率＝20÷3 公里/小時。"",""正確選項是「20/3 公里/小時」；不能把兩段速率直接平均成 8，因為時間不同。""]","平均速率要用總路程除總時間，不是各段速率的算術平均。","[]","","","","","","","","","","","","","","",""
"MAT-0086","數學","原創會考程度練習","","","九年級","素養情境","分段折扣","中等","單題選擇","書店一本 500 元的書先打 8 折，再使用折後價 9 折優惠。最後售價是多少元？","450 元","400 元","360 元","100 元","2","360 元","","第一次折後為 500×0.8＝400 元。 再打 9 折為 400×0.9＝360 元。 答案是 360 元；兩次折扣連乘，不是折數相加。","[""第一次折後為 500×0.8＝400 元。"",""再打 9 折為 400×0.9＝360 元。"",""答案是 360 元；兩次折扣連乘，不是折數相加。""]","連續折扣依序乘付款率，不能把兩個折數直接相加。","[]","","","","","","","","","","","","","","",""
"MAT-0087","數學","原創會考程度練習","","","九年級","素養情境","容量與單位換算","基礎","單題選擇","一瓶水容量 1.5 公升，倒出 350 毫升後，瓶中還剩多少毫升？","1850 毫升","1.15 毫升","1500 毫升","1150 毫升","3","1150 毫升","","1.5 公升＝1500 毫升。 剩餘量＝1500－350＝1150 毫升。 答案為 1150 毫升；先統一單位再相減。","[""1.5 公升＝1500 毫升。"",""剩餘量＝1500－350＝1150 毫升。"",""答案為 1150 毫升；先統一單位再相減。""]","公升與毫升相減前，先換成相同單位。","[]","","","","","","","","","","","","","","",""
"MAT-0088","數學","原創會考程度練習","","","九年級","素養情境","時間規劃","基礎","單題選擇","公車每 18 分鐘一班，第一班 7:06 發車。若班距固定，第四班幾點發車？","8:00","7:42","7:54","7:24","0","8:00","","第一班到第四班有 3 個班距。 3×18＝54 分鐘；7:06 加 54 分鐘為 8:00。 答案為 8:00；不能加 4 個班距。","[""第一班到第四班有 3 個班距。"",""3×18＝54 分鐘；7:06 加 54 分鐘為 8:00。"",""答案為 8:00；不能加 4 個班距。""]","第 n 班相對第一班經過 n−1 個間隔。","[]","","","","","","","","","","","","","","",""
"MAT-0089","數學","原創會考程度練習","","","九年級","素養情境","最佳購買方案","中等","單題選擇","A方案：每張票 120 元；B方案：3 張套票 330 元。買 3 張時，B方案比A方案省多少元？","90 元","60 元","330 元","30 元","3","30 元","","A方案買 3 張：120×3＝360 元。 B方案 330 元，省下 360－330＝30 元。 答案為 30 元；330 是B方案總價。","[""A方案買 3 張：120×3＝360 元。"",""B方案 330 元，省下 360－330＝30 元。"",""答案為 30 元；330 是B方案總價。""]","比較方案要先換算成相同購買數量，再比較總支出。","[]","","","","","","","","","","","","","","",""
"MAT-0090","數學","原創會考程度練習","","","九年級","素養情境","比例分配","中等","單題選擇","獎金 4200 元按工作時數 2：5 分給甲、乙。乙可得多少元？","1200 元","3000 元","2100 元","2800 元","1","3000 元","","總份數＝2＋5＝7，每份＝4200÷7＝600 元。 乙得 5 份：5×600＝3000 元。 答案為 3000 元；若取 2 份則是甲的金額。","[""總份數＝2＋5＝7，每份＝4200÷7＝600 元。"",""乙得 5 份：5×600＝3000 元。"",""答案為 3000 元；若取 2 份則是甲的金額。""]","依題目指定對象，將總量乘上該對象的份數。","[]","","","","","","","","","","","","","","",""
"MAT-0091","數學","原創會考程度練習","","","九年級","素養情境","折線資料判讀","中等","單題選擇","氣溫紀錄：上午 8 時 18°C、10 時 22°C、12 時 27°C、下午 2 時 25°C。哪個時段氣溫上升最多？","8 時到 10 時","10 時到 12 時","12 時到 2 時","三段上升相同","1","10 時到 12 時","","8–10 時上升 22－18＝4°C。 10–12 時上升 27－22＝5°C；12–2 時則下降 2°C。 上升最多的是 10 時到 12 時。","[""8–10 時上升 22－18＝4°C。"",""10–12 時上升 27－22＝5°C；12–2 時則下降 2°C。"",""上升最多的是 10 時到 12 時。""]","比較各時段的變化量，要算後一時刻減前一時刻。","[]","","","","","","","","","","","","","","",""
"MAT-0092","數學","原創會考程度練習","","","九年級","素養情境","座位配置與方程","中等","單題選擇","禮堂每排座位數相同，共 12 排可坐 360 人。若增加 3 排且每排不變，可多坐多少人？","30 人","450 人","90 人","1080 人","2","90 人","","每排座位＝360÷12＝30 人。增加 3 排可多坐 30×3＝90 人。答案為 90 人；450 是增加三排後的總座位數，不是多出的座位數。","[""每排座位＝360÷12＝30 人。"",""增加 3 排，可多坐 30×3＝90 人。"",""答案為 90 人；增加後總數是 15×30＝450 人，但題目問的是多出的座位數。""]","先求每排的單位量，再乘新增排數。","[]","","","","","","","","","","","","","","",""
"MAT-0093","數學","原創會考程度練習","","","九年級","素養情境","等值比較","中等","單題選擇","甲飲料 600 毫升售 45 元，乙飲料 800 毫升售 56 元。哪一種每 100 毫升較便宜？","兩者相同","甲，7.5 元","甲，8 元","乙，7 元","3","乙，7 元","","甲每 100 毫升價格＝45÷6＝7.5 元。 乙每 100 毫升價格＝56÷8＝7 元。因此正確選項為「乙，7 元」；乙的單位價格較低，要比較單位量，不可只看總價。","[""甲每 100 毫升價格＝45÷6＝7.5 元。"",""乙每 100 毫升價格＝56÷8＝7 元。"",""正確選項是「乙，7 元」；乙的單位價格較低，要比較單位量，不可只看總價。""]","比較不同容量商品應先換算成相同單位價格。","[]","","","","","","","","","","","","","","",""
"MAT-0094","數學","原創會考程度練習","","","九年級","素養情境","百分比變化","中等","單題選擇","某班原有 40 人，轉入 5 人後，全班人數增加百分之幾？","12.5%","5%","11.1%","45%","0","12.5%","","增加量為 5 人，原人數為 40 人。 增加率＝5÷40×100%＝12.5%。 答案為 12.5%；分母用原人數，不是轉入後的 45 人。","[""增加量為 5 人，原人數為 40 人。"",""增加率＝5÷40×100%＝12.5%。"",""答案為 12.5%；分母用原人數，不是轉入後的 45 人。""]","變化率的基準通常是變化前的量。","[]","","","","","","","","","","","","","","",""
"MAT-0095","數學","原創會考程度練習","","","九年級","素養情境","工作效率與合併","中等","單題選擇","甲單獨完成一項工作需 6 小時，乙單獨需 3 小時。兩人效率固定且同時工作，需幾小時完成？","4.5 小時","2 小時","3 小時","9 小時","1","2 小時","","甲每小時完成 1/6，乙每小時完成 1/3。 合做效率＝1/6＋1/3＝1/2 項/小時。 完成 1 項需 1÷(1/2)＝2 小時。","[""甲每小時完成 1/6，乙每小時完成 1/3。"",""合做效率＝1/6＋1/3＝1/2 項/小時。"",""完成 1 項需 1÷(1/2)＝2 小時。""]","合做題先加工作率，不是直接平均所需時間。","[]","","","","","","","","","","","","","","",""
"MAT-0096","數學","原創會考程度練習","","","九年級","素養情境","分數比例","中等","單題選擇","一桶油用掉 2/5 後還剩 18 公升。原來有多少公升？","25 公升","45 公升","30 公升","12 公升","2","30 公升","","用掉 2/5，剩下 3/5。 原量×3/5＝18，所以原量＝18×5/3＝30 公升。 答案為 30；18 公升代表剩餘的 3/5，不是 2/5。","[""用掉 2/5，剩下 3/5。"",""原量×3/5＝18，所以原量＝18×5/3＝30 公升。"",""答案為 30；18 公升代表剩餘的 3/5，不是 2/5。""]","讀清楚剩餘比例與用掉比例，兩者互補為 1。","[]","","","","","","","","","","","","","","",""
"MAT-0097","數學","原創會考程度練習","","","九年級","素養情境","分段行程平均速率","中等","單題選擇","小華先步行 3 公里，花 40 分鐘；接著騎車 2 公里，花 20 分鐘。小華全程平均速率為多少公尺/分鐘？","50 公尺/分鐘","60 公尺/分鐘","75 公尺/分鐘","83⅓ 公尺/分鐘","3","83⅓ 公尺/分鐘","","先分別算兩段行程：步行 3 公里、騎車 2 公里，總路程為 5 公里＝5000 公尺；總時間為 40＋20＝60 分鐘。平均速率＝總路程÷總時間＝5000÷60＝250/3＝83⅓ 公尺/分鐘。選「83⅓ 公尺/分鐘」；只用步行 3000 公尺除以全程 60 分鐘會漏算騎車路程。","[""步行和騎車兩段的總路程＝3＋2＝5 公里＝5000 公尺；總時間＝40＋20＝60 分鐘。"",""平均速率＝總路程÷總時間＝5000÷60＝250/3＝83⅓ 公尺/分鐘。"",""選「83⅓ 公尺/分鐘」。50 公尺/分鐘只用步行的 3000 公尺除以全程 60 分鐘，漏算騎車路程。""]","本題故意檢查總量與單位：合併兩人的路程和時間後，平均不是兩個速率的平均。","[]","","","","","","","","","","","","","","",""
"MAT-0098","數學","原創會考程度練習","","","九年級","素養情境","簡單機率與決策","基礎","單題選擇","抽獎箱有 3 張中獎券與 9 張未中獎券，隨機抽 1 張。中獎機率為何？","1/4","3/4","1/3","1/12","0","1/4","","總券數＝3＋9＝12 張。 中獎機率＝3/12＝1/4。 答案為 1/4；3/9 是中獎與未中獎的比，不是占全部的機率。","[""總券數＝3＋9＝12 張。"",""中獎機率＝3/12＝1/4。"",""答案為 1/4；3/9 是中獎與未中獎的比，不是占全部的機率。""]","機率分母是所有可能結果總數。","[]","","","","","","","","","","","","","","",""
"MAT-0099","數學","原創會考程度練習","","","九年級","素養情境","比例圖形與周長","中等","單題選擇","正方形邊長由 4 公分增加到 6 公分，周長增加幾公分？","2 公分","8 公分","20 公分","4 公分","1","8 公分","","原周長＝4×4＝16 公分。 新周長＝4×6＝24 公分，增加 24－16＝8 公分。 答案為 8 公分；邊長增加 2，周長增加四倍的 2。","[""原周長＝4×4＝16 公分。"",""新周長＝4×6＝24 公分，增加 24－16＝8 公分。"",""答案為 8 公分；邊長增加 2，周長增加四倍的 2。""]","正方形周長是邊長的 4 倍，變化量也乘 4。","[]","","","","","","","","","","","","","","",""
"MAT-0100","數學","原創會考程度練習","","","九年級","素養情境","方案與方程","中等","單題選擇","手機月租有甲方案 300 元加每 GB 20 元，乙方案固定 500 元。使用幾 GB 時兩方案費用相同？","5 GB","20 GB","10 GB","40 GB","2","10 GB","","甲方案費用為 300＋20x，乙方案為 500。 令 300＋20x＝500，得 20x＝200、x＝10。 使用 10 GB 時兩方案同為 500 元。","[""甲方案費用為 300＋20x，乙方案為 500。"",""令 300＋20x＝500，得 20x＝200、x＝10。"",""使用 10 GB 時兩方案同為 500 元。""]","比較方案可令兩費用相等，解出臨界用量。","[]","","","","","","","","","","","","","","",""
"MAT-0101","數學","原創會考程度練習","","","九年級上","代數應用","一元一次方程式建模","基礎","情境單題選擇","校刊印製 3 本相同的小冊，每本印製費 x 元，另收排版費 18 元，總費用為 78 元。每本印製費是多少？","24 元","18 元","22 元","20 元","3","20 元","","設每本印製費為 x 元，依題意列式：3x＋18＝78。 先扣除排版費：3x＝78－18＝60，所以 x＝60÷3＝20。 檢查：3×20＋18＝78，符合總費用；答案是 20 元。","[""設每本印製費為 x 元，依題意列式：3x＋18＝78。"",""先扣除排版費：3x＝78－18＝60，所以 x＝60÷3＝20。"",""檢查：3×20＋18＝78，符合總費用；答案是 20 元。""]","固定費用要先從總價扣除，再除以相同商品的數量。","[]","","","","","","","","","","","","","","",""
"MAT-0102","數學","原創會考程度練習","","","九年級上","聯立方程式應用","以消去法解二元一次方程式情境題","中等","情境單題選擇","文具店販售筆與筆記本。買 3 枝筆和 2 本筆記本共 56 元；買 1 枝筆和 2 本筆記本共 32 元。每枝筆多少元？","12 元","10 元","14 元","16 元","0","12 元","","設筆每枝 p 元、筆記本每本 n 元，可列 3p＋2n＝56 與 p＋2n＝32。兩式相減得 2p＝24，所以 p＝12。代回第二式得 n＝10；每枝筆是 12 元，選 A。","[""設筆每枝 p 元、筆記本每本 n 元，列出 3p＋2n＝56、p＋2n＝32。"",""兩筆訂單都含 2 本筆記本，相減消去 n：2p＝56－32＝24。"",""p＝12；代回可得筆記本每本 10 元，兩筆價格均吻合，因此選 A。""]","兩個方程含有相同的筆記本費用時，可相減消去該未知數；最後代回檢查另一項價格是否合理。","[]","","","","","","","","","","","","","","",""
"MAT-0103","數學","原創會考程度練習","","","九年級上","代數應用","一元一次方程式建模","基礎","情境單題選擇","一座正方形花圃的周長是 52 公尺，若邊長為 x 公尺，則 x 為多少？","11 公尺","13 公尺","14 公尺","12 公尺","1","13 公尺","","正方形四邊等長，周長可列為 4x＝52。 等式兩邊同除以 4，得 x＝13。 檢查：4×13＝52，因此花圃邊長是 13 公尺。","[""正方形四邊等長，周長可列為 4x＝52。"",""等式兩邊同除以 4，得 x＝13。"",""檢查：4×13＝52，因此花圃邊長是 13 公尺。""]","周長是四邊總長，不要把周長直接當作邊長。","[]","","","","","","","","","","","","","","",""
"MAT-0104","數學","原創會考程度練習","","","九年級上","代數應用","一元一次方程式建模","中等","情境單題選擇","長方形的長比寬多 4 公分，周長為 40 公分。若寬為 x 公分，則長為多少公分？","16 公分","14 公分","12 公分","18 公分","2","12 公分","","設寬為 x 公分，長就是 x＋4 公分。 依周長列式：2x＋2(x＋4)＝40，化簡得 4x＋8＝40，所以 x＝8。 長為 x＋4＝12 公分，因此選 C。","[""設寬為 x 公分，長就是 x＋4 公分。"",""依周長列式：2x＋2(x＋4)＝40，化簡得 4x＋8＝40，所以 x＝8。"",""長為 x＋4＝12 公分，因此選 C。""]","設未知量後，先用題目關係表示另一個量，再代入周長公式。","[]","","","","","","","","","","","","","","",""
"MAT-0105","數學","原創會考程度練習","","","九年級上","代數應用","一元一次方程式建模","中等","情境單題選擇","一件外套先按原價打八折，再折價 50 元，最後售價為 350 元。這件外套的原價是多少？","450 元","550 元","400 元","500 元","3","500 元","","設原價為 x 元。先打八折後為 0.8x，再折 50 元，所以 0.8x－50＝350。解得 0.8x＝400、x＝500；驗算 500×0.8－50＝350，故原價是 500 元，選 D。","[""設原價為 x 元；先打八折、再折 50 元，列式 0.8x－50＝350。"",""兩邊加 50 得 0.8x＝400，再除以 0.8 得 x＝500。"",""驗算：500×0.8－50＝350，因此原價是 500 元，選 D。""]","依優惠發生順序列式；先乘 0.8，再扣固定折價，不能把兩種優惠混成同一百分率。","[]","","","","","","","","","","","","","","",""
"MAT-0106","數學","原創會考程度練習","","","九年級上","代數應用","一元一次方程式建模","中等","情境單題選擇","今年父親的年齡是孩子的 3 倍。6 年後，父親年齡將是孩子的 2 倍。孩子今年幾歲？","6 歲","7 歲","5 歲","8 歲","0","6 歲","","設孩子今年 x 歲，父親今年為 3x 歲。 6 年後兩人的年齡分別為 x＋6 與 3x＋6，依題意 3x＋6＝2(x＋6)。 解得 3x＋6＝2x＋12，所以 x＝6；驗算父親 18 歲、孩子 6 歲，6 年後為 24 歲、12 歲，正好是 2 倍。","[""設孩子今年 x 歲，父親今年為 3x 歲。"",""6 年後兩人的年齡分別為 x＋6 與 3x＋6，依題意 3x＋6＝2(x＋6)。"",""解得 3x＋6＝2x＋12，所以 x＝6；驗算父親 18 歲、孩子 6 歲，6 年後為 24 歲、12 歲，正好是 2 倍。""]","年齡題中的每個人都要加上相同年數；可把解代回未來的年齡關係檢查。","[]","","","","","","","","","","","","","","",""
"MAT-0107","數學","原創會考程度練習","","","九年級上","代數應用","一元一次方程式建模","中等","情境單題選擇","三個連續奇數的和是 87，這三個數中最大的是多少？","29","31","33","35","1","31","","設最小的奇數為 x，另外兩數為 x＋2、x＋4。列式 3x＋6＝87，得 x＝27，因此三數是 27、29、31，最大為 31，選 B。","[""連續奇數每相鄰兩數相差 2；設最小數為 x，三數為 x、x＋2、x＋4。"",""依總和列式 3x＋6＝87，解得 x＝27。"",""三數是 27、29、31，題目問最大數，因此答案為 31，選 B。""]","奇數與偶數的連續數相差 2；先確認未知數代表最小數，再讀清楚題目問哪一個數。","[]","","","","","","","","","","","","","","",""
"MAT-0108","數學","原創會考程度練習","","","九年級上","代數應用","一元一次方程式建模","中等","情境單題選擇","健身房甲方案收 80 元入會費，每次入場 15 元；乙方案收 200 元入會費，每次入場 10 元。入場幾次時兩方案總費用相同？","20 次","30 次","24 次","32 次","2","24 次","","設入場 x 次。甲方案費用為 80＋15x，乙方案為 200＋10x。令兩者相等：80＋15x＝200＋10x，得 5x＝120、x＝24。驗算兩者皆為 440 元，答案是 24 次，選 C。","[""設入場 x 次，甲、乙總費用分別為 80＋15x 與 200＋10x。"",""令兩方案相同：80＋15x＝200＋10x，整理得 5x＝120。"",""解得 x＝24；代入後兩方案各 440 元，故答案為 24 次，選 C。""]","比較方案時，把固定費和每次費率分開建模，再令兩個總費用相等；用代回確認交點。","[]","","","","","","","","","","","","","","",""
"MAT-0109","數學","原創會考程度練習","","","九年級上","幾何與比例","三角形外角定理與內角比","中等","情境單題選擇","一個三角形的外角為 120 度，兩個不相鄰的內角比為 2：3。較大的不相鄰內角是多少度？","48 度","60 度","84 度","72 度","3","72 度","","三角形外角等於兩個不相鄰內角和，因此兩角和為 120 度。比為 2：3，共 5 份，每份 24 度；較大的角是 3×24＝72 度，選 D。","[""三角形外角等於兩個不相鄰內角的和，所以兩角和是 120 度。"",""2：3 共 5 份，每份 120÷5＝24 度。"",""較大角占 3 份：3×24＝72 度，選 D。""]","外角定理只連結兩個不相鄰內角；再用比的總份數分配其和，勿拿外角當第三個內角。","[]","","","","","","","","","","","","","","",""
"MAT-0110","數學","原創會考程度練習","","","九年級上","代數應用","一元一次方程式建模","基礎","情境單題選擇","某數的 4 倍減去 12 等於 36，這個數是多少？","12","10","11","13","0","12","","設這個數為 x，依敘述列式 4x－12＝36。 兩邊加 12 得 4x＝48，再除以 4 得 x＝12。 檢查：4×12－12＝36，符合題意。","[""設這個數為 x，依敘述列式 4x－12＝36。"",""兩邊加 12 得 4x＝48，再除以 4 得 x＝12。"",""檢查：4×12－12＝36，符合題意。""]","將「減去 12」保留在等式左側，解方程時再以等式兩邊同加 12。","[]","","","","","","","","","","","","","","",""
"MAT-0111","數學","原創會考程度練習","","","九年級上","代數應用","一元一次方程式建模","基礎","情境單題選擇","購買 3 個相同的收納盒後使用 20 元折價券，實付 160 元。每個收納盒原價是多少？","50 元","60 元","55 元","65 元","1","60 元","","設每個收納盒原價 x 元，折價後總額為 3x－20。 列式 3x－20＝160，兩邊加 20 得 3x＝180，所以 x＝60。 檢查：3×60－20＝160，因此每個原價 60 元。","[""設每個收納盒原價 x 元，折價後總額為 3x－20。"",""列式 3x－20＝160，兩邊加 20 得 3x＝180，所以 x＝60。"",""檢查：3×60－20＝160，因此每個原價 60 元。""]","折價券是從全部商品總額扣除，不能把折價金額也乘以商品數量。","[]","","","","","","","","","","","","","","",""
"MAT-0112","數學","原創會考程度練習","","","九年級上","幾何與角度","補角關係與角度差","中等","情境單題選擇","兩個互為補角的角中，較大角比小角多 30 度。較大的角是多少度？","75 度","90 度","105 度","120 度","2","105 度","","設小角為 x 度，較大角為 x＋30 度。補角和為 180 度，因此 x＋(x＋30)＝180，解得 x＝75。較大角是 75＋30＝105 度，選 C。","[""設小角為 x 度，較大角比它多 30 度，寫成 x＋30。"",""互為補角表示兩角和為 180 度：x＋(x＋30)＝180，得 x＝75。"",""較大角為 75＋30＝105 度，兩角和為 180 度，選 C。""]","補角總和固定為 180 度；設小角後，記得題目問的是較大角。","[]","","","","","","","","","","","","","","",""
"MAT-0113","數學","原創會考程度練習","","","九年級上","代數應用","一元一次方程式建模","基礎","情境單題選擇","一壺 400 毫升的飲料中，果汁原液占總量的 25%。若原液量為 x 毫升，x 是多少？","80 毫升","90 毫升","120 毫升","100 毫升","3","100 毫升","","25% 可寫成 0.25，原液量為總量的 0.25 倍。 列式 x＝0.25×400，計算得 x＝100。 檢查：100÷400＝0.25＝25%，所以原液為 100 毫升。","[""25% 可寫成 0.25，原液量為總量的 0.25 倍。"",""列式 x＝0.25×400，計算得 x＝100。"",""檢查：100÷400＝0.25＝25%，所以原液為 100 毫升。""]","百分率要乘上整體量；注意題目中的 25% 是比例，不是 25 毫升。","[]","","","","","","","","","","","","","","",""
"MAT-0114","數學","原創會考程度練習","","","九年級上","函數","一次函數的 x 截距","基礎","情境單題選擇","直線 y＝3x－5 與 x 軸交於何處？該交點的 x 座標是多少？","5/3","3/5","−5/3","5","0","5/3","","x 軸上所有點的 y 座標都是 0。令 y＝0，得 0＝3x－5，因此 3x＝5，x＝5/3；交點為 (5/3, 0)，答案 A。","[""求 x 軸交點時，先令 y＝0。"",""解方程式 0＝3x－5，得 3x＝5。"",""所以 x＝5/3，交點 x 座標為 5/3，選 A。""]","x 截距是交點的 x 座標；求值時令 y＝0，不要把 x、y 座標顛倒。","[]","","","","","","","","","","","","","","",""
"MAT-0115","數學","原創會考程度練習","","","九年級上","代數應用","一元一次方程式建模","中等","情境單題選擇","水箱原有 x 公升的水，使用掉三分之一後還剩 24 公升。水箱原有多少公升？","32 公升","36 公升","34 公升","40 公升","1","36 公升","","使用掉三分之一，剩下原量的三分之二，因此列式 (2/3)x＝24。 兩邊乘以 3/2，得 x＝24×3/2＝36。 檢查：36 公升用掉 12 公升後剩 24 公升，符合題意。","[""使用掉三分之一，剩下原量的三分之二，因此列式 (2/3)x＝24。"",""兩邊乘以 3/2，得 x＝24×3/2＝36。"",""檢查：36 公升用掉 12 公升後剩 24 公升，符合題意。""]","「用掉三分之一」和「剩下三分之一」不同，先判斷剩餘比例。","[]","","","","","","","","","","","","","","",""
"MAT-0116","數學","原創會考程度練習","","","九年級上","代數應用","一元一次方程式建模","基礎","情境單題選擇","某數的 5 倍比它的 3 倍多 18，這個數是多少？","8","10","9","11","2","9","","設該數為 x；「5 倍比 3 倍多 18」可列為 5x＝3x＋18。 兩邊減 3x，得 2x＝18，因此 x＝9。 檢查：5×9＝45，3×9＋18＝45，等式成立。","[""設該數為 x；「5 倍比 3 倍多 18」可列為 5x＝3x＋18。"",""兩邊減 3x，得 2x＝18，因此 x＝9。"",""檢查：5×9＝45，3×9＋18＝45，等式成立。""]","把「比……多」翻成兩個量的大小關係，避免把 18 放錯邊。","[]","","","","","","","","","","","","","","",""
"MAT-0117","數學","原創會考程度練習","","","九年級上","代數應用","一元一次方程式建模","中等","情境單題選擇","解方程式 4(x－3)＝2x＋10，x 等於多少？","9","10","12","11","3","11","","先分配括號：4x－12＝2x＋10。 兩邊減 2x 並加 12，得 2x＝22，所以 x＝11。 檢查：左側 4(11－3)＝32，右側 2×11＋10＝32。","[""先分配括號：4x－12＝2x＋10。"",""兩邊減 2x 並加 12，得 2x＝22，所以 x＝11。"",""檢查：左側 4(11－3)＝32，右側 2×11＋10＝32。""]","括號前的係數要乘到括號內每一項，再合併同類項。","[]","","","","","","","","","","","","","","",""
"MAT-0118","數學","原創會考程度練習","","","九年級上","代數應用","一元一次方程式建模","基礎","情境單題選擇","校外教學租車，每輛車可載 28 人，若學生共 140 人且每車坐滿，需租幾輛車？","5 輛","6 輛","4 輛","7 輛","0","5 輛","","設租車 x 輛，每輛可載 28 人，總座位數為 28x。 學生共 140 人且每車坐滿，列式 28x＝140，解得 x＝5。 檢查：5 輛各載 28 人，共 140 人，故需租 5 輛車。","[""設租車 x 輛，每輛可載 28 人，總座位數為 28x。"",""學生共 140 人且每車坐滿，列式 28x＝140，解得 x＝5。"",""檢查：5 輛各載 28 人，共 140 人，故需租 5 輛車。""]","先辨認總人數與每車容量，再檢查求出的車數是否為整數。","[]","","","","","","","","","","","","","","",""
"MAT-0119","數學","原創會考程度練習","","","九年級上","代數應用","一元一次方程式建模","中等","情境單題選擇","小晴連續 5 次小考的平均分數為 84 分，前 4 次分別為 70、80、85、95 分。第 5 次得幾分？","88 分","90 分","92 分","94 分","1","90 分","","平均 84 分代表 5 次總分為 84×5＝420 分。 前 4 次總分為 70＋80＋85＋95＝330 分。 第 5 次為 420－330＝90 分；驗算 330＋90＝420，平均為 84。","[""平均 84 分代表 5 次總分為 84×5＝420 分。"",""前 4 次總分為 70＋80＋85＋95＝330 分。"",""第 5 次為 420－330＝90 分；驗算 330＋90＝420，平均為 84。""]","平均數題先求總量，再扣除已知部分，勿直接對分數取平均。","[]","","","","","","","","","","","","","","",""
"MAT-0120","數學","原創會考程度練習","","","九年級上","代數應用","一元一次方程式建模","中等","情境單題選擇","袋中有紅球 x 顆、藍球是紅球的 2 倍、白球 4 顆，總共 22 顆。紅球有幾顆？","5 顆","7 顆","6 顆","8 顆","2","6 顆","","設紅球有 x 顆，藍球有 2x 顆，白球有 4 顆。總數列式 x＋2x＋4＝22，得 3x＝18，所以 x＝6。檢查紅、藍、白球為 6、12、4 顆，總數 22 顆；答案為選項「6 顆」。","[""設紅球有 x 顆，藍球有 2x 顆，白球有 4 顆。"",""總數列式 x＋2x＋4＝22，得 3x＝18。"",""所以 x＝6；檢查紅、藍、白球為 6、12、4 顆，總數 22 顆，選「6 顆」。""]","先把「是兩倍」寫成 2x，再將各類數量相加等於總數。","[]","","","","","","","","","","","","","","",""
"MAT-0121","數學","原創會考程度練習","","","九年級上","代數應用","一元一次方程式建模","基礎","情境單題選擇","小客車行駛 3 小時共走 180 公里，平均速度為每小時 (x＋15) 公里。x 是多少？","40","50","55","45","3","45","","距離＝速度×時間，列式 3(x＋15)＝180。 兩邊除以 3 得 x＋15＝60，再減 15 得 x＝45。 實際速度為 60 公里/小時，3 小時行駛 180 公里，符合題意。","[""距離＝速度×時間，列式 3(x＋15)＝180。"",""兩邊除以 3 得 x＋15＝60，再減 15 得 x＝45。"",""實際速度為 60 公里/小時，3 小時行駛 180 公里，符合題意。""]","速度題先辨認距離、速度、時間的關係；括號代表整段速度都乘時間。","[]","","","","","","","","","","","","","","",""
"MAT-0122","數學","原創會考程度練習","","","九年級上","幾何與角度","互餘角的倍數關係","基礎","情境單題選擇","兩個角的和為 90 度，且較大的角是較小角的 3 倍。較大的角是多少度？","67.5 度","60 度","70 度","75 度","0","67.5 度","","設較小角為 x 度，較大角為 3x 度；兩角和為 90 度。 列式 x＋3x＝90，得 x＝22.5。 較大角為 3×22.5＝67.5 度，兩角相加為 90 度。","[""設較小角為 x 度，較大角為 3x 度；兩角和為 90 度。"",""列式 x＋3x＝90，得 x＝22.5。"",""較大角為 3×22.5＝67.5 度，兩角相加為 90 度。""]","題目直接給角度和為 90 度；依和與倍數關係列式。","[]","","","","","","","","","","","","","","",""
"MAT-0123","數學","原創會考程度練習","","","九年級上","代數應用","一元一次方程式建模","中等","情境單題選擇","一件商品先打九折，再加 30 元運費，最後共付 210 元。商品原價是多少元？","180 元","200 元","210 元","190 元","1","200 元","","設原價為 x 元，九折後價格為 0.9x，含運費共 0.9x＋30。 列式 0.9x＋30＝210，得 0.9x＝180，因此 x＝200。 檢查：200×0.9＋30＝180＋30＝210，原價為 200 元。","[""設原價為 x 元，九折後價格為 0.9x，含運費共 0.9x＋30。"",""列式 0.9x＋30＝210，得 0.9x＝180，因此 x＝200。"",""檢查：200×0.9＋30＝180＋30＝210，原價為 200 元。""]","折扣只作用在商品原價，除非題目說明，運費不跟著打折。","[]","","","","","","","","","","","","","","",""
"MAT-0124","數學","原創會考程度練習","","","九年級上","代數應用","一元一次方程式建模","基礎","情境單題選擇","某班男生比女生多 6 人，全班有 32 人。若女生有 x 人，男生有多少人？","16 人","17 人","19 人","18 人","2","19 人","","設女生為 x 人，男生為 x＋6 人。 總人數列式 x＋(x＋6)＝32，解得 2x＝26、x＝13。 男生為 13＋6＝19 人；答案是 19 人。","[""設女生為 x 人，男生為 x＋6 人。"",""總人數列式 x＋(x＋6)＝32，解得 2x＝26、x＝13。"",""男生為 13＋6＝19 人；答案是 19 人。""]","先根據差量表示另一群人，再用總數建立等式。","[]","","","","","","","","","","","","","","",""
"MAT-0125","數學","原創會考程度練習","","","九年級上","代數應用","一元一次方程式建模","中等","情境單題選擇","一條緞帶剪去全長的 20% 後，剩下 48 公尺。原來緞帶長多少公尺？","56 公尺","64 公尺","72 公尺","60 公尺","3","60 公尺","","剪去 20% 後，剩下 80% 的全長。設原長 x 公尺，列式 0.8x＝48。 兩邊除以 0.8，得 x＝60。 檢查：60 公尺的 20% 是 12 公尺，剪後剩 48 公尺。","[""剪去 20% 後，剩下 80% 的全長。設原長 x 公尺，列式 0.8x＝48。"",""兩邊除以 0.8，得 x＝60。"",""檢查：60 公尺的 20% 是 12 公尺，剪後剩 48 公尺。""]","問原量時用剩餘百分率除回去；不能把 48 再加 20%。","[]","","","","","","","","","","","","","","",""
"MAT-0126","數學","原創會考程度練習","","","九年級上","統計與機率","等可能結果中的事件機率","基礎","情境單題選擇","袋中有 4 顆紅球、3 顆藍球和 5 顆黃球。隨機取出 1 顆，取到非藍球的機率是多少？","3/4","1/4","1/3","2/3","0","3/4","","球的總數是 4＋3＋5＝12 顆；非藍球包括紅球和黃球，共 4＋5＝9 顆。機率為 9/12＝3/4，答案是 A。","[""先算全部等可能結果：4＋3＋5＝12 顆。"",""符合「非藍球」的結果是紅球或黃球，共 4＋5＝9 顆。"",""所求機率是 9/12，約分為 3/4，選 A。""]","『非藍』包含紅與黃兩類；機率分母用全部球數，分子用符合條件的球數。","[]","","","","","","","","","","","","","","",""
"MAT-0127","數學","原創會考程度練習","","","九年級上","代數應用","一元一次方程式建模","基礎","情境單題選擇","水電師傅到府收基本費 25 元，另按每小時 18 元計費。一次服務共 223 元，工作幾小時？","9 小時","11 小時","12 小時","10 小時","1","11 小時","","設工作 x 小時，費用關係為 25＋18x＝223。 扣除基本費得 18x＝198，所以 x＝11。 驗算：25＋18×11＝223，工作 11 小時。","[""設工作 x 小時，費用關係為 25＋18x＝223。"",""扣除基本費得 18x＝198，所以 x＝11。"",""驗算：25＋18×11＝223，工作 11 小時。""]","基本費只收一次，按時數計費的部分才乘工作時間。","[]","","","","","","","","","","","","","","",""
"MAT-0128","數學","原創會考程度練習","","","九年級上","幾何與測量","正方形周長求邊長","基礎","情境單題選擇","正方形地磚的周長為 68 公分，每邊長多少公分？","16 公分","15 公分","17 公分","18 公分","2","17 公分","","設邊長為 x 公分，正方形周長列式 4x＝68。兩邊同除以 4，得 x＝17。4×17＝68，符合周長條件；答案為選項「17 公分」。","[""設邊長為 x 公分，正方形周長列式 4x＝68。"",""兩邊同除以 4，得 x＝17。"",""4×17＝68，符合周長條件，選「17 公分」。""]","周長是四條邊的總和；確認題目問的是單邊長。","[]","","","","","","","","","","","","","","",""
"MAT-0129","數學","原創會考程度練習","","","九年級上","幾何與測量","長方形周長與長寬差","中等","情境單題選擇","長方形的長比寬少 3 公分，周長是 34 公分。若寬為 x 公分，長是多少？","6 公分","9 公分","8 公分","7 公分","3","7 公分","","設寬為 x，長為 x－3。依周長列式 2x＋2(x－3)＝34。 化簡得 4x－6＝34，故 x＝10。 長為 10－3＝7 公分。","[""設寬為 x，長為 x－3。依周長列式 2x＋2(x－3)＝34。"",""化簡得 4x－6＝34，故 x＝10。"",""長為 10－3＝7 公分。""]","『長比寬少 3』要寫成 x－3，方向不能顛倒。","[]","","","","","","","","","","","","","","",""
"MAT-0130","數學","原創會考程度練習","","","九年級上","百分率應用","由原價與售價求折扣率","基礎","情境單題選擇","一雙鞋原價 500 元，特價售 350 元。折扣率是多少？","30%","25%","35%","40%","0","30%","","折價金額為 500－350＝150 元。折扣率以原價為基準：150÷500＝0.3＝30%，選 A。注意 350 元是實付金額，並非折價金額。","[""先求少付的金額：500－350＝150 元。"",""折扣率是折價金額除以原價：150÷500＝0.3。"",""0.3 換成百分率是 30%，答案為 A；原價是百分率的基準。""]","折扣率計算要以原價作分母；區分折價金額與折後實付金額。","[]","","","","","","","","","","","","","","",""
"MAT-0131","數學","原創會考程度練習","","","九年級上","代數應用","一元一次方程式建模","中等","情境單題選擇","今年父親年齡是孩子的 4 倍，5 年後父親年齡是孩子的 3 倍。孩子今年幾歲？","8 歲","10 歲","12 歲","15 歲","1","10 歲","","設孩子今年 x 歲，父親今年 4x 歲。 5 年後列式 4x＋5＝3(x＋5)，解得 x＝10。 驗算：父親 40 歲、孩子 10 歲；5 年後為 45 歲與 15 歲，正好 3 倍。","[""設孩子今年 x 歲，父親今年 4x 歲。"",""5 年後列式 4x＋5＝3(x＋5)，解得 x＝10。"",""驗算：父親 40 歲、孩子 10 歲；5 年後為 45 歲與 15 歲，正好 3 倍。""]","年齡增加相同年數，但倍數關係會改變；要寫出未來兩人的年齡。","[]","","","","","","","","","","","","","","",""
"MAT-0132","數學","原創會考程度練習","","","九年級上","代數應用","一元一次方程式建模","中等","情境單題選擇","三個連續奇數的和是 99，最小的奇數是多少？","29","33","31","35","2","31","","設最小奇數為 x，另外兩數為 x＋2、x＋4。 列式 x＋(x＋2)＋(x＋4)＝99，得 3x＋6＝99。 解得 x＝31；三數 31、33、35 的和為 99。","[""設最小奇數為 x，另外兩數為 x＋2、x＋4。"",""列式 x＋(x＋2)＋(x＋4)＝99，得 3x＋6＝99。"",""解得 x＝31；三數 31、33、35 的和為 99。""]","連續奇數相鄰差是 2，不是 1。","[]","","","","","","","","","","","","","","",""
"MAT-0133","數學","原創會考程度練習","","","九年級上","代數應用","一元一次方程式建模","基礎","情境單題選擇","游泳池收取 120 元入場費，之後每游一趟另收 20 元。小凱共付 260 元，游了幾趟？","5 趟","8 趟","6 趟","7 趟","3","7 趟","","設游泳 x 趟，總費用為 120＋20x＝260。 扣除入場費後 20x＝140，所以 x＝7。 120＋20×7＝260，故游了 7 趟。","[""設游泳 x 趟，總費用為 120＋20x＝260。"",""扣除入場費後 20x＝140，所以 x＝7。"",""120＋20×7＝260，故游了 7 趟。""]","固定入場費與按次收費要分開表示。","[]","","","","","","","","","","","","","","",""
"MAT-0134","數學","原創會考程度練習","","","九年級上","幾何與角度","三角形內角比與角度和","基礎","情境單題選擇","三角形內角依序為 2x、3x、4x 度，最大角是多少度？","80 度","60 度","70 度","90 度","0","80 度","","三角形內角和為 180 度，列式 2x＋3x＋4x＝180。 9x＝180，所以 x＝20。 最大角為 4x＝80 度。","[""三角形內角和為 180 度，列式 2x＋3x＋4x＝180。"",""9x＝180，所以 x＝20。"",""最大角為 4x＝80 度。""]","求出比例單位 x 後，還要乘最大角前的係數。","[]","","","","","","","","","","","","","","",""
"MAT-0135","數學","原創會考程度練習","","","九年級上","代數應用","一元一次方程式建模","基礎","情境單題選擇","一個數減去 9 後，再乘以 3 得 36。這個數是多少？","18","21","20","24","1","21","","設此數為 x，依先減後乘的順序列式 3(x－9)＝36。 兩邊除以 3 得 x－9＝12，再加 9 得 x＝21。 3×(21－9)＝36，符合題意。","[""設此數為 x，依先減後乘的順序列式 3(x－9)＝36。"",""兩邊除以 3 得 x－9＝12，再加 9 得 x＝21。"",""3×(21－9)＝36，符合題意。""]","依文字中的運算順序加括號，避免誤寫成 3x－9。","[]","","","","","","","","","","","","","","",""
"MAT-0136","數學","原創會考程度練習","","","九年級上","代數應用","一元一次方程式建模","基礎","情境單題選擇","買 4 個相同的收納箱和一個 15 元標籤，總價 215 元。每個收納箱多少元？","45 元","55 元","50 元","60 元","2","50 元","","設收納箱單價 x 元，列式 4x＋15＝215。 4x＝200，故 x＝50。 4×50＋15＝215，單價是 50 元。","[""設收納箱單價 x 元，列式 4x＋15＝215。"",""4x＝200，故 x＝50。"",""4×50＋15＝215，單價是 50 元。""]","單獨的標籤費只加一次。","[]","","","","","","","","","","","","","","",""
"MAT-0137","數學","原創會考程度練習","","","九年級上","二次方程式與幾何","由長寬關係與面積建立一元二次方程式","中等","情境單題選擇","長方形庭院的長比寬多 3 公尺，面積為 40 平方公尺。庭院的寬是多少公尺？","4 公尺","6 公尺","7 公尺","5 公尺","3","5 公尺","","設寬為 x 公尺，長為 x＋3 公尺。面積列式 x(x＋3)＝40，整理為 x²＋3x－40＝0＝(x＋8)(x－5)。解得 x＝－8 或 5；長寬不能為負，因此寬為 5 公尺，選 D。","[""設寬為 x 公尺，長為 x＋3 公尺；由面積得 x(x＋3)＝40。"",""移項因式分解：x²＋3x－40＝0＝(x＋8)(x－5)，所以 x＝－8 或 5。"",""長寬為正，排除 x＝－8，故寬為 5 公尺，選 D。""]","由面積建立二次式後，仍需回到情境排除負長度；幾何長度必須為正。","[]","","","","","","","","","","","","","","",""
"MAT-0138","數學","原創會考程度練習","","","九年級上","代數應用","一元一次方程式建模","基礎","情境單題選擇","500 公克食鹽水中，食鹽的質量百分濃度為 40%。食鹽的質量是多少公克？","200 公克","220 公克","250 公克","180 公克","0","200 公克","","質量百分濃度以溶液總質量為基準，食鹽質量 x＝0.4×500。 計算得 x＝200 公克。 200÷500＝0.4，即 40%，單位與題意一致。","[""質量百分濃度以溶液總質量為基準，食鹽質量 x＝0.4×500。"",""計算得 x＝200 公克。"",""200÷500＝0.4，即 40%，單位與題意一致。""]","質量百分濃度以溶液總質量計算；不可將溶液體積直接當作質量。","[]","","","","","","","","","","","","","","",""
"MAT-0139","數學","原創會考程度練習","","","九年級上","函數","一次函數代入求值","基礎","情境單題選擇","函數 y＝4x－7，當 x＝8 時，y 的值是多少？","23","25","24","26","1","25","","將 x＝8 代入 y＝4x－7。 先算 4×8＝32，再算 32－7＝25。 所以 y＝25。","[""將 x＝8 代入 y＝4x－7。"",""先算 4×8＝32，再算 32－7＝25。"",""所以 y＝25。""]","代入時保留整個右式，尤其不要漏掉常數項的負號。","[]","","","","","","","","","","","","","","",""
"MAT-0140","數學","原創會考程度練習","","","九年級上","百分率應用","由部分量與百分率反求整體量","中等","情境單題選擇","電池充滿時電量為 x 毫安培小時，目前剩下 90%，顯示 54 毫安培小時。充滿時容量為多少？","54 毫安培小時","64 毫安培小時","60 毫安培小時","72 毫安培小時","2","60 毫安培小時","","目前電量等於滿電容量的 90%，列式 0.9x＝54。 x＝54÷0.9＝60。 60×0.9＝54，故滿電容量為 60 毫安培小時。","[""目前電量等於滿電容量的 90%，列式 0.9x＝54。"",""x＝54÷0.9＝60。"",""60×0.9＝54，故滿電容量為 60 毫安培小時。""]","由部分量求整體量要除以比例，不是直接乘比例。","[]","","","","","","","","","","","","","","",""
"MAT-0141","數學","原創會考程度練習","","","九年級上","一元一次方程式","分數係數與括號的一元一次方程式","中等","情境單題選擇","解方程式 (3/4)(2x－8)＝x＋7。","22","24","28","26","3","26","","先將方程兩邊同乘 4，得 3(2x－8)＝4x＋28；使用分配律為 6x－24＝4x＋28。兩邊同減 4x、同加 24，得 2x＝52，因此 x＝26。代回原式，左側 (3/4)×44＝33，右側 26＋7＝33，等式成立。正確答案為「26」。","[""方程兩邊同乘 4 消去分母：3(2x－8)＝4x＋28。"",""用分配律得 6x－24＝4x＋28；移項整理為 2x＝52，所以 x＝26。"",""代回原式，左側 33、右側 33，驗算成立。""]","括號外有分數係數時，可先兩邊同乘分母，再對括號每一項使用分配律；移項後要代回原式檢查。","[]","","","","","","","","","","","","","","",""
"MAT-0142","數學","原創會考程度練習","","","九年級上","一元一次方程式","含括號的一元一次方程式","基礎","情境單題選擇","解方程式 3(2x－1)＝5x＋12。","15","12","18","21","0","15","","先展開左側：6x－3＝5x＋12。 兩邊減 5x、加 3，得 x＝15。 代回兩側皆為 87，因此 x＝15。","[""先展開左側：6x－3＝5x＋12。"",""兩邊減 5x、加 3，得 x＝15。"",""代回兩側皆為 87，因此 x＝15。""]","展開括號後逐步移項，最後務必代回等式驗算。","[]","","","","","","","","","","","","","","",""
"MAT-0143","數學","原創會考程度練習","","","九年級上","比與比例應用","平均分配與單位量","基礎","情境單題選擇","校外教學有 224 位學生，每輛遊覽車可坐 32 人且全車坐滿，需要幾輛車？","6 輛","7 輛","8 輛","9 輛","1","7 輛","","設車數為 x，總座位數為 32x。 列式 32x＝224，得 x＝224÷32＝7。 7 輛各載 32 人，合計 224 人。","[""設車數為 x，總座位數為 32x。"",""列式 32x＝224，得 x＝224÷32＝7。"",""7 輛各載 32 人，合計 224 人。""]","容量題以單車座位數乘車數，檢查是否剛好容納總人數。","[]","","","","","","","","","","","","","","",""
"MAT-0144","數學","原創會考程度練習","","","九年級上","統計與機率","由平均數反求缺少資料","中等","情境單題選擇","某生 6 次小考平均 80 分，前 5 次得分為 70、78、82、85、90 分。第 6 次考幾分？","70 分","80 分","75 分","85 分","2","75 分","","6 次總分為 6×80＝480 分。 前 5 次總分為 70＋78＋82＋85＋90＝405 分。 第 6 次為 480－405＝75 分。","[""6 次總分為 6×80＝480 分。"",""前 5 次總分為 70＋78＋82＋85＋90＝405 分。"",""第 6 次為 480－405＝75 分。""]","平均題先用平均乘次數求總分，再扣掉已知分數。","[]","","","","","","","","","","","","","","",""
"MAT-0145","數學","原創會考程度練習","","","九年級上","一元一次方程式","以總值建立一元一次方程式","中等","情境單題選擇","袋中有 10 元硬幣 x 枚、5 元硬幣比 10 元硬幣多 4 枚，總值 110 元。10 元硬幣有幾枚？","3 枚","4 枚","5 枚","6 枚","3","6 枚","","設 10 元硬幣有 x 枚，5 元硬幣有 x＋4 枚。總值列式 10x＋5(x＋4)＝110，化簡為 15x＋20＝110，解得 x＝6；5 元硬幣有 10 枚，總值 60＋50＝110 元。答案為選項「6 枚」。","[""設 10 元硬幣有 x 枚，5 元硬幣有 x＋4 枚。"",""總值列式 10x＋5(x＋4)＝110，化簡為 15x＋20＝110。"",""解得 15x＝90、x＝6；5 元硬幣有 10 枚，總值 60＋50＝110 元，選「6 枚」。""]","錢幣題要用面額乘枚數，不能只把硬幣枚數相加。","[]","","","","","","","","","","","","","","",""
"MAT-0146","數學","原創會考程度練習","","","九年級上","比與比例應用","路程、速度與時間","中等","情境單題選擇","火車第一段以每小時 80 公里行駛 120 公里，停靠 15 分鐘後，再以相同速度行駛 80 公里。從出發到抵達共經過多少小時？","2.75 小時","2.5 小時","3 小時","3.25 小時","0","2.75 小時","","第一段行車時間為 120÷80＝1.5 小時；第二段為 80÷80＝1 小時；停靠 15 分鐘＝0.25 小時。總時間為 1.5＋1＋0.25＝2.75 小時，答案 A。","[""分段用時間＝路程÷速度：第一段 120÷80＝1.5 小時。"",""第二段 80÷80＝1 小時，停靠時間 15 分鐘＝0.25 小時。"",""總經過時間＝1.5＋1＋0.25＝2.75 小時，選 A。""]","平均速度相同也要分開處理行車與停靠時間；分鐘換小時後再相加。","[]","","","","","","","","","","","","","","",""
"MAT-0147","數學","原創會考程度練習","","","九年級上","幾何與角度","由兩角和與差求角度","中等","情境單題選擇","兩個角的和為 180 度，較大的角比小角多 24 度。較大的角是多少度？","96 度","102 度","108 度","114 度","1","102 度","","設小角為 x 度，大角為 x＋24 度。 列式 x＋(x＋24)＝180，得 2x＝156，所以 x＝78。 大角為 78＋24＝102 度。","[""設小角為 x 度，大角為 x＋24 度。"",""列式 x＋(x＋24)＝180，得 2x＝156，所以 x＝78。"",""大角為 78＋24＝102 度。""]","角度和為 180 度時，兩角的差量加在較大角上。","[]","","","","","","","","","","","","","","",""
"MAT-0148","數學","原創會考程度練習","","","九年級上","百分率應用","折扣與額外費用反求原價","中等","情境單題選擇","商品打八五折後加上 25 元運費，結帳共 280 元。原價是多少元？","280 元","320 元","300 元","340 元","2","300 元","","八五折為原價的 0.85，設原價 x 元，列式 0.85x＋25＝280。 0.85x＝255，所以 x＝300。 300×0.85＋25＝280，答案為 300 元。","[""八五折為原價的 0.85，設原價 x 元，列式 0.85x＋25＝280。"",""0.85x＝255，所以 x＝300。"",""300×0.85＋25＝280，答案為 300 元。""]","先扣除運費再除以折扣比例，運費並未打折。","[]","","","","","","","","","","","","","","",""
"MAT-0149","數學","原創會考程度練習","","","九年級上","一元一次方程式","由總和與差求兩個數","中等","情境單題選擇","一班有 36 人，男生比女生多 8 人。女生有幾人？","18 人","12 人","16 人","14 人","3","14 人","","設女生 x 人，男生 x＋8 人。 列式 x＋(x＋8)＝36，得 2x＝28，所以 x＝14。 男生 22 人、女生 14 人，合計 36 人且相差 8 人。","[""設女生 x 人，男生 x＋8 人。"",""列式 x＋(x＋8)＝36，得 2x＝28，所以 x＝14。"",""男生 22 人、女生 14 人，合計 36 人且相差 8 人。""]","利用總和與差建立方程，最後可同時檢查總人數及差值。","[]","","","","","","","","","","","","","","",""
"MAT-0150","數學","原創會考程度練習","","","九年級上","百分率應用","由部分比例反求原量","中等","情境單題選擇","一條繩子剪去全長的四分之一後，剩下 45 公尺。原長是多少公尺？","60 公尺","55 公尺","65 公尺","70 公尺","0","60 公尺","","剪去四分之一後剩下四分之三。設原長 x 公尺，列式 (3/4)x＝45。 兩邊乘以 4/3，得 x＝45×4/3＝60。 60 公尺剪去 15 公尺後剩 45 公尺。","[""剪去四分之一後剩下四分之三。設原長 x 公尺，列式 (3/4)x＝45。"",""兩邊乘以 4/3，得 x＝45×4/3＝60。"",""60 公尺剪去 15 公尺後剩 45 公尺。""]","先找剩餘比例，再由剩餘量反推全長。","[]","","","","","","","","","","","","","","",""
"MAT-0151","數學","原創會考程度練習","","","九年級上","幾何與測量","比例尺與比值","中等","單題選擇","地圖上甲、乙兩地相距 4.5 公分，比例尺為 1：200,000。兩地實際距離是多少公里？","0.9 公里","9 公里","90 公里","900 公里","1","9 公里","","正解是「9 公里」。實際距離為 4.5×200,000＝900,000 公分＝9 公里。","[""比例尺表示圖上 1 公分代表實際 200,000 公分。"",""實際距離為 4.5×200,000＝900,000 公分。"",""900,000 公分換算為 9 公里，答案是 9 公里。""]","比例尺的兩端要使用相同長度單位；換算公里時，記得 100,000 公分才是 1 公里。","[]","","","","","","","","","","","","","","",""
"MAT-0152","數學","原創會考程度練習","","","九年級上","比與比例應用","速率與距離","基礎","單題選擇","甲車以每小時 60 公里的速度行駛 2 小時；乙車以每小時 80 公里的速度行駛 1.5 小時。兩車行駛距離相差多少公里？","10 公里","20 公里","0 公里","30 公里","2","0 公里","","正解是「0 公里」。甲車行駛 60×2＝120 公里；乙車行駛 80×1.5＝120 公里，兩車距離相同。","[""甲車距離＝60×2＝120 公里。"",""乙車距離＝80×1.5＝120 公里。"",""相差 120－120＝0 公里，答案是 0 公里。""]","比較兩車路程時，先各自用速度乘時間求距離，再相減；不要直接比較速度。","[]","","","","","","","","","","","","","","",""
"MAT-0153","數學","原創會考程度練習","","","九年級上","統計與機率","平均數","中等","單題選擇","某班 5 次小考的平均分數為 76 分，前 4 次分數為 68、72、80、85 分。第 5 次考幾分？","78 分","70 分","72 分","75 分","3","75 分","","正解是「75 分」。5 次總分為 5×76＝380 分；前 4 次總分為 305 分，因此第 5 次為 380－305＝75 分。","[""由平均求總分：5×76＝380 分。"",""前 4 次總分為 68＋72＋80＋85＝305 分。"",""第 5 次為 380－305＝75 分；75 分位於選項 D（索引 3）。""]","平均數乘資料筆數可還原總和；用總和扣除已知分數即可求未知分數。","[]","","","","","","","","","","","","","","",""
"MAT-0154","數學","原創會考程度練習","","","九年級上","統計與機率","平均數與眾數","中等","單題選擇","一組資料為 3、5、5、8、14。再加入一個數 5，平均數與眾數有何變化？","平均數減少，眾數仍為 5","平均數增加，眾數仍為 5","平均數不變，眾數改為 8","平均數減少，眾數改為 8","0","平均數減少，眾數仍為 5","","正解是「平均數減少，眾數仍為 5」。原平均數為 35÷5＝7；加入 5 後平均數為 40÷6＝6又2/3，因此平均數減少。加入後 5 出現三次，仍是眾數。","[""原資料總和為 35，平均數為 7。"",""加入 5 後總和為 40，平均數為 40÷6＝6又2/3。"",""5 仍出現最多次，所以平均數減少、眾數仍為 5，答案索引為 0。""]","加入的新數低於原平均數時，平均數會下降；眾數則要重新比較各數的出現次數。","[]","","","","","","","","","","","","","","",""
"MAT-0155","數學","原創會考程度練習","","","九年級上","統計與機率","簡單機率","基礎","單題選擇","袋中有 3 顆紅球、2 顆藍球和 5 顆白球，隨機取出 1 顆。取到非白球的機率是多少？","1/5","1/2","4/5","3/5","1","1/2","","正解是「1/2」。球總數為 10 顆，非白球有 3＋2＝5 顆，機率為 5/10＝1/2。","[""球的總數為 3＋2＋5＝10 顆。"",""非白球數為紅球和藍球共 5 顆。"",""機率為 5/10＝1/2，答案是 1/2。""]","非白球數量要把紅球與藍球相加，再除以全部球數；機率不可只除以兩種顏色。","[]","","","","","","","","","","","","","","",""
"MAT-0156","數學","原創會考程度練習","","","九年級上","幾何","固定周長的矩形面積比較","中等","單題選擇","一個正方形與一個長方形的周長都是 32 公分。正方形邊長為 8 公分，長方形長 10 公分、寬 6 公分。哪個圖形的面積較大，大多少平方公分？","長方形大 4 平方公分","兩者相同","正方形大 4 平方公分","正方形大 8 平方公分","2","正方形大 4 平方公分","","正方形面積為 8×8＝64 平方公分；長方形面積為 10×6＝60 平方公分。正方形大 64−60＝4 平方公分，答案 C。兩者周長相同，不代表面積相同。","[""先算正方形面積：8×8＝64 平方公分。"",""再算長方形面積：10×6＝60 平方公分。"",""64−60＝4，正方形面積較大 4 平方公分，選 C。""]","固定周長的不同矩形面積未必相同；比較時要分別求面積，不能只憑周長判斷。","[]","","","","","","","","","","","","","","",""
"MAT-0157","數學","原創會考程度練習","","","九年級上","幾何","三角形內角和","基礎","單題選擇","一個三角形的三內角為 x、2x、3x 度。最大角是多少度？","60 度","100 度","120 度","90 度","3","90 度","","正解是「90 度」。內角和為 180 度，x＋2x＋3x＝180，得 x＝30；最大角為 3x＝90 度。","[""列式 x＋2x＋3x＝180。"",""合併得 6x＝180，所以 x＝30。"",""最大角為 3×30＝90 度，答案是 90 度。""]","三角形內角總和為 180 度；最大角對應最大的係數 3，因此是 3x。","[]","","","","","","","","","","","","","","",""
"MAT-0158","數學","原創會考程度練習","","","九年級上","幾何","圓周長","基礎","單題選擇","半徑為 7 公分的圓，圓周長為多少公分？（取 π＝22/7）","44","22","49","154","0","44","","正解是「44」。圓周長＝2πr＝2×(22/7)×7＝44 公分。","[""半徑 r＝7 公分。"",""使用圓周長公式 2πr。"",""代入得 2×(22/7)×7＝44 公分，答案是 44。""]","圓周長用 2πr；題目給定 π＝22/7 時，可先約去半徑中的 7。","[]","","","","","","","","","","","","","","",""
"MAT-0159","數學","原創會考程度練習","","","九年級上","幾何","長方體體積","基礎","單題選擇","一個長方體長 5 公分、寬 4 公分、高 3 公分。它的體積是多少立方公分？","12","60","47","94","1","60","","正解是「60」。長方體體積＝長×寬×高＝5×4×3＝60 立方公分。","[""長、寬、高分別為 5、4、3 公分。"",""使用長方體體積公式：長×寬×高。"",""計算 5×4×3＝60 立方公分，答案是 60。""]","長方體體積是長、寬、高相乘，結果使用立方公分，不是平方公分。","[]","","","","","","","","","","","","","","",""
"MAT-0160","數學","原創會考程度練習","","","九年級上","代數","一元一次方程式","基礎","單題選擇","解方程式：3(x－2)＋4＝2x＋9。x 等於多少？","9","10","11","12","2","11","","正解是「11」。展開得 3x－2＝2x＋9，因此 x＝11。","[""展開並合併左側：3x－6＋4＝3x－2。"",""原式化為 3x－2＝2x＋9，兩邊同減 2x。"",""得 x－2＝9，所以 x＝11，答案索引為 2。""]","先正確展開括號並合併常數，再把未知數移到一側；代回原式可驗算。","[]","","","","","","","","","","","","","","",""
"MAT-0161","數學","原創會考程度練習","","","九年級上","函數","一次函數求值","基礎","單題選擇","函數 y＝－2x＋7。當 x＝－3 時，y 的值是多少？","1","7","－13","13","3","13","","正解是「13」。代入得 y＝－2×(－3)＋7＝6＋7＝13。","[""把 x＝－3 代入函數式。"",""計算－2×(－3)＝6。"",""再加 7 得 y＝13，答案是 13。""]","代入負數時要保留括號；負係數乘負數會得到正數。","[]","","","","","","","","","","","","","","",""
"MAT-0162","數學","原創會考程度練習","","","九年級上","函數","直線斜率","基礎","單題選擇","某直線通過點 (0, 2) 與 (3, 11)。此直線的斜率是多少？","2","13","9","3","3","3","","正解是「3」。斜率＝縱坐標變化量÷橫坐標變化量＝(11－2)÷(3－0)＝3。","[""確認兩點為 (0,2) 與 (3,11)。"",""縱坐標差為 11－2＝9，橫坐標差為 3－0＝3。"",""斜率為 9÷3＝3；正確選項 D 的索引為 3。""]","斜率是縱坐標差除以橫坐標差；兩個差的順序要一致。","[]","","","","","","","","","","","","","","",""
"MAT-0163","數學","原創會考程度練習","","","九年級上","百分率應用","折扣與分段計算","基礎","單題選擇","某商品原價 800 元，先打八折，再使用 50 元折價券。結帳金額是多少？","590 元","640 元","690 元","600 元","0","590 元","","正解是「590 元」。八折後為 800×0.8＝640 元，再扣 50 元，結帳金額為 590 元。","[""計算折扣後價格：800×0.8＝640 元。"",""折價券再從折扣後價格扣除 50 元。"",""結帳金額為 640－50＝590 元，答案索引為 0。""]","折價券是在打折後再折抵固定金額，不是再乘一次折數。","[]","","","","","","","","","","","","","","",""
"MAT-0164","數學","原創會考程度練習","","","九年級上","比與比例應用","比與比例","基礎","單題選擇","果汁與水按 2：3 混合。若果汁有 400 毫升，需要加水多少毫升？","200 毫升","600 毫升","400 毫升","800 毫升","1","600 毫升","","正解是「600 毫升」。果汁 2 份對應 400 毫升，每份 200 毫升；水為 3 份，即 600 毫升。","[""果汁 2 份共 400 毫升，所以每份為 200 毫升。"",""水占 3 份。"",""加水量為 3×200＝600 毫升，答案是 600 毫升。""]","先用已知果汁量除以果汁份數求每份量，再乘水的份數。","[]","","","","","","","","","","","","","","",""
"MAT-0165","數學","原創會考程度練習","","","九年級上","比與比例應用","工作效率","中等","單題選擇","一項工作由甲單獨完成需 6 小時，乙單獨完成需 3 小時。兩人合作完成同一項工作需幾小時？","1 小時","3 小時","2 小時","4.5 小時","2","2 小時","","正解是「2 小時」。甲每小時完成 1/6，乙每小時完成 1/3；合作效率為 1/2 項工作／小時，因此需 2 小時。","[""甲每小時完成工作的 1/6。"",""乙每小時完成工作的 1/3，合作效率為 1/6＋1/3＝1/2。"",""完成一項工作需 1÷(1/2)＝2 小時；正確選項 C 的索引為 2。""]","合作時相加的是每小時完成的工作量，不是把兩人的完成時間直接相加。","[]","","","","","","","","","","","","","","",""
"MAT-0166","數學","原創會考程度練習","","","九年級上","統計與機率","不放回抽取機率","中等","單題選擇","一個袋子有 4 顆紅球、3 顆藍球。連續抽出兩顆且不放回，兩顆都是紅球的機率是多少？","1/2","3/7","4/7","2/7","3","2/7","","正解是「2/7」。兩顆皆紅的機率為 (4/7)×(3/6)＝2/7。","[""第一顆紅球的機率為 4/7。"",""抽出紅球後剩 3 顆紅球、共 6 顆，第二顆紅球機率為 3/6。"",""相乘得 (4/7)×(3/6)＝2/7，答案是 2/7。""]","不放回表示第一次抽取後總數和紅球數都減少 1；第二次機率要更新。","[]","","","","","","","","","","","","","","",""
"MAT-0167","數學","原創會考程度練習","","","九年級上","幾何與測量","畢氏定理","基礎","單題選擇","一個直角三角形兩股長為 6 公分和 8 公分，斜邊長是多少公分？","10","14","12","16","0","10","","正解是「10」。依畢氏定理，斜邊平方為 6²＋8²＝100，因此斜邊長為 10 公分。","[""確認 6、8 公分是直角兩股。"",""由畢氏定理，斜邊²＝6²＋8²＝100。"",""斜邊長取正平方根為 10 公分，答案是 10。""]","先確認直角兩股，再用斜邊平方等於兩股平方和，最後取正平方根。","[]","","","","","","","","","","","","","","",""
"MAT-0168","數學","原創會考程度練習","","","九年級上","幾何與測量","三角形面積","基礎","單題選擇","三角形的底為 12 公分、高為 7 公分。其面積是多少平方公分？","19","42","84","168","1","42","","正解是「42」。三角形面積＝底×高÷2＝12×7÷2＝42 平方公分。","[""確認底為 12 公分、高為 7 公分。"",""套用三角形面積公式：底×高÷2。"",""計算 12×7÷2＝42 平方公分，答案是 42。""]","三角形面積要除以 2；題目給的高度必須對應所選的底。","[]","","","","","","","","","","","","","","",""
"MAT-0169","數學","原創會考程度練習","","","九年級上","幾何與測量","面積變化","基礎","單題選擇","長方形長 9 公分、寬 4 公分。若長和寬都增加 1 公分，面積增加多少平方公分？","13","9","14","45","2","14","","正解是「14」。原面積為 9×4＝36；新面積為 10×5＝50；增加 50－36＝14 平方公分。","[""原面積為 9×4＝36 平方公分。"",""長寬各增加 1 公分後，新面積為 10×5＝50 平方公分。"",""面積增加 50－36＝14 平方公分，答案索引為 2。""]","面積增加量要用新面積減原面積，不能只計算增加的兩個邊長。","[]","","","","","","","","","","","","","","",""
"MAT-0170","數學","原創會考程度練習","","","九年級上","一元一次方程式","文字情境列方程","基礎","單題選擇","一個數先乘以 4，再減去 7，結果為 29。這個數是多少？","10","7","8","9","3","9","","正解是「9」。設此數為 x，列式 4x－7＝29，得 4x＝36，所以 x＝9。","[""設未知數為 x，依序列式 4x－7＝29。"",""等式兩邊加 7，得 4x＝36。"",""兩邊除以 4，得 x＝9，答案是 9。""]","依敘述順序先乘 4 再減 7；反向解方程時先加 7，再除以 4。","[]","","","","","","","","","","","","","","",""
"MAT-0171","數學","原創會考程度練習","","","九年級上","數與量","分數與比例","基礎","單題選擇","某班 24 人中，甲組有 10 人、乙組有 8 人，其餘為丙組。丙組人數占全班的幾分之幾？","1/4","1/2","1/3","3/4","0","1/4","","正解是「1/4」。丙組有 24－10－8＝6 人，占全班 6/24＝1/4。","[""丙組人數為 24－10－8＝6 人。"",""丙組占全班的比例為 6/24。"",""約分得 1/4，答案索引為 0。""]","先用全班人數扣除甲、乙兩組，再將丙組人數除以全班人數並約分。","[]","","","","","","","","","","","","","","",""
"MAT-0172","數學","原創會考程度練習","","","九年級上","統計與機率","資料判讀與百分率","基礎","單題選擇","某商店週三銷售 9 件、週四銷售 18 件。週四銷售量比週三多百分之幾？","50%","100%","75%","200%","1","100%","","正解是「100%」。增加量為 18－9＝9 件，以週三的 9 件為基準，增加率為 9÷9×100%＝100%。","[""求增加量：18－9＝9 件。"",""增加率以原來的週三銷售量 9 件為基準。"",""計算 9÷9×100%＝100%，答案是 100%。""]","成長百分率以原本的週三銷量作分母，不是以週四銷量作分母。","[]","","","","","","","","","","","","","","",""
"MAT-0173","數學","原創會考程度練習","","","九年級上","代數","語意列式","基礎","單題選擇","某數 x 的兩倍比 17 少 5。x 是多少？","11","5","6","22","2","6","","正解是「6」。「兩倍比 17 少 5」表示 2x＝17－5＝12，因此 x＝6。","[""將「某數的兩倍」表示為 2x。"",""「比 17 少 5」列為 17－5，得 2x＝12。"",""兩邊除以 2，得 x＝6；正確選項 C 的索引為 2。""]","「比 17 少 5」先算 17－5，再依「兩倍」列式；別把少 5 寫成加 5。","[]","","","","","","","","","","","","","","",""
"MAT-0174","數學","原創會考程度練習","","","九年級上","數與量","往返速率情境","中等","單題選擇","小華去程速度每小時 4 公里，回程速度每小時 6 公里。來回共花 2.5 小時，家到車站單程距離是多少公里？","5 公里","8 公里","7 公里","6 公里","3","6 公里","","正解是「6 公里」。設單程距離為 d 公里，則 d/4＋d/6＝2.5。通分得 5d/12＝2.5，解得 d＝6 公里。","[""設單程距離為 d，去回時間分別為 d/4 與 d/6 小時。"",""列式 d/4＋d/6＝2.5，化為 5d/12＝2.5。"",""解得 d＝6 公里，答案是 6 公里。""]","往返路程相同，總時間要加上去程與回程各自的路程除以速度。","[]","","","","","","","","","","","","","","",""
"MAT-0175","數學","原創會考程度練習","","","九年級上","統計與機率","平均數與中位數","基礎","單題選擇","某次測驗分數為 60、70、70、80、90。下列何者正確？","平均數 74，中位數 70","平均數 74，中位數 80","平均數 70，中位數 70","平均數 75，中位數 70","0","平均數 74，中位數 70","","正解是「平均數 74，中位數 70」。總分為 370，平均數為 370÷5＝74。排序後中間值為 70，因此中位數是 70。","[""總分為 60＋70＋70＋80＋90＝370。"",""平均數為 370÷5＝74。"",""排序後第 3 個數是 70，所以答案是「平均數 74，中位數 70」，選項 A（索引 0）。""]","平均數要用總分除以人數；中位數則先排序再取中央值，兩者定義不同。","[]","","","","","","","","","","","","","","",""
"MAT-0176","數學","原創會考程度練習","","","九年級","折扣與百分率","百分率與一元一次方程式","基礎","素養題","一件外套打八折後售價為 1,440 元，原價是多少元？","1,720 元","1,800 元","1,840 元","1,920 元","1","1,800 元","","打八折表示售價是原價的 0.8 倍。原價為 1,440 ÷ 0.8 = 1,800 元。 正確答案：B「1,800 元」。","[""設原價為 x 元，依題意列式 0.8x = 1,440。"",""解方程得 x = 1,440 ÷ 0.8 = 1,800。"",""原價是 1,800 元。""]","八折代表原價的 80%；要由折後價格反推原價，應除以 0.8。","[]","","","","","","","","","","","","","","",""
"MAT-0177","數學","原創會考程度練習","","","九年級","比例","比例與一元一次方程式","中等","素養題","甲、乙兩數的比為 3：5，且甲數比乙數少 18，甲數是多少？","33","30","27","36","2","27","","兩數相差 5－3＝2 份，2 份是 18，因此 1 份是 9，甲數為 3×9＝27。 正確答案：C「27」。","[""設每份為 x，依題意列式 5x－3x = 18。"",""解得 x = 9。"",""甲數為 3×9 = 27。""]","先用兩數的差求出一份代表多少，再乘甲數所占的份數。","[]","","","","","","","","","","","","","","",""
"MAT-0178","數學","原創會考程度練習","","","九年級","速率與單位換算","速率、時間與距離","基礎","素養題","一輛汽車以每小時 72 公里的速率行駛，行駛 1.5 小時後，距離目的地還有 48 公里。出發地到目的地相距多少公里？","144 公里","162 公里","150 公里","156 公里","3","156 公里","","已行駛 72×1.5＝108 公里，加上剩下的 48 公里，總距離為 156 公里。 正確答案：D「156 公里」。","[""已行駛距離為 72×1.5 = 108 公里。"",""總距離 = 已行駛距離＋剩餘距離 = 108＋48。"",""出發地到目的地相距 156 公里。""]","先算已行駛的距離，再加上剩餘距離；速率乘時間的單位是公里。","[]","","","","","","","","","","","","","","",""
"MAT-0179","數學","原創會考程度練習","","","九年級","幾何","二元一次聯立方程式與情境應用","中等","素養題","校外教學共買成人票和學生票 15 張，成人票每張 120 元、學生票每張 80 元，總額 1,520 元。學生票買了幾張？","7 張","8 張","6 張","9 張","0","7 張","","設成人票 x 張、學生票 y 張，則 x＋y＝15，120x＋80y＝1,520。第一式乘 80 得 80x＋80y＝1,200；兩式相減得 40x＝320，所以 x＝8，y＝7。學生票 7 張，答案 A。","[""設成人票 x 張、學生票 y 張，依總張數得 x＋y＝15。"",""依總價得 120x＋80y＝1,520；用總票數式與總價式消去 y，得到 40x＝320。"",""解得成人票 x＝8 張，故學生票 y＝15－8＝7 張，選 A。""]","聯立情境題要把總量與總價各列一式；消去一個未知數後，記得回答題目指定的票種。","[]","","","","","","","","","","","","","","",""
"MAT-0180","數學","原創會考程度練習","","","九年級","平均數","平均數","中等","素養題","某班 5 位同學的數學測驗分數為 72、80、85、91、92 分。若再加入一位同學後，6 人平均為 84 分，加入的同學得幾分？","82 分","84 分","86 分","88 分","1","84 分","","原 5 人總分為 72＋80＋85＋91＋92＝420 分；6 人總分為 6×84＝504 分，因此加入同學得 504－420＝84 分。 正確答案：B「84 分」。","[""原 5 人總分為 72＋80＋85＋91＋92 = 420 分。"",""6 人總分為 6×84 = 504 分。"",""加入同學得分為 504－420 = 84 分。""]","先用目標平均乘總人數求六人總分，再扣掉原五人的總分。","[]","","","","","","","","","","","","","","",""
"MAT-0181","數學","原創會考程度練習","","","九年級","統計與機率","古典機率","基礎","素養題","袋中有 4 顆紅球、3 顆藍球及 5 顆白球，任取 1 顆球。取到藍球的機率是多少？","1/3","3/8","1/4","5/12","2","1/4","","球的總數為 4＋3＋5＝12 顆，取到藍球的機率為 3/12＝1/4。 正確答案：C「1/4」。","[""球的總數為 4＋3＋5 = 12 顆。"",""有利結果數為藍球 3 顆。"",""機率 = 3/12 = 1/4。""]","機率分母是所有球數，分子是符合條件的藍球數；兩者都要計數。","[]","","","","","","","","","","","","","","",""
"MAT-0182","數學","原創會考程度練習","","","九年級","函數","一次函數代入求值","基礎","素養題","函數 y＝－2x＋7 中，當 x＝－3 時，y 的值是多少？","11","14","12","13","3","13","","代入 x＝－3，得 y＝－2×(－3)＋7＝6＋7＝13。 正確答案：D「13」。","[""將 x = −3 代入 y = −2x＋7。"",""計算 y = −2×(−3)＋7 = 6＋7。"",""所以 y = 13。""]","代入負數時加括號計算；負數乘負數為正數，再加上常數項。","[]","","","","","","","","","","","","","","",""
"MAT-0183","數學","原創會考程度練習","","","九年級","一元一次方程式","二元數量關係化為一元一次方程式","中等","素養題","成人票每張 180 元，學生票每張 120 元。某團體購買 8 張票，共付 1,140 元。學生票買了幾張？","5 張","4 張","6 張","3 張","0","5 張","","設學生票 x 張，則成人票有 8－x 張。列式 120x＋180(8－x)＝1,140，解得 x＝5。 正確答案：A「5 張」。","[""設學生票買 x 張，成人票為 8－x 張。"",""依總票價列式 120x＋180(8－x) = 1,140，解得 x = 5。"",""學生票買了 5 張。""]","設一種票數為未知數，另一種票數用總張數減去；總價要乘各自票價。","[]","","","","","","","","","","","","","","",""
"MAT-0184","數學","原創會考程度練習","","","九年級","一元一次方程式","流量與一元一次方程式","中等","素養題","某水桶原有 12 公升的水，每分鐘流入 3 公升，同時每分鐘流出 1 公升。幾分鐘後桶中有 32 公升的水？","8 分鐘","10 分鐘","9 分鐘","11 分鐘","1","10 分鐘","","每分鐘淨增加 3－1＝2 公升。要從 12 公升增加到 32 公升需增加 20 公升，因此需 20÷2＝10 分鐘。 正確答案：B「10 分鐘」。","[""設經過 x 分鐘，水量為 12＋(3－1)x 公升。"",""依題意列式 12＋2x = 32，解得 x = 10。"",""經過 10 分鐘桶中有 32 公升的水。""]","水量每分鐘的淨增加是流入量減流出量，不能只用流入速度計算。","[]","","","","","","","","","","","","","","",""
"MAT-0185","數學","原創會考程度練習","","","九年級","三角形內角和","三角形內角和與比例","基礎","素養題","一個三角形的三內角度數比為 2：3：4。最大角是多少度？","70°","75°","80°","90°","2","80°","","三角形內角和為 180°，9 份代表 180°，每份為 20°，最大角為 4×20°＝80°。 正確答案：C「80°」。","[""設每份為 x 度，列式 2x＋3x＋4x = 180。"",""解得 x = 20。"",""最大角為 4×20° = 80°。""]","三角形內角共 180°，先把比例份數相加，再求最大角的 4 份。","[]","","","","","","","","","","","","","","",""
"MAT-0186","數學","原創會考程度練習","","","九年級","百分率","百分率與資料判讀","中等","素養題","某社團有 40 人，其中 30% 參加美術組。後來有若干人加入美術組，使美術組人數占全社團人數的 40%，而社團總人數不變。新增加入美術組的有幾人？","5 人","2 人","3 人","4 人","3","4 人","","原有美術組 40×30%＝12 人，目標人數為 40×40%＝16 人，新增 16－12＝4 人。 正確答案：D「4 人」。","[""原美術組人數為 40×0.30 = 12 人。"",""目標美術組人數為 40×0.40 = 16 人。"",""新增加入美術組的人數為 16－12 = 4 人。""]","社團總人數固定；先分別算出原本及後來的美術組人數，再求增加量。","[]","","","","","","","","","","","","","","",""
"MAT-0187","數學","原創會考程度練習","","","九年級","三角形內角和","等腰三角形性質與內角和","基礎","素養題","等腰三角形的頂角為 38°，每個底角是多少度？","71°","69°","61°","72°","0","71°","","兩個底角相等，且三角形內角和為 180°，所以每個底角為 (180°－38°)÷2＝71°。 正確答案：A「71°」。","[""兩個底角的和為 180°－38° = 142°。"",""等腰三角形的兩底角相等。"",""每個底角為 142°÷2 = 71°。""]","等腰三角形兩底角相等；用 180° 扣掉頂角後再平分。","[]","","","","","","","","","","","","","","",""
"MAT-0188","數學","原創會考程度練習","","","九年級","平均數","平均數與總和","基礎","素養題","某組 6 位同學的身高平均為 160 公分，其中 5 位同學身高總和為 795 公分。第 6 位同學身高是多少公分？","160 公分","165 公分","168 公分","162 公分","1","165 公分","","6 位同學的身高總和為 6×160＝960 公分，第 6 位身高為 960－795＝165 公分。 正確答案：B「165 公分」。","[""6 位同學的身高總和為 6×160 = 960 公分。"",""扣除其餘 5 位的總和：960－795 = 165 公分。"",""第 6 位同學身高是 165 公分。""]","平均身高乘人數得到全組身高總和，再扣除已知五人的總和。","[]","","","","","","","","","","","","","","",""
"MAT-0189","數學","原創會考程度練習","","","九年級","統計與機率","古典機率與補事件","基礎","素養題","一個盒子中有 2 顆紅球、3 顆藍球及 5 顆綠球。任取 1 顆球，取到「不是綠球」的機率是多少？","3/5","1/5","1/2","4/5","2","1/2","","不是綠球的有 2＋3＝5 顆，總數為 10 顆，因此機率為 5/10＝1/2。 正確答案：C「1/2」。","[""盒中球的總數為 2＋3＋5 = 10 顆。"",""不是綠球的球數為 2＋3 = 5 顆。"",""所求機率為 5/10 = 1/2。""]","不是綠球就是紅球或藍球；用紅、藍球數相加後除以全部球數。","[]","","","","","","","","","","","","","","",""
"MAT-0190","數學","原創會考程度練習","","","九年級","函數","一次函數代入求值","基礎","素養題","直線 y＝3x－4 上有一點，其 x 座標為 6。此點的 y 座標是多少？","12","13","15","14","3","14","","將 x＝6 代入 y＝3x－4，得 y＝18－4＝14。 正確答案：D「14」。","[""將 x = 6 代入 y = 3x－4。"",""計算 y = 3×6－4 = 18－4。"",""所以 y 座標為 14。""]","將已知 x 座標 6 代入直線方程式求 y；注意先乘再減 4。","[]","","","","","","","","","","","","","","",""
"MAT-0191","數學","原創會考程度練習","","","九年級","一元一次方程式","依情境列一元一次方程式","基礎","素養題","買 3 支相同的原子筆和一本 45 元的筆記本，共付 126 元。每支原子筆多少元？","27 元","26 元","25 元","28 元","0","27 元","","3 支原子筆共 126－45＝81 元，每支為 81÷3＝27 元。 正確答案：A「27 元」。","[""設每支原子筆 x 元，列式 3x＋45 = 126。"",""解得 3x = 81，因此 x = 27。"",""每支原子筆 27 元。""]","先從總價扣掉筆記本價格，再把剩下的原子筆總價平均分給 3 支。","[]","","","","","","","","","","","","","","",""
"MAT-0192","數學","原創會考程度練習","","","九年級","速率與單位換算","速率與時間差","中等","素養題","一輛腳踏車以每小時 15 公里的速率行駛，行駛相同距離時比每小時 12 公里的速率少花 30 分鐘。這段距離是多少公里？","24 公里","30 公里","27 公里","36 公里","1","30 公里","","設距離為 d 公里。依題意，d/12－d/15＝0.5，解得 d＝30 公里。 正確答案：B「30 公里」。","[""設路程為 d 公里，兩種所需時間分別為 d/12 與 d/15 小時。"",""依題意列式 d/12－d/15 = 0.5，整理得 d/60 = 0.5。"",""解得 d = 30 公里。""]","同距離的時間差要以慢速時間減快速時間；分鐘先換成小時再列式。","[]","","","","","","","","","","","","","","",""
"MAT-0193","數學","原創會考程度練習","","","九年級","幾何","長方形周長、倍數關係與面積","中等","素養題","一個長方形的長是寬的 1.5 倍，且周長為 50 公分。這個長方形的面積是多少平方公分？","140","144","150","156","2","150","","長寬和為 25 公分。設寬為 w，則 1.5w＋w＝25，得寬 10 公分、長 15 公分，面積為 150 平方公分。 正確答案：C「150」。","[""設寬為 w 公分，長為 1.5w 公分；由周長得 1.5w＋w = 25。"",""解得 w = 10，長為 15 公分。"",""面積 = 10×15 = 150 平方公分。""]","長寬和等於周長的一半；將長表示為寬的 1.5 倍後再求面積。","[]","","","","","","","","","","","","","","",""
"MAT-0194","數學","原創會考程度練習","","","九年級","平均數","平均數更正與資料判讀","中等","素養題","某次測驗 8 位同學的平均分數為 76 分。若其中一位同學的分數從 68 分更正為 84 分，更正後的平均分數是多少？","77 分","79 分","80 分","78 分","3","78 分","","更正使總分增加 84－68＝16 分，平均增加 16÷8＝2 分，因此新平均為 76＋2＝78 分。 正確答案：D「78 分」。","[""原總分為 8×76 = 608 分。"",""更正後總分為 608－68＋84 = 624 分。"",""新平均為 624÷8 = 78 分。""]","只更正一筆分數時，總分改變量是新分數減舊分數；平均改變量還要除以人數。","[]","","","","","","","","","","","","","","",""
"MAT-0195","數學","原創會考程度練習","","","九年級","統計與機率","古典機率","基礎","素養題","一個袋子裡有 6 張標示 1 至 6 的卡片，任取 1 張。抽到偶數的機率是多少？","1/2","2/3","1/3","5/6","0","1/2","","偶數卡有 2、4、6 共 3 張，總共有 6 張，機率為 3/6＝1/2。 正確答案：A「1/2」。","[""所有可能結果共有 6 個。"",""符合條件的偶數卡為 2、4、6，共 3 個。"",""機率為 3/6 = 1/2。""]","先列出 1 到 6 中符合條件的偶數，再除以全部 6 種等可能結果。","[]","","","","","","","","","","","","","","",""
"MAT-0196","數學","原創會考程度練習","","","九年級","函數","一次函數與座標軸交點","基礎","素養題","一次函數 y＝－3x＋12 與 x 軸的交點，其 x 座標是多少？","3","4","6","5","1","4","","與 x 軸交點的 y 座標為 0，令 0＝－3x＋12，解得 x＝4。 正確答案：B「4」。","[""在 x 軸上的點滿足 y = 0。"",""列式 0 = −3x＋12，得 3x = 12。"",""解得交點的 x 座標為 4。""]","x 軸上的點 y 座標為 0；令函數值等於 0 後解 x。","[]","","","","","","","","","","","","","","",""
"MAT-0197","數學","原創會考程度練習","","","九年級","一元一次方程式","文字敘述列一元一次方程式","基礎","素養題","一個數的 4 倍減去 7，等於該數的 2 倍加 9。這個數是多少？","6","7","8","9","2","8","","設這個數為 x，列式 4x－7＝2x＋9，得 2x＝16，因此 x＝8。 正確答案：C「8」。","[""設這個數為 x，依題意列式 4x－7 = 2x＋9。"",""移項得 2x = 16。"",""解得 x = 8。""]","把「4 倍減 7」和「2 倍加 9」分別寫成代數式，再令兩式相等。","[]","","","","","","","","","","","","","","",""
"MAT-0198","數學","原創會考程度練習","","","九年級","速率與單位換算","同方向追及與速率差","中等","素養題","小明每分鐘走 80 公尺，小華每分鐘走 65 公尺。兩人同時從同一地點朝同方向出發，幾分鐘後小明會領先小華 300 公尺？","15 分鐘","18 分鐘","24 分鐘","20 分鐘","3","20 分鐘","","兩人每分鐘相差 80－65＝15 公尺。要拉開 300 公尺需 300÷15＝20 分鐘。 正確答案：D「20 分鐘」。","[""兩人每分鐘的距離差為 80－65 = 15 公尺。"",""設經過 t 分鐘，領先距離為 15t 公尺。"",""列式 15t = 300，解得 t = 20 分鐘。""]","同時同地出發時，間距以兩人的速率差增加；用間距除以每分鐘差距求時間。","[]","","","","","","","","","","","","","","",""
"MAT-0199","數學","原創會考程度練習","","","九年級","統計與機率","統計資料判讀與機率","基礎","素養題","某班有 40 人，其中 18 人搭公車、14 人騎腳踏車，其餘步行。隨機選 1 人，選到步行同學的機率是多少？","1/5","3/10","2/5","1/4","0","1/5","","步行人數為 40－18－14＝8 人，總人數 40 人，機率為 8/40＝1/5。 正確答案：A「1/5」。","[""步行人數為 40－18－14 = 8 人。"",""全班共有 40 人。"",""選到步行同學的機率為 8/40 = 1/5。""]","先用總人數扣掉搭公車與騎車人數求步行人數，再除以 40。","[]","","","","","","","","","","","","","","",""
"MAT-0200","數學","原創會考程度練習","","","九年級","函數","一次函數係數與點的座標","基礎","素養題","直線 y＝2x＋b 通過點 (3, 11)，則 b 的值是多少？","3","5","6","4","1","5","","將點 (3,11) 代入 y＝2x＋b，得 11＝2×3＋b，因此 b＝5。 正確答案：B「5」。","[""將 x = 3、y = 11 代入 y = 2x＋b。"",""得到 11 = 6＋b。"",""解得 b = 5。""]","將已知點的 x、y 座標代入直線式，再移項求截距 b。","[]","","","","","","","","","","","","","","",""
"MAT-0201","數學","原創會考程度練習","","","七年級上","幾何與測量","比例尺","基礎","素養題","地圖比例尺為 1：50,000，地圖上兩地相距 3.6 公分，實際距離是多少公里？","18 公里","0.18 公里","1.8 公里","180 公里","2","1.8 公里","","比例尺表示圖上 1 公分代表實際 50,000 公分。3.6 公分代表 180,000 公分，換算為 1,800 公尺，也就是 1.8 公里。","[""先依比例尺求實際長度：3.6×50,000＝180,000 公分。"",""100,000 公分＝1 公里，因此 180,000 公分＝1.8 公里。"",""單位換算後答案是 1.8 公里；18 公里是少除了一位，0.18 公里則多除一位。""]","比例尺算出的實際長度仍是公分；用 100,000 公分換 1 公里，留意位數。","[]","","","","","","","","","","","","","","",""
"MAT-0202","數學","原創會考程度練習","","","七年級上","折扣與百分率","折扣與百分率","基礎","素養題","一件外套原價 1,200 元，打七五折後的售價是多少元？","300 元","925 元","900 元","1,125 元","2","900 元","","七五折表示售價是原價的 75%，所以 1,200×0.75＝900 元。300 元是折掉的金額，不是折後售價。","[""七五折等於原價的 75%，不是折掉 75%。"",""折後售價＝1,200×0.75＝900 元。"",""可驗算折扣金額為 1,200－900＝300 元；因此售價是 900 元。""]","七五折是付原價的 75%；300 元是折掉的金額，不是折後售價。","[]","","","","","","","","","","","","","","",""
"MAT-0203","數學","原創會考程度練習","","","七年級下","一元一次方程式","一元一次方程式","基礎","素養題","解方程式 3(x－2)＝18，x 的值為何？","4","6","10","8","3","8","","先將等式兩邊除以 3，得 x－2＝6，再兩邊加 2，得到 x＝8。代回原式：3(8－2)＝18。","[""等式兩邊同除以 3，得到 x－2＝6。"",""等式兩邊同加 2，解得 x＝8。"",""代回檢查：3×(8－2)＝18，符合原方程式。""]","方程式兩邊先除以括號外的係數 3，再加回括號內被減去的 2。","[]","","","","","","","","","","","","","","",""
"MAT-0204","數學","原創會考程度練習","","","七年級上","一元一次方程式","整數與一元一次方程式","基礎","素養題","兩個連續整數的和是 57，較小的整數是多少？","28","27","29","30","0","28","","設較小整數為 n，較大整數為 n＋1，則 2n＋1＝57，解得 n＝28；兩數為 28 和 29。","[""設較小整數為 n，則連續整數為 n 與 n＋1。"",""列式 n＋(n＋1)＝57，整理得 2n＋1＝57，所以 n＝28。"",""檢查 28＋29＝57，故較小整數為 28。""]","兩個連續整數可設為 n 與 n＋1；較小整數是 n，不是平均數本身。","[]","","","","","","","","","","","","","","",""
"MAT-0205","數學","原創會考程度練習","","","七年級上","平均數","平均數","中等","素養題","小華四次小考的分數是 62、74、69、75 分。若五次平均要達 72 分，第五次至少要得幾分？","72 分","80 分","76 分","84 分","1","80 分","","五次平均 72 分需要總分 5×72＝360 分。前四次總分為 280 分，因此第五次需 360－280＝80 分。","[""達到平均 72 分，五次總分必須是 5×72＝360 分。"",""前四次總分為 62＋74＋69＋75＝280 分。"",""第五次至少要 360－280＝80 分；代回平均為 360÷5＝72。""]","先以目標平均乘五次求總分，再扣去前四次分數；「至少」代表達到門檻即可。","[]","","","","","","","","","","","","","","",""
"MAT-0206","數學","原創會考程度練習","","","八年級上","函數","一次函數代入","基礎","素養題","一次函數 y＝－2x＋7 中，當 x＝－3 時，y 為多少？","1","－13","13","－1","2","13","","將 x＝－3 代入 y＝－2x＋7，得 y＝－2×(－3)＋7＝6＋7＝13。","[""將 x＝－3 代入函數，需把負數放在括號中。"",""計算 y＝－2×(－3)＋7＝6＋7＝13。"",""負數相乘為正；代回檢查 －2×(－3)＋7 確為 13。""]","將 x＝－3 放在括號內代入；負係數乘負數會變成正數。","[]","","","","","","","","","","","","","","",""
"MAT-0207","數學","原創會考程度練習","","","八年級上","畢氏定理","畢氏定理","基礎","素養題","直角三角形的兩股長分別為 6 公分和 8 公分，斜邊長為多少公分？","12 公分","14 公分","10 公分","7 公分","2","10 公分","","依畢氏定理，斜邊平方為 6²＋8²＝36＋64＝100，因此斜邊長為 10 公分。","[""直角三角形斜邊為最長邊，使用斜邊²＝兩股平方和。"",""計算 6²＋8²＝36＋64＝100。"",""斜邊長為 √100＝10 公分，符合斜邊大於兩股的檢查。""]","6 與 8 是直角兩股；計算平方和後要開平方根，不能把平方和當作邊長。","[]","","","","","","","","","","","","","","",""
"MAT-0208","數學","原創會考程度練習","","","八年級下","統計與機率","古典機率","基礎","素養題","袋中有 3 顆紅球、2 顆藍球和 5 顆綠球，任取一球。抽到非藍球的機率是多少？","1/5","1/2","3/10","4/5","3","4/5","","球共 3＋2＋5＝10 顆，非藍球有紅球和綠球共 8 顆，因此機率為 8/10＝4/5。","[""先算所有可能結果：3＋2＋5＝10 顆。"",""非藍球數為紅球與綠球：3＋5＝8 顆。"",""機率＝8/10＝4/5，分子是有利情形、分母是全部等可能情形。""]","非藍球包含紅球與綠球；分子計符合條件的 8 顆，分母計全部 10 顆。","[]","","","","","","","","","","","","","","",""
"MAT-0209","數學","原創會考程度練習","","","七年級上","速率與單位換算","速率與單位換算","基礎","素養題","小安以每分鐘 150 公尺的速度跑步 8 分鐘，平均速率是多少公里／小時？","1.2 公里／小時","12 公里／小時","18 公里／小時","9 公里／小時","3","9 公里／小時","","每分鐘 150 公尺等於每小時 150×60＝9,000 公尺，即每小時 9 公里，因此速率是 9 公里／小時；8 分鐘只影響總距離，不改變速率。","[""每分鐘 150 公尺，換成每小時乘以 60：150×60＝9,000 公尺。"",""9,000 公尺＝9 公里，因此速率是 9 公里／小時。"",""可先算 8 分鐘跑 1,200 公尺，再除以 8 分鐘並換算，結果相同。""]","每分鐘公尺換成每小時公里需乘 60 再除 1,000；題給 8 分鐘不改變平均速率。","[]","","","","","","","","","","","","","","",""
"MAT-0210","數學","原創會考程度練習","","","九年級上","等差數列","等差數列","基礎","素養題","等差數列 5、9、13、17、……的第 14 項是多少？","57","53","61","59","0","57","","首項為 5、公差為 4，第 14 項為 5＋(14－1)×4＝5＋52＝57。","[""相鄰兩項相差 4，所以公差 d＝4。"",""等差數列第 n 項為 aₙ＝a₁＋(n－1)d。"",""代入得 a₁₄＝5＋13×4＝57。""]","第 n 項使用 n－1 個公差；第 14 項因此加上 13 個 4。","[]","","","","","","","","","","","","","","",""
"MAT-0211","數學","原創會考程度練習","","","八年級上","幾何與測量","平行四邊形面積","基礎","素養題","平行四邊形的底為 14 公分、高為 8 公分，面積是多少平方公分？","44 平方公分","112 平方公分","56 平方公分","224 平方公分","1","112 平方公分","","平行四邊形面積＝底×高＝14×8＝112 平方公分。不可把斜邊長當作高。","[""辨認題目已給底 14 公分及對應高 8 公分。"",""套用面積公式：14×8＝112。"",""面積單位為平方公分，不是公分或周長；答案為 112 平方公分。""]","平行四邊形面積用底乘對應的垂直高；斜邊長不能當作高。","[]","","","","","","","","","","","","","","",""
"MAT-0212","數學","原創會考程度練習","","","七年級上","比與比例應用","比例尺與單位換算","基礎","素養題","某地圖比例尺為 1：25,000，地圖上兩地相距 8 公分，實際距離為多少公里？","20 公里","0.2 公里","2 公里","200 公里","2","2 公里","","實際距離為 8×25,000＝200,000 公分。100,000 公分為 1 公里，因此實際距離是 2 公里。","[""圖上 1 公分代表實際 25,000 公分。"",""圖上 8 公分代表 8×25,000＝200,000 公分。"",""200,000÷100,000＝2 公里，注意公分換公里需除以 100,000。""]","先以圖上距離乘比例尺求公分，再除以 100,000 換成公里。","[]","","","","","","","","","","","","","","",""
"MAT-0213","數學","原創會考程度練習","","","八年級上","函數","直線斜率","基礎","素養題","直線通過 (2, 5) 與 (6, 13) 兩點，其斜率是多少？","1/2","8","4","2","3","2","","斜率為 y 坐標變化量除以 x 坐標變化量：(13－5)÷(6－2)＝8÷4＝2。","[""取兩點 (2,5)、(6,13)，斜率公式為 (y₂－y₁)/(x₂－x₁)。"",""代入得 (13－5)/(6－2)＝8/4。"",""斜率為 2；x 每增加 1，y 增加 2，與兩點差量相符。""]","斜率＝縱坐標差除以橫坐標差；兩組座標相減的先後要一致。","[]","","","","","","","","","","","","","","",""
"MAT-0214","數學","原創會考程度練習","","","七年級上","幾何與角度","三角形內角和","基礎","素養題","三角形的兩個內角為 43° 和 68°，第三個內角是多少度？","69°","59°","79°","111°","0","69°","","三角形內角和為 180°，第三角為 180°－43°－68°＝69°。","[""三角形三內角和固定為 180°。"",""已知兩角和為 43°＋68°＝111°。"",""第三角為 180°－111°＝69°，且大於 0°，合理。""]","三角形內角總和為 180°；先把已知兩角相加，再從 180° 扣除。","[]","","","","","","","","","","","","","","",""
"MAT-0215","數學","原創會考程度練習","","","七年級上","百分率應用","折扣與百分率","中等","素養題","一件商品原價 3,200 元，先打八五折，再折價 400 元，最後售價是多少元？","2,320.5 元","2,320 元","2,720 元","2,800 元","1","2,320 元","","先算八五折售價：3,200×0.85＝2,720 元，再減 400 元，最後為 2,320 元。","[""八五折是原價的 0.85：3,200×0.85＝2,720 元。"",""依題意再減 400 元：2,720－400＝2,320 元。"",""注意先打折再折價；若順序顛倒會得到不同結果。""]","先用原價乘 0.85，再扣固定折價 400 元；折價券不再套用折扣。","[]","","","","","","","","","","","","","","",""
"MAT-0216","數學","原創會考程度練習","","","八年級上","聯立方程式","二元一次聯立方程式","中等","素養題","解聯立方程式 x＋y＝11、2x－y＝7，x 的值是多少？","4","5","6","7","2","6","","將兩式相加消去 y，得 3x＝18，因此 x＝6；代回 x＋y＝11 得 y＝5。","[""將 x＋y＝11 與 2x－y＝7 相加，y 和 −y 抵消。"",""得到 3x＝18，因此 x＝6。"",""代回第一式得 y＝5，且 2×6－5＝7，解符合兩式。""]","兩式相加可消去 y；求得 x 後代回任一原式檢查另一未知數。","[]","","","","","","","","","","","","","","",""
"MAT-0217","數學","原創會考程度練習","","","七年級上","幾何與測量","長方形周長與面積","中等","素養題","一個長方形周長為 50 公分，長比寬多 7 公分，面積是多少平方公分？","150","126","156","144","3","144","","設寬為 w，長為 w＋7。由 2(w＋w＋7)＝50 得 2w＋7＝25，w＝9、長＝16，面積為 16×9＝144 平方公分。","[""設寬 w 公分，長為 w＋7；周長式為 2(w＋w＋7)＝50。"",""化簡得 4w＋14＝50，所以 w＝9，長為 16。"",""面積＝長×寬＝16×9＝144 平方公分；檢查周長 2(16＋9)＝50。""]","周長的一半是長寬和；結合長寬差求兩邊後，再相乘求面積。","[]","","","","","","","","","","","","","","",""
"MAT-0218","數學","原創會考程度練習","","","八年級下","統計與機率","古典機率","中等","素養題","同時擲兩顆公平骰子，點數和為 7 的機率是多少？","1/6","7/36","1/7","1/3","0","1/6","","兩骰共有 6×6＝36 種等可能結果；和為 7 的有 (1,6)、(2,5)、(3,4)、(4,3)、(5,2)、(6,1) 共 6 種，機率為 6/36＝1/6。","[""兩顆骰子結果有序且各 6 種，共 36 種等可能結果。"",""點數和為 7 的組合有 6 組。"",""機率＝6/36＝1/6；不要把兩骰視為只有 11 種點數和而直接等可能。""]","兩顆骰子有 36 個等可能的有序結果；和為 7 有六種，不是 11 種等可能和。","[]","","","","","","","","","","","","","","",""
"MAT-0219","數學","原創會考程度練習","","","九年級上","一元二次方程式","一元二次方程式因式分解","中等","素養題","方程式 x²－7x＋12＝0 的兩根中，較小的根是多少？","4","－3","3","－4","2","3","","將 x²－7x＋12 因式分解為 (x－3)(x－4)＝0，故根為 3、4，較小者為 3。","[""尋找乘積為 12、和為 −7 的兩數 −3 與 −4。"",""因式分解得 (x－3)(x－4)＝0，因此 x＝3 或 x＝4。"",""比較兩根，較小的是 3；代回原式可得 0。""]","找兩數相乘為 12、相加為 7，因式分解後記得題目要較小的根。","[]","","","","","","","","","","","","","","",""
"MAT-0220","數學","原創會考程度練習","","","七年級上","幾何與測量","圓周長","基礎","素養題","一個圓的直徑是 10 公分，圓周長約為多少公分？（π 取 3.14）","15.7","62.8","78.5","31.4","3","31.4","","圓周長＝π×直徑＝3.14×10＝31.4 公分。15.7 是誤把直徑當半徑再乘 π 的結果。","[""題目給直徑 10 公分，不需要再乘 2。"",""圓周長公式 C＝πd，代入得 3.14×10＝31.4。"",""單位是公分；若用半徑公式 2πr，r＝5 也會得到 31.4。""]","題目給的是直徑，直接用圓周長 πd；若用 2πr，先將直徑除以 2。","[]","","","","","","","","","","","","","","",""
"MAT-0221","數學","原創會考程度練習","","","七年級上","統計與機率","平均數與未知數","基礎","素養題","四次測驗的平均分數為 78 分，前三次平均為 74 分，第四次得幾分？","82 分","90 分","86 分","94 分","1","90 分","","四次總分為 4×78＝312 分；前三次總分為 3×74＝222 分，因此第四次為 312－222＝90 分。","[""四次總分＝4×78＝312 分。"",""前三次總分＝3×74＝222 分。"",""第四次分數＝312－222＝90 分；驗算 (222＋90)÷4＝78。""]","平均數乘資料筆數可求總分；前三次總分用前三次平均乘 3 求得。","[]","","","","","","","","","","","","","","",""
"MAT-0222","數學","原創會考程度練習","","","七年級下","一元一次方程式","一元一次方程式","基礎","素養題","解方程式 2x＋5＝3x－4，x 的值為何？","－9","9","1","－1","1","9","","等式兩邊同減 2x，得 5＝x－4；再兩邊加 4，得到 x＝9。代回兩邊皆為 23。","[""等式兩邊同減 2x，得到 5＝x－4。"",""等式兩邊同加 4，解得 x＝9。"",""代回左側 2×9＋5＝23，右側 3×9－4＝23，方程成立。""]","含 x 的項移到等式同一側，常數移到另一側；最後將答案代回兩邊驗算。","[]","","","","","","","","","","","","","","",""
"MAT-0223","數學","原創會考程度練習","","","八年級上","幾何與坐標","坐標平面與中點","基礎","素養題","線段兩端點為 A(－2, 3) 與 B(6, －1)，其中點座標為何？","(4, 2)","(2, －1)","(2, 1)","(－4, 1)","2","(2, 1)","","中點座標為兩端點對應坐標的平均：((−2＋6)/2, (3＋(−1))/2)＝答案 (2, 1)。","[""中點的 x 坐標是 (−2＋6)÷2＝2。"",""中點的 y 坐標是 (3＋(−1))÷2＝1。"",""因此中點為 (2,1)；從中點到兩端點的水平、垂直位移相反且等長。""]","中點的 x、y 座標分別取兩端點座標的平均；負數相加時留意正負號。","[]","","","","","","","","","","","","","","",""
"MAT-0224","數學","原創會考程度練習","","","八年級下","幾何與測量","長方體體積","基礎","素養題","長 4 公分、寬 3 公分、高 5 公分的長方體，體積是多少立方公分？","12","47","60","120","2","60","","長方體體積＝長×寬×高＝4×3×5＝60 立方公分。","[""長方體體積公式為長×寬×高。"",""代入尺寸計算：4×3×5＝60。"",""體積使用立方公分，答案為 60 立方公分。""]","長方體體積是長×寬×高，三個邊長相乘後使用立方公分。","[]","","","","","","","","","","","","","","",""
"MAT-0225","數學","原創會考程度練習","","","九年級上","幾何與測量","圓柱體積","中等","素養題","圓柱底面半徑為 3 公分、高為 5 公分，體積是多少立方公分？","90π","30π","15π","45π","3","45π","","圓柱體積＝底面積×高＝π×3²×5＝45π 立方公分。","[""圓柱底面是半徑 3 公分的圓，面積為 π×3²＝9π。"",""以底面積乘高：9π×5＝45π。"",""體積單位為立方公分，答案為 45π 立方公分。""]","圓柱體積是底面積 πr² 乘高；半徑要平方，答案單位為立方公分。","[]","","","","","","","","","","","","","","",""
"MAT-0226","數學","原創會考程度練習","","","七年級上","百分率應用","折扣與百分率","中等","素養題","一件商品打六五折後售價為 780 元，原價是多少元？","1,200 元","1,300 元","507 元","1,100 元","0","1,200 元","","六五折是原價的 0.65，設原價為 p，則 0.65p＝780，解得 p＝780÷0.65＝1,200 元。","[""設原價為 p，六五折售價為 0.65p。"",""列式 0.65p＝780，得到 p＝780÷0.65＝1,200。"",""檢查 1,200×0.65＝780 元，因此原價是 1,200 元。""]","六五折表示售價是原價的 0.65；由售價反求原價要除以 0.65。","[]","","","","","","","","","","","","","","",""
"MAT-0227","數學","原創會考程度練習","","","七年級上","比與比例應用","比與比例","中等","素養題","甲、乙兩數的比為 4：7，且乙數比甲數多 18，乙數是多少？","24","42","30","54","1","42","","乙比甲多 7－4＝3 份，3 份等於 18，所以每份是 6；乙數為 7×6＝42。","[""乙、甲相差 7－4＝3 份，這 3 份對應 18。"",""每份為 18÷3＝6。"",""乙數是 7 份，故 7×6＝42。""]","乙比甲多 3 份；用 18 除以 3 求每份，再乘乙的 7 份。","[]","","","","","","","","","","","","","","",""
"MAT-0228","數學","原創會考程度練習","","","八年級上","數列","數列規律","中等","素養題","數列 2、5、10、17、26、……的第 10 項是多少？","100","82","101","91","2","101","","各項依序為 1²＋1、2²＋1、3²＋1……，所以第 10 項為 10²＋1＝101。","[""觀察各項減去 1，得到 1、4、9、16、25，即平方數。"",""第 n 項可表示為 n²＋1。"",""第 10 項為 10²＋1＝101。""]","觀察相鄰差為 3、5、7、9，辨認第 n 項為 n²＋1，再代入 n＝10。","[]","","","","","","","","","","","","","","",""
"MAT-0229","數學","原創會考程度練習","","","八年級上","聯立方程式","二元一次聯立方程式","中等","素養題","若 3x＋2y＝19 且 x＋y＝7，則 x 為何？","2","4","6","5","3","5","","將 x＋y＝7 乘以 2，得 2x＋2y＝14；用 3x＋2y＝19 減去此式，得 x＝5。","[""將 x＋y＝7 乘以 2，得到 2x＋2y＝14。"",""以 3x＋2y＝19 減去 2x＋2y＝14，得 x＝5。"",""代回 x＋y＝7 得 y＝2，且 3×5＋2×2＝19。""]","可用 x＋y＝7 表示 y＝7－x，再代入另一式消去 y。","[]","","","","","","","","","","","","","","",""
"MAT-0230","數學","原創會考程度練習","","","七年級上","幾何與測量","正立方體表面積","基礎","素養題","邊長 4 公分的正立方體，表面積是多少平方公分？","96","64","16","24","0","96","","正立方體有 6 個全等正方形面，每面面積為 4²＝16 平方公分，表面積為 6×16＝96 平方公分。","[""先求一個面的面積：4×4＝16 平方公分。"",""立方體有 6 個面，表面積為 6×16＝96。"",""表面積單位為平方公分，答案是 96 平方公分。""]","正立方體有 6 個相同正方形面；先求一面 4²，再乘以 6。","[]","","","","","","","","","","","","","","",""
"MAT-0231","數學","原創會考程度練習","","","七年級上","比與比例應用","速率、時間與距離","基礎","素養題","小芸以每小時 7.2 公里的速度騎車 20 分鐘，騎了幾公里？","1.44 公里","3.6 公里","24 公里","2.4 公里","3","2.4 公里","","20 分鐘＝1/3 小時，距離＝速率×時間＝7.2×1/3＝2.4 公里。","[""先把 20 分鐘換成小時：20÷60＝1/3 小時。"",""距離＝速率×時間＝7.2×1/3＝2.4 公里。"",""用 7.2 公里／小時乘 1/3 小時，時間單位相消，得到公里。""]","先把分鐘除以 60 換成小時，再用公里／小時乘小時，時間單位才會相消。","[]","","","","","","","","","","","","","","",""
"MAT-0232","數學","原創會考程度練習","","","八年級下","統計與機率","集合與機率","中等","素養題","全班 30 人中，12 人參加棋社、16 人參加球社，5 人兩社都參加。任抽一人，兩社都未參加的機率是多少？","12/30","7/30","3/10","5/30","1","7/30","","至少參加一社的人數為 12＋16－5＝23 人，未參加者為 30－23＝7 人，機率是 7/30。","[""兩社人數相加會把同時參加的 5 人重複計算一次。"",""至少參加一社為 12＋16－5＝23 人，所以兩社皆未參加有 30－23＝7 人。"",""隨機抽 1 人的機率為 7/30。""]","兩社總人數相加時要扣掉重複計入的交集，再用全班扣除至少參加一社的人數。","[]","","","","","","","","","","","","","","",""
"MAT-0233","數學","原創會考程度練習","","","八年級上","幾何與角度","平行四邊形角度","基礎","素養題","平行四邊形的一個內角為 73°，與它相鄰的內角是多少度？","68°","122°","112°","292°","2","112°","","平行四邊形相鄰內角互補，和為 180°，因此相鄰角為 180°－68°＝112°。","[""題目問相鄰角，不是對角；平行四邊形相鄰兩內角和為 180°。"",""計算 180°－68°＝112°。"",""兩角相加 68°＋112°＝180°，符合相鄰內角互補。""]","平行四邊形相鄰內角互補、對角相等；題目問相鄰角要用 180° 減已知角。","[]","","","","","","","","","","","","","","",""
"MAT-0234","數學","原創會考程度練習","","","八年級上","函數","一次函數與方程式","基礎","素養題","一次函數 y＝3x＋2 中，當 y＝20 時，x 為何？","4","18","8","6","3","6","","令 y＝20，得 20＝3x＋2，故 3x＝18、x＝6。","[""將 y＝20 代入 y＝3x＋2，得到 20＝3x＋2。"",""等式兩邊減 2，得 3x＝18。"",""兩邊除以 3，x＝6；代回得 3×6＋2＝20。""]","把給定的 y 值代入函數式後解一元一次方程式，最後代回確認函數值。","[]","","","","","","","","","","","","","","",""
"MAT-0235","數學","原創會考程度練習","","","七年級上","統計與機率","中位數","基礎","素養題","某資料依序為 3、5、7、9、12、14、16，其中位數是多少？","9","7","12","8","0","9","","共有 7 筆已排序資料，奇數筆的中位數是第 (7＋1)÷2＝4 筆，即 9。","[""資料已由小到大排列，共 7 筆。"",""奇數筆資料的中位數位置為 (7＋1)÷2＝4。"",""第 4 筆是 9，因此中位數為 9。""]","奇數筆已排序資料的中位數是正中央那一筆；不要把中間兩筆取平均。","[]","","","","","","","","","","","","","","",""
"MAT-0236","數學","原創會考程度練習","","","八年級上","幾何與角度","三角形外角定理","基礎","素養題","一個三角形的兩個不相鄰內角為 35° 和 68°，對應的外角是多少度？","77°","103°","113°","145°","1","103°","","三角形外角等於兩個不相鄰內角和，因此外角為 35°＋68°＝103°。","[""確認給的是外角的兩個不相鄰內角。"",""套用外角定理：外角＝35°＋68°。"",""計算得 103°；也可用第三內角 77°，再算其補角 180°－77°＝103°。""]","三角形外角等於兩個不相鄰內角的和，不是與其中一角相減。","[]","","","","","","","","","","","","","","",""
"MAT-0237","數學","原創會考程度練習","","","九年級上","統計與機率","古典機率","基礎","素養題","公平轉盤等分為標示 1 至 12 的 12 個區域，指針停在 3 的倍數上的機率是多少？","1/4","1/2","1/3","3/4","2","1/3","","1 至 12 中 3 的倍數為 3、6、9、12，共 4 個；機率為 4/12＝1/3。","[""等可能結果共 12 個。"",""符合條件的數是 3、6、9、12，共 4 個。"",""機率＝4/12＝1/3。""]","12 個區域等可能；數出 3 的倍數區域作分子，總區域數作分母。","[]","","","","","","","","","","","","","","",""
"MAT-0238","數學","原創會考程度練習","","","八年級上","函數","直線方程式","中等","素養題","直線斜率為 －3，且通過點 (2, －1)，其方程式為何？","y＝3x－7","y＝－3x－1","y＝－3x＋5","y＝3x＋5","2","y＝－3x＋5","","設直線為 y＝－3x＋b，代入點 (2,－1)：－1＝－6＋b，所以 b＝5，方程式為 y＝－3x＋5。","[""斜率為 −3，先寫成 y＝−3x＋b。"",""代入 (2,−1)：−1＝−3×2＋b，解得 b＝5。"",""因此直線為 y＝−3x＋5，代入點可得 −1，符合條件。""]","已知斜率先寫 y＝mx＋b，再代入通過的點求截距 b，最後核對斜率和點。","[]","","","","","","","","","","","","","","",""
"MAT-0239","數學","原創會考程度練習","","","七年級上","幾何與測量","梯形面積","基礎","素養題","梯形兩底長分別為 9 公分和 15 公分，高為 4 公分，面積是多少平方公分？","24","96","60","48","3","48","","梯形面積＝(上底＋下底)×高÷2＝(9＋15)×4÷2＝48 平方公分。","[""將兩底相加：9＋15＝24 公分。"",""套用梯形面積公式：24×4÷2＝48。"",""面積單位為平方公分，答案是 48 平方公分。""]","梯形面積先加兩底，再乘高除以 2；兩底與高的長度單位需一致。","[]","","","","","","","","","","","","","","",""
"MAT-0240","數學","原創會考程度練習","","","九年級上","平方根","平方根與一元一次方程式","中等","素養題","若 √(3x＋1)＝4，則 x 為何？","－5","3","－3","5","3","5","","兩邊平方得 3x＋1＝16，所以 3x＝15、x＝5；代回根號內為 16，平方根為 4。","[""兩邊平方，得到 3x＋1＝16。"",""移項並除以 3：3x＝15，因此 x＝5。"",""檢查 x＝5 時 √(3×5＋1)＝√16＝4，符合原式。""]","平方根等式兩邊平方後解方程，必須把解代回原根號式檢查。","[]","","","","","","","","","","","","","","",""
"MAT-0241","數學","原創會考程度練習","","","七年級上","比與比例應用","正比與比例","基礎","素養題","食譜做 4 人份需要麵粉 300 公克，照相同比例做 10 人份需要多少公克？","750 公克","600 公克","1,200 公克","450 公克","0","750 公克","","每人需要 300÷4＝75 公克，10 人份需要 75×10＝750 公克。","[""先求每人份麵粉量：300÷4＝75 公克。"",""等比例製作 10 人份：75×10＝750 公克。"",""人數增加為 2.5 倍，麵粉量也由 300 增至 750 公克。""]","人數比例是 10÷4＝2.5，因此食材總量也乘 2.5；不要只加 6 公克。","[]","","","","","","","","","","","","","","",""
"MAT-0242","數學","原創會考程度練習","","","七年級上","百分率應用","百分率與一元一次方程式","基礎","素養題","某數的 40% 比 18 多 6，該數是多少？","30","60","45","72","1","60","","設此數為 x，題意為 0.4x＝18＋6＝24，因此 x＝24÷0.4＝60。","[""設未知數為 x；「40% 比 18 多 6」表示 0.4x＝24。"",""兩邊除以 0.4，得到 x＝60。"",""檢查 60 的 40% 是 24，確實比 18 多 6。""]","「40% 比 18 多 6」先得 40% 是 24，再用 24 除以 0.4 反求原數。","[]","","","","","","","","","","","","","","",""
"MAT-0243","數學","原創會考程度練習","","","七年級上","幾何與角度","三角形內角比與外角","中等","素養題","一個三角形的三內角比為 2：3：4，與最大內角相鄰的外角是多少度？","80°","120°","100°","140°","2","100°","","三角形內角和為 180°，角度比共 2＋3＋4＝9 份，每份 20°，最大內角為 4×20°＝80°。與它相鄰的外角和此內角互補，因此外角為 180°－80°＝100°，答案 C。","[""三角形內角和為 180°，比的總份數是 2＋3＋4＝9。"",""每份為 180°÷9＝20°，最大內角占 4 份，為 4×20°＝80°。"",""相鄰內角與外角形成一直線，兩角和為 180°；外角＝180°－80°＝100°，選 C。""]","先由內角比求最大內角，再用相鄰內角與外角互補（和為 180°）；不要把外角直接當成另一個內角。","[]","","","","","","","","","","","","","","",""
"MAT-0244","數學","原創會考程度練習","","","八年級上","統計與機率","平均數變化","中等","素養題","有 5 個數的平均為 80，若將其中的 64 改成 94，新的平均是多少？","80","84","90","86","3","86","","原總和為 5×80＝400。將 64 換成 94，總和增加 30，成為 430；新平均為 430÷5＝86。","[""原來五數總和為 5×80＝400。"",""替換使總和增加 94－64＝30，新總和為 430。"",""新平均為 430÷5＝86。""]","把 64 改成 94 使總和增加 30；平均數因此增加 30÷5＝6。","[]","","","","","","","","","","","","","","",""
"MAT-0245","數學","原創會考程度練習","","","九年級上","幾何與測量","正方形對角線與畢氏定理","中等","素養題","若一個正方形的對角線長為 10√2 公分，邊長是多少公分？","10","20","10√2","5","0","10","","正方形對角線 d＝邊長 s×√2，因此 s＝10√2÷√2＝10 公分。","[""正方形對角線把正方形分成等腰直角三角形。"",""由畢氏定理，對角線＝邊長×√2。"",""邊長＝10√2÷√2＝10 公分。""]","正方形對角線＝邊長×√2；用對角線除以 √2 可得邊長。","[]","","","","","","","","","","","","","","",""
"MAT-0246","數學","原創會考程度練習","","","七年級上","百分率應用","百分率應用","基礎","素養題","某校 8 年級有 120 人，其中 45% 參加社團。參加社團的有幾人？","45 人","54 人","75 人","66 人","1","54 人","","參加人數為全體的 45%，所以 120×0.45＝54 人。","[""將 45% 換成小數 0.45。"",""計算 120×0.45＝54。"",""54 人占 120 人的 54÷120＝0.45，即 45%。""]","百分率化為小數 0.45，再乘總人數 120；人數結果應為整數。","[]","","","","","","","","","","","","","","",""
"MAT-0247","數學","原創會考程度練習","","","八年級上","函數","平行直線與截距","中等","素養題","一條直線通過 (－1, 4) 且平行於 y＝2x＋3，其 y 截距是多少？","6","2","4","－6","0","6","","平行直線斜率相同為 2，設 y＝2x＋b；代入 (−1,4) 得 4＝−2＋b，所以 y 截距 b＝6。","[""平行線斜率相同，因此新直線斜率為 2。"",""設新直線為 y＝2x＋b，代入點 (−1,4)：4＝−2＋b。"",""解得 b＝6，故 y 截距為 6。""]","平行線斜率相同，先用斜率 2 寫方程，再代入通過點求 y 截距。","[]","","","","","","","","","","","","","","",""
"MAT-0248","數學","原創會考程度練習","","","七年級上","幾何與測量","圓面積","基礎","素養題","社區圓形花圃的直徑為 8 公尺，使用 π 表示，面積是多少平方公尺？","32π","8π","16π","4π","2","16π","","圓面積公式中的 r 是半徑，不是直徑。花圃直徑為 8 公尺，所以半徑為 8÷2＝4 公尺；面積為 π×4²＝16π 平方公尺。","[""題目給直徑 8 公尺，先求半徑：8÷2＝4 公尺。"",""圓面積公式為 πr²，代入半徑得 π×4²＝16π。"",""因此花圃面積為 16π 平方公尺；注意直徑不能直接代入 r。""]","面積公式使用半徑，不是直徑；由直徑求半徑要除以 2，面積單位用平方公尺。","[]","","","","","","","","","","","","","","",""
"MAT-0249","數學","原創會考程度練習","","","八年級下","統計與機率","古典機率","基礎","素養題","某班男生 18 人、女生 22 人，隨機抽一人。抽到女生的機率是多少？","9/20","11/18","1/2","11/20","3","11/20","","全班有 18＋22＝40 人，女生 22 人；抽到女生的機率為 22/40＝11/20。","[""全班人數為 18＋22＝40 人。"",""有利結果是 22 位女生。"",""機率＝22/40＝11/20。""]","機率分母是男女總人數 40，分子是符合條件的女生人數 22，再約分。","[]","","","","","","","","","","","","","","",""
"MAT-0250","數學","原創會考程度練習","","","九年級上","幾何與測量","圓柱體積","中等","素養題","圓柱底面半徑為 2 公分、高為 7 公分，包含上下底面的表面積是多少平方公分？","36π","32π","28π","40π","0","36π","","圓柱表面積包含兩個圓底與側面。兩底面積為 2×π×2²＝8π，側面展開是長 2πr＝4π、寬 7 的長方形，面積為 28π；總表面積為 36π 平方公分。","[""兩個圓底的面積合計為 2×π×2²＝8π 平方公分。"",""側面展開後是長方形，底邊長等於圓周 2π×2＝4π，高為 7，側面積為 4π×7＝28π。"",""表面積＝8π＋28π＝36π 平方公分，選 A。""]","別把體積公式 πr²h 與表面積混淆；側面展開是長方形，周長作底、高作另一邊。","[]","","","","","","","","","","","","","","",""
"MAT-0251","數學","原創會考程度練習","","","七年級上","比與比例應用","比例總量與差量","中等","素養題","甲、乙兩組共分得 42 張活動券，張數比為 3：4。乙組比甲組多分得幾張？","12 張","6 張","18 張","24 張","1","6 張","","兩組合計 3＋4＝7 份，每份 42÷7＝6 張。乙組比甲組多 4－3＝1 份，所以多 1×6＝6 張，答案 B。","[""先算比的總份數：3＋4＝7 份。"",""42 張平均分成 7 份，每份為 42÷7＝6 張。"",""乙比甲多 4－3＝1 份，因此多 1×6＝6 張，選 B。""]","已知兩組總量時，先加總比的份數求每份，再以份數差乘每份量；不要把總量直接當作一方的數量。","[]","","","","","","","","","","","","","","",""
"MAT-0252","數學","原創會考程度練習","","","七年級上","比與比例應用","單價與比例","基礎","素養題","4 公斤橘子售價 320 元，照相同單價買 7.5 公斤要多少元？","560 元","480 元","600 元","640 元","2","600 元","","每公斤單價為 320÷4＝80 元；7.5 公斤需 80×7.5＝600 元。","[""先求每公斤單價：320÷4＝80 元。"",""依相同單價計算 7.5 公斤：80×7.5＝600 元。"",""用 600÷7.5＝80 元檢查，與原單價一致。""]","先用總價除以公斤數求每公斤單價，再乘 7.5 公斤；單價維持不變。","[]","","","","","","","","","","","","","","",""
"MAT-0253","數學","原創會考程度練習","","","七年級下","一元一次方程式","一元一次方程式","中等","素養題","解方程式 5(x－3)＝2x＋12，x 的值為何？","11","7","5","9","3","9","","展開得 5x－15＝2x＋12，移項得 3x＝27，所以 x＝9。","[""先展開括號：5x－15＝2x＋12。"",""兩邊移項整理：3x＝27。"",""解得 x＝9；代回兩側皆為 30。""]","先展開括號，再將含 x 項集中；最後把解代回原式兩邊檢查。","[]","","","","","","","","","","","","","","",""
"MAT-0254","數學","原創會考程度練習","","","七年級上","統計與機率","平均數","中等","素養題","四次測驗平均為 82 分，前三次為 72、80、89 分，第四次得幾分？","87 分","85 分","82 分","91 分","0","87 分","","四次總分須為 4×82＝328 分；前三次總和為 241 分，第四次為 328－241＝87 分。","[""四次總分為 4×82＝328 分。"",""前三次總分為 72＋80＋89＝241 分。"",""第四次分數為 328－241＝87 分。""]","平均乘測驗次數得到四次總分，再扣除前三次分數總和。","[]","","","","","","","","","","","","","","",""
"MAT-0255","數學","原創會考程度練習","","","七年級上","函數","一次函數代入","基礎","素養題","一次函數 y＝4x－9 中，當 x＝6 時，y 為多少？","24","15","33","－15","1","15","","代入 x＝6，得 y＝4×6－9＝24－9＝15。","[""將 x＝6 代入 y＝4x－9。"",""先乘除：4×6＝24，再計算 24－9＝15。"",""因此函數值 y＝15。""]","將 x＝6 代入函數式，先乘 4 再減 9，勿顛倒運算順序。","[]","","","","","","","","","","","","","","",""
"MAT-0256","數學","原創會考程度練習","","","八年級上","幾何與測量","畢氏定理","基礎","素養題","直角三角形的兩股長為 9 公分與 12 公分，斜邊長為多少公分？","18 公分","15 公分","21 公分","10.5 公分","1","15 公分","","斜邊長平方為 9²＋12²＝81＋144＝225，所以斜邊為 √225＝15 公分。","[""依畢氏定理，斜邊²＝9²＋12²。"",""計算 81＋144＝225。"",""斜邊為 √225＝15 公分。""]","斜邊是直角對面的邊；套用兩股平方和後再開平方根。","[]","","","","","","","","","","","","","","",""
"MAT-0257","數學","原創會考程度練習","","","八年級下","統計與機率","古典機率","基礎","素養題","同時擲兩枚公平硬幣，恰有一枚正面朝上的機率是多少？","1/4","3/4","1/2","1/3","2","1/2","","等可能結果為正正、正反、反正、反反共 4 種；恰一正面的有 2 種，機率為 2/4＝1/2。","[""列出兩枚硬幣的 4 種等可能結果。"",""恰有一正面是正反、反正，共 2 種。"",""機率為 2÷4＝1/2。""]","兩枚硬幣有 HH、HT、TH、TT 四種等可能結果，其中 HT、TH 符合條件。","[]","","","","","","","","","","","","","","",""
"MAT-0258","數學","原創會考程度練習","","","七年級上","數列","等差級數求和","中等","素養題","等差數列 5、8、11、14、……的前 20 項和是多少？","650","690","620","670","3","670","","首項 a₁＝5，公差 d＝3。第20項 a₂₀＝5＋19×3＝62，前20項和 S₂₀＝20×(5＋62)÷2＝670。","[""確認首項為 5、公差為 8－5＝3。"",""先求末項：a₂₀＝5＋(20－1)×3＝62。"",""等差數列前 n 項和＝n×(首項＋末項)÷2，所以 S₂₀＝20×(5＋62)÷2＝670，選 D。""]","求前 n 項和可用首末項平均乘項數；別把末項公式與總和公式混為一談。","[]","","","","","","","","","","","","","","",""
"MAT-0259","數學","原創會考程度練習","","","八年級上","幾何與角度","三角形內角和","基礎","素養題","一三角形的兩個內角為 47° 和 61°，第三個內角為多少度？","72°","82°","108°","119°","0","72°","","三角形內角和為 180°，第三角為 180°－47°－61°＝72°。","[""三角形三內角和固定為 180°。"",""已知兩角和為 47°＋61°＝108°。"",""第三角為 180°－108°＝72°。""]","三角形內角總和是 180°，第三角用總和扣掉已知兩角。","[]","","","","","","","","","","","","","","",""
"MAT-0260","數學","原創會考程度練習","","","九年級上","函數","直線斜率","基礎","素養題","直線通過 (1, 3) 與 (5, 15) 兩點，斜率是多少？","2","3","4","12","1","3","","斜率＝(y₂－y₁)÷(x₂－x₁)＝(15－3)÷(5－1)＝12÷4＝3。","[""取兩點的 y 座標差：15－3＝12。"",""取 x 座標差：5－1＝4。"",""斜率為 12÷4＝3。""]","斜率是 y 的變化量除以 x 的變化量；兩個坐標差的順序要相同。","[]","","","","","","","","","","","","","","",""
"MAT-0261","數學","原創會考程度練習","","","九年級上","百分率應用","單利與百分率","基礎","素養題","本金 5,000 元以年利率 4% 單利存 3 年，不計複利，利息是多少元？","200 元","5,600 元","600 元","1,200 元","2","600 元","","單利＝本金×年利率×年數＝5,000×0.04×3＝600 元。","[""年利率 4% 換成小數為 0.04。"",""單利計算為 5,000×0.04×3＝600。"",""題目問利息而非本利和，因此答案為 600 元。""]","單利只以原本金計息，利息＝本金×年利率×年數；本題不計複利。","[]","","","","","","","","","","","","","","",""
"MAT-0262","數學","原創會考程度練習","","","七年級上","百分率應用","折扣與百分率","基礎","素養題","一件商品打八折後售價 240 元，原價是多少元？","320 元","192 元","280 元","300 元","3","300 元","","八折售價是原價的 0.8 倍，原價＝240÷0.8＝300 元。","[""設原價為 p，八折後價格為 0.8p。"",""列式 0.8p＝240，解得 p＝240÷0.8＝300。"",""檢查 300×0.8＝240 元。""]","八折是原價的 0.8；已知折後價求原價，需用 240 除以 0.8。","[]","","","","","","","","","","","","","","",""
"MAT-0263","數學","原創會考程度練習","","","七年級上","幾何與角度","互餘角","基礎","素養題","一個角的餘角為 34°，這個角是多少度？","56°","146°","34°","66°","0","56°","","兩個互為餘角的角和為 90°，因此所求角為 90°－34°＝56°。","[""餘角定義：兩角相加為 90°。"",""所求角＝90°－34°＝56°。"",""驗算 56°＋34°＝90°。""]","互餘的兩角相加為 90°，不是 180°；用 90° 扣掉已知角。","[]","","","","","","","","","","","","","","",""
"MAT-0264","數學","原創會考程度練習","","","七年級上","幾何與測量","長方形面積與周長","中等","素養題","一長方形面積為 120 平方公分、寬為 8 公分，周長是多少公分？","30 公分","46 公分","38 公分","60 公分","1","46 公分","","長＝面積÷寬＝120÷8＝15 公分；周長＝2×(15＋8)＝46 公分。","[""由面積＝長×寬，長＝120÷8＝15 公分。"",""周長公式為 2×(長＋寬)。"",""周長＝2×(15＋8)＝46 公分。""]","先用面積除以已知寬求長，再用 2×(長＋寬) 求周長。","[]","","","","","","","","","","","","","","",""
"MAT-0265","數學","原創會考程度練習","","","八年級上","幾何與坐標","坐標平面兩點距離","基礎","素養題","坐標平面上 A(－3, 2)、B(5, 2)，線段 AB 的長度是多少？","2","8","5","10","1","8","","兩點 y 坐標相同，線段水平，長度為 x 坐標差的絕對值：|5－(－3)|＝8。","[""A、B 的 y 坐標皆為 2，因此 AB 是水平線段。"",""水平距離為 x 坐標差：5－(−3)＝8。"",""線段長度為 8 單位。""]","兩點 y 座標相同，線段為水平線；長度是 x 座標差的絕對值。","[]","","","","","","","","","","","","","","",""
"MAT-0266","數學","原創會考程度練習","","","九年級上","一元二次方程式","平方差與平方根","基礎","素養題","方程式 x²－9＝0 的正根是多少？","－3","9","81","3","3","3","","x²－9＝(x－3)(x＋3)＝0，根為 3 與 −3；題目指定正根，所以答案是 3。","[""將 x²－9 看成平方差：x²－3²。"",""因式分解為 (x－3)(x＋3)＝0，解得 x＝3 或 x＝−3。"",""題目問正根，選 x＝3。""]","x²＝9 有正、負兩根；依題目「正根」只選 3，不選 −3。","[]","","","","","","","","","","","","","","",""
"MAT-0267","數學","原創會考程度練習","","","八年級下","統計與機率","古典機率與約分","基礎","素養題","從 1 至 20 的整數中任選一數，選到 4 的倍數的機率是多少？","1/5","3/20","1/4","1/2","2","1/4","","1 至 20 的 4 倍數為 4、8、12、16、20，共 5 個；機率為 5/20＝1/4。","[""全部可能整數共有 20 個。"",""4 的倍數共有 5 個：4、8、12、16、20。"",""機率＝5/20＝1/4。""]","先數出 1 到 20 中 4 的倍數，再除以全部 20 個等可能整數並約分。","[]","","","","","","","","","","","","","","",""
"MAT-0268","數學","原創會考程度練習","","","七年級上","幾何與測量","圓周長","基礎","素養題","圓的直徑為 14 公分，取 π＝22/7，圓周長是多少公分？","22","88","44","154","2","44","","圓周長＝π×直徑＝(22/7)×14＝44 公分。","[""題目給直徑 14 公分。"",""使用公式 C＝πd，代入 (22/7)×14。"",""約分計算得 44 公分。""]","題目給的是直徑，圓周長直接用 πd；代入 22/7 後注意約分。","[]","","","","","","","","","","","","","","",""
"MAT-0269","數學","原創會考程度練習","","","九年級上","幾何與測量","梯形面積","基礎","素養題","一個梯形兩底長為 8 公分、14 公分，高為 6 公分，面積是多少平方公分？","132","44","72","66","3","66","","梯形面積＝(兩底和)×高÷2＝(8＋14)×6÷2＝66 平方公分。","[""兩底和為 8＋14＝22 公分。"",""梯形面積為底和乘高再除以 2：22×6÷2。"",""計算得 66 平方公分。""]","梯形面積是兩底和乘高再除以 2；高須垂直於兩底。","[]","","","","","","","","","","","","","","",""
"MAT-0270","數學","原創會考程度練習","","","七年級上","一元一次不等式","一元一次不等式","基礎","素養題","解不等式 3x－4＜11，解集為何？","x＜5","x＞5","x＜－5","x＞－5","0","x＜5","","兩邊加 4 得 3x＜15，再除以正數 3，不等號方向不變，得到 x＜5。","[""不等式兩邊加 4：3x＜15。"",""兩邊除以正數 3，不等號方向維持不變。"",""解集為 x＜5。""]","先兩邊加 4 再除以正數 3；除以正數不會改變不等號方向。","[]","","","","","","","","","","","","","","",""
"MAT-0271","數學","原創會考程度練習","","","八年級上","幾何與角度","正多邊形內角","基礎","素養題","正六邊形的每一個內角是多少度？","120°","60°","135°","150°","0","120°","","正六邊形內角和為 (6－2)×180°＝720°，每個內角為 720°÷6＝120°。","[""六邊形內角和為 (6－2)×180°＝720°。"",""正六邊形六個內角相等。"",""每個內角為 720°÷6＝120°。""]","先求六邊形內角總和，再因正六邊形各角相等而除以 6。","[]","","","","","","","","","","","","","","",""
"MAT-0272","數學","原創會考程度練習","","","八年級上","幾何與測量","圓柱體積","基礎","素養題","圓柱底面半徑 2 公分、高 9 公分，體積是多少立方公分？","18π","36π","36","72π","1","36π","","圓柱體積＝πr²h＝π×2²×9＝36π 立方公分。","[""底面積為 π×2²＝4π 平方公分。"",""體積＝底面積×高＝4π×9＝36π。"",""體積單位為立方公分，答案為 36π 立方公分。""]","圓柱體積＝πr²h；先將半徑 2 平方，再乘高度 9，單位為立方公分。","[]","","","","","","","","","","","","","","",""
"MAT-0273","數學","原創會考程度練習","","","七年級上","統計與機率","眾數","基礎","素養題","資料 4、6、6、7、12 的眾數是多少？","4","7","6","12","2","6","","眾數是出現次數最多的數；6 出現兩次，其餘數各一次，所以眾數為 6。","[""統計每個數出現次數：4、7、12 各一次，6 出現兩次。"",""出現次數最多的數是 6。"",""因此資料的眾數為 6。""]","眾數是出現次數最多的數，不是資料中央值或最大值。","[]","","","","","","","","","","","","","","",""
"MAT-0274","數學","原創會考程度練習","","","八年級上","數與因數","整數與因數","中等","素養題","兩個相異正整數的和為 17，乘積為 72，這兩數相差多少？","7","3","5","1","3","1","","乘積為 72 的因數配對中，8×9＝72 且 8＋9＝17，因此兩數是 8、9，相差 1。","[""尋找乘積為 72 的正因數配對。"",""8×9＝72 且 8＋9＝17，符合兩條件。"",""兩數相差 9－8＝1。""]","先找乘積為 72 的因數配對，再檢查配對和為 17，最後求兩數差。","[]","","","","","","","","","","","","","","",""
"MAT-0275","數學","原創會考程度練習","","","九年級上","幾何與測量","正方形面積與對角線","中等","素養題","一個正方形面積為 98 平方公分，對角線長是多少公分？","14","7√2","14√2","49","0","14","","正方形邊長為 √98＝7√2 公分；對角線為邊長乘 √2，即 7√2×√2＝14 公分。","[""正方形邊長 s 滿足 s²＝98，所以 s＝√98＝7√2。"",""正方形對角線 d＝s√2。"",""d＝7√2×√2＝14 公分。""]","先由面積開平方求邊長，再用正方形對角線＝邊長×√2；最後化簡根式。","[]","","","","","","","","","","","","","","",""
"MAT-0276","數學","原創會考程度練習","","","七年級上","百分率應用","百分率增減","基礎","素養題","一件商品原價 800 元，調漲 15% 後的新價格是多少元？","815 元","920 元","680 元","1,200 元","1","920 元","","調漲金額為 800×0.15＝120 元，新價格為 800＋120＝920 元。","[""求增加額：800×15%＝120 元。"",""新價格＝原價＋增加額＝800＋120＝920 元。"",""可用 800×1.15＝920 元驗算。""]","調漲後價格等於原價的 115%；可算增加額再相加，或直接乘 1.15。","[]","","","","","","","","","","","","","","",""
"MAT-0277","數學","原創會考程度練習","","","八年級上","幾何與測量","畢氏定理","基礎","素養題","某直角三角形斜邊長 13 公分、一股長 5 公分，另一股長是多少公分？","8 公分","10 公分","12 公分","18 公分","2","12 公分","","設另一股長為 b，依畢氏定理 b²＋5²＝13²，所以 b²＝169－25＝144，b＝12 公分。","[""設未知股長為 b，列式 b²＋5²＝13²。"",""計算 b²＝169－25＝144。"",""長度取正值，b＝12 公分；5²＋12²＝13²。""]","已知斜邊 13 和一股 5，另一股平方為 13²－5²；長度取正平方根。","[]","","","","","","","","","","","","","","",""
"MAT-0278","數學","原創會考程度練習","","","七年級下","一元一次方程式","分數方程式","基礎","素養題","解方程式 (x＋2)/3＝5，x 為何？","7","15","17","13","3","13","","等式兩邊乘以 3，得 x＋2＝15，再減 2，得到 x＝13。","[""等式兩邊同乘 3，消去分母。"",""得到 x＋2＝15。"",""兩邊減 2，解得 x＝13；代回 (13＋2)/3＝5。""]","先將等式兩邊乘 3 消去分母，再解 x；最後代回檢查原式。","[]","","","","","","","","","","","","","","",""
"MAT-0279","數學","原創會考程度練習","","","八年級上","函數","函數值代入","基礎","素養題","若 f(x)＝2x²－3，則 f(－2) 為多少？","11","5","－11","1","1","5","","將 x＝－2 代入，f(－2)＝2×(－2)²－3＝2×4－3＝5。","[""把 x＝−2 代入函數，平方部分需加括號。"",""(−2)²＝4，因此 2×4－3＝5。"",""函數值 f(−2) 為 5。""]","代入負數時把 −2 括起來再平方；平方後才乘 2 並減 3。","[]","","","","","","","","","","","","","","",""
"MAT-0280","數學","原創會考程度練習","","","七年級上","統計與機率","統計全距","基礎","素養題","資料 2、4、7、9、13、15、18 的全距是多少？","16","11","18","8","0","16","","全距＝最大值－最小值＝18－2＝16。","[""最大資料值為 18，最小資料值為 2。"",""全距計算為最大值減最小值。"",""18－2＝16。""]","全距只取最大值減最小值，不受中間資料筆數或排序間隔影響。","[]","","","","","","","","","","","","","","",""
"MAT-0281","數學","原創會考程度練習","","","七年級上","幾何與角度","互補角與一元一次方程式","基礎","素養題","兩個互補角中，較大的角比小的角多 24°，較大的角是多少度？","66°","57°","78°","102°","1","57°","","設小角為 x，大角為 x＋24°；兩角和 90°，故 2x＋24＝90，x＝33°，大角為 57°。","[""設小角 x°，大角為 (x＋24)°。"",""互補角和為 90°：x＋x＋24＝90，解得 x＝33。"",""較大角＝33＋24＝57°。""]","互補角總和為 90°；先扣除兩角差 24°，再把剩下的角度平分求小角。","[]","","","","","","","","","","","","","","",""
"MAT-0282","數學","原創會考程度練習","","","八年級上","幾何與測量","梯形面積逆運算","基礎","素養題","某梯形面積為 84 平方公分，兩底長 10 公分和 18 公分，高是多少公分？","7 公分","3 公分","6 公分","12 公分","2","6 公分","","梯形面積公式 84＝(10＋18)×h÷2＝14h，因此 h＝6 公分。","[""代入梯形面積公式：84＝(10＋18)×h÷2。"",""化簡為 84＝14h。"",""解得高 h＝84÷14＝6 公分。""]","梯形公式 A＝(上底＋下底)h÷2；先把兩底和除以 2，再由面積反求高。","[]","","","","","","","","","","","","","","",""
"MAT-0283","數學","原創會考程度練習","","","七年級下","一元一次方程式","一元一次方程式","基礎","素養題","某數的 3 倍減 8 等於 31，該數是多少？","7","23","39","13","3","13","","設此數為 x，列式 3x－8＝31，得 3x＝39，所以 x＝13。","[""設未知數 x，依題意列式 3x－8＝31。"",""兩邊加 8 得 3x＝39。"",""兩邊除以 3 得 x＝13；檢查 3×13－8＝31。""]","把「3 倍減 8」寫成 3x－8；解得數值後代回原敘述檢查。","[]","","","","","","","","","","","","","","",""
"MAT-0284","數學","原創會考程度練習","","","九年級上","幾何與測量","圓心角與扇形","基礎","素養題","一個圓心角為 90° 的扇形，其圓心角占全圓的幾分之幾？","1/4","1/3","1/2","1/6","0","1/4","","全圓為 360°，90° 所占比例為 90/360＝1/4。","[""全圓圓心角為 360°。"",""扇形占比＝90÷360。"",""約分得 1/4。""]","全圓是 360°；用扇形圓心角除以 360° 求所占比例。","[]","","","","","","","","","","","","","","",""
"MAT-0285","數學","原創會考程度練習","","","七年級上","幾何與測量","正方形對角線","基礎","素養題","正方形邊長為 6 公分，對角線長是多少公分？","12 公分","6√2 公分","36 公分","3√2 公分","1","6√2 公分","","正方形對角線為直角三角形斜邊，兩股皆為 6；依畢氏定理 d²＝6²＋6²＝72，d＝6√2 公分。","[""對角線把正方形分成兩個股長皆為 6 的直角三角形。"",""由畢氏定理 d²＝36＋36＝72。"",""取正平方根得 d＝√72＝6√2 公分。""]","正方形對角線是邊長乘 √2，或用畢氏定理；長度取正值。","[]","","","","","","","","","","","","","","",""
"MAT-0286","數學","原創會考程度練習","","","八年級上","聯立方程式","二元一次聯立方程式","中等","素養題","若 2x－y＝1 且 x＋y＝8，則 y 為何？","3","4","5","6","2","5","","將兩式相加得 3x＝9，因此 x＝3；代入 x＋y＝8，得 y＝5。","[""將 2x－y＝1 與 x＋y＝8 相加，y 項抵消。"",""得到 3x＝9，所以 x＝3。"",""代入 x＋y＝8 得 y＝5；檢查 2×3－5＝1。""]","兩式相加可消去 y，先求 x 再代回 x＋y＝8 求 y。","[]","","","","","","","","","","","","","","",""
"MAT-0287","數學","原創會考程度練習","","","八年級上","比與比例應用","速率時間關係","基礎","素養題","一段路長 2.4 公里，小明以每小時 4.8 公里的速率步行，需多少分鐘？","24 分鐘","12 分鐘","48 分鐘","30 分鐘","3","30 分鐘","","時間＝距離÷速率＝2.4÷4.8＝0.5 小時，換算為 30 分鐘。","[""使用時間＝距離÷速率：2.4÷4.8＝0.5 小時。"",""1 小時為 60 分鐘，0.5 小時為 30 分鐘。"",""答案為 30 分鐘。""]","時間＝路程÷速率，先得到小時，再乘 60 換算成分鐘。","[]","","","","","","","","","","","","","","",""
"MAT-0288","數學","原創會考程度練習","","","七年級上","函數","一次函數截距","基礎","素養題","一次函數 y＝－x＋6 與 x 軸交點的 x 坐標為何？","－6","0","1","6","3","6","","與 x 軸交點的 y 坐標為 0，令 0＝－x＋6，解得 x＝6。","[""x 軸上所有點的 y 坐標皆為 0。"",""令 0＝−x＋6，移項得 x＝6。"",""交點為 (6,0)，因此 x 坐標是 6。""]","x 軸上 y＝0；令函數值等於 0 後解出交點的 x 座標。","[]","","","","","","","","","","","","","","",""
"MAT-0289","數學","原創會考程度練習","","","七年級上","一元一次方程式","連續整數與方程式","中等","素養題","六個連續整數的和為 81，最小的整數是多少？","11","10","12","13","0","11","","設最小整數為 n，六數依序為 n 至 n＋5，總和為 6n＋15＝81，因此 n＝11，最小數為 11。","[""設最小整數為 n，六個連續整數依序是 n、n＋1、n＋2、n＋3、n＋4、n＋5。"",""依總和列式：6n＋(1＋2＋3＋4＋5)＝81，即 6n＋15＝81。"",""解得 6n＝66、n＝11；六數為 11 至 16，最小數為 11，總和確為 81。""]","六個連續整數的列式需要把偏移量 0＋1＋2＋3＋4＋5 也納入總和，再解一元一次方程式。","[]","","","","","","","","","","","","","","",""
"MAT-0290","數學","原創會考程度練習","","","九年級上","幾何與測量","長方體體積","基礎","素養題","一個長方體長 8 公分、寬 3 公分、高 2 公分，體積是多少立方公分？","26","48","24","13","1","48","","長方體體積＝長×寬×高＝8×3×2＝48 立方公分。","[""使用長方體體積公式：長×寬×高。"",""代入尺寸計算：8×3×2＝48。"",""體積單位為立方公分，答案是 48 立方公分。""]","長方體體積將長、寬、高相乘，結果使用立方公分。","[]","","","","","","","","","","","","","","",""
"MAT-0291","數學","原創會考程度練習","","","八年級上","比與比例應用","比例與代數式","基礎","素養題","若 5a＝3b 且 a＝12，b 為何？","7.2","15","20","36","2","20","","將 a＝12 代入 5a＝3b，得 60＝3b，因此 b＝20。","[""代入 a＝12：5×12＝3b。"",""得到 60＝3b。"",""兩邊除以 3，b＝20。""]","先將 a＝12 代入 5a＝3b，再把等式兩邊除以 3 求 b。","[]","","","","","","","","","","","","","","",""
"MAT-0292","數學","原創會考程度練習","","","七年級上","百分率應用","連續折扣","中等","素養題","某商品連續兩次各打九折，原價 1,000 元，最後售價是多少元？","820 元","800 元","900 元","810 元","3","810 元","","兩次九折需連乘：1,000×0.9×0.9＝810 元；不是直接打八折。","[""第一次九折後為 1,000×0.9＝900 元。"",""第二次再對新價格打九折：900×0.9＝810 元。"",""所以最後售價為 810 元；折扣比例是 0.9²＝0.81。""]","連續折扣要把每次折數相乘，兩次九折是乘 0.9 再乘 0.9，不是打八折。","[]","","","","","","","","","","","","","","",""
"MAT-0293","數學","原創會考程度練習","","","九年級上","幾何與角度","等腰三角形角度","基礎","素養題","一個等腰三角形的頂角為 40°，每個底角是多少度？","70°","60°","140°","80°","0","70°","","兩底角相等，且內角和 180°；每個底角為 (180°－40°)÷2＝70°。","[""等腰三角形兩個底角相等。"",""兩底角總和為 180°－40°＝140°。"",""每個底角為 140°÷2＝70°。""]","等腰三角形兩底角相等；用 180° 扣頂角後，將剩下角度平分。","[]","","","","","","","","","","","","","","",""
"MAT-0294","數學","原創會考程度練習","","","七年級上","數列","等比數列","中等","素養題","數列 3、6、12、24、……的第 8 項是多少？","192","384","768","96","1","384","","此等比數列首項 3、公比 2，第 8 項為 3×2⁷＝384。","[""相鄰兩項皆乘以 2，公比為 2。"",""第 n 項為 3×2ⁿ⁻¹。"",""第 8 項為 3×2⁷＝384。""]","等比數列第 n 項為首項乘公比的 n－1 次方；第 8 項乘 2⁷。","[]","","","","","","","","","","","","","","",""
"MAT-0295","數學","原創會考程度練習","","","九年級上","一元一次方程式","一元一次方程式","中等","素養題","解方程式 4(2x－1)＝3x＋21，x 為何？","4","6","5","7","2","5","","展開得 8x－4＝3x＋21，整理為 5x＝25，所以 x＝5。","[""展開左式：8x－4＝3x＋21。"",""移項得 5x＝25。"",""解得 x＝5，代回兩邊皆為 36。""]","先展開括號再合併同類項；移項後代回原式檢查左右兩邊。","[]","","","","","","","","","","","","","","",""
"MAT-0296","數學","原創會考程度練習","","","七年級下","幾何與測量","梯形面積","中等","素養題","一個梯形的兩底長相差 6 公分，短底 7 公分，高 5 公分，面積是多少平方公分？","25","35","70","50","3","50","","長底為 7＋6＝13 公分，面積為 (7＋13)×5÷2＝50 平方公分。","[""長底＝短底＋6＝13 公分。"",""梯形面積＝(兩底和)×高÷2。"",""面積＝(7＋13)×5÷2＝50 平方公分。""]","短底加上底長差得到長底，再用兩底和乘高除以 2。","[]","","","","","","","","","","","","","","",""
"MAT-0297","數學","原創會考程度練習","","","八年級上","幾何與坐標","坐標平移","基礎","素養題","在坐標平面上，點 P(3,－2) 向左平移 5 單位後，座標為何？","(－2,－2)","(3,－7)","(3,3)","(8,－2)","0","(－2,－2)","","向左平移 5 單位，x 坐標減 5、y 坐標不變；(3－5,－2)＝(－2,－2)。","[""水平向左移動只改變 x 坐標。"",""新 x 坐標為 3－5＝−2，y 仍為 −2。"",""平移後座標為 (−2,−2)。""]","向左平移只改變 x 座標，減去 5；y 座標保持不變。","[]","","","","","","","","","","","","","","",""
"MAT-0298","數學","原創會考程度練習","","","八年級上","數與因數","整除與餘數","中等","素養題","某數除以 6 餘 2，且該數介於 40 和 50 之間，該數是多少？","42","44","46","48","1","44","","符合除以 6 餘 2 的數可寫成 6k＋2；40 至 50 間依序檢查 6×7＋2＝44，符合條件。","[""設此數為 6k＋2。"",""介於 40 和 50 時，取 k＝7 得 6×7＋2＝44。"",""44÷6＝7 餘 2，且 40＜44＜50。""]","符合「除以 6 餘 2」的數可寫成 6k＋2，再從 40 到 50 間檢查。","[]","","","","","","","","","","","","","","",""
"MAT-0299","數學","原創會考程度練習","","","九年級上","幾何與測量","圓面積與正方形面積比","中等","素養題","半徑為 5 公分的圓，與一個邊長為 5 公分的正方形相比，圓面積：正方形面積為何？","5：1","2π：1","π：1","1：π","2","π：1","","圓面積＝π×5²＝25π 平方公分；正方形面積＝5×5＝25 平方公分。兩者同為面積量，可以相比，面積比為 25π：25＝π：1，答案 C。","[""圓面積＝π×5²＝25π。"",""正方形面積＝5×5＝25 平方公分。"",""圓面積：正方形面積＝25π：25＝π：1，選 C。""]","比值兩側應是相同量綱；本題比較兩個面積，所以平方公分單位可約去。","[]","","","","","","","","","","","","","","",""
"MAT-0300","數學","原創會考程度練習","","","七年級上","統計與機率","平均數與未知數","基礎","素養題","甲、乙兩數的平均為 18，甲數為 23，乙數是多少？","36","15","18","13","3","13","","兩數平均 18，總和為 2×18＝36；乙數為 36－23＝13。","[""兩數總和＝平均×個數＝18×2＝36。"",""乙數＝總和－甲數＝36－23。"",""乙數為 13；驗算 (23＋13)÷2＝18。""]","兩數平均乘以 2 得到總和；用總和扣除已知的甲數求乙數。","[]","","","","","","","","","","","","","","",""
"MAT-0301","數學","原創會考程度練習","","","七年級上","幾何與測量","長方形面積","基礎","單題選擇","美術社要替長 48 公分、寬 30 公分的長方形海報覆膜，至少需要覆膜多少平方公分？","1,440","78","960","1,560","0","1,440","","長方形面積＝長×寬＝48×30＝1,440 平方公分。","[""辨認海報覆膜的範圍是整個長方形。"",""覆膜範圍是整張長方形海報，求它的完整面積。"",""計算 48×30，單位為平方公分，答案是 1,440。""]","整張海報都要覆膜，直接求長乘寬；邊長用公分，面積用平方公分。","[]","","","","","","","","","","","","","","",""
"MAT-0302","數學","原創會考程度練習","","","七年級下","幾何與測量","長方形面積","基礎","單題選擇","社區菜圃長 7.5 公尺、寬 4 公尺，菜圃的面積是多少平方公尺？","11.5","30","60","15","1","30","","長方形菜圃面積＝7.5×4＝30 平方公尺。","[""使用長方形面積公式，不把長與寬相加。"",""長與寬都以公尺表示，面積＝7.5×4。"",""7.5×4＝30，答案為 30 平方公尺。""]","兩邊都以公尺為單位，直接相乘即可；小數相乘後仍標平方公尺。","[]","","","","","","","","","","","","","","",""
"MAT-0303","數學","原創會考程度練習","","","八年級上","幾何與測量","複合圖形面積","中等","單題選擇","一塊長 8 公尺、寬 6 公尺的長方形地面，角落有一塊長 2 公尺、寬 3 公尺的區域不鋪地板。其餘部分面積是多少平方公尺？","14 平方公尺","28 平方公尺","42 平方公尺","96 平方公尺","2","42 平方公尺","","整個長方形面積為 8×6＝48 平方公尺；不鋪的角落面積為 2×3＝6 平方公尺，因此其餘面積為 48－6＝42 平方公尺。","[""先求完整長方形地面面積：8×6＝48 平方公尺。"",""不鋪的角落面積為 2×3＝6 平方公尺。"",""其餘面積＝48－6＝42 平方公尺。""]","複合圖形可先求完整外框面積，再扣除不鋪設的角落；確認各長度單位相同。","[]","","","","","","","","","","","","","","",""
"MAT-0304","數學","原創會考程度練習","","","八年級下","幾何與測量","長方形周長與面積反推","中等","單題選擇","一個長方形展板面積為 84 平方公分，寬為 7 公分，長是多少公分？","77","91","588","12","3","12","","長＝面積÷寬＝84÷7＝12 公分。","[""由面積公式反推未知的長。"",""面積＝長×寬，因此長＝84÷7。"",""84 平方公分除以 7 公分，得到 12 公分。""]","長方形面積除以已知寬可反求長；平方公分除以公分後會得到公分。","[]","","","","","","","","","","","","","","",""
"MAT-0305","數學","原創會考程度練習","","","八年級上","幾何與測量","平行四邊形面積","基礎","單題選擇","木工裁出一塊底為 11 公分、對應高為 4 公分的平行四邊形木片，木片面積為何？","44 平方公分","15 平方公分","30 平方公分","88 平方公分","0","44 平方公分","","平行四邊形面積＝底×對應高＝11×4＝44 平方公分。","[""辨認底為 11 公分，對應的垂直高為 4 公分。"",""平行四邊形面積＝底×高＝11×4。"",""面積為 44 平方公分。""]","平行四邊形用底乘垂直高；傾斜的斜邊長不能代替高。","[]","","","","","","","","","","","","","","",""
"MAT-0306","數學","原創會考程度練習","","","九年級下","幾何與測量","長方形面積","基礎","單題選擇","透明桌墊長 60 公分、寬 40 公分。它覆蓋桌面的面積是多少平方公分？","100","2,400","1,200","4,800","1","2,400","","桌墊面積＝60×40＝2,400 平方公分。","[""將長與寬代入面積公式：60×40。"",""桌墊面積＝長×寬＝60×40。"",""60×40＝2,400 平方公分。""]","桌墊覆蓋的是完整長方形桌面，長與寬相乘後使用平方公分。","[]","","","","","","","","","","","","","","",""
"MAT-0307","數學","原創會考程度練習","","","七年級上","幾何與測量","三角形面積","基礎","單題選擇","一面三角形公告板的底為 2.4 公尺、對應高為 1.2 公尺，正面面積是多少平方公尺？","1.44","3.6","28.8","0.288","0","1.44","","三角形面積＝底×高÷2＝2.4×1.2÷2＝1.44 平方公尺。","[""確認底為 2.4 公尺，對應高為 1.2 公尺。"",""三角形面積要將底乘高後除以 2。"",""2.4×1.2÷2＝1.44 平方公尺。""]","三角形面積比同底同高的長方形少一半，公式要除以 2。","[]","","","","","","","","","","","","","","",""
"MAT-0308","數學","原創會考程度練習","","","七年級下","幾何與測量","梯形面積","中等","單題選擇","梯形相框的上、下底分別為 15 公分和 10 公分，高為 10 公分，框內面積為何？","25 平方公分","50 平方公分","125 平方公分","300 平方公分","2","125 平方公分","","梯形面積＝(上底＋下底)×高÷2＝(15＋10)×10÷2＝125 平方公分。","[""先將兩底相加：15＋10＝25 公分。"",""梯形面積＝兩底和×高÷2。"",""25×10÷2＝125 平方公分。""]","梯形面積先加兩底，再乘垂直高除以 2；不可把兩底差當成高度。","[]","","","","","","","","","","","","","","",""
"MAT-0309","數學","原創會考程度練習","","","八年級上","幾何與測量","面積密度與數量","中等","單題選擇","長方形菜畦長 9 公尺、寬 3 公尺，若每平方公尺種 2 株菜苗，菜畦最多可種幾株？","24","27","18","54","3","54","","菜畦面積為 9×3＝27 平方公尺；每平方公尺 2 株，共 27×2＝54 株。","[""先求菜畦面積，再乘上每平方公尺的株數。"",""先以 9×3 求菜畦面積，再乘每平方公尺 2 株。"",""9×3×2＝54 株。""]","先算出菜畦面積 27 平方公尺，再乘每平方公尺的株數 2。","[]","","","","","","","","","","","","","","",""
"MAT-0310","數學","原創會考程度練習","","","八年級下","幾何與測量","圓面積","中等","單題選擇","圓形排球練習區的半徑為 9 公尺，面積是多少平方公尺？以 π 表示答案。","81π","81","18π","9π","0","81π","","圓面積＝πr²＝π×9²＝81π 平方公尺。","[""辨認圓形區域半徑 r＝9 公尺。"",""圓面積公式為 πr²，半徑要平方。"",""面積＝π×9²＝81π 平方公尺。""]","圓面積使用 πr²，不要把直徑當半徑；答案單位是平方公尺。","[]","","","","","","","","","","","","","","",""
"MAT-0311","數學","原創會考程度練習","","","九年級上","幾何","矩形面積","基礎","單題選擇","陽臺長 3.2 公尺、寬 1.5 公尺，地面面積是多少平方公尺？","4.7","9.4","48","4.8","3","4.8","","陽臺面積＝3.2×1.5＝4.8 平方公尺。","[""陽臺地面呈長方形，使用長×寬求面積。"",""長、寬都以公尺表示，直接計算 3.2×1.5。"",""3.2×1.5＝4.8 平方公尺。""]","小數相乘時可先忽略小數點計算，再依兩因數的小數位數定位；答案保留平方公尺。","[]","","","","","","","","","","","","","","",""
"MAT-0312","數學","原創會考程度練習","","","九年級下","幾何","矩形面積","基礎","單題選擇","一張長方形桌布長 180 公分、寬 90 公分，桌布面積是多少平方公分？","270","16,200","8,100","32,400","1","16,200","","桌布面積＝180×90＝16,200 平方公分。","[""桌布形狀為長方形，需求出桌布本身的面積。"",""桌布面積＝長×寬＝180×90。"",""180×90＝16,200 平方公分。""]","乘 180×90 可先算 18×9 再補兩個 0；估算應接近 1.6 萬，避免漏掉位值。","[]","","","","","","","","","","","","","","",""
"MAT-0313","數學","原創會考程度練習","","","七年級上","幾何","矩形面積","中等","單題選擇","長方形花圃周長為 30 公尺，長為 9 公尺。花圃面積是多少平方公尺？","63","108","54","135","2","54","","由 2(長＋寬)＝30 得長＋寬＝15，寬＝6；面積＝9×6＝54 平方公尺。","[""先用周長求寬，再用長乘寬求面積。"",""由 2(9＋w)＝30 得 w＝6 公尺。"",""寬為 15−9＝6 公尺，面積為 9×6＝54 平方公尺。""]","長方形周長除以 2 得長與寬的和，再減去已知長；最後求長乘寬。","[]","","","","","","","","","","","","","","",""
"MAT-0314","數學","原創會考程度練習","","","七年級下","幾何","矩形面積","中等","單題選擇","一塊長 12 公尺、寬 8 公尺的長方形草地內，有一個完全位於草地中的長方形花壇，長 2 公尺、寬 3 公尺。扣除花壇後，草地面積剩多少平方公尺？","78","96","102","90","3","90","","草地面積 12×8＝96；花壇面積 2×3＝6；剩餘 96−6＝90 平方公尺。","[""分別計算大長方形和花壇的面積，再相減。"",""草地與花壇都是長方形且花壇位於草地內，需從草地面積扣除花壇面積。"",""12×8−2×3＝96−6＝90 平方公尺；花壇已完全位於草地內，因此要扣除。""]","複合面積相減前，確認花壇完整位於草地內，且兩矩形邊長使用相同單位。","[]","","","","","","","","","","","","","","",""
"MAT-0315","數學","原創會考程度練習","","","八年級上","幾何","矩形面積","基礎","單題選擇","一塊長方形布長 1.8 公尺、寬 0.9 公尺，布的面積是多少平方公尺？","2.7","1.62","16.2","162","1","1.62","","布面積＝1.8×0.9＝1.62 平方公尺。","[""長和寬同以公尺表示，直接相乘。"",""布面積＝長×寬＝1.8×0.9。"",""1.8×0.9＝1.62 平方公尺。""]","兩因數各有 1 位小數，乘積要有 2 位小數；18×9＝162 可檢查小數點位置。","[]","","","","","","","","","","","","","","",""
"MAT-0316","數學","原創會考程度練習","","","八年級下","幾何","矩形面積","基礎","單題選擇","長方形看板面積為 96 平方公分，長是 12 公分，寬為多少公分？","8","6","84","1,152","0","8","","寬＝面積÷長＝96÷12＝8 公分。","[""由面積等於長乘寬，反推寬。"",""長方形面積＝長×寬，所以寬＝96÷12。"",""96÷12＝8 公分。""]","面積除以已知邊長可反求另一邊；平方公分除以公分後，單位會是公分。","[]","","","","","","","","","","","","","","",""
"MAT-0317","數學","原創會考程度練習","","","九年級上","幾何","矩形面積","基礎","單題選擇","地圖比例尺為 1 公分代表 5 公尺。地圖上一塊長 3 公分、寬 2 公分的長方形土地，實際面積是多少平方公尺？","30","150","75","300","1","150","","實際長為 15 公尺、寬為 10 公尺，面積＝15×10＝150 平方公尺。","[""先把地圖長寬各乘 5 換成實際長度，再求面積。"",""依比例尺把兩邊分別換算：3×5＝15 公尺、2×5＝10 公尺。"",""15×10＝150 平方公尺；不可只把地圖面積乘 5。""]","比例尺是長度倍率，長和寬都須各自換算；面積倍率是長度倍率的平方。","[]","","","","","","","","","","","","","","",""
"MAT-0318","數學","原創會考程度練習","","","九年級下","幾何","矩形面積","基礎","單題選擇","一個長方形紙箱底面積是 72 平方公分，底面寬 6 公分。底面長是多少公分？","78","66","12","432","2","12","","底面長＝面積÷寬＝72÷6＝12 公分。","[""紙箱底面仍是長方形，反推未知邊長。"",""底面積＝長×寬，未知長＝72÷6。"",""72÷6＝12 公分。""]","面積除以底面寬可反求長；可用 12×6 是否回到 72 平方公分檢查。","[]","","","","","","","","","","","","","","",""
"MAT-0319","數學","原創會考程度練習","","","七年級上","幾何","矩形面積","中等","單題選擇","長 5.5 公尺、寬 2 公尺的長方形走道，要鋪地磚。需要鋪設的面積是多少平方公尺？","7.5","22","15","11","3","11","","走道面積＝5.5×2＝11 平方公尺。","[""將走道看成長方形，計算長乘寬。"",""走道地面完整呈長方形，面積＝5.5×2。"",""5.5×2＝11 平方公尺。""]","鋪設區域是完整長方形，直接以長乘寬；不要把兩邊相加當成周長。","[]","","","","","","","","","","","","","","",""
"MAT-0320","數學","原創會考程度練習","","","七年級下","幾何","矩形面積","中等","單題選擇","一塊長方形布告欄長 1.8 公尺、寬 0.9 公尺。若公告紙可不重疊地鋪滿布告欄，且每張面積 0.18 平方公尺，至少需要幾張？","9","5","10","18","0","9","","布告欄面積為 1.8×0.9＝1.62 平方公尺；1.62÷0.18＝9 張。每張面積相同且可不重疊鋪滿，商為整數 9，因此恰需 9 張。","[""先求布告欄面積，再除以單張公告紙面積。"",""布告欄面積＝1.8×0.9＝1.62 平方公尺；除以每張 0.18 平方公尺，商 9 為整數。"",""1.62÷0.18＝9 張；商為整數，因此至少且恰需 9 張。""]","先算布告欄總面積，再除以單張面積；題目保證不重疊鋪滿且商為整數。","[]","","","","","","","","","","","","","","",""
"MAT-0321","數學","原創會考程度練習","","","八年級上","幾何","勾股定理與直角三角形","中等","單題選擇","一塊直角三角形木板的兩股長分別為 7 公分和 24 公分，斜邊長多少公分？","23 公分","25 公分","24 公分","26 公分","1","25 公分","","兩股 7、24 公分夾直角，斜邊平方依勾股定理為 7²＋24²＝49＋576＝625，因此斜邊長 √625＝25 公分，答案為「25 公分」。","[""先確認 7 公分與 24 公分是直角兩側的股，題目要求的斜邊是直角的對邊。"",""套用勾股定理：斜邊²＝7²＋24²＝49＋576＝625。"",""取正平方根得斜邊 25 公分；長度不取負值，選「25 公分」。""]","先辨認直角和斜邊；只有直角三角形才能直接套用勾股定理。","[]","","","","","","","","","","","","","","",""
"MAT-0322","數學","原創會考程度練習","","","八年級下","幾何","三角形內角和與代數列式","中等","單題選擇","直角三角形的兩個銳角分別為（2x＋10）°與（3x－5）°，較小的銳角是多少度？","40°","46°","44°","90°","2","44°","","三角形內角和為 180°，已知一角 90°，兩銳角和為 90°。列式（2x＋10）＋（3x－5）＝90，得 x＝17；兩角為 44°、46°，較小者是「44°」。","[""直角三角形內角和是 180°，扣除直角後，兩個銳角合計 90°。"",""依題意列式：（2x＋10）＋（3x－5）＝90，化簡得 5x＋5＝90，所以 x＝17。"",""代回得兩銳角為 44° 和 46°，較小角是「44°」；兩角合計也確為 90°。""]","先用內角和建立方程式，求出 x 後仍要代回各角，別把 x 當成角度。","[]","","","","","","","","","","","","","","",""
"MAT-0323","數學","原創會考程度練習","","","九年級上","幾何","三角形相似與比例","中等","單題選擇","△ABC 中，D 在 AB 上、E 在 AC 上，且 DE 平行 BC。若 AD＝4、DB＝2、AE＝6，則 EC 長多少？","3","2","4","6","0","3","","DE∥BC，所以 △ADE 與 △ABC 相似。AB＝AD＋DB＝6，故 AD/AB＝4/6＝2/3；相似比亦為 AE/AC＝2/3。由 AC＝AE＋EC＝6＋EC，列 6/(6＋EC)=2/3，解得 EC＝3，答案為「3」。","[""因 DE 平行 BC，對應角相等，可得 △ADE∼△ABC。"",""先求 AB＝4＋2＝6，因此相似比 AD：AB＝4：6＝2：3。"",""令 EC＝x，則 AC＝6＋x；6/(6＋x)=2/3，交叉相乘得 x＝3，選「3」。""]","相似比要使用對應邊；求整段 AC 時記得加上已知的 AE。","[]","","","","","","","","","","","","","","",""
"MAT-0324","數學","原創會考程度練習","","","九年級下","幾何","扇形弧長","中等","單題選擇","一個圓形花圃半徑 14 公尺，取 π＝22/7。其 90° 扇形的弧長是多少公尺？","88 公尺","11 公尺","44 公尺","22 公尺","3","22 公尺","","90° 扇形占整圓的 1/4。整圓周長為 2πr＝2×(22/7)×14＝88 公尺，弧長為 88×1/4＝「22 公尺」。","[""圓心角 90° 占 360° 的四分之一，所以弧長是圓周長的四分之一。"",""先求整圓周長：2×(22/7)×14＝88 公尺。"",""弧長＝88×90/360＝22 公尺，選「22 公尺」；不要把弧長誤當半徑或直徑。""]","弧長比例看圓心角占 360° 的幾分之幾，別把扇形面積公式套進來。","[]","","","","","","","","","","","","","","",""
"MAT-0325","數學","原創會考程度練習","","","八年級上","幾何","正方形對角線與面積","中等","單題選擇","一個正方形地磚的對角線長 10√2 公分，地磚面積是多少平方公分？","100","50","150","200","0","100","","正方形對角線 d 與邊長 s 滿足 d²＝2s²，因此面積 s²＝d²/2。代入 d＝10√2，面積＝(10√2)²/2＝200/2＝「100 平方公分」。","[""設正方形邊長為 s；由對角線形成的等腰直角三角形，d²＝s²＋s²＝2s²。"",""所以面積 s²＝d²/2；將 d＝10√2 代入，得 (10√2)²/2。"",""計算 200÷2＝100，面積是「100 平方公分」；先平方根式再除以 2。""]","正方形對角線不是邊長；先用勾股定理建立 d²＝2s²，再直接求 s²。","[]","","","","","","","","","","","","","","",""
"MAT-0326","數學","原創會考程度練習","","","七年級下","幾何","平行四邊形內角性質","基礎","單題選擇","平行四邊形的一組相鄰內角比為 2：1，較小的內角是多少度？","45°","60°","90°","120°","1","60°","","平行四邊形相鄰內角互補，和為 180°。設兩角為 2x 與 x，則 3x＝180°，x＝60°；較小角為「60°」。","[""平行四邊形的相鄰內角在同側內角關係下互補，兩角相加為 180°。"",""以 x 表示比例中的 1 份，兩角為 2x、x，列式 2x＋x＝180°。"",""解得 x＝60°，較小角是「60°」；另一角為 120°，可檢查兩角和為 180°。""]","先判斷題目指相鄰角還是對角；相鄰角互補，對角則相等。","[]","","","","","","","","","","","","","","",""
"MAT-0327","數學","原創會考程度練習","","","八年級上","幾何","正多邊形內角與邊數","基礎","單題選擇","一個正多邊形的每個內角都是 144°，這個多邊形有幾條邊？","8 條","9 條","10 條","12 條","2","10 條","","正多邊形的一個外角與相鄰內角互補，外角＝180°－144°＝36°。一周外角和為 360°，邊數 n＝360°÷36°＝「10 條」。","[""每個內角 144°，所以每個外角為 180°－144°＝36°。"",""正多邊形各外角和為 360°，因此邊數＝360°÷36°。"",""計算得 10 條邊，選「10 條」；外角和固定為 360°，不是 180°。""]","遇到正多邊形內角，先轉成外角；所有外角合計一周 360°。","[]","","","","","","","","","","","","","","",""
"MAT-0328","數學","原創會考程度練習","","","八年級下","幾何","比例尺與面積換算","中等","單題選擇","平面圖比例尺為 1：250，房間在圖上的長、寬分別為 4 公分與 3 公分。房間實際面積是多少平方公尺？","120 平方公尺","30 平方公尺","60 平方公尺","75 平方公尺","3","75 平方公尺","","1：250 表示圖上 1 公分代表實際 250 公分＝2.5 公尺。實際長為 4×2.5＝10 公尺，寬為 3×2.5＝7.5 公尺，面積＝10×7.5＝「75 平方公尺」。","[""先把圖上長度換算成實際長度：250 公分＝2.5 公尺，所以每圖上 1 公分代表 2.5 公尺。"",""實際長為 4×2.5＝10 公尺，實際寬為 3×2.5＝7.5 公尺。"",""房間面積＝10×7.5＝75 平方公尺，選「75 平方公尺」；面積單位要平方。""]","先將比例尺換成實際長度，再相乘求面積；面積比例會是長度比例的平方。","[]","","","","","","","","","","","","","","",""
"MAT-0329","數學","原創會考程度練習","","","九年級上","幾何","相似三角形與平行線","中等","單題選擇","△PQR 中，S 在 PQ 上、T 在 PR 上且 ST 平行 QR。若 PS＝5、SQ＝3、PT＝10，則 TR 長多少？","6","4","5","8","0","6","","ST∥QR 得 △PST∼△PQR。PQ＝5＋3＝8，相似比 PS/PQ＝5/8；令 TR＝x，則 PR＝10＋x，且 PT/PR＝10/(10＋x)=5/8。交叉相乘得 80＝50＋5x，解得 x＝6，因此答案為「6」。","[""平行線使 △PST 與 △PQR 相似；先求 PQ＝PS＋SQ＝5＋3＝8。"",""相似比 PS/PQ＝5/8，因此 PT/PR＝5/8；PR＝PT＋TR＝10＋x。"",""列 10/(10＋x)=5/8，交叉相乘得 80＝50＋5x，x＝6，選「6」。""]","相似三角形的對應頂點順序要一致；整段 PR 包含 PT 與要求的 TR。","[]","","","","","","","","","","","","","","",""
"MAT-0330","數學","原創會考程度練習","","","九年級下","幾何","長方體體積與容量換算","中等","單題選擇","一個長方體水槽內部長 1.2 公尺、寬 0.8 公尺、高 0.5 公尺，裝滿水約可裝多少公升？（1 立方公尺＝1,000 公升）","48 公升","480 公升","960 公升","1,200 公升","1","480 公升","","長方體體積＝長×寬×高＝1.2×0.8×0.5＝0.48 立方公尺。依題給換算，0.48×1,000＝「480 公升」。","[""水槽容量由內部長、寬、高相乘：1.2×0.8×0.5＝0.48 立方公尺。"",""依題目給定 1 立方公尺＝1,000 公升，將 0.48 乘以 1,000。"",""容量為「480 公升」；不要把公尺與公升直接相等，也不要漏做單位換算。""]","容量題先求立方單位體積，再依題目提供的換算關係轉成公升。","[]","","","","","","","","","","","","","","",""
"MAT-0331","數學","原創會考程度練習","","","七年級上","一次方程式","一次方程式應用","基礎","單題選擇","一個數的 3 倍減 7 等於 20，這個數是多少？","7","8","9","11","2","9","","設這個數為 x，依題意列式 3x−7＝20，解得 3x＝27、x＝9。","[""把未知數設為 x，將「3 倍減 7」寫成 3x−7。"",""解方程式 3x−7＝20，得到 x＝9，答案 C。"",""移項時 −7 移到等號另一邊要加 7。""]","解方程 3x−7＝20：先將 −7 移項得到 3x＝27，再除以 3，得 x＝9。解題時留意移項改變正負號。","[]","","","","","","","","","","","","","","",""
"MAT-0332","數學","原創會考程度練習","","","七年級下","百分率","比例與百分率","基礎","單題選擇","一件外套原價 1,200 元，打 75 折後售價是多少？","300 元","1,125 元","1,500 元","900 元","3","900 元","","75 折表示售價為原價的 75%，故 1,200×0.75＝900 元。","[""把 75 折換成百分率 75%，也就是 0.75。"",""售價＝1,200×0.75＝900 元，答案 D。"",""打 75 折不是減價 75%，而是付原價的 75%。""]","75 折表示付原價的 75%，所以用原價乘以 0.75。勿將打折率誤當成折掉的百分比。","[]","","","","","","","","","","","","","","",""
"MAT-0333","數學","原創會考程度練習","","","八年級上","圓","幾何與圓","基礎","單題選擇","半徑為 5 公分的圓，其圓周長為何？（取 π＝3.14）","31.4 公分","15.7 公分","78.5 公分","25 公分","0","31.4 公分","","圓周長＝2πr＝2×3.14×5＝31.4 公分。","[""題目給半徑 r＝5，使用圓周長公式 2πr。"",""計算 2×3.14×5＝31.4 公分，答案 A。"",""不要把圓面積 πr² 和圓周長 2πr 混淆。""]","圓周長公式為 2πr；圓面積才是 πr²，題目已給 π＝3.14。","[]","","","","","","","","","","","","","","",""
"MAT-0334","數學","原創會考程度練習","","","八年級下","統計","平均數","基礎","單題選擇","五次小考分數為 72、80、85、91、92 分，平均分數是多少？","82 分","84 分","85 分","86 分","1","84 分","","平均數＝總和÷資料筆數，總分 72＋80＋85＋91＋92＝420，420÷5＝84。","[""先求五次分數總和。"",""420 分除以 5 次，平均 84 分，答案 B。"",""平均不是取中間值；須將所有數值相加再除以筆數。""]","平均數是總和除以資料筆數；不要誤用中位數或只加部分資料。","[]","","","","","","","","","","","","","","",""
"MAT-0335","數學","原創會考程度練習","","","九年級上","直角三角形","畢氏定理","基礎","單題選擇","直角三角形兩股長為 5 公分、12 公分，斜邊長是多少？","10 公分","12 公分","13 公分","17 公分","2","13 公分","","依畢氏定理，斜邊平方 c²＝5²＋12²＝25＋144＝169，因此斜邊 c＝√169＝13 公分。","[""確認兩股長 5、12 夾直角，使用畢氏定理。"",""設斜邊長為 c，則 c²＝5²＋12²＝25＋144＝169。"",""取正平方根得 c＝√169＝13 公分，答案 C；斜邊取正值且為三邊最長者。""]","畢氏定理只適用直角三角形；斜邊是直角的對邊且為最長邊。","[]","","","","","","","","","","","","","","",""
"MAT-0336","數學","原創會考程度練習","","","九年級下","二元一次方程式","二元一次方程式","基礎","單題選擇","甲乙兩數和為 18，甲比乙多 4。乙數為何？","9","11","14","7","3","7","","設甲為 x、乙為 y。由 x＋y＝18、x−y＝4，兩式相加得 x＝11，再代入和式求 y＝7。","[""設甲數為 x、乙數為 y，列出 x＋y＝18、x−y＝4。"",""兩式相加得 2x＝22，所以 x＝11。"",""代入 x＋y＝18，得 y＝18−11＝7，答案 D；注意題目問乙數。""]","先依題意分別寫出和與差，再以加減消去法解聯立方程。","[]","","","","","","","","","","","","","","",""
"MAT-0337","數學","原創會考程度練習","","","七年級上","機率","機率","基礎","單題選擇","公平六面骰擲一次，點數大於 4 的機率是多少？","1/3","1/6","1/2","2/3","0","1/3","","大於 4 的點數為 5、6，共 2 個有利結果；六個點數機會相同，機率為 2/6＝1/3。","[""列出符合「大於 4」的點數 5 和 6。"",""有利結果 2 個、總結果 6 個，機率 1/3，答案 A。"",""大於 4 不包含 4；不能將「大於」誤看成「大於等於」。""]","機率＝符合條件結果數÷等可能結果總數；大於 4 不包含 4。","[]","","","","","","","","","","","","","","",""
"MAT-0338","數學","原創會考程度練習","","","七年級下","一次函數","一次函數","基礎","單題選擇","一次函數 y＝−2x＋5 的圖形與 y 軸交點座標為何？","(0,−2)","(0,5)","(5,0)","(−2,0)","1","(0,5)","","與 y 軸交點的 x 座標為 0，代入 y＝−2(0)＋5＝5，因此交點為 (0,5)。","[""y 軸上每個點都滿足 x＝0。"",""代入 x＝0 得 y＝5，答案 B。"",""不要把 y 軸截距 5 寫成座標 (5,0)。""]","y 軸交點必有 x＝0；截距是數值，交點要寫成有序數對。","[]","","","","","","","","","","","","","","",""
"MAT-0339","數學","原創會考程度練習","","","八年級上","比例尺","相似形與比例","中等","單題選擇","地圖比例尺為 1：25,000，地圖上距離 4 公分代表實際距離多少公尺？","100 公尺","250 公尺","1,000 公尺","10,000 公尺","2","1,000 公尺","","實際距離＝4×25,000＝100,000 公分；100,000 公分＝1,000 公尺。","[""先依比例尺換算成實際公分。"",""100,000 公分除以 100 換成公尺為 1,000，答案 C。"",""換成公尺需除以 100；留意比例尺兩端單位一致。""]","依比例尺換算後先統一單位；1 公尺＝100 公分。","[]","","","","","","","","","","","","","","",""
"MAT-0340","數學","原創會考程度練習","","","八年級下","立體圖形","長方體體積","基礎","單題選擇","一個長方體體積為 60 立方公分，底面長 5 公分、寬 4 公分。它的高是多少公分？","2 公分","4 公分","6 公分","3 公分","3","3 公分","","長方體體積＝長×寬×高。底面積為 5×4＝20 平方公分，所以高＝60÷20＝3 公分，答案 D。","[""先求底面積：5×4＝20 平方公分。"",""以體積除以底面積求高：60÷20＝3。"",""長方體高為 3 公分，選 D；單位由立方公分除以平方公分得到公分。""]","反求長方體高度用體積除以底面積；注意結果應是長度單位。","[]","","","","","","","","","","","","","","",""
"MAT-0341","數學","原創會考程度練習","","","九年級上","代數","一元一次方程式","中等","單題選擇","校外教學的費用包括每人 80 元門票，另有 1,200 元租車費由全體參加者平均分攤。若每人實際支付的總額為 140 元，參加人數是多少？","20 人","24 人","30 人","15 人","0","20 人","","設參加人數為 n。每人支付總額＝門票＋平均分攤車資，因此 80＋1,200/n＝140。先得每人分攤車資為 140－80＝60 元，再解 1,200/n＝60，得 n＝20，答案為選項「20 人」。","[""設參加人數為 n，依題意列式：80＋1,200/n＝140。"",""每人分攤車資為 140－80＝60 元，因此 1,200/n＝60，解得 n＝20。"",""因此有 20 人參加，選「20 人」；代回可得 80＋1,200÷20＝140。""]","先分清固定費用和分攤費用，再列出總額 ÷ 每人分攤額求人數。","[]","","","","","","","","","","","","","","",""
"MAT-0342","數學","原創會考程度練習","","","九年級下","統計與機率","不放回抽取機率與互補事件","中等","單題選擇","袋中有 3 顆紅球、2 顆藍球，每顆球被抽中的機會相同。連續不放回抽出 2 顆，恰好一紅一藍的機率是多少？","3/5","1/5","3/10","2/5","0","3/5","","恰好一紅一藍有兩種順序：先紅後藍，機率 (3/5)×(2/4)=3/10；先藍後紅，機率 (2/5)×(3/4)=3/10。兩種互斥順序相加：3/10＋3/10＝6/10＝3/5，答案 A。","[""恰好一紅一藍包含「紅後藍」與「藍後紅」兩種互斥順序。"",""紅後藍的機率為 (3/5)×(2/4)=3/10；藍後紅的機率為 (2/5)×(3/4)=3/10。"",""兩種順序相加：3/10＋3/10＝6/10＝3/5，選 A。""]","「恰好一紅一藍」要包含兩種先後順序；各順序先連乘，再把互斥結果相加。","[]","","","","","","","","","","","","","","",""
"MAT-0343","數學","原創會考程度練習","","","七年級上","數與量","比例與速率","中等","單題選擇","地圖比例尺為 1：50,000，地圖上兩地相距 6 公分，兩地實際距離是多少公里？","0.3 公里","1.2 公里","3 公里","30 公里","2","3 公里","","比例尺 1：50,000 表示地圖 1 公分代表實際 50,000 公分。地圖 6 公分代表 6×50,000＝300,000 公分；因 100,000 公分為 1 公里，實際距離為 3 公里，答案為選項「3 公里」。","[""依比例尺將地圖距離換成實際公分：6×50,000＝300,000 公分。"",""將公分換成公里：1 公里＝100,000 公分，所以 300,000÷100,000＝3。"",""實際距離為 3 公里，選「3 公里」；注意比例尺兩端單位相同後再換算。""]","比例尺先求同單位的實際長度，再進行公尺或公里換算，避免少乘比例尺。","[]","","","","","","","","","","","","","","",""
"MAT-0344","數學","原創會考程度練習","","","七年級下","幾何","勾股定理與直角三角形","基礎","單題選擇","一個直角三角形兩股長分別為 9 公分和 12 公分。斜邊長為多少公分？","21","13","14","15","3","15","","依勾股定理，斜邊平方等於兩股平方和：9²＋12²＝81＋144＝225，因此斜邊長為 √225＝15 公分，答案為選項「15」。","[""直角三角形中最長邊是斜邊，可用勾股定理計算。"",""兩股平方和為 9²＋12²＝81＋144＝225。"",""斜邊長為 √225＝15 公分，選「15」；可用 9、12、15 的倍數關係檢查。""]","先確認題目要找的是斜邊還是股；勾股定理比較的是邊長平方。","[]","","","","","","","","","","","","","","",""
"MAT-0345","數學","原創會考程度練習","","","八年級上","代數","一次函數斜率與截距","中等","單題選擇","計程車車資以一次函數表示：總車資 y（元）= 85 + 18x，其中 x 是行駛公里數。下列哪個敘述正確？","起跳費為 85 元，每公里增加 18 元","起跳費為 18 元，每公里 85 元","行駛 18 公里時車資為 85 元","車資每增加 85 元，行駛距離增加 18 公里","0","起跳費為 85 元，每公里增加 18 元","","一次函數 y=85+18x 中，常數項 85 是 x=0 時的起跳費，x 的係數 18 表示每行駛 1 公里車資增加 18 元。因此正確敘述為「起跳費為 85 元，每公里增加 18 元」。","[""將公式與一次函數 y=mx+b 對照：x 的係數代表每公里變化量，常數項代表起始值。"",""係數 18 表示每公里增加 18 元；常數 85 表示未行駛時仍須支付的起跳費。"",""因此正確敘述是起跳費 85 元、每公里增加 18 元；其他選項把係數與常數項混淆。""]","一次函數的斜率（係數）表示每單位 x 的變化量，截距（常數項）是 x=0 時的 y 值。","[]","","","","","","","","","","","","","","",""
"MAT-0346","數學","原創會考程度練習","","","八年級下","幾何","矩形周長與面積","中等","單題選擇","一個長方形花圃面積為 96 平方公尺，寬 8 公尺。若要沿花圃四周裝設圍欄，需要多少公尺的圍欄？","32 公尺","40 公尺","48 公尺","36 公尺","1","40 公尺","","由面積＝長×寬，花圃長度為 96÷8＝12 公尺。圍欄長度是長方形周長：2×(12＋8)=40 公尺，答案為選項「40 公尺」。","[""題目先給面積與寬，利用長方形面積公式求長：96÷8＝12 公尺。"",""圍欄沿四周設置，要求的是周長而非面積：2×(長＋寬)。"",""代入得 2×(12＋8)=40 公尺，選「40 公尺」；答案單位應是公尺。""]","應用題先判斷要算覆蓋面積還是邊界周長；兩者公式與單位不同。","[]","","","","","","","","","","","","","","",""
"MAT-0347","數學","原創會考程度練習","","","九年級上","幾何","三角形面積","基礎","單題選擇","一個三角形底邊長 14 公分、高 9 公分，面積是多少平方公分？","54 平方公分","72 平方公分","63 平方公分","126 平方公分","2","63 平方公分","","三角形面積＝底×高÷2。代入底 14 公分、高 9 公分，得 14×9÷2＝63 平方公分，答案為選項「63 平方公分」。","[""確認題目提供的是三角形底邊 14 公分與對應高 9 公分。"",""套用三角形面積公式：底×高÷2，即 14×9÷2。"",""計算得 63 平方公分，選「63 平方公分」；面積單位使用平方公分。""]","三角形的高必須垂直於所選底邊；別漏掉公式中的除以 2。","[]","","","","","","","","","","","","","","",""
"MAT-0348","數學","原創會考程度練習","","","九年級下","幾何","圓周長","基礎","單題選擇","一個圓形花圃的半徑為 5 公尺。取 π＝3，沿花圃邊緣一圈的長度是多少公尺？","15 公尺","60 公尺","30 公尺","75 公尺","2","30 公尺","","圓周長 C＝2πr。代入 π＝3、半徑 r＝5 公尺，C＝2×3×5＝30 公尺，答案為選項「30 公尺」。","[""題目問沿圓形花圃邊緣一圈的長度，因此要求圓周長，不是圓面積。"",""使用 C＝2πr，將 π＝3、r＝5 公尺代入。"",""C＝2×3×5＝30 公尺，選「30 公尺」；圓周長單位是公尺。""]","圓周長使用 2πr 或 πd；圓面積才使用 πr²，先看題目問邊界還是內部。","[]","","","","","","","","","","","","","","",""
"MAT-0349","數學","原創會考程度練習","","","七年級上","幾何","平行四邊形面積","基礎","單題選擇","一塊平行四邊形告示牌的底為 12 公分，對應底邊的垂直高為 7 公分。告示牌面積是多少平方公分？","168 平方公分","76 平方公分","91 平方公分","84 平方公分","3","84 平方公分","","平行四邊形面積＝底×對應高。代入底 12 公分與垂直高 7 公分，面積為 12×7＝84 平方公分，答案為選項「84 平方公分」。","[""辨認平行四邊形的底邊為 12 公分，題目已給出對應的垂直高 7 公分。"",""面積公式為底×高，不需要把斜邊長當成高。"",""12×7＝84 平方公分，選「84 平方公分」。""]","平行四邊形面積使用垂直高，不是斜邊長；確認底和高互相對應。","[]","","","","","","","","","","","","","","",""
"MAT-0350","數學","原創會考程度練習","","","七年級下","幾何","梯形面積","基礎","單題選擇","一個梯形的上底為 8 公分、下底為 14 公分，高為 6 公分，面積是多少平方公分？","66 平方公分","60 平方公分","72 平方公分","132 平方公分","0","66 平方公分","","梯形面積＝(上底＋下底)×高÷2。代入 (8＋14)×6÷2＝22×3＝66 平方公分，答案為選項「66 平方公分」。","[""先把兩條平行底邊相加：8＋14＝22 公分。"",""梯形面積為兩底和乘高再除以 2：(22×6)÷2。"",""面積為 66 平方公分，選「66 平方公分」；不要漏掉除以 2。""]","梯形面積公式中的兩底是互相平行的邊，高則是兩底間的垂直距離。","[]","","","","","","","","","","","","","","",""
"MAT-0351","數學","原創會考程度練習","","","九年級上","代數","周長與面積關係","中等","素養題","一個長方形長 12 公分、寬 5 公分。若長減少 1 公分、寬增加 1 公分，周長仍不變；面積會如何改變？","減少 6 平方公分","增加 6 平方公分","不變","增加 12 平方公分","1","增加 6 平方公分","","原面積為 12×5＝60 平方公分。調整後長 11 公分、寬 6 公分，周長仍是 2×(11＋6)＝34 公分，面積為 66 平方公分，因此增加 66−60＝6 平方公分，答案 B。","[""先算原面積：12×5＝60 平方公分。"",""新長寬為 11、6，周長 2×(11＋6)＝34，確實不變；新面積 11×6＝66。"",""面積增加 66−60＝6 平方公分，選 B。""]","周長固定時，長寬此消彼長，面積仍可能改變；題目問面積改變量，須算新舊面積差。","[]","","","","","","","","","","","","","","",""
"MAT-0352","數學","原創會考程度練習","","","八年級下","統計","平均數","基礎","素養題","某生三次小考成績為 70、80、90 分，第四次得 100 分。四次平均為幾分？","82","84","85","86","2","85","","平均數等於總分除以次數；四次總分為 70＋80＋90＋100=340，340÷4=85。答案 C（85 分）。","[""先將四次分數相加：340。"",""共有 4 次小考，以總分除以 4。"",""340÷4=85，選 C。""]","平均數是總和除以資料筆數，不是把最高與最低取平均。","[]","","","","","","","","","","","","","","",""
"MAT-0353","數學","原創會考程度練習","","","七年級下","比例","比例分配","中等","素養題","果汁原液與水依 2：5 調配。若使用原液 300 毫升，需加水多少毫升？","600","750","900","1,050","1","750","","原液 2 份對應 300 毫升，1 份為 150 毫升；水為 5 份，所以需 5×150=750 毫升。答案 B（750 毫升）。","[""由 2 份原液=300 毫升，求得每份 150 毫升。"",""水量是 5 份，計算 5×150=750 毫升。"",""正確答案為 750 毫升，選 B。""]","比例應按份數倍率換算，避免把兩組量的順序顛倒。","[]","","","","","","","","","","","","","","",""
"MAT-0354","數學","原創會考程度練習","","","九年級上","幾何","勾股定理","基礎","素養題","直角三角形兩股長為 5 公分及 12 公分，斜邊長為幾公分？","13","15","17","18","0","13","","由勾股定理，斜邊平方=5²＋12²=25＋144=169，因此斜邊長為 √169=13 公分。答案 A（13）。","[""確認 5、12 是直角邊，所求斜邊為最長邊。"",""套用勾股定理：c²=5²＋12²=169。"",""取正平方根得 c=13 公分，選 A。""]","斜邊平方等於兩股平方和；長度取正值。","[]","","","","","","","","","","","","","","",""
"MAT-0355","數學","原創會考程度練習","","","八年級上","機率","古典機率","基礎","素養題","袋中有 3 顆紅球、2 顆藍球，任取 1 顆，取到藍球的機率為何？","1/5","2/5","1/2","3/5","1","2/5","","共有 3＋2=5 顆球，其中藍球 2 顆，等可能抽取時機率為有利結果數除以全部結果數，即 2/5。答案 B（2/5）。","[""計算球的總數：3＋2=5。"",""取到藍球的有利結果有 2 顆。"",""機率=2/5，選 B。""]","等可能情形下，機率=有利結果數÷所有可能結果數。","[]","","","","","","","","","","","","","","",""
"MAT-0356","數學","原創會考程度練習","","","七年級上","一元一次方程式","一元一次方程式建模","中等","素養題","一張成人票比學生票貴 80 元，買 2 張成人票和 3 張學生票共 760 元。學生票一張多少元？","100","120","130","140","1","120","","設學生票 x 元，成人票 x＋80 元。2(x＋80)+3x=760，得 5x=600，x=120 元。答案 B（120）。","[""設學生票為 x，成人票即 x＋80。"",""依總價列式 2(x＋80)+3x=760，化簡得 5x=600。"",""解得 x=120 元，選 B。""]","列總價方程時，票價差只加在成人票上，並乘以成人票張數。","[]","","","","","","","","","","","","","","",""
"MAT-0357","數學","原創會考程度練習","","","九年級上","數列","等差數列通項","中等","素養題","等差數列 4、9、14、19……的第 20 項為何？","94","95","99","104","2","99","","首項 a₁=4，公差 d=5。第 n 項為 a₁+(n−1)d，所以 a₂₀=4+19×5=99。答案 C（99）。","[""相鄰兩項差為 5，因此公差 d=5。"",""代入等差數列公式 aₙ=a₁+(n−1)d。"",""a₂₀=4+19×5=99，選 C。""]","第 n 項公式乘的是 n−1 個公差，不是 n 個。","[]","","","","","","","","","","","","","","",""
"MAT-0358","數學","原創會考程度練習","","","九年級下","函數","兩點斜率","基礎","素養題","直線通過 (2, 5) 與 (6, 13)，其斜率為何？","1","2","3","4","1","2","","斜率為縱坐標變化量除以橫坐標變化量：m=(13−5)/(6−2)=8/4=2。答案 B（2）。","[""標出兩點的座標變化：y 增加 8，x 增加 4。"",""依斜率公式 m=縱坐標變化量÷橫坐標變化量，列式 m=(13−5)/(6−2)。"",""計算得 m=8/4=2，選 B。""]","斜率要用縱向變化除以橫向變化，並保持兩點順序一致。","[]","","","","","","","","","","","","","","",""
"MAT-0359","數學","原創會考程度練習","","","九年級下","立體圖形","圓柱體積","基礎","素養題","圓柱底面半徑為 3 公分、高 10 公分，體積為多少立方公分？","30π","60π","90π","100π","2","90π","","圓柱體積=底面積×高=πr²h。代入 r=3、h=10，得 π×9×10=90π 立方公分。答案 C（90π）。","[""先求底面圓面積：π×3²=9π。"",""再乘高度 10，圓柱體積為 90π。"",""選 C；體積單位為立方公分。""]","圓柱體積用底面積乘高，別把半徑誤當直徑。","[]","","","","","","","","","","","","","","",""
"MAT-0360","數學","原創會考程度練習","","","八年級下","百分率","折扣計算","中等","素養題","一件外套原價 1,200 元，先打八折，再使用 100 元折價券，實付多少元？","860","900","960","1,060","0","860","","八折後價格為 1,200×0.8=960 元，再減 100 元折價券，實付 860 元。答案 A（860 元）。","[""先計算八折價格：1,200×0.8=960 元。"",""折價券再折抵 100 元：960−100=860。"",""實付 860 元，選 A；折數與折價金額的順序不可混淆。""]","折扣率作用於原價，固定金額折價券再從折後價格扣除。","[]","","","","","","","","","","","","","","",""
"MAT-0361","數學","原創會考程度練習","","","七年級上","幾何","三角形內角和","基礎","素養題","三角形的兩個內角分別為 44° 和 69°，第三個內角為幾度？","57°","67°","77°","87°","1","67°","","三角形內角和為 180°，第三角=180°−44°−69°=67°。答案 B（67°）。","[""先使用三角形內角和 180°。"",""把已知兩角相加：44°＋69°=113°。"",""第三角為 180°−113°=67°，選 B。""]","角度題先辨認圖形性質，再檢查已知角是否全部計入。","[]","","","","","","","","","","","","","","",""
"MAT-0362","數學","原創會考程度練習","","","九年級上","百分率","單利利息","中等","素養題","存入 5,000 元，年利率為 2%，單利計算 3 年後可得多少利息？","100 元","200 元","300 元","306 元","2","300 元","","單利利息=本金×年利率×年數=5,000×0.02×3=300 元。答案 C（300 元）；題目問利息，不是本利和。","[""將 2% 化為小數 0.02。"",""單利每年以原本金計息：5,000×0.02×3。"",""利息為 300 元，選 C；若問本利和才需再加本金。""]","單利以原本金計算，利息與本利和要分清楚。","[]","","","","","","","","","","","","","","",""
"MAT-0363","數學","原創會考程度練習","","","八年級上","坐標幾何","線段中點坐標","基礎","素養題","線段兩端點為 A(−2, 4)、B(6, 0)，其中點座標為何？","(2, 2)","(4, 2)","(2, 4)","(−4, 2)","0","(2, 2)","","中點座標取兩端點對應座標的平均：((−2＋6)/2，(4＋0)/2)=(2, 2)。答案 A（2, 2）。","[""中點的 x 座標是 (−2＋6)÷2=2。"",""中點的 y 座標是 (4＋0)÷2=2。"",""所以中點為 (2, 2)，選 A。""]","中點公式要分別對 x、y 座標取平均，負數也要保留符號。","[]","","","","","","","","","","","","","","",""
"MAT-0364","數學","原創會考程度練習","","","九年級上","圓","圓周長","基礎","素養題","一個圓的半徑為 7 公分，圓周長為何？","7π 公分","14π 公分","28π 公分","49π 公分","1","14π 公分","","圓周長=2πr。半徑 r=7，故周長=2π×7=14π 公分。答案 B（14π 公分）。","[""辨認已知量是半徑 7 公分，不是直徑。"",""套用圓周長公式 C=2πr。"",""C=2π×7=14π 公分，選 B。""]","注意直徑是半徑的兩倍，圓周長可用 2πr 或 πd。","[]","","","","","","","","","","","","","","",""
"MAT-0365","數學","原創會考程度練習","","","七年級下","一元一次方程式","解一元一次方程式","基礎","素養題","解方程式 3(2x−1)=21，x 為何？","3","4","5","6","1","4","","先除以 3 得 2x−1=7，再加 1 得 2x=8，故 x=4。答案 B（4）。","[""等式兩邊同除以 3：2x−1=7。"",""兩邊同加 1：2x=8。"",""兩邊同除以 2，得 x=4，選 B。""]","解方程可先消去括號外係數，再逐步做相反運算。","[]","","","","","","","","","","","","","","",""
"MAT-0366","數學","原創會考程度練習","","","八年級上","機率","獨立事件機率","基礎","素養題","同時擲兩枚公平硬幣，兩枚都正面朝上的機率為何？","1/2","1/4","1/3","3/4","1","1/4","","兩枚硬幣的等可能結果為正正、正反、反正、反反，共 4 種；兩枚皆正面只有 1 種，機率為 1/4。答案 B。","[""列出兩枚硬幣的四種等可能結果。"",""符合「兩枚都正面」的只有正正 1 種。"",""機率=1/4，選 B。""]","多個獨立結果可列出樣本空間，避免只數到單枚硬幣的情形。","[]","","","","","","","","","","","","","","",""
"MAT-0367","數學","原創會考程度練習","","","七年級下","立體圖形","正方體體積","基礎","素養題","正方體邊長為 4 公分，體積為多少立方公分？","16","32","48","64","3","64","","正方體體積=邊長³=4×4×4=64 立方公分。答案 D（64）。","[""正方體三個方向的邊長相同，都是 4 公分。"",""體積=長×寬×高=4×4×4。"",""計算得 64 立方公分，選 D。""]","體積是三維量，單位要用立方單位。","[]","","","","","","","","","","","","","","",""
"MAT-0368","數學","原創會考程度練習","","","八年級下","速率","平均速率","基礎","素養題","汽車 2.5 小時行駛 150 公里，平均速率為每小時幾公里？","50","60","75","90","1","60","","平均速率=路程÷時間=150÷2.5=60 公里／小時。答案 B（60）。","[""辨認路程為 150 公里、時間為 2.5 小時。"",""套用平均速率=路程÷時間。"",""150÷2.5=60 公里／小時，選 B。""]","速率單位由路程與時間的單位組合而成，計算前先核對單位。","[]","","","","","","","","","","","","","","",""
"MAT-0369","數學","原創會考程度練習","","","九年級下","函數","一次函數代入","基礎","素養題","已知 y=−2x＋5，當 x=3 時，y 為何？","−3","−1","1","11","1","−1","","將 x=3 代入 y=−2x＋5，得 y=−2×3＋5=−6＋5=−1。答案 B（−1）。","[""將 x=3 代入函數式：y=−2(3)＋5。"",""先乘法得 −6，再加 5。"",""所以 y=−1，選 B。""]","代入負係數時保留負號，並依先乘除後加減計算。","[]","","","","","","","","","","","","","","",""
"MAT-0370","數學","原創會考程度練習","","","八年級上","指數律","同底數冪相乘","基礎","素養題","計算 2³×2⁴，結果為何？","32","64","128","256","2","128","","同底數相乘時指數相加：2³×2⁴=2⁽³⁺⁴⁾=2⁷=128。答案 C（128）。","[""辨認兩個冪的底數相同，都是 2。"",""同底數相乘，指數相加：3＋4=7。"",""2⁷=128，選 C；不要把底數也相加。""]","指數律要先確認底數相同；只有同底數相乘才可直接相加指數。","[]","","","","","","","","","","","","","","",""
"MAT-0371","數學","原創會考程度練習","","","八年級下","分數與百分率","分數轉百分率","基礎","素養題","小美完成一本書的 3/8，這相當於百分之幾？","32.5%","37.5%","38%","62.5%","1","37.5%","","3÷8=0.375，換成百分率為 0.375×100%=37.5%。答案 B（37.5%）。","[""把分數 3/8 化成小數：3÷8=0.375。"",""小數換成百分率乘以 100%，得 37.5%。"",""所以選 B；不要把剩餘比例 5/8 當成已完成部分。""]","分數轉百分率時先化小數，再乘 100%。","[]","","","","","","","","","","","","","","",""
"MAT-0372","數學","原創會考程度練習","","","九年級上","二元一次方程式","加減消去法","基礎","素養題","已知 x＋y=11、x−y=3，x 等於多少？","4","7","8","14","1","7","","兩式相加可消去 y：2x=14，因此 x=7。答案 B（7）。","[""將 x＋y=11 與 x−y=3 相加，y 和 −y 抵消。"",""得到 2x=14。"",""解得 x=7，選 B。""]","聯立方程可用加減消去法，算完再核對選項與索引。","[]","","","","","","","","","","","","","","",""
"MAT-0373","數學","原創會考程度練習","","","八年級上","多邊形","正多邊形外角和與單一外角","基礎","素養題","六邊形的內角和為多少度？","540°","600°","720°","900°","2","720°","","n 邊形內角和=(n−2)×180°。六邊形有 6 邊，內角和=(6−2)×180°=720°。答案 C。","[""辨認六邊形的邊數 n=6。"",""代入多邊形內角和公式：(6−2)×180°。"",""計算得 720°，選 C。""]","多邊形內角和公式以邊數減 2，再乘 180°。","[]","","","","","","","","","","","","","","",""
"MAT-0374","數學","原創會考程度練習","","","七年級下","統計","中位數","基礎","素養題","資料依序為 3、5、6、8、12，其中位數為何？","5","8","7","6","3","6","","五筆資料已由小到大排列，中間第 3 筆是 6，所以中位數為 6。答案 D。","[""確認資料共有 5 筆且已排序。"",""奇數筆資料的中位數是正中央第 (5＋1)÷2=3 筆。"",""第 3 筆為 6，選 D。""]","中位數看排序後中央位置，不能把資料總和除以筆數。","[]","","","","","","","","","","","","","","",""
"MAT-0375","數學","原創會考程度練習","","","九年級上","比例尺","地圖比例尺換算","中等","素養題","地圖比例尺為 1：50,000，地圖上兩地相距 3 公分，實際距離為幾公里？","0.15","1.5","15","150","1","1.5","","實際距離=3×50,000=150,000 公分。因 100,000 公分=1 公里，所以為 1.5 公里。答案 B。","[""依比例尺將圖上 3 公分放大 50,000 倍：150,000 公分。"",""將公分換成公里：100,000 公分=1 公里。"",""150,000 公分=1.5 公里，選 B。""]","比例尺計算要先統一單位，再換算成題目要求的距離單位。","[]","","","","","","","","","","","","","","",""
"MAT-0376","數學","原創會考程度練習","","","七年級下","正比","正比與單價","基礎","素養題","每公斤蘋果 30 元，價格與重量成正比。買 7 公斤需多少元？","210","200","180","240","0","210","","單價固定時總價=單價×重量=30×7=210 元。答案 A。","[""確認單價為每公斤 30 元且不變。"",""將單價乘重量：30×7。"",""總價為 210 元，選 A。""]","正比情境中比例常數固定，可由單位量乘總量求值。","[]","","","","","","","","","","","","","","",""
"MAT-0377","數學","原創會考程度練習","","","九年級下","一次函數","一次函數點判斷","基礎","素養題","一次函數 y=3x−2 的圖形通過哪一點？","(1, 1)","(1, 2)","(2, 5)","(3, 8)","0","(1, 1)","","將 x=1 代入 y=3x−2，得 y=1，因此點 (1, 1) 在圖形上。其他選項代入後不符合函數式。答案 A。","[""先檢查選項 A：x=1 時 y=3×1−2=1。"",""所以 (1, 1) 符合 y=3x−2。"",""選 A；也可逐一代入其他點排除。""]","判斷點是否在函數圖形上，將座標代入函數式驗算即可。","[]","","","","","","","","","","","","","","",""
"MAT-0378","數學","原創會考程度練習","","","八年級下","表面積","正方體表面積","基礎","素養題","正方體邊長為 3 公分，表面積為多少平方公分？","27","54","36","81","1","54","","正方體有 6 個全等正方形面，每面積 3²=9 平方公分，表面積=6×9=54 平方公分。答案 B。","[""先求單一面的面積：3×3=9 平方公分。"",""正方體共有 6 個面，表面積=6×9。"",""得到 54 平方公分，選 B；不可用體積公式 3³。""]","表面積是各面的面積總和，與體積的三次方計算不同。","[]","","","","","","","","","","","","","","",""
"MAT-0379","數學","原創會考程度練習","","","七年級下","古典機率","質數事件機率","基礎","素養題","擲一顆公平六面骰，點數為質數的機率為何？","1/6","1/3","1/2","2/3","2","1/2","","骰子點數 1 至 6 中，質數為 2、3、5，共 3 個；全部有 6 種等可能結果，機率=3/6=1/2。答案 C。","[""列出 1 至 6 的質數：2、3、5；1 不是質數。"",""有利結果 3 個，全部等可能結果 6 個。"",""機率=3/6=1/2，選 C。""]","機率題需正確辨認符合條件的結果，特別注意 1 不是質數。","[]","","","","","","","","","","","","","","",""
"MAT-0380","數學","原創會考程度練習","","","九年級下","圓面積","扇形面積","基礎","素養題","半徑 8 公分的圓，其四分之一圓面積為何？","8π","64π","32π","16π","3","16π","","整個圓面積=π×8²=64π；四分之一為 64π÷4=16π 平方公分。答案 D。","[""先用半徑求整圓面積：πr²=64π。"",""題目只取四分之一，因此除以 4。"",""扇形面積為 16π 平方公分，選 D。""]","扇形占整圓的幾分之幾，面積也取整圓的相同比例。","[]","","","","","","","","","","","","","","",""
"MAT-0381","數學","原創會考程度練習","","","八年級下","一次函數","固定費與變動費","基礎","素養題","某計程車車資為基本費 60 元，另按每公里 20 元計算。行駛 3 公里共需多少元？","120","100","80","180","0","120","","總車資=基本費＋每公里費用×里程=60＋20×3=120 元。答案 A。","[""辨認固定基本費是 60 元，變動費是每公里 20 元。"",""3 公里的里程費為 20×3=60 元。"",""加上基本費，總額 60＋60=120 元，選 A。""]","生活情境中的固定費與變動費要分別計算後相加。","[]","","","","","","","","","","","","","","",""
"MAT-0382","數學","原創會考程度練習","","","七年級下","統計","全距","基礎","素養題","五位同學的身高（公分）為 152、160、155、168、158，資料全距為多少公分？","13","15","16","18","2","16","","全距=最大值−最小值。最大 168 公分、最小 152 公分，因此全距=168−152=16 公分。答案 C（16）。","[""找出最大值 168 和最小值 152。"",""全距為最大值減最小值：168−152。"",""計算得 16 公分，選 C。""]","全距只用最大值減最小值，不是平均數或中位數。","[]","","","","","","","","","","","","","","",""
"MAT-0383","數學","原創會考程度練習","","","八年級上","幾何","梯形面積","基礎","素養題","梯形兩底長分別為 6 公分、10 公分，高為 4 公分，面積為多少平方公分？","24","32","30","40","1","32","","梯形面積=(上底＋下底)×高÷2=(6＋10)×4÷2=32 平方公分。答案 B。","[""將兩平行底相加：6＋10=16。"",""乘高 4，再除以 2：16×4÷2。"",""面積為 32 平方公分，選 B。""]","梯形面積要把兩底平均後乘高，別漏掉除以 2。","[]","","","","","","","","","","","","","","",""
"MAT-0384","數學","原創會考程度練習","","","九年級上","百分率","百分率變化","中等","素養題","某商品價格由 80 元降為 68 元，降幅占原價百分之幾？","12%","18%","15%","20%","2","15%","","降價 80−68=12 元；降幅百分率以原價為基準，12÷80=0.15=15%。答案 C。","[""先算減少金額：80−68=12 元。"",""以原價 80 元作為百分率的基準，計算 12÷80。"",""0.15=15%，選 C。""]","百分率變化通常用變化量除以原始量，先確認比較基準。","[]","","","","","","","","","","","","","","",""
"MAT-0385","數學","原創會考程度練習","","","九年級下","相似形","相似形邊長","基礎","素養題","兩個相似三角形的對應邊長比為 1：2。小三角形一邊長 3 公分，大三角形的對應邊長為何？","1.5","5","9","6","3","6","","大、小三角形的對應邊長比為 2：1，因此對應邊=3×2=6 公分。答案 D。","[""確認比例 1：2 表示小形：大形。"",""大三角形的線性放大倍率為 2。"",""對應邊長為 3×2=6 公分，選 D。""]","相似形的邊長按倍率變化；面積則按倍率平方變化。","[]","","","","","","","","","","","","","","",""
"MAT-0386","數學","原創會考程度練習","","","八年級下","速率","速率時間路程","基礎","素養題","甲車以每小時 80 公里的速率行駛固定路程 240 公里，需要幾小時？","3","2","4","6","0","3","","時間=路程÷速率=240÷80=3 小時。答案 A。","[""辨認已知路程為 240 公里，速率為每小時 80 公里。"",""使用時間=路程÷速率。"",""240÷80=3 小時，選 A。""]","速率、路程與時間公式可互換，先確認所求量。","[]","","","","","","","","","","","","","","",""
"MAT-0387","數學","原創會考程度練習","","","九年級下","立體圖形","圓錐體積","基礎","素養題","圓錐底面半徑為 3 公分、高為 6 公分，體積為多少立方公分？","9π","18π","27π","54π","1","18π","","圓錐體積=底面積×高÷3=π×3²×6÷3=18π 立方公分。答案 B。","[""先求底面積：π×3²=9π。"",""圓錐體積為底面積乘高再除以 3：9π×6÷3。"",""得到 18π 立方公分，選 B。""]","圓錐與同底同高圓柱相比，體積是圓柱的三分之一。","[]","","","","","","","","","","","","","","",""
"MAT-0388","數學","原創會考程度練習","","","七年級下","一元一次不等式","一元一次不等式","基礎","素養題","解不等式 2x＋3＜11，x 的範圍為何？","x＜4","x＞4","x＜7","x＞7","0","x＜4","","兩邊同減 3 得 2x＜8，再同除以正數 2，不等號方向不變，故 x＜4。答案 A。","[""兩邊同減 3：2x＜8。"",""兩邊同除以正數 2，不等號方向維持：x＜4。"",""選 A；只有除以負數時不等號方向才需反轉。""]","不等式除以負數時才反轉不等號，除以正數則不變。","[]","","","","","","","","","","","","","","",""
"MAT-0389","數學","原創會考程度練習","","","九年級下","坐標幾何","座標平面距離","中等","素養題","座標平面上 A(1, 2)、B(4, 6) 兩點的距離為多少單位？","4","5","6","7","1","5","","兩點水平差為 4−1=3，垂直差為 6−2=4。連線為直角三角形斜邊，距離=√(3²＋4²)=5。答案 B。","[""計算兩點的水平與垂直距離：3 和 4。"",""以兩直角邊套用勾股定理：距離²=3²＋4²=25。"",""距離取正平方根得 5，選 B。""]","座標距離可轉成直角三角形，再用勾股定理計算。","[]","","","","","","","","","","","","","","",""
"MAT-0390","數學","原創會考程度練習","","","七年級下","分數","分數乘法","基礎","素養題","計算 28 的 3/4，結果為何？","18","20","21","24","2","21","","28 的 3/4 為 28×3/4=7×3=21。答案 C（21）。","[""把「的」理解為乘法，列式 28×3/4。"",""先算 28÷4=7，再算 7×3=21。"",""所以結果為 21，選 C。""]","分數乘整數可先約分，運算較簡潔。","[]","","","","","","","","","","","","","","",""
"MAT-0391","數學","原創會考程度練習","","","七年級上","統計","平均數與加權平均","中等","單題選擇","某班 20 位學生數學小考平均 72 分，另有 10 位學生平均 84 分。全班 30 位學生的平均分數為多少？","77 分","78 分","76 分","80 分","2","76 分","","兩組人數不同，不能直接平均 72 與 84。總分為 20×72＋10×84＝2280 分，再除以 30 人，平均為 76 分。","[""第一組總分為 20×72＝1440 分，第二組總分為 10×84＝840 分。"",""全班總分為 1440＋840＝2280 分。"",""全班平均為 2280÷30＝76 分，因此選 C。""]","合併不同人數群體的平均時，先加總各組總量，再除以總人數。","[]","","","","","","","","","","","","","","",""
"MAT-0392","數學","原創會考程度練習","","","七年級下","統計與機率","古典機率與互斥事件","中等","單題選擇","袋中有編號 1 至 8 的八張相同大小卡片，隨機抽一張。抽到 3 的倍數或偶數的機率為何？","1/2","3/4","7/8","5/8","3","5/8","","八種結果等可能。符合條件的號碼為 2、3、4、6、8，共 5 張，故機率為 5/8。","[""列出 1 至 8 中的 3 倍數：3、6；偶數：2、4、6、8。"",""符合『或』的號碼合併且不重複計數，為 2、3、4、6、8，共 5 個。"",""機率為 5÷8＝5/8，因此選 D。""]","處理『或』事件時，重疊結果只能計算一次。","[]","","","","","","","","","","","","","","",""
"MAT-0393","數學","原創會考程度練習","","","八年級上","代數","二元一次聯立方程式","中等","單題選擇","文具店中 2 枝鉛筆與 3 本筆記本共 54 元，3 枝鉛筆與 2 本筆記本共 51 元。每枝鉛筆多少元？","9 元","10 元","12 元","15 元","0","9 元","","設鉛筆每枝 x 元、筆記本每本 y 元，列式 2x＋3y＝54、3x＋2y＝51。消去 y 得 5x＝45，所以鉛筆單價為 9 元。","[""設鉛筆單價為 x 元、筆記本單價為 y 元，得 2x＋3y＝54、3x＋2y＝51。"",""第一式乘 2 得 4x＋6y＝108；第二式乘 3 得 9x＋6y＝153。"",""相減得 5x＝45，所以鉛筆每枝 9 元，選 A。""]","聯立方程式可先讓某一未知數係數相同，再相減消去。","[]","","","","","","","","","","","","","","",""
"MAT-0394","數學","原創會考程度練習","","","八年級下","幾何","畢氏定理與直角三角形","基礎","單題選擇","一個直角三角形的兩股長分別為 9 公分與 12 公分。斜邊長為多少公分？","13","15","18","21","1","15","","依畢氏定理，斜邊平方為 9²＋12²＝81＋144＝225，因此斜邊長為 15 公分。","[""直角三角形斜邊是最長邊，使用 c²＝a²＋b²。"",""代入兩股長，c²＝9²＋12²＝225。"",""取正平方根得 c＝15 公分，選 B。""]","先確認題目給的是兩股，再用畢氏定理求斜邊。","[]","","","","","","","","","","","","","","",""
"MAT-0395","數學","原創會考程度練習","","","九年級上","函數","一次函數與交點","基礎","單題選擇","直線 y＝2x＋1 與 y＝−x＋10 相交於一點，該交點的 x 坐標為何？","2","4","3","5","2","3","","交點同時滿足兩個函數式，令 2x＋1＝−x＋10，解得 3x＝9，所以 x＝3。","[""交點的 y 值相同，因此令 2x＋1 與 −x＋10 相等。"",""移項整理：2x＋x＝10−1，得到 3x＝9。"",""解得 x＝3，交點的 x 坐標為 3，選 C。""]","求兩直線交點時，先令兩個 y 表示式相等。","[]","","","","","","","","","","","","","","",""
"MAT-0396","數學","原創會考程度練習","","","九年級下","資料判讀","圓形圖與比例","基礎","單題選擇","某校社團共有 240 人。若音樂社在圓形圖中的扇形圓心角為 90°，音樂社有多少人？","45 人","90 人","80 人","60 人","3","60 人","","圓心角 90° 占全圓 360° 的 1/4，因此音樂社人數為 240×1/4＝60 人。","[""整個圓代表 360°，音樂社所占比例為 90÷360＝1/4。"",""將全校社團總人數 240 乘以 1/4。"",""240×1/4＝60 人，選 D。""]","圓形圖的扇形比例等於圓心角除以 360°。","[]","","","","","","","","","","","","","","",""
"MAT-0397","數學","原創會考程度練習","","","七年級上","數與量","百分率與連續折扣","中等","單題選擇","一件外套原價 1500 元，先打 8 折，再用折後價打 9 折。最後售價是多少元？","1080 元","1200 元","1050 元","1350 元","0","1080 元","","第一次折後為 1500×0.8＝1200 元；第二次以折後價計算，1200×0.9＝1080 元。","[""打 8 折表示付原價的 80%，第一次折後價為 1500×0.8＝1200 元。"",""第二次打 9 折是付 1200 元的 90%。"",""最後售價為 1200×0.9＝1080 元，選 A。""]","連續折扣需依序乘折數，後一次折扣以當時價格為基準。","[]","","","","","","","","","","","","","","",""
"MAT-0398","數學","原創會考程度練習","","","七年級下","數與量","速率與相遇問題","中等","單題選擇","甲、乙兩地相距 420 公里，兩車同時相向而行，速率分別為每小時 60 公里與 80 公里。幾小時後相遇？","2 小時","3 小時","3.5 小時","7 小時","1","3 小時","","相向而行時兩車每小時合計接近 60＋80＝140 公里，420÷140＝3 小時後相遇。","[""相向而行，兩車距離每小時減少 60＋80＝140 公里。"",""相遇時間＝總距離÷每小時接近距離。"",""420÷140＝3 小時，選 B。""]","相向速率相加、同向追趕時則用速率差。","[]","","","","","","","","","","","","","","",""
"MAT-0399","數學","原創會考程度練習","","","八年級上","幾何","圓周角與圓心角","基礎","單題選擇","在同一圓中，弧 AB 所對的圓心角為 124°。同弧 AB 所對的圓周角為多少度？","31°","124°","62°","248°","2","62°","","同弧所對的圓周角等於圓心角的一半，所以圓周角為 124°÷2＝62°。","[""辨認圓心角為 124°，且題目所問圓周角對同一弧。"",""同弧所對圓周角＝圓心角÷2。"",""124°÷2＝62°，選 C。""]","同弧的圓心角是圓周角的兩倍。","[]","","","","","","","","","","","","","","",""
"MAT-0400","數學","原創會考程度練習","","","八年級下","代數","等差數列與總和","中等","單題選擇","等差數列 5、8、11、14、⋯ 的前 10 項和為多少？","170","190","175","185","3","185","","公差為 3，第 10 項為 5＋9×3＝32。前 10 項和為 (5＋32)×10÷2＝185。","[""首項 a₁＝5，公差 d＝3，第 10 項為 5＋(10−1)×3＝32。"",""等差數列前 n 項和為 (首項＋末項)×項數÷2。"",""前 10 項和＝(5＋32)×10÷2＝185，選 D。""]","求等差數列總和可配對首末項，或使用首末項平均乘項數。","[]","","","","","","","","","","","","","","",""
"MAT-0401","數學","原創會考程度練習","","","九年級上","幾何","三角形相似與對應邊比","基礎","單題選擇","兩個三角形相似，小三角形的三邊長為 6、8、10 公分；大三角形中，對應於小三角形 6 公分邊的邊長為 9 公分。大三角形對應於 10 公分邊的邊長是多少公分？","15 公分","12 公分","18 公分","20 公分","0","15 公分","","相似三角形的對應邊長比相同。大、小三角形的放大倍率為 9÷6＝1.5，因此對應於 10 公分邊的長度為 10×1.5＝15 公分。","[""先找出題目給定的一組對應邊：小三角形 6 公分、大三角形 9 公分。"",""求大三角形相對於小三角形的倍率：9÷6＝1.5。"",""把小三角形對應邊 10 公分乘以倍率：10×1.5＝15 公分。""]","相似圖形要用相同順序的對應邊求倍率；不可把不同位置的邊直接相比。","[]","","","","","","","","","","","","","","",""
"MAT-0402","數學","原創會考程度練習","","","九年級下","幾何","三角形內角","基礎","單題選擇","一三角形三內角的比為 2：3：4，最大內角是多少度？","40°","80°","60°","100°","1","80°","","三角形內角和 180° 分成 2＋3＋4＝9 份，每份 20°；最大角為 4×20°＝80°。","[""先求總份數，再用 180°÷9 求每一份的角度。"",""三角形內角和對應 2＋3＋4 共 9 份。"",""最大角占 4 份，為 4×20°＝80°。""]","角度比的總份數對應 180°，先算每份角度，再乘所求角的份數。","[]","","","","","","","","","","","","","","",""
"MAT-0403","數學","原創會考程度練習","","","七年級上","幾何","三角形內角","基礎","單題選擇","直角三角形的一個銳角是 37°，另一個銳角是多少度？","43°","63°","53°","143°","2","53°","","直角三角形的兩銳角和為 90°，另一角＝90°−37°＝53°。","[""已知一角是 90°，所以另外兩角合計 90°。"",""直角占 90°，兩個銳角合計也是 90°。"",""90°−37°＝53°。""]","直角三角形兩個銳角互餘，合計 90°，不需再從 180° 扣一次直角。","[]","","","","","","","","","","","","","","",""
"MAT-0404","數學","原創會考程度練習","","","七年級下","幾何","等腰三角形與畢氏定理","基礎","單題選擇","等腰三角形的兩腰各長 13 公分，底邊長 10 公分。從頂點向底邊作垂線，高是多少公分？","5 公分","10 公分","13 公分","12 公分","3","12 公分","","等腰三角形頂點到底邊的垂線會平分底邊，因此半底為 10÷2＝5 公分。形成直角三角形後，用畢氏定理得高²＋5²＝13²，所以高²＝144，高＝12 公分。","[""頂點向底邊作垂線，會把底邊平分：10÷2＝5 公分。"",""垂線形成直角三角形，斜邊為 13 公分，另一股為 5 公分。"",""依畢氏定理，h²＝13²−5²＝169−25＝144，因此 h＝12 公分。""]","等腰三角形的高會垂直且平分底邊；長度題可轉成直角三角形使用畢氏定理。","[]","","","","","","","","","","","","","","",""
"MAT-0405","數學","原創會考程度練習","","","八年級上","幾何","三角形外角與角度比","中等","單題選擇","三角形的一個外角為 125°，兩個不相鄰內角的比為 2：3。較大的不相鄰內角是多少度？","75°","50°","55°","125°","0","75°","","三角形外角等於兩個不相鄰內角和，故兩角合計 125°。依 2：3 分成 5 份，每份為 125°÷5＝25°；較大角占 3 份，所以是 3×25°＝75°，答案 A。","[""依三角形外角定理，兩個不相鄰內角的和等於外角 125°。"",""角度比總份數為 2＋3＝5，每份是 125°÷5＝25°。"",""較大角占 3 份，3×25°＝75°，選 A。""]","先用外角定理取得兩個遠端內角的總和，再依角度比分配；外角不包含與它相鄰的內角。","[]","","","","","","","","","","","","","","",""
"MAT-0406","數學","原創會考程度練習","","","八年級下","幾何","平行四邊形與對角線角度","中等","單題選擇","平行四邊形 ABCD 中，∠A＝68°，對角線 AC 將 ∠A 分成 ∠BAC＝28° 與 ∠CAD＝40°。∠BCA 是幾度？","73°","40°","97°","117°","1","40°","","平行四邊形相鄰內角互補，所以 ∠ABC＝180°−68°＝112°。在三角形 ABC 中，∠BCA＝180°−112°−28°＝40°，答案 B。題幹的 ∠CAD＝40° 與平行四邊形另一側角度也相符。","[""先用平行四邊形相鄰角互補，求 ∠ABC＝180°−68°＝112°。"",""三角形 ABC 的另外兩角為 ∠BAC＝28° 與 ∠ABC＝112°。"",""∠BCA＝180°−28°−112°＝40°，選 B。""]","平行四邊形的相鄰角互補；加入對角線後，須再用三角形內角和，避免把四邊形內角直接當成三角形角。","[]","","","","","","","","","","","","","","",""
"MAT-0407","數學","原創會考程度練習","","","九年級上","幾何","正多邊形外角與邊數","中等","單題選擇","一個正多邊形的每個外角都是 24°，這個正多邊形有幾條邊？","12 條","18 條","15 條","24 條","2","15 條","","正多邊形的外角和為 360°，且各外角相等，因此邊數＝360°÷24°＝15 條。","[""凸正多邊形每個頂點取一個同方向外角，外角總和為 360°。"",""因為是正多邊形，各外角相等，邊數＝360°÷每個外角。"",""360°÷24°＝15，因此有 15 條邊。""]","正多邊形每個外角相等且外角和為 360°；邊數可用 360° 除以單一外角。","[]","","","","","","","","","","","","","","",""
"MAT-0408","數學","原創會考程度練習","","","九年級下","幾何","平行線截角","基礎","單題選擇","兩條平行線被一直線截過，同側內角之一為 112°，另一個同側內角是多少度？","78°","112°","122°","68°","3","68°","","平行線的同側內角互補，和為 180°。另一角＝180°−112°＝68°。","[""平行線被截線相交時，同側內角互補。"",""設另一個同側內角為 x，列式 112°＋x＝180°。"",""解得 x＝68°；可用兩角和 180° 檢查。""]","平行線的同側內角互補；不要和同位角、內錯角相等的性質混淆。","[]","","","","","","","","","","","","","","",""
"MAT-0409","數學","原創會考程度練習","","","七年級上","幾何","四邊形內角和","基礎","單題選擇","四邊形三個內角分別為 82°、94°、103°，第四個內角是多少度？","81°","79°","91°","101°","0","81°","","四邊形內角和為 360°。第四角＝360°−82°−94°−103°＝81°。","[""四邊形內角和為 360°。"",""先將三個已知角相加：82°＋94°＋103°＝279°。"",""第四角＝360°−279°＝81°。""]","四邊形內角和是 360°；先加總已知角，再從 360° 扣除。","[]","","","","","","","","","","","","","","",""
"MAT-0410","數學","原創會考程度練習","","","七年級下","幾何","矩形直角與角度分割","基礎","單題選擇","矩形一個頂點的直角被對角線分成 32° 與另一個角，另一個角是多少度？","32°","58°","42°","68°","1","58°","","矩形每個內角都是 90°。被對角線分割的兩角互餘，另一角＝90°−32°＝58°。","[""矩形頂角為直角，度數是 90°。"",""對角線將直角分成 32° 與所求角，兩者相加為 90°。"",""所求角＝90°−32°＝58°。""]","矩形角為 90°；直角被分割時兩部分互餘，和仍是 90°。","[]","","","","","","","","","","","","","","",""
"MAT-0411","數學","原創會考程度練習","","","八年級上","幾何","三角形內角","基礎","單題選擇","一三角形的兩個內角都是 65°，第三個內角是多少度？","40°","55°","50°","65°","2","50°","","第三角＝180°−65°−65°＝50°。","[""兩個已知角合計 130°，由 180° 扣除。"",""兩個 65° 內角合計 130°。"",""180°−130°＝50°。""]","第三角使用三角形內角和；若兩已知角相等，也可先確認題意是否另有等腰條件。","[]","","","","","","","","","","","","","","",""
"MAT-0412","數學","原創會考程度練習","","","八年級下","幾何","三角形內角","基礎","單題選擇","三角形的一個外角為 132°，一個不相鄰內角為 52°。另一個不相鄰內角是多少度？","70°","90°","104°","80°","3","80°","","外角定理給出兩個不相鄰內角和為 132°，故另一角＝132°−52°＝80°。","[""外角等於兩個不相鄰內角和。"",""外角 132° 減去一個不相鄰內角即可得另一個。"",""132°−52°＝80°。""]","外角定理只加兩個不相鄰內角；題目給一個遠端角後，以外角減它求另一角。","[]","","","","","","","","","","","","","","",""
"MAT-0413","數學","原創會考程度練習","","","九年級上","幾何","三角形內角和與一元一次方程式","基礎","單題選擇","某三角形的三個內角依序為 (x＋15)°、(2x＋5)° 和 (3x−20)°，最大內角是多少度？","70°","65°","75°","80°","0","70°","","三角形內角和為 180°，所以 (x＋15)＋(2x＋5)＋(3x−20)＝180，化簡得 6x＝180、x＝30。三角形三角分別為 45°、65°、70°，最大角是 70°。","[""利用三角形內角和列式：(x＋15)＋(2x＋5)＋(3x−20)＝180。"",""合併同類項，左側為 6x；常數 15＋5−20 剛好抵消，因此 6x＝180，x＝30。"",""代回三個角得 45°、65°、70°，其中最大的是 70°。""]","求出 x 後仍要代回各角比較；題目問最大角，不是只求未知數。","[]","","","","","","","","","","","","","","",""
"MAT-0414","數學","原創會考程度練習","","","九年級下","幾何","三角形內角","中等","單題選擇","三角形三內角依序為 (2x＋10)°、(x＋20)° 和 60°，最大內角是多少度？","50°","70°","60°","80°","1","70°","","由內角和得 (2x＋10)+(x＋20)+60＝180，解得 x＝30；三角為 70°、50°、60°，最大為 70°。","[""將三角形內角和設為 180°，合併同類項解 x。"",""整理內角和方程 3x＋90＝180。"",""x＝30，三角形三角為 70°、50°、60°，最大是 70°。""]","含 x 的角度題先以內角和列方程，解出 x 後要代回確認最大角確實最大。","[]","","","","","","","","","","","","","","",""
"MAT-0415","數學","原創會考程度練習","","","七年級上","幾何","三角形邊長不等式","中等","單題選擇","下列哪一組三個線段長度不能構成三角形？","3、4、6 公分","4、5、8 公分","3、4、8 公分","5、6、10 公分","2","3、4、8 公分","","三角形任兩邊和必須大於第三邊。只有 3＋4＝7 不大於 8，因此 3、4、8 公分不能構成三角形。","[""判斷三條線段能否成為三角形，任兩邊長和都要大於第三邊。"",""檢查各組最短兩邊之和：3＋4＝7，小於 8；其餘三組均符合兩短邊和大於第三邊。"",""因此 3、4、8 公分不能構成三角形，選 C。""]","三角形不等式要求任兩邊和大於第三邊；只檢查最短兩邊和是否大於最長邊即可。","[]","","","","","","","","","","","","","","",""
"MAT-0416","數學","原創會考程度練習","","","七年級下","幾何","三角形內角","基礎","單題選擇","直角三角形中，較大的銳角是較小銳角的 3 倍。較小銳角是多少度？","30°","45°","67.5°","22.5°","3","22.5°","","設小角為 x，另一角為 3x；x＋3x＝90°，所以 x＝22.5°。","[""直角三角形的兩銳角和為 90°，列 x＋3x＝90°。"",""較大銳角是 3x，且 x＋3x＝90°。"",""4x＝90°，故 x＝22.5°。""]","直角三角形兩銳角互餘；用角度倍數建式後，最後確認兩角和為 90°。","[]","","","","","","","","","","","","","","",""
"MAT-0417","數學","原創會考程度練習","","","八年級上","幾何","四邊形內角和","基礎","單題選擇","四邊形三個內角為 86°、91°、104°，第四個內角是多少度？","79°","89°","99°","101°","0","79°","","四邊形內角和為 360°。第四角＝360°−86°−91°−104°＝79°。","[""四邊形四個內角的總和為 360°。"",""先加總已知角：86°＋91°＋104°＝281°。"",""第四角＝360°−281°＝79°。""]","四邊形內角和為 360°；確認已知角都屬於同一個四邊形，再求剩餘角。","[]","","","","","","","","","","","","","","",""
"MAT-0418","數學","原創會考程度練習","","","八年級下","幾何","多邊形對角線條數","中等","單題選擇","凸十邊形共有幾條對角線？","25 條","30 條","40 條","35 條","3","35 條","","n 邊形對角線數為 n(n−3)÷2。十邊形共有 10×7÷2＝35 條對角線。","[""每個頂點可連到 n−3 個非相鄰頂點，因此先算 10×(10−3)。"",""每條對角線由兩端點各計一次，所以要除以 2。"",""10×7÷2＝35 條。""]","多邊形對角線計數時每條會被兩端點重複計入，公式需除以 2。","[]","","","","","","","","","","","","","","",""
"MAT-0419","數學","原創會考程度練習","","","九年級上","幾何","三角形外角與鄰角","基礎","單題選擇","三角形一邊延長後形成 124° 的外角，與它相鄰的內角是多少度？","124°","66°","56°","180°","2","56°","","外角與相鄰內角形成一直線，兩角互補；相鄰內角＝180°−124°＝56°。","[""外角與相鄰內角不是外角定理中的兩遠端內角，而是互補的一對角。"",""外角與相鄰內角的和為 180°。"",""180°−124°＝56°。""]","外角與相鄰內角形成一直線而互補；別把相鄰角誤當成外角定理的遠端內角。","[]","","","","","","","","","","","","","","",""
"MAT-0420","數學","原創會考程度練習","","","九年級下","幾何","圓內接四邊形對角","中等","單題選擇","圓內接四邊形的一對對角分別為 (2x＋10)° 與 (x＋20)°，x 為何？","40","50","60","70","1","50","","圓內接四邊形對角互補，因此 (2x＋10)+(x＋20)=180。整理得 3x＋30＝180，x＝50。","[""圓內接四邊形一對對角的和為 180°。"",""列式 (2x＋10)+(x＋20)=180，合併同類項得 3x＋30＝180。"",""解得 3x＝150，所以 x＝50。""]","圓內接四邊形的對角互補；辨認對角後再列總和為 180° 的方程。","[]","","","","","","","","","","","","","","",""
"MAT-0421","數學","原創會考程度練習","","","七年級上","數與量","百分率","中等","單題選擇","一件外套原價 1,200 元，先打七五折，折扣後售價再加計 5% 稅。含稅價是多少元？","945","920","960","900","0","945","","七五折後售價為 1,200×0.75＝900 元；題目明定以折後售價加計 5% 稅，含稅價＝900×1.05＝945 元。","[""先打折，再以折後售價為稅基計算，不能把兩個百分率直接相加。"",""1,200×0.75＝900；900×1.05＝945。"",""含稅價為 945 元。""]","先折價再課稅時，確認稅是加在折後價或原價；本題明確以折後售價為稅基。","[]","","","","","","","","","","","","","","",""
"MAT-0422","數學","原創會考程度練習","","","七年級下","比例與速率","比例稀釋","中等","單題選擇","調製 4 人份飲料需果汁原液 240 毫升。活動有 10 人參加，所需果汁原液再按果汁：水＝1：2 加水稀釋，需準備多少毫升成品飲料？","1,200","1,800","1,500","2,400","1","1,800","","每人需果汁原液 240÷4＝60 毫升，10 人共需 600 毫升原液。果汁：水＝1：2，成品飲料共 3 份，是果汁原液的 3 倍，即 600×3＝1,800 毫升。","[""先按人數算原液量，再依 1：2 加水換算成品總量。"",""240÷4×10＝600 毫升果汁原液。"",""600×(1＋2)＝1,800 毫升成品飲料。""]","比例稀釋的 1：2 是果汁與水，成品總份數為 1＋2；不可把水量當成成品總量。","[]","","","","","","","","","","","","","","",""
"MAT-0423","數學","原創會考程度練習","","","八年級上","統計與機率","不放回抽取機率與補事件","中等","單題選擇","袋中有 3 顆紅球與 2 顆藍球，不放回連取 2 顆。至少抽到一顆藍球的機率是多少？","3/10","1/2","7/10","4/5","2","7/10","","用補事件較簡單：至少一藍的相反事件是兩顆都紅。兩紅機率為 (3/5)×(2/4)=3/10，因此至少一藍的機率為 1－3/10＝7/10，答案 C。","[""所求「至少一藍」包含一藍一紅與兩藍，直接分類較繁。"",""其補事件「兩顆都紅」的機率為 3/5×2/4＝3/10。"",""至少一藍的機率＝1－3/10＝7/10，選 C。""]","遇到「至少一個」可先算相反事件，再用 1 減去；不放回時仍須更新第二次機率。","[]","","","","","","","","","","","","","","",""
"MAT-0424","數學","原創會考程度練習","","","八年級下","代數","一元一次方程式","中等","單題選擇","計程車車資由 30 元起跳，再加每公里 12 元。小安搭車共付 174 元（未另收費），行駛幾公里？","10","11","13","12","3","12","","設行駛 x 公里，列式 30＋12x＝174。扣除起跳價得 12x＝144，所以 x＝12 公里。","[""起跳價是固定費用，每公里費用才乘上里程。"",""30＋12x＝174，12x＝144。"",""x＝12 公里。""]","起跳費是固定項、每公里費是變動項；列式後代回確認總車資與所求里程。","[]","","","","","","","","","","","","","","",""
"MAT-0425","數學","原創會考程度練習","","","九年級上","函數","一次函數情境應用","基礎","單題選擇","一個水箱原有 40 公升水，每分鐘漏 2.5 公升。漏水 12 分鐘後，水箱還剩多少公升？","10","8","12","20","0","10","","12 分鐘漏掉 2.5×12＝30 公升，因此剩下 40−30＝10 公升。","[""先算漏掉的水量，再從原有水量扣除。"",""2.5×12＝30。"",""40−30＝10 公升。""]","先算單位時間的漏水量，再乘時間求總漏量，最後從原有水量扣除。","[]","","","","","","","","","","","","","","",""
"MAT-0426","數學","原創會考程度練習","","","九年級下","幾何","三角形外角","中等","單題選擇","三角形一外角為 4x＋5 度，兩個不相鄰內角分別為 2x＋10 度和 x＋25 度。外角為幾度？","95°","125°","115°","145°","1","125°","","外角等於兩不相鄰內角和，列 4x＋5＝(2x＋10)＋(x＋25)，解得 x＝30。外角＝4×30＋5＝125°。","[""先用外角定理列方程，再求 x 後代回題目所求的外角。"",""4x＋5＝3x＋35，所以 x＝30。"",""外角為 125°。""]","外角式與遠端內角和相等；兩邊都有 x 時先解方程，再代回求題目指定的角。","[]","","","","","","","","","","","","","","",""
"MAT-0427","數學","原創會考程度練習","","","七年級上","幾何","複合圖形面積","中等","單題選擇","一塊平行四邊形菜圃底長 12 公尺、高 7 公尺。菜圃內有一個完全位於其中的 3 公尺×2 公尺工具區不種菜，可種植面積是多少平方公尺？","72","81","78","84","2","78","","菜圃總面積為 12×7＝84 平方公尺；完全位於菜圃內的工具區面積為 3×2＝6 平方公尺。可種植面積＝84−6＝78 平方公尺。","[""先算整個平行四邊形面積，再扣掉完全位於其中的不種植區域。"",""12×7−3×2＝84−6。"",""可種植面積是 78 平方公尺。""]","平行四邊形先用底乘對應垂直高；確認工具區完全位於菜圃內後，才可扣除其面積。","[]","","","","","","","","","","","","","","",""
"MAT-0428","數學","原創會考程度練習","","","七年級下","幾何","圓周長","基礎","單題選擇","圓形跑道半徑為 35 公尺。小杰沿跑道完整跑 3 圈，總路程是多少公尺？（以 π 表示）","70π","105π","245π","210π","3","210π","","一圈周長為 2πr＝2π×35＝70π 公尺。跑 3 圈的路程為 3×70π＝210π 公尺。","[""先算一圈周長，再乘完整圈數。"",""2×π×35×3＝210π。"",""總路程為 210π 公尺。""]","先求一圈周長，再乘圈數；半徑不可誤作直徑，答案單位仍是公尺。","[]","","","","","","","","","","","","","","",""
"MAT-0429","數學","原創會考程度練習","","","八年級上","比例與速率","比例尺與平均速度","進階","單題選擇","地圖比例尺為 1 公分代表實際 2 公里。登山隊地圖上先走 3.5 公分，再走 2.25 公分到終點；若全程走 1.5 小時，平均速度是多少公里／小時？","7⅔","8","11⅔","7.5","0","7⅔","","地圖全程為 3.5＋2.25＝5.75 公分，實際距離為 5.75×2＝11.5 公里。平均速度＝11.5÷1.5＝23/3＝7⅔ 公里／小時。","[""先合併地圖路段並依比例尺換成實距，再除以時間。"",""(3.5＋2.25)×2＝11.5 公里。"",""11.5÷1.5＝7⅔ 公里／小時。""]","先合併地圖上的各路段，再用比例尺換實距；平均速度最後以總距離除總時間。","[]","","","","","","","","","","","","","","",""
"MAT-0430","數學","原創會考程度練習","","","八年級下","統計","平均數","基礎","單題選擇","五次測驗分數為 7、8、10、15、10 分。若再加入一次 16 分的測驗，六次測驗的平均分數是多少？","10","11","10.5","11.5","1","11","","原五次總分為 50 分；加上 16 分後總分為 66 分。六次平均＝66÷6＝11 分。","[""先求原總分，再加新分數並除以新的測驗次數。"",""7＋8＋10＋15＋10＋16＝66。"",""66÷6＝11 分。""]","增加一筆資料後，總和與筆數都要更新；不可沿用原本五筆的平均算法。","[]","","","","","","","","","","","","","","",""
"MAT-0431","數學","原創會考程度練習","","","九年級上","數與量","中位數","中等","單題選擇","五位同學由小到大排列的分數為 3、4、9、12、20。加入一位得 6 分的同學後，六人的中位數是多少？","6","9","7.5","10.5","2","7.5","","加入 6 後排序為 3、4、6、9、12、20。六筆資料的中位數是第 3、4 筆的平均，(6＋9)÷2＝7.5。","[""偶數筆資料的中位數要取中間兩數的平均，不是單取其中一數。"",""排序後中央兩數為 6 和 9。"",""(6＋9)÷2＝7.5。""]","加入新分數後先重新排序；六筆資料的中位數要取第 3、4 筆平均，不能套用五筆資料的單一中央值。","[]","","","","","","","","","","","","","","",""
"MAT-0432","數學","原創會考程度練習","","","九年級下","幾何","畢氏定理","中等","單題選擇","一架長 10 公尺的梯子靠在與水平地面垂直的牆上，原本梯腳距牆 6 公尺。若梯腳沿水平地面向外移 2 公尺，梯子仍靠牆且長度不變，梯頂下降幾公尺？","1","4","3","2","3","2","","牆與地面垂直，兩種擺放都形成直角三角形。原高度為 √(10²−6²)＝8 公尺；梯腳新距離為 8 公尺，新高度為 √(10²−8²)＝6 公尺，下降 8−6＝2 公尺。","[""固定梯長為斜邊；梯腳在水平地面移動，分別以畢氏定理求兩個高度。"",""原高 8 公尺；新高 6 公尺。"",""下降 2 公尺。""]","梯長是兩種情況都不變的斜邊；梯腳移動後要重算高度，題目問下降量時用原高減新高。","[]","","","","","","","","","","","","","","",""
"MAT-0433","數學","原創會考程度練習","","","七年級上","比例與速率","速率","基礎","單題選擇","一輛車原定行駛 180 公里，途中休息 30 分鐘後，從出發到抵達共花 3 小時。若行車速率固定，平均行車速率是多少公里／小時？","72","60","66","90","0","72","","3 小時包含 0.5 小時休息，所以實際行車時間為 2.5 小時。平均行車速率＝180÷2.5＝72 公里／小時。","[""題目問行車速率，總時間要扣除沒有行駛的休息時間。"",""3−0.5＝2.5 小時。"",""180÷2.5＝72 公里／小時。""]","題目問行車速率時，分母只用實際行車時間；休息時間不能算進去。","[]","","","","","","","","","","","","","","",""
"MAT-0434","數學","原創會考程度練習","","","七年級下","代數","一元一次方程式","中等","單題選擇","買 2 支同價原子筆和 3 本每本 12 元的筆記本，結帳時折價 10 元，實付 86 元。每支原子筆多少元？","25","30","28","35","1","30","","設每支原子筆 x 元。折價前總額為 86＋10＝96 元；筆記本共 3×12＝36 元，因此 2x＝96−36＝60，x＝30 元。","[""先把折價加回還原原價，再扣除筆記本費用，最後平分給兩支筆。"",""2x＋36−10＝86，故 2x＝60。"",""每支原子筆 30 元。""]","先把折價加回還原原價，再扣除筆記本費用；剩下的金額才是兩支原子筆的合計。","[]","","","","","","","","","","","","","","",""
"MAT-0435","數學","原創會考程度練習","","","八年級上","代數","連續偶數","基礎","單題選擇","兩個連續正偶數的和是 86。較大的偶數是多少？","40","42","44","46","2","44","","設較小偶數為 n，較大為 n＋2。n＋(n＋2)＝86，得 2n＝84、n＝42；較大的偶數是 44。","[""連續偶數相差 2，不是相差 1。"",""n＋n＋2＝86，所以 n＝42。"",""較大偶數為 44。""]","連續正偶數相差 2；設較小者為 n，較大者要寫成 n＋2。","[]","","","","","","","","","","","","","","",""
"MAT-0436","數學","原創會考程度練習","","","八年級下","數與量","百分率","中等","單題選擇","共回收 80 張選票，其中科學社獲得 32 張；另有 8 張是空白票，不列入有效票數。按有效票數計算，科學社得票率四捨五入至小數第一位是多少？","55.6%","40%","50%","44.4%","3","44.4%","","有效票數為 80−8＝72 張。科學社得票率＝32÷72×100%＝44.444…%，四捨五入至小數第一位為 44.4%。","[""先從總回收票數扣除空白票，求有效票數作為分母。"",""80−8＝72；32÷72×100%＝44.444…%。"",""四捨五入至小數第一位為 44.4%。""]","空白票要先從總票數扣掉；有效票數才是計算得票率的分母，最後再按指定位數四捨五入。","[]","","","","","","","","","","","","","","",""
"MAT-0437","數學","原創會考程度練習","","","九年級上","代數","一元一次不等式","中等","單題選擇","一間影印店每張收 3 元，另收一次性設定費 20 元。小華帶 100 元，至少要留下 5 元搭車；影印張數必須是整數。最多可影印幾張？","25","30","31","20","0","25","","可用影印費最多 100−5＝95 元。設影印 n 張，3n＋20≤95，得 3n≤75、n≤25。張數為整數，因此最多 25 張。","[""先扣除必須保留的車資，再建立費用不超過預算的不等式；張數取符合條件的最大整數。"",""3n＋20≤95，解得 n≤25。"",""最多影印 25 張。""]","先扣掉必留車資，再把影印費限制寫成不等式；最後利用張數必須是整數確認最大值。","[]","","","","","","","","","","","","","","",""
"MAT-0438","數學","原創會考程度練習","","","九年級下","幾何","相似形","中等","單題選擇","相似三角形小圖的邊長 6 公分、對應高 4 公分；大圖對應邊長為 9 公分。若大圖是小圖的放大圖，大圖對應高是多少公分？","5","6","8","7","1","6","","相似比（大：小）＝9÷6＝1.5。對應高也乘 1.5，因此大圖高＝4×1.5＝6 公分。","[""相似圖形的對應長度都依相同比例放大。"",""放大倍率 9/6＝1.5。"",""4×1.5＝6 公分。""]","先用對應邊求放大倍率；相似圖形的對應高也乘同一倍率，不要把邊長差當成倍率。","[]","","","","","","","","","","","","","","",""
"MAT-0439","數學","原創會考程度練習","","","七年級上","數與量","體積與百分率","中等","單題選擇","一個長 40 公分、寬 25 公分、高 30 公分的長方體水箱，目前裝水量是全箱容積的 75%。水的體積是多少公升？（1,000 立方公分＝1 公升）","18","20","22.5","30","2","22.5","","水箱容積＝40×25×30＝30,000 立方公分。水量為 30,000×0.75＝22,500 立方公分，換算為 22.5 公升。","[""先求水箱總容積，再乘 75%，最後立方公分換算成公升。"",""30,000×0.75＝22,500 立方公分。"",""22,500÷1,000＝22.5 公升。""]","75% 是水箱總容積的比例；先求全箱體積再乘百分率，最後別漏掉立方公分換公升。","[]","","","","","","","","","","","","","","",""
"MAT-0440","數學","原創會考程度練習","","","七年級下","代數","等差數列","中等","單題選擇","座位按列排列：第 1 列 8 個、第 2 列 12 個、第 3 列 16 個，之後每列都比前一列多 4 個。前 10 列總共有多少個座位？","240","280","250","260","3","260","","座位數形成首項 8、公差 4 的等差數列；第 10 列為 8＋9×4＝44。前 10 列總和＝(首項＋末項)×10÷2＝(8＋44)×5＝260。","[""先求第 10 列，再用等差級數首末項平均乘列數。"",""第 10 列有 44 個座位。"",""(8＋44)×10÷2＝260 個。""]","先確認每列座位數構成等差數列並求出第 10 列，再用首末項平均乘列數求總和。","[]","","","","","","","","","","","","","","",""
"MAT-0441","數學","原創會考程度練習","","","八年級上","數與量","百分率","中等","單題選擇","一臺平板原價 1,500 元，先打八折，折後價格再加計 5% 稅。含稅價是多少元？","1,260","1,200","1,250","1,275","0","1,260","","折後價為 1,500×0.8＝1,200 元；再以折後價加 5% 稅，含稅價＝1,200×1.05＝1,260 元。 正確答案為「1,260」。","[""先求折後價，稅額以折後價為計算基準。"",""1,500×0.8＝1,200。"",""1,200×1.05＝1,260 元。""]","折扣先作用在原價，5% 稅再乘折後價；不要把折扣與稅率直接加減。","[]","","","","","","","","","","","","","","",""
"MAT-0442","數學","原創會考程度練習","","","八年級下","比例與速率","比例","中等","單題選擇","調製 5 人份飲品需果汁原液 300 毫升。活動有 8 人參加，依果汁原液：水＝2：3 稀釋，需準備多少毫升成品飲料？","720","1,200","960","1,500","1","1,200","","每人需原液 300÷5＝60 毫升，8 人需 480 毫升原液。原液占混合飲品 2/5，因此成品量為 480÷2×5＝1,200 毫升。 正確答案為「1,200」。","[""先依人數求原液量，再由原液占總量的 2/5 反推成品量。"",""300÷5×8＝480 毫升原液。"",""480×5÷2＝1,200 毫升。""]","2：3 表示果汁占成品的 2/5；先按人數算原液，再除以 2/5 求成品總量。","[]","","","","","","","","","","","","","","",""
"MAT-0443","數學","原創會考程度練習","","","九年級上","統計與機率","機率","中等","單題選擇","袋中有 4 顆紅球與 3 顆藍球，不放回連取 2 顆。取到一紅一藍（不限定順序）的機率為何？","2/7","3/7","4/7","5/7","2","4/7","","一紅一藍有兩種順序：紅後藍的機率為 4/7×3/6；藍後紅為 3/7×4/6。相加得 24/42＝4/7。 正確答案為「4/7」。","[""分別計算紅藍與藍紅兩種互斥情形，再將機率相加。"",""4/7×3/6＋3/7×4/6＝24/42。"",""約分得 4/7。""]","一紅一藍有紅藍與藍紅兩種互斥順序；兩種都要計算後相加，不能只算其中一種。","[]","","","","","","","","","","","","","","",""
"MAT-0444","數學","原創會考程度練習","","","九年級下","代數","一元一次方程式","基礎","單題選擇","計程車車資為 45 元起跳，再加每公里 15 元。小宇搭車共付 210 元（沒有其他費用），行駛幾公里？","9","10","12","11","3","11","","設里程為 x 公里，45＋15x＝210。扣除起跳價得 15x＝165，所以 x＝11 公里。 正確答案為「11」。","[""固定起跳費只計一次，里程費依公里數計算。"",""45＋15x＝210，15x＝165。"",""x＝11 公里。""]","起跳費只加一次；先從總車資扣除固定費，再用每公里費反推里程。","[]","","","","","","","","","","","","","","",""
"MAT-0445","數學","原創會考程度練習","","","七年級上","數與量","速率與數量變化","中等","單題選擇","水桶原有 90 公升水，以每分鐘 1.8 公升的速度漏水 25 分鐘後，再倒入 15 公升。最後水桶有多少公升水？","60","45","55","75","0","60","","漏掉 1.8×25＝45 公升；加水後剩餘量為 90−45＋15＝60 公升。 正確答案為「60」。","[""依事件先後順序計算：先扣漏水，再加倒入的水。"",""1.8×25＝45 公升漏水。"",""90−45＋15＝60 公升。""]","依時間順序先扣掉漏水，再加入新倒入的水；不要顛倒兩個變化量的正負。","[]","","","","","","","","","","","","","","",""
"MAT-0446","數學","原創會考程度練習","","","七年級下","幾何","三角形內角","中等","單題選擇","三角形三內角分別為 (3x＋10)°、(x＋30)° 和 2x°。最大內角是多少度？","46⅔°","80°","53⅓°","98°","1","80°","","內角和為 180°，所以 (3x＋10)+(x＋30)+2x＝180，得 6x＝140、x＝70/3。三角為 80°、160/3°、140/3°，最大角為 80°。 正確答案為「80°」。","[""將三角形內角和列成方程，解 x 後比較三角大小。"",""6x＋40＝180，所以 x＝70/3。"",""最大角為 3x＋10＝80°。""]","先用三內角和 180° 解出 x，再分別代回三角，確認最大的是 3x＋10 那一角。","[]","","","","","","","","","","","","","","",""
"MAT-0447","數學","原創會考程度練習","","","八年級上","幾何","梯形與複合面積","中等","單題選擇","一塊梯形花圃兩底分別長 12 公尺和 20 公尺，高 8 公尺。中央有一個 4 公尺×3 公尺的水池不種花，花圃可種植面積是多少平方公尺？","96","108","116","128","2","116","","梯形總面積＝(12＋20)×8÷2＝128 平方公尺；水池面積＝4×3＝12 平方公尺。可種植面積＝128−12＝116 平方公尺。 正確答案為「116」。","[""先求梯形總面積，再扣除矩形水池占用面積。"",""(12＋20)×8÷2＝128。"",""128−4×3＝116 平方公尺。""]","梯形面積用兩底和乘高除以 2；水池確定在花圃內後，再扣除水池面積。","[]","","","","","","","","","","","","","","",""
"MAT-0448","數學","原創會考程度練習","","","八年級下","幾何","圓周長","基礎","單題選擇","圓形跑道直徑為 14 公尺。小安沿跑道完整跑 2 圈，總路程是多少公尺？（以 π 表示）","56π","14π","49π","28π","3","28π","","一圈周長＝πd＝14π 公尺；兩圈路程＝2×14π＝28π 公尺。 正確答案為「28π」。","[""直徑已知，周長公式為 πd；再乘圈數。"",""一圈為 14π 公尺。"",""14π×2＝28π 公尺。""]","題目給的是直徑，直接用 πd 求一圈周長；別再把直徑乘 2 當成半徑。","[]","","","","","","","","","","","","","","",""
"MAT-0449","數學","原創會考程度練習","","","九年級上","比例與速率","比例尺與速率","中等","單題選擇","地圖比例尺為 1 公分代表實際 1.5 公里。登山隊兩段路在地圖上分別長 4 公分和 3.2 公分，走完全程共花 2.4 小時。平均速度是多少公里／小時？","4.5","4","5","6","0","4.5","","地圖總長＝4＋3.2＝7.2 公分，實際距離＝7.2×1.5＝10.8 公里。平均速度＝10.8÷2.4＝4.5 公里／小時。 正確答案為「4.5」。","[""先合計地圖距離並換成實際距離，再用路程除以時間。"",""7.2×1.5＝10.8 公里。"",""10.8÷2.4＝4.5 公里／小時。""]","兩段地圖長度先相加後乘比例尺換實距；平均速度用實際總路程除以總時間。","[]","","","","","","","","","","","","","","",""
"MAT-0450","數學","原創會考程度練習","","","九年級下","統計","平均數","基礎","單題選擇","五次測驗的平均分數是 76 分。若再加入一次 88 分的測驗，六次測驗的平均分數是多少？","76","78","77","80","1","78","","原五次總分為 5×76＝380 分；加入 88 分後總分為 468 分。六次平均＝468÷6＝78 分。 正確答案為「78」。","[""由平均數反推原總分，再加新分數並除以新次數。"",""5×76＋88＝468。"",""468÷6＝78 分。""]","先用原平均乘原次數求總分，再加入新分數並除以六次；不能直接平均 76 和 88。","[]","","","","","","","","","","","","","","",""
"MAT-0451","數學","原創會考程度練習","","","七年級上","數與量","中位數","中等","單題選擇","五筆由小到大的資料為 4、7、8、13、15。刪除最大值 15 後，剩下資料的中位數是多少？","8","6","7.5","9","2","7.5","","刪除 15 後資料為 4、7、8、13，共 4 筆。中位數為中間兩數 7 與 8 的平均，即 (7＋8)÷2＝7.5。 正確答案為「7.5」。","[""刪除最大值後資料筆數變成偶數，中位數要取中間兩數平均。"",""中央兩數是 7 和 8。"",""中位數為 7.5。""]","刪除最大值後先確認剩四筆資料；偶數筆的中位數是中間兩數 7、8 的平均。","[]","","","","","","","","","","","","","","",""
"MAT-0452","數學","原創會考程度練習","","","七年級下","幾何","畢氏定理","中等","單題選擇","一架 13 公尺長的梯子靠在與水平地面垂直的牆上。梯腳原距牆 5 公尺，之後沿水平地面外移至距牆 12 公尺。梯頂下降幾公尺？","5","6","8","7","3","7","","梯長固定為斜邊。原高度＝√(13²−5²)＝12 公尺；移動後高度＝√(13²−12²)＝5 公尺，因此下降 12−5＝7 公尺。 正確答案為「7」。","[""兩次位置分別以畢氏定理求高度，再求高度差。"",""原高 12 公尺，移動後高 5 公尺。"",""下降 7 公尺。""]","梯長 13 公尺是固定斜邊；用兩個梯腳距離分別求高度後，原高度減移動後高度才是下降量。","[]","","","","","","","","","","","","","","",""
"MAT-0453","數學","原創會考程度練習","","","八年級上","比例與速率","速率","中等","單題選擇","一輛車全程行駛 240 公里，途中休息 20 分鐘，從出發到抵達共花 3 小時。若行車速率固定，平均行車速率是多少公里／小時？","90","85","96","80","0","90","","實際行車時間＝3−20/60＝8/3 小時。平均行車速率＝240÷(8/3)＝90 公里／小時。 正確答案為「90」。","[""題目問行車時的速率，須從總時間扣除休息時間。"",""3 小時−1/3 小時＝8/3 小時。"",""240÷(8/3)＝90 公里／小時。""]","20 分鐘要換成 1/3 小時；計算行車速率時，休息時間不算在行車時間內。","[]","","","","","","","","","","","","","","",""
"MAT-0454","數學","原創會考程度練習","","","八年級下","代數","一元一次方程式","中等","單題選擇","買 3 件同價上衣與 2 雙每雙 15 元的襪子，結帳折價 20 元後實付 160 元。每件上衣多少元？","40","50","45","55","1","50","","折價前總額為 160＋20＝180 元；襪子共 2×15＝30 元，三件上衣共 150 元。因此每件上衣為 150÷3＝50 元。 正確答案為「50」。","[""先將折價加回，再扣除已知襪子費用，最後除以衣服件數。"",""160＋20−2×15＝150。"",""150÷3＝50 元。""]","折價要先加回才能還原折前總額，再扣掉襪子費用並平均分給三件上衣。","[]","","","","","","","","","","","","","","",""
"MAT-0455","數學","原創會考程度練習","","","九年級上","代數","連續奇數","基礎","單題選擇","兩個連續正奇數的和是 96，較大的奇數是多少？","47","45","49","51","2","49","","設較小奇數為 n，較大為 n＋2。n＋(n＋2)＝96，得 2n＝94、n＝47；較大的奇數為 49。 正確答案為「49」。","[""連續奇數相差 2，設較小者為 n。"",""2n＋2＝96，所以 n＝47。"",""較大的奇數是 49。""]","連續奇數相差 2；設較小數為 n，較大數為 n＋2，再依所求選擇加 2。","[]","","","","","","","","","","","","","","",""
"MAT-0456","數學","原創會考程度練習","","","九年級下","數與量","百分率","中等","單題選擇","一次投票共回收 150 張選票，其中 20 張空白票不列入有效票；候選人甲得 65 張有效票。候選人甲得票率是多少？","45%","65%","52%","50%","3","50%","","有效票數＝150−20＝130 張。甲的得票率＝65÷130×100%＝50%。 正確答案為「50%」。","[""先扣除空白票求有效票，再以有效票數為分母。"",""150−20＝130；65÷130＝0.5。"",""得票率為 50%。""]","空白票不算有效票；得票率的分母應用 150−20，而不是全部回收票數。","[]","","","","","","","","","","","","","","",""
"MAT-0457","數學","原創會考程度練習","","","七年級上","代數","一元一次不等式","中等","單題選擇","影印店每張收 4 元，另收一次性設定費 25 元。小華帶 170 元，需留下 25 元搭車；影印張數為整數。最多可印幾張？","30","25","32","36","0","30","","設影印 n 張，可用於影印的金額為 170−25＝145 元，故 4n＋25≤145。解得 4n≤120、n≤30；張數需為整數，所以最多 30 張。","[""設影印 n 張；扣除必留車資後，影印總費用不得超過可用預算。"",""4n＋25≤170−25，所以 4n≤120、n≤30。"",""n 必須是整數，故最多可印 30 張。""]","先扣除搭車保留金與一次性設定費，剩餘預算再除以每張費用；檢查答案是整數張。","[]","","","","","","","","","","","","","","",""
"MAT-0458","數學","原創會考程度練習","","","七年級下","幾何","相似形","基礎","單題選擇","兩個相似三角形中，小三角形一邊長 6 公分，對應高為 4 公分；大三角形對應邊長 9 公分。大三角形對應高是多少公分？","5","6","8","7","1","6","","大、小三角形對應邊長比為 9÷6＝1.5。對應高也乘以 1.5，所以大三角形的高為 4×1.5＝6 公分。 正確答案為「6」。","[""相似圖形的對應長度依同一倍率放大。"",""放大倍率為 9÷6＝1.5。"",""4×1.5＝6 公分。""]","對應邊從 6 放大到 9，倍率是 1.5；對應高同樣乘 1.5，不能加上邊長差。","[]","","","","","","","","","","","","","","",""
"MAT-0459","數學","原創會考程度練習","","","八年級上","數與量","體積與單位換算","中等","單題選擇","長方體水箱長 50 公分、寬 40 公分、高 20 公分，目前裝水量為水箱容積的 80%。水量是多少公升？（1,000 立方公分＝1 公升）","28","24","32","40","2","32","","水箱容積＝50×40×20＝40,000 立方公分；水量＝40,000×0.8＝32,000 立方公分。換算為公升：32,000÷1,000＝32 公升。 正確答案為「32」。","[""先求總容積，再乘裝水比例，最後換算單位。"",""40,000×0.8＝32,000 立方公分。"",""32,000÷1,000＝32 公升。""]","先求整個水箱的立方公分容積，乘 80% 後再除以 1,000 換成公升。","[]","","","","","","","","","","","","","","",""
"MAT-0460","數學","原創會考程度練習","","","八年級下","代數","等差數列通項","中等","單題選擇","音樂廳座位每列比前一列多 4 個：第 1 列有 5 個，第 2 列有 9 個。第 12 列有多少個座位？","45 個","48 個","53 個","49 個","3","49 個","","座位數形成首項 5、公差 4 的等差數列。第 12 列座位數＝5＋(12−1)×4＝5＋44＝49 個，答案 D。本題問第 12 列，不是前 12 列總數。","[""辨認首項 a₁＝5、公差 d＝4。"",""第 12 項使用 a₁₂＝a₁＋11d＝5＋11×4。"",""第 12 列有 49 個座位，選 D；不要把各列座位數相加。""]","分清第 n 列的數量與前 n 列總數；前者用等差數列通項，後者才用等差級數。","[]","","","","","","","","","","","","","","",""
"MAT-0461","數學","原創會考程度練習","","","九年級上","數與量","連續百分率變化與逆推","中等","單題選擇","某商品先調漲 20%，之後再以調漲後價格打八折，最後售價為 960 元。調漲前的原價是多少元？","1,000","960","1,200","800","0","1,000","","設調漲前原價為 x 元。先漲 20% 後為 1.2x，再打八折為 1.2x×0.8＝0.96x。由 0.96x＝960 得 x＝1,000 元，答案 A。","[""設調漲前原價為 x 元；調漲 20% 後，價格是 1.2x。"",""後續八折作用在調漲後價格，故 1.2x×0.8＝960。"",""1.2×0.8＝0.96，所以 x＝960÷0.96＝1,000 元，選 A。""]","連續百分率要依序相乘；漲 20% 再折 20% 不會回到原價，因為第二次百分比以調漲後金額為基準。","[]","","","","","","","","","","","","","","",""
"MAT-0462","數學","原創會考程度練習","","","九年級下","數與量","最小公倍數","中等","單題選擇","兩班公車分別每 12 分鐘與 18 分鐘同時從站牌發車。上午 7 時兩班同時發車後，下一次同時發車是幾點幾分？","7 時 36 分","7 時 24 分","7 時 48 分","8 時 00 分","0","7 時 36 分","","下一次同時發車的時間間隔是 12 與 18 的最小公倍數。12＝2²×3、18＝2×3²，因此最小公倍數為 2²×3²＝36 分鐘；7 時過 36 分即 7 時 36 分。","[""兩班再次同時發車的時間間隔，要找 12 與 18 的最小公倍數。"",""12＝2²×3、18＝2×3²，最小公倍數為 36。"",""7 時＋36 分＝7 時 36 分。""]","兩個週期再次重合要用最小公倍數，不是最大公因數；最後別忘了把經過分鐘加回出發時刻。","[]","","","","","","","","","","","","","","",""
"MAT-0463","數學","原創會考程度練習","","","七年級上","統計與機率","等可能事件機率","中等","單題選擇","一個公平轉盤平均分成 8 格，依序標上 1 到 8。轉一次，指針停在大於 3 的偶數格的機率是多少？","1/4","1/2","3/8","5/8","2","3/8","","大於 3 的偶數是 4、6、8，共 3 格；8 格等可能，因此機率為 3/8。","[""先列出符合條件的轉盤號碼：4、6、8。"",""符合條件的格數是 3 格，全部等可能格數是 8 格。"",""機率＝3/8。""]","先把『大於 3』與『偶數』兩個條件同時套用，再用符合條件的格數除以全部等可能格數。","[]","","","","","","","","","","","","","","",""
"MAT-0464","數學","原創會考程度練習","","","七年級下","數與量","整數四則與乘方","基礎","單題選擇","計算 (−3)²−2×(−4)+12÷(−3) 的值。","13","−3","21","5","0","13","","先算乘方與乘除：(−3)²＝9，2×(−4)＝−8，12÷(−3)＝−4。原式為 9−(−8)+(−4)＝9＋8−4＝13。","[""先算乘方，再算乘除：(−3)²＝9、2×(−4)＝−8、12÷(−3)＝−4。"",""代回原式：9−(−8)+(−4)。"",""9＋8−4＝13。""]","負數平方要連同括號一起平方得正數；減去負數會變加，乘除仍依序處理。","[]","","","","","","","","","","","","","","",""
"MAT-0465","數學","原創會考程度練習","","","八年級上","代數","二位數的數字關係","中等","單題選擇","一個二位正整數的十位數字比個位數字大 2，兩個數字的和是 10。這個整數是多少？","46","55","73","64","3","64","","設個位數為 x，十位數為 x＋2。兩數字和為 10，故 x＋(x＋2)＝10，解得 x＝4，十位數為 6，因此整數是 64。","[""設個位數為 x，則十位數是 x＋2。"",""x＋(x＋2)＝10，所以 x＝4，十位數為 6。"",""依十位與個位組成整數，答案為 64。""]","先分清楚十位與個位，再用位值組成二位數；數字 6 和 4 組成的是 64，不是 46。","[]","","","","","","","","","","","","","","",""
"MAT-0466","數學","原創會考程度練習","","","八年級下","函數","一次函數斜率與代入","中等","單題選擇","一直線通過 A(2, 3) 與 B(6, 11)。若沿同一直線延伸，當 x＝8 時，y 值是多少？","13","15","17","19","1","15","","斜率為 (11−3)÷(6−2)＝2。由 A(2,3) 得直線關係 y−3＝2(x−2)。代入 x＝8，y−3＝12，所以 y＝15。","[""先求斜率：(11−3)÷(6−2)＝2。"",""用點斜式 y−3＝2(x−2)。"",""代入 x＝8，得 y＝15。""]","斜率要用縱座標差除以橫座標差；求指定 x 的 y 時，代回直線關係而不是再求一次斜率。","[]","","","","","","","","","","","","","","",""
"MAT-0467","數學","原創會考程度練習","","","九年級上","幾何","正多邊形內角","中等","單題選擇","一個正八邊形的每一個內角是多少度？","108°","120°","135°","140°","2","135°","","八邊形內角和為 (8−2)×180°＝1,080°。正八邊形各內角相等，每角為 1,080°÷8＝135°。","[""n 邊形內角和為 (n−2)×180°；八邊形內角和為 1,080°。"",""正八邊形的八個內角相等。"",""1,080°÷8＝135°。""]","先求多邊形內角總和，再因為是正八邊形而平均分成 8 角；不要把外角和 360° 當內角和。","[]","","","","","","","","","","","","","","",""
"MAT-0468","數學","原創會考程度練習","","","九年級下","幾何","圓周長與面積關係","中等","單題選擇","一個圓的周長為 12π 公分。這個圓的面積是多少平方公分？","12π","24π","18π","36π","3","36π","","由 2πr＝12π 得半徑 r＝6 公分。面積為 πr²＝π×6²＝36π 平方公分。","[""由周長公式 2πr＝12π 求出半徑。"",""約去 π 並除以 2，得 r＝6 公分。"",""面積＝π×6²＝36π 平方公分。""]","先由周長反推半徑，再代入面積公式；不能把周長數值直接當半徑或面積。","[]","","","","","","","","","","","","","","",""
"MAT-0469","數學","原創會考程度練習","","","七年級上","幾何","座標對稱與平移","基礎","單題選擇","點 P(−2, 3) 先對 y 軸作鏡射，再向右平移 1 單位、向下平移 4 單位。P 最後的座標為何？","(−1, −1)","(3, −1)","(−3, 7)","(1, −1)","1","(3, −1)","","對 y 軸鏡射會改變 x 座標正負，P 先變成 (2,3)。再向右 1、向下 4，得到 (2＋1,3−4)＝(3,−1)，故選 B。","[""對 y 軸鏡射：x 座標變號，(−2,3) 變為 (2,3)。"",""向右 1：x 加 1；向下 4：y 減 4。"",""最後座標為 (3,−1)。""]","對 y 軸鏡射只改變 x 座標符號；平移則分別按左右改 x、上下改 y，注意向下是減少 y。","[]","","","","","","","","","","","","","","",""
"MAT-0470","數學","原創會考程度練習","","","七年級下","統計","加權平均數","中等","單題選擇","某社團甲組 8 人的平均身高為 160 公分，乙組 12 人的平均身高為 170 公分。兩組合併後的平均身高是多少公分？","164","166","165","168","1","166","","甲組總身高為 8×160＝1,280 公分，乙組總身高為 12×170＝2,040 公分。合併平均為 (1,280＋2,040)÷(8＋12)＝166 公分。","[""不能直接平均 160 和 170，因兩組人數不同；先各自求總身高。"",""8×160＝1,280；12×170＝2,040；總人數為 20。"",""(1,280＋2,040)÷20＝166 公分。""]","兩組人數不同，合併平均要以總身高除以總人數；不能直接把兩組平均相加除以 2。","[]","","","","","","","","","","","","","","",""
"MAT-0471","數學","原創會考程度練習","","","八年級上","統計與機率","全距","基礎","單題選擇","某週每日最高氣溫依序為 21、24、19、27、23、25、20°C。這週最高與最低氣溫的全距是多少？","6°C","7°C","8°C","9°C","2","8°C","","最高氣溫為 27°C，最低氣溫為 19°C。全距是最大值減最小值，27−19＝8°C。","[""全距不需要取資料中間值，只找最大值與最小值。"",""最高為 27°C，最低為 19°C。"",""全距＝27−19＝8°C。""]","全距是最大觀測值減最小觀測值，不是平均數，也不是兩者相加。","[]","","","","","","","","","","","","","","",""
"MAT-0472","數學","原創會考程度練習","","","八年級下","幾何","四邊形內角和","基礎","單題選擇","四邊形的三個內角分別為 80°、95°、110°。第四個內角是多少度？","65°","70°","75°","85°","2","75°","","四邊形內角和為 360°。已知三角總和為 80°＋95°＋110°＝285°，故第四角為 360°−285°＝75°。","[""四邊形四個內角總和固定為 360°。"",""三個已知角和為 80°＋95°＋110°＝285°。"",""第四角＝360°−285°＝75°。""]","四邊形內角和是 360°；先加總已知三角，再用 360° 扣除，避免誤套三角形的 180°。","[]","","","","","","","","","","","","","","",""
"MAT-0473","數學","原創會考程度練習","","","九年級上","數與量","時間計算","基礎","單題選擇","一輛遊覽車上午 8:20 出發，下午 12:05 抵達，途中休息 25 分鐘。扣除休息後的行車時間是多少？","3小時20分","3小時10分","3小時30分","3小時40分","0","3小時20分","","從 8:20 到 12:05 共 3 小時 45 分鐘；扣除 25 分鐘休息，行車時間為 3 小時 20 分鐘。 正確答案為「3小時20分」。","[""先算出發至抵達的總經過時間，再扣除休息時間。"",""8:20 到 12:05 是 3 小時 45 分。"",""3小時45分−25分＝3小時20分。""]","先計算時鐘上的總經過時間，再扣除休息；跨過整點時留意 60 分鐘換算。","[]","","","","","","","","","","","","","","",""
"MAT-0474","數學","原創會考程度練習","","","九年級下","數與量","整數四則與乘方","中等","單題選擇","計算 −18÷3＋2×(7−4)² 的值。","6","12","−12","24","1","12","","先算括號與乘方：(7−4)²＝3²＝9。再算除法與乘法，−18÷3＝−6、2×9＝18，最後 −6＋18＝12。","[""依運算順序先算括號，再算乘方：(7−4)²＝9。"",""接著算除法與乘法：−18÷3＝−6，2×9＝18。"",""−6＋18＝12。""]","先處理括號和乘方，再做乘除、最後加減；負數除以正數仍是負數。","[]","","","","","","","","","","","","","","",""
"MAT-0475","數學","原創會考程度練習","","","七年級上","數與量","最大公因數","中等","單題選擇","有 48 顆紅珠和 60 顆藍珠，要平均分裝成最多份完全相同的珠串，且每串紅珠數相同、藍珠數也相同。最多可分成幾串？","6","10","12","15","2","12","","完全相同分裝的份數必須同時整除 48 和 60。最多份數是最大公因數 gcd(48,60)＝12，因此最多分成 12 串。","[""最多相同份數必須是 48 與 60 的公因數。"",""48＝2⁴×3、60＝2²×3×5，最大公因數為 2²×3＝12。"",""最多可平均分成 12 串。""]","求最多相同份數用最大公因數；最小公倍數是找週期重合，兩者用途不同。","[]","","","","","","","","","","","","","","",""
"MAT-0476","數學","原創會考程度練習","","","七年級下","統計與機率","眾數","基礎","單題選擇","一組資料為 2、3、3、4、4、4、5、6。這組資料的眾數是多少？","3","4.5","眾數不存在","4","3","4","","眾數是出現次數最多的數。4 出現 3 次，其他數出現次數都較少，因此眾數為 4。","[""統計各數值在資料中出現的次數。"",""4 出現 3 次，是所有數值中次數最多者。"",""眾數為 4。""]","眾數看的是出現次數最多，不是資料大小的中間位置；本題資料有一個唯一眾數。","[]","","","","","","","","","","","","","","",""
"MAT-0477","數學","原創會考程度練習","","","八年級上","代數","分配律與化簡","基礎","單題選擇","化簡 5a−2(3−a)。","7a−6","3a−6","7a＋6","3a＋6","0","7a−6","","利用分配律，−2(3−a)＝−6＋2a。再合併 5a＋2a−6，得 7a−6。","[""括號外的 −2 要乘入括號內每一項。"",""−2×3＝−6，−2×(−a)＝＋2a。"",""5a＋2a−6＝7a−6。""]","負號要分配到括號內每一項；−2 乘 −a 會得到正的 2a。","[]","","","","","","","","","","","","","","",""
"MAT-0478","數學","原創會考程度練習","","","八年級下","幾何","正方形周長與面積","基礎","單題選擇","一個正方形的周長是 36 公分。這個正方形的面積是多少平方公分？","36","81","72","144","1","81","","正方形四邊相等，邊長為 36÷4＝9 公分。面積為 9×9＝81 平方公分。","[""正方形周長是四條相等邊長的總和。"",""邊長＝36÷4＝9 公分。"",""面積＝9×9＝81 平方公分。""]","先用周長除以 4 求邊長，再平方求面積；周長數值不能直接當面積。","[]","","","","","","","","","","","","","","",""
"MAT-0479","數學","原創會考程度練習","","","九年級上","幾何","長方體表面積","中等","單題選擇","一個長方體紙盒長 8 公分、寬 5 公分、高 3 公分。製作完整紙盒至少需要多少平方公分紙板？（不計黏貼處）","148","154","166","158","3","158","","長方體表面積為 2(長×寬＋長×高＋寬×高)＝2(8×5＋8×3＋5×3)＝2(40＋24＋15)＝158 平方公分。","[""長方體有三組相同的對面，面積分別是長×寬、長×高、寬×高。"",""8×5＝40、8×3＝24、5×3＝15 平方公分。"",""表面積＝2×(40＋24＋15)＝158 平方公分。""]","紙盒有三種不同面積各兩面，三個乘積相加後要乘 2；別漏算底面或上蓋。","[]","","","","","","","","","","","","","","",""
"MAT-0480","數學","原創會考程度練習","","","九年級下","統計與機率","兩骰和的等可能機率","中等","單題選擇","同時擲兩顆公平六面骰，兩顆點數和為 8 的機率是多少？","1/6","1/9","5/18","5/36","3","5/36","","兩骰共有 6×6＝36 個等可能有序結果。點數和為 8 的組合為 (2,6)、(3,5)、(4,4)、(5,3)、(6,2)，共 5 種，所以機率為 5/36。","[""兩顆骰子共有 6×6＝36 個等可能有序結果。"",""和為 8 的結果是 (2,6)、(3,5)、(4,4)、(5,3)、(6,2)，共 5 種。"",""機率＝5/36。""]","兩顆骰子要把順序分開計數，例如 (2,6) 與 (6,2) 是不同結果；分母是 36，不是 12。","[]","","","","","","","","","","","","","","",""
"MAT-0481","數學","原創會考程度練習","","","七年級上","數與量","分數四則運算","基礎","單題選擇","計算 5/6−1/4 的值。","7/12","1/2","2/3","3/8","0","7/12","","先通分為分母 12：5/6＝10/12、1/4＝3/12，因此 5/6−1/4＝10/12−3/12＝7/12。","[""異分母分數相減前先找公分母。"",""6 和 4 的最小公倍數是 12，5/6＝10/12、1/4＝3/12。"",""10/12−3/12＝7/12。""]","分母不同不能直接相減；先通分後只相減分子，分母保持不變。","[]","","","","","","","","","","","","","","",""
"MAT-0482","數學","原創會考程度練習","","","七年級下","代數","二元一次聯立方程式","中等","單題選擇","x、y 滿足 2x＋y＝13 與 x−y＝2。x 的值是多少？","4","5","6","7","1","5","","由 x−y＝2 得 y＝x−2。代入 2x＋y＝13，得 2x＋x−2＝13，所以 3x＝15、x＝5。","[""先由 x−y＝2 把 y 表示成 x−2。"",""代入另一式：2x＋(x−2)＝13。"",""3x＝15，所以 x＝5。""]","代入消去一個未知數時要連同括號代入；解出 x 後回代可檢查兩式都成立。","[]","","","","","","","","","","","","","","",""
"MAT-0483","數學","原創會考程度練習","","","八年級上","統計與機率","中位數","中等","單題選擇","一組六筆資料為 9、4、12、5、7、3。這組資料的中位數是多少？","5","7","6","7.5","2","6","","排序後為 3、4、5、7、9、12。六筆資料為偶數筆，中位數是中央第 3、4 筆平均：(5＋7)÷2＝6。","[""先把資料由小到大排序。"",""中央兩筆是第 3 筆 5 與第 4 筆 7。"",""中位數＝(5＋7)÷2＝6。""]","偶數筆資料的中位數要平均中央兩筆；不可只選其中一筆或取最大最小值平均。","[]","","","","","","","","","","","","","","",""
"MAT-0484","數學","原創會考程度練習","","","八年級下","數與量","數線上兩點距離","中等","單題選擇","數線上 A 點座標為 −4，B 點座標為 5。A、B 兩點相距多少單位？","7","8","10","9","3","9","","數線上兩點距離為座標差的絕對值：|5−(−4)|＝|9|＝9 單位。","[""數線兩點距離等於兩座標相減後取絕對值。"",""5−(−4)＝5＋4＝9。"",""距離為 9 單位。""]","距離不能是負數，座標相減後要取絕對值；減去負數等於加上其相反數。","[]","","","","","","","","","","","","","","",""
"MAT-0485","數學","原創會考程度練習","","","九年級上","函數","函數值代入","基礎","單題選擇","若 f(x)＝3x−4，則 f(5) 的值是多少？","11","9","13","15","0","11","","函數值 f(5) 是把 x 以 5 代入 3x−4，因此 f(5)＝3×5−4＝11。","[""f(5) 表示把函數式中的 x 換成 5。"",""3×5−4＝15−4。"",""f(5)＝11。""]","f(5) 不是 f 乘 5，而是函數輸入 x＝5；代入後仍要遵守先乘除後加減。","[]","","","","","","","","","","","","","","",""
"MAT-0486","數學","原創會考程度練習","","","九年級下","幾何","正多邊形外角","基礎","單題選擇","一個正十二邊形的每一個外角是多少度？","45°","30°","60°","120°","1","30°","","任意凸多邊形每個頂點各取一個外角，其和為 360°。正十二邊形的外角相等，所以每個外角是 360°÷12＝30°。","[""正多邊形的外角都相等。"",""所有外角和為 360°。"",""360°÷12＝30°。""]","外角和固定為 360°；除以邊數求每一個外角，不要誤用內角和。","[]","","","","","","","","","","","","","","",""
"MAT-0487","數學","原創會考程度練習","","","七年級上","幾何","梯形面積","基礎","單題選擇","一個梯形的上底為 8 公分、下底為 16 公分，面積為 72 平方公分。兩底之間的垂直高是多少公分？","4 公分","5 公分","6 公分","8 公分","2","6 公分","","梯形面積 A＝(上底＋下底)×高÷2。72＝(8＋16)×h÷2＝12h，所以 h＝6 公分，答案 C。","[""先計算兩底和的一半：(8＋16)÷2＝12。"",""梯形面積等於 12×高，因此高＝72÷12＝6 公分。"",""兩底間的垂直高為 6 公分，選 C。""]","反求梯形的高，可用面積除以兩底和的一半；高是垂直距離，不是斜邊。","[]","","","","","","","","","","","","","","",""
"MAT-0488","數學","原創會考程度練習","","","七年級下","幾何","圓環面積","中等","單題選擇","圓環的外圓半徑為 5 公分、內圓半徑為 3 公分。圓環面積是多少平方公分？（以 π 表示）","8π","25π","34π","16π","3","16π","","圓環面積是外圓面積減內圓面積：π×5²−π×3²＝π(25−9)＝16π 平方公分。","[""圓面積公式是 πr²，圓環要用外圓減去內圓。"",""外圓面積為 25π，內圓面積為 9π。"",""25π−9π＝16π 平方公分。""]","注意是面積差而非半徑差；平方後再相減，單位是平方公分。","[]","","","","","","","","","","","","","","",""
"MAT-0489","數學","原創會考程度練習","","","八年級上","幾何","相似形面積比","中等","單題選擇","甲、乙兩個多邊形相似，甲圖的對應邊長是乙圖的 3 倍。若乙圖面積為 12 平方公分，甲圖面積是多少平方公分？","108","36","96","324","0","108","","相似形的面積比等於對應邊長比的平方。長度放大 3 倍，面積放大 3²＝9 倍，所以甲圖面積為 12×9＝108 平方公分。","[""相似形面積比＝對應邊長比的平方。"",""邊長比為 3，故面積倍率為 3²＝9。"",""12×9＝108 平方公分。""]","長度倍率不可直接當面積倍率；面積要把長度比平方。","[]","","","","","","","","","","","","","","",""
"MAT-0490","數學","原創會考程度練習","","","八年級下","統計與機率","平均數平移性質","基礎","單題選擇","一組資料 5、7、12 的平均數是 8。若每筆資料都增加 4，新的平均數是多少？","10","12","13","14","1","12","","每筆資料都增加相同的 4，平均數也會增加 4。因此新平均數為 8＋4＝12。","[""原平均數為 8。"",""所有資料都加 4，整體平均也加 4。"",""8＋4＝12。""]","對每筆資料同加一個數，平均數也同加該數；不用重算總和。","[]","","","","","","","","","","","","","","",""
"MAT-0491","數學","原創會考程度練習","","","九年級上","幾何","平行線截角","基礎","單題選擇","兩條平行線被一條截線所截，其中一組同側內角為 (3x＋10)° 與 (2x＋20)°。x 等於多少？","30","25","35","20","0","30","","平行線的同側內角互補，故 (3x＋10)＋(2x＋20)＝180。整理得 5x＋30＝180，5x＝150，所以 x＝30。","[""辨認這一對是同側內角，平行線下兩角和為 180°。"",""(3x＋10)＋(2x＋20)＝180，得 5x＋30＝180。"",""5x＝150，所以 x＝30。""]","同側內角互補；不要和相等的對頂角、同位角混淆。","[]","","","","","","","","","","","","","","",""
"MAT-0492","數學","原創會考程度練習","","","九年級下","統計與機率","互斥事件機率","基礎","單題選擇","袋中有 4 顆紅球、3 顆藍球，不放回抽 1 顆。抽到紅球或藍球的機率是多少？","3/7","4/7","1","4/3","2","1","","袋中只有紅球與藍球，抽出一顆必定屬於其中一種。兩事件互斥且涵蓋所有可能，因此機率為 (4＋3)/7＝1。","[""樣本空間共有 4＋3＝7 顆球。"",""紅球或藍球包含全部 7 顆，且兩事件不重疊。"",""機率＝7/7＝1。""]","先確認事件是否涵蓋全部可能；本題袋中沒有第三種顏色。","[]","","","","","","","","","","","","","","",""
"MAT-0493","數學","原創會考程度練習","","","七年級上","代數","一元一次方程式","基礎","單題選擇","解方程式 4(x−2)＝2x＋10，x 等於多少？","9","8","7","6","0","9","","先展開左側得 4x−8＝2x＋10，移項後 2x＝18，因此 x＝9。代回原式，左右皆為 28。","[""用分配律展開：4x−8＝2x＋10。"",""兩側同減 2x、同加 8，得 2x＝18。"",""x＝9；代回兩側都等於 28。""]","括號前係數要乘到括號內每一項；移項時留意正負號。","[]","","","","","","","","","","","","","","",""
"MAT-0494","數學","原創會考程度練習","","","七年級下","幾何","長方體體積","基礎","單題選擇","長方體收納箱長 12 公分、寬 8 公分、高 5 公分，容積是多少立方公分？","200","300","480","960","2","480","","長方體體積＝長×寬×高＝12×8×5＝480 立方公分。","[""題目提供三個互相垂直的邊長。"",""長方體體積公式為長×寬×高。"",""12×8×5＝480 立方公分。""]","體積三個方向的長度相乘，單位要寫立方公分。","[]","","","","","","","","","","","","","","",""
"MAT-0495","數學","原創會考程度練習","","","八年級上","統計與機率","相對次數與圓形圖","基礎","單題選擇","社團共 40 人，其中 10 人參加攝影社。若以圓形圖表示，攝影社扇形的圓心角是多少度？","45°","72°","90°","36°","2","90°","","攝影社占全部的 10/40＝1/4。圓形圖全圓為 360°，扇形圓心角為 360°×1/4＝90°。","[""先算參加比例：10÷40＝1/4。"",""圓形圖全圓代表 360°。"",""360°×1/4＝90°。""]","圓心角＝該類比例×360°；不要把人數直接當角度。","[]","","","","","","","","","","","","","","",""
"MAT-0496","數學","原創會考程度練習","","","八年級下","數與量","科學記號","基礎","單題選擇","將 0.00072 用科學記號表示，何者正確？","7.2×10⁻⁵","7.2×10⁻⁴","0.72×10⁻³","72×10⁻⁵","1","7.2×10⁻⁴","","將 0.00072 的小數點向右移 4 位得到 7.2，因此要乘上 10⁻⁴ 才保持原值：0.00072＝7.2×10⁻⁴。","[""科學記號係數需介於 1（含）與 10（不含）。"",""0.00072 移小數點右移 4 位成 7.2。"",""補回等值倍率得 7.2×10⁻⁴。""]","小數點向右移幾位，10 的指數就是負幾；檢查係數須小於 10。","[]","","","","","","","","","","","","","","",""
"MAT-0497","數學","原創會考程度練習","","","九年級上","函數","一次函數截距","基礎","單題選擇","直線 y＝−2x＋6 與 y 軸交於何點？","(6, 0)","(0, 6)","(−2, 0)","(0, −2)","1","(0, 6)","","與 y 軸交點的 x 座標為 0。代入 y＝−2x＋6，得 y＝6，因此交點是 (0, 6)。","[""y 軸上任一點的 x 座標都是 0。"",""令 x＝0，得 y＝−2×0＋6＝6。"",""交點座標為 (0, 6)。""]","y 軸截距的 x 座標為 0；不要把截距值寫到錯誤座標位置。","[]","","","","","","","","","","","","","","",""
"MAT-0498","數學","原創會考程度練習","","","九年級下","統計與機率","四分位距","中等","單題選擇","依序排列的資料為 2、4、5、7、9、12、14、18。以兩半資料的中位數定義四分位數，四分位距是多少？","7","9","10","8.5","3","8.5","","下半部 2、4、5、7 的中位數為 Q₁＝(4＋5)/2＝4.5；上半部 9、12、14、18 的中位數為 Q₃＝(12＋14)/2＝13。四分位距 Q₃−Q₁＝8.5。","[""將八筆資料分成下半部 2、4、5、7 和上半部 9、12、14、18。"",""Q₁＝(4＋5)/2＝4.5；Q₃＝(12＋14)/2＝13。"",""四分位距＝Q₃−Q₁＝13−4.5＝8.5。""]","先按題目指定方法求上下半部中位數；四分位距是 Q₃ 減 Q₁，不是反過來。","[]","","","","","","","","","","","","","","",""
"MAT-0499","數學","原創會考程度練習","","","七年級上","數與量","絕對值與距離","基礎","單題選擇","數線上 −7 與 4 兩點的距離是多少？","3","−11","−3","11","3","11","","數線兩點距離為座標差的絕對值：|4−(−7)|＝|11|＝11。","[""距離等於兩座標相減後取絕對值。"",""4−(−7)＝4＋7＝11。"",""距離為 |11|＝11。""]","距離不能為負，座標差要取絕對值；減去負數等於加上正數。","[]","","","","","","","","","","","","","","",""
"MAT-0500","數學","原創會考程度練習","","","七年級下","統計與機率","次數分配表與條件加總","中等","單題選擇","社團記錄 30 位同學每週運動天數：運動 1 天有 4 人、2 天有 8 人、3 天有 10 人、4 天有 6 人、5 天有 2 人。每週運動至少 3 天的同學共有幾人？","10","16","18","20","2","18","","「至少 3 天」包含運動 3 天、4 天和 5 天的同學，合計 10＋6＋2＝18 人，故答案為 18。","[""題目問「至少 3 天」，因此要納入 3 天、4 天與 5 天三類。"",""讀取對應人數：3 天有 10 人、4 天有 6 人、5 天有 2 人。"",""合計 10＋6＋2＝18 人。""]","「至少」包含邊界值；讀次數表時把所有符合條件的類別頻數相加。","[]","","","","","","","","","","","","","","",""
"MAT-0501","數學","原創會考程度練習","","","九年級上","數與量","整數指數律","基礎","單題選擇","計算 2³×2⁴÷2² 的值。","32","64","128","256","0","32","","同底數相乘指數相加、相除指數相減：2³×2⁴÷2²＝2^(3＋4−2)＝2⁵＝32。","[""同底數相乘時，指數相加：3＋4。"",""同底數相除時，指數相減：3＋4−2＝5。"",""2⁵＝32。""]","先確認底數相同再合併指數；指數不能直接相乘。","[]","","","","","","","","","","","","","","",""
"MAT-0502","數學","原創會考程度練習","","","八年級下","代數","一元二次方程式因式分解","基礎","單題選擇","方程式 x²−9＝0 的正根為何？","−3","3","9","−9","1","3","","利用平方差公式 x²−9＝(x−3)(x＋3)＝0，解得 x＝3 或 −3；正根是 3。","[""辨認 x²−9 為平方差：x²−3²。"",""因式分解為 (x−3)(x＋3)＝0。"",""根為 3、−3，正根是 3。""]","方程有兩個根，題目限定正根時要依條件選擇，不可漏看正負。","[]","","","","","","","","","","","","","","",""
"MAT-0503","數學","原創會考程度練習","","","八年級上","數與量","數列規律","中等","單題選擇","數列前幾項為 5、9、17、33、⋯，每一項與前一項的差依序加倍。下一項為何？","63","61","65","67","2","65","","相鄰差為 4、8、16，確實逐次加倍，下一個差為 32。故下一項為 33＋32＝65。 正確答案為「65」。","[""相鄰差：9−5＝4、17−9＝8、33−17＝16。"",""差每次加倍，下一差為 32。"",""下一項 33＋32＝65。 因此本題答案為「65」。""]","題目規則描述的是「差」加倍，不是每一項本身乘二。","[]","","","","","","","","","","","","","","",""
"MAT-0504","數學","原創會考程度練習","","","九年級上","幾何","座標平面對稱","中等","單題選擇","點 P 的座標為 (−3, 5)，先對 y 軸鏡射，再向下平移 2 單位。最後座標為何？","(3, 3)","(3, 7)","(−3, 7)","(−3, 3)","0","(3, 3)","","對 y 軸鏡射會將 x 座標變號，(−3,5) 變為 (3,5)；再向下 2 單位，y 座標減 2，得到 (3,3)。正確答案為「(3, 3)」。","[""對 y 軸鏡射：(x,y) 變為 (−x,y)，所以 (−3,5)→(3,5)。"",""向下平移 2 單位：y 座標 5−2＝3。"",""最後座標為 (3,3)。""]","y 軸鏡射只改變 x 的正負；向下平移只減少 y 座標。","[]","","","","","","","","","","","","","","",""
"MAT-0505","數學","原創會考程度練習","","","九年級下","代數","一元二次方程","中等","單題選擇","長方形的長比寬多 5 公分，面積為 84 平方公分。若寬為正數，長方形的寬是多少公分？","7","8","9","6","0","7","","設寬為 x，長為 x＋5。x(x＋5)＝84，整理為 (x−7)(x＋12)＝0；解得 x＝7 或 −12。寬為正數，故取 7 公分。 正確答案為「7」。","[""設寬 x，則長 x＋5，故 x(x＋5)＝84。"",""x²＋5x−84＝0，即 (x−7)(x＋12)＝0。"",""正寬只能為 x＝7 公分。 因此本題答案為「7」。""]","方程可能有兩個根，情境中的長度須符合正數條件。","[]","","","","","","","","","","","","","","",""
"MAT-0506","數學","原創會考程度練習","","","七年級下","數與量","速率單位換算","基礎","單題選擇","每秒 20 公尺相當於多少公里／小時？","54","72","60","80","1","72","","1 公尺／秒＝3.6 公里／小時，因此 20×3.6＝72 公里／小時。","[""將公尺換公里要除以 1,000，將秒換小時要乘以 3,600。"",""所以 1 公尺／秒＝3.6 公里／小時。"",""20×3.6＝72 公里／小時。""]","公尺／秒換公里／小時乘 3.6；反向換算才除以 3.6。","[]","","","","","","","","","","","","","","",""
"MAT-0507","數學","原創會考程度練習","","","九年級上","數與量","分數與比例","中等","單題選擇","社團有 42 人，其中 5/7 報名校外教學；報名者中有 2/3 搭遊覽車。搭遊覽車的有幾人？","18","22","20","24","2","20","","報名人數為 42×5/7＝30 人；其中搭車者為 30×2/3＝20 人。 正確答案為「20」。","[""報名 42×5/7＝30 人。"",""搭車人數 30×2/3＝20 人。"",""答案為 20 人。 因此本題答案為「20」。""]","分率連乘前先確認每個分率的整體基準。","[]","","","","","","","","","","","","","","",""
"MAT-0508","數學","原創會考程度練習","","","七年級上","統計與機率","乘法原理","基礎","單題選擇","小安有 3 件不同上衣和 2 條不同長褲，每次各選一件上衣和一條長褲，共有幾種穿搭？","4","5","8","6","3","6","","每一件上衣都可搭配 2 條長褲。依乘法原理，共有 3×2＝6 種穿搭。","[""上衣有 3 種選擇。"",""每種上衣皆可搭配 2 條長褲。"",""總數＝3×2＝6 種。""]","分階段選擇彼此都可搭配時，用乘法原理相乘，不是相加。","[]","","","","","","","","","","","","","","",""
"MAT-0509","數學","原創會考程度練習","","","九年級下","幾何","圓柱體積","基礎","單題選擇","圓柱形罐子的底面半徑為 3 公分、高為 4 公分。罐子的體積是多少立方公分？（以 π 表示）","27π","12π","9π","36π","3","36π","","圓柱體積＝底面積×高＝π×3²×4＝36π 立方公分。","[""底面是半徑 3 公分的圓，面積為 π×3²＝9π。"",""圓柱體積等於底面積乘高度。"",""9π×4＝36π 立方公分。""]","半徑要平方；體積還需乘以高，單位是立方公分。","[]","","","","","","","","","","","","","","",""
"MAT-0510","數學","原創會考程度練習","","","八年級上","統計與機率","全距","基礎","單題選擇","一組資料為 4、7、9、13、16。這組資料的全距是多少？","10","12","14","8","1","12","","全距等於最大值減最小值：16−4＝12。","[""找出最大值 16 和最小值 4。"",""全距＝最大值−最小值。"",""16−4＝12。""]","全距只看最大值和最小值；不是把兩端相加或取平均。","[]","","","","","","","","","","","","","","",""
"MAT-0511","數學","原創會考程度練習","","","八年級下","幾何","三角形角度","中等","單題選擇","三角形的兩個不相鄰內角為 (2x＋10)° 與 (3x−5)°，其外角為 120°。x 為何？","15","20","23","25","2","23","","三角形外角等於兩個不相鄰內角和：(2x＋10)＋(3x−5)＝120。得 5x＋5＝120，所以 x＝23。 正確答案為「23」。","[""列外角定理：(2x＋10)＋(3x−5)＝120。"",""5x＋5＝120，故 5x＝115。"",""x＝23。 因此本題答案為「23」。""]","先辨認外角與兩個不相鄰內角，勿把鄰角也列入。","[]","","","","","","","","","","","","","","",""
"MAT-0512","數學","原創會考程度練習","","","九年級上","幾何","相似形","基礎","單題選擇","兩個相似三角形對應邊比（小：大）為 3：5。小三角形周長為 24 公分，大三角形周長是多少？","30","36","48","40","3","40","","相似圖形的周長比等於對應邊比。大／小＝5/3，所以大三角形周長＝24×5/3＝40 公分。 正確答案為「40」。","[""大：小的對應邊比為 5：3。"",""周長比同樣為 5：3。"",""24×5/3＝40 公分。 因此本題答案為「40」。""]","面積才需將相似比平方，本題問周長不可平方。","[]","","","","","","","","","","","","","","",""
"MAT-0513","數學","原創會考程度練習","","","八年級下","幾何","等腰梯形周長","基礎","單題選擇","一個等腰梯形的兩底長分別為 8 公分與 14 公分，兩腰各長 6 公分。此梯形的周長是多少公分？","34","28","30","36","0","34","","周長是四邊長總和。等腰梯形兩腰都是 6 公分，所以周長＝8＋14＋6＋6＝34 公分。","[""等腰梯形的兩腰長相等，題目已知各為 6 公分。"",""周長＝上底＋下底＋腰＋腰。"",""8＋14＋6＋6＝34 公分。""]","周長要加上四邊；等腰梯形的兩腰相等，但不等於底邊。","[]","","","","","","","","","","","","","","",""
"MAT-0514","數學","原創會考程度練習","","","八年級上","幾何","圓與扇形","中等","單題選擇","半徑 10 公分的圓中有一個 72° 扇形，其面積以 π 表示是多少平方公分？","10π","20π","25π","15π","1","20π","","扇形占全圓 72/360＝1/5。全圓面積為 100π，因此扇形面積為 100π×1/5＝20π 平方公分。 正確答案為「20π」。","[""比例為 72/360＝1/5。"",""全圓面積 π×10²＝100π。"",""扇形面積＝100π×1/5＝20π。 因此本題答案為「20π」。""]","先確認半徑而非直徑；面積單位為平方公分。","[]","","","","","","","","","","","","","","",""
"MAT-0515","數學","原創會考程度練習","","","九年級下","幾何","畢氏定理","基礎","單題選擇","一支長 13 公尺的梯子靠牆，梯腳離牆 5 公尺。若牆面與地面垂直，梯子頂端離地幾公尺？","8","10","12","14","2","12","","牆、地面與梯子形成直角三角形，梯子是斜邊。高度＝√(13²−5²)＝√144＝12 公尺。 正確答案為「12」。","[""高度²＋5²＝13²。"",""高度²＝169−25＝144。"",""高度＝12 公尺。 因此本題答案為「12」。""]","梯長是斜邊；求直角邊要相減，不是兩股平方相加。","[]","","","","","","","","","","","","","","",""
"MAT-0516","數學","原創會考程度練習","","","八年級下","數與量","比例尺與單位換算","中等","單題選擇","地圖比例尺為 1：25,000，圖上兩地相距 6.4 公分。實際距離是多少公里？","1.6","1.2","2.5","16","0","1.6","","實際距離＝6.4×25,000＝160,000 公分。100,000 公分為 1 公里，因此為 1.6 公里。 正確答案為「1.6」。","[""6.4×25,000＝160,000 公分。"",""100,000 公分＝1 公里。"",""160,000÷100,000＝1.6 公里。 因此本題答案為「1.6」。""]","比例尺兩端使用相同長度單位；公分換公里須除以 100,000。","[]","","","","","","","","","","","","","","",""
"MAT-0517","數學","原創會考程度練習","","","七年級上","統計與機率","平均數與倍數","中等","單題選擇","某商品連續 3 個月的銷售量為 260、320、380 件。若第四個月恰為前三月平均的 1.5 倍，第四個月售出幾件？","420","510","450","480","3","480","","前三月平均為 (260＋320＋380)÷3＝320 件。第四月為 320×1.5＝480 件。 正確答案為「480」。","[""前三月平均＝960÷3＝320。"",""第四月＝320×1.5。"",""第四月售出 480 件。 因此本題答案為「480」。""]","「平均的 1.5 倍」是以平均值為基準，不是以總和乘 1.5。","[]","","","","","","","","","","","","","","",""
"MAT-0518","數學","原創會考程度練習","","","九年級上","代數","一元二次方程","中等","單題選擇","方程式 x²−5x＋6＝0 的兩根中，較小的根為何？","2","3","6","1","0","2","","因式分解 x²−5x＋6＝(x−2)(x−3)＝0，所以 x＝2 或 3，較小的根是 2。 正確答案為「2」。","[""找乘積為 6、和為 −5 的兩數 −2、−3。"",""(x−2)(x−3)＝0，根為 2、3。"",""較小的根為 2。 因此本題答案為「2」。""]","方程有兩個根；題目問較小者，不能只列根而不比較。","[]","","","","","","","","","","","","","","",""
"MAT-0519","數學","原創會考程度練習","","","八年級上","統計與機率","平均數","中等","單題選擇","一場球賽中，A 隊四節得分為 18、24、21、27 分；B 隊四節平均得分為 22 分。A 隊每節平均比 B 隊高幾分？","1","1.5","2","0.5","3","0.5","","A 隊總分為 18＋24＋21＋27＝90，平均 90÷4＝22.5 分。B 隊平均 22 分，故 A 隊每節平均高 22.5−22＝0.5 分。 正確答案為「0.5」。","[""A 隊平均＝(18＋24＋21＋27)÷4＝22.5。"",""每節平均差＝22.5−22。"",""A 隊高 0.5 分。 因此本題答案為「0.5」。""]","比較平均數時兩隊須使用相同的每節單位。","[]","","","","","","","","","","","","","","",""
"MAT-0520","數學","原創會考程度練習","","","七年級下","數與量","速率與方程","中等","單題選擇","水池原有 120 公升水，排水管每分鐘排出 8 公升；同時注水管每分鐘注入 3 公升。幾分鐘後池中剩 45 公升？","10","15","12","18","1","15","","每分鐘淨減少 8−3＝5 公升。從 120 降到 45 共減少 75 公升，所需時間為 75÷5＝15 分鐘。 正確答案為「15」。","[""淨排水率＝8−3＝5 公升／分。"",""需減少 120−45＝75 公升。"",""時間＝75÷5＝15 分鐘。 因此本題答案為「15」。""]","兩管同時作用，不能只用排水管流量計算。","[]","","","","","","","","","","","","","","",""
"MAT-0521","數學","原創會考程度練習","","","七年級上","代數","一元一次方程","中等","單題選擇","班級義賣每售出一盒餅乾收入 32 元，先支付場地費 256 元。若最後淨收入為 1,248 元，共售出幾盒？","42","45","47","50","2","47","","設售出 x 盒，淨收入為 32x−256。令 32x−256＝1,248，得 32x＝1,504，x＝47 盒。 正確答案為「47」。","[""設售出 x 盒，收入為 32x 元。"",""32x−256＝1,248，所以 32x＝1,504。"",""x＝47 盒。 因此本題答案為「47」。""]","先確認固定費是扣除一次，不是每盒都扣。","[]","","","","","","","","","","","","","","",""
"MAT-0522","數學","原創會考程度練習","","","九年級上","函數","函數與方程","中等","單題選擇","甲方案月費 120 元、每 GB 4 元；乙方案月費 60 元、每 GB 7 元。使用多少 GB 時兩方案費用相同？","24","15","18","20","3","20","","令用量為 x，費用相同時 120＋4x＝60＋7x。移項得 60＝3x，所以 x＝20 GB；兩方案皆為 200 元。 正確答案為「20」。","[""列式：120＋4x＝60＋7x。"",""60＝3x，故 x＝20。"",""代回皆為 200 元，因此用量是 20 GB。 因此本題答案為「20」。""]","月費是固定項，單位費用才乘用量。","[]","","","","","","","","","","","","","","",""
"MAT-0523","數學","原創會考程度練習","","","八年級上","代數","一元一次不等式","基礎","單題選擇","滿足 3x−5≤10 的整數 x 中，最大值是多少？","5","4","6","3","0","5","","3x−5≤10，兩邊加 5 得 3x≤15，再除以正數 3 得 x≤5；符合條件的整數最大值為 5。","[""3x−5≤10，兩邊同加 5：3x≤15。"",""兩邊同除以正數 3，不等號方向不變：x≤5。"",""最大整數解為 5。""]","只有除以負數或乘以負數時，不等號方向才要反轉。","[]","","","","","","","","","","","","","","",""
"MAT-0524","數學","原創會考程度練習","","","七年級上","函數","一次函數斜率","基礎","單題選擇","通過點 (2,5) 與 (6,13) 的直線斜率是多少？","1","2","3","4","1","2","","斜率＝縱座標變化量÷橫座標變化量＝(13−5)÷(6−2)＝8÷4＝2。","[""依兩點斜率公式計算 y 的變化量除以 x 的變化量。"",""縱座標變化 13−5＝8；橫座標變化 6−2＝4。"",""斜率＝8÷4＝2。""]","座標變化量須保持同一順序相減，分子分母不可交叉混用。","[]","","","","","","","","","","","","","","",""
"MAT-0525","數學","原創會考程度練習","","","八年級下","數與量","速率與分數","中等","單題選擇","水池甲管單獨 6 小時可注滿，乙管單獨 4 小時可注滿。兩管同時開 1.5 小時後，水池注滿幾分之幾？","1/2","2/3","5/8","3/4","2","5/8","","甲每小時注 1/6，乙每小時注 1/4。合計每小時 1/6＋1/4＝5/12；1.5 小時注入 (5/12)×(3/2)＝5/8。 正確答案為「5/8」。","[""合併速率＝1/6＋1/4＝5/12 池／小時。"",""1.5 小時＝3/2 小時。"",""注水量＝5/12×3/2＝5/8 池。 因此本題答案為「5/8」。""]","工作率的單位是「每小時完成的水池比例」。","[]","","","","","","","","","","","","","","",""
"MAT-0526","數學","原創會考程度練習","","","九年級上","數與量","百分率","基礎","單題選擇","原價 800 元的背包先打 85 折，再折抵 50 元。最後售價是多少元？","580","680","730","630","3","630","","打 85 折後為 800×0.85＝680 元，再折抵 50 元，售價為 680−50＝630 元。 正確答案為「630」。","[""折後價＝800×0.85＝680 元。"",""再扣 50 元。"",""最後售價為 630 元。 因此本題答案為「630」。""]","85 折代表付原價的 85%，不要把折數當成折掉比例。","[]","","","","","","","","","","","","","","",""
"MAT-0527","數學","原創會考程度練習","","","七年級下","數與量","比例","基礎","單題選擇","社團男、女生人數比為 3：5，全社共 64 人。女生有幾人？","40","24","32","48","0","40","","總份數為 3＋5＝8，每份 64÷8＝8 人；女生占 5 份，為 5×8＝40 人。 正確答案為「40」。","[""總份數＝3＋5＝8。"",""每份 64÷8＝8 人。"",""女生 5×8＝40 人。 因此本題答案為「40」。""]","女生人數是 5 份，不是把 64 乘以 5。","[]","","","","","","","","","","","","","","",""
"MAT-0528","數學","原創會考程度練習","","","九年級上","統計與機率","機率","中等","單題選擇","轉盤等分成 8 格，其中 3 格紅色、5 格藍色。連轉兩次，兩次都轉到紅色的機率是多少？","3/16","9/64","3/8","25/64","1","9/64","","每次轉到紅色的機率為 3/8。兩次轉動互相獨立，因此連續兩次紅色的機率為 3/8×3/8＝9/64。 正確答案為「9/64」。","[""單次紅色機率＝3/8。"",""兩次轉動互相獨立。"",""兩次紅色機率＝3/8×3/8＝9/64。 因此本題答案為「9/64」。""]","題目是轉盤轉兩次，不涉及抽後不放回。","[]","","","","","","","","","","","","","","",""
"MAT-0529","數學","原創會考程度練習","","","八年級上","統計與機率","機率","中等","單題選擇","袋中有 4 顆白球、3 顆黑球，不放回連取 2 顆。恰有一顆白球的機率是多少？","2/7","3/7","4/7","5/7","2","4/7","","恰一白可分成白後黑或黑後白：4/7×3/6＋3/7×4/6＝24/42＝4/7。 正確答案為「4/7」。","[""白後黑：4/7×3/6。"",""黑後白：3/7×4/6。"",""相加得 4/7。 因此本題答案為「4/7」。""]","兩種順序互斥，所以相加；不可當成只抽到白球一次。","[]","","","","","","","","","","","","","","",""
"MAT-0530","數學","原創會考程度練習","","","八年級上","統計與機率","平均數","基礎","單題選擇","五次測驗平均為 76 分，前四次分數為 70、74、78、80。第五次得幾分？","76","82","80","78","3","78","","五次總分為 5×76＝380。前四次總分為 70＋74＋78＋80＝302，因此第五次為 380−302＝78 分。 正確答案為「78」。","[""五次總分＝5×76＝380。"",""前四次總分＝302。"",""第五次＝380−302＝78 分。 因此本題答案為「78」。""]","檢查所有分數相加後再除以 5，確實回到 76。","[]","","","","","","","","","","","","","","",""
"MAT-0531","數學","原創會考程度練習","","","九年級上","幾何","多邊形","中等","單題選擇","一個多邊形的內角和為 1,080°，這個多邊形有幾條邊？","8","7","6","9","0","8","","n 邊形內角和為 (n−2)×180°。令 (n−2)×180＝1,080，得 n−2＝6、n＝8。 正確答案為「8」。","[""設邊數為 n，列 (n−2)×180＝1,080。"",""兩邊除以 180 得 n−2＝6。"",""n＝8 條邊。 因此本題答案為「8」。""]","內角和公式中的 n−2，不能直接把 1,080 除 180 當成邊數。","[]","","","","","","","","","","","","","","",""
"MAT-0532","數學","原創會考程度練習","","","九年級上","代數","反比例","中等","單題選擇","y 與 x 成反比，當 x＝4 時 y＝18。當 x＝12 時，y 為多少？","4","6","8","9","1","6","","反比例關係中 xy 為定值。由 x＝4、y＝18 得 xy＝72；當 x＝12 時，y＝72÷12＝6。","[""反比例關係可寫成 xy＝k，乘積固定。"",""k＝4×18＝72。"",""x＝12 時，y＝72÷12＝6。""]","反比例是乘積固定；x 放大幾倍，y 就縮小為原來的幾分之一。","[]","","","","","","","","","","","","","","",""
"MAT-0533","數學","原創會考程度練習","","","七年級下","幾何","體積與單位換算","中等","單題選擇","一個底面為 8 公分乘 5 公分、高 12 公分的長方體水箱，裝水至全高的 3/4。水量是多少公升？（1,000 立方公分＝1 公升）","0.24","0.30","0.36","0.48","2","0.36","","水高為 12×3/4＝9 公分。水體積為 8×5×9＝360 立方公分，換算為 360÷1,000＝0.36 公升。 正確答案為「0.36」。","[""水深＝12×3/4＝9 公分。"",""水體積＝8×5×9＝360 立方公分。"",""360÷1,000＝0.36 公升。 因此本題答案為「0.36」。""]","裝水高度比例等於 3/4，底面積固定，故體積也占 3/4。","[]","","","","","","","","","","","","","","",""
"MAT-0534","數學","原創會考程度練習","","","八年級下","幾何","梯形面積","基礎","單題選擇","一個梯形的兩底長為 7 公分與 15 公分，高為 8 公分，面積是多少平方公分？","100","110","130","88","3","88","","梯形面積＝（上底＋下底）×高÷2＝（7＋15）×8÷2＝88 平方公分，故答案為 88。","[""梯形上底與下底分別為 7 公分和 15 公分。"",""梯形面積＝（上底＋下底）×高÷2。"",""（7＋15）×8÷2＝88 平方公分。""]","梯形面積先將兩底相加，再乘高除以 2；長度單位相同才能直接代入。","[]","","","","","","","","","","","","","","",""
"MAT-0535","數學","原創會考程度練習","","","八年級上","數與量","速率","中等","單題選擇","一輛車行駛 210 公里，出發到抵達共 3 小時 30 分鐘，其中休息 30 分鐘。行駛時的平均速率是多少公里／小時？","70","65","75","60","0","70","","總時間 3.5 小時，扣除休息後行駛 3 小時。平均行駛速率為 210÷3＝70 公里／小時。 正確答案為「70」。","[""行駛時間＝3.5−0.5＝3 小時。"",""速率＝路程÷行駛時間。"",""210÷3＝70 公里／小時。 因此本題答案為「70」。""]","若題目問全程平均速率才使用含休息的總時間。","[]","","","","","","","","","","","","","","",""
"MAT-0536","數學","原創會考程度練習","","","八年級下","函數","一次函數","中等","單題選擇","已知 f(x)＝ax＋b，且 f(2)＝11、f(5)＝23。f(8) 為何？","32","35","38","41","1","35","","斜率 a＝(23−11)÷(5−2)＝4。由 11＝4×2＋b 得 b＝3，因此 f(8)＝4×8＋3＝35。 正確答案為「35」。","[""a＝(23−11)÷(5−2)＝4。"",""11＝4×2＋b，故 b＝3。"",""f(8)＝4×8＋3＝35。 因此本題答案為「35」。""]","函數值是輸出；先求出完整規則再代入 8。","[]","","","","","","","","","","","","","","",""
"MAT-0537","數學","原創會考程度練習","","","八年級上","幾何","三角形角度","基礎","單題選擇","三角形兩個內角為 48°、67°，第三個內角是多少度？","55°","75°","65°","115°","2","65°","","三角形內角和為 180°，第三角＝180°−48°−67°＝65°。 正確答案為「65°」。","[""三角形內角和為 180°。"",""180°−48°−67°＝65°。"",""第三個內角為 65°。 因此本題答案為「65°」。""]","兩個已知角都要扣除；115°只扣掉其中一角。","[]","","","","","","","","","","","","","","",""
"MAT-0538","數學","原創會考程度練習","","","七年級上","幾何","長方形內框與面積差","中等","單題選擇","一座長 20 公尺、寬 14 公尺的長方形花圃，沿內側四周鋪設寬 1 公尺的步道。步道內部可種植的長方形區域面積是多少平方公尺？","204","224","196","216","3","216","","步道沿內側四周各占 1 公尺，所以種植區的長為 20−2＝18 公尺，寬為 14−2＝12 公尺。種植面積為 18×12＝216 平方公尺，答案 D。","[""內側步道在長、寬的兩端各占 1 公尺，種植區長為 18 公尺、寬為 12 公尺。"",""計算種植區面積：18×12＝216 平方公尺。"",""題目問的是步道內部區域，不是整座花圃或步道面積，選 D。""]","環繞四邊的內側步道會讓長與寬各減去兩個步道寬度；先求內部尺寸再求面積。","[]","","","","","","","","","","","","","","",""
"MAT-0539","數學","原創會考程度練習","","","九年級下","幾何","體積與面積","中等","單題選擇","水族箱長 60 公分、寬 30 公分，目前水深 20 公分。再注入 18 公升水後，水面上升幾公分？（1 公升＝1,000 立方公分）","10","8","12","15","0","10","","18 公升＝18,000 立方公分。底面積為 60×30＝1,800 平方公分，水面上升高度＝18,000÷1,800＝10 公分。 正確答案為「10」。","[""18 公升＝18,000 立方公分。"",""底面積＝60×30＝1,800 平方公分。"",""高度增加＝18,000÷1,800＝10 公分。 因此本題答案為「10」。""]","原有水深不影響增加量；計算的是新增水造成的高度變化。","[]","","","","","","","","","","","","","","",""
"MAT-0540","數學","原創會考程度練習","","","七年級下","代數","一元一次不等式","中等","單題選擇","校外教學每張車票 85 元，另有固定保險費 240 元。預算最多 2,000 元，最多能買幾張車票？","19","20","21","22","1","20","","設車票張數為 n，需滿足 85n＋240≤2,000。故 85n≤1,760，n≤20.7⋯；最大整數為 20 張。 正確答案為「20」。","[""可用於車票的預算＝2,000−240＝1,760 元。"",""1,760÷85＝20 餘 60。"",""最多可買 20 張。 因此本題答案為「20」。""]","不能把張數進位；21 張會超出預算。","[]","","","","","","","","","","","","","","",""
"MAT-0541","數學","原創會考程度練習","","","九年級上","函數","一次函數","中等","單題選擇","一次函數圖形通過 (1,5) 與 (4,14)。當函數值為 20 時，自變數是多少？","5","7","6","8","2","6","","斜率為 (14−5)÷(4−1)＝3，代入 (1,5) 得截距 2，函數為 y＝3x＋2。令 20＝3x＋2，得 x＝6。 正確答案為「6」。","[""斜率＝(14−5)÷(4−1)＝3。"",""代入 (1,5) 得 5＝3×1＋b，所以 b＝2。"",""20＝3x＋2，故 x＝6。 因此本題答案為「6」。""]","題目問自變數 x，不是函數值 y。","[]","","","","","","","","","","","","","","",""
"MAT-0542","數學","原創會考程度練習","","","七年級上","數與量","最小公倍數","基礎","單題選擇","8 與 12 的最小公倍數是多少？","12","18","36","24","3","24","","8 的倍數有 8、16、24⋯；12 的倍數有 12、24⋯，最小共同倍數是 24。","[""列出 8 的倍數：8、16、24⋯。"",""列出 12 的倍數：12、24⋯。"",""第一個共同倍數是 24。""]","最小公倍數是最小的正共同倍數，不是兩數相乘。","[]","","","","","","","","","","","","","","",""
"MAT-0543","數學","原創會考程度練習","","","七年級下","數與量","速率","基礎","單題選擇","一輛車以固定速率行駛，3 小時共走 240 公里。若再以相同速率行駛 2 小時，可走幾公里？","160","180","200","120","0","160","","速率為 240÷3＝80 公里／小時；2 小時行駛 80×2＝160 公里。 正確答案為「160」。","[""速率＝240÷3＝80 公里／小時。"",""2 小時路程＝80×2。"",""可走 160 公里。 因此本題答案為「160」。""]","題目問新增 2 小時的路程，不是包含原本 3 小時的總路程。","[]","","","","","","","","","","","","","","",""
"MAT-0544","數學","原創會考程度練習","","","九年級下","數與量","百分率","中等","單題選擇","將 400 毫升的 10% 鹽水與 200 毫升的 25% 鹽水混合，混合液的鹽分濃度是多少？","12%","15%","16%","18%","1","15%","","鹽的總量為 400×0.10＋200×0.25＝40＋50＝90 毫升；混合液共 600 毫升，濃度為 90÷600＝15%。 正確答案為「15%」。","[""第一杯含鹽 400×10%＝40 毫升。"",""第二杯含鹽 200×25%＝50 毫升；總量 600 毫升。"",""濃度＝90÷600＝15%。 因此本題答案為「15%」。""]","混合濃度不能直接取 10% 與 25% 的算術平均，因兩杯容量不同。","[]","","","","","","","","","","","","","","",""
"MAT-0545","數學","原創會考程度練習","","","八年級下","數與量","百分率","中等","單題選擇","一項 200 人的調查中，65% 的人搭公車；搭公車者中有 80% 是學生。搭公車的學生有幾人？","96","112","104","130","2","104","","搭公車者有 200×0.65＝130 人；其中學生占 80%，所以有 130×0.8＝104 人。 正確答案為「104」。","[""搭公車人數＝200×65%＝130。"",""學生比例以 130 人為基準。"",""130×80%＝104 人。 因此本題答案為「104」。""]","連續百分率要逐步套用，不是直接把 65% 與 80% 相乘後忽略基準。","[]","","","","","","","","","","","","","","",""
"MAT-0546","數學","原創會考程度練習","","","八年級上","統計與機率","平均數","中等","單題選擇","四次測驗平均 82 分；加入第五次後，五次平均變為 84 分。第五次測驗得幾分？","88","90","94","92","3","92","","前四次總分為 4×82＝328；五次總分為 5×84＝420。第五次得分為 420−328＝92 分。 正確答案為「92」。","[""前四次總分＝4×82＝328。"",""五次總分＝5×84＝420。"",""第五次＝420−328＝92 分。 因此本題答案為「92」。""]","新舊平均的分母不同，先換成總分才能相減。","[]","","","","","","","","","","","","","","",""
"MAT-0547","數學","原創會考程度練習","","","八年級下","幾何","三角形角度","中等","單題選擇","三角形的一個外角為 145°，兩個不相鄰內角分別為 46° 與 3x°。x 為何？","33","31","35","37","0","33","","三角形外角等於兩個不相鄰內角和，故 46＋3x＝145。得 3x＝99，x＝33。 正確答案為「33」。","[""46＋3x＝145。"",""3x＝99。"",""x＝33。 因此本題答案為「33」。""]","外角等於兩個不相鄰內角和，不是與相鄰內角相加。","[]","","","","","","","","","","","","","","",""
"MAT-0548","數學","原創會考程度練習","","","九年級上","幾何","相似立體體積比","中等","單題選擇","兩個相似立體的對應邊長比（小：大）為 2：3。小立體體積為 40 立方公分，大立體體積是多少？","120","135","150","180","1","135","","相似立體的體積比為對應邊長比的三次方：小：大＝2³：3³＝8：27。大立體體積＝40×27÷8＝135 立方公分。","[""相似立體的對應邊長比小：大＝2：3。"",""體積比要將邊長比立方：小：大＝8：27。"",""40×27÷8＝135 立方公分。""]","面積比平方、體積比立方；不要把體積也只乘邊長比。","[]","","","","","","","","","","","","","","",""
"MAT-0549","數學","原創會考程度練習","","","七年級下","幾何","平行四邊形","基礎","單題選擇","平行四邊形底長 18 公分，對應高為 7 公分。面積是多少平方公分？","112","144","126","252","2","126","","平行四邊形面積＝底×高＝18×7＝126 平方公分。 正確答案為「126」。","[""公式為底×高。"",""18×7＝126。"",""面積為 126 平方公分。 因此本題答案為「126」。""]","題目給的是對應高，不是斜邊長。","[]","","","","","","","","","","","","","","",""
"MAT-0550","數學","原創會考程度練習","","","八年級上","幾何","圓周長","基礎","單題選擇","半徑 8 公分的圓，其周長以 π 表示是多少公分？","24π","8π","32π","16π","3","16π","","圓周長＝2πr。半徑為 8 公分，所以周長＝2π×8＝16π 公分。","[""圓周長公式為 2πr。"",""代入半徑 r＝8。"",""2π×8＝16π 公分。""]","周長用 2πr，不需平方；πr² 才是圓面積公式。","[]","","","","","","","","","","","","","","",""
"MAT-0551","數學","原創會考程度練習","","","七年級下","幾何","體積與單位換算","中等","單題選擇","長方體水箱內部長 40 公分、寬 25 公分、高 30 公分，裝水至全高的 2/3。水量是多少公升？（1,000 立方公分＝1 公升）","20","15","18","24","0","20","","水深為 30×2/3＝20 公分。水體積為 40×25×20＝20,000 立方公分，換算為 20 公升。 正確答案為「20」。","[""水深＝30×2/3＝20 公分。"",""水體積＝40×25×20＝20,000 立方公分。"",""20,000÷1,000＝20 公升。 因此本題答案為「20」。""]","容積以內部尺寸計算；注意公升與立方公分換算。","[]","","","","","","","","","","","","","","",""
"MAT-0552","數學","原創會考程度練習","","","八年級上","統計與機率","中位數","基礎","單題選擇","五筆資料為 4、6、7、9、14，其中位數是多少？","6","7","9","8","1","7","","資料已由小到大排列，共 5 筆；奇數筆的中位數是第 (5＋1)÷2＝3 筆，即 7。 正確答案為「7」。","[""資料共有 5 筆，中央位置為第 3 筆。"",""第 3 筆資料是 7。"",""中位數為 7。 因此本題答案為「7」。""]","中位數不是最大與最小的平均；先排序再取中央值。","[]","","","","","","","","","","","","","","",""
"MAT-0553","數學","原創會考程度練習","","","七年級下","數與量","等差級數","中等","單題選擇","等差數列首項為 4、公差為 3，前 12 項和是多少？","240","252","246","258","2","246","","第 12 項為 4＋11×3＝37。前 12 項和＝(4＋37)×12÷2＝246。 正確答案為「246」。","[""a₁₂＝4＋11×3＝37。"",""S₁₂＝(首項＋末項)×項數÷2。"",""(4＋37)×12÷2＝246。 因此本題答案為「246」。""]","第 12 項只增加 11 次公差。","[]","","","","","","","","","","","","","","",""
"MAT-0554","數學","原創會考程度練習","","","七年級上","代數","一元一次不等式","基礎","單題選擇","解不等式 3(2x−1)≤5x＋7。","x＜10","x＞10","x≤10","x≥10","2","x≤10","","展開得 6x−3≤5x＋7。兩邊減 5x、加 3，得 x≤10。 正確答案為「x≤10」。","[""展開：6x−3≤5x＋7。"",""兩邊減 5x、加 3，得 x≤10。"",""解集為 x≤10。 因此本題答案為「x≤10」。""]","只有不等式兩邊同除以負數時才要反轉方向。","[]","","","","","","","","","","","","","","",""
"MAT-0555","數學","原創會考程度練習","","","七年級下","數與量","一元一次不等式","中等","單題選擇","校外教學車票每張 80 元，另收一次性行政費 50 元。預算 1,250 元，最多可買幾張車票？","13","14","16","15","3","15","","可用於車票的金額為 1,250−50＝1,200 元。1,200÷80＝15，因此最多買 15 張。 正確答案為「15」。","[""車票預算＝1,250−50＝1,200 元。"",""1,200÷80＝15。"",""最多可買 15 張。 因此本題答案為「15」。""]","還要檢查 16 張加行政費會超過預算。","[]","","","","","","","","","","","","","","",""
"MAT-0556","數學","原創會考程度練習","","","九年級上","代數","一元二次方程","中等","單題選擇","方程式 x²−7x＋12＝0 的兩根之和是多少？","7","4","3","12","0","7","","因式分解得 (x−3)(x−4)＝0，兩根為 3 與 4，根和為 3＋4＝7。 正確答案為「7」。","[""x²−7x＋12＝(x−3)(x−4)。"",""兩根為 3、4。"",""根和為 7。 因此本題答案為「7」。""]","不要把常數項 12 誤當成根的和。","[]","","","","","","","","","","","","","","",""
"MAT-0557","數學","原創會考程度練習","","","九年級上","數與量","百分率","中等","單題選擇","一件商品打 8 折後再加 120 元運費，總付款為 760 元。商品原價是多少元？","700","800","750","850","1","800","","先扣掉運費，折後商品價為 760−120＝640 元。原價的 80% 是 640，因此原價為 640÷0.8＝800 元。 正確答案為「800」。","[""折後商品價＝760−120＝640 元。"",""640 是原價的 80%。"",""原價＝640÷0.8＝800 元。 因此本題答案為「800」。""]","不要把運費也拿去除以折扣率。","[]","","","","","","","","","","","","","","",""
"MAT-0558","數學","原創會考程度練習","","","七年級上","數與量","比例尺與單位換算","中等","單題選擇","比例尺 1：25,000 的地圖上，兩地相距 8 公分。實際距離是多少公里？","2.5","1","2","20","2","2","","實際距離為 8×25,000＝200,000 公分。每 100,000 公分為 1 公里，所以實際距離為 2 公里。 正確答案為「2」。","[""8×25,000＝200,000 公分。"",""200,000÷100,000＝2 公里。"",""實際距離為 2 公里。 因此本題答案為「2」。""]","比例尺的圖上長與實際長先使用相同單位。","[]","","","","","","","","","","","","","","",""
"MAT-0559","數學","原創會考程度練習","","","九年級下","數與量","平均速率","中等","單題選擇","一輛車先以每小時 60 公里行駛 1.5 小時，再以每小時 90 公里行駛 1 小時。全程平均速率是多少公里／小時？","75","60","66","72","3","72","","第一段路程為 60×1.5＝90 公里，第二段為 90×1＝90 公里；總路程 180 公里，總時間 2.5 小時。平均速率＝180÷2.5＝72 公里／小時。 正確答案為「72」。","[""總路程＝90＋90＝180 公里。"",""總時間＝1.5＋1＝2.5 小時。"",""平均速率＝180÷2.5＝72 公里／小時。 因此本題答案為「72」。""]","不同速率持續時間不同，不能直接取 60 與 90 的平均。","[]","","","","","","","","","","","","","","",""
"MAT-0560","數學","原創會考程度練習","","","七年級下","幾何","梯形面積","中等","單題選擇","梯形兩底長 14 公分與 26 公分，面積為 180 平方公分。梯形高是多少公分？","9","8","12","6","0","9","","梯形面積 180＝(14＋26)×h÷2＝20h，因此 h＝180÷20＝9 公分。 正確答案為「9」。","[""兩底和的一半＝(14＋26)÷2＝20。"",""180＝20h。"",""h＝9 公分。 因此本題答案為「9」。""]","梯形面積公式中的高是垂直距離。","[]","","","","","","","","","","","","","","",""
"MAT-0561","數學","原創會考程度練習","","","七年級上","代數","代數式代值與運算順序","基礎","單題選擇","已知 x＝5，求代數式 2x²−3x＋1 的值。","30","36","40","46","1","36","","將 x＝5 代入：2×5²−3×5＋1。先算乘方得 2×25−15＋1＝50−15＋1＝36。 正確答案為「36」。","[""把 x＝5 代入原式，得到 2×5²−3×5＋1。"",""先算乘方：5²＝25，因此算式為 2×25−15＋1。"",""依序乘除後加減，得到 50−15＋1＝36。 因此本題答案為「36」。""]","代入後仍要遵守運算順序，先乘方，再乘除，最後加減。","[]","","","","","","","","","","","","","","",""
"MAT-0562","數學","原創會考程度練習","","","八年級上","函數","一次函數","中等","單題選擇","某函數 y＝4x−7。當 y＝29 時，x 為何？","7","8","9","10","2","9","","令 29＝4x−7，兩邊加 7 得 36＝4x，再除以 4 得 x＝9。 正確答案為「9」。","[""29＝4x−7。"",""兩邊加 7：36＝4x。"",""x＝9。 因此本題答案為「9」。""]","反解時要保留等式平衡，最後可代回確認 4×9−7＝29。","[]","","","","","","","","","","","","","","",""
"MAT-0563","數學","原創會考程度練習","","","七年級下","數與量","速率","中等","單題選擇","一段旅程先以每小時 60 公里行駛 2 小時，再以每小時 80 公里行駛 1.5 小時。全程共行駛幾公里？","220","260","230","240","3","240","","第一段路程為 60×2＝120 公里；第二段為 80×1.5＝120 公里。全程路程為 120＋120＝240 公里。 正確答案為「240」。","[""第一段：60×2＝120 公里。"",""第二段：80×1.5＝120 公里。"",""全程 120＋120＝240 公里。 因此本題答案為「240」。""]","不同路段速率不同，先算各段路程，不可只用其中一個速率。","[]","","","","","","","","","","","","","","",""
"MAT-0564","數學","原創會考程度練習","","","八年級上","數與量","質因數分解與因數個數","中等","單題選擇","正整數 N＝2³×3²。N 有多少個正因數？","12","10","14","16","0","12","","若因數寫成 2ᵃ×3ᵇ，指數可分別取 a＝0、1、2、3 共 4 種，以及 b＝0、1、2 共 3 種。依乘法原理，正因數共有 4×3＝12 個。 正確答案為「12」。","[""任一正因數可寫成 2ᵃ×3ᵇ。"",""2 的指數 a 可選 0 到 3，共 4 種；3 的指數 b 可選 0 到 2，共 3 種。"",""指數選法互相獨立，因數總數為 4×3＝12。 因此本題答案為「12」。""]","因數個數公式中的指數要加 1；指數範圍包含 0。","[]","","","","","","","","","","","","","","",""
"MAT-0565","數學","原創會考程度練習","","","八年級上","幾何","正方形對角線與面積","中等","單題選擇","一個正方形的對角線長 10 公分，這個正方形的面積是多少平方公分？","40","50","100","25","1","50","","正方形對角線將它分成兩個全等直角三角形。也可用對角線公式 d²＝2A，因此面積 A＝10²÷2＝50 平方公分。 正確答案為「50」。","[""設正方形邊長為 s，對角線與兩邊構成直角三角形。"",""依畢氏定理，10²＝s²＋s²＝2s²。"",""正方形面積 s²＝100÷2＝50 平方公分。 因此本題答案為「50」。""]","正方形對角線不是邊長；不要直接把 10 當成邊長來平方。","[]","","","","","","","","","","","","","","",""
"MAT-0566","數學","原創會考程度練習","","","七年級上","數與量","百分率","中等","單題選擇","一件商品先漲價 25%，再以漲價後價格打 8 折。最後價格與原價相比如何？","便宜 10%","便宜 5%","相同","貴 5%","2","相同","","設原價為 P。先漲價 25% 變為 1.25P，再打 8 折為 0.8×1.25P＝P，因此最後價格與原價相同。 正確答案為「相同」。","[""設原價為 P，漲價 25% 後為 1.25P。"",""再打 8 折，價格乘以 0.8。"",""1.25P×0.8＝P，所以價格不變。 因此本題答案為「相同」。""]","連續百分率變化要將倍率相乘；漲跌百分比一般不能直接相加。","[]","","","","","","","","","","","","","","",""
"MAT-0567","數學","原創會考程度練習","","","七年級下","數與量","最大公因數與輾轉相除法","基礎","單題選擇","84 與 126 的最大公因數是多少？","28","36","48","42","3","42","","用輾轉相除法：126＝84×1＋42，且 84＝42×2＋0，因此最大公因數為 42。 正確答案為「42」。","[""較大數除以較小數：126＝84×1＋42。"",""再以 84 除以餘數 42，得到 84＝42×2＋0。"",""餘數為 0 時，最後的非零餘數 42 就是最大公因數。 因此本題答案為「42」。""]","輾轉相除法以最後一個非零餘數作為最大公因數。","[]","","","","","","","","","","","","","","",""
"MAT-0568","數學","原創會考程度練習","","","八年級上","數與量","乘法原理與排列","基礎","單題選擇","用數字 1、2、3、4 組成不重複的三位數，共可組成幾個？","24","12","18","36","0","24","","百位有 4 種選法，選定後十位剩 3 種，個位再剩 2 種。依乘法原理共 4×3×2＝24 個。 正確答案為「24」。","[""百位可從 1、2、3、4 選擇，共 4 種。"",""十位不可重複百位數字，剩 3 種；個位剩 2 種。"",""總數＝4×3×2＝24 個。 因此本題答案為「24」。""]","數字不重複時，每選定一位，下一位可用數字就少一個。","[]","","","","","","","","","","","","","","",""
"MAT-0569","數學","原創會考程度練習","","","七年級下","統計與機率","機率","基礎","單題選擇","盒中有編號 1 至 10 的十張籤，隨機抽一張。抽到 3 的倍數的機率是多少？","2/10","3/10","4/10","1/3","1","3/10","","1 至 10 中，3 的倍數為 3、6、9，共 3 個；等可能結果共有 10 個，所以機率為 3/10。 正確答案為「3/10」。","[""列出 1 至 10 中符合條件的數：3、6、9。"",""符合條件的結果有 3 個，所有等可能結果有 10 個。"",""機率＝符合數÷總數＝3/10。 因此本題答案為「3/10」。""]","先確認抽取結果等可能，再用符合條件的結果數除以總數。","[]","","","","","","","","","","","","","","",""
"MAT-0570","數學","原創會考程度練習","","","八年級上","統計與機率","平均數","中等","單題選擇","五次測驗分數為 72、78、81、84、85，六次測驗的平均為 80 分。第六次得幾分？","75","85","80","90","2","80","","六次總分為 6×80＝480。前五次總分為 72＋78＋81＋84＋85＝400，因此第六次為 480−400＝80 分。 正確答案為「80」。","[""六次總分＝6×80＝480。"",""前五次總分＝400。"",""第六次＝480−400＝80 分。 因此本題答案為「80」。""]","平均數乘資料筆數才是總和。","[]","","","","","","","","","","","","","","",""
"MAT-0571","數學","原創會考程度練習","","","八年級上","統計與機率","加權平均數","中等","單題選擇","某社團有 6 位社員，數學成績中 5 位平均 8 分，另 1 位得 5 分。全體平均是多少分？","7","7.25","7.4","7.5","3","7.5","","前 5 位總分為 5×8＝40 分，加上第 6 位的 5 分，全體總分為 45 分；平均為 45÷6＝7.5 分。 正確答案為「7.5」。","[""前 5 位的總分＝5×8＝40 分。"",""加上另一位後，6 位總分＝40＋5＝45 分。"",""全體平均＝45÷6＝7.5 分。 因此本題答案為「7.5」。""]","已知一部分人的平均時，先換算該部分總分，再合併計算平均。","[]","","","","","","","","","","","","","","",""
"MAT-0572","數學","原創會考程度練習","","","七年級下","數與量","百分率與單利","基礎","單題選擇","存入 10,000 元，年利率 3%，以單利計算 2 年後的利息是多少元？","600","300","900","1,060","0","600","","單利＝本金×年利率×年數＝10,000×0.03×2＝600 元。 正確答案為「600」。","[""一年利息＝10,000×3%＝300 元。"",""兩年利息＝300×2。"",""利息共 600 元。 因此本題答案為「600」。""]","題目指定單利，不把前一年利息加入本金再計息。","[]","","","","","","","","","","","","","","",""
"MAT-0573","數學","原創會考程度練習","","","八年級上","幾何","封閉路徑的間隔與點數","基礎","單題選擇","一個長方形公園長 18 公尺、寬 12 公尺。沿公園外圍每隔 3 公尺設一盞燈（四角皆設），共需幾盞燈？","16","20","18","24","1","20","","周長為 2×(18＋12)＝60 公尺。每隔 3 公尺設一盞，封閉一圈的燈數為 60÷3＝20 盞。 正確答案為「20」。","[""公園周長＝2×(18＋12)＝60 公尺。"",""燈間距為 3 公尺，60÷3＝20 個間隔。"",""每個間隔端點相接成封閉一圈，因此需 20 盞燈。 因此本題答案為「20」。""]","封閉一圈不要把起點和終點重複計算。","[]","","","","","","","","","","","","","","",""
"MAT-0574","數學","原創會考程度練習","","","九年級上","幾何","三角形外角定理","中等","單題選擇","三角形的一個外角為 115°，其中一個不相鄰的內角為 48°。另一個不相鄰內角是多少度？","65","63","67","72","2","67","","三角形外角等於兩個不相鄰內角和，因此另一內角＝115°−48°＝67°。 正確答案為「67」。","[""依三角形外角定理，115° 等於兩個不相鄰內角的和。"",""設另一個不相鄰內角為 x，列式 115°＝48°＋x。"",""x＝115°−48°＝67°。 因此本題答案為「67」。""]","外角定理使用兩個不相鄰內角；不要把相鄰內角也加進去。","[]","","","","","","","","","","","","","","",""
"MAT-0575","數學","原創會考程度練習","","","九年級下","幾何","畢氏定理","中等","單題選擇","直角三角形斜邊長 15 公分，其中一股長 9 公分。另一股長多少公分？","10","11","13","12","3","12","","由畢氏定理，另一股²＝15²−9²＝225−81＝144，因此另一股長 √144＝12 公分。 正確答案為「12」。","[""另一股²＋9²＝15²。"",""另一股²＝225−81＝144。"",""另一股＝12 公分。 因此本題答案為「12」。""]","斜邊是最長邊；最後要開平方根才得到邊長。","[]","","","","","","","","","","","","","","",""
"MAT-0576","數學","原創會考程度練習","","","九年級上","幾何","三角形外角定理","中等","單題選擇","三角形兩個內角為 38° 和 74°，與第三個內角相鄰的外角是多少度？","112","102","106","108","0","112","","三角形第三內角為 180°−38°−74°＝68°。它的相鄰外角與內角互補，所以外角為 180°−68°＝112°；也可直接用兩個不相鄰內角和 38°＋74°＝112°。 正確答案為「112」。","[""三角形第三內角＝180°−38°−74°＝68°。"",""外角與相鄰內角互補，故外角＝180°−68°。"",""外角＝112°；亦等於兩個不相鄰內角 38°＋74°。 因此本題答案為「112」。""]","三角形外角也等於兩個不相鄰內角和，常可少算一步。","[]","","","","","","","","","","","","","","",""
"MAT-0577","數學","原創會考程度練習","","","七年級下","幾何","圓與扇形","中等","單題選擇","半徑 6 公分的圓中有一個 60° 扇形，沿扇形外緣一圈的周長是多少公分？","10＋2π","12＋2π","12＋6π","18＋2π","1","12＋2π","","扇形弧長占圓周的 60/360＝1/6，弧長為 (1/6)×2π×6＝2π 公分。外緣周長還要加上兩條半徑：2π＋6＋6＝12＋2π 公分。 正確答案為「12＋2π」。","[""扇形弧長＝(60/360)×2π×6＝2π 公分。"",""扇形周界除了弧線，還包括兩條半徑。"",""周長＝2π＋6＋6＝12＋2π 公分。 因此本題答案為「12＋2π」。""]","扇形周長要加兩條半徑，不能只寫弧長。","[]","","","","","","","","","","","","","","",""
"MAT-0578","數學","原創會考程度練習","","","八年級上","幾何","正方體表面積的倍率變化","中等","單題選擇","正方體的邊長變為原來的 2 倍，表面積會變為原來的幾倍？","2","6","4","8","2","4","","正方體表面積為 6a²。邊長改成 2a 後，表面積為 6(2a)²＝24a²，是原來 6a² 的 4 倍。 正確答案為「4」。","[""設原邊長為 a，原表面積為 6a²。"",""新邊長為 2a，新表面積＝6×(2a)²。"",""6×4a²＝24a²，是原表面積的 4 倍。 因此本題答案為「4」。""]","表面積隨邊長倍率平方變化；體積則隨倍率立方變化。","[]","","","","","","","","","","","","","","",""
"MAT-0579","數學","原創會考程度練習","","","九年級上","函數","座標平面兩點斜率","中等","單題選擇","通過座標點 (2, 3) 與 (6, 11) 的直線斜率是多少？","1","1.5","3","2","3","2","","斜率為縱坐標變化量除以橫坐標變化量：(11−3)÷(6−2)＝8÷4＝2。 正確答案為「2」。","[""縱坐標變化量＝11−3＝8。"",""橫坐標變化量＝6−2＝4。"",""斜率＝8÷4＝2。 因此本題答案為「2」。""]","斜率要用縱向變化除以橫向變化，順序不可顛倒。","[]","","","","","","","","","","","","","","",""
"MAT-0580","數學","原創會考程度練習","","","七年級下","代數","二元一次聯立方程式","中等","單題選擇","若 2x＋y＝11，且 x−y＝1，則 x 等於多少？","4","3","5","6","0","4","","由 x−y＝1 得 y＝x−1。代入 2x＋y＝11，得 2x＋x−1＝11，所以 3x＝12，x＝4。 正確答案為「4」。","[""由 x−y＝1，整理得 y＝x−1。"",""代入另一式：2x＋(x−1)＝11，整理為 3x＝12。"",""解得 x＝4。 因此本題答案為「4」。""]","代入消去一個未知數後，記得回到原方程檢查解是否符合兩式。","[]","","","","","","","","","","","","","","",""
"MAT-0581","數學","原創會考程度練習","","","七年級上","數與量","時間單位換算","基礎","單題選擇","一場活動持續 2.4 小時，等於幾分鐘？","124","144","240","2.4","1","144","","1 小時等於 60 分鐘，所以 2.4 小時＝2.4×60＝144 分鐘。 正確答案為「144」。","[""1 小時＝60 分鐘。"",""將 2.4 小時乘以每小時 60 分鐘。"",""2.4×60＝144 分鐘。 因此本題答案為「144」。""]","小時換分鐘要乘 60；若是分鐘換小時才除以 60。","[]","","","","","","","","","","","","","","",""
"MAT-0582","數學","原創會考程度練習","","","七年級下","代數","比例與一元一次方程式","中等","單題選擇","甲數是乙數的 2/5，且甲數比乙數少 21。乙數是多少？","28","42","35","49","2","35","","設乙數為 x，甲數為 2x/5。依題意 x−2x/5＝21，故 3x/5＝21，解得 x＝35。 正確答案為「35」。","[""設乙數為 x，則甲數為 2x/5。"",""兩數差為 21，列式 x−2x/5＝21。"",""3x/5＝21，解得乙數 x＝35。 因此本題答案為「35」。""]","先確認題目中的「少 21」是兩數之差，再用同一未知數表示兩數。","[]","","","","","","","","","","","","","","",""
"MAT-0583","數學","原創會考程度練習","","","七年級下","代數","一元一次不等式","中等","單題選擇","某水箱原有 18 公升水，每分鐘流入 4 公升。若以整分鐘計，至少幾分鐘後水量會超過 50 公升？","10","7","8","9","3","9","","設經過 x 分鐘，水量為 18＋4x。要大於 50，得 4x＞32，所以 x＞8；最少整分鐘為 9 分鐘。 正確答案為「9」。","[""列不等式 18＋4x＞50。"",""4x＞32，因此 x＞8。"",""以整分鐘計，最少需 9 分鐘。 因此本題答案為「9」。""]","等於 8 分鐘時只有 50 公升，尚未超過。","[]","","","","","","","","","","","","","","",""
"MAT-0584","數學","原創會考程度練習","","","七年級上","數與量","單位量與乘法","中等","單題選擇","一袋米連袋重 5.4 公斤，空袋重 0.4 公斤。若 1 公斤米可煮 8 碗飯，這袋米可煮幾碗？","40","36.8","43.2","45","0","40","","米重為 5.4−0.4＝5 公斤；可煮 5×8＝40 碗。 正確答案為「40」。","[""米重＝5.4−0.4＝5 公斤。"",""每公斤煮 8 碗。"",""共可煮 5×8＝40 碗。 因此本題答案為「40」。""]","別把容器重量也當成米的重量。","[]","","","","","","","","","","","","","","",""
"MAT-0585","數學","原創會考程度練習","","","七年級上","統計與機率","百分率","基礎","單題選擇","某班 30 人中有 18 人搭公車上學。搭公車者占全班百分之幾？","40%","60%","50%","65%","1","60%","","比例為 18÷30＝0.6，換成百分率是 60%。 正確答案為「60%」。","[""搭公車比例＝18÷30＝0.6。"",""0.6×100%＝60%。"",""搭公車者占 60%。 因此本題答案為「60%」。""]","分母要用全班人數。","[]","","","","","","","","","","","","","","",""
"MAT-0586","數學","原創會考程度練習","","","七年級上","幾何","長方形面積變化","基礎","單題選擇","長方形花圃面積為 96 平方公尺，長 12 公尺。若寬不變而長增加 2 公尺，新面積是多少平方公尺？","104","108","112","120","2","112","","原寬為 96÷12＝8 公尺；長增加後為 14 公尺，新面積為 14×8＝112 平方公尺。 正確答案為「112」。","[""原寬＝96÷12＝8 公尺。"",""新長＝12＋2＝14 公尺。"",""新面積＝14×8＝112 平方公尺。 因此本題答案為「112」。""]","面積不再保持不變，題目問的是改變後的面積。","[]","","","","","","","","","","","","","","",""
"MAT-0587","數學","原創會考程度練習","","","七年級下","數與量","除法與餘數","基礎","單題選擇","一個正整數除以 7，商為 12、餘數為 4。這個正整數是多少？","84","91","94","88","3","88","","被除數＝除數×商＋餘數，所以這個數為 7×12＋4＝88。餘數 4 小於除數 7，符合餘數條件。 正確答案為「88」。","[""依除法關係，被除數＝除數×商＋餘數。"",""代入已知數值：7×12＋4。"",""計算得 84＋4＝88，且 4＜7。 因此本題答案為「88」。""]","餘數必須小於除數；可用「除數×商＋餘數」還原被除數。","[]","","","","","","","","","","","","","","",""
"MAT-0588","數學","原創會考程度練習","","","七年級上","幾何","平行線角度關係","基礎","單題選擇","兩條平行線被一直線所截，其中一個銳角為 68°。另一個同側內角為幾度？","112","68","58","122","0","112","","平行線的同側內角互補，和為 180°。所以另一角為 180°−68°＝112°。 正確答案為「112」。","[""兩條平行線被截線所截，同側內角和為 180°。"",""設所求角為 x，列式 x＋68°＝180°。"",""x＝180°−68°＝112°。 因此本題答案為「112」。""]","同側內角互補；內錯角相等，注意不要混淆這兩種關係。","[]","","","","","","","","","","","","","","",""
"MAT-0589","數學","原創會考程度練習","","","七年級上","數與量","比與比例","中等","單題選擇","甲、乙兩數的比為 3：5，兩數和為 64。較大的數是多少？","24","40","32","48","1","40","","總份數為 3＋5＝8，每份 64÷8＝8；較大數為 5×8＝40。 正確答案為「40」。","[""總份數＝3＋5＝8。"",""每份＝64÷8＝8。"",""較大數＝5×8＝40。 因此本題答案為「40」。""]","比值 3：5 不是兩數相差 2。","[]","","","","","","","","","","","","","","",""
"MAT-0590","數學","原創會考程度練習","","","七年級上","數與量","分數與連續變化","進階","單題選擇","一個水桶裝滿需 12 公升。先倒出全桶的 1/3，再倒出剩餘水量的 1/4，最後剩多少公升？","5","7","6","8","2","6","","先剩 12×2/3＝8 公升；再倒出 8×1/4＝2 公升，最後剩 6 公升。 正確答案為「6」。","[""第一次後剩 12×(1−1/3)＝8 公升。"",""第二次倒出 8×1/4＝2 公升。"",""最後剩 8−2＝6 公升。 因此本題答案為「6」。""]","不要把兩次分率都直接乘原水量。","[]","","","","","","","","","","","","","","",""
"MAT-0591","數學","原創會考程度練習","","","七年級下","幾何","角度與方程式","基礎","單題選擇","兩個角互補，其中一角是另一角的 2 倍。較大的角是多少度？","60°","140°","90°","120°","3","120°","","設較小角為 x，較大為 2x。x＋2x＝180°，所以較大角為 120°。 正確答案為「120°」。","[""設小角 x，大角 2x。"",""x＋2x＝180°，得 x＝60°。"",""較大角＝2×60°＝120°。 因此本題答案為「120°」。""]","互補不是互餘；互補角和為 180°。","[]","","","","","","","","","","","","","","",""
"MAT-0592","數學","原創會考程度練習","","","八年級上","幾何","梯形面積","基礎","單題選擇","某梯形上、下底分別為 8 公分與 14 公分，高為 6 公分，面積是多少平方公分？","66","60","72","84","0","66","","梯形面積＝(上底＋下底)×高÷2＝(8＋14)×6÷2＝66 平方公分。 正確答案為「66」。","[""兩底和＝8＋14＝22 公分。"",""22×6÷2＝66。"",""面積為 66 平方公分。 因此本題答案為「66」。""]","高須是兩底間的垂直距離。","[]","","","","","","","","","","","","","","",""
"MAT-0593","數學","原創會考程度練習","","","八年級上","數與量","百分誤差","中等","單題選擇","一段實際長度為 80 公分的木條，被量成 76 公分。以實際長度為基準，測量誤差占百分之幾？","4%","5%","6%","95%","1","5%","","測量誤差的絕對值為 |76−80|＝4 公分。以實際長度 80 公分為基準，誤差率為 4÷80×100%＝5%。 正確答案為「5%」。","[""誤差量＝|測量值−實際值|＝|76−80|＝4 公分。"",""計算誤差率時，以題目指定的實際長度 80 公分作分母。"",""誤差率＝4÷80×100%＝5%。 因此本題答案為「5%」。""]","誤差率的基準是實際值；注意不要錯用測量值作分母。","[]","","","","","","","","","","","","","","",""
"MAT-0594","數學","原創會考程度練習","","","七年級下","數與量","相向運動與相對速率","中等","單題選擇","甲、乙兩人相距 90 公里，同時相向而行，速率分別為每小時 18 公里與 12 公里。幾小時後相遇？","2","2.5","3","4","2","3","","相向而行時兩人的距離每小時縮短 18＋12＝30 公里。相遇時間為 90÷30＝3 小時。 正確答案為「3」。","[""相向運動時，兩人合計每小時接近 18＋12＝30 公里。"",""兩人相距 90 公里。"",""相遇時間＝90÷30＝3 小時。 因此本題答案為「3」。""]","相向而行用速率相加；同方向追及才用速率相減。","[]","","","","","","","","","","","","","","",""
"MAT-0595","數學","原創會考程度練習","","","八年級上","統計與機率","不放回抽樣機率","中等","單題選擇","一個袋子有 4 顆紅球、3 顆藍球，不放回連抽兩顆，兩顆顏色相同的機率是多少？","2/7","5/14","1/2","3/7","3","3/7","","同色機率為紅紅 4/7×3/6，加藍藍 3/7×2/6，合計 12/42＋6/42＝18/42＝3/7。 正確答案為「3/7」。","[""紅紅機率＝4/7×3/6＝2/7。"",""藍藍機率＝3/7×2/6＝1/7。"",""同色機率＝2/7＋1/7＝3/7。 因此本題答案為「3/7」。""]","抽取不放回，第二次總數變成 6。","[]","","","","","","","","","","","","","","",""
"MAT-0596","數學","原創會考程度練習","","","八年級上","函數","一次函數的 x 截距","基礎","單題選擇","直線 y＝−2x＋7 與 x 軸交於何處？","(3.5, 0)","(0, 7)","(−2, 0)","(0, 3.5)","0","(3.5, 0)","","x 軸上的點縱坐標 y＝0。代入 0＝−2x＋7，得 2x＝7、x＝3.5，因此交點為 (3.5, 0)。 正確答案為「(3.5, 0)」。","[""直線與 x 軸交點的縱坐標為 0。"",""令 y＝0，代入得 0＝−2x＋7。"",""解得 x＝3.5，交點為 (3.5, 0)。 因此本題答案為「(3.5, 0)」。""]","求 x 截距時令 y＝0；求 y 截距才令 x＝0。","[]","","","","","","","","","","","","","","",""
"MAT-0597","數學","原創會考程度練習","","","九年級上","幾何","圓柱體積","基礎","單題選擇","一個圓柱體積為 45π 立方公分，高為 5 公分。它的底面半徑是多少公分？","2 公分","3 公分","4 公分","5 公分","1","3 公分","","圓柱體積 V＝πr²h。45π＝π×r²×5，約去 π 後 r²＝9；半徑取正值，所以 r＝3 公分，答案 B。","[""由 V＝πr²h 代入 45π＝πr²×5。"",""兩邊除以 5π，得 r²＝9。"",""半徑為正數，r＝3 公分，選 B。""]","反求半徑時要先除以 π 和高，再開平方根；半徑不取負值。","[]","","","","","","","","","","","","","","",""
"MAT-0598","數學","原創會考程度練習","","","八年級上","統計與機率","機率與百分率","基礎","單題選擇","某校九年級共有 240 人，數學不及格 36 人。隨機抽一人，抽到數學及格者的機率是多少？","3/20","3/5","17/20","4/5","2","17/20","","及格人數為 240−36＝204，機率為 204/240＝17/20。 正確答案為「17/20」。","[""及格人數＝240−36＝204。"",""機率＝204/240。"",""約分得 17/20。 因此本題答案為「17/20」。""]","題目問及格，不要直接用不及格比例。","[]","","","","","","","","","","","","","","",""
"MAT-0599","數學","原創會考程度練習","","","七年級上","幾何","正方體體積","基礎","單題選擇","一個正方體每條邊長 5 公分，體積是多少立方公分？","100","150","75","125","3","125","","正方體體積＝邊長×邊長×邊長＝5³＝125 立方公分。 正確答案為「125」。","[""正方體的體積為長×寬×高，三個尺寸都是 5 公分。"",""計算 5×5×5。"",""體積＝125 立方公分。 因此本題答案為「125」。""]","體積的單位是立方公分，計算三個長度相乘。","[]","","","","","","","","","","","","","","",""
"MAT-0600","數學","原創會考程度練習","","","七年級下","代數","一元一次方程式","基礎","單題選擇","公車票成人 32 元、學生 20 元。若 5 位成人與若干學生共付 220 元，可買幾張學生票？","3","4","5","2","0","3","","成人票共 5×32＝160 元，剩 220−160＝60 元；學生票 60÷20＝3 張。 正確答案為「3」。","[""成人票費＝5×32＝160 元。"",""學生票預算＝220−160＝60 元。"",""學生張數＝60÷20＝3 張。 因此本題答案為「3」。""]","先確認扣除成人票費後的餘額可由學生票價整除。","[]","","","","","","","","","","","","","","",""
"MAT-0601","數學","原創會考程度練習","","","七年級上","幾何","等腰三角形與周長","中等","單題選擇","等腰三角形的周長為 38 公分，底邊長 10 公分。每一腰長多少公分？","12","14","16","18","1","14","","等腰三角形兩腰等長。兩腰總長為 38−10＝28 公分，因此每腰長 28÷2＝14 公分。 正確答案為「14」。","[""三角形兩條腰長度相同。"",""兩腰總長＝周長−底邊＝38−10＝28 公分。"",""每腰長＝28÷2＝14 公分。 因此本題答案為「14」。""]","先扣除底邊，再把剩下的周長平均分給兩條等長腰。","[]","","","","","","","","","","","","","","",""
"MAT-0602","數學","原創會考程度練習","","","八年級上","幾何","長方形面積","基礎","單題選擇","長方形面積為 48 平方公分，長為 6 公分，寬是多少公分？","6","7","8","9","2","8","","長方形面積＝長×寬，因此寬＝面積÷長＝48÷6＝8 公分。 正確答案為「8」。","[""長方形面積公式為長×寬。"",""已知面積 48 平方公分、長 6 公分。"",""寬＝48÷6＝8 公分。 因此本題答案為「8」。""]","由面積反求邊長時，用面積除以已知的另一邊。","[]","","","","","","","","","","","","","","",""
"MAT-0603","數學","原創會考程度練習","","","七年級上","幾何","畢氏定理","中等","單題選擇","直角三角形的斜邊長 13 公分，一股長 5 公分，另一股長多少公分？","10","8","14","12","3","12","","由畢氏定理，另一股長平方為 13²−5²＝169−25＝144，因此另一股長為 12 公分。 正確答案為「12」。","[""設另一股長為 x，依畢氏定理 x²＋5²＝13²。"",""x²＝169−25＝144。"",""邊長取正平方根，x＝12 公分。 因此本題答案為「12」。""]","斜邊是最長邊；由斜邊反求直角邊時要用平方差。","[]","","","","","","","","","","","","","","",""
"MAT-0604","數學","原創會考程度練習","","","七年級上","數與量","速率與時間單位換算","中等","單題選擇","一列車行駛 180 公里，共花 2 小時 15 分鐘，平均速率是多少公里／時？","80","75","90","100","0","80","","2 小時 15 分鐘＝2.25 小時。平均速率＝180÷2.25＝80 公里／時。 正確答案為「80」。","[""先把時間換成小時：15 分鐘＝15/60＝0.25 小時。"",""總時間＝2＋0.25＝2.25 小時。"",""平均速率＝180÷2.25＝80 公里／時。 因此本題答案為「80」。""]","平均速率要用總路程除以總時間，先統一時間單位。","[]","","","","","","","","","","","","","","",""
"MAT-0605","數學","原創會考程度練習","","","八年級上","數與量","平方根與正值篩選","中等","單題選擇","一塊正方形展示板的面積為 64 平方公分，若其邊長 x 為正數，x 為多少公分？","−8 公分","8 公分","32 公分","64 公分","1","8 公分","","正方形面積＝邊長×邊長，因此 x²＝64。平方根有 8 與 −8，但邊長代表長度且題目指定正數，必須排除 −8，故 x＝8 公分。正確答案為「8 公分」。","[""由正方形面積公式可得 x²＝64。"",""64 的平方根為 8 與 −8；但 x 是邊長，且題目指定正數。"",""排除負值，x＝8 公分。""]","平方方程可能有正、負兩個解；若未知數代表長度，負值不合情境，仍需檢查題目條件。","[]","","","","","","","","","","","","","","",""
"MAT-0606","數學","原創會考程度練習","","","七年級上","幾何","正多邊形外角和與單一外角","中等","單題選擇","一個正六邊形每一個外角是多少度？","45°","72°","90°","60°","3","60°","","正六邊形六個外角相等，所有凸多邊形的外角和為 360°，所以每個外角為 360°÷6＝60°。","[""正多邊形各外角相等，六邊形共有 6 個外角。"",""凸多邊形外角和為 360°。"",""每個外角＝360°÷6＝60°，選 D。""]","凸多邊形外角和固定為 360°；正 n 邊形的單一外角為 360°÷n。","[]","","","","","","","","","","","","","","",""
"MAT-0607","數學","原創會考程度練習","","","八年級上","數與量","分數除法","中等","單題選擇","計算 3/4 ÷ 9/10 的結果。","2/3","3/4","4/5","5/6","3","5/6","","除以一個分數等於乘以它的倒數：3/4÷9/10＝3/4×10/9。約分後為 30/36＝5/6。 正確答案為「5/6」。","[""把除法改寫成乘以除數的倒數：3/4×10/9。"",""約分 3 與 9，得到 1/4×10/3。"",""計算得 10/12＝5/6。 因此本題答案為「5/6」。""]","分數除法要乘除數的倒數，不是再乘原分數。","[]","","","","","","","","","","","","","","",""
"MAT-0608","數學","原創會考程度練習","","","八年級上","數與量","最大公因數與等長分段","中等","單題選擇","有長 84 公分與 126 公分的兩條緞帶，要剪成長度相同且不剩的段落，每段要盡可能長。完成後總共可剪成最多幾段？","5 段","42 段","6 段","7 段","0","5 段","","每段長度必須同時整除 84 和 126，且要盡可能長，因此段長為 gcd(84,126)＝42 公分。84 公分緞帶可剪 84÷42＝2 段，126 公分緞帶可剪 126÷42＝3 段，總共 2＋3＝5 段。正確答案為「5 段」。","[""要剪成等長且不剩的段，每段長度須為 84 和 126 的公因數；取最大公因數可使每段最長：gcd(84,126)＝42 公分。"",""84 公分緞帶可剪 84÷42＝2 段；126 公分緞帶可剪 126÷42＝3 段。"",""總段數為 2＋3＝5 段；題目問段數，不是段長。""]","先用最大公因數求最長段長，再把各自總長除以段長求段數；要分清楚題目問的是段長或總段數。","[]","","","","","","","","","","","","","","",""
"MAT-0609","數學","原創會考程度練習","","","八年級上","幾何","圓周長","中等","單題選擇","一個圓的半徑為 7 公分，圓周長是多少？","7π","14π","28π","49π","1","14π","","圓周長＝2πr。半徑 r＝7 公分，因此周長為 2π×7＝14π 公分。 正確答案為「14π」。","[""圓周長公式為 2πr。"",""代入半徑 7 公分。"",""周長＝2π×7＝14π 公分。 因此本題答案為「14π」。""]","圓周長用 2πr；不要把面積公式 πr² 混用。","[]","","","","","","","","","","","","","","",""
"MAT-0610","數學","原創會考程度練習","","","八年級上","代數","一元二次方程與因式分解","中等","單題選擇","方程式 x²−5x＋6＝0 的較小解是多少？","1","3","2","4","2","2","","將二次式因式分解：x²−5x＋6＝(x−2)(x−3)＝0，因此解為 2 與 3，較小解為 2。 正確答案為「2」。","[""尋找乘積為 6、和為 5 的兩數 2 與 3。"",""將多項式分解為 (x−2)(x−3)＝0。"",""依零乘積性質，x＝2 或 3，較小解為 2。 因此本題答案為「2」。""]","因式分解後令各因式為零，別忘了題目要求較小解。","[]","","","","","","","","","","","","","","",""
"MAT-0611","數學","原創會考程度練習","","","八年級上","數與量","工作效率與反比例","中等","單題選擇","10 位工人以相同效率完成一項工程需 8 天。若改由 20 位工人施工，需幾天完成？","5","6","3","4","3","4","","工程總量固定為 10×8＝80 工日。20 位工人完成需要 80÷20＝4 天。 正確答案為「4」。","[""工程總工作量＝10×8＝80 工人日。"",""增加到 20 位工人後，每天可完成 20 工人日。"",""所需天數＝80÷20＝4 天。 因此本題答案為「4」。""]","工人數與天數反向變化；先用「人數×天數」固定總工作量。","[]","","","","","","","","","","","","","","",""
"MAT-0612","數學","原創會考程度練習","","","八年級上","幾何","圓周長與半徑","基礎","單題選擇","一個圓的圓周長是 24π 公分，半徑是多少公分？","12","10","14","8","0","12","","圓周長 C＝2πr。由 24π＝2πr，兩邊除以 2π 得 r＝12 公分。 正確答案為「12」。","[""圓周長公式為 C＝2πr。"",""代入 C＝24π，得到 24π＝2πr。"",""兩邊除以 2π，得半徑 r＝12 公分。 因此本題答案為「12」。""]","由圓周長反求半徑時，除以 2π，不要誤用面積公式。","[]","","","","","","","","","","","","","","",""
"MAT-0613","數學","原創會考程度練習","","","八年級上","統計與機率","平均數變化","中等","單題選擇","資料 6、8、10、12、14 中，加入一筆 20 後，新的平均數是多少？","10","35/3","12","13","1","35/3","","原五筆總和為 50；加入 20 後總和 70，共 6 筆，平均為 70/6＝35/3。 正確答案為「35/3」。","[""原總和＝6＋8＋10＋12＋14＝50。"",""加入 20 後總和為 70，資料共 6 筆。"",""新平均＝70÷6＝35/3。 因此本題答案為「35/3」。""]","新平均不必是整數，答案以分數表示。","[]","","","","","","","","","","","","","","",""
"MAT-0614","數學","原創會考程度練習","","","八年級上","數與量","整數運算與運算順序","中等","單題選擇","計算 2⁴＋3²−6。","17","18","19","20","2","19","","依運算順序先算乘方：2⁴＝16、3²＝9，再做加減，16＋9−6＝19。 正確答案為「19」。","[""先計算乘方：2⁴＝16，3²＝9。"",""代回算式成為 16＋9−6。"",""由左至右加減，得 19。 因此本題答案為「19」。""]","乘方先於加減；不要把 2⁴ 誤看成 2×4。","[]","","","","","","","","","","","","","","",""
"MAT-0615","數學","原創會考程度練習","","","八年級上","統計與機率","平均數與資料變動","進階","單題選擇","某班 24 人的測驗平均為 75 分。若其中一位 87 分學生轉出，剩下 23 人的平均是多少分？","74","75","76","74又11/23","3","74又11/23","","原總分為 24×75＝1,800；移除 87 分後總分 1,713，平均為 1,713/23＝74又11/23 分。 正確答案為「74又11/23」。","[""原總分＝24×75＝1,800 分。"",""剩餘總分＝1,800−87＝1,713 分。"",""新平均＝1,713÷23＝74又11/23 分。 因此本題答案為「74又11/23」。""]","移除一筆資料後，總分與資料筆數都要更新。","[]","","","","","","","","","","","","","","",""
"MAT-0616","數學","原創會考程度練習","","","八年級上","幾何","相似圖形的面積比","中等","單題選擇","一個圖形放大後與原圖形相似，對應邊長比（新：舊）為 3：2。原圖形面積為 40 平方公分，放大後面積是多少？","90","60","80","100","0","90","","相似圖形的面積比等於對應邊長比的平方：(3/2)²＝9/4。新面積為 40×9/4＝90 平方公分。 正確答案為「90」。","[""長度放大倍率為 3/2。"",""面積放大倍率要將長度比平方：(3/2)²＝9/4。"",""新面積＝40×9/4＝90 平方公分。 因此本題答案為「90」。""]","相似圖形的面積比要平方；體積比則要立方。","[]","","","","","","","","","","","","","","",""
"MAT-0617","數學","原創會考程度練習","","","七年級上","統計與機率","眾數","基礎","單題選擇","六筆資料 2、3、3、5、7、8 的眾數是多少？","2","3","6","5","1","3","","數值 3 出現 2 次，其餘各出現 1 次，因此眾數為 3。 正確答案為「3」。","[""統計各數值出現次數。"",""3 出現 2 次，其他數值各出現 1 次。"",""出現次數最多的數值是 3。 因此本題答案為「3」。""]","眾數是出現次數最多的數值，不是中間值。","[]","","","","","","","","","","","","","","",""
"MAT-0618","數學","原創會考程度練習","","","八年級上","統計與機率","補事件機率","基礎","單題選擇","某班 40 人中有 18 人選擇搭公車。隨機選一人，未選擇搭公車的機率是多少？","3/5","9/20","11/20","2/5","2","11/20","","未搭公車人數為 40−18＝22，機率為 22/40＝11/20。 正確答案為「11/20」。","[""未搭公車人數＝40−18＝22。"",""總人數為 40。"",""機率＝22/40＝11/20。 因此本題答案為「11/20」。""]","可用 1 減去搭公車的機率，也可直接算人數。","[]","","","","","","","","","","","","","","",""
"MAT-0619","數學","原創會考程度練習","","","八年級上","代數","一元二次方程與因式分解","中等","單題選擇","方程式 x²−x−12＝0 的較大解是多少？","2","3","5","4","3","4","","將方程式因式分解為 (x−4)(x＋3)＝0，因此解為 4 與 −3，較大解為 4。 正確答案為「4」。","[""尋找乘積為 −12、和為 −1 的兩數  −4 與 3。"",""因式分解：x²−x−12＝(x−4)(x＋3)＝0。"",""解為 x＝4 或 −3，較大解為 4。 因此本題答案為「4」。""]","因式分解時注意常數乘積為負，兩根異號。","[]","","","","","","","","","","","","","","",""
"MAT-0620","數學","原創會考程度練習","","","八年級上","幾何","三角形內角比","中等","單題選擇","一個三角形三個內角的比為 2：3：4。最大內角是多少度？","80°","60°","40°","100°","0","80°","","三角形內角和為 180°。比的總份數為 2＋3＋4＝9，每份為 180°÷9＝20°；最大角占 4 份，所以為 4×20°＝80°。 正確答案為「80°」。","[""三角形內角和為 180°。"",""角度比總份數＝2＋3＋4＝9，每份角度＝180°÷9＝20°。"",""最大角為 4 份，即 4×20°＝80°。 因此本題答案為「80°」。""]","先用三角形內角和求出每份度數，再乘最大角的份數。","[]","","","","","","","","","","","","","","",""
"MAT-0621","數學","原創會考程度練習","","","八年級上","幾何","三角形內角和","基礎","單題選擇","三角形兩個內角分別為 46° 與 55°，第三個內角是多少度？","76°","79°","81°","85°","1","79°","","三角形內角和為 180°，所以第三角＝180°−46°−55°＝79°。 正確答案為「79°」。","[""三角形三個內角的總和為 180°。"",""已知兩角和為 46°＋55°＝101°。"",""第三角＝180°−101°＝79°。 因此本題答案為「79°」。""]","三角形內角和固定為 180°，先加總已知角再相減。","[]","","","","","","","","","","","","","","",""
"MAT-0622","數學","原創會考程度練習","","","七年級上","代數","一元一次方程式","基礎","單題選擇","解方程式 3x−4＝62。","20","21","22","24","2","22","","等式兩邊先加 4，得 3x＝66；再除以 3，得 x＝22。 正確答案為「22」。","[""3x−4＝62。"",""兩邊加 4，得到 3x＝66。"",""兩邊除以 3，解得 x＝22。 因此本題答案為「22」。""]","解方程兩邊必須做相同運算，維持等式平衡。","[]","","","","","","","","","","","","","","",""
"MAT-0623","數學","原創會考程度練習","","","七年級上","數與量","百分率變化","基礎","單題選擇","一件原價 50 元的商品漲價 20%，新價格是多少元？","50","55","65","60","3","60","","漲價金額為 50×20%＝10 元，新價格為 50＋10＝60 元。也可直接算 50×1.2＝60 元。 正確答案為「60」。","[""漲價金額＝50×0.2＝10 元。"",""新價格＝原價＋漲價金額。"",""50＋10＝60 元。 因此本題答案為「60」。""]","上漲 20% 代表新價格是原價的 120%，不是原價的 20%。","[]","","","","","","","","","","","","","","",""
"MAT-0624","數學","原創會考程度練習","","","八年級上","統計與機率","中位數與極端值","中等","單題選擇","五筆資料的中位數是 12，最大值是 19。若最大值改成 25，中位數會如何變化？","不變","增加 6","增加 3","無法判斷","0","不變","","五筆資料排序後的中位數是第 3 筆。只改變最大值，中央第 3 筆不變，因此中位數仍為 12。 正確答案為「不變」。","[""五筆資料的中位數是排序後第 3 筆。"",""改變最大值不會改變前三筆的排序位置。"",""中位數仍為 12，因此不變。 因此本題答案為「不變」。""]","極端值變動不一定影響中位數。","[]","","","","","","","","","","","","","","",""
"MAT-0625","數學","原創會考程度練習","","","七年級上","代數","一元二次方程與因式分解","中等","單題選擇","方程式 x²−7x＋12＝0 的較大解是多少？","3","4","2","6","1","4","","將二次式因式分解為 (x−3)(x−4)＝0，解為 3 與 4，較大解為 4。 正確答案為「4」。","[""找出乘積為 12、和為 7 的兩數 3 與 4。"",""因式分解為 (x−3)(x−4)＝0。"",""解為 3 與 4，較大解是 4。 因此本題答案為「4」。""]","因式分解後令每個因式為零，依題意選較大的根。","[]","","","","","","","","","","","","","","",""
"MAT-0626","數學","原創會考程度練習","","","八年級上","統計與機率","平均數的線性變換","基礎","單題選擇","一組資料的平均為 15。每筆資料都乘以 2 再減 3，新資料的平均是多少？","24","30","27","33","2","27","","對每筆資料做相同線性變換，平均也做相同變換：15×2−3＝27。 正確答案為「27」。","[""原平均為 15。"",""每筆乘 2，平均變成 15×2＝30。"",""每筆再減 3，平均為 30−3＝27。 因此本題答案為「27」。""]","所有資料同乘、同加減時，平均同步變換。","[]","","","","","","","","","","","","","","",""
"MAT-0627","數學","原創會考程度練習","","","八年級上","數與量","週期事件與最小公倍數","中等","單題選擇","校園兩個廣播提示音分別每 6 分鐘、8 分鐘響一次，上午 9:00 同時響。若間隔固定，下一次再同時響是幾分鐘後？","12","36","48","24","3","24","","兩個提示音再次同時響的時間，是 6 與 8 的最小公倍數。6＝2×3、8＝2³，最小公倍數為 2³×3＝24，因此 24 分鐘後同時響，答案 D。","[""提示音分別每 6 分鐘及 8 分鐘重複一次，要找兩個週期首次重合的時間。"",""分解週期：6＝2×3，8＝2³；最小公倍數取各質因數的最高次方。"",""2³×3＝24，所以 24 分鐘後再次同時響，選 D。""]","週期事件同時重合通常用最小公倍數；題目問「幾分鐘後」時，答案要帶回時間情境。","[]","","","","","","","","","","","","","","",""
"MAT-0628","數學","原創會考程度練習","","","八年級上","幾何","畢氏定理","基礎","單題選擇","直角三角形兩股長分別為 9 公分與 12 公分，斜邊長是多少公分？","15","13","17","20","0","15","","依畢氏定理，斜邊長平方為 9²＋12²＝81＋144＝225，因此斜邊長為 15 公分。 正確答案為「15」。","[""斜邊為直角三角形最長邊，依畢氏定理計算。"",""斜邊²＝9²＋12²＝81＋144＝225。"",""斜邊＝√225＝15 公分。 因此本題答案為「15」。""]","兩股平方相加後開平方；不可把兩股直接相加。","[]","","","","","","","","","","","","","","",""
"MAT-0629","數學","原創會考程度練習","","","八年級上","函數","一次函數的 x 截距","基礎","單題選擇","直線 y＝3x−6 與 x 軸的交點座標為何？","(1, 0)","(2, 0)","(0, −6)","(0, 2)","1","(2, 0)","","x 軸上 y＝0。代入得 0＝3x−6，解得 x＝2，因此交點為 (2, 0)。 正確答案為「(2, 0)」。","[""x 軸交點的縱坐標是 0。"",""令 y＝0，得 0＝3x−6。"",""解得 x＝2，交點為 (2, 0)。 因此本題答案為「(2, 0)」。""]","求 x 截距令 y＝0；截距座標的 y 值為 0。","[]","","","","","","","","","","","","","","",""
"MAT-0630","數學","原創會考程度練習","","","八年級上","數與量","分數約分","基礎","單題選擇","將分數 18/24 約成最簡分數。","2/3","1/2","3/4","5/6","2","3/4","","18 與 24 的最大公因數為 6。分子、分母同除以 6，得到 18/24＝3/4。 正確答案為「3/4」。","[""分子與分母的最大公因數為 6。"",""分子分母同除以 6：18÷6＝3，24÷6＝4。"",""最簡分數為 3/4。 因此本題答案為「3/4」。""]","約分時分子和分母必須除以同一公因數，且不能再同時約分。","[]","","","","","","","","","","","","","","",""
"MAT-0631","數學","原創會考程度練習","","","八年級上","幾何","三角形面積","基礎","單題選擇","一個三角形的底為 6 公分、高為 4 公分，面積是多少平方公分？","10","8","14","12","3","12","","三角形面積＝底×高÷2＝6×4÷2＝12 平方公分。 正確答案為「12」。","[""三角形面積公式為底×高÷2。"",""代入底 6 公分、高 4 公分。"",""面積＝6×4÷2＝12 平方公分。 因此本題答案為「12」。""]","三角形高必須垂直於底；面積公式要除以 2。","[]","","","","","","","","","","","","","","",""
"MAT-0632","數學","原創會考程度練習","","","八年級上","數與量","分數與整數的乘法","基礎","單題選擇","一條長 60 公尺的道路，修好了全長的 7/15。已修好的路段長多少公尺？","28","24","30","32","0","28","","已修長度為全長的 7/15，即 60×7/15。先算 60÷15＝4，再算 4×7＝28 公尺。 正確答案為「28」。","[""已修比例為 7/15。"",""計算全長的 7/15：60×7/15。"",""60÷15×7＝4×7＝28 公尺。 因此本題答案為「28」。""]","求一個量的幾分之幾，可先約分再相乘。","[]","","","","","","","","","","","","","","",""
"MAT-0633","數學","原創會考程度練習","","","八年級上","幾何","三角形內角和與角平分線","基礎","單題選擇","三角形 ABC 中，∠A＝50°、∠B＝60°。若 ∠C 的角平分線將 ∠C 分成兩個相等的角，每個角是多少度？","30°","35°","40°","45°","1","35°","","先用三角形內角和求 ∠C＝180°−50°−60°＝70°。角平分線把 ∠C 分成兩個相等角，因此每個角為 70°÷2＝35°。","[""三角形三個內角和為 180°，先求 ∠C。"",""∠C＝180°−50°−60°＝70°。"",""角平分線平分 ∠C，所以每一半為 70°÷2＝35°。""]","角平分線平分的是指定的角；先求整個角，再除以 2。","[]","","","","","","","","","","","","","","",""
"MAT-0634","數學","原創會考程度練習","","","八年級上","數與量","速率與路程","基礎","單題選擇","一輛汽車以每小時 40 公里的速率行駛 2 小時，行駛了多少公里？","30","35","80","45","2","80","","路程＝速率×時間＝40×2＝80 公里。 正確答案為「80」。","[""速率為每小時 40 公里。"",""行駛時間為 2 小時。"",""路程＝40×2＝80 公里。 因此本題答案為「80」。""]","題目問路程，用速率乘時間；注意選項應與計算結果及單位一致。","[]","","","","","","","","","","","","","","",""
"MAT-0635","數學","原創會考程度練習","","","八年級上","幾何","圓柱體積","中等","單題選擇","一個圓柱體積為 20π 立方公分，底面半徑為 2 公分。圓柱高是多少公分？","3","4","6","5","3","5","","圓柱體積 V＝πr²h。代入 V＝20π、r＝2，得 20π＝4πh，因此 h＝5 公分。 正確答案為「5」。","[""圓柱體積公式為 V＝πr²h。"",""底面積＝π×2²＝4π 平方公分。"",""高＝20π÷4π＝5 公分。 因此本題答案為「5」。""]","先用半徑求底面積，再以體積除以底面積求高。","[]","","","","","","","","","","","","","","",""
"MAT-0636","數學","原創會考程度練習","","","八年級上","幾何","長方形周長","基礎","單題選擇","一個長方形長 18 公分、寬 10 公分，周長是多少公分？","56","48","60","64","0","56","","長方形周長＝2×(長＋寬)＝2×(18＋10)＝56 公分。 正確答案為「56」。","[""長與寬分別為 18 公分、10 公分。"",""長方形周長公式為 2×(長＋寬)。"",""周長＝2×(18＋10)＝56 公分。 因此本題答案為「56」。""]","周長要把長與寬各算兩次，不是只加一次。","[]","","","","","","","","","","","","","","",""
"MAT-0637","數學","原創會考程度練習","","","九年級上","代數","一元一次方程式","基礎","單題選擇","解方程式 2(x＋3)＝5x−9。","3","5","6","7","1","5","","先展開左側得 2x＋6＝5x−9。移項得 15＝3x，因此 x＝5。 正確答案為「5」。","[""展開括號：2x＋6＝5x−9。"",""兩邊加 9、再減 2x，得 15＝3x。"",""兩邊除以 3，解得 x＝5。 因此本題答案為「5」。""]","去括號時常數也要乘 2，再移項維持等式平衡。","[]","","","","","","","","","","","","","","",""
"MAT-0638","數學","原創會考程度練習","","","八年級上","幾何","角錐體積","中等","單題選擇","一個角錐的底面積為 24 平方公分、高為 5 公分，體積是多少立方公分？","30","40","50","60","1","40","","角錐體積＝底面積×高÷3＝24×5÷3＝40 立方公分。 正確答案為「40」。","[""角錐體積公式為底面積×高÷3。"",""代入底面積 24 平方公分、高 5 公分。"",""體積＝24×5÷3＝40 立方公分。 因此本題答案為「40」。""]","角錐與柱體的底面積相同、高相同時，角錐體積是柱體的三分之一。","[]","","","","","","","","","","","","","","",""
"MAT-0639","數學","原創會考程度練習","","","九年級上","代數","平方方程的解數","基礎","單題選擇","方程式 x²＝4 有幾個相異的實數解？","1","3","2","0","2","2","","x²＝4 的實數解為 x＝2 與 x＝−2，兩者相異，因此共有 2 個解。 正確答案為「2」。","[""解 x²＝4 時，取平方根會得到正、負兩種可能。"",""兩個解分別為 x＝2 與 x＝−2。"",""相異實數解共有 2 個。 因此本題答案為「2」。""]","平方等式 x²＝a（a>0）有正、負兩個實數解。","[]","","","","","","","","","","","","","","",""
"MAT-0640","數學","原創會考程度練習","","","九年級上","數與量","正因數個數","中等","單題選擇","36 有多少個正因數？","8","10","12","9","3","9","","36＝2²×3²。正因數個數為 (2＋1)(2＋1)＝9。 正確答案為「9」。","[""將 36 質因數分解：36＝2²×3²。"",""2 的指數可取 0、1、2，共 3 種；3 的指數也有 3 種。"",""因數個數＝3×3＝9。 因此本題答案為「9」。""]","質因數次方為 a 時，該質因數指數有 a＋1 種選擇。","[]","","","","","","","","","","","","","","",""
"MAT-0641","數學","原創會考程度練習","","","八年級上","幾何","三角形內角和","基礎","單題選擇","三角形兩個內角為 42° 和 68°，第三個內角是多少度？","70°","60°","80°","90°","0","70°","","三角形內角和為 180°，第三角＝180°−42°−68°＝70°。 正確答案為「70°」。","[""三角形內角和為 180°。"",""已知兩角和為 42°＋68°＝110°。"",""第三角＝180°−110°＝70°。 因此本題答案為「70°」。""]","先加總已知內角，再由 180° 扣除。","[]","","","","","","","","","","","","","","",""
"MAT-0642","數學","原創會考程度練習","","","七年級上","代數","一元一次方程式","基礎","單題選擇","影印店收取固定裝訂費 3 元，每張影印費相同。小安印了 5 張共付 23 元，每張影印費是多少元？","2","4","6","8","1","4","","設每張影印費為 x 元。總費用是 5x＋3＝23，先扣除 3 元裝訂費，再把影印費總額平均分成 5 份，可得 x＝4 元。","[""設每張影印費為 x 元，依題意列式：5x＋3＝23。"",""扣除固定裝訂費：5x＝23－3＝20。"",""20 元是 5 張的影印費總額，故 x＝20÷5＝4 元。""]","先分清固定費與按張計價的費用；列式後確認單位是「元／張」。","[]","","","","","","","","","","","","","","",""
"MAT-0643","數學","原創會考程度練習","","","八年級上","幾何","三角形面積","基礎","單題選擇","三角形底長 17 公分、高 6 公分，面積是多少平方公分？","45","48","51","54","2","51","","三角形面積＝底×高÷2＝17×6÷2＝51 平方公分。 正確答案為「51」。","[""三角形面積公式為底×高÷2。"",""代入底 17 公分、高 6 公分。"",""面積＝17×6÷2＝51 平方公分。 因此本題答案為「51」。""]","三角形面積要除以 2，高必須對應到底。","[]","","","","","","","","","","","","","","",""
"MAT-0644","數學","原創會考程度練習","","","七年級上","數與量","最大公因數與等量分裝","中等","單題選擇","美術社有紅色珠子 30 顆、藍色珠子 42 顆，要全部分裝成內容完全相同且不剩珠子的禮袋，最多能裝幾袋？","3 袋","7 袋","12 袋","6 袋","3","6 袋","","每袋內容相同且不剩，袋數必須同時整除 30 與 42；最多袋數是兩數最大公因數。30＝2×3×5，42＝2×3×7，所以最大公因數為 2×3＝6，可裝 6 袋，每袋 5 顆紅珠及 7 顆藍珠，答案 D。","[""袋數要同時整除紅珠 30 顆與藍珠 42 顆，且要讓袋數最大。"",""30 與 42 的公因數中最大者為 gcd(30,42)＝6。"",""最多裝 6 袋；每袋紅珠 30÷6＝5 顆、藍珠 42÷6＝7 顆，選 D。""]","等量分裝求最多份數用最大公因數；最小公倍數則用於週期重合等情境。","[]","","","","","","","","","","","","","","",""
"MAT-0645","數學","原創會考程度練習","","","八年級上","幾何","三角形內外角互補","基礎","單題選擇","三角形的一個外角為 120°。與這個外角相鄰的內角是多少度？","60°","70°","50°","120°","0","60°","","三角形一個外角與其相鄰內角形成一直線，兩角互補，和為 180°。相鄰內角＝180°−120°＝60°，答案 A。","[""外角與同一頂點的相鄰內角形成一直線。"",""一直線上的鄰角和為 180°，所以內角＝180°−120°。"",""相鄰內角為 60°，選 A；外角定理所指的是兩個不相鄰內角和。""]","相鄰內角與外角互補；不要把它和「外角等於兩個不相鄰內角和」混為一談。","[]","","","","","","","","","","","","","","",""
"MAT-0646","數學","原創會考程度練習","","","八年級上","數與量","分數加法","基礎","單題選擇","計算 2/3＋1/6。","2/3","5/6","1","1/2","1","5/6","","通分為六分之一：2/3＝4/6，所以 2/3＋1/6＝5/6。 正確答案為「5/6」。","[""兩分數的分母為 3 與 6，最小公倍數是 6。"",""將 2/3 通分成 4/6。"",""4/6＋1/6＝5/6。 因此本題答案為「5/6」。""]","分母不同時先通分，分母相同後才相加分子。","[]","","","","","","","","","","","","","","",""
"MAT-0647","數學","原創會考程度練習","","","九年級上","代數","一元一次方程式","基礎","單題選擇","社團租用器材先付 7 百元押金，另按每組 2 百元計費。共租了若干組，總付款為 21 百元；租了幾組？","5","6","7","8","2","7","","設租用 x 組，總額為 2x＋7＝21（百元）。扣除押金後，租金為 14 百元；每組 2 百元，因此租了 7 組。","[""設租用 x 組；每組 2 百元，另有 7 百元押金，所以 2x＋7＝21。"",""扣除押金：2x＝21－7＝14（百元）。"",""每組 2 百元，x＝14÷2＝7 組。""]","押金屬固定費，不要把押金也乘上組數；最後留意題目問的是組數。","[]","","","","","","","","","","","","","","",""
"MAT-0648","數學","原創會考程度練習","","","八年級上","幾何","立體圖形縮放與體積倍率","中等","單題選擇","一個長方體的長、寬、高都放大為原來的 2 倍，體積會變成原來的幾倍？","4 倍","6 倍","2 倍","8 倍","3","8 倍","","長方體體積為長×寬×高。三個維度各放大 2 倍，新體積倍率為 2×2×2＝8，因此體積變成 8 倍，答案 D。","[""設原長、寬、高為 l、w、h，原體積是 lwh。"",""三邊都放大 2 倍後，新體積為 (2l)(2w)(2h)＝8lwh。"",""新體積是原來的 8 倍，選 D；不能只乘一個維度倍率。""]","立體圖形三個方向的長度都改變，體積倍率要將三個長度倍率相乘；邊長倍增時體積增為八倍。","[]","","","","","","","","","","","","","","",""
"MAT-0649","數學","原創會考程度練習","","","八年級上","幾何","長方形面積","基礎","單題選擇","長方形長 7 公分、寬 6 公分，面積是多少平方公分？","42","36","48","56","0","42","","長方形面積＝長×寬＝7×6＝42 平方公分。 正確答案為「42」。","[""長方形面積公式為長×寬。"",""代入長 7 公分、寬 6 公分。"",""面積＝7×6＝42 平方公分。 因此本題答案為「42」。""]","長方形面積單位為平方公分，不是公分。","[]","","","","","","","","","","","","","","",""
"MAT-0650","數學","原創會考程度練習","","","七年級上","數與量","時間單位換算","基礎","單題選擇","240 秒等於幾分鐘？","3","4","5","6","1","4","","1 分鐘＝60 秒，所以 240 秒換算成分鐘為 240÷60＝4 分鐘。 正確答案為「4」。","[""1 分鐘等於 60 秒。"",""秒換算成分鐘要除以 60。"",""240÷60＝4 分鐘。 因此本題答案為「4」。""]","由小單位換成大單位要除以換算倍率。","[]","","","","","","","","","","","","","","",""
"MAT-0651","數學","原創會考程度練習","","","八年級上","數與量","同分母分數加法與剩餘量","中等","單題選擇","健行隊上午走完整條步道的 2/7，下午又走了全長的 2/7。當天結束時，還剩下全長的幾分之幾尚未走？","2/7","5/7","4/7","3/7","3","3/7","","上午與下午走的都是全長的 2/7，先合計已走比例：2/7＋2/7＝4/7。整條步道代表 1，因此未走比例為 1－4/7＝3/7。正確答案為「3/7」。","[""上午和下午所走的比例分母相同，已走比例可直接相加：2/7＋2/7＝4/7。"",""整條步道的全長視為 1，也就是 7/7。"",""未走比例＝1－4/7＝3/7。""]","分段走的比例要先相加；求剩餘比例時，將整體視為 1，再減掉已完成部分。","[]","","","","","","","","","","","","","","",""
"MAT-0652","數學","原創會考程度練習","","","八年級上","數與量","長度平均分配","基礎","單題選擇","將 44 公分長的緞帶平均剪成 4 段，每段長多少公分？","8","9","10","11","3","11","","平均剪成 4 段，每段長度為總長除以段數：44÷4＝11 公分。 正確答案為「11」。","[""緞帶總長為 44 公分。"",""平均剪成 4 段，表示每段長度相等。"",""每段長＝44÷4＝11 公分。 因此本題答案為「11」。""]","平均分配用總量除以份數，並確認答案單位。","[]","","","","","","","","","","","","","","",""
"MAT-0653","數學","原創會考程度練習","","","九年級上","代數","一元一次方程式與折扣門檻","中等","單題選擇","遊樂園團體購票每張 120 元，購買 10 張以上可折抵 200 元。某班付款 1,000 元且符合折扣條件，買了幾張票？","10 張","9 張","11 張","12 張","0","10 張","","設購買 x 張，符合折扣時總價為 120x−200。由 120x−200＝1,000 得 120x＝1,200，x＝10。10 張也符合題目所需的至少 10 張折扣條件。","[""設購買 x 張，依題意建立方程式：120x−200＝1,000。"",""等式兩邊加 200，得 120x＝1,200。"",""兩邊除以 120，得 x＝10；再確認 10 張符合折扣門檻。""]","先把折扣條件轉成總價算式，求出張數後還要檢查是否符合折扣門檻。","[]","","","","","","","","","","","","","","",""
"MAT-0654","數學","原創會考程度練習","","","八年級上","統計與機率","兩骰子奇偶機率","基礎","單題選擇","擲兩顆公平骰子，點數和為偶數的機率是多少？","1/4","1/2","2/3","1/3","1","1/2","","和為偶數須兩骰同奇偶。奇奇有 3×3＝9 種，偶偶也有 9 種，共 18/36＝1/2。 正確答案為「1/2」。","[""兩顆皆奇數有 3×3＝9 種。"",""兩顆皆偶數也有 3×3＝9 種。"",""機率＝(9＋9)/36＝1/2。 因此本題答案為「1/2」。""]","兩整數和為偶數，表示同奇偶。","[]","","","","","","","","","","","","","","",""
"MAT-0655","數學","原創會考程度練習","","","八年級上","幾何","正方體體積","基礎","單題選擇","一個正方體的邊長為 3 公分，體積是多少立方公分？","9","18","27","36","2","27","","正方體體積＝邊長³＝3³＝27 立方公分。 正確答案為「27」。","[""正方體的長、寬、高都等於邊長 3 公分。"",""體積＝長×寬×高＝3×3×3。"",""體積＝27 立方公分。 因此本題答案為「27」。""]","體積單位是立方公分；表面積才以平方公分表示。","[]","","","","","","","","","","","","","","",""
"MAT-0656","數學","原創會考程度練習","","","八年級上","代數","一元一次方程式與分段車資","中等","單題選擇","計程車車資由 85 元起跳，再按里程每公里加收 18 元。若車資共 355 元，行駛了幾公里？","14 公里","16 公里","17 公里","15 公里","3","15 公里","","設行駛 x 公里，車資方程式為 85＋18x＝355。扣除起跳費後，18x＝270，因此 x＝15 公里。","[""設行駛 x 公里，列式 85＋18x＝355。"",""先扣除起跳費：355−85＝270，所以 18x＝270。"",""用 270÷18 得 x＝15 公里。""]","總車資包含起跳費與里程費；先扣固定費，再除以每公里費率。","[]","","","","","","","","","","","","","","",""
"MAT-0657","數學","原創會考程度練習","","","八年級上","數與量","整除判斷與公倍數","基礎","單題選擇","備品箱編號只能選一個；哪個編號同時可被 2 與 7 整除？","14","15","28","35","0","14","","同時被 2 與 7 整除的數必須是兩者的公倍數。14÷2＝7，14÷7＝2；其他選項不能同時被 2 和 7 整除，答案 A。","[""先檢查候選編號除以 2 是否整除，再檢查除以 7 是否整除。"",""14÷2＝7 且 14÷7＝2，兩次都沒有餘數。"",""因此 14 同時符合條件，選 A；21 與 35 是奇數，不能被 2 整除。""]","遇到「同時整除」先逐一測試除法餘數；選項要確認唯一符合條件。","[]","","","","","","","","","","","","","","",""
"MAT-0658","數學","原創會考程度練習","","","八年級上","幾何","等腰三角形周長與代數","基礎","單題選擇","一個等腰三角形的周長為 48 公分，兩腰各長 18 公分，底邊長多少公分？","10 公分","12 公分","14 公分","16 公分","1","12 公分","","周長包含兩腰與底邊。底邊長＝48−18−18＝12 公分。","[""等腰三角形的周長由兩腰和一個底邊組成。"",""先加總兩腰：18＋18＝36 公分。"",""用總周長扣除兩腰，底邊＝48−36＝12 公分。""]","周長題要把每一邊計入一次；已知兩腰後，以周長扣除兩腰即可求底邊。","[]","","","","","","","","","","","","","","",""
"MAT-0659","數學","原創會考程度練習","","","九年級上","幾何","圓面積","基礎","單題選擇","一個圓的半徑為 3 公分，面積是多少平方公分？","6π","8π","9π","12π","2","9π","","圓面積＝πr²。半徑為 3 公分，因此面積為 π×3²＝9π 平方公分。 正確答案為「9π」。","[""圓面積公式為 πr²。"",""代入半徑 r＝3 公分。"",""面積＝π×3²＝9π 平方公分。 因此本題答案為「9π」。""]","圓面積要平方半徑；圓周長則用 2πr。","[]","","","","","","","","","","","","","","",""
"MAT-0660","數學","原創會考程度練習","","","八年級上","代數","平方方程與正數解","基礎","單題選擇","若 x 為正數且 x²＝9，則 x 等於多少？","−3","9","2","3","3","3","","x²＝9 的解為 x＝3 或 x＝−3；題目要求 x 為正數，因此 x＝3。 正確答案為「3」。","[""滿足 x²＝9 的平方根有正、負兩種。"",""兩個解為 3 與 −3。"",""因 x 為正數，選 x＝3。 因此本題答案為「3」。""]","平方方程有正負兩解時，依題目給的符號條件選答案。","[]","","","","","","","","","","","","","","",""
"MAT-0661","數學","原創會考程度練習","","","七年級上","幾何","三角形面積","基礎","單題選擇","園遊會要製作一面直角三角形旗幟，兩股長分別為 9 公分與 6 公分。若旗幟正反兩面都要上色，至少需要上色多少平方公分？","54","24","30","36","0","54","","單面旗幟面積為 9×6÷2＝27 平方公分；正反兩面都要上色，因此總面積為 27×2＝54 平方公分。 正確答案為「54」。","[""直角三角形的兩股互相垂直，可分別作為底與高。"",""單面面積＝9×6÷2＝27 平方公分。"",""正反兩面合計＝27×2＝54 平方公分。 因此本題答案為「54」。""]","留意題目問正反兩面，單面面積算出後還要乘以 2。","[]","","","","","","","","","","","","","","",""
"MAT-0662","數學","原創會考程度練習","","","七年級上","代數","一元一次方程式","中等","單題選擇","校外教學租用遊覽車，基本費 900 元，另按每位學生 120 元收費。若總費用為 4,500 元，且沒有其他費用，參加學生有幾位？","30","25","35","40","0","30","","先扣除不隨人數改變的基本費：4,500−900＝3,600 元。每位學生 120 元，所以學生數為 3,600÷120＝30 位。 正確答案為「30」。","[""設學生有 x 位，總費用關係為 900＋120x＝4,500。"",""先扣除基本費，得 120x＝3,600。"",""x＝3,600÷120＝30 位。 因此本題答案為「30」。""]","先分清固定費與按人數計費的部分，不能把總費用直接除以每人費用。","[]","","","","","","","","","","","","","","",""
"MAT-0663","數學","原創會考程度練習","","","七年級上","數與量","折扣與百分率計算","中等","單題選擇","一件外套原價 1,250 元，先打八折，再加收折後價格 5% 的稅。含稅價格是多少元？","1,000","1,062.5","1,312.5","1,050","3","1,050","","打八折後為 1,250×0.8＝1,000 元；稅額以折後價計算，是 1,000×0.05＝50 元，含稅價為 1,000＋50＝1,050 元。 正確答案為「1,050」。","[""折扣後價格＝1,250×0.8＝1,000 元。"",""稅額以折後價格計算：1,000×0.05＝50 元。"",""含稅價格＝1,000＋50＝1,050 元。 因此本題答案為「1,050」。""]","先依題意打折，再對折後價格計稅；稅率不是直接加到原價上。","[]","","","","","","","","","","","","","","",""
"MAT-0664","數學","原創會考程度練習","","","七年級上","幾何","圓周長與圈數及單位換算","中等","單題選擇","腳踏車輪胎半徑為 35 公分，輪子完整轉 20 圈。若不打滑，腳踏車前進多少公尺？（以 π 表示）","7π","14π","70π","140π","1","14π","","輪胎轉一圈前進一個圓周長：2π×35＝70π 公分。轉 20 圈前進 1,400π 公分，換算成公尺需除以 100，為 14π 公尺。 正確答案為「14π」。","[""一圈的距離等於輪胎圓周長 2πr＝2π×35＝70π 公分。"",""20 圈前進 70π×20＝1,400π 公分。"",""1,400π 公分＝14π 公尺。 因此本題答案為「14π」。""]","先用周長求公分，再乘圈數；最後別漏掉公分換公尺。","[]","","","","","","","","","","","","","","",""
"MAT-0665","數學","原創會考程度練習","","","八年級上","幾何","正方形面積","中等","單題選擇","一塊正方形花圃的邊長為 6 公尺，四周要鋪一圈寬 1 公尺的步道（花圃與步道合起來仍為正方形）。步道面積是多少平方公尺？","24","28","32","48","1","28","","步道在四邊各增加 1 公尺，因此外正方形邊長為 6＋1＋1＝8 公尺。步道面積＝外面積−花圃面積＝8²−6²＝64−36＝28 平方公尺。 正確答案為「28」。","[""步道在花圃每一側各增加 1 公尺，外正方形邊長為 6＋2＝8 公尺。"",""外正方形面積為 8²＝64 平方公尺，花圃面積為 6²＝36 平方公尺。"",""步道面積＝64−36＝28 平方公尺。 因此本題答案為「28」。""]","四周各鋪 1 公尺，所以外邊長總共增加 2 公尺；不可只增加 1 公尺。","[]","","","","","","","","","","","","","","",""
"MAT-0666","數學","原創會考程度練習","","","八年級上","統計與機率","古典機率","中等","單題選擇","從 1 至 30 的整數中等可能選一個，選到 3 或 5 的倍數的機率是多少？","8/15","1/3","1/2","7/15","3","7/15","","1 至 30 中有 10 個 3 的倍數、6 個 5 的倍數，其中 15、30 同時符合兩條件，須扣除重複的 2 個。符合者共 10＋6−2＝14 個，機率為 14/30＝7/15。 正確答案為「7/15」。","[""3 的倍數有 30÷3＝10 個；5 的倍數有 30÷5＝6 個。"",""15 和 30 同時是 3 與 5 的倍數，重複計入兩次，需扣除 2 個。"",""符合者共 10＋6−2＝14 個，機率 14/30＝7/15。 因此本題答案為「7/15」。""]","計數時包含範圍端點 30。","[]","","","","","","","","","","","","","","",""
"MAT-0667","數學","原創會考程度練習","","","八年級上","統計與機率","平均數與資料補值","中等","單題選擇","某組 5 位學生的平均測驗分數為 76 分，其中 4 人分別得 68、72、81、79 分。第 5 人得幾分？","80","76","78","82","0","80","","5 人總分為 76×5＝380 分。已知 4 人總分為 68＋72＋81＋79＝300 分，所以第 5 人得 380−300＝80 分。 正確答案為「80」。","[""由平均數＝總分÷人數，5 人總分＝76×5＝380 分。"",""已知 4 人的分數總和為 68＋72＋81＋79＝300 分。"",""第 5 人分數＝380−300＝80 分。 因此本題答案為「80」。""]","先用平均數乘人數求總和，再扣除已知資料；不要把平均數當成總分。","[]","","","","","","","","","","","","","","",""
"MAT-0668","數學","原創會考程度練習","","","八年級上","幾何","畢氏定理與長方形面積","中等","單題選擇","一個長方形的對角線長 13 公分，其中一邊長 5 公分。這個長方形的面積是多少平方公分？","30","48","60","65","2","60","","長方形對角線與兩邊形成直角三角形。另一邊長為 √(13²−5²)＝√144＝12 公分，因此面積為 5×12＝60 平方公分，答案 C。","[""對角線是直角三角形的斜邊，設另一邊為 x，則 x²＋5²＝13²。"",""x²＝169−25＝144，因長度為正，x＝12 公分。"",""面積為 5×12＝60 平方公分，選 C。""]","長方形對角線不是邊長；先用畢氏定理求另一邊，再用長乘寬求面積。","[]","","","","","","","","","","","","","","",""
"MAT-0669","數學","原創會考程度練習","","","八年級上","幾何","畢氏定理","中等","單題選擇","一個長方形公園長 12 公尺、寬 9 公尺。從一個角沿直線走到對角，最短距離是多少公尺？","13","15","18","21","1","15","","對角線與長、寬形成直角三角形，依畢氏定理，距離平方為 12²＋9²＝144＋81＝225，因此距離為 √225＝15 公尺。 正確答案為「15」。","[""公園長、寬與對角線構成直角三角形，對角線是斜邊。"",""依畢氏定理，斜邊平方＝12²＋9²＝225。"",""斜邊＝√225＝15 公尺。 因此本題答案為「15」。""]","直角三角形對角線用畢氏定理；別把兩邊長直接相加。","[]","","","","","","","","","","","","","","",""
"MAT-0670","數學","原創會考程度練習","","","八年級上","數與量","比例尺與長度單位換算","中等","單題選擇","一張比例尺為 1：25,000 的地圖上，長方形農地長 2 公分、寬 1.2 公分。實際農地面積是多少公頃？","1.5 公頃","150 公頃","15 公頃","0.15 公頃","2","15 公頃","","地圖 1 公分代表實際 25,000 公分＝250 公尺。實際長為 2×250＝500 公尺，寬為 1.2×250＝300 公尺，面積為 500×300＝150,000 平方公尺。1 公頃＝10,000 平方公尺，所以面積為 15 公頃，答案 C。","[""把比例尺換成實際長度：1 公分代表 250 公尺，因此農地長、寬分別為 500 公尺和 300 公尺。"",""實際面積＝500×300＝150,000 平方公尺。"",""150,000÷10,000＝15 公頃，選 C；面積須由實際長、寬相乘，不能只換一次比例尺。""]","比例尺先換算兩個實際邊長，再求面積；平方公尺換公頃要除以 10,000。","[]","","","","","","","","","","","","","","",""
"MAT-0671","數學","原創會考程度練習","","","八年級上","數與量","比與比例","基礎","單題選擇","甲、乙兩袋米的重量比為 3：4，兩袋合計 84 公斤。較重的乙袋有幾公斤？","48","36","42","54","0","48","","總份數為 3＋4＝7 份，每份 84÷7＝12 公斤。乙袋占 4 份，重量為 4×12＝48 公斤。 正確答案為「48」。","[""比的總份數＝3＋4＝7 份。"",""每份重量＝84÷7＝12 公斤。"",""乙袋重量＝4×12＝48 公斤。 因此本題答案為「48」。""]","先將總量除以比的總份數，再乘上所求對象的份數。","[]","","","","","","","","","","","","","","",""
"MAT-0672","數學","原創會考程度練習","","","八年級上","幾何","畢氏定理的生活應用","基礎","單題選擇","一座梯子底端距離垂直牆面 5 公尺，頂端恰好抵達離地 12 公尺處。梯子長多少公尺？","10","13","15","17","1","13","","牆、地面與梯子形成直角三角形，梯子是斜邊。依畢氏定理，梯長＝√(5²＋12²)＝√169＝13 公尺。 正確答案為「13」。","[""牆面和地面互相垂直，形成直角三角形。"",""梯長²＝5²＋12²＝25＋144＝169。"",""梯長＝√169＝13 公尺。 因此本題答案為「13」。""]","題目求梯子長度，也就是直角三角形斜邊，不可把兩股相加。","[]","","","","","","","","","","","","","","",""
"MAT-0673","數學","原創會考程度練習","","","九年級上","幾何","相似三角形與比例","中等","單題選擇","同一時間測量，身高 1.5 公尺的旗桿影長為 2 公尺；附近一棵樹的影長為 12 公尺。樹高為多少公尺？","6","7.5","9","10.5","2","9","","同一時間的日照角度相同，旗桿和樹與影子構成相似三角形。高度與影長比相同，樹高÷12＝1.5÷2，所以樹高＝12×1.5÷2＝9 公尺。 正確答案為「9」。","[""兩個三角形相似，因此高度與影長的比相同。"",""設樹高為 h，則 h/12＝1.5/2。"",""h＝12×1.5÷2＝9 公尺。 因此本題答案為「9」。""]","同一時間的影長可建立相似三角形比例，對應邊要配對正確。","[]","","","","","","","","","","","","","","",""
"MAT-0674","數學","原創會考程度練習","","","八年級上","數與量","單價與正比例","中等","單題選擇","烘焙配方使用 3/4 公斤麵粉可做 45 個餅乾。若每個餅乾大小相同，使用 1.2 公斤麵粉可做幾個？","54","60","66","72","3","72","","每公斤麵粉可做 45÷(3/4)＝60 個餅乾；1.2 公斤可做 60×1.2＝72 個。 正確答案為「72」。","[""先求每公斤可做的數量：45÷(3/4)＝60 個。"",""麵粉用量與餅乾數量成正比。"",""1.2 公斤可做 60×1.2＝72 個。 因此本題答案為「72」。""]","除以分數可乘倒數；確認麵粉增加時成品數也按比例增加。","[]","","","","","","","","","","","","","","",""
"MAT-0675","數學","原創會考程度練習","","","七年級上","統計與機率","平均數與全距","中等","單題選擇","資料 2、5、7、8、13 的平均數和全距分別是多少？","8、12","7、12","7、11","8、11","2","7、11","","總和 35，平均 35÷5＝7；全距 13−2＝11。 正確答案為「7、11」。","[""平均＝(2＋5＋7＋8＋13)÷5＝7。"",""全距＝最大值 13−最小值 2。"",""兩者依序為 7、11。 因此本題答案為「7、11」。""]","平均和全距使用不同計算方式。","[]","","","","","","","","","","","","","","",""
"MAT-0676","數學","原創會考程度練習","","","八年級上","幾何","長方體體積與容量單位","中等","單題選擇","水族箱內部長 80 公分、寬 50 公分、高 60 公分，裝滿水時容量是多少公升？（1,000 立方公分＝1 公升）","240","24","120","480","0","240","","水族箱體積為 80×50×60＝240,000 立方公分。每 1,000 立方公分是 1 公升，因此容量為 240,000÷1,000＝240 公升。 正確答案為「240」。","[""長方體體積＝長×寬×高＝80×50×60＝240,000 立方公分。"",""依題意 1,000 立方公分＝1 公升。"",""容量＝240,000÷1,000＝240 公升。 因此本題答案為「240」。""]","先算出立方公分體積，再依題目給的換算關係轉成公升。","[]","","","","","","","","","","","","","","",""
"MAT-0677","數學","原創會考程度練習","","","八年級上","函數","兩點求一次函數與代值","中等","單題選擇","一條直線通過 (2, 1) 與 (8, 13)。若其方程式為 y＝ax＋b，當 x＝5 時，y 為多少？","11","7","16","19","1","7","","斜率 a＝(13−1)÷(8−2)＝2。代入點 (2,1)，得 1＝2×2＋b，所以 b＝−3。當 x＝5 時，y＝2×5−3＝7。 正確答案為「7」。","[""斜率 a＝(13−1)÷(8−2)＝2。"",""代入 (2,1)：1＝2×2＋b，解得 b＝−3，因此直線為 y＝2x−3。"",""x＝5 時，y＝2×5−3＝7。 因此本題答案為「7」。""]","兩點先求斜率，再代入其中一點求截距；最後才代入所求 x 值。","[]","","","","","","","","","","","","","","",""
"MAT-0678","數學","原創會考程度練習","","","八年級上","幾何","圓柱體積","中等","單題選擇","圓柱形水桶的底面半徑為 3 公尺、高 10 公尺。此水桶的容積是多少立方公尺？（以 π 表示）","30π","60π","90π","120π","2","90π","","圓柱體積＝底面積×高＝π×3²×10＝90π 立方公尺。 正確答案為「90π」。","[""圓柱體積公式為底面積乘高。"",""底面積＝π×3²＝9π 平方公尺。"",""體積＝9π×10＝90π 立方公尺。 因此本題答案為「90π」。""]","圓柱體積使用 πr²h；半徑要平方，別誤用圓周長公式。","[]","","","","","","","","","","","","","","",""
"MAT-0679","數學","原創會考程度練習","","","九年級上","代數","一元一次方程式與括號","中等","單題選擇","解方程式 3(x＋4)＝2x＋19，x 為多少？","5","6","8","7","3","7","","先展開左側得 3x＋12＝2x＋19；兩邊減去 2x，再減去 12，得到 x＝7。代回原式兩側皆為 33，故解為 7。 正確答案為「7」。","[""展開括號：3x＋12＝2x＋19。"",""兩邊減去 2x，得 x＋12＝19。"",""兩邊減去 12，得 x＝7；代回可驗算。 因此本題答案為「7」。""]","展開括號後要對等式兩側做相同運算，最後可代回檢查。","[]","","","","","","","","","","","","","","",""
"MAT-0680","數學","原創會考程度練習","","","九年級上","幾何","正多邊形內角","中等","單題選擇","一個正多邊形的每個內角為 150°，此多邊形有幾邊？","10","8","6","12","3","12","","每個外角與內角互補，外角為 180°−150°＝30°。正多邊形外角和為 360°，所以邊數為 360°÷30°＝12。 正確答案為「12」。","[""正多邊形一個內角與相鄰外角相加為 180°，故外角＝180°−150°＝30°。"",""正多邊形的外角和為 360°。"",""邊數＝360°÷30°＝12。 因此本題答案為「12」。""]","先由內角求外角，再用外角和 360° 求邊數；避免把內角和直接除。","[]","","","","","","","","","","","","","","",""
"MAT-0681","數學","原創會考程度練習","","","七年級上","數與量","速率與時間單位","基礎","單題選擇","一列火車以每小時 90 公里的速率行駛 180 公里，中途停靠 20 分鐘。從出發到抵達共需多久？","2 小時 20 分","2 小時","2 小時 30 分","3 小時","0","2 小時 20 分","","行車時間為 180÷90＝2 小時，再加上停靠的 20 分鐘，總時間是 2 小時 20 分鐘。 正確答案為「2 小時 20 分」。","[""行車時間＝路程÷速率＝180÷90＝2 小時。"",""停靠時間為 20 分鐘，需另外加上。"",""總時間＝2 小時 20 分鐘。 因此本題答案為「2 小時 20 分」。""]","速率算出的行車時間不含停靠時間；最後要統一用時、分表示。","[]","","","","","","","","","","","","","","",""
"MAT-0682","數學","原創會考程度練習","","","八年級上","統計與機率","加權平均","基礎","單題選擇","甲組 16 人平均得分 72 分，乙組 24 人平均 82 分。兩組合計平均為多少分？","76","78","77","79","1","78","","總分為 16×72＋24×82＝1,152＋1,968＝3,120；40 人平均為 3,120÷40＝78 分。 正確答案為「78」。","[""甲組總分＝16×72＝1,152。"",""乙組總分＝24×82＝1,968，合計 3,120。"",""合併平均＝3,120÷40＝78 分。 因此本題答案為「78」。""]","合併平均需依人數加權。","[]","","","","","","","","","","","","","","",""
"MAT-0683","數學","原創會考程度練習","","","七年級上","統計與機率","互斥事件與補事件機率","基礎","單題選擇","盒中有 3 張紅卡、2 張藍卡和 1 張綠卡，每張卡被抽中的機會相同。隨機抽 1 張，抽到非藍卡的機率是多少？","1/3","1/2","2/3","5/6","2","2/3","","共有 3＋2＋1＝6 張卡，其中非藍卡有紅卡 3 張與綠卡 1 張，共 4 張。因此抽到非藍卡的機率為 4/6＝2/3。","[""先求卡片總數：3＋2＋1＝6 張。"",""非藍卡包括紅卡與綠卡，共 3＋1＝4 張。"",""機率＝有利結果數÷所有等可能結果數＝4/6＝2/3。""]","用補事件時要確認互補集合包含哪些卡片；也可直接數出非藍卡張數。","[]","","","","","","","","","","","","","","",""
"MAT-0684","數學","原創會考程度練習","","","七年級上","幾何","梯形面積","中等","單題選擇","一塊梯形花圃的兩底長為 12 公尺與 20 公尺，高為 7 公尺。花圃面積是多少平方公尺？","98","105","126","112","3","112","","梯形面積＝(上底＋下底)×高÷2＝(12＋20)×7÷2＝112 平方公尺。 正確答案為「112」。","[""梯形面積公式為 (上底＋下底)×高÷2。"",""兩底和為 12＋20＝32 公尺。"",""面積＝32×7÷2＝112 平方公尺。 因此本題答案為「112」。""]","梯形面積要將兩底相加後乘高，再除以 2；高須垂直於兩底。","[]","","","","","","","","","","","","","","",""
"MAT-0685","數學","原創會考程度練習","","","八年級上","代數","一元一次方程式的情境應用","中等","單題選擇","園遊會成人票每張 250 元、兒童票每張 150 元，共售出 12 張票，收入 2,200 元。售出成人票幾張？","4","3","5","6","0","4","","若 12 張全是兒童票，收入為 12×150＝1,800 元。每將一張兒童票換成成人票，收入增加 250−150＝100 元；需增加 2,200−1,800＝400 元，所以成人票為 400÷100＝4 張。 正確答案為「4」。","[""設成人票 x 張，兒童票為 12−x 張。"",""收入方程式：250x＋150(12−x)＝2,200，化簡得 100x＝400。"",""x＝4 張。 因此本題答案為「4」。""]","先設成人票數，兒童票數就是總張數減成人票；再用總收入列式。","[]","","","","","","","","","","","","","","",""
"MAT-0686","數學","原創會考程度練習","","","八年級上","數與量","最小公倍數與週期","中等","單題選擇","兩班公車在上午 9 時同時發車，甲線每 18 分鐘發一班，乙線每 24 分鐘發一班。兩線下次同時發車是幾點幾分？","10:00","10:12","10:18","10:24","1","10:12","","兩線同時發車的間隔為 18 與 24 的最小公倍數：18＝2×3²、24＝2³×3，所以最小公倍數為 2³×3²＝72 分鐘。9:00 後 72 分鐘是 10:12。 正確答案為「10:12」。","[""需找 18 分鐘與 24 分鐘的最小公倍數。"",""18＝2×3²，24＝2³×3，故最小公倍數為 2³×3²＝72 分鐘。"",""9:00＋72 分鐘＝10:12。 因此本題答案為「10:12」。""]","週期問題用最小公倍數；72 分鐘要換算成 1 小時 12 分。","[]","","","","","","","","","","","","","","",""
"MAT-0687","數學","原創會考程度練習","","","八年級上","數與量","比與正比例","基礎","單題選擇","一輛車行駛 8 公里耗油 1 公升。若行駛距離與耗油量成正比，行駛 13 公里約耗油幾公升？","1.25","1.5","1.625","2","2","1.625","","每公里耗油量為 1÷8 公升，行駛 13 公里耗油 13×(1÷8)＝13/8＝1.625 公升。 正確答案為「1.625」。","[""每公里耗油＝1÷8＝1/8 公升。"",""13 公里耗油量＝13×1/8＝13/8 公升。"",""13/8＝1.625 公升。 因此本題答案為「1.625」。""]","先求每公里的耗油量，再乘實際路程；不要將公里與公升比例顛倒。","[]","","","","","","","","","","","","","","",""
"MAT-0688","數學","原創會考程度練習","","","八年級上","數與量","整數指數律","中等","單題選擇","化簡 (2³×2⁵)÷2⁴，結果是多少？","8","12","14","16","3","16","","同底數相乘指數相加，相除指數相減：(2³×2⁵)÷2⁴＝2^(3＋5−4)＝2⁴＝16。 正確答案為「16」。","[""同底數相乘時指數相加：2³×2⁵＝2⁸。"",""同底數相除時指數相減：2⁸÷2⁴＝2⁴。"",""2⁴＝16。 因此本題答案為「16」。""]","同底數的指數相乘才用加法，相除用減法；底數不可跟著相加。","[]","","","","","","","","","","","","","","",""
"MAT-0689","數學","原創會考程度練習","","","八年級上","函數","座標平面與中點","中等","單題選擇","線段兩端點為 A(−2, 3)、B(4, −1)，其中點的座標為何？","(1, 1)","(2, 2)","(1, −1)","(−3, 2)","0","(1, 1)","","中點的 x 座標為 (−2＋4)÷2＝1，y 座標為 (3＋(−1))÷2＝1，因此中點是 (1,1)。 正確答案為「(1, 1)」。","[""中點 x 座標＝兩端 x 座標平均：(−2＋4)÷2＝1。"",""中點 y 座標＝兩端 y 座標平均：(3−1)÷2＝1。"",""中點座標為 (1,1)。 因此本題答案為「(1, 1)」。""]","中點公式的 x、y 座標分別平均；負數相加要保留正負號。","[]","","","","","","","","","","","","","","",""
"MAT-0690","數學","原創會考程度練習","","","八年級上","代數","一元二次方程式與幾何情境","進階","單題選擇","一個長方形的面積為 48 平方公分，長比寬多 2 公分。此長方形的寬為多少公分？","5","6","7","8","1","6","","設寬為 x 公分，長為 x＋2 公分，則 x(x＋2)＝48，整理為 x²＋2x−48＝0＝(x＋8)(x−6)。長度為正，因此 x＝6 公分。 正確答案為「6」。","[""設長方形寬為 x 公分，長為 x＋2 公分。"",""依面積列式：x(x＋2)＝48，整理得 x²＋2x−48＝0。"",""因式分解為 (x＋8)(x−6)＝0；寬為正，故 x＝6。 因此本題答案為「6」。""]","方程式可能有正負解，但長度只能取正值；代回可確認面積。","[]","","","","","","","","","","","","","","",""
"MAT-0691","數學","原創會考程度練習","","","八年級上","代數","一元一次方程式與括號","中等","單題選擇","解方程式 3(x−2)＝2x＋7，x 的值是多少？","10","11","13","15","2","13","","展開左側得 3x−6＝2x＋7；兩邊減去 2x，再加 6，得 x＝13。代回原式左右皆為 33。 正確答案為「13」。","[""展開括號：3x−6＝2x＋7。"",""兩邊減去 2x，得 x−6＝7。"",""兩邊加 6，得 x＝13；代回可驗算。 因此本題答案為「13」。""]","括號前係數要乘進括號內每一項，移項後可代回原式檢查。","[]","","","","","","","","","","","","","","",""
"MAT-0692","數學","原創會考程度練習","","","八年級上","統計與機率","兩骰子乘積奇偶與補事件","基礎","單題選擇","同時擲兩顆公平骰子，兩顆點數乘積為偶數的機率是多少？","1/4","1/2","3/4","5/6","2","3/4","","兩數乘積為奇數，必須兩顆骰子都擲出奇數。每顆出現奇數的機率為 3/6，因此乘積為奇數的機率是 (3/6)²＝1/4。乘積為偶數是其補事件，機率為 1−1/4＝3/4。","[""先看反面事件：乘積為奇數時，兩顆點數都必須是奇數。"",""每顆骰子有 3 個奇數面，兩顆獨立，所以奇數乘積機率為 (3/6)×(3/6)＝1/4。"",""偶數乘積機率＝1−(3/6)²＝3/4，選 C。""]","奇數乘積必須兩骰皆奇數，因此用補事件較省力：乘積為偶數的其他組合都包含至少一個偶數。","[]","","","","","","","","","","","","","","",""
"MAT-0693","數學","原創會考程度練習","","","八年級上","數與量","速率與時間換算","中等","單題選擇","一名跑者 15 分鐘跑了 1.2 公里，若維持相同速率，平均速率是多少公里／小時？","4.8","3.6","4","5.2","0","4.8","","15 分鐘是 0.25 小時，平均速率＝路程÷時間＝1.2÷0.25＝4.8 公里／小時。 正確答案為「4.8」。","[""將時間換成小時：15÷60＝0.25 小時。"",""平均速率＝路程÷時間＝1.2÷0.25。"",""平均速率＝4.8 公里／小時。 因此本題答案為「4.8」。""]","速率單位是公里／小時，時間須先換成小時再計算。","[]","","","","","","","","","","","","","","",""
"MAT-0694","數學","原創會考程度練習","","","八年級上","數與量","異分母分數減法","基礎","單題選擇","計算 2/3−1/4，結果是多少？","1/12","5/12","7/12","11/12","1","5/12","","通分成 12 分之後，2/3＝8/12、1/4＝3/12，所以差為 8/12−3/12＝5/12。 正確答案為「5/12」。","[""3 與 4 的最小公倍數為 12，作為共同分母。"",""2/3＝8/12，1/4＝3/12。"",""相減得 8/12−3/12＝5/12。 因此本題答案為「5/12」。""]","異分母分數相減要先通分，分子相減後再約分。","[]","","","","","","","","","","","","","","",""
"MAT-0695","數學","原創會考程度練習","","","七年級上","統計與機率","平均數","基礎","單題選擇","資料 5、7、9、11、13、15 的平均數是多少？","9","11","10","12","2","10","","配對首尾和皆 20，共 3 對，總和 60，平均 60÷6＝10。 正確答案為「10」。","[""(5＋15)、(7＋13)、(9＋11) 各為 20。"",""總和＝3×20＝60。"",""平均＝60÷6＝10。 因此本題答案為「10」。""]","對稱配對可減少加總錯誤。","[]","","","","","","","","","","","","","","",""
"MAT-0696","數學","原創會考程度練習","","","八年級上","代數","一元一次方程式與括號","中等","單題選擇","解方程式 2(x−3)＋5＝19，x 的值是多少？","8","9","11","10","3","10","","先展開得 2x−6＋5＝19，整理為 2x−1＝19；兩邊加 1 再除以 2，得 x＝10。 正確答案為「10」。","[""展開括號：2x−6＋5＝19。"",""合併常數得 2x−1＝19，兩邊加 1 得 2x＝20。"",""兩邊除以 2，得 x＝10。 因此本題答案為「10」。""]","先正確處理括號與常數，再除以未知數係數。","[]","","","","","","","","","","","","","","",""
"MAT-0697","數學","原創會考程度練習","","","八年級上","幾何","三角柱體積","基礎","單題選擇","一個三角柱的底面是兩股長 3 公分與 4 公分的直角三角形，柱高為 10 公分。此三角柱體積是多少立方公分？","60","40","80","120","0","60","","底面直角三角形面積為 3×4÷2＝6 平方公分；三角柱體積為底面積乘柱高，即 6×10＝60 立方公分。 正確答案為「60」。","[""三角柱底面為直角三角形，面積＝3×4÷2＝6 平方公分。"",""柱體體積＝底面積×柱高。"",""體積＝6×10＝60 立方公分。 因此本題答案為「60」。""]","先算三角形底面積，再乘柱高；別把三角柱體積當成長方體底面積。","[]","","","","","","","","","","","","","","",""
"MAT-0698","數學","原創會考程度練習","","","八年級上","代數","二元一次聯立方程式","中等","單題選擇","兩個數的和是 12，差是 4。較大的數是多少？","6","8","9","10","1","8","","設較大數為 x、較小數為 y，則 x＋y＝12、x−y＝4。兩式相加得 2x＝16，所以 x＝8。 正確答案為「8」。","[""設較大數為 x、較小數為 y，列出 x＋y＝12 與 x−y＝4。"",""兩式相加：2x＝16。"",""解得 x＝8，故較大數為 8。 因此本題答案為「8」。""]","和差問題可將兩個等式相加消去較小數，再解出較大數。","[]","","","","","","","","","","","","","","",""
"MAT-0699","數學","原創會考程度練習","","","九年級上","代數","一元二次方程式根與係數","中等","單題選擇","方程式 x²＋kx＋6＝0 的一根為 2，另一根為何？參數 k 為何？","另一根 3，k＝5","另一根 4，k＝−6","另一根 2，k＝−5","另一根 3，k＝−5","3","另一根 3，k＝−5","","設另一根為 r。兩根乘積等於常數項 6，因此 2r＝6，得 r＝3。兩根和為 −k，所以 2＋3＝−k，得 k＝−5。代回可得 x²−5x＋6＝(x−2)(x−3)，符合兩根為 2、3。正確答案為「另一根 3，k＝−5」。","[""設另一根為 r，由根的乘積得 2r＝6，所以 r＝3。"",""兩根和為 2＋3＝5；對 x²＋kx＋6＝0，根和為 −k，因此 k＝−5。"",""代回得 x²−5x＋6＝(x−2)(x−3)，符合已知根與常數項。""]","首項係數為 1 時，兩根乘積等於常數項、兩根和等於一次項係數的相反數；求出參數後代回檢查。","[]","","","","","","","","","","","","","","",""
"MAT-0700","數學","原創會考程度練習","","","九年級上","幾何","等腰三角形周長","基礎","單題選擇","一個等腰三角形的周長為 52 公分，底邊長 20 公分。每條腰長多少公分？","12","14","18","16","3","16","","兩條等長的腰合計為 52−20＝32 公分，因此每條腰長 32÷2＝16 公分。 正確答案為「16」。","[""等腰三角形兩條腰長相等。"",""兩腰合計＝周長−底邊＝52−20＝32 公分。"",""每條腰＝32÷2＝16 公分。 因此本題答案為「16」。""]","先從周長扣掉底邊，再將剩餘長度平均分給兩條相等的腰。","[]","","","","","","","","","","","","","","",""
"MAT-0701","數學","原創會考程度練習","","","七年級上","數與量","比與比例分配","基礎","單題選擇","校園園遊會，甲、乙兩攤的收入比為 5：3，合計收入 6400 元。甲攤收入是多少元？","4000","3200","4800","2400","0","4000","","總份數為 5＋3＝8，甲占 5 份，因此收入為 6400×5/8＝4000 元。 正確答案為「4000」。","[""先求比的總份數：5＋3＝8。"",""甲攤占其中 5 份。"",""甲攤收入＝6400×5/8＝4000 元。 因此本題答案為「4000」。""]","比值分配時先求總份數，再乘該方所占比例。","[]","","","","","","","","","","","","","","",""
"MAT-0702","數學","原創會考程度練習","","","七年級上","數與量","分數與生活運算","基礎","單題選擇","某水族箱原有水量 48 公升，先倒出 1/4，再加入 6 公升。此時水量是幾公升？","36","42","48","54","1","42","","倒出 48×1/4＝12 公升，剩 36 公升；再加 6 公升，共 42 公升。 正確答案為「42」。","[""倒出的水量＝48×1/4＝12 公升。"",""倒出後剩 48−12＝36 公升。"",""加入 6 公升後為 36＋6＝42 公升。 因此本題答案為「42」。""]","分數作用在倒出前的原量，注意運算順序。","[]","","","","","","","","","","","","","","",""
"MAT-0703","數學","原創會考程度練習","","","七年級上","數與量","百分率與折扣","中等","單題選擇","一件外套定價 2400 元，先打 8 折，再使用折價 150 元的優惠券，實付多少元？","1800","1870","1770","1920","2","1770","","打 8 折後為 2400×0.8＝1920 元，再折 150 元，實付 1770 元。 正確答案為「1770」。","[""折扣後價格＝2400×0.8＝1920 元。"",""折價券在折扣後再扣 150 元。"",""實付＝1920−150＝1770 元。 因此本題答案為「1770」。""]","折數和折價券是先後兩種折讓，不要把折價券也乘折數。","[]","","","","","","","","","","","","","","",""
"MAT-0704","數學","原創會考程度練習","","","七年級下","幾何","固定周長的正方形與長方形面積比較","中等","單題選擇","一個長方形周長為 34 公分，長比寬多 5 公分。另有一個周長也為 34 公分的正方形，哪個圖形面積較大，大多少平方公分？","長方形大 6.25 平方公分","長方形大 6.5 平方公分","正方形大 6.5 平方公分","正方形大 6.25 平方公分","3","正方形大 6.25 平方公分","","長方形長寬和為 34÷2＝17 公分，長比寬多 5，故寬 6、長 11，面積 66 平方公分。正方形邊長為 34÷4＝8.5 公分，面積 8.5²＝72.25 平方公分；正方形大 72.25－66＝6.25 平方公分，答案 D。","[""長方形的長寬和為 34÷2＝17；配合差 5 公分，得長 11、寬 6，面積 11×6＝66 平方公分。"",""正方形四邊相等，邊長為 34÷4＝8.5 公分，面積為 8.5×8.5＝72.25 平方公分。"",""兩者面積差為 72.25－66＝6.25 平方公分，因此正方形較大 6.25 平方公分，選 D。""]","相同周長不代表相同面積；正方形邊長是周長除以 4，長方形仍須依長寬和與差求尺寸。","[]","","","","","","","","","","","","","","",""
"MAT-0705","數學","原創會考程度練習","","","八年級上","函數","一次函數情境","基礎","單題選擇","某計程車車資由起跳 70 元及每公里 25 元組成。乘車 8 公里，車資是多少元？","270","200","250","280","0","270","","車資＝起跳費 70＋每公里 25×8＝70＋200＝270 元。 正確答案為「270」。","[""里程費＝25×8＝200 元。"",""加上起跳費 70 元。"",""總車資＝200＋70＝270 元。 因此本題答案為「270」。""]","固定費用只加一次，里程費才乘公里數。","[]","","","","","","","","","","","","","","",""
"MAT-0706","數學","原創會考程度練習","","","八年級上","代數","一次函數斜率與變化量","基礎","單題選擇","一次函數 y＝−2x＋7 中，當 x 增加 3 時，y 的變化量是多少？","增加 6","減少 6","減少 2","增加 3","1","減少 6","","一次函數 y＝mx＋b 的斜率 m 表示 x 每增加 1，y 的變化量為 m。此處斜率為 −2，x 增加 3，故 y 的變化量為 −2×3＝−6，也就是減少 6，答案 B。","[""讀出斜率 m＝−2；截距 7 不影響變化量。"",""x 增加 3，y 的變化量為 m×3＝−2×3＝−6。"",""負變化量表示 y 減少 6，選 B。""]","斜率表示每單位 x 對 y 的變化；求變化量時乘以 x 的增量，不要再加截距。","[]","","","","","","","","","","","","","","",""
"MAT-0707","數學","原創會考程度練習","","","七年級下","代數","一元一次方程式列式","基礎","單題選擇","某數的 3 倍比該數多 14。此數是多少？","5","7","9","14","1","7","","設此數為 x，依題意 3x＝x＋14，故 2x＝14，x＝7。 正確答案為「7」。","[""設此數為 x，將「3 倍比原數多 14」列為 3x＝x＋14。"",""移項得 2x＝14。"",""解得 x＝7。 因此本題答案為「7」。""]","「比某數多」表示與該數相加，不是直接等於差。","[]","","","","","","","","","","","","","","",""
"MAT-0708","數學","原創會考程度練習","","","九年級上","數與量","百分率反向計算","中等","單題選擇","一件商品含 5% 營業稅後售價 840 元，未稅價格是多少元？","850","855","800","875","2","800","","含稅價是未稅價的 1.05 倍。設未稅價為 x，則 1.05x＝840，解得 x＝840÷1.05＝800 元。 正確答案為「800」。","[""設未稅價為 x，則含稅價為 1.05x。"",""列式 1.05x＝840。"",""x＝840÷1.05＝800 元。 因此本題答案為「800」。""]","由含稅價回推原價要除以 1.05，不是直接減 5%。","[]","","","","","","","","","","","","","","",""
"MAT-0709","數學","原創會考程度練習","","","九年級上","幾何","相似形面積比","中等","單題選擇","兩個相似三角形的對應邊長比為 2：3。小三角形面積為 24 平方公分，大三角形面積是多少平方公分？","72","36","48","54","3","54","","相似圖形面積比等於邊長比平方，即 4：9；大三角形面積為 24×9/4＝54 平方公分。 正確答案為「54」。","[""對應邊長比小：大＝2：3。"",""面積比為 2²：3²＝4：9。"",""大三角形面積＝24×9/4＝54 平方公分。 因此本題答案為「54」。""]","面積比需將長度比平方，不能直接用 2：3。","[]","","","","","","","","","","","","","","",""
"MAT-0710","數學","原創會考程度練習","","","八年級上","幾何","圓面積縮放","中等","單題選擇","一圓的半徑變為原來的 2 倍，新圓面積是原來的幾倍？","4","6","8","2","0","4","","圓面積為 πr²，半徑變為 2r 後面積為 π(2r)²＝4πr²，是原來的 4 倍。 正確答案為「4」。","[""原面積＝πr²。"",""新半徑為 2r，新面積＝π(2r)²。"",""π(2r)²＝4πr²，因此面積為 4 倍。 因此本題答案為「4」。""]","半徑倍率對面積要平方；題目說變為兩倍，不是增加兩倍。","[]","","","","","","","","","","","","","","",""
"MAT-0711","數學","原創會考程度練習","","","七年級下","幾何","平行四邊形面積","基礎","單題選擇","一個平行四邊形的面積是 126 平方公分，底長 18 公分。對應的垂直高是多少公分？","6 公分","7 公分","8 公分","9 公分","1","7 公分","","平行四邊形面積＝底×高，因此高＝面積÷底＝126÷18＝7 公分，答案 B。","[""用底乘高求面積；反求高時以面積除以底。"",""126÷18＝7。"",""對應的垂直高為 7 公分，選 B；不可把斜邊當成高。""]","反求平行四邊形的高要以面積除以底，並確認題目給的是對應底長。","[]","","","","","","","","","","","","","","",""
"MAT-0712","數學","原創會考程度練習","","","八年級下","幾何","畢氏定理","基礎","單題選擇","一個直角三角形兩股長為 9 公分、12 公分，斜邊長是多少公分？","13","14","15","21","2","15","","依畢氏定理，斜邊平方＝9²＋12²＝81＋144＝225，因此斜邊為 15 公分。 正確答案為「15」。","[""設斜邊長為 c，依畢氏定理 c²＝9²＋12²。"",""計算 c²＝81＋144＝225。"",""取正平方根，c＝15 公分。 因此本題答案為「15」。""]","直角三角形斜邊是最長邊，長度取正平方根。","[]","","","","","","","","","","","","","","",""
"MAT-0713","數學","原創會考程度練習","","","八年級上","數與量","分數與容量比例","中等","單題選擇","一個水桶裝到容量的 5/8 時有 40 公升。若再加入 12 公升，此時水桶裝滿容量的幾分之幾？","3/4","7/8","15/16","13/16","3","13/16","","水桶容量為 40÷(5/8)＝64 公升。加入後水量為 40＋12＝52 公升，占容量 52/64＝13/16。 正確答案為「13/16」。","[""40 公升占水桶容量的 5/8，因此容量＝40÷(5/8)＝64 公升。"",""加入 12 公升後，水量＝40＋12＝52 公升。"",""所占比例＝52/64＝13/16。 因此本題答案為「13/16」。""]","先由已知分數求整體容量，再算新的部分占整體比例。","[]","","","","","","","","","","","","","","",""
"MAT-0714","數學","原創會考程度練習","","","八年級上","數與量","比與比例應用","基礎","單題選擇","登山隊已走完一條步道的 3/5，已走路程為 18 公里。這條步道全長多少公里？","30","24","36","45","0","30","","18 公里是全長的 3/5，所以步道全長為 18÷(3/5)＝18×5/3＝30 公里。 正確答案為「30」。","[""設步道全長為 L 公里，則 (3/5)L＝18。"",""兩邊乘以 5/3，得 L＝18×5/3。"",""全長 L＝30 公里。 因此本題答案為「30」。""]","已知的是全長的部分；要求整體時要用部分量除以所占分率。","[]","","","","","","","","","","","","","","",""
"MAT-0715","數學","原創會考程度練習","","","八年級上","幾何","面積與平方單位換算","中等","單題選擇","一間長 8 公尺、寬 6 公尺的房間要鋪正方形地磚，每塊地磚邊長 0.4 公尺。至少需要幾塊地磚才能鋪滿地面？（不計縫隙與耗損）","240","320","300","360","2","300","","房間面積為 8×6＝48 平方公尺；每塊地磚面積為 0.4×0.4＝0.16 平方公尺。所需地磚數為 48÷0.16＝300 塊。 正確答案為「300」。","[""房間地面面積＝8×6＝48 平方公尺。"",""每塊地磚面積＝0.4×0.4＝0.16 平方公尺。"",""地磚數＝48÷0.16＝300 塊。 因此本題答案為「300」。""]","地磚面積要把邊長平方；計算前確認房間與地磚使用相同長度單位。","[]","","","","","","","","","","","","","","",""
"MAT-0716","數學","原創會考程度練習","","","八年級上","數與量","整數指數與運算順序","基礎","單題選擇","計算 (−2)³＋3²，結果是多少？","−1","0","1","17","2","1","","(−2)³＝−8，3²＝9，因此 (−2)³＋3²＝−8＋9＝1。 正確答案為「1」。","[""先算乘方：(−2)³＝−8，3²＝9。"",""負數的奇次方為負數；正數的平方為正數。"",""相加得 −8＋9＝1。 因此本題答案為「1」。""]","括號要保留負號；奇次方與偶次方的正負不同，並先算乘方。","[]","","","","","","","","","","","","","","",""
"MAT-0717","數學","原創會考程度練習","","","七年級下","代數","一元一次不等式","中等","單題選擇","若 x 為整數且滿足 2x−5＜9，符合條件的最大整數 x 是多少？","5","7","8","6","3","6","","兩邊加 5 得 2x＜14，再除以正數 2 得 x＜7。最大整數解為 6。 正確答案為「6」。","[""解不等式 2x−5＜9，兩邊加 5 得 2x＜14。"",""兩邊除以正數 2，方向不變，得 x＜7。"",""小於 7 的最大整數為 6。 因此本題答案為「6」。""]","不等式兩邊除以負數才需要反轉方向；本題除以正數 2，方向不變。","[]","","","","","","","","","","","","","","",""
"MAT-0718","數學","原創會考程度練習","","","九年級上","代數","已配方二次函數的頂點","中等","單題選擇","拋物線 y＝(x−2)²−3 的頂點座標為何？","(2, −3)","(−2, −3)","(2, 1)","(4, 1)","0","(2, −3)","","此函數已寫成頂點式 y＝(x−h)²＋k，其中 h＝2、k＝−3，因此頂點座標為 (2,−3)，答案 A。","[""辨認函數已是頂點式 y＝(x−h)²＋k，不需要再用配方法。"",""與頂點式比較可得 h＝2、k＝−3。"",""頂點為 (h,k)＝(2,−3)，選 A。""]","頂點式括號內符號與頂點 x 座標相反。","[]","","","","","","","","","","","","","","",""
"MAT-0719","數學","原創會考程度練習","","","七年級下","函數","一次函數的 x 截距","基礎","單題選擇","直線 y＝−3x＋12 與 x 軸交點的 x 座標是多少？","3","4","6","12","1","4","","x 軸上所有點的 y 座標為 0。令 −3x＋12＝0，得 3x＝12，因此 x＝4。 正確答案為「4」。","[""x 軸交點的 y 座標為 0。"",""令 −3x＋12＝0，移項得 3x＝12。"",""解得 x＝4。 因此本題答案為「4」。""]","求 x 截距時令 y＝0；求 y 截距才令 x＝0。","[]","","","","","","","","","","","","","","",""
"MAT-0720","數學","原創會考程度練習","","","九年級上","幾何","扇形面積","中等","單題選擇","一個披薩切出圓心角 60° 的扇形，披薩半徑為 12 公分。此扇形面積是多少平方公分？（以 π 表示）","24π","12π","36π","72π","0","24π","","扇形占整個圓的 60/360＝1/6。圓面積為 π×12²＝144π，因此扇形面積為 144π×1/6＝24π 平方公分。 正確答案為「24π」。","[""扇形占全圓的比例為 60°÷360°＝1/6。"",""全圓面積＝π×12²＝144π 平方公分。"",""扇形面積＝144π×1/6＝24π 平方公分。 因此本題答案為「24π」。""]","扇形面積乘上圓心角占 360° 的比例；別把角度比例套到半徑上。","[]","","","","","","","","","","","","","","",""
"MAT-0721","數學","原創會考程度練習","","","七年級上","數與量","百分率","基礎","單題選擇","一件背包原價 1500 元，特價 1200 元。特價是原價的百分之幾？","20%","80%","125%","300%","1","80%","","特價占原價的比例為 1200÷1500＝0.8＝80%。 正確答案為「80%」。","[""用特價除以原價：1200÷1500。"",""計算得 0.8。"",""換成百分率為 80%。 因此本題答案為「80%」。""]","問「是原價的百分之幾」要以原價作分母。","[]","","","","","","","","","","","","","","",""
"MAT-0722","數學","原創會考程度練習","","","七年級上","數與量","整數加減與溫度變化","基礎","單題選擇","早晨氣溫為 −3°C，白天上升 8°C，傍晚又下降 4°C。傍晚氣溫是多少？","−1°C","0°C","1°C","5°C","2","1°C","","以早晨氣溫為起點，先上升到 −3＋8＝5°C，再下降 4°C，得到 5−4＝1°C。 正確答案為「1°C」。","[""早晨氣溫為 −3°C。"",""上升 8°C 後為 −3＋8＝5°C。"",""再下降 4°C，傍晚為 5−4＝1°C。 因此本題答案為「1°C」。""]","溫度下降代表加上負數；先後變化須依時間順序計算。","[]","","","","","","","","","","","","","","",""
"MAT-0723","數學","原創會考程度練習","","","七年級下","代數","一元一次方程式","基礎","單題選擇","解方程式 3x−7＝20，x 等於多少？","7","11","13","9","3","9","","等式兩邊加 7 得 3x＝27，再除以 3 得 x＝9。 正確答案為「9」。","[""兩邊同加 7：3x＝27。"",""兩邊同除以 3。"",""得 x＝9。 因此本題答案為「9」。""]","等式兩邊必須做相同運算，才能維持等值。","[]","","","","","","","","","","","","","","",""
"MAT-0724","數學","原創會考程度練習","","","八年級上","數與量","指數律","基礎","單題選擇","計算 2³×2⁴。","2⁷","4⁷","2","2¹²","0","2⁷","","同底數相乘，指數相加：2³×2⁴＝2⁽³⁺⁴⁾＝2⁷。 正確答案為「2⁷」。","[""兩因數的底數都是 2。"",""同底數相乘，指數相加：3＋4＝7。"",""結果為 2⁷。 因此本題答案為「2⁷」。""]","同底數乘法指數相加；只有乘方的乘方才會相乘。","[]","","","","","","","","","","","","","","",""
"MAT-0725","數學","原創會考程度練習","","","八年級上","代數","乘法公式與平方差","中等","單題選擇","將 (x−2)(x＋2) 展開並化簡，結果為何？","x²＋4","x²−4","x²−4x＋4","2x²−4","1","x²−4","","利用平方差公式 (a−b)(a＋b)＝a²−b²，得 x²−2²＝x²−4。 正確答案為「x²−4」。","[""辨認為平方差形式 (a−b)(a＋b)。"",""套用公式得 a²−b²。"",""結果為 x²−4。 因此本題答案為「x²−4」。""]","共軛二項式相乘，中間交叉項互相抵消。","[]","","","","","","","","","","","","","","",""
"MAT-0726","數學","原創會考程度練習","","","八年級下","代數","二元一次聯立方程式消去法","中等","單題選擇","若 2x＋3y＝19 且 x＋y＝7，則 y 為多少？","4","5","6","7","1","5","","將 x＋y＝7 乘以 2 得 2x＋2y＝14；用 2x＋3y＝19 減去此式，得 y＝5。 正確答案為「5」。","[""將 x＋y＝7 乘以 2，得到 2x＋2y＝14。"",""以 2x＋3y＝19 減去 2x＋2y＝14，消去 x 後得 y＝5。"",""因此聯立方程式中的 y＝5。 因此本題答案為「5」。""]","先將方程式倍乘，讓其中一個未知數係數相同，再相減消去。","[]","","","","","","","","","","","","","","",""
"MAT-0727","數學","原創會考程度練習","","","七年級上","數與量","小數除法與切割次數","中等","單題選擇","一條長 2.4 公尺的緞帶，每段剪成 0.15 公尺，全部剪完可剪成幾段？","14","15","16","17","2","16","","每段長 0.15 公尺，段數為總長除以每段長：2.4÷0.15＝16 段。 正確答案為「16」。","[""緞帶總長為 2.4 公尺，每段長 0.15 公尺。"",""段數＝2.4÷0.15。"",""2.4÷0.15＝16 段。 因此本題答案為「16」。""]","問可分成幾段時用總長除以每段長；段數不是切口數。","[]","","","","","","","","","","","","","","",""
"MAT-0728","數學","原創會考程度練習","","","七年級下","數與量","比例尺與單位換算","中等","單題選擇","地圖上兩地相距 3 公分，實際距離為 1.2 公里。此地圖的比例尺為何？","1：25,000","1：30,000","1：40,000","1：50,000","2","1：40,000","","先把 1.2 公里換成 120,000 公分。地圖與實際距離比為 3：120,000，約分得 1：40,000。 正確答案為「1：40,000」。","[""實際距離 1.2 公里＝120,000 公分。"",""比例尺＝地圖距離：實際距離＝3：120,000。"",""兩數同除以 3，得比例尺 1：40,000。 因此本題答案為「1：40,000」。""]","求比例尺時先把地圖與實際距離化成相同單位，再將前項化為 1。","[]","","","","","","","","","","","","","","",""
"MAT-0729","數學","原創會考程度練習","","","七年級下","幾何","三角形外角定理","基礎","單題選擇","三角形的兩個內角為 45° 與 68°，第三個內角的外角是多少度？","67°","135°","157°","113°","3","113°","","外角等於兩個不相鄰內角和，因此外角＝45°＋68°＝113°。 正確答案為「113°」。","[""三角形外角定理：外角等於兩個不相鄰內角和。"",""相加 45°＋68°。"",""外角為 113°。 因此本題答案為「113°」。""]","外角定理可避免先求第三內角再作補角。","[]","","","","","","","","","","","","","","",""
"MAT-0730","數學","原創會考程度練習","","","八年級上","幾何","平行線截角","基礎","單題選擇","兩平行線被一直線所截，某一對同側內角中一角為 112°，另一角為多少度？","68°","78°","112°","248°","0","68°","","平行線的同側內角互補，另一角＝180°−112°＝68°。 正確答案為「68°」。","[""同側內角互補，兩角和為 180°。"",""另一角＝180°−112°。"",""得 68°。 因此本題答案為「68°」。""]","先辨認角的位置；同側內角互補，內錯角才相等。","[]","","","","","","","","","","","","","","",""
"MAT-0731","數學","原創會考程度練習","","","八年級上","幾何","圓周長與面積綜合","中等","單題選擇","一個圓形廣場的圓周長為 18π 公尺，廣場面積是多少平方公尺？（以 π 表示）","81π","72π","36π","18π","0","81π","","由圓周長 2πr＝18π 得半徑 r＝9 公尺；面積＝πr²＝π×9²＝81π 平方公尺。 正確答案為「81π」。","[""圓周長公式為 C＝2πr，已知 C＝18π。"",""2πr＝18π，兩邊除以 2π 得 r＝9 公尺。"",""面積＝πr²＝π×9²＝81π 平方公尺。 因此本題答案為「81π」。""]","先由周長求半徑，再代入面積公式；周長與面積不可混用。","[]","","","","","","","","","","","","","","",""
"MAT-0732","數學","原創會考程度練習","","","八年級上","統計與機率","古典機率與倍數","基礎","單題選擇","從 1 到 20 的整數中隨機抽一個，抽到 3 的倍數的機率是多少？","1/5","3/10","3/5","1/2","1","3/10","","3 的倍數有 3、6、9、12、15、18，共 6 個，機率為 6/20＝3/10。 正確答案為「3/10」。","[""1 至 20 共 20 個等可能整數。"",""3 的倍數共有 6 個。"",""機率＝6/20＝3/10。 因此本題答案為「3/10」。""]","確認 20 不是 3 的倍數，避免多算一個。","[]","","","","","","","","","","","","","","",""
"MAT-0733","數學","原創會考程度練習","","","七年級上","統計與機率","平均數與總和","基礎","單題選擇","5 筆資料的平均數為 12，這 5 筆資料的總和是多少？","50","17","60","72","2","60","","平均數＝總和÷筆數，因此總和＝12×5＝60。 正確答案為「60」。","[""由平均數公式：平均＝總和÷筆數。"",""移項得總和＝平均×筆數。"",""總和＝12×5＝60。 因此本題答案為「60」。""]","已知平均與筆數，求總量時用乘法。","[]","","","","","","","","","","","","","","",""
"MAT-0734","數學","原創會考程度練習","","","七年級上","數與量","最大公因數與輾轉相除","中等","單題選擇","用輾轉相除法求 84 與 126 的最大公因數。","21","14","63","42","3","42","","126＝84×1＋42，且 84＝42×2＋0，因此最大公因數為 42。 正確答案為「42」。","[""以較大數除以較小數：126＝84×1＋42。"",""再以 84 除以餘數 42：84＝42×2＋0。"",""最後一個非零餘數為 42，即最大公因數。 因此本題答案為「42」。""]","輾轉相除直到餘數為 0，最後一個非零餘數就是最大公因數。","[]","","","","","","","","","","","","","","",""
"MAT-0735","數學","原創會考程度練習","","","八年級下","幾何","長方體表面積","中等","單題選擇","一個長 8 公分、寬 5 公分、高 3 公分的長方體，表面積是多少平方公分？","158","94","120","240","0","158","","長方體表面積＝2(長×寬＋長×高＋寬×高)＝2(40＋24＋15)＝158 平方公分。 正確答案為「158」。","[""長方體有三組相同的對面，表面積＝2(lw＋lh＋wh)。"",""代入尺寸：2(8×5＋8×3＋5×3)。"",""表面積＝2(40＋24＋15)＝158 平方公分。 因此本題答案為「158」。""]","三組相鄰面的面積各算一次後乘 2，別漏掉高與寬所形成的側面。","[]","","","","","","","","","","","","","","",""
"MAT-0736","數學","原創會考程度練習","","","八年級上","函數","座標平面兩點距離","中等","單題選擇","座標平面上 A(2,−1)、B(6,7)，線段 AB 的長度是多少？","4√3","8","10","4√5","3","4√5","","兩點的水平差為 6−2＝4，垂直差為 7−(−1)＝8。距離＝√(4²＋8²)＝√80＝4√5。 正確答案為「4√5」。","[""水平距離＝6−2＝4，垂直距離＝7−(−1)＝8。"",""用畢氏定理求線段長：√(4²＋8²)＝√80。"",""√80＝√(16×5)＝4√5。 因此本題答案為「4√5」。""]","座標差形成直角三角形兩股；根號化簡時先找完全平方因數。","[]","","","","","","","","","","","","","","",""
"MAT-0737","數學","原創會考程度練習","","","八年級上","代數","平方方程式與正負解","中等","單題選擇","解方程式 2(x−3)²＝18，x 的所有可能值為何？","−3 或 3","0 或 3","−6 或 0","0 或 6","3","0 或 6","","兩邊除以 2 得 (x−3)²＝9，因此 x−3＝±3，解得 x＝0 或 6。 正確答案為「0 或 6」。","[""兩邊除以 2，得到 (x−3)²＝9。"",""開平方時取正、負兩種情況：x−3＝3 或 x−3＝−3。"",""解得 x＝6 或 x＝0。 因此本題答案為「0 或 6」。""]","等式兩邊開平方會有正、負兩種情況；最後逐一求出 x。","[]","","","","","","","","","","","","","","",""
"MAT-0738","數學","原創會考程度練習","","","九年級上","代數","一元二次方程式因式分解","中等","單題選擇","方程式 2x²−7x＋3＝0 的兩根為何？","1、3","1/2、3","−1/2、−3","−1、3","1","1/2、3","","因式分解為 (2x−1)(x−3)＝0，因此 x＝1/2 或 x＝3。 正確答案為「1/2、3」。","[""將 2x²−7x＋3 分組因式分解：2x²−6x−x＋3。"",""分組得 2x(x−3)−1(x−3)＝(2x−1)(x−3)。"",""令因式為 0，得 x＝1/2 或 x＝3。 因此本題答案為「1/2、3」。""]","首項係數不為 1 時，可用分組或拆中項因式分解，再套零乘積性質。","[]","","","","","","","","","","","","","","",""
"MAT-0739","數學","原創會考程度練習","","","七年級上","數與量","百分率求部分量","基礎","單題選擇","某校 800 名學生中有 15% 參加合唱團，合唱團有多少名學生？","80","120","100","150","1","120","","人數＝800×15%＝800×0.15＝120 人。 正確答案為「120」。","[""將 15% 化為小數 0.15。"",""計算 800×0.15。"",""合唱團有 120 名學生。 因此本題答案為「120」。""]","求總量的一部分，用總數乘百分率。","[]","","","","","","","","","","","","","","",""
"MAT-0740","數學","原創會考程度練習","","","七年級上","幾何","長方形邊長比、周長與面積","中等","單題選擇","一個長方形的長寬比為 5：4，周長為 72 公分。此長方形面積是多少平方公分？","288","300","320","360","2","320","","周長 72 公分表示長＋寬＝36 公分。長寬比共 5＋4＝9 份，每份 36÷9＝4 公分，長 20、寬 16，面積為 320 平方公分。 正確答案為「320」。","[""長＋寬＝周長÷2＝72÷2＝36 公分。"",""比的總份數＝5＋4＝9，每份長度＝36÷9＝4 公分；長 20、寬 16 公分。"",""面積＝20×16＝320 平方公分。 因此本題答案為「320」。""]","長加寬等於周長的一半；把這個和按比值分配後才能算面積。","[]","","","","","","","","","","","","","","",""
"MAT-0741","數學","原創會考程度練習","","","八年級上","代數","一次函數的情境應用","中等","單題選擇","一個水桶原有 80 公升的水，底部漏水速度固定為每分鐘 3 公升。漏到桶中剩 20 公升時，共經過幾分鐘？","10","15","25","20","3","20","","先求水量共減少 80−20＝60 公升，再以總漏水量除以每分鐘漏水量：60÷3＝20 分鐘。正確答案為「20」。","[""水桶起初有 80 公升，目標剩下 20 公升。"",""漏掉的水量為 80−20＝60 公升。"",""每分鐘漏 3 公升，因此時間為 60÷3＝20 分鐘。""]","先分清楚「剩餘量」與「減少量」，再用總量除以單位時間的變化量。","[]","","","","","","","","","","","","","","",""
"MAT-0742","數學","原創會考程度練習","","","八年級上","代數","一元一次不等式","中等","單題選擇","遊樂園入場費 60 元，每玩一項設施需 35 元。小安最多帶 500 元，扣除入場費後，最多能玩幾項設施？","10 項","11 項","12 項","13 項","2","12 項","","設可玩的項數為 n，須滿足 60＋35n≤500，因此 35n≤440，n≤12.57…；n 必須是整數，最多可玩 12 項。正確答案為「12 項」。","[""設設施項數為 n，總花費為 60＋35n。"",""預算限制為 60＋35n≤500，整理得 n≤440÷35＝12.57… 。"",""項數必須是整數，所以最多能玩 12 項。""]","不等式解出小數上限時，題目若問最多的整數個數，需取不超過上限的最大整數。","[]","","","","","","","","","","","","","","",""
"MAT-0743","數學","原創會考程度練習","","","七年級上","數與量","絕對值","基礎","單題選擇","計算 |−7|＋|−3|。","10","−10","−4","4","0","10","","絕對值表示與 0 的距離，|−7|＝7、|−3|＝3，因此總和為 10。 正確答案為「10」。","[""|−7|＝7。"",""|−3|＝3。"",""相加得 7＋3＝10。 因此本題答案為「10」。""]","絕對值結果不會是負數。","[]","","","","","","","","","","","","","","",""
"MAT-0744","數學","原創會考程度練習","","","九年級上","數與量","等差數列通項","中等","單題選擇","等差數列 2、5、8、…… 的第 12 項是多少？","32","36","38","35","3","35","","首項為 2、公差為 3，第 12 項＝2＋(12−1)×3＝35。 正確答案為「35」。","[""此數列首項 a₁＝2，公差 d＝3。"",""第 n 項公式為 aₙ＝a₁＋(n−1)d。"",""a₁₂＝2＋11×3＝35。 因此本題答案為「35」。""]","第 n 項從首項到第 n 項只有 n−1 次間隔。","[]","","","","","","","","","","","","","","",""
"MAT-0745","數學","原創會考程度練習","","","八年級下","幾何","畢氏定理","基礎","單題選擇","直角三角形兩股長分別為 5 公分、12 公分，斜邊長是多少公分？","13","11","12","17","0","13","","依畢氏定理，斜邊平方＝5²＋12²＝25＋144＝169，因此斜邊為 13 公分。 正確答案為「13」。","[""設斜邊為 c，則 c²＝5²＋12²。"",""計算 c²＝25＋144＝169。"",""取正平方根，c＝13 公分。 因此本題答案為「13」。""]","斜邊是直角的對邊，也是三邊中最長的一邊。","[]","","","","","","","","","","","","","","",""
"MAT-0746","數學","原創會考程度練習","","","七年級下","幾何","正方體體積與表面積","中等","單題選擇","一個正方體的體積是 216 立方公分，它的表面積是多少平方公分？","144","216","64","36","1","216","","設正方體邊長為 s，則 s³＝216，得 s＝6 公分。表面積為 6s²＝6×36＝216 平方公分。正確答案為「216」。","[""正方體體積等於邊長的三次方，因此邊長 s 滿足 s³＝216。"",""因為 6³＝216，所以邊長為 6 公分。"",""表面積＝6×邊長²＝6×6²＝216 平方公分。""]","正方體有六個全等正方形面；不要把體積的立方單位和表面積的平方單位混淆。","[]","","","","","","","","","","","","","","",""
"MAT-0747","數學","原創會考程度練習","","","八年級上","幾何","菱形面積","基礎","單題選擇","菱形的兩條對角線長分別為 10 公分與 24 公分，面積是多少平方公分？","44 平方公分","80 平方公分","120 平方公分","176 平方公分","2","120 平方公分","","菱形面積等於兩條對角線乘積的一半：10×24÷2＝120 平方公分，答案 C。","[""取菱形兩條對角線長 10 公分和 24 公分。"",""套用面積公式：對角線乘積÷2＝10×24÷2。"",""面積為 120 平方公分，選 C。""]","菱形面積用兩條對角線相乘再除以 2；不要誤用梯形的兩底和乘高公式。","[]","","","","","","","","","","","","","","",""
"MAT-0748","數學","原創會考程度練習","","","七年級下","幾何","體積流率與時間","中等","單題選擇","一個長 2 公尺、寬 1.5 公尺、高 1.2 公尺的水槽以每分鐘 0.09 立方公尺的速度注水。注滿需幾分鐘？","30","36","45","40","3","40","","水槽體積為 2×1.5×1.2＝3.6 立方公尺；以每分鐘 0.09 立方公尺注水，需 3.6÷0.09＝40 分鐘。正確答案為「40」。","[""水槽是長方體，體積＝長×寬×高＝2×1.5×1.2＝3.6 立方公尺。"",""注水速度為每分鐘 0.09 立方公尺。"",""注滿時間＝總體積÷每分鐘注水量＝3.6÷0.09＝40 分鐘。""]","流率題用總量除以單位時間的流量；注意長度單位要一致，體積單位也要對應。","[]","","","","","","","","","","","","","","",""
"MAT-0749","數學","原創會考程度練習","","","七年級上","統計與機率","中位數","基礎","單題選擇","資料 4、6、7、9、14 的中位數是多少？","7","8","9","6","0","7","","五筆資料已由小到大排列，中央第 3 筆為 7，因此中位數是 7。 正確答案為「7」。","[""共有 5 筆資料，筆數為奇數。"",""中央位置是第 (5＋1)÷2＝3 筆。"",""第 3 筆為 7，中位數是 7。 因此本題答案為「7」。""]","先排序，再依筆數找中央位置。","[]","","","","","","","","","","","","","","",""
"MAT-0750","數學","原創會考程度練習","","","九年級上","統計與機率","事件聯集機率","中等","單題選擇","從 1 至 12 的整數中隨機選一個，選到偶數或大於 9 的數的機率是多少？","1/2","7/12","2/3","3/4","1","7/12","","偶數有 6 個，大於 9 的數有 10、11、12 共 3 個，重疊的 10、12 有 2 個，符合共 6＋3−2＝7 個，機率為 7/12。 正確答案為「7/12」。","[""偶數共有 6 個；大於 9 的數有 3 個。"",""交集 10、12 共 2 個，聯集數量＝6＋3−2＝7。"",""機率＝7/12。 因此本題答案為「7/12」。""]","「或」的兩事件有交集時，要扣除重複計數。","[]","","","","","","","","","","","","","","",""
"MAT-0751","數學","原創會考程度練習","","","七年級上","數與量","折扣與原價逆推","中等","單題選擇","一件外套打八折後售價為 840 元，打折前的定價是多少元？","1,000","1,040","1,050","1,100","2","1,050","","八折表示售價是定價的 0.8 倍，因此定價＝840÷0.8＝1,050 元。正確答案為「1,050」。","[""設定價為 p 元，打八折後的售價為 0.8p。"",""依題意列式：0.8p＝840。"",""兩邊除以 0.8，得 p＝840÷0.8＝1,050 元。""]","已知折扣後售價要求原價，要除以折數，不能再乘折數。","[]","","","","","","","","","","","","","","",""
"MAT-0752","數學","原創會考程度練習","","","七年級上","數與量","比與比例的單位量應用","中等","單題選擇","調製飲料時，糖漿與水的體積比為 3：5。若要調成 2 公升飲料，需要多少毫升糖漿？","600","700","800","750","3","750","","糖漿占總份數 3÷(3＋5)＝3/8；2 公升＝2,000 毫升，所以糖漿量為 2,000×3/8＝750 毫升。正確答案為「750」。","[""糖漿與水的總份數為 3＋5＝8，糖漿占 3 份。"",""先統一單位：2 公升＝2,000 毫升。"",""糖漿量＝2,000×3/8＝750 毫升。""]","比例分配先求所求部分占總份數的比例，並確認容量單位一致。","[]","","","","","","","","","","","","","","",""
"MAT-0753","數學","原創會考程度練習","","","九年級上","數與量","整數指數律與代數式化簡","中等","單題選擇","化簡 (2³×2⁻¹)÷2⁰，結果是多少？","2","4","8","16","1","4","","同底數相乘指數相加、相除指數相減，且 2⁰＝1；故 (2³×2⁻¹)÷2⁰＝2^(3−1−0)＝2²＝4。正確答案為「4」。","[""同底數相乘時指數相加：2³×2⁻¹＝2^(3−1)＝2²。"",""除以 2⁰ 等於除以 1，因此數值不變。"",""2²＝4。""]","先統一底數，再處理乘除指數；任何非零數的零次方都是 1。","[]","","","","","","","","","","","","","","",""
"MAT-0754","數學","原創會考程度練習","","","八年級上","代數","二次方程式的面積建模","中等","單題選擇","一個長方形花圃的長比寬多 4 公尺，面積為 45 平方公尺。花圃的周長是多少公尺？","28","24","30","36","0","28","","設寬為 x 公尺，則 x(x＋4)＝45，整理得 (x−5)(x＋9)＝0。長度為正，故寬 5 公尺、長 9 公尺，周長＝2(5＋9)＝28 公尺。正確答案為「28」。","[""設花圃寬為 x 公尺，長為 x＋4 公尺，依面積列式 x(x＋4)＝45。"",""移項因式分解：x²＋4x−45＝0，即 (x−5)(x＋9)＝0；長度取正值 x＝5。"",""長為 9 公尺，周長＝2×(5＋9)＝28 公尺。""]","面積建模後可能得到正、負根；長度只能取正值，再依題目所問計算周長。","[]","","","","","","","","","","","","","","",""
"MAT-0755","數學","原創會考程度練習","","","七年級上","幾何","座標平面三角形面積","中等","單題選擇","座標平面上三角形三頂點為 A(1,2)、B(7,2)、C(4,8)，其面積是多少平方單位？","18","36","24","12","0","18","","AB 為水平底邊，長度為 7−1＝6；C 到直線 y＝2 的垂直距離為 8−2＝6。因此面積＝6×6÷2＝18 平方單位。正確答案為「18」。","[""A、B 的 y 座標相同，所以 AB 是水平底邊，長度為 7−1＝6。"",""底邊所在直線是 y＝2，C 點的 y 座標為 8，故高為 8−2＝6。"",""三角形面積＝6×6÷2＝18 平方單位。""]","座標三角形可選水平或垂直邊當底，再用另一頂點到該直線的垂直距離作高。","[]","","","","","","","","","","","","","","",""
"MAT-0756","數學","原創會考程度練習","","","八年級上","代數","一元二次方程式因式分解","中等","單題選擇","方程式 x²−5x＋6＝0 的較大解為何？","2","3","6","−2","1","3","","將二次式因式分解為 (x−2)(x−3)＝0，所以解為 2 與 3，較大解為 3。正確答案為「3」。","[""尋找乘積為 6、和為 5 的兩數，可得 2 與 3。"",""因此 x²−5x＋6＝(x−2)(x−3)。"",""令各因式為 0，得 x＝2 或 x＝3；較大解是 3。""]","問較大解時，先列出全部解再比較；因式分解後兩因式各自等於零。","[]","","","","","","","","","","","","","","",""
"MAT-0757","數學","原創會考程度練習","","","九年級上","幾何","圓柱體積與容量換算","進階","單題選擇","圓柱形水桶內半徑為 30 公分、高為 50 公分。若裝至八成滿，水量約為幾公升？（1 公升＝1,000 立方公分）","45π","36π","90π","144π","1","36π","","水桶八成容量＝0.8×π×30²×50＝36,000π 立方公分。換算為公升得 36π 公升。正確答案為「36π」。","[""圓柱總體積＝πr²h＝π×30²×50＝45,000π 立方公分。"",""裝八成滿，水體積＝0.8×45,000π＝36,000π 立方公分。"",""每 1,000 立方公分為 1 公升，所以水量為 36π 公升。""]","容量換算前先計算體積，再乘裝填比例；最後把立方公分換成公升。","[]","","","","","","","","","","","","","","",""
"MAT-0758","數學","原創會考程度練習","","","八年級上","幾何","組合圖形面積","中等","單題選擇","一塊長 12 公尺、寬 8 公尺的長方形草地，挖去一個底 4 公尺、高 6 公尺的三角形花圃後，剩餘草地面積是多少平方公尺？","72","80","84","96","2","84","","長方形面積為 12×8＝96 平方公尺；挖去的三角形面積為 4×6÷2＝12 平方公尺，剩餘 96−12＝84 平方公尺。正確答案為「84」。","[""原長方形面積＝12×8＝96 平方公尺。"",""三角形花圃面積＝4×6÷2＝12 平方公尺。"",""剩餘草地面積＝96−12＝84 平方公尺。""]","組合圖形可先算完整外框，再扣除挖去或不屬於目標的部分。","[]","","","","","","","","","","","","","","",""
"MAT-0759","數學","原創會考程度練習","","","七年級上","數與量","折扣與稅率連續計算","中等","單題選擇","一件標價 800 元的商品先打 85 折，再對折後價格加收 5% 稅金，最後應付多少元？","680","700","720","714","3","714","","折後價格為 800×0.85＝680 元；含稅應付 680×1.05＝714 元。正確答案為「714」。","[""打 85 折後價格為 800×0.85＝680 元。"",""加收 5% 稅金，需乘以 1.05。"",""最後應付＝680×1.05＝714 元。""]","折扣與稅率要依序套用在不同基準金額上，不能把百分率直接相加減。","[]","","","","","","","","","","","","","","",""
"MAT-0760","數學","原創會考程度練習","","","八年級下","幾何","長方形周長與對角線聯立","進階","單題選擇","一個長方形的周長為 34 公分，對角線長為 13 公分，較短邊長是多少公分？","5","6","7","8","0","5","","設長、寬為 a、b，則 a＋b＝17 且 a²＋b²＝169。由 (a＋b)²＝a²＋b²＋2ab 得 ab＝60，所以兩邊為方程 t²−17t＋60＝0 的根 5、12；較短邊為 5 公分。正確答案為「5」。","[""周長 34 公分，故長與寬的和為 34÷2＝17；設兩邊為 a、b，則 a＋b＝17。"",""對角線為 13，依畢氏定理 a²＋b²＝13²＝169。"",""(a＋b)²＝a²＋b²＋2ab，得 ab＝60；解 t²−17t＋60＝0 得邊長 5、12，較短邊為 5 公分。""]","同時已知兩邊和與平方和時，可用平方和公式先求乘積，再建立一元二次方程式。","[]","","","","","","","","","","","","","","",""
"MAT-0761","數學","原創會考程度練習","","","七年級上","數與量","容量單位與比例分裝","中等","單題選擇","活動準備 6 瓶果汁，每瓶 1.5 公升，全部倒入 250 毫升的紙杯，可倒滿幾杯？","30","36","42","48","1","36","","總量為 6×1.5＝9 公升＝9,000 毫升；9,000÷250＝36 杯。正確答案為「36」。","[""先求果汁總量：6×1.5＝9 公升。"",""換成毫升：9 公升＝9,000 毫升。"",""可倒滿 9,000÷250＝36 杯。""]","先乘瓶數求總容量，再統一單位後除以每杯容量。","[]","","","","","","","","","","","","","","",""
"MAT-0762","數學","原創會考程度練習","","","七年級下","代數","一元一次方程式的價格建模","中等","單題選擇","3 本相同筆記本和 2 枝每枝 12 元的筆共花 90 元。一本筆記本多少元？","18","20","22","24","2","22","","設一本筆記本為 x 元，則 3x＋2×12＝90，解得 3x＝66、x＝22 元。正確答案為「22」。","[""設一本筆記本價格為 x 元。"",""兩枝筆共 2×12＝24 元，因此 3x＋24＝90。"",""3x＝66，x＝22 元。""]","先把已知品項的總價扣除，再平均分配到同價商品。","[]","","","","","","","","","","","","","","",""
"MAT-0763","數學","原創會考程度練習","","","八年級上","函數","一次函數的費用模型","中等","單題選擇","計程車車資模型為 f(x)＝25＋15x 元，其中 x 是行駛公里數。行駛 6 公里需付多少元？","105","110","120","115","3","115","","將 x＝6 代入費用模型，f(6)＝25＋15×6＝25＋90＝115 元。正確答案為「115」。","[""模型中的固定起跳費為 25 元。"",""6 公里里程費為 15×6＝90 元。"",""總車資＝25＋90＝115 元。""]","費用模型的常數項通常代表固定費，變數係數代表每單位費用。","[]","","","","","","","","","","","","","","",""
"MAT-0764","數學","原創會考程度練習","","","八年級上","函數","一次函數由函數值求規律","中等","單題選擇","一次函數 f(x) 的圖形通過 (1,4) 與 (3,10)。若此函數為一次函數，f(5) 為何？","16","12","14","18","0","16","","x 增加 2 時，f(x) 增加 6，因此每增加 1，函數值增加 3。由 x＝3 到 x＝5 增加 2，f(5)＝10＋2×3＝16。正確答案為「16」。","[""兩點的 x 差為 3−1＝2，函數值差為 10−4＝6。"",""一次函數每增加 1 單位 x，函數值增加 6÷2＝3。"",""x 從 3 到 5 增加 2，故 f(5)＝10＋2×3＝16。""]","一次函數的變化率固定；可先用兩點求每單位變化，再延伸到目標輸入值。","[]","","","","","","","","","","","","","","",""
"MAT-0765","數學","原創會考程度練習","","","七年級上","數與量","整數除法與容量配置","中等","單題選擇","校外教學有 117 位學生，每輛遊覽車最多乘坐 28 位學生。至少需要安排幾輛車？","4 輛","5 輛","6 輛","7 輛","1","5 輛","","117÷28＝4 餘 5，4 輛只能載 112 人，還有 5 人，因此至少要 5 輛。正確答案為「5 輛」。","[""4 輛車最多可載 4×28＝112 位學生。"",""117−112＝5 位學生仍未安排。"",""還需一輛車，因此至少安排 5 輛。""]","車輛數必須是整數；有餘數時不能捨去，須再增加一輛。","[]","","","","","","","","","","","","","","",""
"MAT-0766","數學","原創會考程度練習","","","七年級上","數與量","工作效率與同時作業","中等","單題選擇","4 台相同印表機同時工作，每台每分鐘印 15 頁。印完 900 頁需幾分鐘？","10","12","15","18","2","15","","4 台每分鐘共印 4×15＝60 頁；900÷60＝15 分鐘。正確答案為「15」。","[""每分鐘總印量為 4×15＝60 頁。"",""總工作量為 900 頁。"",""所需時間＝900÷60＝15 分鐘。""]","先合併同時工作的效率，再用總工作量除以每單位時間完成量。","[]","","","","","","","","","","","","","","",""
"MAT-0767","數學","原創會考程度練習","","","八年級下","代數","一元一次方程式的票價模型","中等","單題選擇","成人票比兒童票貴 40 元，購買 2 張成人票和 3 張兒童票共 470 元。成人票每張多少元？","90","100","110","118","3","118","","設兒童票為 x 元，成人票為 x＋40 元。列式 2(x＋40)＋3x＝470，得 5x＝390、x＝78，故成人票為 118 元。正確答案為「118」。","[""設兒童票價為 x 元，成人票為 x＋40 元。"",""依總價列式：2(x＋40)＋3x＝470，整理得 5x＋80＝470。"",""解得兒童票 x＝78 元，成人票為 78＋40＝118 元。""]","依票種設未知數，先用價差表示另一票價，再代入總金額列式。","[]","","","","","","","","","","","","","","",""
"MAT-0768","數學","原創會考程度練習","","","七年級下","數與量","速率與時間單位換算","中等","單題選擇","一輛車以每小時 72 公里的固定速率行駛 35 分鐘，行駛距離是多少公里？","42","36","48","54","0","42","","35 分鐘＝35/60 小時；距離＝速率×時間＝72×35/60＝42 公里。正確答案為「42」。","[""時間要換成小時：35 分鐘＝35/60 小時。"",""距離＝速率×時間。"",""72×35/60＝42 公里。""]","用速率公式前先統一時間單位；分鐘不能直接代入以小時計的速率。","[]","","","","","","","","","","","","","","",""
"MAT-0769","數學","原創會考程度練習","","","七年級下","幾何","等腰三角形周長與邊長","中等","單題選擇","一個等腰三角形的周長為 34 公分，兩腰各長 13 公分，底邊長是多少公分？","6","8","10","12","1","8","","兩腰總長 13＋13＝26 公分，底邊長＝34−26＝8 公分。正確答案為「8」。","[""等腰三角形的兩腰各為 13 公分。"",""兩腰長度和為 13×2＝26 公分。"",""底邊長＝周長−兩腰和＝34−26＝8 公分。""]","周長是三邊總和；先扣除兩腰，再得到底邊長。","[]","","","","","","","","","","","","","","",""
"MAT-0770","數學","原創會考程度練習","","","八年級上","幾何","圓環面積與面積差","中等","單題選擇","圓形花圃半徑為 5 公尺，外圍鋪設寬 2 公尺的同心圓步道。步道面積是多少平方公尺？以 π 表示。","18π","20π","24π","28π","2","24π","","步道外半徑為 5＋2＝7 公尺；步道面積＝π(7²−5²)＝π(49−25)＝24π 平方公尺。正確答案為「24π」。","[""外圓半徑＝花圃半徑＋步道寬＝5＋2＝7 公尺。"",""外圓與花圃面積分別為 49π 與 25π 平方公尺。"",""步道面積＝49π−25π＝24π 平方公尺。""]","圓環面積是外圓面積減內圓面積，步道寬需加到內半徑才是外半徑。","[]","","","","","","","","","","","","","","",""
"MAT-0771","數學","原創會考程度練習","","","九年級上","統計與機率","不放回抽取與互斥事件","中等","單題選擇","袋中有 3 顆白球、2 顆黑球，不放回連取兩顆。兩顆顏色不同的機率是多少？","1/5","4/5","2/5","3/5","3","3/5","","不同色有白後黑或黑後白，機率為 (3/5×2/4)＋(2/5×3/4)＝12/20＝3/5。 正確答案為「3/5」。","[""白後黑機率＝3/5×2/4＝3/10。"",""黑後白機率＝2/5×3/4＝3/10。"",""兩種順序互斥，相加得 3/5。 因此本題答案為「3/5」。""]","不同色包含兩種先後順序，且抽取不放回。","[]","","","","","","","","","","","","","","",""
"MAT-0772","數學","原創會考程度練習","","","七年級上","統計與機率","平均數與未知資料","中等","單題選擇","五次小考的平均分數為 84 分，其中四次分數總和為 330 分。第五次考幾分？","90","88","85","92","0","90","","五次總分應為 84×5＝420 分；第五次分數為 420−330＝90 分。正確答案為「90」。","[""由平均數反推五次總分：84×5＝420 分。"",""四次已知分數合計 330 分。"",""第五次分數＝420−330＝90 分。""]","已知平均與筆數時，先乘回總和，再扣除已知資料。","[]","","","","","","","","","","","","","","",""
"MAT-0773","數學","原創會考程度練習","","","九年級上","代數","因式分解解二次方程與倒數和","進階","單題選擇","方程式 x²＋2x−15＝0 的兩根為 α、β，則 1/α＋1/β 為何？","−2/15","1/15","2/15","−1/3","2","2/15","","先因式分解 x²＋2x−15＝(x＋5)(x−3)，所以兩根為 −5、3。倒數和為 −1/5＋1/3＝−3/15＋5/15＝2/15。正確答案為「2/15」。","[""因式分解：x²＋2x−15＝(x＋5)(x−3)，得根 −5、3。"",""代入倒數和：1/(−5)＋1/3＝−1/5＋1/3。"",""通分得 −3/15＋5/15＝2/15。""]","先用國中因式分解求出兩根，再計算倒數；負根的倒數仍為負數。","[]","","","","","","","","","","","","","","",""
"MAT-0774","數學","原創會考程度練習","","","八年級上","幾何","四邊形分割與三角形面積","中等","單題選擇","四邊形沿一條對角線分成兩個三角形。共同底邊長 9 公分，兩頂點到此底邊的高分別為 4 公分與 8 公分，四邊形面積是多少平方公分？","48","54","60","72","1","54","","四邊形面積為兩個三角形面積和：9×4÷2＋9×8÷2＝18＋36＝54 平方公分。正確答案為「54」。","[""以共同對角線為底，第一個三角形面積＝9×4÷2＝18 平方公分。"",""第二個三角形面積＝9×8÷2＝36 平方公分。"",""四邊形面積＝18＋36＝54 平方公分。""]","任意四邊形可沿對角線分成兩三角形，面積相加；兩個高分別對應同一底邊。","[]","","","","","","","","","","","","","","",""
"MAT-0775","數學","原創會考程度練習","","","八年級上","函數","一次函數反求自變數","中等","單題選擇","直線 y＝−3x＋8 上有一點的 y 座標為 −4，該點的 x 座標是多少？","2","−4","6","4","3","4","","令 y＝−4，得 −4＝−3x＋8，故 −3x＝−12，x＝4。正確答案為「4」。","[""將已知的 y 座標 −4 代入：−4＝−3x＋8。"",""兩邊減 8，得 −12＝−3x。"",""兩邊除以 −3，x＝4。""]","反求自變數時要解一元一次方程式；除以負數不涉及不等號方向變化。","[]","","","","","","","","","","","","","","",""
"MAT-0776","數學","原創會考程度練習","","","九年級上","數與量","根式方程與定義域","中等","單題選擇","若 √(x＋9)＝5，x 等於多少？","12","14","18","16","3","16","","兩邊平方得 x＋9＝25，所以 x＝16；且 x＋9＝25 為非負數，符合根式定義。正確答案為「16」。","[""兩邊平方：x＋9＝5²＝25。"",""等式兩邊減 9，得 x＝16。"",""檢查 √(16＋9)＝√25＝5，符合原式。""]","平方後要代回原式檢查，並確認根號內的值非負。","[]","","","","","","","","","","","","","","",""
"MAT-0777","數學","原創會考程度練習","","","七年級上","數與量","連續比例求部分量","中等","單題選擇","某校有 240 位學生，其中 30% 參加科展社；科展社學生中有三分之一負責海報。負責海報的學生有幾人？","18","20","24","30","2","24","","科展社有 240×30%＝72 人，其中三分之一負責海報，所以 72÷3＝24 人。正確答案為「24」。","[""科展社人數＝240×0.3＝72 人。"",""海報組占科展社的三分之一。"",""海報組人數＝72÷3＝24 人。""]","連續取部分時要逐層套用比例，第二個分率的基準是第一步求出的子群體。","[]","","","","","","","","","","","","","","",""
"MAT-0778","數學","原創會考程度練習","","","八年級上","幾何","座標平面兩點距離與畢氏定理","中等","單題選擇","座標平面上 P(−2,3)、Q(4,11) 的距離是多少單位？","8","12","6","10","3","10","","水平差為 4−(−2)＝6，垂直差為 11−3＝8；距離＝√(6²＋8²)＝√100＝10 單位。正確答案為「10」。","[""水平座標差為 4−(−2)＝6。"",""垂直座標差為 11−3＝8。"",""依畢氏定理，PQ＝√(6²＋8²)＝10。""]","兩點斜向距離要同時考慮水平差、垂直差，再使用畢氏定理。","[]","","","","","","","","","","","","","","",""
"MAT-0779","數學","原創會考程度練習","","","八年級上","數與量","混合液濃度與比例","進階","單題選擇","500 毫升的糖水中，糖占總體積的 20%。加入 100 毫升純水後，糖占新溶液的比例是多少？","1/6","1/5","1/4","1/3","0","1/6","","原有糖量為 500×20%＝100 毫升。加水不改變糖量，總液量變為 600 毫升，因此糖占 100/600＝1/6。正確答案為「1/6」。","[""原糖量＝500×20%＝100 毫升。"",""加水後總液量為 500＋100＝600 毫升，糖量仍為 100 毫升。"",""糖的比例＝100/600＝1/6。""]","稀釋只增加溶液總量，不改變溶質量；濃度要用新的總量作分母。","[]","","","","","","","","","","","","","","",""
"MAT-0780","數學","原創會考程度練習","","","八年級下","幾何","正方形對角線與周長","中等","單題選擇","一個正方形的對角線長為 10 公分，其周長是多少公分？","10√2","20√2","25√2","40√2","1","20√2","","設邊長為 s，對角線關係為 10²＝2s²，故 s＝10/√2＝5√2 公分；周長＝4s＝20√2 公分。正確答案為「20√2」。","[""正方形對角線與兩邊形成等腰直角三角形，因此 10²＝2s²。"",""解得邊長 s²＝50，s＝√50＝5√2 公分。"",""周長＝4×5√2＝20√2 公分。""]","由邊長平方得 50 後仍須開平方取邊長，再乘 4 求周長。","[]","","","","","","","","","","","","","","",""
"MAT-0781","數學","原創會考程度練習","","","七年級上","數與量","分數減法與剩餘量","中等","單題選擇","水桶原來裝滿水的 3/4，接著倒出相當於整桶容量 1/6 的水。桶中還剩整桶容量的幾分之幾？","1/2","5/12","7/12","2/3","2","7/12","","以整桶容量為單位，剩餘量為 3/4−1/6＝9/12−2/12＝7/12。正確答案為「7/12」。","[""倒水前有整桶的 3/4，倒出的水相當於整桶的 1/6。"",""通分：3/4−1/6＝9/12−2/12。"",""剩下 7/12 桶。""]","分率題要確認各分率都以同一個整體為基準，再通分相減。","[]","","","","","","","","","","","","","","",""
"MAT-0782","數學","原創會考程度練習","","","七年級上","數與量","百分率與子群體比例","中等","單題選擇","某校有 600 位學生，其中 75% 完成問卷；完成問卷者中有 40% 偏好搭公車。偏好搭公車的學生有幾位？","120","150","160","180","3","180","","完成問卷有 600×75%＝450 人；其中 40% 偏好公車，為 450×40%＝180 人。正確答案為「180」。","[""完成問卷人數＝600×0.75＝450 人。"",""偏好搭公車者占完成問卷者的 40%。"",""人數＝450×0.4＝180 位。""]","第二個百分率以完成問卷的子群體為基準，不是直接乘全校人數。","[]","","","","","","","","","","","","","","",""
"MAT-0783","數學","原創會考程度練習","","","七年級下","代數","一元一次方程式與方案比較","中等","單題選擇","手機方案甲月租 120 元，每使用 1 GB 加收 8 元；方案乙月租 60 元，每 GB 加收 12 元。使用多少 GB 時兩方案費用相同？","15 GB","12 GB","10 GB","18 GB","0","15 GB","","設使用 x GB，令兩方案費用相等：120＋8x＝60＋12x，得 60＝4x，x＝15 GB。正確答案為「15 GB」。","[""設使用量為 x GB，方案甲費用為 120＋8x，方案乙為 60＋12x。"",""費用相同時 120＋8x＝60＋12x，移項得 60＝4x。"",""解得 x＝15 GB。""]","方案比較要令兩個總費用相等，固定月租與每單位費用分別建模。","[]","","","","","","","","","","","","","","",""
"MAT-0784","數學","原創會考程度練習","","","八年級上","數與量","指數律與運算順序","中等","單題選擇","計算 (3²−1)÷4＋2⁰。","2","3","4","5","1","3","","先算括號：3²−1＝8；8÷4＝2，且 2⁰＝1，故結果為 2＋1＝3。正確答案為「3」。","[""先算次方與括號：3²−1＝9−1＝8。"",""再除以 4：8÷4＝2。"",""2⁰＝1，最後 2＋1＝3。""]","遵守括號、次方、乘除、加減的順序；非零數的零次方等於 1。","[]","","","","","","","","","","","","","","",""
"MAT-0785","數學","原創會考程度練習","","","八年級上","數與量","時間區間與分鐘換算","中等","單題選擇","活動從上午 9 時 50 分開始，包含三段各 25 分鐘的課程，兩段課程之間各休息 10 分鐘。活動何時結束？","上午 11 時 15 分","上午 11 時 20 分","上午 11 時 25 分","上午 11 時 30 分","2","上午 11 時 25 分","","課程共 3×25＝75 分鐘，兩次休息共 2×10＝20 分鐘，總長 95 分鐘。9:50 加 1 小時 35 分為上午 11:25。正確答案為「上午 11 時 25 分」。","[""三段課程共 25×3＝75 分鐘。"",""兩段中間休息共 10×2＝20 分鐘，活動總長 95 分鐘。"",""9:50＋95 分鐘＝11:25。""]","三段活動之間只有兩個休息區間；分鐘累加超過 60 時要換算成小時。","[]","","","","","","","","","","","","","","",""
"MAT-0786","數學","原創會考程度練習","","","九年級上","幾何","凸多邊形對角線數","中等","單題選擇","凸八邊形可畫出幾條不相鄰頂點間的對角線？","16","24","28","20","3","20","","n 邊形對角線數為 n(n−3)/2；八邊形有 8×5÷2＝20 條。 正確答案為「20」。","[""每個頂點可連到 n−3 個不相鄰頂點。"",""八邊形共有 8×(8−3) 條連線，但每條被兩端各計一次。"",""對角線數＝8×5÷2＝20 條。 因此本題答案為「20」。""]","公式除以 2 是因為每條對角線會從兩端重複計數。","[]","","","","","","","","","","","","","","",""
"MAT-0787","數學","原創會考程度練習","","","七年級下","幾何","面積與部分比例","中等","單題選擇","平行四邊形花圃底長 11 公尺、對應高 6 公尺，其中 1/3 種花，其餘鋪草皮。草皮面積是多少平方公尺？","44","22","33","66","0","44","","花圃總面積為 11×6＝66 平方公尺，草皮占 1−1/3＝2/3，因此草皮面積為 66×2/3＝44 平方公尺。正確答案為「44」。","[""花圃總面積＝底×對應高＝11×6＝66 平方公尺。"",""草皮占總面積的 1−1/3＝2/3。"",""草皮面積＝66×2/3＝44 平方公尺。""]","先求完整圖形面積，再乘上目標部分所占比例；草皮比例是未種花的部分。","[]","","","","","","","","","","","","","","",""
"MAT-0788","數學","原創會考程度練習","","","七年級下","幾何","表面積與單位面積成本","中等","單題選擇","一個長 5 公分、寬 3 公分、高 4 公分的長方體盒子，外表每平方公分塗料需 3 元。塗滿盒子外表需多少元？","270","282","300","312","1","282","","表面積＝2(5×3＋5×4＋3×4)＝94 平方公分；塗料費＝94×3＝282 元。正確答案為「282」。","[""三組不同面的面積為 15、20、12 平方公分，各有一對相對面。"",""表面積＝2(15＋20＋12)＝94 平方公分。"",""塗料費＝94×3＝282 元。""]","先求六個面的總面積，再乘每平方公分單價；面積單位要與單價一致。","[]","","","","","","","","","","","","","","",""
"MAT-0789","數學","原創會考程度練習","","","八年級上","統計與機率","不放回抽取的古典機率","中等","單題選擇","袋中有 4 顆紅球和 3 顆藍球，不放回連取兩顆。兩顆都為藍球的機率是多少？","1/14","2/7","1/7","3/7","2","1/7","","第一顆藍球機率為 3/7；取出一顆藍球後剩 2 顆藍球、共 6 顆，第二顆藍球機率為 2/6。相乘得 3/7×2/6＝1/7。正確答案為「1/7」。","[""第一抽抽中藍球的機率為 3/7。"",""不放回抽出一顆藍球後，袋中尚有 2 顆藍球與 6 顆球。"",""兩抽皆藍的機率＝3/7×2/6＝1/7。""]","不放回時第二次抽取的總數與符合條件數都要更新。","[]","","","","","","","","","","","","","","",""
"MAT-0790","數學","原創會考程度練習","","","七年級上","統計與機率","資料範圍與極差","中等","單題選擇","某週七天的最高溫紀錄為 24、27、25、30、29、26、28°C。這週最高溫的極差是多少度？","4°C","5°C","7°C","6°C","3","6°C","","極差＝最大值−最小值＝30−24＝6°C。正確答案為「6°C」。","[""先找一週紀錄中的最大值 30°C。"",""最小值為 24°C。"",""極差＝最大值−最小值＝30−24＝6°C。""]","極差只看最大值和最小值，不是平均數，也不是逐日溫差的總和。","[]","","","","","","","","","","","","","","",""
"MAT-0791","數學","原創會考程度練習","","","八年級上","代數","一次函數的固定費建模","中等","單題選擇","共享單車費用依騎乘時間 x 分鐘計算，模型為 y＝2x＋b 元。騎 3 分鐘共付 10 元，固定解鎖費 b 是多少元？","4","2","6","10","0","4","","將 x＝3、y＝10 代入費用模型：10＝2×3＋b，因此 b＝10−6＝4 元。正確答案為「4」。","[""3 分鐘的計時費為 2×3＝6 元。"",""總費用 10 元包含計時費及固定解鎖費。"",""固定費 b＝10−6＝4 元。""]","一次函數常數項可表示固定費；先計算變動費，再由總額扣除。","[]","","","","","","","","","","","","","","",""
"MAT-0792","數學","原創會考程度練習","","","八年級上","代數","預算限制與最大整數解","中等","單題選擇","一份材料費固定 25 元，每個作品另需 8 元材料。若預算不超過 100 元，最多能製作幾個作品？","8 個","10 個","11 個","9 個","3","9 個","","設作品數為 n，25＋8n≤100，故 n≤75/8＝9.375。n 為整數，最多製作 9 個。正確答案為「9 個」。","[""設製作 n 個作品，總支出為 25＋8n。"",""預算限制為 25＋8n≤100，整理得 n≤75/8＝9.375。"",""作品數須為整數，因此最大值是 9 個。""]","求最多可完成的整數件數時，若上限不是整數要向下取整。","[]","","","","","","","","","","","","","","",""
"MAT-0793","數學","原創會考程度練習","","","八年級上","幾何","組合面積與單位成本","中等","單題選擇","一間長 9 公尺、寬 7 公尺的房間，扣除一塊長 3 公尺、寬 4 公尺的固定櫃體底面後，其餘地面以每平方公尺 12 元的材料鋪設，共需多少元？","600","612","624","630","1","612","","可鋪地面積＝9×7−3×4＝63−12＝51 平方公尺；費用＝51×12＝612 元。正確答案為「612」。","[""房間地面積為 9×7＝63 平方公尺。"",""固定櫃體占地為 3×4＝12 平方公尺，可鋪面積為 63−12＝51 平方公尺。"",""鋪設費用＝51×12＝612 元。""]","先扣除不鋪設的區域，再用可施工面積乘每平方公尺單價。","[]","","","","","","","","","","","","","","",""
"MAT-0794","數學","原創會考程度練習","","","八年級上","幾何","平行四邊形面積與高","中等","單題選擇","一個平行四邊形面積為 80 平方公分，底邊長 10 公分；若將底邊改為 14 公分且高維持不變，新面積為多少平方公分？","96","104","112","120","2","112","","原高為 80÷10＝8 公分。新底長 14 公分且高不變，新面積＝14×8＝112 平方公分。正確答案為「112」。","[""由面積＝底×高，原高＝80÷10＝8 公分。"",""延長底邊後，高維持 8 公分，新底長為 14 公分。"",""新面積＝14×8＝112 平方公分。""]","同一平行線間的高不因底邊延長而改變；新面積只需使用新底長乘原高。","[]","","","","","","","","","","","","","","",""
"MAT-0795","數學","原創會考程度練習","","","七年級上","數與量","連續折扣與稅額","中等","單題選擇","原價 800 元的商品先打 75 折，再對折後售價加收 8% 稅金，最後應付多少元？","600","620","640","648","3","648","","折後價＝800×0.75＝600 元；含稅總額＝600×1.08＝648 元。正確答案為「648」。","[""打折後售價＝800×0.75＝600 元。"",""稅金以折後價計，稅額＝600×0.08＝48 元。"",""應付總額＝600＋48＝648 元。""]","題目明示稅金按折後價格計算，應先算折扣，再計稅。","[]","","","","","","","","","","","","","","",""
"MAT-0796","數學","原創會考程度練習","","","八年級上","幾何","多邊形內角和與未知角","中等","單題選擇","一個六邊形的五個內角為 110°、125°、130°、115°、80°，第六個內角是多少度？","160°","140°","150°","170°","0","160°","","六邊形內角和為 (6−2)×180°＝720°；已知五角和為 560°，故第六角為 720°−560°＝160°。正確答案為「160°」。","[""六邊形內角和＝(6−2)×180°＝720°。"",""已知五角和＝110°＋125°＋130°＋115°＋80°＝560°。"",""第六角＝720°−560°＝160°。""]","先求多邊形總內角和，再減去已知各角；不要把正多邊形的等角條件套到不規則圖形。","[]","","","","","","","","","","","","","","",""
"MAT-0797","數學","原創會考程度練習","","","八年級上","統計與機率","等可能結果與複合事件","中等","單題選擇","公平硬幣連擲兩次，至少出現一次正面的機率是多少？","1/4","3/4","1/2","1","1","3/4","","兩次擲幣共有 HH、HT、TH、TT 四種等可能結果；至少一次正面有前三種，機率為 3/4。正確答案為「3/4」。","[""兩次擲幣的等可能結果為 HH、HT、TH、TT。"",""至少一次正面包含 HH、HT、TH，共 3 種。"",""機率＝3/4。""]","「至少一次」可用補事件計算：1−兩次都反面；或列出完整樣本空間。","[]","","","","","","","","","","","","","","",""
"MAT-0798","數學","原創會考程度練習","","","七年級下","代數","一元一次方程式的費用建模","中等","單題選擇","停車場收取 20 元入場費，之後每小時 5 元。若停車總費用為 55 元，停了幾小時？","5 小時","6 小時","8 小時","7 小時","3","7 小時","","設停車 x 小時，費用為 20＋5x＝55，故 5x＝35，x＝7 小時。正確答案為「7 小時」。","[""設停車時間為 x 小時，總費用為 20＋5x。"",""列式 20＋5x＝55，扣除入場費後得 5x＝35。"",""x＝35÷5＝7 小時。""]","固定入場費不乘停車時數，只有每小時費率乘時數。","[]","","","","","","","","","","","","","","",""
"MAT-0799","數學","原創會考程度練習","","","九年級上","幾何","相似形面積比與邊長比","中等","單題選擇","兩個相似三角形的對應邊長比（小：大）為 3：5。小三角形面積為 27 平方公分，大三角形面積是多少平方公分？","45","60","75","90","2","75","","相似圖形面積比等於對應邊比的平方，即小：大＝3²：5²＝9：25；大三角形面積＝27×25/9＝75 平方公分。正確答案為「75」。","[""邊長比小：大為 3：5，因此面積比為 3²：5²＝9：25。"",""小三角形面積的 9 份代表 27 平方公分，每份為 3 平方公分。"",""大三角形面積為 25×3＝75 平方公分。""]","相似形面積按相似比平方放大，不能直接用邊長比放大面積。","[]","","","","","","","","","","","","","","",""
"MAT-0800","數學","原創會考程度練習","","","八年級上","幾何","座標反射與平移的複合變換","中等","單題選擇","點 (−3,2) 先對 y 軸反射，再向右平移 5 單位、向下平移 3 單位。最後座標為何？","(−8,−1)","(8,5)","(2,−1)","(8,−1)","3","(8,−1)","","對 y 軸反射使 x 座標變號，(−3,2) 變為 (3,2)；再右移 5、下移 3，得到 (3＋5,2−3)＝(8,−1)。正確答案為「(8,−1)」。","[""對 y 軸反射：x 變號，點成為 (3,2)。"",""向右平移 5：x 座標變為 3＋5＝8。"",""向下平移 3：y 座標變為 2−3＝−1，最後為 (8,−1)。""]","先做反射再做平移；向右使 x 增加，向下使 y 減少。","[]","","","","","","","","","","","","","","",""
"MAT-0801","數學","原創會考程度練習","","","七年級上","數與量","連續分數分配與剩餘量","中等","單題選擇","學校有 360 本筆記本，先將其中 3/4 發給七年級，再將剩下的 2/5 發給八年級。最後還剩幾本？","54","72","90","108","0","54","","七年級領走 360×3/4＝270 本，剩 90 本；八年級領走剩餘的 90×2/5＝36 本，最後剩 90−36＝54 本。正確答案為「54」。","[""七年級領取 360×3/4＝270 本，剩下 360−270＝90 本。"",""八年級領取的是剩餘本數的 2/5：90×2/5＝36 本。"",""最後剩 90−36＝54 本。""]","每次分數的基準可能不同；第二次是剩餘量的分率，不是原始總量。","[]","","","","","","","","","","","","","","",""
"MAT-0802","數學","原創會考程度練習","","","七年級上","數與量","百分率稅額與多件總價","中等","單題選擇","一件商品未稅價 800 元，需加計 5% 稅額。購買 3 件相同商品，含稅總價是多少元？","2400","2520","2525","2640","1","2520","","單件含稅價＝800×1.05＝840 元；3 件總價＝840×3＝2,520 元。正確答案為「2,520」。","[""單件稅額＝800×0.05＝40 元。"",""單件含稅價＝800＋40＝840 元。"",""3 件含稅總價＝840×3＝2,520 元。""]","先求單件含稅價或先加總未稅價再計稅都可，兩種方法應得到相同總額。","[]","","","","","","","","","","","","","","",""
"MAT-0803","數學","原創會考程度練習","","","七年級上","數與量","分段旅程的平均速率","中等","單題選擇","一段 60 公里的路程以每小時 40 公里行駛，接著另一段 60 公里以每小時 60 公里行駛。全程平均速率是多少公里／小時？","45","50","48","52","2","48","","兩段各 60 公里，所需時間分別為 60÷40＝1.5 小時及 60÷60＝1 小時；總路程 120 公里、總時間 2.5 小時，平均速率＝120÷2.5＝48 公里／小時。正確答案為「48」。","[""第一段時間＝60÷40＝1.5 小時；第二段時間＝60÷60＝1 小時。"",""總路程＝60＋60＝120 公里，總時間＝1.5＋1＝2.5 小時。"",""平均速率＝總路程÷總時間＝120÷2.5＝48 公里／小時。""]","平均速率必須用總路程除以總時間；不同路段速率不能直接取算術平均。","[]","","","","","","","","","","","","","","",""
"MAT-0804","數學","原創會考程度練習","","","七年級上","幾何","長方形面積與鋪面材料數量","中等","單題選擇","長 15 公尺、周長 50 公尺的長方形地板要鋪正方形磁磚，每片邊長 0.5 公尺。忽略切割與縫隙，至少需要幾片磁磚？","500 片","550 片","650 片","600 片","3","600 片","","寬＝50÷2−15＝10 公尺，地板面積＝15×10＝150 平方公尺。每片磁磚面積＝0.5²＝0.25 平方公尺，所需片數＝150÷0.25＝600 片。正確答案為「600 片」。","[""周長一半為 50÷2＝25 公尺，故長與寬的和是 25；寬＝25−15＝10 公尺。"",""地板面積＝15×10＝150 平方公尺；每片磁磚面積＝0.5×0.5＝0.25 平方公尺。"",""需要 150÷0.25＝600 片磁磚。""]","先由周長求另一邊，再用總面積除以單片面積；公尺平方與磁磚面積單位需一致。","[]","","","","","","","","","","","","","","",""
"MAT-0805","數學","原創會考程度練習","","","七年級下","代數","預算限制與最大整數解","中等","單題選擇","製作活動名牌需先付印刷設定費 20 元，每張名牌另需 5 元。預算 55 元最多能製作幾張？","7 張","6 張","8 張","9 張","0","7 張","","設名牌張數為 n，20＋5n≤55，因此 n≤35÷5＝7，最多可製作 7 張。正確答案為「7 張」。","[""設製作 n 張，總花費＝20＋5n。"",""預算限制為 20＋5n≤55，整理得 5n≤35。"",""n≤7，因此最多製作 7 張。""]","固定設定費只付一次；張數必須為整數，並確認不超出預算。","[]","","","","","","","","","","","","","","",""
"MAT-0806","數學","原創會考程度練習","","","七年級上","數與量","比與比例分配","基礎","單題選擇","果汁濃縮液與水的體積比為 2：7，調成 450 毫升飲料時要加多少毫升水？","100","350","300","250","1","350","","總份數 2＋7＝9，每份 450÷9＝50 毫升；水占 7 份，需 7×50＝350 毫升。 正確答案為「350」。","[""比的總份數＝2＋7＝9。"",""每份容量＝450÷9＝50 毫升。"",""水量＝7×50＝350 毫升。 因此本題答案為「350」。""]","總量是濃縮液與水的合計，求水量須取 7 份。","[]","","","","","","","","","","","","","","",""
"MAT-0807","數學","原創會考程度練習","","","七年級上","數與量","百分率與單利情境","中等","單題選擇","本金 5000 元以年利率 2% 存 3 年，若按單利計算，利息是多少元？","100","200","300","5300","2","300","","單利利息＝本金×年利率×年數＝5000×0.02×3＝300 元。 正確答案為「300」。","[""年利率 2%＝0.02。"",""單利利息＝5000×0.02×3。"",""利息為 300 元。 因此本題答案為「300」。""]","單利每年都以原本金計息，不將利息併入本金。","[]","","","","","","","","","","","","","","",""
"MAT-0808","數學","原創會考程度練習","","","八年級上","代數","一次函數代值","基礎","單題選擇","若 y＝−x＋4，當 x＝−3 時，y 為多少？","1","−7","7","−1","2","7","","代入 x＝−3，y＝−(−3)＋4＝3＋4＝7。 正確答案為「7」。","[""將 x＝−3 代入：y＝−(−3)＋4。"",""負負得正，故 y＝3＋4。"",""y＝7。 因此本題答案為「7」。""]","代入負數時要使用括號，注意負號相乘。","[]","","","","","","","","","","","","","","",""
"MAT-0809","數學","原創會考程度練習","","","九年級","統計與機率","獨立試驗與複合機率","中等","單題選擇","公平硬幣擲一次並擲公平六面骰一次，結果為「硬幣正面且骰子點數大於 4」的機率是多少？","1/2","1/3","1/4","1/6","3","1/6","","硬幣正面機率為 1/2；骰子大於 4 的點數為 5、6，機率為 2/6＝1/3。兩試驗獨立，相乘得 1/2×1/3＝1/6。正確答案為「1/6」。","[""硬幣正面機率＝1/2。"",""骰子點數大於 4 有 5、6 兩種，機率＝2/6＝1/3。"",""兩個獨立條件同時發生，機率＝1/2×1/3＝1/6。""]","硬幣與骰子是獨立試驗；「且」事件的機率相乘，先分別求各自機率。","[]","","","","","","","","","","","","","","",""
"MAT-0810","數學","原創會考程度練習","","","七年級上","統計與機率","加權平均數與合併資料","中等","單題選擇","甲班 20 人的數學平均為 78 分，乙班 30 人的平均為 84 分。兩班合併後 50 人的平均分數是多少？","81.6 分","80 分","82 分","83 分","0","81.6 分","","甲班總分 20×78＝1,560，乙班總分 30×84＝2,520；合計 4,080 分，平均為 4,080÷50＝81.6 分。正確答案為「81.6 分」。","[""甲班總分＝20×78＝1,560 分，乙班總分＝30×84＝2,520 分。"",""兩班總分＝1,560＋2,520＝4,080 分，總人數 20＋30＝50 人。"",""合併平均＝4,080÷50＝81.6 分。""]","合併不同人數群體不能直接平均兩班平均數，須先還原各班總分再除總人數。","[]","","","","","","","","","","","","","","",""
"MAT-0811","數學","原創會考程度練習","","","八年級上","代數","平方根與方程式","基礎","單題選擇","方程式 x²−9＝0 的解為何？","只有 3","只有 −3","3 或 −3","0 或 9","2","3 或 −3","","x²＝9，因此 x＝3 或 x＝−3，兩者平方皆為 9。 正確答案為「3 或 −3」。","[""移項得 x²＝9。"",""9 的平方根為 ±3。"",""解為 x＝3 或 −3。 因此本題答案為「3 或 −3」。""]","二次方程式解平方時要同時檢查正、負根。","[]","","","","","","","","","","","","","","",""
"MAT-0812","數學","原創會考程度練習","","","八年級上","幾何","正多邊形外角","基礎","單題選擇","正八邊形的一個外角是多少度？","30°","45°","40°","60°","1","45°","","任意凸多邊形外角和為 360°；正八邊形各外角相等，每個為 360°÷8＝45°。 正確答案為「45°」。","[""正八邊形有 8 個相等外角。"",""外角和為 360°。"",""每個外角＝360°÷8＝45°。 因此本題答案為「45°」。""]","正多邊形的每個外角可用 360° 除以邊數。","[]","","","","","","","","","","","","","","",""
"MAT-0813","數學","原創會考程度練習","","","九年級","統計與機率","事件交集與補事件","中等","單題選擇","某社團 25 人中有 14 人會下棋、11 人會打桌球，6 人兩者都會。兩種都不會的有幾人？","0","4","6","8","2","6","","至少會一項者＝14＋11−6＝19 人，兩種都不會者＝25−19＝6 人。 正確答案為「6」。","[""至少會一項的人數＝14＋11−6，交集扣除一次。"",""至少會一項共 19 人。"",""兩種皆不會＝25−19＝6 人。 因此本題答案為「6」。""]","留意題目問兩種都不會，要從總人數扣聯集。","[]","","","","","","","","","","","","","","",""
"MAT-0814","數學","原創會考程度練習","","","九年級上","代數","二次三項式因式分解","中等","單題選擇","將 x²＋7x＋12 因式分解。","(x−3)(x−4)","(x＋2)(x＋6)","(x−2)(x−6)","(x＋3)(x＋4)","3","(x＋3)(x＋4)","","尋找乘積為 12、和為 7 的兩數 3 與 4，因此 x²＋7x＋12＝(x＋3)(x＋4)。 正確答案為「(x＋3)(x＋4)」。","[""常數項 12 的因數中，3 與 4 相乘為 12。"",""3＋4＝7，符合一次項係數。"",""因式分解為 (x＋3)(x＋4)。 因此本題答案為「(x＋3)(x＋4)」。""]","檢查兩數乘積等於常數項、和等於 x 項係數。","[]","","","","","","","","","","","","","","",""
"MAT-0815","數學","原創會考程度練習","","","八年級上","幾何","圓周長與輪子轉動距離","中等","單題選擇","半徑 5 公分的圓輪在地面上不打滑地轉動 3 圈，前進距離是多少公分？以 π 表示。","10π","15π","20π","30π","3","30π","","圓輪每轉一圈前進一個圓周長 2π×5＝10π 公分；轉 3 圈前進 3×10π＝30π 公分。正確答案為「30π」。","[""輪子轉一圈前進的距離等於圓周長。"",""圓周長＝2πr＝2π×5＝10π 公分。"",""轉 3 圈的距離＝3×10π＝30π 公分。""]","不打滑時，轉動圈數乘圓周長就是前進距離；注意半徑與直徑勿混用。","[]","","","","","","","","","","","","","","",""
"MAT-0816","數學","原創會考程度練習","","","八年級上","統計與機率","古典機率與倍數","基礎","單題選擇","從 1 至 12 的整數中隨機選一個，選到 4 的倍數的機率是多少？","1/4","1/6","1/3","1/2","0","1/4","","4 的倍數為 4、8、12，共 3 個，機率為 3/12＝1/4。 正確答案為「1/4」。","[""列出範圍內 4 的倍數：4、8、12。"",""符合者 3 個，總數 12 個。"",""機率＝3/12＝1/4。 因此本題答案為「1/4」。""]","封閉範圍內需包含端點 12。","[]","","","","","","","","","","","","","","",""
"MAT-0817","數學","原創會考程度練習","","","八年級上","幾何","座標平移","基礎","單題選擇","若點 (2,−1) 向下平移 4 單位，平移後座標為何？","(2,3)","(2,−5)","(−2,−1)","(6,−1)","1","(2,−5)","","向下平移 4 單位表示 y 座標減 4，x 不變，得 (2,−1−4)＝(2,−5)。 正確答案為「(2,−5)」。","[""垂直平移不改變 x 座標。"",""向下 4 單位使 y 由 −1 變成 −5。"",""新座標為 (2,−5)。 因此本題答案為「(2,−5)」。""]","向上 y 增加，向下 y 減少。","[]","","","","","","","","","","","","","","",""
"MAT-0818","數學","原創會考程度練習","","","九年級上","幾何","相似立體的體積比","進階","單題選擇","兩個相似立體的對應長度比（小：大）為 2：3。小立體體積為 40 立方公分，大立體體積是多少立方公分？","90","120","135","180","2","135","","相似立體的體積比等於對應長度比的三次方：小：大＝2³：3³＝8：27。大立體體積＝40×27/8＝135 立方公分。正確答案為「135」。","[""小立體與大立體的對應長度比為 2：3。"",""體積比需將長度比立方：2³：3³＝8：27。"",""大體積＝40×27/8＝135 立方公分。""]","相似立體的體積倍率是相似比的三次方，不是平方。","[]","","","","","","","","","","","","","","",""
"MAT-0819","數學","原創會考程度練習","","","七年級上","數與量","分段旅程的平均速率","中等","單題選擇","腳踏車先以每分鐘 240 公尺騎 15 分鐘，再以每分鐘 400 公尺騎 10 分鐘。全程平均速率為多少公尺／分鐘？","280","300","320","304","3","304","","總路程＝240×15＋400×10＝7,600 公尺，總時間＝25 分鐘；平均速率＝7,600÷25＝304 公尺／分鐘。正確答案為「304」。","[""第一段路程＝240×15＝3,600 公尺。"",""第二段路程＝400×10＝4,000 公尺；全程時間為 15＋10＝25 分鐘。"",""平均速率＝(3,600＋4,000)÷25＝304 公尺／分鐘。""]","分段速率不同時，用全程總路程除以全程總時間，不能直接平均兩個速率。","[]","","","","","","","","","","","","","","",""
"MAT-0820","數學","原創會考程度練習","","","九年級下","統計與機率","二項試驗與組合計數機率","中等","單題選擇","公平硬幣連擲 4 次，恰好出現 2 次正面的機率是多少？","3/8","1/4","1/2","5/8","0","3/8","","4 次擲幣共有 2⁴＝16 種等可能結果；選出恰有 2 個正面的兩次位置有 C(4,2)＝6 種，因此機率為 6/16＝3/8。正確答案為「3/8」。","[""4 次擲幣的樣本空間共有 2⁴＝16 種等可能結果。"",""恰有 2 次正面的結果數為 C(4,2)＝6。"",""機率＝6/16＝3/8。""]","恰好 k 次成功可用組合選出成功位置，再除以全部 2ⁿ 種等可能結果。","[]","","","","","","","","","","","","","","",""
"MAT-0821","數學","原創會考程度練習","","","七年級上","數與量","連續分率求部分量","中等","單題選擇","一所學校有 240 名學生，其中 2/3 參加校外教學；參加者中有 3/8 報名自然館行程。報名自然館的有幾人？","40","60","80","100","1","60","","參加校外教學有 240×2/3＝160 人；自然館行程為其中 3/8，所以 160×3/8＝60 人。正確答案為「60」。","[""參加校外教學的人數＝240×2/3＝160 人。"",""自然館報名者占參加校外教學者的 3/8。"",""自然館報名者＝160×3/8＝60 人。""]","連續求部分量時，第二個分率以第一步算出的群體為基準。","[]","","","","","","","","","","","","","","",""
"MAT-0822","數學","原創會考程度練習","","","七年級上","數與量","連續折扣與稅率","中等","單題選擇","一件商品原價 800 元，先降價 15%，再對折後價格加收 5% 稅金，最後付款多少元？","700","720","714","680","2","714","","折後價格＝800×0.85＝680 元；含稅付款＝680×1.05＝714 元。正確答案為「714」。","[""降價後價格＝800×(1−0.15)＝680 元。"",""稅金以折後價計算，付款需再乘 1.05。"",""最後付款＝680×1.05＝714 元。""]","連續百分率須依序套用；第二次變化的基準是第一次變化後的金額。","[]","","","","","","","","","","","","","","",""
"MAT-0823","數學","原創會考程度練習","","","七年級下","代數","一元一次方程式的票價建模","中等","單題選擇","成人票比兒童票貴 40 元，買 2 張成人票與 3 張兒童票共 380 元。成人票一張多少元？","50","60","70","100","3","100","","設兒童票為 x 元，成人票為 x＋40 元。列式 2(x＋40)＋3x＝380，得 5x＝300、x＝60；成人票為 100 元。正確答案為「100」。","[""設兒童票價為 x 元，成人票價為 x＋40 元。"",""依總價列式：2(x＋40)＋3x＝380，整理得 5x＋80＝380，所以 x＝60。"",""成人票價＝60＋40＝100 元。""]","先定義較便宜票種，再用價差表示另一票價，最後依張數列總額方程。","[]","","","","","","","","","","","","","","",""
"MAT-0824","數學","原創會考程度練習","","","八年級","數與量","等差數列前 n 項和","中等","單題選擇","某禮堂第 1 排有 4 個座位，每往後一排增加 5 個座位，共有 15 排。禮堂共有多少個座位？","585","570","600","555","0","585","","第 15 排有 4＋14×5＝74 個座位；總數為等差數列和 15×(4＋74)÷2＝585 個。正確答案為「585」。","[""座位數形成首項 4、公差 5、共 15 項的等差數列。"",""末項＝4＋(15−1)×5＝74。"",""總座位數＝15×(4＋74)÷2＝585 個。""]","總和題不可只求末項；等差數列和等於項數乘首末兩項平均。","[]","","","","","","","","","","","","","","",""
"MAT-0825","數學","原創會考程度練習","","","八年級上","數與量","平方根運算","基礎","單題選擇","計算 √81−√16。","3","5","13","7","1","5","","√81＝9、√16＝4，因此相減為 9−4＝5。 正確答案為「5」。","[""√81＝9。"",""√16＝4。"",""9−4＝5。 因此本題答案為「5」。""]","先分別求平方根，再進行加減。","[]","","","","","","","","","","","","","","",""
"MAT-0826","數學","原創會考程度練習","","","七年級下","幾何","三角形角度比與內角和","中等","單題選擇","一個三角形的三內角比為 1：2：3，最大內角是多少度？","30°","45°","90°","60°","2","90°","","三角形內角和 180° 分成 1＋2＋3＝6 份，每份 30°；最大角為 3×30°＝90°。正確答案為「90°」。","[""角度比總份數＝1＋2＋3＝6。"",""每份角度＝180°÷6＝30°。"",""最大角占 3 份，為 3×30°＝90°。""]","先將 180° 平均分配至角度比的總份數，再乘最大角所占份數。","[]","","","","","","","","","","","","","","",""
"MAT-0827","數學","原創會考程度練習","","","七年級下","幾何","平行四邊形周長","基礎","單題選擇","平行四邊形一邊長 9 公分，與它相鄰的另一邊長 6 公分，周長是多少公分？","15","24","54","30","3","30","","平行四邊形對邊等長，周長＝2×(9＋6)＝30 公分。 正確答案為「30」。","[""兩組對邊長分別為 9 公分與 6 公分。"",""周長＝9＋6＋9＋6。"",""周長＝30 公分。 因此本題答案為「30」。""]","平行四邊形周長是兩鄰邊和的 2 倍。","[]","","","","","","","","","","","","","","",""
"MAT-0828","數學","原創會考程度練習","","","八年級下","幾何","體積、底面積與公制單位換算","中等","單題選擇","一個長方體水槽容量為 360 公升，底面積為 0.45 平方公尺。水槽高是多少公尺？（1 立方公尺＝1,000 公升）","0.8 公尺","0.6 公尺","0.9 公尺","1.2 公尺","0","0.8 公尺","","360 公升＝0.36 立方公尺；高＝體積÷底面積＝0.36÷0.45＝0.8 公尺。正確答案為「0.8 公尺」。","[""將容量換成一致的體積單位：360 公升＝360÷1,000＝0.36 立方公尺。"",""長方體體積＝底面積×高，因此高＝0.36÷0.45。"",""高＝0.8 公尺。""]","體積除底面積前要先統一單位；公升換立方公尺需除以 1,000。","[]","","","","","","","","","","","","","","",""
"MAT-0829","數學","原創會考程度練習","","","九年級","統計與機率","兩顆骰子的和與古典機率","中等","單題選擇","同時擲兩顆公平六面骰，兩顆點數和大於 10 的機率是多少？","1/6","1/12","1/4","1/3","1","1/12","","兩骰共有 36 種等可能有序結果；和大於 10 只有 (5,6)、(6,5)、(6,6) 三種，機率＝3/36＝1/12。正確答案為「1/12」。","[""兩顆骰子的有序結果共有 6×6＝36 種。"",""和大於 10 的組合為 (5,6)、(6,5)、(6,6)，共 3 種。"",""機率＝3/36＝1/12。""]","兩顆骰子要視為有序樣本空間；(5,6) 與 (6,5) 是不同結果。","[]","","","","","","","","","","","","","","",""
"MAT-0830","數學","原創會考程度練習","","","七年級上","統計與機率","偶數筆中位數與未知資料","中等","單題選擇","六筆資料由小到大排列為 2、5、8、x、19、24，其中位數為 10。x 是多少？","10","8","12","14","2","12","","六筆資料的中位數是第 3、4 筆平均：(8＋x)÷2＝10，因此 8＋x＝20，x＝12。正確答案為「12」。","[""六筆資料的中間兩筆是 8 與 x，中位數為 (8＋x)÷2。"",""依題意列式 (8＋x)÷2＝10。"",""兩邊乘 2 得 8＋x＝20，所以 x＝12。""]","偶數筆資料中位數由中央兩筆平均決定，可依中位數反推未知的中央資料。","[]","","","","","","","","","","","","","","",""
"MAT-0831","數學","原創會考程度練習","","","八年級上","幾何","正多邊形外角與邊數","基礎","單題選擇","一個正多邊形的每個外角都是 40°。這個正多邊形有幾條邊？","7 條","8 條","10 條","9 條","3","9 條","","凸多邊形各外角和為 360°；正多邊形每個外角相等，因此邊數＝360°÷40°＝9，答案 D。","[""多邊形一周的外角和是 360°。"",""正多邊形每個外角都是 40°，所以邊數為 360÷40＝9。"",""這個正多邊形有 9 條邊，選 D。""]","正多邊形的邊數可用 360° 除以一個外角；別把內角和公式套用在外角。","[]","","","","","","","","","","","","","","",""
"MAT-0832","數學","原創會考程度練習","","","八年級上","代數","一次函數的 x 截距","中等","單題選擇","直線 y＝3x−4 與 x 軸交點的 x 座標是多少？","4/3","−4/3","3/4","4","0","4/3","","x 軸上 y＝0，代入 0＝3x−4，得 3x＝4、x＝4/3。正確答案為「4/3」。","[""x 軸上任一點的 y 座標為 0。"",""令 y＝0：0＝3x−4，因此 3x＝4。"",""解得 x＝4/3。""]","求 x 截距時令 y＝0；求 y 截距才令 x＝0。","[]","","","","","","","","","","","","","","",""
"MAT-0833","數學","原創會考程度練習","","","七年級上","數與量","小數化分數","基礎","單題選擇","將 0.375 化成最簡分數。","3/8","5/8","3/5","375/100","0","3/8","","0.375＝375/1000，分子分母同除以 125，得 3/8。 正確答案為「3/8」。","[""0.375＝375/1000。"",""375 與 1000 的最大公因數為 125。"",""約分得 3/8。 因此本題答案為「3/8」。""]","小數轉分數後要約成最簡分數。","[]","","","","","","","","","","","","","","",""
"MAT-0834","數學","原創會考程度練習","","","九年級上","代數","一元二次方程式因式分解","中等","單題選擇","方程式 x²−2x−8＝0 的兩根為何？","−4、2","−1、8","1、−8","−2、4","3","−2、4","","因式分解為 (x−4)(x＋2)＝0，因此 x＝4 或 x＝−2。 正確答案為「−2、4」。","[""找乘積為 −8、和為 −2 的兩數 −4 與 2；這兩數用來組成因式，不是方程式的根。"",""依此分解：x²−2x−8＝(x−4)(x＋2)＝0。"",""令因式為 0，得根 x＝4、−2。 因此本題答案為「−2、4」。""]","檢查方程根的和為 2、積為 −8；因式中的數與根的符號要分清。","[]","","","","","","","","","","","","","","",""
"MAT-0835","數學","原創會考程度練習","","","八年級下","幾何","畢氏定理求股長","基礎","單題選擇","直角三角形斜邊長 17 公分，一股長 8 公分，另一股長多少公分？","9","15","16","12","1","15","","另一股平方＝17²−8²＝289−64＝225，故另一股長 15 公分。 正確答案為「15」。","[""依畢氏定理，斜邊平方等於兩股平方和。"",""另一股平方＝17²−8²＝225。"",""另一股長＝√225＝15 公分。 因此本題答案為「15」。""]","已知斜邊與一股時，以斜邊平方減已知股平方。","[]","","","","","","","","","","","","","","",""
"MAT-0836","數學","原創會考程度練習","","","九年級","統計與機率","加權平均","中等","單題選擇","一項成績占總成績 40%，得 80 分；另一項占 60%，得 90 分。加權平均是多少分？","84","88","86","89","2","86","","加權平均＝80×0.4＋90×0.6＝32＋54＝86 分。 正確答案為「86」。","[""第一項加權分數＝80×40%＝32。"",""第二項加權分數＝90×60%＝54。"",""加權平均＝32＋54＝86 分。 因此本題答案為「86」。""]","各項成績乘權重後相加，權重總和應為 100%。","[]","","","","","","","","","","","","","","",""
"MAT-0837","數學","原創會考程度練習","","","七年級上","數與量","速率與時間換算","基礎","單題選擇","一艘船以每小時 18 公里的速率航行 2 小時 30 分，航行多少公里？","54","36","40","45","3","45","","2 小時 30 分＝2.5 小時，路程＝速率×時間＝18×2.5＝45 公里。 正確答案為「45」。","[""將 30 分鐘換成 0.5 小時，時間為 2.5 小時。"",""路程＝速率×時間＝18×2.5。"",""航行 45 公里。 因此本題答案為「45」。""]","時間單位需先統一成小時再代入速率公式。","[]","","","","","","","","","","","","","","",""
"MAT-0838","數學","原創會考程度練習","","","八年級","幾何","圓環面積與半徑差","中等","單題選擇","一個圓形池塘半徑為 4 公尺，外圍鋪設寬 1 公尺的同心圓步道。步道面積是多少平方公尺？以 π 表示。","9π","16π","24π","32π","0","9π","","步道外半徑為 4＋1＝5 公尺；步道面積＝π(5²−4²)＝π(25−16)＝9π 平方公尺。正確答案為「9π」。","[""步道外半徑＝池塘半徑＋步道寬＝4＋1＝5 公尺。"",""外圓與池塘面積分別是 25π 與 16π 平方公尺。"",""步道面積＝25π−16π＝9π 平方公尺。""]","圓環面積用外圓減內圓；步道寬要加到池塘半徑才能得到外半徑。","[]","","","","","","","","","","","","","","",""
"MAT-0839","數學","原創會考程度練習","","","七年級上","數與量","比值與比例","基礎","單題選擇","甲、乙兩數的比為 5：8，若甲數是 35，乙數是多少？","48","56","63","70","1","56","","比中甲的 5 份對應 35，每份 35÷5＝7；乙為 8 份，8×7＝56。 正確答案為「56」。","[""甲的 5 份等於 35。"",""每份值＝35÷5＝7。"",""乙數＝8×7＝56。 因此本題答案為「56」。""]","知道比的一方實際值，可先求每一份代表多少。","[]","","","","","","","","","","","","","","",""
"MAT-0840","數學","原創會考程度練習","","","七年級下","代數","一元一次方程式列式","基礎","單題選擇","某數加上它的 3 倍等於 48，某數是多少？","10","14","12","16","2","12","","設某數為 x，x＋3x＝48，故 4x＝48，x＝12。 正確答案為「12」。","[""設某數為 x，其 3 倍為 3x。"",""列式 x＋3x＝48，合併為 4x＝48。"",""解得 x＝12。 因此本題答案為「12」。""]","「某數的 3 倍」表示 3x，還要與原數 x 相加。","[]","","","","","","","","","","","","","","",""
"MAT-0841","數學","原創會考程度練習","","","七年級上","數與量","平均分配與單位換算","基礎","單題選擇","一箱有 12 瓶相同的礦泉水，共重 6 公斤（不計箱重）。一瓶礦泉水重多少公克？","250","400","600","500","3","500","","每瓶重 6÷12＝0.5 公斤＝500 公克。 正確答案為「500」。","[""每瓶重量＝總重量÷瓶數＝6÷12＝0.5 公斤。"",""1 公斤＝1000 公克。"",""0.5 公斤＝500 公克。 因此本題答案為「500」。""]","先除以件數，再將公斤換算成公克。","[]","","","","","","","","","","","","","","",""
"MAT-0842","數學","原創會考程度練習","","","七年級上","數與量","百分率","基礎","單題選擇","某班有 45 人，其中 18 人參加合唱團。參加合唱團的學生占全班百分之幾？","40%","35%","30%","45%","0","40%","","所占比例＝18÷45＝0.4＝40%。 正確答案為「40%」。","[""以全班人數 45 為整體。"",""參加比例＝18÷45＝0.4。"",""百分率為 40%。 因此本題答案為「40%」。""]","部分量除以整體量，再換算百分率。","[]","","","","","","","","","","","","","","",""
"MAT-0843","數學","原創會考程度練習","","","七年級下","代數","一元一次方程式","基礎","單題選擇","解方程式 x/3＋4＝10。","12","18","15","21","1","18","","兩邊減 4 得 x/3＝6，再乘以 3 得 x＝18。 正確答案為「18」。","[""兩邊同減 4：x/3＝6。"",""兩邊同乘 3。"",""解得 x＝18。 因此本題答案為「18」。""]","先移除加數，再消去分母。","[]","","","","","","","","","","","","","","",""
"MAT-0844","數學","原創會考程度練習","","","七年級下","代數","文字題列一元一次方程式","基礎","單題選擇","某數的 4 倍比 9 多 15，某數是多少？","3","5","6","9","2","6","","設某數為 x，依題意 4x−9＝15，得 4x＝24，x＝6。 正確答案為「6」。","[""「4 倍比 9 多 15」列式為 4x−9＝15。"",""兩邊加 9 得 4x＝24。"",""除以 4 得 x＝6。 因此本題答案為「6」。""]","把「比 9 多 15」理解為 4x−9＝15。","[]","","","","","","","","","","","","","","",""
"MAT-0845","數學","原創會考程度練習","","","七年級上","數與量","流率與剩餘量","中等","單題選擇","水塔原有 2,000 公升的水，以每分鐘 35 公升的速度排水 24 分鐘後，還剩多少公升？","1,040","1,080","1,120","1,160","3","1,160","","排出水量＝35×24＝840 公升；剩餘量＝2,000−840＝1,160 公升。正確答案為「1,160」。","[""排出水量＝每分鐘 35 公升×24 分鐘＝840 公升。"",""水塔原有 2,000 公升。"",""剩餘量＝2,000−840＝1,160 公升。""]","先用流率乘時間求變化量；排水題再以原有量減去排出量。","[]","","","","","","","","","","","","","","",""
"MAT-0846","數學","原創會考程度練習","","","七年級上","數與量","異分母分數加法與路程總量","中等","單題選擇","健行第一段走了 5/6 公里，第二段再走 3/8 公里。兩段共走多少公里？","1又5/24","1又1/24","1又7/24","1又11/24","0","1又5/24","","兩段路程相加：5/6＋3/8＝20/24＋9/24＝29/24＝1又5/24 公里。正確答案為「1又5/24」。","[""兩段路程要相加，先找 6 與 8 的最小公倍數 24。"",""通分得 5/6＋3/8＝20/24＋9/24＝29/24。"",""29/24＝1又5/24 公里。""]","不同分母的量相加前要通分；答案大於 1 時可化成帶分數並保留單位。","[]","","","","","","","","","","","","","","",""
"MAT-0847","數學","原創會考程度練習","","","七年級下","數與量","比例尺與單位換算","中等","單題選擇","地圖比例尺為 1：40,000，地圖上兩點相距 7 公分，實際距離是多少公里？","1.4","2.8","2.4","28","1","2.8","","實際距離＝7×40,000＝280,000 公分＝2,800 公尺＝2.8 公里。 正確答案為「2.8」。","[""實際距離＝圖上 7 公分×40,000＝280,000 公分。"",""換算成公尺為 2,800 公尺。"",""換算成公里為 2.8 公里。 因此本題答案為「2.8」。""]","依比例尺放大後，別忘了把公分換成公里。","[]","","","","","","","","","","","","","","",""
"MAT-0848","數學","原創會考程度練習","","","七年級下","幾何","等腰三角形內角","基礎","單題選擇","一個等腰三角形的頂角為 52°，其中一個底角是多少度？","54°","64°","72°","128°","1","64°","","兩底角相等，底角＝(180°−52°)÷2＝64°。 正確答案為「64°」。","[""兩底角總和＝180°−52°＝128°。"",""兩底角相等，各占一半。"",""每個底角＝128°÷2＝64°。 因此本題答案為「64°」。""]","先扣除頂角，再平分底角總和。","[]","","","","","","","","","","","","","","",""
"MAT-0849","數學","原創會考程度練習","","","八年級上","幾何","多邊形內角和與未知角","中等","單題選擇","凸七邊形的六個內角為 120°、130°、125°、140°、115°、160°，第七個內角是多少度？","100°","105°","110°","120°","2","110°","","七邊形內角和＝(7−2)×180°＝900°；已知六角和為 790°，故第七角為 900°−790°＝110°。正確答案為「110°」。","[""七邊形內角和＝(7−2)×180°＝900°。"",""已知六角和＝120°＋130°＋125°＋140°＋115°＋160°＝790°。"",""第七角＝900°−790°＝110°。""]","先算多邊形總內角和，再扣除已知各角；確認題目問的是單一未知角。","[]","","","","","","","","","","","","","","",""
"MAT-0850","數學","原創會考程度練習","","","八年級","幾何","圓面積與單位成本","中等","單題選擇","圓形花壇半徑為 9 公尺，施肥費用每平方公尺 2 元。全部花壇的施肥費以 π 表示是多少元？","18π 元","81π 元","144π 元","162π 元","3","162π 元","","花壇面積＝π×9²＝81π 平方公尺；施肥費＝81π×2＝162π 元。正確答案為「162π 元」。","[""花壇面積＝πr²＝π×9²＝81π 平方公尺。"",""每平方公尺施肥費為 2 元。"",""總費用＝81π×2＝162π 元。""]","先用半徑平方求總面積，再乘每平方公尺單價；不要把半徑當直徑。","[]","","","","","","","","","","","","","","",""
"MAT-0851","數學","原創會考程度練習","","","八年級下","幾何","柱體體積","基礎","單題選擇","三角柱底面積為 18 平方公分，柱高為 7 公分，體積是多少立方公分？","126","25","63","252","0","126","","柱體體積＝底面積×柱高＝18×7＝126 立方公分。 正確答案為「126」。","[""三角柱屬於柱體，體積＝底面積×高。"",""代入 18×7。"",""體積為 126 立方公分。 因此本題答案為「126」。""]","題目給的是底面積，不必再除以 2。","[]","","","","","","","","","","","","","","",""
"MAT-0852","數學","原創會考程度練習","","","七年級上","統計與機率","偶數筆中位數","基礎","單題選擇","資料 6、8、11、13、17、20 的中位數是多少？","11","12","14","13","1","12","","六筆資料為偶數筆，中央兩數為 11、13，中位數＝(11＋13)÷2＝12。 正確答案為「12」。","[""資料已有排序，共 6 筆。"",""中央兩筆為第 3、4 筆：11 與 13。"",""中位數＝(11＋13)÷2＝12。 因此本題答案為「12」。""]","偶數筆資料取中間兩數的平均。","[]","","","","","","","","","","","","","","",""
"MAT-0853","數學","原創會考程度練習","","","九年級","統計與機率","古典機率與聯集事件","中等","單題選擇","從 1 至 15 的整數中隨機選一個，選到 3 的倍數或 5 的倍數的機率是多少？","1/3","2/5","7/15","1/2","2","7/15","","3 的倍數有 5 個，5 的倍數有 3 個，兩者交集只有 15，共 1 個；聯集有 5＋3−1＝7 個，機率為 7/15。正確答案為「7/15」。","[""1 至 15 共 15 個等可能結果；3 的倍數有 3、6、9、12、15 共 5 個。"",""5 的倍數有 5、10、15 共 3 個，其中 15 重複計入一次。"",""符合「或」的個數＝5＋3−1＝7，機率＝7/15。""]","「或」事件若有重疊，聯集計數要扣掉交集，避免重複計數。","[]","","","","","","","","","","","","","","",""
"MAT-0854","數學","原創會考程度練習","","","八年級上","函數","一次函數由兩點外推","中等","單題選擇","一次函數圖形通過 (1,2) 與 (4,8)。若輸入值增加至 9，對應的函數值是多少？","12","14","16","18","3","18","","輸入每增加 3，函數值增加 6，因此變化率為 6/3＝2。由 x＝4 到 x＝9 增加 5，函數值增加 10，故 f(9)＝8＋10＝18。正確答案為「18」。","[""兩點輸入差為 4−1＝3，函數值差為 8−2＝6，單位變化率為 2。"",""輸入從 4 增至 9，增加 5，函數值因此增加 5×2＝10。"",""f(9)＝8＋10＝18。""]","一次函數變化率固定；外推時先算輸入差，再乘每單位變化量。","[]","","","","","","","","","","","","","","",""
"MAT-0855","數學","原創會考程度練習","","","八年級上","代數","一次函數與 y 軸交點","基礎","單題選擇","直線 y＝−2x＋9 與 y 軸交點的座標為何？","(0,9)","(9,0)","(−2,0)","(0,−2)","0","(0,9)","","與 y 軸交點的 x＝0，代入 y＝−2×0＋9＝9，座標為 (0,9)。 正確答案為「(0,9)」。","[""y 軸上點的 x 座標為 0。"",""代入方程得 y＝9。"",""交點座標為 (0,9)。 因此本題答案為「(0,9)」。""]","與 y 軸相交時令 x 為 0，座標順序仍是 (x,y)。","[]","","","","","","","","","","","","","","",""
"MAT-0856","數學","原創會考程度練習","","","九年級","統計與機率","兩集合交集計數","中等","單題選擇","小組有 12 人會游泳、9 人會騎腳踏車，其中 4 人兩種都會。至少會一項的有幾人？","13","17","21","15","1","17","","至少會一項＝12＋9−4＝17 人，交集須扣除一次。 正確答案為「17」。","[""將會游泳與會騎車人數相加：12＋9。"",""4 位兩者都會者被重複算一次，需扣 4。"",""至少會一項＝12＋9−4＝17 人。 因此本題答案為「17」。""]","求聯集人數時要扣除重複計入的交集。","[]","","","","","","","","","","","","","","",""
"MAT-0857","數學","原創會考程度練習","","","九年級上","代數","二次方程式與畢氏定理的面積建模","中等","單題選擇","長方形花圃的長比寬多 1 公尺，面積為 12 平方公尺。由花圃一角走到對角的直線距離是多少公尺？","3 公尺","4 公尺","5 公尺","6 公尺","2","5 公尺","","設寬為 x 公尺、長為 x＋1，則 x(x＋1)＝12，解得 x＝3 或 −4；長度取正值，所以花圃為 3×4 公尺。對角線長為 √(3²＋4²)＝5 公尺，答案 C。","[""依長寬差與面積列式 x(x＋1)＝12，因式分解得 (x−3)(x＋4)＝0。"",""寬取正值 3 公尺，長為 4 公尺。"",""對角線用畢氏定理：√(3²＋4²)＝5 公尺，選 C。""]","先由面積和長寬差求矩形尺寸，再用畢氏定理；負根不符合長度情境。","[]","","","","","","","","","","","","","","",""
"MAT-0858","數學","原創會考程度練習","","","八年級下","幾何","長方形對角線與面積","中等","單題選擇","一面長方形看板的對角線長 25 公分，短邊長 7 公分。看板面積是多少平方公分？","175","210","168","336","2","168","","長方形長邊與短邊及對角線形成直角三角形；長邊＝√(25²−7²)＝√576＝24 公分。面積＝24×7＝168 平方公分。正確答案為「168」。","[""由畢氏定理，長邊²＝對角線²−短邊²＝25²−7²。"",""長邊²＝625−49＝576，因此長邊＝24 公分。"",""看板面積＝24×7＝168 平方公分。""]","長方形對角線為直角三角形斜邊；先求缺少的邊，再算面積。","[]","","","","","","","","","","","","","","",""
"MAT-0859","數學","原創會考程度練習","","","七年級上","數與量","除法與情境取整","基礎","單題選擇","一列公車可載 48 人，若有 216 人參加活動，至少需要幾列公車才能載完？","4","4.5","6","5","3","5","","216÷48＝4.5 列；公車不能只用半列，因此至少需要 5 列。 正確答案為「5」。","[""所需車數＝216÷48＝4.5。"",""車數必須是整數且不能少載人。"",""向上取整，至少需 5 列。 因此本題答案為「5」。""]","實際數量不能取小數時，需依情境向上取整。","[]","","","","","","","","","","","","","","",""
"MAT-0860","數學","原創會考程度練習","","","七年級上","數與量","比值、差量與總和","中等","單題選擇","甲、乙兩數的比為 7：9，兩數相差 18。兩數的總和是多少？","144","126","135","153","0","144","","比的份數差為 9−7＝2，對應實際差 18，所以每份為 18÷2＝9。總份數 7＋9＝16，兩數總和＝16×9＝144。正確答案為「144」。","[""7：9 的份數差為 9−7＝2，對應兩數實際差 18。"",""每份＝18÷2＝9。"",""總份數＝7＋9＝16，總和＝16×9＝144。""]","先用實際差除以比值份數差求每份，再乘比值份數總和。","[]","","","","","","","","","","","","","","",""
"MAT-0861","數學","原創會考程度練習","","","七年級上","數與量","折扣與固定費用","基礎","單題選擇","一件商品原價 1200 元，先打 9 折，再加收 60 元運費，總共需付多少元？","1020","1140","1260","1080","1","1140","","折後價＝1200×0.9＝1080 元，加運費後共 1080＋60＝1140 元。 正確答案為「1140」。","[""打 9 折後價格＝1200×0.9＝1080 元。"",""運費另加 60 元。"",""總付款＝1080＋60＝1140 元。 因此本題答案為「1140」。""]","運費是固定加項，不乘折扣。","[]","","","","","","","","","","","","","","",""
"MAT-0862","數學","原創會考程度練習","","","七年級下","代數","一元一次方程式與分配律","基礎","單題選擇","園遊會購買相同的紀念品 x 個，另付 20 元包裝費，商品總價為 5(3x＋1) 元；若總支出是 175 元，買了幾個？","9","8","10","11","2","10","","扣除固定包裝費後，商品費為 175−20＝155 元。由 5(3x＋1)＝155，解得 x＝10。","[""先扣除固定包裝費：175−20＝155 元。"",""兩邊除以 5，再減 1：3x＝30。"",""兩邊除以 3，得 x＝10。 因此本題答案為「10」。""]","固定費用要先從總支出中扣除，再用其餘金額建立商品數方程式。","[]","","","","","","","","","","","","","","",""
"MAT-0863","數學","原創會考程度練習","","","八年級上","代數","一元一次不等式","基礎","單題選擇","園遊會每份餐點材料成本 5 元、每份包材成本 2 元；若每份售價為 x 元，要使每份收入大於成本，x 必須符合哪個條件？","x＜7","x＞3","x＞7","x＜3","2","x＞7","","成本為 5＋2＝7 元，收入要大於成本，因此售價 x 必須滿足 x＞7。","[""每份總成本＝5＋2＝7 元。"",""題目要求收入嚴格大於成本，因此寫成 x＞7。"",""售價需大於 7 元；等於 7 元僅打平。 因此本題答案為「x＞7」。""]","注意「至少打平」與「嚴格獲利」不同：本題使用大於號，不含 7 元。","[]","","","","","","","","","","","","","","",""
"MAT-0864","數學","原創會考程度練習","","","七年級上","數與量","異分母分數減法","基礎","單題選擇","水壺原有 7/12 公升的水，倒出 1/8 公升後，還剩多少公升？","1/3","13/24","5/8","11/24","3","11/24","","通分為 14/24−3/24＝11/24。 正確答案為「11/24」。","[""最小公分母為 24。"",""通分後相減：14/24−3/24。"",""結果為 11/24。 因此本題答案為「11/24」。""]","異分母分數先通分，再相減分子並保留相同分母。","[]","","","","","","","","","","","","","","",""
"MAT-0865","數學","原創會考程度練習","","","七年級上","數與量","單位換算與平均分配","基礎","單題選擇","社團有 2.4 公尺緞帶，每個標牌需剪 30 公分。最多可做幾個完整標牌？","6","8","7","9","1","8","","2.4 公尺＝240 公分，每個標牌用 30 公分，240÷30＝8，因此可做 8 個。","[""先將 2.4 公尺換成 240 公分。"",""計算可做的段數：240÷30＝8。"",""可做 8 個完整標牌，沒有剩餘。 因此本題答案為「8」。""]","先統一單位；題目問完整個數時，檢查是否需要取整。","[]","","","","","","","","","","","","","","",""
"MAT-0866","數學","原創會考程度練習","","","七年級上","數與量","速率與時間換算","基礎","單題選擇","火車去程以每小時 72 公里行駛 1 小時 45 分鐘；回程以每小時 90 公里行駛同一段路。回程需幾分鐘？","72","84","90","96","1","84","","去程路程為 72×1.75＝126 公里；回程時間＝126÷90＝1.4 小時＝84 分鐘。","[""去程時間 1 小時 45 分＝1.75 小時，距離＝72×1.75＝126 公里。"",""回程時間＝126÷90＝1.4 小時。"",""1.4 小時＝84 分鐘。 因此本題答案為「84」。""]","同一路程不變；最後將小時換成分鐘，避免把速率方向弄反。","[]","","","","","","","","","","","","","","",""
"MAT-0867","數學","原創會考程度練習","","","八年級上","數與量","反比例情境","中等","單題選擇","8 位工人各工作 6 小時完成一項工程。第二項工程是前項的 1.5 倍，若改由 12 位效率相同的工人施工，需要幾小時？","6","8","5","9","0","6","","原工程需 8×6＝48 人時；新工程為 1.5 倍，需 72 人時。由 12 人施工需 72÷12＝6 小時。","[""原工程工作量＝8×6＝48 人時。"",""新工程需 48×1.5＝72 人時。"",""12 人施工需 72÷12＝6 小時。 因此本題答案為「6」。""]","工作量改變時不能直接用工人數反比；先按倍數調整總人時。","[]","","","","","","","","","","","","","","",""
"MAT-0868","數學","原創會考程度練習","","","七年級上","幾何","平行四邊形與對角線三角形面積","基礎","單題選擇","一個平行四邊形的底為 16 公分、高為 8 公分。沿對角線切成兩個全等三角形，每個三角形的面積是多少平方公分？","40","48","104","64","3","64","","平行四邊形面積＝16×8＝128 平方公分；對角線將其分成兩個全等三角形，每個面積為 128÷2＝64 平方公分。","[""平行四邊形面積＝底×高＝16×8＝128 平方公分。"",""一條對角線把平行四邊形分成兩個全等三角形。"",""面積為 64 平方公分。 因此本題答案為「64」。""]","平行四邊形對角線平分面積；不可把整個平行四邊形面積當成一個三角形面積。","[]","","","","","","","","","","","","","","",""
"MAT-0869","數學","原創會考程度練習","","","九年級","幾何","扇形弧長","中等","單題選擇","半徑 12 公分的圓形花圃規劃出圓心角 90° 的扇形區域。該區域沿弧線及兩條半徑圍起來，圍欄總長以 π 表示是多少公分？","6π＋24","6π＋12","12π＋24","24π＋12","0","6π＋24","","弧長為全圓周長的 1/4，即 6π 公分；圍欄還包含兩條半徑，共 24 公分，所以總長為 6π＋24 公分。","[""扇形弧長＝(90°/360°)×2π×12＝6π 公分。"",""兩條半徑總長＝12＋12＝24 公分。"",""圍欄總長＝6π＋24 公分。 因此本題答案為「6π＋24」。""]","扇形周界除了弧長，還要加上兩條半徑。","[]","","","","","","","","","","","","","","",""
"MAT-0870","數學","原創會考程度練習","","","八年級下","幾何","長方形對角線與周長","基礎","單題選擇","矩形花圃的對角線長 13 公尺，其中一邊長 5 公尺。花圃周長是多少公尺？","26","34","30","36","1","34","","矩形對角線為直角三角形斜邊，另一邊長＝√(13²−5²)＝√144＝12 公尺，周長＝2×(5＋12)＝34 公尺。","[""由畢氏定理，另一邊平方＝13²−5²。"",""另一邊＝√(169−25)＝√144＝12 公尺。"",""周長＝2×(5＋12)＝34 公尺。 因此本題答案為「34」。""]","矩形對角線是直角三角形斜邊；先求缺邊，再由兩邊長求周長。","[]","","","","","","","","","","","","","","",""
"MAT-0871","數學","原創會考程度練習","","","八年級上","幾何","座標平移","基礎","單題選擇","點 (−4,3) 向右平移 7 單位、再向下平移 5 單位，新的座標為何？","(3,8)","(−11,−2)","(3,−2)","(−4,−2)","2","(3,−2)","","向右使 x 加 7：−4＋7＝3；向下使 y 減 5：3−5＝−2，因此新座標為 (3,−2)。 正確答案為「(3,−2)」。","[""x 座標向右平移 7：−4＋7＝3。"",""y 座標向下平移 5：3−5＝−2。"",""新座標為 (3,−2)。 因此本題答案為「(3,−2)」。""]","水平改變 x、垂直改變 y，向下使 y 減少。","[]","","","","","","","","","","","","","","",""
"MAT-0872","數學","原創會考程度練習","","","七年級上","統計與機率","眾數","基礎","單題選擇","資料 3、5、5、7、8、8、8、10 的眾數是多少？","5","7","10","8","3","8","","8 出現 3 次，次數比其他數值多，因此眾數為 8。 正確答案為「8」。","[""統計各數值的出現次數。"",""8 出現 3 次，5 出現 2 次，其餘更少。"",""眾數為 8。 因此本題答案為「8」。""]","眾數是出現次數最多的數值；可能不只一個。","[]","","","","","","","","","","","","","","",""
"MAT-0873","數學","原創會考程度練習","","","九年級","統計與機率","互斥重疊事件與對稱差機率","中等","單題選擇","從 1 至 20 的整數中隨機選一個，恰好符合「2 的倍數或 3 的倍數」其中一個條件，但不能同時符合兩者的機率是多少？","1/2","3/5","7/10","2/5","0","1/2","","1 至 20 中，2 的倍數有 10 個，3 的倍數有 6 個，同時為兩者倍數的 6、12、18 共 3 個。題目要恰好符合一個條件，因此交集中的數在兩個集合都不能算，符合數量為 10＋6−2×3＝10，機率為 10/20＝1/2。正確答案為「1/2」。","[""1 至 20 中有 10 個 2 的倍數、6 個 3 的倍數。"",""同時符合兩條件的 6、12、18 共 3 個；「恰好一個」須從兩集合各扣掉這 3 個，所以算式是 10＋6−2×3＝10。"",""機率＝10/20＝1/2。""]","一般「或」事件只扣交集一次；若題目要求恰好一個條件成立，交集兩邊都要排除，因此扣兩次。","[]","","","","","","","","","","","","","","",""
"MAT-0874","數學","原創會考程度練習","","","七年級上","代數","合併同類項","基礎","單題選擇","簡化 4x−3＋2x＋7。","6x−10","6x＋4","2x＋4","6x＋10","1","6x＋4","","合併同類項：4x＋2x＝6x，−3＋7＝4，結果為 6x＋4。 正確答案為「6x＋4」。","[""將含 x 項合併：4x＋2x＝6x。"",""將常數項合併：−3＋7＝4。"",""化簡為 6x＋4。 因此本題答案為「6x＋4」。""]","只合併同類項，x 項與常數項不能互相合併。","[]","","","","","","","","","","","","","","",""
"MAT-0875","數學","原創會考程度練習","","","九年級上","代數","一元二次方程式因式分解","中等","單題選擇","長方形花圃的寬比長少 1 公尺，面積為 20 平方公尺。花圃的長是多少公尺？","4","6","10","5","3","5","","設長為 x，寬為 x−1。由面積得 x(x−1)＝20，即 x²−x−20＝0＝(x−5)(x＋4)，長度取正值 x＝5 公尺。","[""設花圃長為 x 公尺，則寬為 x−1 公尺。"",""列式 x(x−1)＝20，整理得 x²−x−20＝0＝(x−5)(x＋4)。"",""x＝5 或 −4；長度不能為負，故長為 5 公尺。 因此本題答案為「5」。""]","先把長寬用同一個未知數表示；負根不符合長度情境，要捨去。","[]","","","","","","","","","","","","","","",""
"MAT-0876","數學","原創會考程度練習","","","八年級下","代數","聯立方程式加減消去法","基礎","單題選擇","成人票與學生票各買 1 張共 9 百元，成人票比學生票貴 1 百元。成人票是多少百元？","4","5","8","6","1","5","","設成人票價為 x、學生票價為 y（單位：百元），則 x＋y＝9、x−y＝1。兩式相加得 2x＝10，因此成人票價為 5 百元。","[""設成人票 x、學生票 y（百元），建立 x＋y＝9、x−y＝1。"",""兩式相加消去 y：2x＝10。"",""成人票價 x＝5 百元。 因此本題答案為「5」。""]","先定義兩個未知數並依題意列出兩條獨立方程，再選擇相加或相減消去。","[]","","","","","","","","","","","","","","",""
"MAT-0877","數學","原創會考程度練習","","","八年級上","統計與機率","平均數反求缺失資料","中等","單題選擇","某班 5 次小考平均 76 分，前 4 次分別為 70、75、80、78 分，第 5 次得幾分？","78","75","77","80","2","77","","五次總分＝76×5＝380；前四次總分＝303，第五次＝380−303＝77 分。 正確答案為「77」。","[""五次總分＝平均×次數＝76×5＝380。"",""前四次總分＝70＋75＋80＋78＝303。"",""第五次＝380−303＝77 分。 因此本題答案為「77」。""]","已知平均與筆數先反推總和，再扣除已知資料。","[]","","","","","","","","","","","","","","",""
"MAT-0878","數學","原創會考程度練習","","","七年級上","數與量","平均速率與分數時間","中等","單題選擇","一輛車行駛 3 小時 20 分鐘共走 200 公里，平均速率是多少公里／小時？","50","55","65","60","3","60","","3 小時 20 分＝10/3 小時，平均速率＝200÷(10/3)＝60 公里／小時。 正確答案為「60」。","[""將 20 分鐘化成 1/3 小時，總時間＝10/3 小時。"",""平均速率＝路程÷時間＝200÷(10/3)。"",""平均速率為 60 公里／小時。 因此本題答案為「60」。""]","分數小時作除數時，可乘以其倒數。","[]","","","","","","","","","","","","","","",""
"MAT-0879","數學","原創會考程度練習","","","八年級","幾何","圓周長","基礎","單題選擇","直徑 14 公分的圓形展示台外緣要繞 5 圈燈帶，至少需要多長的燈帶？以 π 表示，忽略接頭長度。","35π","28π","70π","140π","2","70π","","每圈長度為圓周長 πd＝14π 公分，繞 5 圈需 5×14π＝70π 公分。","[""一圈燈帶長度等於展示台圓周，C＝πd＝14π 公分。"",""共繞 5 圈，所需長度＝5×14π。"",""至少需要 70π 公分燈帶。 因此本題答案為「70π」。""]","先算一圈的周長，再乘圈數；不要把圈數漏掉。","[]","","","","","","","","","","","","","","",""
"MAT-0880","數學","原創會考程度練習","","","七年級上","數與量","比與比例分配","基礎","單題選擇","若兩數的比為 3：5，且兩數的和為 64，較小的數是多少？","24","18","32","40","0","24","","總份數為 3＋5＝8，每份 64÷8＝8，較小數為 3×8＝24。 正確答案為「24」。","[""總份數＝3＋5＝8。"",""每份值＝64÷8＝8。"",""較小數＝3×8＝24。 因此本題答案為「24」。""]","比的總份數對應兩數的總和。","[]","","","","","","","","","","","","","","",""
"MAT-0881","數學","原創會考程度練習","","","七年級下","幾何","周長與一元一次方程式","中等","單題選擇","一個長方形的長為 x＋3 公分、寬為 x 公分，周長為 30 公分，長與寬各是多少？","5、8","6、9","4、7","7、10","1","6、9","","2[(x＋3)＋x]＝30，解得 x＝6，寬 6 公分、長 9 公分。 正確答案為「6、9」。","[""設寬為 x，則長為 x＋3。"",""2[(x＋3)＋x]＝30，解得 x＝6。"",""寬 6 公分、長 9 公分。 因此本題答案為「6、9」。""]","周長包含兩個長和兩個寬，代入後記得回答兩個尺寸。","[]","","","","","","","","","","","","","","",""
"MAT-0882","數學","原創會考程度練習","","","八年級上","數與量","分段速率與時間","中等","單題選擇","甲、乙兩地相距 180 公里，汽車前 2 小時以每小時 60 公里行駛，剩下路程以每小時 80 公里行駛，總共需幾小時？","2.5","3","2.75","3.25","2","2.75","","前 2 小時行駛 120 公里，剩 60 公里需 60÷80＝0.75 小時，總計 2.75 小時。 正確答案為「2.75」。","[""前 2 小時行駛 60×2＝120 公里。"",""剩餘 60 公里，需時 60÷80＝0.75 小時。"",""總時間為 2.75 小時。 因此本題答案為「2.75」。""]","各路段速率不同，分段計算時間後相加。","[]","","","","","","","","","","","","","","",""
"MAT-0883","數學","原創會考程度練習","","","七年級下","代數","一元一次方程式列式","基礎","單題選擇","健身房收取 14 百元入會費及每月固定月費。會員連續繳 3 個月後共付 35 百元，月費是多少百元？","8","5","6","7","3","7","","設月費為 x 百元，3 個月總費用為 3x＋14＝35，故 3x＝21，x＝7 百元。","[""設每月月費為 x 百元，三個月月費加入會費共 3x＋14。"",""列式 3x＋14＝35，得 3x＝21。"",""月費 x＝7 百元。 因此本題答案為「7」。""]","一次性入會費只加一次，不要誤乘月份；月費才乘以 3。","[]","","","","","","","","","","","","","","",""
"MAT-0884","數學","原創會考程度練習","","","八年級上","幾何","梯形面積","基礎","單題選擇","一塊梯形告示牌的兩條平行邊長 8 公分及 14 公分，面積為 66 平方公分。告示牌的高是多少公分？","6","3","11","8","0","6","","由 66＝(8＋14)×高÷2，得高＝66×2÷22＝6 公分。","[""設高為 h，梯形面積式為 66＝(8＋14)×h÷2。"",""兩底和的一半為 22÷2＝11，因此 11h＝66。"",""解得 h＝6 公分。 因此本題答案為「6」。""]","已知面積反求高時，先把梯形公式視為一元一次方程式。","[]","","","","","","","","","","","","","","",""
"MAT-0885","數學","原創會考程度練習","","","九年級","數與量","連續百分率變化","中等","單題選擇","某商品先漲價 20%，再以新價格打 8 折，最後價格與原價相比如何？","相同","低 4%","高 4%","低 8%","1","低 4%","","新價為原價×1.2×0.8＝原價×0.96，因此比原價低 4%。 正確答案為「低 4%」。","[""設原價為 P，漲價後為 1.2P。"",""再打 8 折為 1.2P×0.8＝0.96P。"",""最後價格為原價的 96%，低 4%。 因此本題答案為「低 4%」。""]","連續百分率要以前一步的新價格作基準，不能直接把百分率相加。","[]","","","","","","","","","","","","","","",""
"MAT-0886","數學","原創會考程度練習","","","八年級上","代數","二元一次式代入求值","基礎","單題選擇","若 3x−2y＝11 且 x＝5，y 等於多少？","1","3","2","4","2","2","","代入 x＝5 得 15−2y＝11，故 y＝2。 正確答案為「2」。","[""將 x＝5 代入原式：15−2y＝11。"",""兩邊減 15 得 −2y＝−4。"",""解得 y＝2。 因此本題答案為「2」。""]","代入後要保留負號，再移項或同除以負數。","[]","","","","","","","","","","","","","","",""
"MAT-0887","數學","原創會考程度練習","","","七年級上","數與量","折扣與折價券","基礎","單題選擇","某商品原價 1500 元，先打 8 折，再使用 100 元折價券，實付多少元？","1000","1200","1120","1100","3","1100","","折後價 1500×0.8＝1200 元，再扣 100 元，實付 1100 元。 正確答案為「1100」。","[""先算折扣價：1500×0.8＝1200 元。"",""折價券再折抵 100 元。"",""實付 1200−100＝1100 元。 因此本題答案為「1100」。""]","折價券在本題是折後再扣的固定金額。","[]","","","","","","","","","","","","","","",""
"MAT-0888","數學","原創會考程度練習","","","七年級上","幾何","正方形周長與面積","基礎","單題選擇","一座正方形露台的周長為 36 公尺，地面每平方公尺鋪設費 12 元，鋪滿露台需多少元？","972","864","1080","900","0","972","","邊長＝36÷4＝9 公尺，面積＝9²＝81 平方公尺；鋪設費＝81×12＝972 元。","[""正方形邊長＝36÷4＝9 公尺。"",""露台面積＝9×9＝81 平方公尺。"",""總費用＝81×12＝972 元。 因此本題答案為「972」。""]","先由周長找邊長，再算面積乘單價；注意最後單位是元。","[]","","","","","","","","","","","","","","",""
"MAT-0889","數學","原創會考程度練習","","","九年級","統計與機率","不放回抽取機率","中等","單題選擇","袋中有 5 顆紅球、3 顆藍球及 2 顆白球，隨機不放回連抽 2 顆。先抽到紅球、再抽到藍球的機率為何？","1/3","1/6","2/5","3/10","1","1/6","","先抽紅球機率為 5/10；不放回後剩 9 顆，其中 3 顆藍球，條件機率為 3/9。相乘得 5/10×3/9＝1/6。","[""先抽紅球機率＝5/10。"",""不放回後共剩 9 顆，抽藍球的機率＝3/9。"",""連續事件機率＝5/10×3/9＝1/6。 因此本題答案為「1/6」。""]","不放回會改變第二次抽取的總數；先抽紅後抽藍不可把兩次當獨立事件。","[]","","","","","","","","","","","","","","",""
"MAT-0890","數學","原創會考程度練習","","","九年級上","代數","一次函數代入求值","基礎","單題選擇","水桶原有 7 公升的水，每分鐘漏出 2 公升。若漏水 x 分鐘後剩下 y 公升，漏水 3 分鐘後還剩多少公升？","−1","3","13","1","3","1","","剩餘量 y＝7−2x。代入 x＝3 得 y＝7−6＝1 公升。","[""初始水量為 7 公升，每分鐘減少 2 公升，關係式為 y＝7−2x。"",""代入 x＝3：y＝7−2×3。"",""剩餘水量 y＝1 公升。 因此本題答案為「1」。""]","變化量每分鐘減少，因此係數為負；檢查答案不可小於 0（此題時間範圍內）。","[]","","","","","","","","","","","","","","",""
"MAT-0891","數學","原創會考程度練習","","","八年級","幾何","圓面積","中等","單題選擇","圓形地墊外圓半徑為 5 公尺，中央有一個半徑 3 公尺的圓形鏤空區。地墊實際鋪設的面積是多少平方公尺？","25π","9π","16π","34π","2","16π","","地墊鋪設面積等於外圓面積減去鏤空內圓面積。外圓為 25π 平方公尺，內圓為 9π 平方公尺，相減得 16π 平方公尺。","[""外圓半徑為 5 公尺，面積為 π×5²＝25π 平方公尺。"",""鏤空內圓半徑為 3 公尺，面積為 π×3²＝9π 平方公尺。"",""鋪設面積＝外圓－內圓＝25π－9π＝16π 平方公尺。""]","環形或鏤空面積要用大圓面積減小圓面積；兩個半徑都要平方，單位仍是平方公尺。","[]","","","","","","","","","","","","","","",""
"MAT-0892","數學","原創會考程度練習","","","八年級上","代數","比例式與代入","基礎","單題選擇","若 5a＝3b，且 b＝20，a 等於多少？","10","15","18","12","3","12","","5a＝3×20＝60，因此 a＝12。 正確答案為「12」。","[""將 b＝20 代入 5a＝3b。"",""得到 5a＝60。"",""兩邊除以 5，a＝12。 因此本題答案為「12」。""]","等式兩邊要維持相等，最後再除以 a 的係數。","[]","","","","","","","","","","","","","","",""
"MAT-0893","數學","原創會考程度練習","","","七年級下","數與量","連續整數列式","中等","單題選擇","連續 5 個整數的和為 85，最小的整數是多少？","15","13","14","16","0","15","","設最小整數為 n，n＋(n＋1)+…+(n＋4)＝85，得 5n＋10＝85，n＝15。 正確答案為「15」。","[""設最小整數為 n，五數為 n 至 n＋4。"",""總和方程式為 5n＋10＝85。"",""解得 n＝15。 因此本題答案為「15」。""]","連續整數要依序相差 1，題目所求為最小值。","[]","","","","","","","","","","","","","","",""
"MAT-0894","數學","原創會考程度練習","","","七年級上","幾何","長方體體積","基礎","單題選擇","水族箱底面長 8 公分、寬 5 公分，水深 3 公分。箱內目前有多少毫升的水？（1 立方公分＝1 毫升）","128","120","160","240","1","120","","水的體積＝底面積×水深＝8×5×3＝120 立方公分，依換算關係等於 120 毫升。","[""底面積＝8×5＝40 平方公分。"",""水體積＝40×3＝120 立方公分。"",""1 立方公分等於 1 毫升，因此有 120 毫升。 因此本題答案為「120」。""]","水深才是水的高度；換算毫升時，1 立方公分等於 1 毫升。","[]","","","","","","","","","","","","","","",""
"MAT-0895","數學","原創會考程度練習","","","七年級下","代數","括號與一元一次方程式","基礎","單題選擇","某數加 8 後的 4 倍是 52，該數是多少？","3","4","5","6","2","5","","設數為 x，4(x＋8)＝52，x＋8＝13，x＝5。 正確答案為「5」。","[""設該數為 x。"",""依題意列 4(x＋8)＝52，除以 4 得 x＋8＝13。"",""解得 x＝5。 因此本題答案為「5」。""]","注意「某數加 8 後的 4 倍」是 4(x＋8)。","[]","","","","","","","","","","","","","","",""
"MAT-0896","數學","原創會考程度練習","","","七年級上","統計與機率","平均數","基礎","單題選擇","8 位學生的測驗總分為 624 分。後來發現其中一份考卷漏登 8 分，補登後全班平均是多少分？","78","76","77","79","3","79","","補登後總分為 624＋8＝632 分，平均＝632÷8＝79 分。","[""補登後總分＝624＋8＝632 分。"",""平均分數＝總分÷人數＝632÷8。"",""全班平均為 79 分。 因此本題答案為「79」。""]","先修正總和，再除以人數；補登分數不會增加學生人數。","[]","","","","","","","","","","","","","","",""
"MAT-0897","數學","原創會考程度練習","","","七年級上","數與量","路程速率時間","基礎","單題選擇","一段旅程全程 240 公里，途中休息 30 分鐘；若從出發到抵達共花 3 小時，包含休息時間的全程平均速率是多少公里／小時？","80","60","70","66又2/3","0","80","","全程平均速率以總路程除以出發至抵達的總時間，休息時間也計入：240÷3＝80 公里／小時。","[""總路程為 240 公里，總耗時 3 小時，含休息時間。"",""全程平均速率＝總路程÷總時間＝240÷3。"",""平均速率為 80 公里／小時。 因此本題答案為「80」。""]","全程平均速率分母用出發到抵達的總時間，休息時間也算在內。","[]","","","","","","","","","","","","","","",""
"MAT-0898","數學","原創會考程度練習","","","八年級上","幾何","三角形內角和與代數","中等","單題選擇","一個三角形三內角為 2x°、3x°、4x°，最大角為幾度？","40","80","60","90","1","80","","三角形內角和 180°，9x＝180，x＝20，最大角 4x＝80°。 正確答案為「80」。","[""三角形內角和為 180°，列 2x＋3x＋4x＝180。"",""解得 x＝20。"",""最大角＝4×20＝80°。 因此本題答案為「80」。""]","先由內角和求 x，再取題目所問的最大角。","[]","","","","","","","","","","","","","","",""
"MAT-0899","數學","原創會考程度練習","","","九年級上","代數","一元二次方程式與情境限制","中等","單題選擇","某數的平方比該數大 12，且該數為正，該數是多少？","3","5","4","6","2","4","","令 x²−x＝12，得 x²−x−12＝0＝(x−4)(x＋3)，正數解為 4。 正確答案為「4」。","[""依題意列 x²−x＝12。"",""移項因式分解：(x−4)(x＋3)＝0。"",""解為 4 或 −3，因題目指定正數，答案為 4。 因此本題答案為「4」。""]","方程式可能有兩解，須依題目限制篩選。","[]","","","","","","","","","","","","","","",""
"MAT-0900","數學","原創會考程度練習","","","七年級上","幾何","長方形周長與面積反推","中等","單題選擇","長方形的周長為 30 公分，長比寬多 3 公分。求這個長方形的面積。","48 平方公分","50 平方公分","54 平方公分","56 平方公分","2","54 平方公分","","設寬為 w 公分，長為 w＋3 公分。由周長 2(長＋寬)＝30 得長＋寬＝15，所以 w＋3＋w＝15，解得寬 6 公分、長 9 公分。面積＝9×6＝54 平方公分。正確答案為「54 平方公分」。","[""設寬為 w 公分，則長為 w＋3 公分；周長公式為 2(長＋寬)＝30。"",""長＋寬＝15，因此 w＋3＋w＝15，解得寬 6 公分、長 9 公分。"",""面積＝長×寬＝9×6＝54 平方公分。""]","周長先除以 2 得長與寬的和，再結合長寬差列式；最後用長×寬求面積。","[]","","","","","","","","","","","","","","",""
"MAT-0901","數學","原創會考程度練習","","","七年級上","數與量","單價與比例","基礎","單題選擇","一箱有 12 瓶果汁共 360 元，若每瓶單價相同，買 7 瓶需多少元？","210","180","200","240","0","210","","每瓶 360÷12＝30 元，7 瓶需 30×7＝210 元。 正確答案為「210」。","[""先求每瓶單價：360÷12＝30 元。"",""7 瓶總價＝30×7。"",""共需 210 元。 因此本題答案為「210」。""]","單價固定時可先求一單位的價格，再乘數量。","[]","","","","","","","","","","","","","","",""
"MAT-0902","數學","原創會考程度練習","","","七年級下","數與量","連續偶數列式","中等","單題選擇","三個連續偶數的和是 72，最大的偶數是多少？","22","26","24","28","1","26","","設中間偶數為 n，三數為 n−2、n、n＋2，和為 3n＝72，n＝24，最大者為 26。 正確答案為「26」。","[""設中間偶數為 n，三個數為 n−2、n、n＋2。"",""總和 3n＝72，得 n＝24。"",""最大偶數 n＋2＝26。 因此本題答案為「26」。""]","連續偶數彼此相差 2，三數以中間數為中心表示較方便。","[]","","","","","","","","","","","","","","",""
"MAT-0903","數學","原創會考程度練習","","","八年級上","代數","多項式加法與合併同類項","基礎","單題選擇","化簡 (3a−2b)+(4a+5b)。","a＋3b","7a−7b","7a＋3b","12ab","2","7a＋3b","","合併同類項：3a＋4a＝7a，−2b＋5b＝3b，因此為 7a＋3b。 正確答案為「7a＋3b」。","[""去括號後保留各項正負號。"",""a 項合併為 7a，b 項合併為 3b。"",""結果為 7a＋3b。 因此本題答案為「7a＋3b」。""]","只合併同類項，不同變數的項不能相加。","[]","","","","","","","","","","","","","","",""
"MAT-0904","數學","原創會考程度練習","","","八年級上","代數","一元一次不等式","基礎","單題選擇","解不等式 2x＋5≤17。","x≤6","x≥6","x≤11","x≥11","0","x≤6","","兩邊減 5 得 2x≤12，再除以 2，得 x≤6。 正確答案為「x≤6」。","[""兩邊同減 5：2x≤12。"",""兩邊同除以正數 2，不等號方向不變。"",""解為 x≤6。 因此本題答案為「x≤6」。""]","只有乘除負數時不等號才反向。","[]","","","","","","","","","","","","","","",""
"MAT-0905","數學","原創會考程度練習","","","七年級上","數與量","百分率求部分量","基礎","單題選擇","社團有 80 位學生，其中 35% 參加合唱團；合唱團成員中有 25% 當天缺席。當天到場的合唱團成員有幾位？","18","24","20","21","3","21","","合唱團有 80×35%＝28 人；缺席 28×25%＝7 人，到場 28−7＝21 人。","[""合唱團人數＝80×0.35＝28 人。"",""缺席人數＝28×0.25＝7 人。"",""到場人數＝28−7＝21 人。 因此本題答案為「21」。""]","連續使用百分率時，每次的基準量不同；缺席率是以合唱團人數為基準。","[]","","","","","","","","","","","","","","",""
"MAT-0906","數學","原創會考程度練習","","","九年級上","幾何","相似三角形對應邊","中等","單題選擇","兩個相似三角形的對應邊比為 2：3，較小三角形一邊長 8 公分，對應的大三角形邊長是多少？","12","10","14","16","0","12","","放大倍率為 3/2，因此對應邊長＝8×3/2＝12 公分。 正確答案為「12」。","[""小、大三角形對應邊比為 2：3。"",""大邊長＝8×3÷2。"",""對應邊長為 12 公分。 因此本題答案為「12」。""]","相似形要使用相同位置的對應邊比。","[]","","","","","","","","","","","","","","",""
"MAT-0907","數學","原創會考程度練習","","","九年級","幾何","多邊形內角和","中等","單題選擇","一個凸多邊形的內角和為 1260°，它有幾個邊？","8","9","11","10","1","9","","(n−2)×180°＝1260°，所以 n−2＝7，n＝9。 正確答案為「9」。","[""設邊數為 n，內角和公式為 (n−2)×180°。"",""令 (n−2)×180＝1260，得 n−2＝7。"",""邊數 n＝9。 因此本題答案為「9」。""]","內角和公式中的 n 是邊數，最後記得加回 2。","[]","","","","","","","","","","","","","","",""
"MAT-0908","數學","原創會考程度練習","","","九年級","統計與機率","兩次擲骰的等可能機率","中等","單題選擇","同時擲一顆公平骰子兩次，兩次點數和為 7 的機率是多少？","1/5","1/12","1/6","1/3","2","1/6","","36 種有序結果中，和為 7 的有 6 種，機率＝6/36＝1/6。 正確答案為「1/6」。","[""兩次擲骰共有 6×6＝36 種等可能有序結果。"",""和為 7 的組合有 (1,6) 至 (6,1)，共 6 種。"",""機率＝6/36＝1/6。 因此本題答案為「1/6」。""]","兩次擲骰要區分順序，例如 (1,6) 和 (6,1) 是不同結果。","[]","","","","","","","","","","","","","","",""
"MAT-0909","數學","原創會考程度練習","","","七年級上","統計與機率","中位數","基礎","單題選擇","五天的降雨量由小到大為 4、7、9、12、18 毫米；若再加入第六天 30 毫米的資料，六天降雨量的中位數是多少毫米？","9","10","12","10.5","3","10.5","","加入 30 後六筆資料仍按序為 4、7、9、12、18、30。偶數筆中位數是第 3、4 筆的平均：(9＋12)÷2＝10.5 毫米。","[""加入 30 後，資料為 4、7、9、12、18、30。"",""六筆資料的中位數是中間兩筆第 3、4 筆的平均。"",""中位數＝(9＋12)÷2＝10.5 毫米。 因此本題答案為「10.5」。""]","偶數筆資料要平均中間兩數；加入極端值會改變資料筆數與中位數位置。","[]","","","","","","","","","","","","","","",""
"MAT-0910","數學","原創會考程度練習","","","九年級上","代數","一次函數斜率","基礎","單題選擇","一次函數圖形通過 (2,3) 與 (6,11)，其斜率是多少？","2","1","3","4","0","2","","斜率＝(11−3)÷(6−2)＝8÷4＝2。 正確答案為「2」。","[""取兩點的 y 座標差：11−3＝8。"",""取 x 座標差：6−2＝4。"",""斜率＝8÷4＝2。 因此本題答案為「2」。""]","斜率是縱向變化量除以橫向變化量，兩者順序須一致。","[]","","","","","","","","","","","","","","",""
"MAT-0911","數學","原創會考程度練習","","","九年級上","代數","一元二次方程式因式分解","基礎","單題選擇","一塊長方形展示板的長比寬多 1 公尺，面積為 6 平方公尺。展示板的長、寬各是多少公尺？","1、6","−2、−3","−1、−6","2、3","3","2、3","","設寬為 x，長為 x＋1，則 x(x＋1)＝6，整理為 x²＋x−6＝0＝(x＋3)(x−2)。長度取正值 x＝2，長為 3 公尺。","[""設寬為 x 公尺，則長為 x＋1 公尺，列式 x(x＋1)＝6。"",""移項並因式分解：x²＋x−6＝(x＋3)(x−2)＝0。"",""x＝−3 或 2，長度取正值；寬 2、長 3 公尺。 因此本題答案為「2、3」。""]","負根不符合長寬情境；寬為 x 時，長比寬多 1 要寫成 x＋1。","[]","","","","","","","","","","","","","","",""
"MAT-0912","數學","原創會考程度練習","","","九年級上","數與量","根式化簡","中等","單題選擇","將 √72 化為最簡根式，結果為何？","3√8","6√2","8√2","4√3","1","6√2","","√72＝√(36×2)＝6√2。 正確答案為「6√2」。","[""將 72 拆成平方數與剩餘因數：72＝36×2。"",""利用根式乘法：√72＝√36×√2。"",""最簡根式為 6√2。 因此本題答案為「6√2」。""]","根號內提出平方因數後，剩下的根號還要確認不能再化簡。","[]","","","","","","","","","","","","","","",""
"MAT-0913","數學","原創會考程度練習","","","八年級下","幾何","畢氏定理情境題","基礎","單題選擇","一把 10 公尺長的梯子靠牆，梯腳離牆 6 公尺，梯頂離地幾公尺？","10","6","8","12","2","8","","依畢氏定理，高²＝10²−6²＝64，因此高為 8 公尺。 正確答案為「8」。","[""梯子是直角三角形斜邊，長 10 公尺。"",""牆高²＝10²−6²＝64。"",""牆高＝8 公尺。 因此本題答案為「8」。""]","斜邊是直角三角形最長邊，求直角邊時用平方差。","[]","","","","","","","","","","","","","","",""
"MAT-0914","數學","原創會考程度練習","","","七年級上","數與量","比與比例分配","基礎","單題選擇","甲、乙兩數的比為 2：3，兩數和為 40，較小的數是多少？","12","24","20","16","3","16","","總份數為 5，每份 40÷5＝8，較小數為 2×8＝16。 正確答案為「16」。","[""總份數＝2＋3＝5。"",""每份＝40÷5＝8。"",""較小數＝2×8＝16。 因此本題答案為「16」。""]","比值分配先加總份數，再求每份的量。","[]","","","","","","","","","","","","","","",""
"MAT-0915","數學","原創會考程度練習","","","九年級","幾何","扇形圓心角比例","基礎","單題選擇","半徑 12 公分的圓形地毯裁出圓心角 120° 的扇形，這塊扇形地毯的面積以 π 表示是多少平方公分？","48π","36π","24π","12π","0","48π","","扇形占全圓的 120°/360°＝1/3；全圓面積為 π×12²＝144π，因此扇形面積為 48π 平方公分。","[""扇形占全圓比例＝120°÷360°＝1/3。"",""全圓面積＝π×12²＝144π 平方公分。"",""扇形面積＝144π×1/3＝48π 平方公分。 因此本題答案為「48π」。""]","先求圓心角比例，再乘整個圓的面積；別把半徑當直徑。","[]","","","","","","","","","","","","","","",""
"MAT-0916","數學","原創會考程度練習","","","七年級上","統計與機率","全距","基礎","單題選擇","資料 6、11、8、15、9 的全距是多少？","7","9","8","10","1","9","","全距＝最大值−最小值＝15−6＝9。 正確答案為「9」。","[""找出最大值 15 與最小值 6。"",""用最大值減最小值。"",""全距＝15−6＝9。 因此本題答案為「9」。""]","全距只看最大與最小資料，不必先求平均。","[]","","","","","","","","","","","","","","",""
"MAT-0917","數學","原創會考程度練習","","","七年級上","數與量","折數與百分率","基礎","單題選擇","一件外套原價 2400 元，先打 75 折，再使用 200 元折價券（折價券於折扣後扣抵），最後需付多少元？","1500","1700","1600","1900","2","1600","","75 折後為 2400×0.75＝1800 元，再扣 200 元折價券，實付 1600 元。","[""折扣後價格＝2400×0.75＝1800 元。"",""折價券在折扣後扣抵 200 元。"",""實付＝1800−200＝1600 元。 因此本題答案為「1600」。""]","先算折扣，再扣固定面額折價券；不可把 200 元也乘上折數。","[]","","","","","","","","","","","","","","",""
"MAT-0918","數學","原創會考程度練習","","","九年級","數與量","往返平均速率","中等","單題選擇","甲、乙兩地相距 120 公里，去程速率每小時 60 公里，回程每小時 40 公里，往返平均速率是多少？","45","50","52","48","3","48","","總路程 240 公里，總時間 120÷60＋120÷40＝2＋3＝5 小時，平均速率＝240÷5＝48 公里／小時。 正確答案為「48」。","[""去程時間＝120÷60＝2 小時，回程時間＝120÷40＝3 小時。"",""往返平均速率＝總路程÷總時間＝240÷5。"",""平均速率為 48 公里／小時。 因此本題答案為「48」。""]","往返路程相同但速率不同時，不能直接把兩速率作算術平均。","[]","","","","","","","","","","","","","","",""
"MAT-0919","數學","原創會考程度練習","","","八年級下","代數","聯立方程式與套票價格差","中等","單題選擇","遊樂園兩種套票分別為「2 張成人票＋1 張學生票」共 19 百元，以及「1 張成人票＋2 張學生票」共 17 百元。成人票比學生票貴多少百元？","2 百元","3 百元","5 百元","7 百元","0","2 百元","","設成人票價為 a、學生票價為 s（單位：百元），依兩種套票列出 2a＋s＝19、a＋2s＝17。第一式減第二式得 a−s＝2，因此成人票比學生票貴 2 百元。代回可得 a＝7、s＝5，符合兩個套票總價。","[""設成人票價 a、學生票價 s（單位：百元），列出 2a＋s＝19 與 a＋2s＝17。"",""第一式減第二式，消去一份成人票與一份學生票，得到 a−s＝2。"",""成人票比學生票貴 2 百元；解得 a＝7、s＝5，代回皆符合題目總價。""]","先把票價單位統一，再按每種套票的票數列聯立方程；題目若問價差，求 a−s 即可，不必只求單一票價。","[]","","","","","","","","","","","","","","",""
"MAT-0920","數學","原創會考程度練習","","","九年級","幾何","扇形弧長","中等","單題選擇","半徑 9 公分的圓中，60° 扇形的弧長是多少公分？","2π","3π","6π","9π","1","3π","","弧長＝60/360×2π×9＝3π 公分。 正確答案為「3π」。","[""圓心角占全圓比例＝60/360＝1/6。"",""全圓周長＝2π×9＝18π。"",""弧長＝18π×1/6＝3π 公分。 因此本題答案為「3π」。""]","弧長是圓周長乘圓心角比例，不要誤用扇形面積公式。","[]","","","","","","","","","","","","","","",""
"MAT-0921","數學","原創會考程度練習","","","七年級上","數與量","時間間隔","基礎","單題選擇","一班火車上午 8 時 17 分出發，上午 10 時 02 分抵達，行車時間為幾小時幾分鐘？","1 小時 35 分","1 小時 55 分","1 小時 45 分","2 小時 15 分","2","1 小時 45 分","","8:17 到 9:17 為 1 小時，再到 10:02 為 45 分鐘，合計 1 小時 45 分。 正確答案為「1 小時 45 分」。","[""先從 8:17 算到 9:17，經過 1 小時。"",""9:17 到 10:02 經過 45 分鐘。"",""總時間為 1 小時 45 分鐘。 因此本題答案為「1 小時 45 分」。""]","跨整點計算時可先走到下一個整點，再算剩餘時間。","[]","","","","","","","","","","","","","","",""
"MAT-0922","數學","原創會考程度練習","","","七年級下","代數","一元一次方程式與括號","基礎","單題選擇","學校購買 3 組相同的實驗材料，每組售價為 (x−2) 百元，總價為 21 百元。x 是多少？","7","10","8","9","3","9","","依總價列式 3(x−2)＝21，兩邊除以 3 得 x−2＝7，因此 x＝9。","[""設每組價格為 (x−2) 百元，三組總價列式 3(x−2)＝21。"",""兩邊除以 3：x−2＝7。"",""兩邊加 2，得 x＝9。 因此本題答案為「9」。""]","括號代表每組整體價格；總價方程兩邊同除組數，再解括號內未知量。","[]","","","","","","","","","","","","","","",""
"MAT-0923","數學","原創會考程度練習","","","七年級上","幾何","立體縮放與體積倍率","中等","單題選擇","一個正方體模型的邊長放大為原來的 2 倍，新模型的體積是原來的幾倍？","8 倍","2 倍","4 倍","6 倍","0","8 倍","","正方體體積與邊長的三次方成正比。邊長變為 2 倍，體積倍率為 2³＝8，因此新體積是原來的 8 倍。","[""正方體體積公式是邊長×邊長×邊長，也就是邊長的三次方。"",""每個方向的邊長都放大 2 倍，因此體積倍率要將 2 相乘三次。"",""體積倍率＝2×2×2＝2³＝8 倍，選 A。""]","立體長度倍率為 k 時，體積倍率為 k³；不要把面積的平方倍率套用到體積。","[]","","","","","","","","","","","","","","",""
"MAT-0924","數學","原創會考程度練習","","","七年級上","數與量","比值情境應用","基礎","單題選擇","某飲料配方中果汁與水的體積比為 2：5，若果汁用 300 毫升，需加多少毫升的水？","600","750","700","900","1","750","","2 份對應 300 毫升，每份 150 毫升，水為 5×150＝750 毫升。 正確答案為「750」。","[""果汁 2 份相當於 300 毫升，每份＝300÷2＝150。"",""水為 5 份。"",""需水 5×150＝750 毫升。 因此本題答案為「750」。""]","比例中兩個量的份數須依相同單位基準換算。","[]","","","","","","","","","","","","","","",""
"MAT-0925","數學","原創會考程度練習","","","七年級下","幾何","互補角","基礎","單題選擇","兩個互補角中，一角為 38°，另一角是多少度？","42°","52°","142°","152°","2","142°","","互補角和為 180°，另一角＝180°−38°＝142°。 正確答案為「142°」。","[""互補角的角度和為 180°。"",""用 180° 減去已知角 38°。"",""另一角為 142°。 因此本題答案為「142°」。""]","互補角相加為 180°；互餘角才是 90°。","[]","","","","","","","","","","","","","","",""
"MAT-0926","數學","原創會考程度練習","","","九年級上","代數","一次函數代入求值","基礎","單題選擇","函數 y＝3x−4 中，當 x＝5 時，y 等於多少？","7","15","19","11","3","11","","代入 x＝5，y＝3×5−4＝11。 正確答案為「11」。","[""將 x＝5 代入函數式。"",""先乘：3×5＝15，再減 4。"",""y＝11。 因此本題答案為「11」。""]","依運算順序先乘除、後加減。","[]","","","","","","","","","","","","","","",""
"MAT-0927","數學","原創會考程度練習","","","九年級","統計與機率","事件聯集與重疊計數","中等","單題選擇","一個轉盤平均分成標示 1 至 12 的 12 格，指針停在每格的機會相同。指針停在 3 的倍數或 4 的倍數的機率是多少？","1/3","1/2","7/12","2/3","1","1/2","","1 至 12 中 3 的倍數有 4 個，4 的倍數有 3 個，但 12 同時屬於兩類。符合「或」的格數為 4＋3－1＝6 格，機率為 6/12＝1/2，答案 B。","[""先列出事件：3 的倍數有 3、6、9、12，共 4 格；4 的倍數有 4、8、12，共 3 格。"",""用兩群數量相加時，12 被算了兩次，所以應扣回一次：4＋3－1＝6 格。"",""符合條件的機率＝6/12＝1/2，選 B。""]","「A 或 B」計數要檢查交集；同時屬於兩類的結果只能算一次。","[]","","","","","","","","","","","","","","",""
"MAT-0928","數學","原創會考程度練習","","","八年級下","幾何","長方形對角線與畢氏定理","中等","單題選擇","長方形對角線長 13 公分，短邊長 5 公分，長邊長是多少公分？","8","12","18","10","1","12","","由畢氏定理，長邊²＝13²−5²＝144，長邊為 12 公分。 正確答案為「12」。","[""長方形對角線與兩邊構成直角三角形。"",""長邊²＝13²−5²＝144。"",""長邊＝12 公分。 因此本題答案為「12」。""]","對角線為斜邊，求另一股用斜邊平方減已知股平方。","[]","","","","","","","","","","","","","","",""
"MAT-0929","數學","原創會考程度練習","","","八年級上","數與量","等差數列通項","中等","單題選擇","圖案第 1 階段用 5 塊磁磚，每增加一個階段就多用 4 塊。第 10 階段需要幾塊磁磚？","39","37","41","45","2","41","","磁磚數形成首項 5、公差 4 的等差數列，第 10 階段為 5＋(10−1)×4＝41 塊。","[""第 1 階段用 5 塊，每階段增加 4 塊。"",""從第 1 階段到第 10 階段共有 9 次增加。"",""用量＝5＋9×4＝41 塊。 因此本題答案為「41」。""]","由第 1 階段到第 n 階段只增加 n−1 次，別多算一次增量。","[]","","","","","","","","","","","","","","",""
"MAT-0930","數學","原創會考程度練習","","","七年級上","幾何","直角三角形面積","基礎","單題選擇","一個直角三角形兩股長 9 公分與 12 公分，面積是多少平方公分？","42","48","108","54","3","54","","兩股互相垂直，一股為底、一股為高，面積＝9×12÷2＝54。 正確答案為「54」。","[""直角三角形的兩股互相垂直。"",""面積＝底×高÷2＝9×12÷2。"",""面積為 54 平方公分。 因此本題答案為「54」。""]","只有互相垂直的邊可直接作為三角形的底與高。","[]","","","","","","","","","","","","","","",""
"MAT-0931","數學","原創會考程度練習","","","九年級上","代數","一元二次方程式根與係數","中等","單題選擇","一元二次方程式 x²−7x＋10＝0 的兩根之和是多少？","7","5","10","−7","0","7","","因式分解為 (x−2)(x−5)＝0，兩根為 2、5，和為 7。 正確答案為「7」。","[""尋找乘積 10、和 7 的兩數 2 與 5。"",""分解得 (x−2)(x−5)＝0。"",""兩根為 2、5，和為 7。 因此本題答案為「7」。""]","題目問兩根和，不是根的乘積或單一根。","[]","","","","","","","","","","","","","","",""
"MAT-0932","數學","原創會考程度練習","","","九年級上","代數","由兩點求斜率","基礎","單題選擇","直線通過 (1,2) 與 (4,8)，斜率為多少？","2","3","1","6","0","2","","斜率＝(8−2)÷(4−1)＝6÷3＝2。 正確答案為「2」。","[""縱坐標變化量＝8−2＝6。"",""橫坐標變化量＝4−1＝3。"",""斜率＝6/3＝2。 因此本題答案為「2」。""]","座標差的先後順序要一致，y 差除以 x 差。","[]","","","","","","","","","","","","","","",""
"MAT-0933","數學","原創會考程度練習","","","八年級下","數與量","工作效率與合作","中等","單題選擇","一項工作由甲單獨完成需 6 小時，由乙單獨完成需 3 小時，兩人合作需幾小時？","1 小時","2 小時","1.5 小時","3 小時","1","2 小時","","每小時完成量為 1/6＋1/3＝1/2，故需 1÷(1/2)＝2 小時。 正確答案為「2 小時」。","[""甲每小時完成 1/6，乙每小時完成 1/3。"",""合作效率＝1/6＋1/3＝1/2 項工作／小時。"",""完成一項工作需 2 小時。 因此本題答案為「2 小時」。""]","工作時間不能直接相加或取平均，應先合併每小時工作量。","[]","","","","","","","","","","","","","","",""
"MAT-0934","數學","原創會考程度練習","","","七年級上","數與量","百分率與稅金","基礎","單題選擇","一台電腦標價 20,000 元，先打 9 折，再對折後價格加收 5% 稅金，最後需付多少元？","18,500","20,000","18,900","19,000","2","18,900","","先打 9 折：20,000×0.9＝18,000 元；稅金以折後價計算，18,000×1.05＝18,900 元。","[""折後價格＝20,000×0.9＝18,000 元。"",""稅額＝18,000×5%＝900 元。"",""含稅總額＝18,000＋900＝18,900 元。 因此本題答案為「18,900」。""]","稅率以折後價為基準；先折扣再計稅，不能直接用原價計算稅額。","[]","","","","","","","","","","","","","","",""
"MAT-0935","數學","原創會考程度練習","","","八年級上","幾何","對頂角與相鄰角","基礎","單題選擇","兩條直線相交形成一個 67° 角，與它相鄰的角是多少度？","23°","67°","123°","113°","3","113°","","相鄰兩角為一對平角，和為 180°，故另一角＝180°−67°＝113°。 正確答案為「113°」。","[""相鄰角組成一直線，角度和為 180°。"",""計算 180°−67°。"",""另一角為 113°。 因此本題答案為「113°」。""]","相鄰角和為 180°，對頂角才相等。","[]","","","","","","","","","","","","","","",""
"MAT-0936","數學","原創會考程度練習","","","七年級上","統計與機率","平均數與新增資料","中等","單題選擇","某組 4 個數的平均為 12，加入一個數 17 後，5 個數的平均是多少？","13","12","14","15","0","13","","原總和＝4×12＝48，加入 17 後總和 65，新平均＝65÷5＝13。 正確答案為「13」。","[""原 4 個數總和＝4×12＝48。"",""加入 17 後總和為 65，共 5 個數。"",""新平均＝65÷5＝13。 因此本題答案為「13」。""]","平均數變動題先還原總和，再加入新資料計算。","[]","","","","","","","","","","","","","","",""
"MAT-0937","數學","原創會考程度練習","","","八年級上","代數","一元一次不等式負係數","基礎","單題選擇","解不等式 −3x＜12。","x＜−4","x＜4","x＞4","x＞−4","3","x＞−4","","兩邊同除以 −3，不等號反向，得 x＞−4。 正確答案為「x＞−4」。","[""兩邊同除以 −3。"",""除以負數時不等號反向。"",""解為 x＞−4。 因此本題答案為「x＞−4」。""]","不等式兩邊同乘除負數時，方向必須反轉。","[]","","","","","","","","","","","","","","",""
"MAT-0938","數學","原創會考程度練習","","","八年級上","數與量","同底數冪相除","基礎","單題選擇","化簡 5⁶÷5³。","5²","5³","5⁹","15³","1","5³","","同底數相除，指數相減：5⁶÷5³＝5³。 正確答案為「5³」。","[""辨認被除數與除數底數相同。"",""同底數相除時指數相減：6−3＝3。"",""結果為 5³。 因此本題答案為「5³」。""]","同底數相除是指數相減，不能將指數相加。","[]","","","","","","","","","","","","","","",""
"MAT-0939","數學","原創會考程度練習","","","七年級上","數與量","百分率計算","基礎","單題選擇","某班 40 人中有 30 人通過測驗，通過率是多少？","60%","70%","75%","80%","2","75%","","通過率＝30÷40＝0.75＝75%。 正確答案為「75%」。","[""用通過人數除以總人數：30÷40。"",""化為小數 0.75。"",""通過率為 75%。 因此本題答案為「75%」。""]","百分率可由部分量除以總量，再乘 100%。","[]","","","","","","","","","","","","","","",""
"MAT-0940","數學","原創會考程度練習","","","九年級上","幾何","座標平面兩點距離","中等","單題選擇","座標平面上 A(1,2)、B(4,6)，線段 AB 長度是多少？","5","4","6","7","0","5","","水平差為 3、垂直差為 4，距離＝√(3²＋4²)＝5。 正確答案為「5」。","[""兩點 x 座標差為 4−1＝3，y 座標差為 6−2＝4。"",""套用兩點距離公式：√(3²＋4²)。"",""AB＝√25＝5。 因此本題答案為「5」。""]","座標距離需同時考慮水平與垂直差，使用畢氏定理。","[]","","","","","","","","","","","","","","",""
"MAT-0941","數學","原創會考程度練習","","","七年級上","數與量","百分率與分數複合計算","基礎","單題選擇","圖書館有 240 本新書，其中 45% 是科普書；科普書中有 1/3 已借出。仍在館內的科普書有幾本？","120","96","102","72","3","72","","科普書共 240×0.45＝108 本；借出 108×1/3＝36 本，館內尚有 108−36＝72 本。","[""科普書數量＝240×45%＝108 本。"",""借出的科普書＝108×1/3＝36 本。"",""館內剩餘＝108−36＝72 本。 因此本題答案為「72」。""]","先求部分量，再依部分量計算其分數；勿把 1/3 直接套用到全部 240 本。","[]","","","","","","","","","","","","","","",""
"MAT-0942","數學","原創會考程度練習","","","七年級下","代數","一元一次方程式含未知數於等式兩側","中等","單題選擇","解方程式 5(x−2)＝3x＋8。","9","8","10","11","0","9","","先展開左側得 5x−10＝3x＋8；兩邊減 3x、加 10，得 2x＝18，所以 x＝9。","[""展開括號：5x−10＝3x＋8。"",""兩邊減去 3x 並加上 10，得 2x＝18。"",""兩邊除以 2，解得 x＝9；代回兩側皆為 35。""]","未知數出現在等式兩側時，先用等量公理把未知數項集中到一側，再整理常數。","[]","","","","","","","","","","","","","","",""
"MAT-0943","數學","原創會考程度練習","","","九年級","幾何","多邊形內角和","基礎","單題選擇","一個凸六邊形的內角和是多少度？","540°","720°","600°","900°","1","720°","","六邊形內角和＝(6−2)×180°＝720°。 正確答案為「720°」。","[""六邊形有 6 邊。"",""套用內角和公式 (n−2)×180°。"",""內角和為 720°。 因此本題答案為「720°」。""]","多邊形內角和公式中的 n 是邊數。","[]","","","","","","","","","","","","","","",""
"MAT-0944","數學","原創會考程度練習","","","八年級上","幾何","菱形對角線與面積反求","中等","單題選擇","菱形面積為 80 平方公分，其中一條對角線長 10 公分。另一條對角線長多少公分？","8 公分","12 公分","16 公分","20 公分","2","16 公分","","菱形面積＝兩對角線乘積÷2。設另一對角線為 d，80＝10×d÷2，故 d＝160÷10＝16 公分，答案 C。","[""設未知對角線為 d，列式 80＝10d÷2。"",""兩邊乘 2 得 160＝10d，再除以 10。"",""另一條對角線長 16 公分，選 C。""]","反求對角線時要把面積公式倒過來；兩條對角線乘積是面積的兩倍。","[]","","","","","","","","","","","","","","",""
"MAT-0945","數學","原創會考程度練習","","","七年級上","統計與機率","偶數筆資料的中位數","基礎","單題選擇","資料 3、5、8、12 的中位數是多少？","7.5","5","8","6.5","3","6.5","","4 筆資料排序後，中位數為中間兩數平均：(5＋8)÷2＝6.5。 正確答案為「6.5」。","[""資料已由小到大排列。"",""偶數筆資料的中位數取中央兩數平均。"",""中位數＝(5＋8)÷2＝6.5。 因此本題答案為「6.5」。""]","偶數筆資料沒有單一中央值，須平均中間兩筆。","[]","","","","","","","","","","","","","","",""
"MAT-0946","數學","原創會考程度練習","","","七年級上","數與量","比與比例分配","基礎","單題選擇","甲、乙兩數的比為 3：2，且和為 85，較小的數是多少？","34","45","51","40","0","34","","總份數 5，每份 85÷5＝17，較小數為 2×17＝34。 正確答案為「34」。","[""比的總份數＝3＋2＝5。"",""每份量＝85÷5＝17。"",""較小數＝2×17＝34。 因此本題答案為「34」。""]","判斷較小數對應比中的較小份數。","[]","","","","","","","","","","","","","","",""
"MAT-0947","數學","原創會考程度練習","","","七年級上","數與量","百分率加成與固定折抵","基礎","單題選擇","一筆 800 元餐費先加收 15% 服務費，再使用 40 元折價券抵扣（折價券於服務費後使用），最後需付多少元？","920","880","900","940","1","880","","服務費＝800×0.15＝120 元，含服務費共 920 元；再扣 40 元折價券，應付 880 元。","[""服務費＝800×15%＝120 元。"",""加上服務費後共 800＋120＝920 元。"",""再抵扣 40 元，實付 880 元。 因此本題答案為「880」。""]","依題目順序先加服務費、再扣固定折價券；不要把券額套用百分率。","[]","","","","","","","","","","","","","","",""
"MAT-0948","數學","原創會考程度練習","","","八年級上","數與量","等差數列通項","中等","單題選擇","等差數列 3、8、13、18、… 的第 12 項是多少？","53","63","58","68","2","58","","首項 3、公差 5，第 12 項＝3＋(12−1)×5＝58。 正確答案為「58」。","[""首項為 3，公差為 5。"",""第 n 項＝首項＋(n−1)×公差。"",""第 12 項＝3＋55＝58。 因此本題答案為「58」。""]","第 12 項與首項之間有 11 次公差。","[]","","","","","","","","","","","","","","",""
"MAT-0949","數學","原創會考程度練習","","","九年級","數與量","單利計算","基礎","單題選擇","存入 4,000 元，年利率 5%，以單利計算 2 年後可得多少利息？","200","800","500","400","3","400","","單利＝本金×年利率×年數＝4,000×0.05×2＝400 元。 正確答案為「400」。","[""將百分率換成小數：5%＝0.05。"",""單利＝4,000×0.05×2。"",""利息為 400 元。 因此本題答案為「400」。""]","題目指明單利，利息每年以原本金計算。","[]","","","","","","","","","","","","","","",""
"MAT-0950","數學","原創會考程度練習","","","九年級","幾何","圓柱體積","基礎","單題選擇","一個圓柱形水槽底面半徑 3 公尺、高 10 公尺，目前裝到一半高度。槽內水的體積以 π 表示是多少立方公尺？","45π","60π","120π","30π","0","45π","","水高為 10÷2＝5 公尺，水體積＝π×3²×5＝45π 立方公尺。","[""水高為水槽高度的一半：10÷2＝5 公尺。"",""圓柱水體積＝底面積×水高＝π×3²×5。"",""水體積為 45π 立方公尺。 因此本題答案為「45π」。""]","只代入水的高度，不可使用水槽的完整高度；體積單位要立方。","[]","","","","","","","","","","","","","","",""
"MAT-0951","數學","原創會考程度練習","","","九年級上","代數","一次函數反求自變數","基礎","單題選擇","若 y＝2x＋1，當 y＝13 時，x 等於多少？","5","6","7","12","1","6","","將 y＝13 代入，13＝2x＋1，故 2x＝12，x＝6。 正確答案為「6」。","[""代入 y＝13：13＝2x＋1。"",""兩邊減 1 得 2x＝12。"",""解得 x＝6。 因此本題答案為「6」。""]","已知函數值反求自變數時，將 y 值代入後解方程式。","[]","","","","","","","","","","","","","","",""
"MAT-0952","數學","原創會考程度練習","","","八年級上","幾何","座標軸對稱","基礎","單題選擇","點 (−3,4) 對 x 軸反射後的座標為何？","(3,4)","(−3,−4)","(3,−4)","(4,−3)","1","(−3,−4)","","對 x 軸反射時 x 座標不變，y 座標變號，因此為 (−3,−4)。 正確答案為「(−3,−4)」。","[""反射對稱於 x 軸，水平位置不變。"",""y 座標由 4 變成 −4。"",""新座標為 (−3,−4)。 因此本題答案為「(−3,−4)」。""]","對 x 軸反射只改變 y 的正負；對 y 軸反射則改變 x。","[]","","","","","","","","","","","","","","",""
"MAT-0953","數學","原創會考程度練習","","","八年級下","代數","聯立方程式消去法","基礎","單題選擇","解聯立方程式 2x＋y＝11、x−y＝1，x 等於多少？","3","5","4","6","2","4","","兩式相加得 3x＝12，因此 x＝4。 正確答案為「4」。","[""將兩式相加消去 y。"",""3x＝11＋1＝12。"",""解得 x＝4。 因此本題答案為「4」。""]","相加前檢查 y 係數互為相反數，便可直接消去。","[]","","","","","","","","","","","","","","",""
"MAT-0954","數學","原創會考程度練習","","","七年級上","數與量","倍數與範圍判斷","基礎","單題選擇","正整數 n 滿足 30＜n＜40 且為 6 的倍數，n 是多少？","32","34","38","36","3","36","","30 與 40 之間的 6 倍數為 36。 正確答案為「36」。","[""列出附近的 6 倍數：6×5＝30，6×6＝36，6×7＝42。"",""只有 36 嚴格介於 30 與 40。"",""所以 n＝36。 因此本題答案為「36」。""]","不等式是嚴格介於，端點 30 不符合。","[]","","","","","","","","","","","","","","",""
"MAT-0955","數學","原創會考程度練習","","","九年級","幾何","扇形面積","中等","單題選擇","半徑 4 公分的圓中，90° 扇形面積是多少平方公分？","4π","2π","8π","16π","0","4π","","扇形占全圓 90/360＝1/4，面積＝1/4×π×4²＝4π。 正確答案為「4π」。","[""圓心角占全圓比例為 1/4。"",""整個圓面積＝π×4²＝16π。"",""扇形面積＝16π×1/4＝4π。 因此本題答案為「4π」。""]","求扇形面積要用圓面積乘角度比例，不是弧長公式。","[]","","","","","","","","","","","","","","",""
"MAT-0956","數學","原創會考程度練習","","","九年級","數與量","連續百分率折減","中等","單題選擇","某商品原價 1,500 元，先降價 20%，再降價 10%，最後售價是多少元？","1,050","1,080","1,100","1,200","1","1,080","","第一次後為 1,500×0.8＝1,200 元；再降 10% 得 1,200×0.9＝1,080 元。 正確答案為「1,080」。","[""第一次降價後價格＝1,500×0.8＝1,200。"",""第二次以新價格計算：1,200×0.9。"",""最後售價為 1,080 元。 因此本題答案為「1,080」。""]","連續降價須以前一次降價後的價格為基準。","[]","","","","","","","","","","","","","","",""
"MAT-0957","數學","原創會考程度練習","","","八年級上","幾何","四邊形內角和","基礎","單題選擇","四邊形內角為 85°、92°、101° 與 x°，x 是多少度？","92°","72°","82°","102°","2","82°","","四邊形內角和為 360°，x＝360°−85°−92°−101°＝82°。 正確答案為「82°」。","[""四邊形內角和＝(4−2)×180°＝360°。"",""已知三角和為 278°。"",""x＝360°−278°＝82°。 因此本題答案為「82°」。""]","先使用四邊形內角和，再扣除已知三角。","[]","","","","","","","","","","","","","","",""
"MAT-0958","數學","原創會考程度練習","","","九年級","統計與機率","字母抽取機率","中等","單題選擇","英文單字 MATHEMATICS 共 11 個字母，隨機選一個字母，選到母音字母的機率是多少？","3/11","5/11","6/11","4/11","3","4/11","","MATHEMATICS 中母音為 A、E、A、I 共 4 個位置，機率為 4/11。 正確答案為「4/11」。","[""總字母位置數為 11。"",""母音位置是 A、E、A、I，共 4 個。"",""機率＝4/11。 因此本題答案為「4/11」。""]","相同字母出現多次時，各位置仍是不同的抽取結果。","[]","","","","","","","","","","","","","","",""
"MAT-0959","數學","原創會考程度練習","","","九年級上","代數","零乘積性質解方程式","基礎","單題選擇","方程式 (x−3)(x＋4)＝0 的解為何？","−3、4","3、4","3、−4","−3、−4","2","3、−4","","由零乘積性質，x−3＝0 或 x＋4＝0，因此 x＝3 或 x＝−4。 正確答案為「3、−4」。","[""利用零乘積性質，令各因式分別為 0。"",""x−3＝0 得 x＝3；x＋4＝0 得 x＝−4。"",""兩解為 3、−4。 因此本題答案為「3、−4」。""]","因式 x＋4＝0 的解是 −4，注意移項後符號。","[]","","","","","","","","","","","","","","",""
"MAT-0960","數學","原創會考程度練習","","","八年級下","幾何","畢氏定理求斜邊","基礎","單題選擇","某直角三角形的兩股長為 7 公分與 24 公分，斜邊長是多少公分？","31","26","29","25","3","25","","依畢氏定理，斜邊＝√(7²＋24²)＝√625＝25 公分。 正確答案為「25」。","[""斜邊平方＝兩股平方和。"",""計算 7²＋24²＝49＋576＝625。"",""斜邊＝25 公分。 因此本題答案為「25」。""]","求斜邊要將兩股平方相加，再開平方。","[]","","","","","","","","","","","","","","",""
"MAT-0961","數學","原創會考程度練習","","","八年級上","幾何","等腰三角形內角","基礎","單題選擇","等腰三角形的兩個底角各為 42°，頂角是多少度？","96°","84°","108°","138°","0","96°","","三角形內角和 180°，頂角＝180°−42°−42°＝96°。 正確答案為「96°」。","[""等腰三角形的兩個底角相等。"",""兩底角和為 42°×2＝84°。"",""頂角＝180°−84°＝96°。 因此本題答案為「96°」。""]","內角和為 180°，且等腰三角形底角相等。","[]","","","","","","","","","","","","","","",""
"MAT-0962","數學","原創會考程度練習","","","七年級下","數與量","小數方程式","基礎","單題選擇","若 0.6x＝4.8，x 等於多少？","6","8","7","9","1","8","","兩邊同除以 0.6，x＝4.8÷0.6＝8。 正確答案為「8」。","[""將方程式兩邊同除以 0.6。"",""計算 4.8÷0.6。"",""x＝8。 因此本題答案為「8」。""]","小數除法可將被除數與除數同乘 10，化成 48÷6。","[]","","","","","","","","","","","","","","",""
"MAT-0963","數學","原創會考程度練習","","","八年級下","代數","聯立方程式消去法","基礎","單題選擇","解聯立方程式 x＋y＝10、2x−y＝8，x 等於多少？","4","5","6","7","2","6","","兩式相加得 3x＝18，所以 x＝6。 正確答案為「6」。","[""將兩式相加消去 y。"",""3x＝10＋8＝18。"",""x＝6。 因此本題答案為「6」。""]","相加消去後仍要將係數除掉，不能把 3x＝18 誤看成 x＝18。","[]","","","","","","","","","","","","","","",""
"MAT-0964","數學","原創會考程度練習","","","七年級上","幾何","長方體表面積","基礎","單題選擇","一個沒有上蓋的長方體收納盒，長 2 公分、寬 3 公分、高 4 公分。製作盒身至少需要多少平方公分的材料？（不計接縫）","38 平方公分","42 平方公分","48 平方公分","46 平方公分","3","46 平方公分","","無上蓋收納盒包含底面與四個側面：底面 2×3＝6；兩個長側面共 2×(2×4)＝16；兩個寬側面共 2×(3×4)＝24。總面積 6＋16＋24＝46 平方公分，答案 D。","[""盒底面積為 2×3＝6 平方公分。"",""四個側面面積合計為 2×2×4＋2×3×4＝16＋24＝40 平方公分。"",""不含上蓋，材料面積為 6＋40＝46 平方公分，選 D。""]","無上蓋盒子不計頂面；逐一列出底面與兩組側面，避免誤用完整長方體表面積。","[]","","","","","","","","","","","","","","",""
"MAT-0965","數學","原創會考程度練習","","","七年級上","數與量","公升與毫升換算","基礎","單題選擇","水壺有 1.5 公升的水，倒出 650 毫升後，還剩多少毫升？","850","800","950","750","0","850","","1.5 公升＝1,500 毫升，剩下 1,500−650＝850 毫升。 正確答案為「850」。","[""先統一單位：1.5 公升＝1,500 毫升。"",""用 1,500−650。"",""剩下 850 毫升。 因此本題答案為「850」。""]","加減不同單位的量前，先換成相同單位。","[]","","","","","","","","","","","","","","",""
"MAT-0966","數學","原創會考程度練習","","","七年級上","幾何","三角形內角和","基礎","單題選擇","三角形兩個內角為 48° 與 67°，第三個內角是多少度？","55°","65°","85°","75°","1","65°","","第三角＝180°−48°−67°＝65°。 正確答案為「65°」。","[""三角形內角和為 180°。"",""已知兩角和為 48°＋67°＝115°。"",""第三角為 180°−115°＝65°。 因此本題答案為「65°」。""]","三角形三內角相加必為 180°。","[]","","","","","","","","","","","","","","",""
"MAT-0967","數學","原創會考程度練習","","","八年級上","代數","一元一次不等式","基礎","單題選擇","若 5x−3＞12，x 的範圍為何？","x＜3","x＞3","x＞15","x＜15","1","x＞3","","兩邊加 3 得 5x＞15，再除以正數 5，x＞3。 正確答案為「x＞3」。","[""兩邊同加 3：5x＞15。"",""兩邊同除以正數 5，不等號不變。"",""x＞3。 因此本題答案為「x＞3」。""]","除以正數時不等號方向維持不變。","[]","","","","","","","","","","","","","","",""
"MAT-0968","數學","原創會考程度練習","","","七年級上","數與量","乘除混合與平均分配","基礎","單題選擇","每盒彩筆有 8 支，買 5 盒後平均分給 4 位學生，每人可分到幾支？","8","12","10","16","2","10","","總支數 8×5＝40，每人分得 40÷4＝10 支。 正確答案為「10」。","[""先求總支數：8×5＝40。"",""平均分給 4 人：40÷4。"",""每人 10 支。 因此本題答案為「10」。""]","先算總量，再依分配人數平均分。","[]","","","","","","","","","","","","","","",""
"MAT-0969","數學","原創會考程度練習","","","九年級","統計與機率","獨立事件機率與放回抽取","中等","單題選擇","袋中有 2 顆紅球與 3 顆藍球，每次取一顆後放回，連取兩次都取到紅球的機率是多少？","2/5","4/10","1/5","4/25","3","4/25","","每次取紅球機率為 2/5，放回後兩次獨立，機率＝2/5×2/5＝4/25。 正確答案為「4/25」。","[""一次取到紅球的機率＝2/(2＋3)＝2/5。"",""取後放回，兩次機率相同且互相獨立。"",""連續兩次紅球機率＝2/5×2/5＝4/25。 因此本題答案為「4/25」。""]","有放回代表每次總球數與各色球數不變。","[]","","","","","","","","","","","","","","",""
"MAT-0970","數學","原創會考程度練習","","","八年級上","數與量","等差數列通項","中等","單題選擇","一個等差數列首項為 4、公差為 3，第 15 項是多少？","46","45","49","43","0","46","","第 15 項＝4＋(15−1)×3＝46。 正確答案為「46」。","[""首項為 4，公差為 3。"",""第 n 項＝首項＋(n−1)×公差。"",""第 15 項＝4＋42＝46。 因此本題答案為「46」。""]","從第一項到第十五項經過 14 次公差。","[]","","","","","","","","","","","","","","",""
"MAT-0971","數學","原創會考程度練習","","","九年級上","代數","一元二次方程式因式分解","中等","單題選擇","解方程式 x²＋x−12＝0。","x＝3 或 −4","x＝4 或 −3","x＝2 或 −6","x＝−2 或 6","0","x＝3 或 −4","","因式分解為 (x＋4)(x−3)＝0，故 x＝−4 或 3。 正確答案為「x＝3 或 −4」。","[""尋找乘積 −12、和 1 的兩數 4 與 −3。"",""分解為 (x＋4)(x−3)＝0。"",""解為 x＝−4 或 x＝3。 因此本題答案為「x＝3 或 −4」。""]","常數項為負，兩根異號；代回原式可檢查。","[]","","","","","","","","","","","","","","",""
"MAT-0972","數學","原創會考程度練習","","","七年級上","幾何","長方形周長反求邊長","基礎","單題選擇","長方形周長為 34 公分，長為 10 公分，寬是多少公分？","5","7","10","14","1","7","","2(長＋寬)＝34，長＋寬＝17，寬＝17−10＝7 公分。 正確答案為「7」。","[""周長除以 2 得長與寬的和：34÷2＝17。"",""寬＝17−10。"",""寬為 7 公分。 因此本題答案為「7」。""]","周長不是長加寬，而是長寬和的兩倍。","[]","","","","","","","","","","","","","","",""
"MAT-0973","數學","原創會考程度練習","","","八年級","幾何","圓周長","基礎","單題選擇","圓的直徑為 21 公分，圓周長以 π 表示是多少公分？","10.5π","42π","441π","21π","3","21π","","圓周長＝π×直徑＝21π 公分。 正確答案為「21π」。","[""已知直徑為 21 公分。"",""圓周長公式 C＝πd。"",""C＝21π 公分。 因此本題答案為「21π」。""]","已知直徑可直接用 πd，不要再乘以 2。","[]","","","","","","","","","","","","","","",""
"MAT-0974","數學","原創會考程度練習","","","七年級上","數與量","比值與差量","中等","單題選擇","甲、乙兩數的比為 5：7，兩數相差 24，較大的數是多少？","72","60","84","96","2","84","","相差 2 份對應 24，每份 12，較大數為 7×12＝84。 正確答案為「84」。","[""比值差為 7−5＝2 份。"",""每份量＝24÷2＝12。"",""較大數＝7×12＝84。 因此本題答案為「84」。""]","已知兩數差時，用比的份數差求每一份。","[]","","","","","","","","","","","","","","",""
"MAT-0975","數學","原創會考程度練習","","","七年級上","統計與機率","平均數反求未知資料","中等","單題選擇","五個數的平均為 14，其中四個數為 10、12、15、18，另一個數是多少？","16","13","14","15","3","15","","五數總和＝5×14＝70；已知四數和為 55，未知數＝70−55＝15。 正確答案為「15」。","[""五數總和＝平均×個數＝14×5＝70。"",""已知四數總和＝10＋12＋15＋18＝55。"",""未知數＝70−55＝15。 因此本題答案為「15」。""]","先用平均反推總和，再扣除已知資料。","[]","","","","","","","","","","","","","","",""
"MAT-0976","數學","原創會考程度練習","","","八年級","幾何","圓面積","基礎","單題選擇","半徑 6 公分的圓面積是多少平方公分？","36π","6π","12π","24π","0","36π","","圓面積＝πr²＝π×6²＝36π 平方公分。 正確答案為「36π」。","[""半徑 r＝6 公分。"",""套用圓面積公式 πr²。"",""面積＝36π 平方公分。 因此本題答案為「36π」。""]","圓面積中的半徑要平方。","[]","","","","","","","","","","","","","","",""
"MAT-0977","數學","原創會考程度練習","","","九年級上","幾何","座標中點","基礎","單題選擇","點 (−2,5) 與 (4,−3) 的中點座標為何？","(2,1)","(1,2)","(1,1)","(−1,1)","2","(1,1)","","中點座標為 ((−2＋4)/2,(5−3)/2)＝(1,1)。 正確答案為「(1,1)」。","[""中點 x 座標＝(−2＋4)÷2＝1。"",""中點 y 座標＝(5＋(−3))÷2＝1。"",""中點為 (1,1)。 因此本題答案為「(1,1)」。""]","中點座標是兩端點對應座標的平均。","[]","","","","","","","","","","","","","","",""
"MAT-0978","數學","原創會考程度練習","","","七年級上","數與量","正負數情境加法","基礎","單題選擇","某地氣溫由 8°C 上升 13°C，現在氣溫是多少？","21°C","−5°C","5°C","−21°C","0","21°C","","由 8°C 上升 13°C，計算 8＋13＝21°C。 正確答案為「21°C」。","[""起始溫度是 8°C。"",""上升 13°C 表示加 13。"",""現在為 21°C。 因此本題答案為「21°C」。""]","「上升」代表增加，留意題目中的正負方向。","[]","","","","","","","","","","","","","","",""
"MAT-0979","數學","原創會考程度練習","","","七年級上","數與量","比例式求未知量","基礎","單題選擇","若 a:b＝4:9 且 a＝28，b 是多少？","49","63","72","56","1","63","","4 份對應 28，每份 7，b 為 9×7＝63。 正確答案為「63」。","[""a 的 4 份等於 28，每份＝28÷4＝7。"",""b 代表 9 份。"",""b＝9×7＝63。 因此本題答案為「63」。""]","比例式中同一個比值單位要套用到兩個量。","[]","","","","","","","","","","","","","","",""
"MAT-0980","數學","原創會考程度練習","","","九年級","幾何","扇形比例與約分","基礎","單題選擇","一個圓心角為 150° 的扇形占全圓的幾分之幾？","1/2","2/3","5/12","3/4","2","5/12","","扇形比例＝150°÷360°＝150/360＝5/12。 正確答案為「5/12」。","[""全圓角度為 360°。"",""扇形比例＝150/360。"",""約分得 5/12。 因此本題答案為「5/12」。""]","分子分母同除以 30，可將 150/360 化簡為 5/12。","[]","","","","","","","","","","","","","","",""
"MAT-0981","數學","原創會考程度練習","","","七年級上","數與量","時分換算","基礎","單題選擇","一段影片長 2 小時 45 分鐘，總共是多少分鐘？","145","155","175","165","3","165","","2 小時＝120 分鐘，120＋45＝165 分鐘。 正確答案為「165」。","[""將 2 小時換成分鐘：2×60＝120。"",""再加上 45 分鐘。"",""總長 165 分鐘。 因此本題答案為「165」。""]","時間單位換算以 1 小時＝60 分鐘。","[]","","","","","","","","","","","","","","",""
"MAT-0982","數學","原創會考程度練習","","","七年級下","代數","一元一次方程式負係數","基礎","單題選擇","解方程式 7−2x＝−5。","6","−6","−4","4","0","6","","兩邊減 7 得 −2x＝−12，再除以 −2，x＝6。 正確答案為「6」。","[""兩邊同減 7：−2x＝−12。"",""兩邊同除以 −2。"",""x＝6。 因此本題答案為「6」。""]","負係數移項後，確認除以負數會改變解的正負。","[]","","","","","","","","","","","","","","",""
"MAT-0983","數學","原創會考程度練習","","","七年級上","數與量","異分母分數減法","基礎","單題選擇","計算 5/6−1/4。","7/12","1/2","2/3","3/4","0","7/12","","通分為 10/12−3/12＝7/12。 正確答案為「7/12」。","[""最小公分母為 12。"",""通分後 5/6＝10/12，1/4＝3/12。"",""相減得 7/12。 因此本題答案為「7/12」。""]","異分母分數先通分，再處理分子。","[]","","","","","","","","","","","","","","",""
"MAT-0984","數學","原創會考程度練習","","","八年級上","幾何","三角形外角定理","中等","單題選擇","三角形一個外角為 125°，與它不相鄰的兩個內角中，一角為 54°，另一角是多少度？","61°","71°","79°","109°","1","71°","","三角形外角等於兩個不相鄰內角和，另一角＝125°−54°＝71°。 正確答案為「71°」。","[""三角形外角等於兩個不相鄰內角的和。"",""設另一角為 x，54°＋x＝125°。"",""x＝71°。 因此本題答案為「71°」。""]","外角定理比較的是不相鄰的兩個內角。","[]","","","","","","","","","","","","","","",""
"MAT-0985","數學","原創會考程度練習","","","八年級上","幾何","梯形面積","基礎","單題選擇","梯形兩底長 9 公分與 15 公分，高為 7 公分，面積是多少平方公分？","72","78","84","96","2","84","","梯形面積＝(9＋15)×7÷2＝84 平方公分。 正確答案為「84」。","[""兩底和＝9＋15＝24 公分。"",""梯形面積＝24×7÷2。"",""面積為 84 平方公分。 因此本題答案為「84」。""]","高須垂直於兩底，面積公式要除以 2。","[]","","","","","","","","","","","","","","",""
"MAT-0986","數學","原創會考程度練習","","","八年級下","代數","聯立方程式加減消去法","基礎","單題選擇","解聯立方程式 3x＋2y＝16、x＋2y＝8，x 等於多少？","2","3","5","4","3","4","","第一式減第二式得 2x＝8，因此 x＝4。 正確答案為「4」。","[""兩式相減以消去 2y。"",""2x＝16−8＝8。"",""x＝4。 因此本題答案為「4」。""]","係數相同的同項相減可直接消去。","[]","","","","","","","","","","","","","","",""
"MAT-0987","數學","原創會考程度練習","","","七年級上","數與量","百分率求部分量","基礎","單題選擇","某校有 600 位學生，其中 18% 搭公車上學，搭公車者有幾人？","108","118","98","128","0","108","","600×0.18＝108 人。 正確答案為「108」。","[""將 18% 化為 0.18。"",""搭公車人數＝600×0.18。"",""共有 108 人。 因此本題答案為「108」。""]","求百分率對應人數，用總人數乘百分率。","[]","","","","","","","","","","","","","","",""
"MAT-0988","數學","原創會考程度練習","","","七年級上","統計與機率","眾數","基礎","單題選擇","資料 2、4、4、7、9、9、9 的眾數是多少？","4","9","7","4 和 9 都是眾數","1","9","","9 出現 3 次，次數最多，因此眾數為 9。 正確答案為「9」。","[""比較各數值出現次數。"",""9 出現 3 次，4 出現 2 次，其餘 1 次。"",""眾數是 9。 因此本題答案為「9」。""]","眾數是出現次數最多的資料值，不是中位數。","[]","","","","","","","","","","","","","","",""
"MAT-0989","數學","原創會考程度練習","","","九年級","統計與機率","重複試驗機率","中等","單題選擇","公平硬幣連續投擲 3 次，恰好出現 2 次正面的機率是多少？","1/2","1/8","3/8","5/8","2","3/8","","8 種等可能結果中，恰有 2 次正面的排列有 3 種，機率為 3/8。 正確答案為「3/8」。","[""三次投擲共有 2³＝8 種等可能結果。"",""恰兩次正面的結果有正正反、正反正、反正正，共 3 種。"",""機率＝3/8。 因此本題答案為「3/8」。""]","把每次投擲視為獨立，並列出符合條件的排列數。","[]","","","","","","","","","","","","","","",""
"MAT-0990","數學","原創會考程度練習","","","八年級上","數與量","等差數列負公差","中等","單題選擇","某等差數列首項為 12、公差為 −2，第 9 項是多少？","−6","−2","−1","−4","3","−4","","第 9 項＝12＋(9−1)×(−2)＝−4。 正確答案為「−4」。","[""首項為 12，公差為 −2。"",""套用 aₙ＝a₁＋(n−1)d。"",""a₉＝12−16＝−4。 因此本題答案為「−4」。""]","負公差代表數列逐項減少。","[]","","","","","","","","","","","","","","",""
"MAT-0991","數學","原創會考程度練習","","","九年級上","代數","二次三項式因式與係數反推","基礎","單題選擇","已知 x²＋bx＋12 可因式分解為 (x＋3)(x＋□)，其中 □ 為正整數。求 b 與另一個因式。","b＝5，另一因式為 (x＋4)","b＝9，另一因式為 (x＋4)","b＝7，另一因式為 (x＋3)","b＝7，另一因式為 (x＋4)","3","b＝7，另一因式為 (x＋4)","","展開 (x＋3)(x＋□) 後，常數項為 3×□＝12，因此 □＝4；x 項係數為 3＋4＝7，所以 b＝7，另一因式為 (x＋4)。正確答案為「b＝7，另一因式為 (x＋4)」。","[""由常數項得 3×□＝12，所以 □＝4。"",""展開兩因式後，x 項係數為 3＋4＝7，因此 b＝7。"",""故另一因式為 (x＋4)，並展開檢查得到 x²＋7x＋12。""]","先用常數項交叉檢查括號常數的乘積，再以一次項係數檢查兩數和。","[]","","","","","","","","","","","","","","",""
"MAT-0992","數學","原創會考程度練習","","","七年級上","幾何","三角形面積","基礎","單題選擇","三角形底為 18 公分、高為 11 公分，面積是多少平方公分？","99","108","198","216","0","99","","三角形面積＝18×11÷2＝99 平方公分。 正確答案為「99」。","[""使用三角形面積公式底×高÷2。"",""代入 18×11÷2。"",""面積為 99 平方公分。 因此本題答案為「99」。""]","底與高必須互相垂直。","[]","","","","","","","","","","","","","","",""
"MAT-0993","數學","原創會考程度練習","","","八年級上","幾何","座標平移","基礎","單題選擇","座標點 (−5,2) 向右平移 8 單位、向下平移 6 單位後座標為何？","(−13,−4)","(3,−4)","(3,8)","(−5,−4)","1","(3,−4)","","x 座標加 8 得 3，y 座標減 6 得 −4，因此為 (3,−4)。 正確答案為「(3,−4)」。","[""向右 8 單位：x＝−5＋8＝3。"",""向下 6 單位：y＝2−6＝−4。"",""新座標為 (3,−4)。 因此本題答案為「(3,−4)」。""]","水平移動改變 x，垂直移動改變 y。","[]","","","","","","","","","","","","","","",""
"MAT-0994","數學","原創會考程度練習","","","九年級","數與量","折扣反求原價","中等","單題選擇","一件商品降價 15% 後售價為 1,020 元，原價是多少元？","1,170","1,220","1,200","1,250","2","1,200","","折後價為原價的 85%，原價＝1,020÷0.85＝1,200 元。 正確答案為「1,200」。","[""降價 15% 後保留原價的 85%。"",""設原價為 P，0.85P＝1,020。"",""P＝1,020÷0.85＝1,200 元。 因此本題答案為「1,200」。""]","已知折後價反求原價，應除以保留的百分率。","[]","","","","","","","","","","","","","","",""
"MAT-0995","數學","原創會考程度練習","","","八年級","幾何","由圓周長求半徑","基礎","單題選擇","圓周長為 18π 公分的圓，半徑是多少公分？","6","18","36","9","3","9","","2πr＝18π，兩邊除以 2π 得 r＝9 公分。 正確答案為「9」。","[""使用圓周長公式 C＝2πr。"",""令 2πr＝18π。"",""半徑 r＝9 公分。 因此本題答案為「9」。""]","圓周長與半徑關係是 2πr，不是 πr。","[]","","","","","","","","","","","","","","",""
"MAT-0996","數學","原創會考程度練習","","","九年級","統計與機率","不放回抽取機率","中等","單題選擇","一個盒中有 4 張中獎券與 6 張未中獎券，抽 1 張後不放回再抽 1 張，兩張都中獎的機率是多少？","4/25","4/15","1/3","2/15","3","2/15","","第一張中獎機率 4/10，第二張為 3/9，乘積＝12/90＝2/15。 正確答案為「2/15」。","[""第一張中獎機率＝4/10。"",""不放回後剩 3 張中獎券、共 9 張，機率＝3/9。"",""兩張都中獎機率＝4/10×3/9＝2/15。 因此本題答案為「2/15」。""]","不放回會改變第二次抽取的總數與中獎券數。","[]","","","","","","","","","","","","","","",""
"MAT-0997","數學","原創會考程度練習","","","七年級上","幾何","正方形面積反求周長","基礎","單題選擇","正方形面積為 121 平方公分，周長是多少公分？","44","48","121","22","0","44","","邊長＝√121＝11 公分，周長＝4×11＝44 公分。 正確答案為「44」。","[""正方形邊長＝√面積＝√121＝11。"",""周長＝4×邊長。"",""周長為 44 公分。 因此本題答案為「44」。""]","先從面積開平方求邊長，再計算周長。","[]","","","","","","","","","","","","","","",""
"MAT-0998","數學","原創會考程度練習","","","九年級上","代數","函數代入求值","基礎","單題選擇","若 f(x)＝x²−2x，則 f(5) 等於多少？","10","15","20","25","1","15","","代入 x＝5，f(5)＝5²−2×5＝25−10＝15。 正確答案為「15」。","[""將 x＝5 代入函數式。"",""先計算平方與乘法：25−10。"",""f(5)＝15。 因此本題答案為「15」。""]","函數值記號 f(5) 表示把自變數 x 換成 5。","[]","","","","","","","","","","","","","","",""
"MAT-0999","數學","原創會考程度練習","","","九年級","統計與機率","不放回抽取與補事件機率","中等","單題選擇","從 1 至 30 的整數卡片中不放回抽出 2 張，至少有 1 張是 3 的倍數的機率是多少？","10/29","2/3","49/87","38/87","2","49/87","","用補事件計算「至少一張是 3 的倍數」：反面事件是兩張都不是 3 的倍數。1 至 30 中有 20 張非 3 倍數卡片，不放回抽兩張的機率為 20/30×19/29＝38/87。因此所求機率為 1−38/87＝49/87。正確答案為「49/87」。","[""1 至 30 中有 10 張是 3 的倍數，所以非 3 的倍數卡片有 30−10＝20 張。"",""兩次不放回都抽到非倍數的機率為 20/30×19/29；第二次剩 29 張，其中 19 張非倍數。"",""至少一張為 3 的倍數＝1−20/30×19/29＝1−38/87＝49/87。""]","「至少一個」常用補事件；不放回抽取時，第二次的總數與符合條件數都要減少 1。","[]","","","","","","","","","","","","","","",""
"MAT-1000","數學","原創會考程度練習","","","八年級上","數與量","整數指數與冪","基礎","單題選擇","若 2ⁿ＝32，n 等於多少？","3","4","6","5","3","5","","32＝2⁵，因此 n＝5。 正確答案為「5」。","[""列出 2 的冪：2、4、8、16、32。"",""32＝2⁵。"",""所以 n＝5。 因此本題答案為「5」。""]","同底數相等時，比較指數。","[]","","","","","","","","","","","","","","",""
"OFF-0090","數學","官方歷屆真題","110","1","會考總複習","歷屆會考","110年數學非選第1題","進階","非選擇題","碳足跡標籤用來表示產品或服務產生的碳排放量。標籤只會使用大於 20 公克且不超過 40 公克的偶數：20、22、24、……、38、40 公克；實際排放量會標示為與它差距最小的偶數，若與兩個偶數距離相同，兩種標示都可以。

原題提供的對照例：實際排放量 20.2 公克→標示 20 公克；20.8 公克→標示 20 公克；21.0 公克→標示 20 或 22 公克；23.1 公克→標示 24 公克。

請根據上述資訊回答，並寫出解題過程：
（1）若產品標籤為 38 公克，實際碳排放量可能的最小值與最大值各是多少公克？
（2）承（1），若實際碳排放量減少為原來的 90%，所有可能的標籤為何？","","","","","","","[{""label"":""（1）"",""prompt"":""可能的最小碳排放量（公克）"",""answerDisplay"":""37"",""acceptableAnswers"":[""37"",""37公克""]},{""label"":""（1）"",""prompt"":""可能的最大碳排放量（公克）"",""answerDisplay"":""39"",""acceptableAnswers"":[""39"",""39公克""]},{""label"":""（2）"",""prompt"":""減少為 90% 後，所有可能的碳足跡標示（由小到大，以逗號分隔）"",""answerDisplay"":""34、36 公克"",""acceptableAnswers"":[""34,36"",""34，36"",""34、36"",""34和36"",""34及36"",""34公克、36公克""]}]","（1）標示 38 公克代表實際排放量與 38 的差距不大於與相鄰標示 36、40 的差距，因此最小可為 37 公克、最大可為 39 公克（在 37 或 39 的等距情形可標示 38）。答案：37 公克、39 公克。（2）原排放量介於 37 至 39 公克，減少為 90% 後介於 33.3 至 35.1 公克。最接近的偶數標示可能為 34；若實際值達 35 公克以上，36 也可能，因此所有可能標示為 34、36 公克。答案：34 公克與 36 公克。","[""相鄰偶數標示 36 與 38 的中點是 37；38 與 40 的中點是 39。等距時可採任一最近標示，因此 38 對應的實際碳排放量最小為 37 公克、最大為 39 公克。"",""將兩端都乘以 90%：37×0.9=33.3，39×0.9=35.1，所以減量後實際排放量介於 33.3 至 35.1 公克。"",""此區間內最接近的偶數標示有 34 公克；35 公克時 34、36 等距可標示 36，且 35.1 也最接近 36，因此所有可能標示為 34、36 公克。""]","四捨五入或最近值標示題要先找相鄰標示的中點；端點等距時可能同時對應兩種標示，別漏掉邊界值。","[]","","","false","false","https://cap.rcpet.edu.tw/exam/110/110exam.html","https://drive.google.com/file/d/1sKc4iLzr8WlbbxMA83Y0NNryYv9rqHiG/view","","","","","","","","",""
"OFF-0091","數學","官方歷屆真題","110","2","會考總複習","歷屆會考","110年數學非選第2題","進階","非選擇題","凱特用底面為矩形的模具做蛋糕，每一刀都平行於模具的一邊：橫切從左邊切到右邊，縱切從上邊切到下邊，因此切出的蛋糕塊大小相同。蛋糕接觸模具的外側有較焦脆的外皮。

例如，橫切 2 刀、縱切 3 刀（共 5 刀），會形成 3 列、4 行，共 3×4=12 塊；外圍接觸模具的焦脆蛋糕塊有 10 塊，所有側面都不焦脆的內部蛋糕塊有 2 塊。

請根據上述切法回答，並寫出解題過程：
（1）總共切 4 刀時，可以切出幾塊蛋糕？寫出任意一種可能即可。
（2）凱特需要恰好 60 塊所有側面都不焦脆的蛋糕，總刀數不超過 20 刀。她可能需要切幾刀？請列出所有可能情形。","","","","","","","[{""label"":""（1）"",""prompt"":""任一種可能的蛋糕塊數"",""answerDisplay"":""5、8 或 9"",""acceptableAnswers"":[""5"",""8"",""9""]},{""label"":""（2）"",""prompt"":""所有可能的切刀總數（由小到大，以逗號分隔）"",""answerDisplay"":""18、19 刀"",""acceptableAnswers"":[""18,19"",""18，19"",""18、19"",""18和19"",""18或19"",""18及19"",""18刀、19刀""]}]","（1）若橫切 h 刀、縱切 v 刀，且 h+v=4，蛋糕塊數為 (h+1)(v+1)。刀數分配 (0,4)、(1,3)、(2,2)、(3,1)、(4,0) 分別切成 5、8、9、8、5 塊，因此所有可能數量為 5、8 或 9 塊。（2）不焦脆的蛋糕塊位於內部，共 (h−1)(v−1)=60。令 a=h−1、b=v−1，則 ab=60 且 a+b≤18。60 的因數配對（含交換）有 (1,60)、(2,30)、(3,20)、(4,15)、(5,12)、(6,10)，前四組和大於 18，只有 (5,12)、(6,10) 及其交換符合條件。因 h+v=a+b+2，總刀數為 19 或 18；所有可能答案是 18、19 刀。","[""橫切 h 刀、縱切 v 刀會分成 h+1 列及 v+1 行，蛋糕塊總數為 (h+1)(v+1)。"",""取 h=2、v=2，符合 h+v=4，蛋糕塊數為 (2+1)(2+1)=9，故 9 是一種可能答案。"",""所有側面都不焦脆的蛋糕塊不在外圍，數量為 (h−1)(v−1)。令 a=h−1、b=v−1，則 ab=60，且 h+v=a+b+2≤20，所以 a+b≤18。"",""60 的正因數配對中，符合 a+b≤18 的有 (5,12)、(6,10) 及其對調；對應 h+v=a+b+2 為 19 或 18 刀。""]","切割題先把橫、縱切刀數設為變數；總塊數看切線分出的列與行，內部塊數則要扣掉四周外框。","[]","","","false","false","https://cap.rcpet.edu.tw/exam/110/110exam.html","https://drive.google.com/file/d/1sKc4iLzr8WlbbxMA83Y0NNryYv9rqHiG/view","","","","","","","","",""
"OFF-0092","數學","官方歷屆真題","110","3","會考總複習","歷屆會考","110年數學第3題","進階","歷屆真題","若二元一次聯立方程式 x = 4y、6y − x = 10 的解為 x = a、y = b，則 a + b 之值為何？","−15","−3","5","25","3","25","","答案 D「25」。由 x = 4y 代入 6y − x = 10，得 6y − 4y = 10，因此 y = 5、x = 20，故 a + b = 20 + 5 = 25。","[""先用 x = 4y 代入另一式 6y − x = 10，得到 6y − 4y = 10。"",""合併同類項得 2y = 10，所以 y = 5；再由 x = 4y 算出 x = 20。"",""a = x、b = y，因此 a + b = 20 + 5 = 25，選 D。""]","把 y＝−3x 代入第一式求出 x，再回代求 y；最後別忘了 a、b 分別代表 x、y。","[]","[]","","false","false","https://cap.rcpet.edu.tw/exam/110/110exam.html","https://drive.google.com/file/d/1sKc4iLzr8WlbbxMA83Y0NNryYv9rqHiG/view","","","","","","","","",""
"OFF-0093","數學","官方歷屆真題","110","4","會考總複習","歷屆會考","110年數學第4題","進階","歷屆真題","如圖，矩形 ABCD 與 △BDE 中，A 點在 BE 上。若矩形 ABCD 的面積為 20，△BDE 的面積為 24，則 △ADE 的面積為何？","10","12","14","16","2","14","","答案 C「14」。△BDE 的底 BE 可分成 AB 與 AE，且兩部分以 AD 為共同高，因此 △BDE 的面積等於 △BAD 與 △ADE 面積之和。△BAD 是矩形 ABCD 的一半，面積為 20 ÷ 2 = 10；所以 △ADE = 24 − 10 = 14。","[""矩形 ABCD 的對角線 BD 把矩形分成等面積兩個三角形，所以 △BAD 面積是 20 ÷ 2 = 10。"",""因 A 在 BE 上，△BDE 可沿 AD 分成 △BAD 和 △ADE，兩三角形合起來就是題目給的 24。"",""因此 △ADE 面積 = 24 − 10 = 14，選 C。""]","兩人各抽一張時列出 3×3 個等可能配對；固定 A 的牌逐一數出符合和大於 6 的情形，最後用符合數除以 9。","[]","[""./assets/official-exams/110-math-q04-figure.png""]","./assets/official-exams/110-math-q04-figure.png","true","false","https://cap.rcpet.edu.tw/exam/110/110exam.html","https://drive.google.com/file/d/1sKc4iLzr8WlbbxMA83Y0NNryYv9rqHiG/view","","","","","","","","",""
"OFF-0094","數學","官方歷屆真題","110","5","會考總複習","歷屆會考","110年數學第5題","進階","歷屆真題","5⁶ 是 5³ 的多少倍？","2","3","25","125","3","125","","答案 D「125」。求 5⁶ 是 5³ 的幾倍，要計算 5⁶ ÷ 5³。同底數相除，指數相減，得 5⁶⁻³ = 5³ = 125。","[""把『5⁶ 是 5³ 的多少倍』轉成比值 5⁶ ÷ 5³。"",""同底數的冪相除，底數不變、指數相減：5⁶ ÷ 5³ = 5³。"",""5³ = 5 × 5 × 5 = 125，選 D。""]","底面先以長度 3 的邊接合；每片側面剩下兩邊都要等於相鄰側面的對應腰，檢查三片能否一致閉合。","[]","[]","","false","false","https://cap.rcpet.edu.tw/exam/110/110exam.html","https://drive.google.com/file/d/1sKc4iLzr8WlbbxMA83Y0NNryYv9rqHiG/view","","","","","","","","",""
"OFF-0095","數學","官方歷屆真題","110","6","會考總複習","歷屆會考","110年數學第6題","進階","歷屆真題","下列等式何者不成立？","4√3 + 2√3 = 6√3","4√3 − 2√3 = 2√3","4√3 × 2√3 = 8√3","4√3 ÷ 2√3 = 2","2","4√3 × 2√3 = 8√3","","答案 C「4√3 × 2√3 = 8√3」不成立。左邊相乘為 4 × 2 × √3 × √3 = 8 × 3 = 24，並非 8√3。其餘三式成立：同類根式加減係數相加減；除法中 √3 約去，結果為 2。","[""檢查 A、B：同類根式可合併係數，4√3 + 2√3 = 6√3，4√3 − 2√3 = 2√3，均成立。"",""檢查 C：相乘時 √3 × √3 = 3，所以左式等於 4 × 2 × 3 = 24；右式 8√3 不等於 24。"",""檢查 D：(4√3) ÷ (2√3) = (4 ÷ 2)(√3 ÷ √3) = 2，因此只有 C 不成立。""]","平方方程開平方時要保留正、負兩根；若根號內為負數，就沒有實數解。","[]","[]","","false","false","https://cap.rcpet.edu.tw/exam/110/110exam.html","https://drive.google.com/file/d/1sKc4iLzr8WlbbxMA83Y0NNryYv9rqHiG/view","","","","","","","","",""
"OFF-0096","數學","官方歷屆真題","110","7","會考總複習","歷屆會考","110年數學第7題","進階","歷屆真題","已知纜車從起點行駛到終點需花費 8 分鐘，圖（三）表示行駛過程中纜車的海拔高度與行駛時間的關係。根據圖（三）判斷，下列敘述何者正確？","終點的海拔高度比起點高 300 公尺，行駛時間的前 4 分鐘都在上升","終點的海拔高度比起點高 300 公尺，行駛時間的末 4 分鐘都在上升","終點的海拔高度比起點高 350 公尺，行駛時間的前 4 分鐘都在上升","終點的海拔高度比起點高 350 公尺，行駛時間的末 4 分鐘都在上升","1","終點的海拔高度比起點高 300 公尺，行駛時間的末 4 分鐘都在上升","","答案 B。圖上起點海拔約 50 公尺，終點約 350 公尺，高度增加 350−50=300 公尺。前 4 分鐘並非一路上升，因為第 2 至第 4 分鐘高度下降；末 4 分鐘則從第 4 分鐘到第 8 分鐘持續上升。","[""讀圖取端點：0 分鐘約 50 公尺，8 分鐘約 350 公尺，因此終點比起點高 300 公尺。"",""檢查前 4 分鐘：圖線在第 2 到第 4 分鐘往下，不是全程上升。"",""檢查末 4 分鐘：第 4 到第 8 分鐘圖線持續往上，故只有 B 的高度差與上升區間都正確。""]","設販售組合數為 n，總收入按每組 65 元計；再用收入介於 4500 與 4599 元的整數範圍鎖定 n。","[]","[""./assets/official-exams/110-math-q07-chart.png""]","./assets/official-exams/110-math-q07-chart.png","true","false","https://cap.rcpet.edu.tw/exam/110/110exam.html","https://drive.google.com/file/d/1sKc4iLzr8WlbbxMA83Y0NNryYv9rqHiG/view","","","","","","","","",""
"OFF-0097","數學","官方歷屆真題","110","8","會考總複習","歷屆會考","110年數學第8題","進階","歷屆真題","利用乘法公式判斷，下列等式何者成立？","248² + 248 × 52 + 52² = 300²","248² − 248 × 48 − 48² = 200²","248² + 2 × 248 × 52 + 52² = 300²","248² − 2 × 248 × 48 − 48² = 200²","2","248² + 2 × 248 × 52 + 52² = 300²","","答案 C。因 248+52=300，利用平方公式 (a+b)²=a²+2ab+b²，可得 248²+2×248×52+52²=300²。A 少了中間項的係數 2；B、D 也不符合 (a−b)²=a²−2ab+b²（D 的 b² 項符號錯，B 的中間項係數也不對）。","[""先辨認 248+52=300，右側 300² 對應完全平方和公式。"",""展開 (248+52)²，得到 248²+2×248×52+52²，與 C 完全一致。"",""A 中間項少一個 248×52；差平方應是 a²−2ab+b²，B、D 的係數或末項正負號不合，因此選 C。""]","先用直線上的參數表示點座標與距離，再解絕對值方程；別忘了分段檢查絕對值的正負情形。","[]","[]","","false","false","https://cap.rcpet.edu.tw/exam/110/110exam.html","https://drive.google.com/file/d/1sKc4iLzr8WlbbxMA83Y0NNryYv9rqHiG/view","","","","","","","","",""
"OFF-0098","數學","官方歷屆真題","110","9","會考總複習","歷屆會考","110年數學第9題","進階","歷屆真題","圖（四）為甲城市 6 月到 9 月外國旅客人數的折線圖。根據圖（四）判斷，哪一個月到甲城市的外國旅客中，旅客人數最少的國家是美國？","6 月","7 月","8 月","9 月","2","8 月","","答案 C「8 月」。圖例以圓點代表美國。逐月比較三國人數，只有 8 月美國旅客約 2 千人，少於日本約 3 千人和英國約 2.4 千人，因此該月旅客人數最少的國家是美國。","[""先由圖例確認圓點代表美國，再按月份比較三種符號的高度。"",""6 月最低是英國；7 月最低是日本；8 月圓點低於日本三角形與英國方形；9 月最低是英國。"",""因此只有 8 月美國旅客人數最少，選 C。""]","先由 EF∥BC 建立 △AEF 與 △ABC 的相似比例；若 DF∥EC，還必須滿足 △ADF 與 △AEC 的對應邊比例。","[]","[""./assets/official-exams/110-math-q09-chart.png""]","./assets/official-exams/110-math-q09-chart.png","true","false","https://cap.rcpet.edu.tw/exam/110/110exam.html","https://drive.google.com/file/d/1sKc4iLzr8WlbbxMA83Y0NNryYv9rqHiG/view","","","","","","","","",""
"OFF-0099","數學","官方歷屆真題","110","10","會考總複習","歷屆會考","110年數學第10題","進階","歷屆真題","將一半徑為 6 的圓形紙片，沿著兩條半徑剪開形成兩個扇形。若其中一個扇形的弧長為 5π，則另一個扇形的圓心角度數是多少？","30°","60°","105°","210°","3","210°","","答案 D「210°」。半徑 6 的圓周長為 2π×6=12π。已知一個扇形弧長 5π，另一段弧長為 12π−5π=7π；另一扇形的圓心角占全圓周長的 7/12，因此角度為 360°×7/12=210°。","[""先求整個圓的周長：2πr=2π×6=12π。"",""兩個扇形的弧長合為一整圈，另一個扇形弧長是 12π−5π=7π。"",""圓心角與弧長成正比，另一角為 360°×(7π/12π)=210°，選 D。""]","兩扇形弧長合成整個圓周；用另一段弧長占全周的比例乘 360° 求圓心角。","[]","[]","","false","false","https://cap.rcpet.edu.tw/exam/110/110exam.html","https://drive.google.com/file/d/1sKc4iLzr8WlbbxMA83Y0NNryYv9rqHiG/view","","","","","","","","",""
"OFF-0100","數學","官方歷屆真題","110","11","會考總複習","歷屆會考","110年數學第11題","進階","歷屆真題","動物園準備了 100 張刮刮樂，送給開幕當日前 100 位遊客每人一張，其中 32 張可刮中獎品。獎品種類與數量如下：北極熊絨毛玩偶 1 個、獅子玩偶 1 個、造型馬克杯 10 個、紀念鑰匙圈 20 個。若小柏是第一位遊客，且每張刮刮樂被拿到的機會相等，則小柏刮中玩偶的機率為何？","1/2","1/16","8/25","1/50","3","1/50","","答案 D「1/50」。題目問刮中玩偶，表中玩偶有北極熊與獅子各 1 個，共 2 張中獎刮刮樂。小柏從 100 張等機會取得一張，因此機率為 2/100=1/50。32 是所有中獎刮刮樂的總數，不是計算玩偶機率時的母數；其餘 30 張為杯子或鑰匙圈。","[""由表格把『玩偶』限定為北極熊絨毛玩偶 1 個與獅子玩偶 1 個，有利刮刮樂共 2 張。"",""總共發出 100 張，而且每張被拿到的機會相等，所有可能結果是 100 張，不是只有 32 張中獎券。"",""機率=有利結果數÷全部可能結果數=2/100=1/50，選 D。""]","玩偶中獎券共 2 張；因每人等機會從 100 張中拿一張，機率分母是 100，不是中獎券總數 32。","[]","[]","","false","false","https://cap.rcpet.edu.tw/exam/110/110exam.html","https://drive.google.com/file/d/1sKc4iLzr8WlbbxMA83Y0NNryYv9rqHiG/view","","","","","","","","",""
"OFF-0101","數學","官方歷屆真題","110","12","會考總複習","歷屆會考","110年數學第12題","進階","歷屆真題","美美和小儀到超市購物，超市舉辦摸彩活動，單次消費每滿 100 元可拿 1 張摸彩券。美美一次買 5 盒金幣巧克力拿到 3 張券；小儀一次買 5 盒金幣巧克力與 1 個蛋糕拿到 4 張券。若每盒金幣巧克力售價為 x 元、每個蛋糕 150 元，則 x 的範圍為何？","50 ≤ x < 60","60 ≤ x < 70","70 ≤ x < 80","80 ≤ x < 90","1","60 ≤ x < 70","","答案 B「60 ≤ x < 70」。拿到 3 張券表示美美消費滿 300 元但未滿 400 元，所以 300≤5x<400，即 60≤x<80。拿到 4 張券表示小儀消費滿 400 元但未滿 500 元，所以 400≤5x+150<500，即 50≤x<70。兩條件取交集得 60≤x<70。","[""美美的消費 5x 對應 3 張券：300≤5x<400，除以 5 得 60≤x<80。"",""小儀的消費 5x+150 對應 4 張券：400≤5x+150<500；減 150 再除以 5，得 50≤x<70。"",""x 必須同時符合兩個人的消費資料，取區間交集 [60,80)∩[50,70)=[60,70)，選 B。""]","兩人各抽一張時列出 3×3 個等可能配對；固定阿嘉抽到的牌逐一數出勝出的情形，最後用符合數除以 9。","[]","[]","","false","false","https://cap.rcpet.edu.tw/exam/110/110exam.html","https://drive.google.com/file/d/1sKc4iLzr8WlbbxMA83Y0NNryYv9rqHiG/view","","","","","","","","",""
"OFF-0102","數學","官方歷屆真題","110","13","會考總複習","歷屆會考","110年數學第13題","進階","歷屆真題","已知 a₁、a₂、……、a₄₀ 為等差數列，其中 a₁ 為正數，且 a₂₀+a₂₂=0。判斷下列敘述何者正確？","a₂₁ + a₂₂ > 0","a₂₁ + a₂₂ < 0","a₂₁ × a₂₂ > 0","a₂₁ × a₂₂ < 0","1","a₂₁ + a₂₂ < 0","","答案 B「a₂₁+a₂₂<0」。等差數列中相鄰兩項對稱於中項：a₂₀+a₂₂=2a₂₁=0，所以 a₂₁=0。又 a₂₀=a₁+19d、a₂₁=a₁+20d=0，故公差 d=−a₁/20<0；因此 a₂₂=a₂₁+d<0，得到 a₂₁+a₂₂<0。","[""利用等差數列性質，a₂₀+a₂₂=2a₂₁；已知和為 0，所以 a₂₁=0。"",""由 a₂₁=a₁+20d=0 且 a₁>0，可得 d=−a₁/20<0，因此下一項 a₂₂=a₂₁+d<0。"",""所以 a₂₁+a₂₂=0+a₂₂<0，選 B；乘積為 0，故 C、D 都不成立。""]","底面先以長度 3 的邊接合；每片側面剩下兩邊都要等於相鄰側面的對應腰，檢查三片能否一致閉合。","[]","[]","","false","false","https://cap.rcpet.edu.tw/exam/110/110exam.html","https://drive.google.com/file/d/1sKc4iLzr8WlbbxMA83Y0NNryYv9rqHiG/view","","","","","","","","",""
"OFF-0103","數學","官方歷屆真題","110","14","會考總複習","歷屆會考","110年數學第14題","進階","歷屆真題","已知 a = −5/223、b = 6/263、c = −7/293，判斷下列各式之值何者最大？","|a + b + c|","|a + b − c|","|a − b + c|","|a − b − c|","2","|a − b + c|","","答案 C「|a−b+c|」。因 a<0、b>0、c<0，C 式內 a−b+c 三項都為負，絕對值等於 |a|+b+|c|，即三個數的絕對值總和。其他選項的式內同時有正項和負項，會相互抵銷，絕對值嚴格小於 |a|+b+|c|；不必把三個分數通分即可比較。","[""由分數可判斷 a、c 為負數，b 為正數。"",""C 式 a−b+c 中，a、−b、c 全為負，因此 |a−b+c|=|a|+b+|c|。"",""A、B、D 的式內都包含正負異號項，絕對值會因抵銷而小於三項絕對值之和，所以 C 最大。""]","平方方程開平方時要保留正、負兩根；若根號內為負數，就沒有實數解。","[]","[]","","false","false","https://cap.rcpet.edu.tw/exam/110/110exam.html","https://drive.google.com/file/d/1sKc4iLzr8WlbbxMA83Y0NNryYv9rqHiG/view","","","","","","","","",""
"OFF-0104","數學","官方歷屆真題","110","15","會考總複習","歷屆會考","110年數學第15題","進階","歷屆真題","已知 △ABC 與 △DEF 全等，A、B、C 的對應點分別為 D、E、F，且 E 點在 AC 上，B、F、C、D 四點共線，如圖（五）所示。若 ∠A＝40°、∠CED＝35°，則下列敘述何者正確？","EF = EC，AE = FC","EF = EC，AE ≠ FC","EF ≠ EC，AE = FC","EF ≠ EC，AE ≠ FC","1","EF = EC，AE ≠ FC","","答案是 B「EF＝EC，AE≠FC」。由全等可得 ∠EFD＝∠BCA；又 F、C、D 共線，且 E、A、C 共線，所以 ∠EFC＝∠ECF，進而 EF＝EC。在 △CDE 中，∠CDE＝∠A＝40°，大於 ∠CED＝35°，因此對邊 CE 大於 CD。因 EF＝CE，所以 EF＞CD。再由全等得 AC＝DF，且 AE＝AC−CE、DF＝FC+CD、CE＝EF，可得 AE−FC＝CD−EF＜0，即 AE＜FC。","[""由全等對應，∠EFD＝∠BCA；因 F、C、D 共線且 E、A、C 共線，得 ∠EFC＝∠ECF，所以 △EFC 為等腰三角形，EF＝EC。"",""又 ∠CDE＝∠A＝40°，大於 ∠CED＝35°，所以在 △CDE 中，對應的大角所對邊較長，CE＞CD；再由 EF＝CE，得 EF＞CD。"",""全等給 AC＝DF。利用 AE＝AC−CE、DF＝FC+CD 和 CE＝EF，可得 AE−FC＝CD−EF＜0，因此 AE＜FC、兩者不相等，選 B。""]","設販售組合數為 n，總收入按每組 65 元計；再用收入介於 4500 與 4599 元的整數範圍鎖定 n。","[]","[""./assets/official-exams/110-math-q15-figure.png""]","./assets/official-exams/110-math-q15-figure.png","true","false","https://cap.rcpet.edu.tw/exam/110/110exam.html","https://drive.google.com/file/d/1sKc4iLzr8WlbbxMA83Y0NNryYv9rqHiG/view","","","","","","","","",""
"OFF-0105","數學","官方歷屆真題","110","16","會考總複習","歷屆會考","110年數學第16題","進階","歷屆真題","某超商促銷規則是：任一個飯糰加一瓶指定飲料，每組優惠價 39 元。阿賢買相差 4 元的兩種飯糰各 1 個結帳時，店員說：「要不要多買 2 瓶指定飲料？搭配促銷後 2 組優惠價的金額，只比你買 2 個飯糰的金額多 30 元。」若阿賢只多買 1 瓶指定飲料，且店員以對消費者最便宜的方式結帳，則與原本只買 2 個飯糰相比，他要多付多少元？","12 元","13 元","15 元","16 元","1","13 元","","答案 B「13 元」。設較便宜的飯糰為 x 元，另一種為 x+4 元。兩組優惠價共 78 元，依題意比兩個飯糰原價多 30 元，故 78=(x+x+4)+30，解得 x=22，另一種為 26 元。只買一瓶飲料時，最便宜方式是讓 26 元飯糰搭配飲料用 39 元優惠，再加 22 元飯糰，合計 61 元；原本兩個飯糰為 48 元，多付 61−48=13 元。","[""設較便宜飯糰為 x 元，另一種為 x+4 元；兩個飯糰原價合計 2x+4 元。"",""兩組促銷價為 2×39=78 元，且比兩個飯糰原價多 30 元，所以 2x+4+30=78，解得 x=22；兩種飯糰價格為 22 元與 26 元。"",""只買一瓶飲料時，讓 26 元飯糰搭配指定飲料用 39 元優惠，另加 22 元飯糰，最便宜總額為 39+22=61 元；原價兩飯糰是 22+26=48 元，因此多付 61−48=13 元，選 B。""]","促銷比較題先分清楚「原價合計」和「優惠組合價」，再依最便宜的搭配方式比較總額。","[]","[]","","false","false","https://cap.rcpet.edu.tw/exam/110/110exam.html","https://drive.google.com/file/d/1sKc4iLzr8WlbbxMA83Y0NNryYv9rqHiG/view","","","","","","","","",""
"OFF-0106","數學","官方歷屆真題","110","17","會考總複習","歷屆會考","110年數學第17題","進階","歷屆真題","如圖（七），梯形 ABCD 中，AD∥BC；圓 O 通過 A、B、C 三點，且 AD 與圓 O 相切於 A 點。若 ∠B=58°，則弧 BC 的度數為何？","116°","120°","122°","128°","3","128°","","答案 D「128°」。因 AD 是圓在 A 點的切線，半徑 OA⊥AD；又 AD∥BC，所以 OA⊥BC。設 E=AO∩BC；圓心到弦 BC 的垂線平分弦，因此 E 是 BC 中點。於是 AE 是 BC 的垂直平分線，AB=AC，且 AE 平分 ∠BAC。直角 △ABE 中，∠AEB=90°、∠ABE=∠B=58°，所以 ∠BAE=32°、∠BAC=64°。弧 BC 的度數是其圓周角 ∠BAC 的 2 倍，因此弧 BC=128°。","[""切線與切點半徑垂直，OA⊥AD；由 AD∥BC 得 OA⊥BC。設 E=AO∩BC，圓心到弦 BC 的垂線平分弦，所以 E 是 BC 中點；AE 因而是 BC 的垂直平分線，並平分等腰 △ABC 的頂角。"",""設 AO 與 BC 交於 E，則 ∠AEB=90°。在直角 △ABE 中，∠BAE=90°−58°=32°；由 AE 平分頂角，∠BAC=2×32°=64°。"",""弧 BC 的度數等於所對圓周角的 2 倍，所以弧 BC=2×64°=128°，選 D。""]","先用直線上的參數表示點座標與距離，再解絕對值方程；別忘了分段檢查絕對值的正負情形。","[]","[""./assets/official-exams/110-math-q17-figure.png""]","./assets/official-exams/110-math-q17-figure.png","true","false","https://cap.rcpet.edu.tw/exam/110/110exam.html","https://drive.google.com/file/d/1sKc4iLzr8WlbbxMA83Y0NNryYv9rqHiG/view","","","","","","","","",""
"OFF-0107","數學","官方歷屆真題","110","18","會考總複習","歷屆會考","110年數學第18題","進階","歷屆真題","若坐標平面上二次函數 y=a(x+b)²+c 的圖形，經過平移後可與 y=(x+3)² 的圖形完全疊合，則 a、b、c 的值可能為下列哪一組？","a=1，b=0，c=−2","a=2，b=6，c=0","a=−1，b=−3，c=0","a=−2，b=3，c=−2","0","a=1，b=0，c=−2","","答案 A「a=1，b=0，c=−2」。圖形平移只改變頂點位置，不會改變開口方向或寬窄，因此二次項係數 a 必須相同。目標函數 y=(x+3)² 的 a=1，只有 A 符合；此時原圖 y=x²−2 的頂點為 (0,−2)，向左平移 3 單位、向上平移 2 單位即可得到 y=(x+3)²。","[""將 y=a(x+b)²+c 看成頂點式；平移拋物線只移動頂點，保留二次項係數 a。"",""目標 y=(x+3)² 的二次項係數為 1，所以原式也必須有 a=1，排除 B、C、D。"",""A 的函數是 y=x²−2，頂點 (0,−2) 平移到 (−3,0) 後就是 y=(x+3)²，因此 A 確實可能。""]","先由 EF∥BC 建立 △AEF 與 △ABC 的相似比例；若 DF∥EC，還必須滿足 △ADF 與 △AEC 的對應邊比例。","[]","[]","","false","false","https://cap.rcpet.edu.tw/exam/110/110exam.html","https://drive.google.com/file/d/1sKc4iLzr8WlbbxMA83Y0NNryYv9rqHiG/view","","","","","","","","",""
"OFF-0108","數學","官方歷屆真題","110","19","會考總複習","歷屆會考","110年數學第19題","進階","歷屆真題","如圖（八），△ABC 中，D、E、F 分別在 AB、BC、AC 上。四邊形 BEFD 以 DE 為對稱軸，四邊形 CFDE 以 FE 為對稱軸。若 ∠C=40°，則 ∠DFE 為何？","65°","70°","75°","80°","3","80°","","答案 D「80°」。設 ∠DFE=x。以 FE 為對稱軸，C 與 D 對稱，因此 ∠FDE=∠C=40°，且 ∠CFE=∠DFE=x。以 DE 為對稱軸，B 與 F 對稱，因此 ∠BDE=∠FDE=40°，且 ∠B=∠DFE=x。四邊形 BCFD 的內角依序為 x、40°、2x、80°，總和 360°，所以 3x+120°=360°，x=80°。","[""令 x=∠DFE。四邊形 CFDE 以 FE 為對稱軸，因此反射會交換 C、D，固定 F、E；對稱角相等，得 ∠FDE=∠C=40°，且 ∠CFE=∠DFE=x。"",""四邊形 BEFD 以 DE 為對稱軸，反射交換 B、F，固定 D、E；因此 ∠BDE=∠FDE=40°，且 ∠B=∠DFE=x。"",""四邊形 BCFD 在 B、C、F、D 的內角依序為 x、40°、2x、80°。利用內角和 360°：x+40°+2x+80°=360°，解得 x=80°，選 D。""]","線對稱會讓對應角相等；先把兩個對稱關係轉成角度，再使用多邊形內角和。","[]","[""./assets/official-exams/110-math-q19-figure.png""]","./assets/official-exams/110-math-q19-figure.png","true","false","https://cap.rcpet.edu.tw/exam/110/110exam.html","https://drive.google.com/file/d/1sKc4iLzr8WlbbxMA83Y0NNryYv9rqHiG/view","","","","","","","","",""
"OFF-0109","數學","官方歷屆真題","110","20","會考總複習","歷屆會考","110年數學第20題","進階","歷屆真題","捷立租車行有甲、乙兩個營業據點，顧客租車後須於當日營業結束前在任一據點還車。某日結束清點時，在甲歸還的自行車比從甲出租的多 4 輛。當日從甲出租且在甲歸還的有 15 輛；從乙出租且在乙歸還的有 13 輛。比較當日從甲、乙出租的自行車總數，何者正確？","甲比乙多 2 輛","甲比乙少 2 輛","甲比乙多 6 輛","甲比乙少 6 輛","1","甲比乙少 2 輛","","答案 B「甲比乙少 2 輛」。設乙租甲還為 x 輛、甲租乙還為 y 輛。甲據點歸還總數為 15+x，甲出租總數為 15+y；題目說前者比後者多 4，因此 x−y=4。甲出租總數是 15+y，乙出租總數是 13+x；兩者相減為 (15+y)−(13+x)=2+(y−x)=−2，所以甲比乙少 2 輛。","[""設乙租甲還 x 輛，甲租乙還 y 輛。甲據點收到 15+x 輛，從甲出租 15+y 輛。"",""由「在甲歸還比從甲出租多 4 輛」，得 15+x=(15+y)+4，因此 x−y=4。"",""甲出租總數減乙出租總數=(15+y)−(13+x)=2+(y−x)=2−4=−2，所以甲少 2 輛，選 B。""]","先把「從哪裡出租」與「在哪裡歸還」分開設未知數，避免把流入數量誤當成出租總數。","[]","[]","","false","false","https://cap.rcpet.edu.tw/exam/110/110exam.html","https://drive.google.com/file/d/1sKc4iLzr8WlbbxMA83Y0NNryYv9rqHiG/view","","","","","","","","",""
"OFF-0110","數學","官方歷屆真題","110","21","會考總複習","歷屆會考","110年數學第21題","進階","歷屆真題","如圖（九），四邊形 ABCD 中，∠1、∠2、∠3 分別為 ∠A、∠B、∠C 的外角。判斷下列大小關係何者正確？","∠1+∠3=∠ABC+∠D","∠1+∠3<∠ABC+∠D","∠1+∠2+∠3=360°","∠1+∠2+∠3>360°","0","∠1+∠3=∠ABC+∠D","","答案 A「∠1+∠3=∠ABC+∠D」。四邊形內角和為 360°，所以 A、B、C 三內角和為 360°−∠D。三個外角和為 540°−(∠A+∠B+∠C)=180°+∠D。又 ∠2=180°−∠ABC，因此 ∠1+∠3=(180°+∠D)−∠2=∠ABC+∠D。","[""設四邊形 D 角為 ∠D。四邊形內角和 360°，故 ∠A+∠ABC+∠C=360°−∠D。"",""外角 ∠1=180°−∠A、∠2=180°−∠ABC、∠3=180°−∠C，因此 ∠1+∠2+∠3=180°+∠D。"",""由 ∠2=180°−∠ABC，得 ∠1+∠3=180°+∠D−∠2=∠ABC+∠D，選 A。""]","外角與相鄰內角互補；先用四邊形內角和，再代換外角，避免直接套用完整多邊形外角和。","[]","[""./assets/official-exams/110-math-q21-figure.png""]","./assets/official-exams/110-math-q21-figure.png","true","false","https://cap.rcpet.edu.tw/exam/110/110exam.html","https://drive.google.com/file/d/1sKc4iLzr8WlbbxMA83Y0NNryYv9rqHiG/view","","","","","","","","",""
"OFF-0111","數學","官方歷屆真題","110","22","會考總複習","歷屆會考","110年數學第22題","進階","歷屆真題","若 a、b 為正整數，且 ab=2⁵×3²×5，則下列何者不可能為 a、b 的最大公因數？","1","6","8","12","2","8","","答案 C「8」。若最大公因數含有 2³=8，則 a、b 都至少含有因數 8，乘積 ab 必含 2⁶；但題目給的 ab 中 2 的指數只有 5，矛盾。更一般地，最大公因數 g 的平方必整除 ab，因此 g 只能含 2²、3¹，不能含 5，故 g 必為 12 的因數；8 不可能。","[""設 g=gcd(a,b)。因 g 同時整除 a、b，所以 g² 必整除 ab=2⁵×3²×5。"",""可整除 ab 的平方，其質因數指數不能超過 ab 的指數；因此 g 中 2 的指數至多 2，3 的指數至多 1，且不能含 5。"",""故 g 必為 2²×3=12 的因數。1、6、12 皆可能；8 含 2³，不是 12 的因數，故不可能，選 C。""]","若 g 是兩數的最大公因數，g² 一定整除兩數乘積；比較質因數指數即可判斷。","[]","[]","","false","false","https://cap.rcpet.edu.tw/exam/110/110exam.html","https://drive.google.com/file/d/1sKc4iLzr8WlbbxMA83Y0NNryYv9rqHiG/view","","","","","","","","",""
"OFF-0112","數學","官方歷屆真題","110","23","會考總複習","歷屆會考","110年數學第23題","進階","歷屆真題","如圖（十），菱形 ABCD 中，E 在 BC 上，F 在 CD 上，G、H 在 AD 上，且 AE∥HC∥GF。若 AH=8、HG=5、GD=4，則下列線段何者最長？","CF","FD","BE","EC","0","CF","","答案 A「CF」。菱形各邊相等，AD=BC=CD=AB=AH+HG+GD=17。因 AHCE 的對邊分別平行，AHCE 為平行四邊形，所以 EC=AH=8，BE=BC−EC=9。又 △DGF∼△DHC（DG、DH 同在 AD，DF、DC 同在 CD，且 GF∥HC），比例 DG/DH=DF/DC=4/9；DH=HG+GD=9，DC=17，因此 DF=68/9，CF=17−68/9=85/9。比較 CF=85/9>BE=9>EC=8>FD=68/9，故 CF 最長。","[""AD=AH+HG+GD=8+5+4=17；菱形四邊相等，所以 BC=CD=17。AH∥EC 且 AE∥HC，四邊形 AHCE 是平行四邊形，故 EC=AH=8，BE=17−8=9。"",""DH=HG+GD=5+4=9。因 GF∥HC，△DGF∼△DHC，故 DF/DC=DG/DH=4/9；DC=17，所以 DF=68/9，CF=17−68/9=85/9。"",""比較 CF=85/9、BE=9、EC=8、FD=68/9；因 85/9>9，且其餘更短，故 CF 最長，選 A。""]","遇到多組平行線，先找出平行四邊形，再用相似三角形比例求線段；最後把所有選項放在同一單位比較。","[]","[""./assets/official-exams/110-math-q23-figure.png""]","./assets/official-exams/110-math-q23-figure.png","true","false","https://cap.rcpet.edu.tw/exam/110/110exam.html","https://drive.google.com/file/d/1sKc4iLzr8WlbbxMA83Y0NNryYv9rqHiG/view","","","","","","","","",""
"OFF-0113","數學","官方歷屆真題","110","24","會考總複習","歷屆會考","110年數學第24題","進階","歷屆真題","小文原本計畫於 10:00 同時使用甲、乙兩臺影印機。某日 10:00 時乙正在被使用，因此小文先用甲印；10:05 才開始使用乙。10:15 時，乙累計印出的張數與甲相同；10:45 時，甲、乙累計共印 2100 張。若每臺影印機的印量與使用時間成正比，依原計畫兩臺同時於 10:00 開始，總印量會在幾點達到 2100 張？","10:40","10:41","10:42","10:43","2","10:42","","答案 C「10:42」。設甲、乙每分鐘分別印 m、n 張。到 10:15，甲印 15 分鐘、乙印 10 分鐘且張數相同，所以 15m=10n，n=1.5m。到 10:45，甲印 45 分鐘、乙印 40 分鐘，總張數 45m+40n=2100；代入 n=1.5m 得 105m=2100，m=20、n=30。若兩臺都從 10:00 開始，每分鐘共印 50 張，2100÷50=42 分鐘，因此 10:42。","[""設甲、乙每分鐘印 m、n 張。10:15 時甲印 15 分鐘、乙印 10 分鐘且總張數相同，故 15m=10n，n=1.5m。"",""10:45 時甲印 45 分鐘、乙印 40 分鐘：45m+40n=2100。代入 n=1.5m，得 105m=2100，故 m=20、n=30 張/分鐘。"",""原計畫兩臺同時工作，每分鐘共印 20+30=50 張；2100÷50=42 分鐘，從 10:00 起為 10:42，選 C。""]","先把各影印機的累計張數寫成「速率×時間」，注意兩臺實際開始時間不同，再套回原計畫。","[]","[]","","false","false","https://cap.rcpet.edu.tw/exam/110/110exam.html","https://drive.google.com/file/d/1sKc4iLzr8WlbbxMA83Y0NNryYv9rqHiG/view","","","","","","","","",""
"OFF-0114","數學","官方歷屆真題","110","25","會考總複習","歷屆會考","110年數學第25題","進階","歷屆真題","如圖（十一），銳角三角形 ABC 中，D 在 BC 上，且 ∠B=∠BAD=∠CAD。欲在 AD 上找一點 P，使 ∠APC=∠ADB。甲：作 AC 的中垂線交 AD 於 P。乙：以 C 為圓心、CD 為半徑畫弧，與 AD 交於異於 D 的點 P。下列敘述何者正確？","兩人皆正確","兩人皆錯誤","甲正確，乙錯誤","甲錯誤，乙正確","0","兩人皆正確","","答案 A「兩人皆正確」。令 x＝∠B＝∠BAD＝∠CAD，則 △ABD 中 ∠ADB＝180°−2x。甲作法使 PA＝PC；又 ∠PAC＝x，所以 △APC 的底角相等，∠ACP＝x，得 ∠APC＝180°−2x＝∠ADB。乙作法使 CP＝CD；在 △ACD 中，∠CAD＝x、∠ACD＝180°−3x，因此 ∠ADC＝2x。因 P 在 AD 上且 CP＝CD，△PCD 為等腰三角形，∠CDP＝∠CPD＝2x；於是 ∠APC＝180°−2x＝∠ADB。兩種作法都符合條件，選 A。","[""設 x=∠B=∠BAD=∠CAD。於 △ABD，∠ADB=180°−x−x=180°−2x。"",""甲：垂直平分線給 PA=PC，故 △APC 的底角相等；∠PAC=x，所以 ∠ACP=x，∠APC=180°−2x=∠ADB。"",""乙：CP＝CD。因 ∠ADC＝2x，且 P 在 AD 上，∠CDP＝2x；△PCD 為等腰三角形，所以 ∠CPD＝2x。A、P、D 共線，故 ∠APC＝180°−2x＝∠ADB。乙也正確，選 A。""]","作圖題要把作圖保證的邊長相等轉成等腰三角形，再分清 P 在線段哪一側，判斷角是相等或互補。","[]","[""./assets/official-exams/110-math-q25-figure.png""]","./assets/official-exams/110-math-q25-figure.png","true","false","https://cap.rcpet.edu.tw/exam/110/110exam.html","https://drive.google.com/file/d/1sKc4iLzr8WlbbxMA83Y0NNryYv9rqHiG/view","","","","","","","","",""
"OFF-0115","數學","官方歷屆真題","110","26","會考總複習","歷屆會考","110年數學第26題","進階","歷屆真題","如圖（十二），I 為 △ABC 的內心；一直線通過 I，並分別交 AB、AC 於 D、E。若 AD=DE=5、AE=6，則 I 到 BC 的距離為何？","24/11","30/11","2","3","0","24/11","","答案 A「24/11」。I 是內心，因此 AI 平分 ∠DAE；由角平分線定理，DI:IE＝AD:AE＝5:6，故 IE＝30/11。△ADE 中 AD＝DE＝5、AE＝6，從 D 向 AE 作垂線，等腰三角形的高平分底邊，半底為 3；畢氏定理得高 DM＝√(5²−3²)＝4。因 I、D、E 共線，I 到 AC 的垂直距離按 EI/DE 的比例縮短，為 4×(6/11)＝24/11。內心到三邊距離相等，所以 I 到 BC 的距離也是 24/11。","[""I 在 DE 上且 AI 是 ∠DAE 的角平分線；由角平分線定理，DI/IE=AD/AE=5/6。配合 DI+IE=DE=5，得 DI=25/11。"",""在等腰 △ADE 中，AD=DE=5，從 D 向 AE 作高 DM，M 平分 AE，所以 AM=3；由畢氏定理 DM=4。"",""I 到 AC 的距離是從 E 的 0 到 D 的 4，按 EI/DE=6/11 成比例，為 4×6/11=24/11；I 是內心，到 AC 與 BC 的距離相等，故選 A。""]","內心到三邊等距；可以先在含兩邊的三角形中用角平分線定理求 I 的位置，再用垂直距離求內切圓半徑。","[]","[""./assets/official-exams/110-math-q26-figure.png""]","./assets/official-exams/110-math-q26-figure.png","true","false","https://cap.rcpet.edu.tw/exam/110/110exam.html","https://drive.google.com/file/d/1sKc4iLzr8WlbbxMA83Y0NNryYv9rqHiG/view","","","","","","","","",""
"OFF-0318","數學","官方歷屆真題","111","1","會考總複習","歷屆會考","111年數學非選第1題","進階","非選擇題","健康生技公司培養綠藻製作「綠藻粉」，再經加工製成相關保健食品。製作每 1 公克綠藻粉需要 60 億個綠藻細胞。請根據下列資訊回答並寫出解題過程：（1）在光照充沛且細胞皆未死亡的環境下，1 個綠藻細胞每 20 小時可分裂成 4 個，分裂後的細胞也會繼續分裂。從 1 個細胞開始培養 15 天後，共有 4ᵏ 個細胞，求 k。（2）已知 60 億介於 2³² 與 2³³ 之間，判斷這些細胞是否足以製作 8 公克綠藻粉。","","","","","","","[{""label"":""（1）"",""prompt"":""k 的值"",""answerDisplay"":""18"",""acceptableAnswers"":[""18""]},{""label"":""（2）"",""prompt"":""是否足夠製作 8 公克綠藻粉？（請回答「足夠」或「不足」）"",""answerDisplay"":""足夠"",""acceptableAnswers"":[""足夠"",""是"",""可以"",""足夠製作""]}]","（1）15 天為 360 小時，可分裂 360÷20=18 次；每次細胞數乘 4，所以總數為 4¹⁸，k=18。（2）4¹⁸=(2²)¹⁸=2³⁶；製作 8 公克需要 8×60 億個細胞。因 60 億<2³³，故 8×60 億<8×2³³=2³⁶，細胞數足夠。","[""先把培養時間換成小時：15×24=360 小時。"",""每 20 小時分裂一次，360÷20=18 次；每次細胞數乘 4，所以培養後共有 4¹⁸ 個細胞，k=18。"",""將細胞數改寫成 2 的次方：4¹⁸=(2²)¹⁸=2³⁶。"",""8 公克綠藻粉需 8×60 億個細胞；由 60 億<2³³ 得 8×60 億<2³⁶，因此細胞足夠製作 8 公克綠藻粉。""]","指數成長題先算完整的分裂次數；估算總量時可用已知的 2 次方界線比較，不必計算龐大整數。","[]","","","false","false","https://cap.rcpet.edu.tw/exam/111/111exam.html","https://drive.google.com/file/d/15GDoX37pXdUsluIw79o2bkhgfiL1HxCG/view","","","","","","","","",""
"OFF-0319","數學","官方歷屆真題","111","2","會考總複習","歷屆會考","111年數學非選第2題","進階","非選擇題","一副完整撲克牌有 4 種花色，每種花色有 13 種點數：2 至 10、J、Q、K、A，共 52 張。遊戲用「牌值」評估尚未發出的牌：未發牌時牌值為 0；發出 2 至 9 點的小牌，牌值加 1；發出 10、J、Q、K、A 的大牌，牌值減 1。例如發出 3、A、8、9、Q、5，牌值為 0+1−1+1+1−1+1=2。請回答並寫出解題過程：（1）若已發出 11 張小牌及 4 張大牌，此時牌值為何？（2）若已發出 28 張牌且牌值為 10，剩餘牌等機率發出，下一張為大牌的機率是多少？","","","","","","","[{""label"":""（1）"",""prompt"":""此時的牌值"",""answerDisplay"":""7"",""acceptableAnswers"":[""7"",""+7""]},{""label"":""（2）"",""prompt"":""下一張是大牌的機率（請輸入最簡分數）"",""answerDisplay"":""11/24"",""acceptableAnswers"":[""11/24"",""11÷24""]}]","（1）牌值為 11−4=7。（2）設已發出 x 張小牌、y 張大牌，則 x+y=28、x−y=10，解得 x=19、y=9。全副牌有 20 張大牌，故剩下 20−9=11 張大牌；總牌數剩 52−28=24 張，因此下一張是大牌的機率為 11/24。","[""小牌每張使牌值加 1，大牌每張使牌值減 1；發出 11 張小牌及 4 張大牌後，牌值=11−4=7。"",""全副牌的小牌有 8 個點數×4 種花色=32 張；大牌有 5 個點數×4 種花色=20 張。"",""設已發出小牌 x 張、大牌 y 張。由 x+y=28、x−y=10，兩式相加得 2x=38，所以 x=19、y=9。"",""剩餘大牌為 20−9=11 張，剩餘總牌數為 52−28=24 張，故所求機率=11/24。""]","牌值差可和已發牌總數聯立，先求小牌與大牌各發出幾張，再用剩餘大牌數除以剩餘總牌數。","[]","","","false","false","https://cap.rcpet.edu.tw/exam/111/111exam.html","https://drive.google.com/file/d/15GDoX37pXdUsluIw79o2bkhgfiL1HxCG/view","","","","","","","","",""
"OFF-0320","數學","官方歷屆真題","111","3","會考總複習","歷屆會考","111年數學第3題","進階","歷屆真題","下列何者為 156 的質因數？","11","12","13","14","2","13","","156＝2×78＝2²×39＝2²×3×13。質因數必須同時是 156 的因數且為質數；四個選項中只有 13 符合，答案 C。","[""先分解 156：156＝2×78。"",""繼續分解：78＝2×39，39＝3×13，所以 156＝2²×3×13。"",""質因數是分解後的質數 2、3、13；選項中只有 13，答案 C。""]","因數不一定是質數；例如 12 雖能整除 156，卻不是質數。","[]","[]","","false","false","https://cap.rcpet.edu.tw/exam/111/111exam.html","https://drive.google.com/file/d/15GDoX37pXdUsluIw79o2bkhgfiL1HxCG/view","","","","","","","","",""
"OFF-0321","數學","官方歷屆真題","111","4","會考總複習","歷屆會考","111年數學第4題","進階","歷屆真題","圖（二）為一個長方體的展開圖，且長方體的底面為正方形。根據圖中標示的長度，求此長方體的體積為何？","144","224","264","300","1","224","","展開圖中標示 12 的橫向長度包含 3 個相同的正方形邊，因此底面邊長為 12÷3＝4。標示 22 的縱向總長包含長方體高及上下兩個底面邊長，所以高為 22−4−4＝14。體積＝底面積×高＝4²×14＝224，答案 B。","[""橫向 12 跨過 3 個相同側面寬度，所以正方形底面邊長為 12÷3＝4。"",""縱向總長 22 由長方體高和上下兩個邊長組成，高＝22−2×4＝14。"",""體積＝4×4×14＝224，答案 B。""]","讀展開圖時先辨認長度跨過幾個面，再分清側面高度與底面邊長。","[]","[""./assets/official-exams/111-math-q04-figure.png""]","./assets/official-exams/111-math-q04-figure.png","true","false","https://cap.rcpet.edu.tw/exam/111/111exam.html","https://drive.google.com/file/d/15GDoX37pXdUsluIw79o2bkhgfiL1HxCG/view","","","","","","","","",""
"OFF-0322","數學","官方歷屆真題","111","5","會考總複習","歷屆會考","111年數學第5題","進階","歷屆真題","算式 9/22＋11/18－（23/22－7/18）之值為何？","4/11","9/10","1/9","5/4","0","4/11","","先去括號：9/22＋11/18－23/22＋7/18。分母相同的項合併，得（9−23）/22＋（11＋7）/18＝−14/22＋18/18＝−7/11＋1＝4/11，答案 A。","[""減去括號時，括號內每一項都要變號：9/22＋11/18−23/22＋7/18。"",""合併同分母分數：（9−23）/22＋（11＋7）/18＝−14/22＋1。"",""−14/22＝−7/11，因此 −7/11＋1＝4/11，答案 A。""]","括號前是減號時，括號內各項都要變號；最後再約分。","[]","[]","","false","false","https://cap.rcpet.edu.tw/exam/111/111exam.html","https://drive.google.com/file/d/15GDoX37pXdUsluIw79o2bkhgfiL1HxCG/view","","","","","","","","",""
"OFF-0323","數學","官方歷屆真題","111","6","會考總複習","歷屆會考","111年數學第6題","進階","歷屆真題","√2022 的值介於下列哪兩個整數之間？","25、30","30、35","35、40","40、45","3","40、45","","比較鄰近的平方數：44²＝1936，45²＝2025。因為 1936＜2022＜2025，所以 44＜√2022＜45，介於 40 與 45 之間，答案 D。","[""找出接近 2022 的完全平方數：44²＝1936。"",""再算 45²＝2025，得到 1936＜2022＜2025。"",""開平方後 44＜√2022＜45，因此選 40、45，答案 D。""]","估算平方根時，先找被開方數左右相鄰的完全平方數。","[]","[]","","false","false","https://cap.rcpet.edu.tw/exam/111/111exam.html","https://drive.google.com/file/d/15GDoX37pXdUsluIw79o2bkhgfiL1HxCG/view","","","","","","","","",""
"OFF-0324","數學","官方歷屆真題","111","7","會考總複習","歷屆會考","111年數學第7題","進階","歷屆真題","已知坐標平面上有一直線 L 與一點 A。若 L 的方程式為 x＝−2，A 點坐標為（6，5），則 A 點到直線 L 的距離為何？","3","4","7","8","3","8","","直線 x＝−2 是垂直線，點到該線的垂直距離只看 x 坐標差。A 點的 x 坐標為 6，距離＝|6−（−2）|＝8，答案 D。","[""直線 x＝−2 上每一點的 x 坐標都是 −2。"",""A 點的 x 坐標為 6；垂直距離是兩個 x 坐標的差。"",""|6−（−2）|＝8，答案 D。""]","點到垂直線的最短距離是水平距離，因此只需比較 x 坐標。","[]","[]","","false","false","https://cap.rcpet.edu.tw/exam/111/111exam.html","https://drive.google.com/file/d/15GDoX37pXdUsluIw79o2bkhgfiL1HxCG/view","","","","","","","","",""
"OFF-0325","數學","官方歷屆真題","111","8","會考總複習","歷屆會考","111年數學第8題","進階","歷屆真題","多項式 39x²＋5x−14 可因式分解成（3x＋a）（bx＋c），其中 a、b、c 均為整數，求 a＋2c 之值為何？","−12","−3","3","12","0","−12","","比較 x² 項係數：3b＝39，所以 b＝13。比較常數項：ac＝−14；再由一次項係數 3c＋13a＝5，找整數解可得 a＝2、c＝−7。故 a＋2c＝2＋2（−7）＝−12，答案 A。","[""展開（3x＋a）（bx＋c），得 3b x²＋（3c＋ab）x＋ac。"",""比較係數：3b＝39 得 b＝13；再解 13a＋3c＝5、ac＝−14，得 a＝2、c＝−7。"",""代入所求：a＋2c＝2＋2×（−7）＝−12，答案 A。""]","先比較二次項、常數項建立條件，再檢查一次項係數是否符合。","[]","[]","","false","false","https://cap.rcpet.edu.tw/exam/111/111exam.html","https://drive.google.com/file/d/15GDoX37pXdUsluIw79o2bkhgfiL1HxCG/view","","","","","","","","",""
"OFF-0326","數學","官方歷屆真題","111","9","會考總複習","歷屆會考","111年數學第9題","進階","歷屆真題","箱子內有分別標示號碼 1～6 的球，每個號碼各 2 顆，共 12 顆。小茹先不放回地抽出 5 顆，號碼為 1、2、2、3、5。阿純再從剩餘球中等機率抽 1 顆，抽到的號碼與小茹已抽出的任一顆球號碼相同的機率是多少？","3/6","4/6","3/7","4/7","2","3/7","","小茹抽出的號碼種類為 1、2、3、5。箱中每個號碼原有 2 顆，抽完後剩下 7 顆；其中號碼 1 剩 1 顆、2 剩 0 顆、3 剩 1 顆、5 剩 1 顆，共 3 顆符合。所求機率為 3/7，答案 C。","[""先算剩餘球數：12−5＝7 顆。"",""對小茹抽過的號碼 1、2、3、5，剩餘顆數分別為 1、0、1、1，共 3 顆。"",""符合條件的球有 3 顆、總球數 7 顆，機率＝3/7，答案 C。""]","抽球不放回時，要先更新各號碼的剩餘顆數，不能仍用原本的 12 顆作分母。","[]","[]","","false","false","https://cap.rcpet.edu.tw/exam/111/111exam.html","https://drive.google.com/file/d/15GDoX37pXdUsluIw79o2bkhgfiL1HxCG/view","","","","","","","","",""
"OFF-0327","數學","官方歷屆真題","111","10","會考總複習","歷屆會考","111年數學第10題","進階","歷屆真題","已知一元二次方程式（x−2）²＝3 的兩根為 a、b，且 a＞b，求 2a＋b 之值為何？","9","−3","6＋√3","−6＋√3","2","6＋√3","","由（x−2）²＝3 得 x−2＝±√3，因此兩根為 2＋√3 與 2−√3。因 a＞b，a＝2＋√3、b＝2−√3；所以 2a＋b＝2（2＋√3）＋（2−√3）＝6＋√3，答案 C。","[""對方程式開平方：x−2＝±√3。"",""兩根是 2＋√3、2−√3；依 a＞b，a＝2＋√3，b＝2−√3。"",""代入 2a＋b＝2（2＋√3）＋（2−√3）＝6＋√3，答案 C。""]","先依大小條件指定 a、b，再代入式子；不要忽略根的順序。","[]","[]","","false","false","https://cap.rcpet.edu.tw/exam/111/111exam.html","https://drive.google.com/file/d/15GDoX37pXdUsluIw79o2bkhgfiL1HxCG/view","","","","","","","","",""
"OFF-0328","數學","官方歷屆真題","111","11","會考總複習","歷屆會考","111年數學第11題","進階","歷屆真題","哥哥說：「遊戲機的售價比我的預算多 1,200 元。」妹妹說：「遊戲機正在打八折，折後價格比哥哥的預算少 200 元。」哥哥的預算是多少元？","3,800","4,800","5,800","6,800","2","5,800","","設預算為 B 元，原價為 B＋1,200 元；八折後為 B−200 元。列式 0.8（B＋1,200）＝B−200，解得 0.2B＝1,160，B＝5,800，答案 C。","[""設哥哥預算為 B，則遊戲機原價為 B＋1,200。"",""依八折後少 200 元列式：0.8（B＋1,200）＝B−200。"",""解得 0.8B＋960＝B−200，所以 B＝5,800 元，答案 C。""]","先把原價和預算分別設成代數式，再將折扣後價格與預算關係列方程式。","[]","[]","","false","false","https://cap.rcpet.edu.tw/exam/111/111exam.html","https://drive.google.com/file/d/15GDoX37pXdUsluIw79o2bkhgfiL1HxCG/view","","","","","","","","",""
"OFF-0329","數學","官方歷屆真題","111","12","會考總複習","歷屆會考","111年數學第12題","進階","歷屆真題","已知 p＝7.52×10⁻⁶，下列關於 p 值的敘述何者正確？","小於 0","介於 0 與 1 之間，且較接近 0","介於 0 與 1 之間，且較接近 1","大於 1","1","介於 0 與 1 之間，且較接近 0","","7.52 為正數，乘上 10⁻⁶＝0.000001 後，p＝0.00000752。此值大於 0 且小於 1，並且與 0 的距離遠小於與 1 的距離，答案 B。","[""10⁻⁶＝1/1,000,000，因此 p＝7.52/1,000,000。"",""p＝0.00000752，故 0＜p＜1。"",""p 非常接近 0，答案 B。""]","負指數表示小數；先判斷正負，再比較數值與 0、1 的距離。","[]","[]","","false","false","https://cap.rcpet.edu.tw/exam/111/111exam.html","https://drive.google.com/file/d/15GDoX37pXdUsluIw79o2bkhgfiL1HxCG/view","","","","","","","","",""
"OFF-0330","數學","官方歷屆真題","111","13","會考總複習","歷屆會考","111年數學第13題","進階","歷屆真題","如圖，AB 為圓 O 的弦，C 點在 AB 上。若 AC＝6、BC＝2，且圓心 O 到弦 AB 的垂直距離為 3，求 OC 的長度。","3","4","√11","√13","3","√13","","弦 AB＝6＋2＝8，圓心到弦的垂線平分弦，所以垂足到 A、B 各為 4。C 距 A 為 6，因此 C 與弦中點相距 6−4＝2。圓心、弦中點及 C 形成直角三角形，OC＝√（3²＋2²）＝√13，答案 D。","[""AB＝AC＋CB＝8；圓心到弦的垂線會平分弦，半弦長為 4。"",""弦中點距 A 為 4，而 AC＝6，所以 C 到弦中點的距離為 2。"",""套用畢氏定理：OC＝√（3²＋2²）＝√13，答案 D。""]","圓心到弦的垂線平分弦；先找弦中點，再建立直角三角形。","[]","[""./assets/official-exams/111-math-q13-figure.png""]","./assets/official-exams/111-math-q13-figure.png","true","false","https://cap.rcpet.edu.tw/exam/111/111exam.html","https://drive.google.com/file/d/15GDoX37pXdUsluIw79o2bkhgfiL1HxCG/view","","","","","","","","",""
"OFF-0331","數學","官方歷屆真題","111","14","會考總複習","歷屆會考","111年數學第14題","進階","歷屆真題","某國調查 750 萬名受僱員工的年薪，平均年薪為 60 萬元。年薪低於 60 萬元的各薪資區間人數（萬人）依序為：0～6 萬 5 人、6～12 萬 5 人、12～18 萬 10 人、18～24 萬 40 人、24～30 萬 80 人、30～36 萬 100 人、36～42 萬 80 人、42～48 萬 80 人、48～54 萬 65 人、54～60 萬 45 人。年薪低於平均數的人數占總調查人數的百分率為何？","6%","50%","68%","73%","2","68%","","年薪低於 60 萬的員工數為 5＋5＋10＋40＋80＋100＋80＋80＋65＋45＝510 萬人。占總人數 750 萬人的比例為 510÷750＝0.68＝68%，答案 C。","[""將平均數 60 萬以下各組人數相加：5＋5＋10＋40＋80＋100＋80＋80＋65＋45＝510 萬人。"",""低於平均數的人數比例＝510÷750。"",""510÷750×100%＝68%，答案 C。""]","平均數不表示一半的人低於平均；須依各組實際人數加總。","[]","[]","","false","false","https://cap.rcpet.edu.tw/exam/111/111exam.html","https://drive.google.com/file/d/15GDoX37pXdUsluIw79o2bkhgfiL1HxCG/view","","","","","","","","",""
"OFF-0332","數學","官方歷屆真題","111","15","會考總複習","歷屆會考","111年數學第15題","進階","歷屆真題","在 △ABC 中，D 點在 AB 上，E 點在 BC 上，DE 為 AB 的中垂線。已知 ∠B＝∠C，且 ∠EAC＞90°。圖中 ∠1、∠2、∠3 依序為 ∠BED、∠DEA、∠AEC，判斷下列何者正確？","∠1＝∠2，且 ∠1＜∠3","∠1＝∠2，且 ∠1＞∠3","∠1≠∠2，且 ∠1＜∠3","∠1≠∠2，且 ∠1＞∠3","1","∠1＝∠2，且 ∠1＞∠3","","E 在 AB 的中垂線上，所以 EA＝EB，△ABE 為等腰三角形；又 E 在 BC 上，故 ∠ABE＝∠B。設 ∠B＝∠C＝β，則 ∠BAE＝β，且 DE⊥AB，因此 ∠1＝∠2＝90°−β。由 ∠EAC＞90° 可得 β＜30°；在 △AEC 中，∠3＝180°−∠EAC−β＜90°−β＝∠1。故 ∠1＝∠2 且 ∠1＞∠3，答案 B。","[""E 在 AB 的中垂線上，所以 EA＝EB；△ABE 等腰，∠BAE＝∠ABE＝∠B。"",""設 ∠B＝∠C＝β。因 DE⊥AB 且 EB 與 BC 同一直線，∠1＝90°−β；△ABE 的頂角與垂線關係得 ∠2 也等於 90°−β。"",""∠EAC＞90°，所以 △AEC 中 ∠3＝180°−∠EAC−β＜90°−β＝∠1；選 ∠1＝∠2 且 ∠1＞∠3，答案 B。""]","先由中垂線推出等距與等腰三角形，再使用平行／垂直及三角形內角和比較角度。","[]","[""./assets/official-exams/111-math-q15-figure.png""]","./assets/official-exams/111-math-q15-figure.png","true","false","https://cap.rcpet.edu.tw/exam/111/111exam.html","https://drive.google.com/file/d/15GDoX37pXdUsluIw79o2bkhgfiL1HxCG/view","","","","","","","","",""
"OFF-0333","數學","官方歷屆真題","111","16","會考總複習","歷屆會考","111年數學第16題","進階","歷屆真題","緩降機是火災發生時避難的逃生設備。圖（七）為廠商提供的安裝示意圖，呈現三樓安裝時直接緩降到一樓地面的所需繩長（不計安全帶）。若每個樓層高度皆為3公尺，依相同安裝方式在八樓安裝，直接緩降到一樓地面的所需繩長為多少公尺？","21.7 公尺","22.6 公尺","24.7 公尺","25.6 公尺","0","21.7 公尺","","答案 A（21.7 公尺）。八樓到一樓共有7個樓層高度，先算垂直高度21公尺；依圖示安裝方式，扣除一樓距地面0.5公尺，再加上八樓落地架高度1.6公尺並扣除落地架距牆0.4公尺。總繩長＝3×7－0.5＋(1.6－0.4)＝21.7公尺。","[""八樓到一樓的樓層高度差為8−1＝7層，每層3公尺，所以垂直距離是7×3＝21公尺。"",""照圖示計算安裝端修正：落地架高出樓層1.6公尺，但距牆0.4公尺；繩索末端離地0.5公尺，因此列式21＋1.6−0.4−0.5。"",""計算得21＋1.2−0.5＝21.7公尺，對應選項A。""]","讀多段尺寸圖時，先算樓層總高，再逐一判斷哪些端點距離要加、哪些已包含而要扣除。","[]","[""./assets/official-exams/111-math-q16-figure.png""]","./assets/official-exams/111-math-q16-figure.png","true","false","https://cap.rcpet.edu.tw/exam/111/111exam.html","https://drive.google.com/file/d/15GDoX37pXdUsluIw79o2bkhgfiL1HxCG/view","","","","","","","","",""
"OFF-0334","數學","官方歷屆真題","111","17","會考總複習","歷屆會考","111年數學第17題","進階","歷屆真題","圖中 △ABC 的兩條截線 L、M 分別平行於 BC、AB。L 與 AC 的交點標示一個 120° 鈍角，M 與 AC 的交點標示一個 115° 鈍角。求 ∠B 的度數。","55°","60°","65°","70°","0","55°","","因 L∥BC，圖中 120° 與三角形 C 角互補，所以 ∠C＝60°。因 M∥AB，圖中 115° 與頂角 A 互補，所以 ∠A＝65°。三角形內角和為 180°，故 ∠B＝180°−60°−65°＝55°，答案 A。","[""由 L∥BC，120° 為 ∠C 的外角補角，∠C＝180°−120°＝60°。"",""由 M∥AB，115° 為 ∠A 的外角補角，∠A＝180°−115°＝65°。"",""∠B＝180°−60°−65°＝55°，答案 A。""]","遇到平行線先找同位角、內錯角或補角，再用三角形內角和。","[]","[""./assets/official-exams/111-math-q17-figure.png""]","./assets/official-exams/111-math-q17-figure.png","true","false","https://cap.rcpet.edu.tw/exam/111/111exam.html","https://drive.google.com/file/d/15GDoX37pXdUsluIw79o2bkhgfiL1HxCG/view","","","","","","","","",""
"OFF-0335","數學","官方歷屆真題","111","18","會考總複習","歷屆會考","111年數學第18題","進階","歷屆真題","鞋店活動：同時買兩雙鞋，較便宜的一雙以六折計價；活動不得與折價券合用。小徹買一雙球鞋和一雙皮鞋，並持有全品項八折券。使用折價券與參加活動的花費相差 50 元。下列敘述何者正確？","折價券較省，兩雙鞋定價差 100 元","折價券較省，兩雙鞋定價差 250 元","特惠活動較省，兩雙鞋定價差 100 元","特惠活動較省，兩雙鞋定價差 250 元","1","折價券較省，兩雙鞋定價差 250 元","","設較貴鞋價 H、較便宜鞋價 L。折價券費用為 0.8H＋0.8L；活動費用為 H＋0.6L。活動比折價券多 50 元，因此 0.2H−0.2L＝50，得 H−L＝250。折價券花費較少，答案 B。","[""設兩雙定價為 H＞L；八折券總額為 0.8H＋0.8L。"",""特惠活動只將較便宜的一雙打六折，總額為 H＋0.6L。"",""活動減折價券＝0.2（H−L）＝50，所以價差 250 元，且折價券較省，答案 B。""]","依活動文字確認折扣套用在較便宜商品，並把兩種方案分別列式比較。","[]","[]","","false","false","https://cap.rcpet.edu.tw/exam/111/111exam.html","https://drive.google.com/file/d/15GDoX37pXdUsluIw79o2bkhgfiL1HxCG/view","","","","","","","","",""
"OFF-0336","數學","官方歷屆真題","111","19","會考總複習","歷屆會考","111年數學第19題","進階","歷屆真題","如 圖 ( 十 )，∆ABC 的 重 心 為 G， BC 的 中點為 D， 今以 G 為圓心， GD 長為半徑 畫一圓，且作 A 點到圓 G 的兩切線段 AE、 AF，其中 E、F 均為切點。根據圖中標示的 角與角度，求 ∠1 與 ∠2 的度數和為多少？","30°","35°","40°","45°","1","35°","","三角形 ABC 的頂角為 180°−40°−45°＝95°。重心 G 在中線 AD 上，且 AG:GD＝2:1，因此外點 A 到圓心 G 的距離 AG 是半徑 GD 的兩倍。切線 AE 與半徑 GE 垂直；在直角三角形 AGE 中，GE/AG＝1/2，所以 ∠EAG＝30°。同理 ∠GAF＝30°，故 ∠EAF＝60°。由圖可知 ∠1＋∠2＝∠BAC−∠EAF＝95°−60°＝35°，答案為 B。","[""先求三角形頂角：∠BAC＝180°−40°−45°＝95°。"",""重心性質給出 AG＝2GD；半徑 GE＝GD，且半徑垂直切線 AE，因此直角三角形 AGE 中 GE/AG＝1/2，∠EAG＝30°。"",""兩條切線關於 AG 對稱，所以 ∠GAF 也為 30°，得 ∠EAF＝60°。"",""圖中 ∠1＋∠2＝∠BAC−∠EAF＝95°−60°＝35°，選 B。""]","重心將中線分成頂點側 2 份、底邊側 1 份；圓的半徑垂直切線，切線長可用勾股定理。","[]","[""./assets/official-exams/111-math-q19-figure.png""]","./assets/official-exams/111-math-q19-figure.png","true","false","https://cap.rcpet.edu.tw/exam/111/111exam.html","https://drive.google.com/file/d/15GDoX37pXdUsluIw79o2bkhgfiL1HxCG/view","","","","","","","","",""
"OFF-0337","數學","官方歷屆真題","111","20","會考總複習","歷屆會考","111年數學第20題","進階","歷屆真題","圖（十一）為正三角形紙片 ABC，D 在 AB 上、E 在 BC 上。沿 DE 摺疊，使 B 點摺至圖（十二）中的位置；摺後直線 BD、BE 分別與 AC 交於 F、G。已知 AD＝10、AF＝16、DF＝14、BF＝8，求 CG。","7","8","9","10","2","9","","答案 C（9）。摺後圖中 A、D、F、B 共線，故正三角形邊長 AB＝AD＋DF＋FB＝10＋14＋8＝32。由正三角形得 AC＝32。又∠DAF＝∠GBF＝60°，且∠AFD＝∠BFG（對頂角），所以△ADF∼△BGF；AF/BF＝DF/GF，16/8＝14/GF，得 GF＝7。AG＝AF＋FG＝23，因此 CG＝AC−AG＝32−23＝9。","[""由摺後圖上的共線順序，AB＝AD＋DF＋FB＝10＋14＋8＝32；ABC 為正三角形，因此 AC＝32。"",""△ADF 與 △BGF 有一組60°角，且交點處的角為對頂角，所以兩三角形相似。由 AF/BF＝DF/GF，得16/8＝14/GF，故 GF＝7。"",""AG＝AF＋FG＝16＋7＝23，於是 CG＝AC−AG＝32−23＝9，答案C。""]","摺疊會保留長度；確認摺後哪些點共線，再用相似三角形建立對應邊比例。","[]","[""./assets/official-exams/111-math-q20-figure.png""]","./assets/official-exams/111-math-q20-figure.png","true","false","https://cap.rcpet.edu.tw/exam/111/111exam.html","https://drive.google.com/file/d/15GDoX37pXdUsluIw79o2bkhgfiL1HxCG/view","","","","","","","","",""
"OFF-0338","數學","官方歷屆真題","111","21","會考總複習","歷屆會考","111年數學第21題","進階","歷屆真題","有一直徑為 AB 的圓，且圓上有 C、D、E、F 四點， 其位置如圖 ( 十三 ) 所示。若 AC = 6， AD = 8， AE = 5，AF = 9，AB = 10，則下列弧長關係何者 正確？","AC + AD = AB，AE + AF = AB","AC + AD = AB，AE + AF ≠ AB","AC + AD ≠ AB，AE + AF = AB","AC + AD ≠ AB，AE + AF ≠ AB","1","AC + AD = AB，AE + AF ≠ AB","","答案是 B「弧 AC＋弧 AD＝弧 AB，但弧 AE＋弧 AF≠弧 AB」。半徑為 5。從圓心向弦 AC、AD 作垂線，垂足平分弦，得到兩個 3-4-5 直角三角形。兩三角形的銳角互餘，因此對應的兩個圓心角和為 180°，故弧 AC 與弧 AD 合成半圓弧 AB。又 AE＝AO＝OE＝5，△AOE 為正三角形，所以弧 AE 為 60°。若弧 AF 不超過 120°，其弦 AF 不會長於 120° 圓心角所對的弦 5√3；但 AF＝9 且 9＞5√3，矛盾，所以弧 AF 大於 120°。因此弧 AE＋弧 AF 大於半圓弧 AB，兩者不相等。","[""半徑 AO＝5。從 O 向弦 AC、AD 作垂線，垂足分別平分弦，所以半弦長為 3、4；由畢氏定理，兩垂線長分別為 4、3，形成兩個 3-4-5 直角三角形。"",""兩直角三角形的銳角互餘，故 ∠AOC 與 ∠AOD 的一半相加為 90°，兩個圓心角和為 180°；弧 AC＋弧 AD 正好等於半圓弧 AB。"",""AO＝OE＝AE＝5，△AOE 為正三角形，所以弧 AE 對應圓心角 60°。圓心角 120° 所對的弦長為 5√3。"",""因 AF＝9＞5√3，在小於半圓的弧範圍內，弧 AF 必大於 120°；所以弧 AE＋弧 AF 大於 180°，不等於半圓弧 AB。選 B。""]","同圓弧長與圓心角成正比；先用半徑垂直弦平分弦，建立 3-4-5 直角三角形比較兩段弧，再判斷是否為半圓。","[]","[""./assets/official-exams/111-math-q21-figure.png""]","./assets/official-exams/111-math-q21-figure.png","true","false","https://cap.rcpet.edu.tw/exam/111/111exam.html","https://drive.google.com/file/d/15GDoX37pXdUsluIw79o2bkhgfiL1HxCG/view","","","","","","","","",""
"OFF-0339","數學","官方歷屆真題","111","22","會考總複習","歷屆會考","111年數學第22題","進階","歷屆真題","已知坐標平面上有二次函數 y = − ( x + 6 )2 + 5 的圖形，函數圖形與 x 軸相交 於 ( a , 0 )、( b , 0 ) 兩點，其中 a < b。今將此函數圖形往上平移，平移後函數 圖形與 x 軸相交於 ( c , 0 )、 ( d , 0 ) 兩點，其中 c < d，判斷下列敘述何者 正確？","(a + b) = (c + d)，(b − a) < (d − c)","(a + b) = (c + d)，(b − a) > (d − c)","(a + b) < (c + d)，(b − a) < (d − c)","(a + b) < (c + d)，(b − a) > (d − c)","0","(a + b) = (c + d)，(b − a) < (d − c)","","答案是 A。拋物線 y＝−(x＋6)²＋5 的對稱軸為 x＝−6，兩根中點為−6。向上平移 k（0<k<5）後方程為 0＝−(x＋6)²＋5＋k，根為 −6±√(5＋k)，因此兩根中點仍為−6，而根間距由2√5增加為2√(5＋k)。故 a＋b＝c＋d，且 b−a<d−c，選 A。","[""對稱軸為 x＝−6，兩個 x 截距以 −6 為中點，所以 a＋b＝−12。垂直平移不改變對稱軸，故 c＋d 也等於−12。"",""向上平移 k 後方程為 0＝−(x＋6)²＋5＋k，根為 −6±√(5＋k)，所以根間距大於原來的 2√5。"",""根和不變、根間距增加，即 a＋b＝c＋d 且 b−a<d−c，選 A。""]","向上平移使開口向下的拋物線與 x 軸交點間距增加，但對稱軸不變；比較根和、根距即可。","[]","[]","","false","false","https://cap.rcpet.edu.tw/exam/111/111exam.html","https://drive.google.com/file/d/15GDoX37pXdUsluIw79o2bkhgfiL1HxCG/view","","","","","","","","",""
"OFF-0340","數學","官方歷屆真題","111","23","會考總複習","歷屆會考","111年數學第23題","進階","歷屆真題","∆ABC 的邊上有 D、E、F 三點，各點位置如圖 ( 十四 ) 所示。若 ∠B = ∠FAC， BD = AC，∠BDE = ∠C， 則 根 據 圖 中 標 示 的 長 度， 求 四 邊 形 ADEF 與 ∆ABC 的面積比為何？","1 : 3","1 : 4","2 : 5","3 : 8","3","3 : 8","","答案是 D「3:8」。圖上 BE＝7、EF＝4、FC＝5，故 BC＝16。由 ∠B＝∠FAC、∠ACB＝∠FCA，△ABC∼△FAC，因此 AC²＝BC×FC＝16×5＝80。又 BD＝AC，所以 BD/BC＝√5/4；△BDE∼△BCA，面積比為 (√5/4)²＝5/16。△AFC 也與 △ABC 相似，FC/AC＝5/(4√5)＝√5/4，故其面積比亦為 5/16。四邊形 ADEF 是 △ABC 扣除 △BDE 與 △AFC 後的部分，面積比＝1−5/16−5/16＝3/8。","[""由圖得 BE＝7、EF＝4、FC＝5，故 BC＝16。∠B＝∠FAC，且 ∠ACB＝∠FCA，所以 △ABC∼△FAC；對應邊給 AC²＝BC×FC＝16×5＝80，故 AC＝BD＝4√5。"",""∠DBE＝∠B、∠BDE＝∠C，因此 △BDE∼△BCA。相似比 BD/BC＝BE/BA，代入 (4√5)/16＝7/BA，得 BA＝28/√5，故 BD/BA＝5/7。"",""△AFC∼△ABC 且相似比 FC/AC＝5/(4√5)＝√5/4，所以 △AFC 面積也為 △ABC 的 5/16。ADEF 是大三角形扣除這兩個角落三角形，比例＝1−5/16−5/16＝3/8，選 D。""]","把四邊形面積寫成大三角形減去兩個角落三角形；先由角與邊條件證相似，再用相似比平方求面積比。","[]","[""./assets/official-exams/111-math-q23-figure.png""]","./assets/official-exams/111-math-q23-figure.png","true","false","https://cap.rcpet.edu.tw/exam/111/111exam.html","https://drive.google.com/file/d/15GDoX37pXdUsluIw79o2bkhgfiL1HxCG/view","","","","","","","","",""
"OFF-0341","數學","官方歷屆真題","111","24","會考總複習","歷屆會考","111年數學第24題","進階","歷屆真題","日光燈發光效率＝光通量÷功率。PA系列資料（型號：直徑／長度／功率／光通量）：PA-20：25.4毫米／580毫米／20瓦／1440流明；PA-30：25.4毫米／895毫米／30瓦／2340流明；PA-40：25.4毫米／1198毫米／40瓦／3360流明。PB系列：PB-14：15.8毫米／549毫米／14瓦／1200流明；PB-28：15.8毫米／1149毫米／28瓦／2600流明。甲認為PA-20的發光效率比PB-14高；乙認為PA系列中功率較大的燈管發光效率較高。關於甲、乙的看法，下列何者正確？","甲、乙皆正確","甲、乙皆錯誤","甲正確，乙錯誤","甲錯誤，乙正確","3","甲錯誤，乙正確","","答案是 D。發光效率＝光通量÷功率。PA-20為1440÷20＝72流明/瓦；PB-14為1200÷14≈85.7流明/瓦，因此甲錯誤。PA-30為2340÷30＝78，PA-40為3360÷40＝84，功率較大者效率也較高，乙正確。","[""依定義計算 PA-20：1440÷20＝72流明/瓦；PB-14：1200÷14≈85.7流明/瓦。"",""72小於85.7，所以甲所說 PA-20 效率較高是錯的。"",""PA系列效率依序為72、2340÷30＝78、3360÷40＝84；功率越大效率越高，乙正確，選 D。""]","發光效率等於流明除以瓦數，分別計算 PA-20、PB-14 及 PA 系列各型號的效率再判斷兩個說法。","[]","[]","","false","false","https://cap.rcpet.edu.tw/exam/111/111exam.html","https://drive.google.com/file/d/15GDoX37pXdUsluIw79o2bkhgfiL1HxCG/view","","","","","","","","",""
"OFF-0342","數學","官方歷屆真題","111","25","會考總複習","歷屆會考","111年數學第25題","進階","歷屆真題","比較兩種日光燈安裝方案：基本方案為90支PA-40（每支40瓦），施工費45,000元；省電方案為120支PB-28（每支28瓦），施工費60,000元。耗電量（度）＝支數×每支功率（瓦）×使用時間（小時）÷1000，電費每度5元。假設兩方案每天使用時間相同且只計燈管耗電，使用時間至少超過多少小時，省電方案節省的電費才會高於施工費差額？","12200","12300","12400","12500","3","12500","","答案是 D（12500小時）。基本方案總功率90×40＝3600W；省電方案120×28＝3360W，每小時少用240Wh＝0.24度，省下0.24×5＝1.2元。省電方案多付施工費15,000元，需1.2t>15,000，得t>12,500小時，因此要超過12,500小時。","[""基本方案總功率＝90×40＝3600W；省電方案總功率＝120×28＝3360W，少240W。"",""每小時省電0.24度，按每度5元計，每小時省1.2元。省電方案施工費多15,000元。"",""令使用t小時，須1.2t>15,000，故t>12,500；答案 D。""]","省電方案每小時省下的電費乘使用時數；要嚴格高於 15,000 元施工差額，方程式需用「>」。","[]","[]","","false","false","https://cap.rcpet.edu.tw/exam/111/111exam.html","https://drive.google.com/file/d/15GDoX37pXdUsluIw79o2bkhgfiL1HxCG/view","","","","","","","","",""
"OFF-0532","數學","官方歷屆真題","112","1","會考總複習","歷屆會考","112年數學非選第1題","進階","非選擇題","A、B 兩廠牌的疫苗皆進行實驗以計算其疫苗效力。兩廠牌的疫苗實驗人數皆為 30000 人，各廠牌實驗人數中一半的人施打疫苗，另一半的人施打不具疫苗成分的安慰劑。經過一段時間後觀察得知，在 A 廠牌的實驗中，施打疫苗後仍感染的人數為 50 人，施打安慰劑後感染的人數為 500 人。疫苗效力公式為（1−p÷q）×100%，其中 p＝施打疫苗後感染人數÷施打疫苗人數，q＝施打安慰劑後感染人數÷施打安慰劑人數。請根據上述資訊回答下列問題，完整寫出你的解題過程並詳細解釋：(1) 根據實驗數據算出 A 廠牌的疫苗效力為多少？(2) 若 B 廠牌的實驗數據算出的疫苗效力高於 A 廠牌，請詳細說明 B 廠牌的實驗中施打疫苗後仍感染的人數，是否一定低於 A 廠牌實驗中施打疫苗後仍感染的人數？","","","","","","","[{""label"":""（1）"",""prompt"":""A 廠牌的疫苗效力（百分比）"",""answerDisplay"":""90%"",""acceptableAnswers"":[""90%"",""90％"",""90"",""0.9""]},{""label"":""（2）"",""prompt"":""B 廠牌施打疫苗後仍感染的人數是否一定少於 50 人？（請回答「不一定」或「一定」）"",""answerDisplay"":""不一定"",""acceptableAnswers"":[""不一定""]}]","（1）A 廠牌每組各有 30,000÷2=15,000 人，所以 p=50/15,000=1/300，q=500/15,000=1/30。疫苗效力=(1−p÷q)×100%=(1−(1/300)/(1/30))×100%=90%。答案：90%。
（2）不一定。B 廠牌的安慰劑感染率也會影響效力，不能只比較接種後感染人數。例如接種組感染 60 人、安慰劑組感染 900 人，p=60/15,000、q=900/15,000，p/q=1/15，效力約 93.3%，高於 A 的 90%，但接種後感染人數 60 人反而多於 50 人。因此答案是不一定。","[""每個實驗組有 30,000÷2=15,000 人。A 廠牌 p=50/15,000=1/300，q=500/15,000=1/30。"",""代入效力公式：(1−p/q)×100%=(1−(1/300)/(1/30))×100%=90%，所以（1）答案為 90%。"",""（2）不能只由效力較高推知接種組感染人數較少，因為安慰劑組感染率也可能不同。例：B 接種組感染 60 人、安慰劑組感染 900 人，效力=(1−60/900)×100%≈93.3%，仍高於 90%，但 60>50。因此答案是不一定。""]","疫苗效力比較的是接種組與安慰劑組的感染率比值，不是只比接種後感染人數；計算前先確認兩組人數。","[]","[]","","false","false","https://cap.rcpet.edu.tw/exam/112/112exam.html","https://drive.google.com/file/d/1im3JF0E8d8RC__Z8MW9MQXCuonjPN3f_/view","","","","","","","","",""
"OFF-0533","數學","官方歷屆真題","112","2","會考總複習","歷屆會考","112年數學非選第2題","進階","非選擇題","小儀利用一副撲克牌摺疊出一個環套，如圖（十六）所示。環套的上視圖為邊長 6 公分的正八邊形，如圖（十七）所示。請根據上述資訊回答下列問題，完整寫出你的解題過程並詳細解釋：(1) 正八邊形的一個內角度數為多少？(2) 已知有一個圓柱形花瓶，其底面半徑為 8 公分。假設不考慮花瓶與環套的厚度，判斷此環套是否能在不變形的前提下套在花瓶側面外圍？圖（十八）提供 45°－45°－90° 與 22.5°－67.5°－90° 三角形的邊長近似值，供作答時參考。","","","","","","","[{""label"":""（1）"",""prompt"":""正八邊形的一個內角（度）"",""answerDisplay"":""135°"",""acceptableAnswers"":[""135°"",""135度"",""135""]},{""label"":""（2）"",""prompt"":""環套能否不變形套上花瓶？（請回答「能」或「不能」）"",""answerDisplay"":""不能"",""acceptableAnswers"":[""不能""]}]","（1）正八邊形內角和為 (8−2)×180°=1080°，每個內角相等，所以一個內角為 1080°÷8=135°。答案：135°。
（2）環套周長為 8×6=48 公分。半徑 8 公分的圓柱花瓶底面周長為 2πr=16π≈50.27 公分。因 48<16π，環套周長不足，不能在不變形的前提下套住花瓶。答案：不能。","[""正八邊形內角和=(8−2)×180°=1080°；八個內角相等，單一內角=1080°÷8=135°。"",""環套上視圖的周長=8×6=48 公分；花瓶側面一圈所需長度等於底面圓周=2π×8=16π≈50.27 公分。"",""比較 48 公分與約 50.27 公分，環套比花瓶周長短，因此（2）不能不變形套上。""]","正多邊形先用內角和公式；套圓柱時比較環套周長與底面圓周，不能用直徑代替半徑。","[]","[""./assets/official-exams/112-math-nonchoice-q02-main-figures.svg"",""./assets/official-exams/112-math-nonchoice-q02-reference-triangles.svg""]","./assets/official-exams/112-math-nonchoice-q02-main-figures.svg","true","true","https://cap.rcpet.edu.tw/exam/112/112exam.html","https://drive.google.com/file/d/1im3JF0E8d8RC__Z8MW9MQXCuonjPN3f_/view","","","","","","","","",""
"OFF-0534","數學","官方歷屆真題","112","3","會考總複習","歷屆會考","112年數學第3題","進階","歷屆真題","圖 ( 一 ) 的立體圖形由相同大小的正方體積木堆疊 而成。判斷拿走圖 ( 一 ) 的哪一個積木後，此圖形 前視圖的形狀會改變？","甲","乙","丙","丁","1","乙","","答案是 B「乙」。沿圖中箭頭方向觀察前視投影，將前後方塊重疊後，乙所在位置是改變外輪廓的關鍵方塊；移除乙會使該投影位置少一格。甲、丙、丁移除後，前視輪廓仍可由同一投影位置的其他積木維持。","[""沿圖中「前面」箭頭看，前視圖會把深度方向的積木投影到同一位置；被其他方塊遮住或投影重疊的積木，移除後不一定改變外框。"",""逐一檢查甲、乙、丙、丁所在的投影格，乙是唯一會讓可見輪廓少一格的方塊。"",""因此拿走乙後前視圖形狀改變，答案為 B。""]","前視圖會把不同深度的積木投影到同一位置；先逐格檢查重疊投影，再判斷移除哪個積木會改變外輪廓。","[]","[""./assets/official-exams/112-math-q03-figure.png""]","./assets/official-exams/112-math-q03-figure.png","true","false","https://cap.rcpet.edu.tw/exam/112/112exam.html","https://drive.google.com/file/d/1im3JF0E8d8RC__Z8MW9MQXCuonjPN3f_/view","","","","","","","","",""
"OFF-0535","數學","官方歷屆真題","112","4","會考總複習","歷屆會考","112年數學第4題","進階","歷屆真題","化簡 √135 的結果為下列何者？","3√5","27√5","3√15","9√15","2","3√15","","答案是 C「3√15」。把 135 拆成平方數因數與其餘因數：135＝9×15，因此 √135＝√9×√15＝3√15。15 沒有大於 1 的平方因數可再提出，已是最簡根式。","[""先把 135 分解，找出最大平方數因數：135＝9×15。"",""利用 √(mn)＝√m×√n，得 √135＝√9×√15＝3√15。"",""15 已沒有可提出的平方因數，所以最簡結果是 3√15，選 C。""]","根式化簡先找被開方數中的最大平方因數；提出根號後，再確認剩下的因數已不能再化簡。","[]","[]","","false","false","https://cap.rcpet.edu.tw/exam/112/112exam.html","https://drive.google.com/file/d/1im3JF0E8d8RC__Z8MW9MQXCuonjPN3f_/view","","","","","","","","",""
"OFF-0536","數學","官方歷屆真題","112","5","會考總複習","歷屆會考","112年數學第5題","進階","歷屆真題","坐標平面上，一次函數 y = −2x − 6 的圖形通過下列哪一個點？","(−4 , 1 )","(−4 , 2 )","(−4 , −1)","(−4 , −2)","1","(−4 , 2 )","","答案是 B（−4，2）。將 x＝−4 代入 y＝−2x−6，得 y＝−2×(−4)−6＝8−6＝2，因此點（−4，2）在這條直線上。","[""一次函數上的點必須滿足 y＝−2x−6。把各選項的 x＝−4 代入，函數值為 −2×(−4)−6。"",""先算乘法：−2×(−4)＝8，再算 8−6＝2。"",""因此只有 y＝2 的點（−4，2）符合，答案是 B。""]","把點的 x 座標代入直線方程求出 y，再與選項座標逐一比對；特別留意負數相乘的符號。","[]","[]","","false","false","https://cap.rcpet.edu.tw/exam/112/112exam.html","https://drive.google.com/file/d/1im3JF0E8d8RC__Z8MW9MQXCuonjPN3f_/view","","","","","","","","",""
"OFF-0537","數學","官方歷屆真題","112","6","會考總複習","歷屆會考","112年數學第6題","進階","歷屆真題","已知 a＝−1，b＝−1 又 3/4，c＝−1 又 5/8，下列關於 a、b、c 三數的大小關係，何者正確？","a > c > b","a > b > c","b > c > a","c > b > a","0","a > c > b","","答案是 A「a > c > b」。先把帶分數化成小數：a＝−1、b＝−1.75、c＝−1.625。負數越接近 0 越大，因此 −1＞−1.625＞−1.75，得到 a＞c＞b。","[""把帶分數改寫為小數：a＝−1，b＝−1.75，c＝−1.625。"",""比較負數時，越接近 0 的數越大，因此 −1 最大；在 −1.625 與 −1.75 中，−1.625 較大。"",""由大到小為 a＞c＞b，選 A。""]","負帶分數的負號作用於整個數；可先化成小數或假分數，再用「越接近 0 越大」比較負數。","[]","[]","","false","false","https://cap.rcpet.edu.tw/exam/112/112exam.html","https://drive.google.com/file/d/1im3JF0E8d8RC__Z8MW9MQXCuonjPN3f_/view","","","","","","","","",""
"OFF-0538","數學","官方歷屆真題","112","7","會考總複習","歷屆會考","112年數學第7題","進階","歷屆真題","如圖 ( 二 )，坐標平面上直線 L 的方程式為 x = −5， 直線 M 的方程式為 y = −3，P 點的坐標為 (a , b )。 根據圖 ( 二 ) 中 P 點位置判斷，下列關係何者正確？","a < −5，b > −3","a < −5，b < −3","a > −5，b > −3","a > −5，b < −3","0","a < −5，b > −3","","答案是 A（a＜−5，b＞−3）。直線 L 為 x＝−5；圖上的 P 在 L 左側，因此其 x 座標 a 小於 −5。直線 M 為 y＝−3；P 在 M 上方，因此 y 座標 b 大於 −3。","[""直線 L 是垂直線 x＝−5；點 P 在 L 左側，所以 P 的 x 座標 a＜−5。"",""直線 M 是水平線 y＝−3；點 P 在 M 上方，所以 P 的 y 座標 b＞−3。"",""兩個判斷合起來為 a＜−5 且 b＞−3，答案 A。""]","垂直線 x＝常數看左右位置，水平線 y＝常數看上下位置；左側 x 較小、上方 y 較大。","[]","[""./assets/official-exams/112-math-q07-figure.png""]","./assets/official-exams/112-math-q07-figure.png","true","false","https://cap.rcpet.edu.tw/exam/112/112exam.html","https://drive.google.com/file/d/1im3JF0E8d8RC__Z8MW9MQXCuonjPN3f_/view","","","","","","","","",""
"OFF-0539","數學","官方歷屆真題","112","8","會考總複習","歷屆會考","112年數學第8題","進階","歷屆真題","如圖 ( 三 )，梯形 ABCD 中，AD // BC。若 ∠ ADC = 140°，且 BD⊥CD， 則 ∠ DBC 的度數為何？","30","40","50","60","2","50","","答案是 C（50°）。因 AD 平行 BC，截線 DC 形成的同側內角互補，所以 ∠DCB＝180°−140°＝40°。又 BD 垂直 CD，∠BDC＝90°；在三角形 BDC 中，∠DBC＝180°−90°−40°＝50°。","[""因 AD∥BC，DC 為截線；同側內角 ∠ADC 與 ∠DCB 互補，因此 ∠DCB＝180°−140°＝40°。"",""BD⊥CD，所以三角形 BDC 的 ∠BDC＝90°。"",""三角形內角和為 180°，故 ∠DBC＝180°−90°−40°＝50°，選 C。""]","平行線的同側內角互補；找到三角形中的直角後，再用內角和 180° 求未知角。","[]","[""./assets/official-exams/112-math-q08-trapezoid-angles.svg""]","./assets/official-exams/112-math-q08-trapezoid-angles.svg","true","false","https://cap.rcpet.edu.tw/exam/112/112exam.html","https://drive.google.com/file/d/1im3JF0E8d8RC__Z8MW9MQXCuonjPN3f_/view","","","","","","","","",""
"OFF-0540","數學","官方歷屆真題","112","9","會考總複習","歷屆會考","112年數學第9題","進階","歷屆真題","有多少個正整數是18的倍數，同時也是216的因數？","2","6","10","12","1","6","","答案 B（6）。216 的質因數分解為 2³×3³；18=2×3²。216 的因數若同時是 18 的倍數，2 的指數可為 1、2、3（三種），3 的指數可為 2、3（兩種），故共有 3×2=6 個。逐一列出是 18、36、54、72、108、216。","[""分解 216=2³×3³，且 18=2×3²。"",""216 的因數要是 18 的倍數，必須含至少一個 2 與至少兩個 3；2 的指數有 3 種、3 的指數有 2 種。"",""相乘得 3×2=6 個；列舉 18、36、54、72、108、216，可再確認數量。""]","「同時為倍數與因數」可先做質因數分解，再逐個數指數的可選範圍。","[]","[]","","false","false","https://cap.rcpet.edu.tw/exam/112/112exam.html","https://drive.google.com/file/d/1im3JF0E8d8RC__Z8MW9MQXCuonjPN3f_/view","","","","","","","","",""
"OFF-0541","數學","官方歷屆真題","112","10","會考總複習","歷屆會考","112年數學第10題","進階","歷屆真題","利用公式解可得一元二次方程式 3x²−11x−1＝0 的兩解為 a、b，且 a＞b，求 a 值為何？","(−11＋√109)/6","(−11＋√133)/6","(11＋√109)/6","(11＋√133)/6","3","(11＋√133)/6","","答案 D。對 3x²−11x−1=0 使用公式解，a=3、b=−11、c=−1，判別式 b²−4ac=121+12=133。兩根為 (11±√133)/6；因 √133>11，較大的一根為 (11+√133)/6，對應 D。","[""公式解的判別式 Δ=b²−4ac=(−11)²−4(3)(−1)=121+12=133。"",""兩根為 x=(−b±√Δ)/(2a)=(11±√133)/6。"",""因 √133 為正，帶加號的根較大，a=(11+√133)/6，答案 D。""]","代公式時注意 b=−11，因此 −b=11；再用 a>b 判斷應取正平方根的那一支。","[]","[]","","false","false","https://cap.rcpet.edu.tw/exam/112/112exam.html","https://drive.google.com/file/d/1im3JF0E8d8RC__Z8MW9MQXCuonjPN3f_/view","","","","","","","","",""
"OFF-0542","數學","官方歷屆真題","112","11","會考總複習","歷屆會考","112年數學第11題","進階","歷屆真題","業者以紅、黃、綠標示每杯咖啡的咖啡因含量：紅色代表超過200毫克；黃色代表超過100毫克但不超過200毫克；綠色代表不超過100毫克。某店中杯美式咖啡為360毫升、標示黃色；大杯為480毫升、標示紅色。已知每毫升咖啡因含量相同。我國建議成人每日攝取量不超過300毫克，歐盟建議不超過400毫克。判斷一位成人一日喝2杯該店中杯美式咖啡，是否符合我國或歐盟的建議。","符合我國也符合歐盟","不符合我國也不符合歐盟","符合我國，不符合歐盟","不符合我國，符合歐盟","3","不符合我國，符合歐盟","","答案是 D。大杯480毫升為紅色（>200毫克），中杯360毫升同濃度，所以每杯>150毫克；兩杯>300毫克，不符我國上限。中杯黃色表示每杯≤200毫克，兩杯≤400毫克，符合歐盟上限。","[""大杯480 mL為紅色（>200 mg）；同濃度下，中杯360 mL含量>200×360÷480＝150 mg。"",""喝兩杯中杯咖啡因>300 mg，超過我國每日300 mg上限。"",""中杯為黃色，表示每杯≤200 mg，因此兩杯≤400 mg，符合歐盟上限；選 D。""]","黃色代表每杯 100–200 毫克（含 200）；紅色是超過 200。先用容量比例求範圍，再比較每日上限，勿把標籤當精確數值。","[]","[]","","false","false","https://cap.rcpet.edu.tw/exam/112/112exam.html","https://drive.google.com/file/d/1im3JF0E8d8RC__Z8MW9MQXCuonjPN3f_/view","","","","","","","","",""
"OFF-0543","數學","官方歷屆真題","112","12","會考總複習","歷屆會考","112年數學第12題","進階","歷屆真題","盒玩購買者只知道系列、不知道盒內款式；每款等機率出現。動物系列共有 A 至 F 六款，小友喜歡 A、C 款；汽車系列共有 A 至 E 五款，小友喜歡 B 款。若他買一盒動物系列與一盒汽車系列，求兩盒都抽到喜歡款式的機率。","1/15","1/10","2/11","3/11","0","1/15","","答案 A（1/15）。動物系列共有 6 款，喜歡 A、C 兩款，抽中喜歡款式的機率為 2/6=1/3；汽車系列共有 5 款，只喜歡 B 款，機率為 1/5。兩盒分別獨立抽取，兩款都喜歡的機率=(1/3)×(1/5)=1/15。","[""動物盒玩中喜歡 A、C 共 2 款，六款等機率，機率為 2/6=1/3。"",""汽車盒玩中只喜歡 B 一款，五款等機率，機率為 1/5。"",""兩系列各買一盒，事件獨立；兩者都喜歡的機率=(1/3)×(1/5)=1/15，答案 A。""]","題目要求兩件事同時發生，且兩盒分開隨機抽取，應將各自機率相乘，不是相加。","[]","[]","","false","false","https://cap.rcpet.edu.tw/exam/112/112exam.html","https://drive.google.com/file/d/1im3JF0E8d8RC__Z8MW9MQXCuonjPN3f_/view","","","","","","","","",""
"OFF-0544","數學","官方歷屆真題","112","13","會考總複習","歷屆會考","112年數學第13題","進階","歷屆真題","如圖 ( 六 )，直角柱 ABCDEF 的底面為直角三角形。 若 ∠ ABC = ∠ DEF = 90°， BC > AB > BE，則連接 AE 後，下列敘述何者正確？","∠ ACB < ∠ FDE，∠ AEB > ∠ ACB","∠ ACB < ∠ FDE，∠ AEB < ∠ ACB","∠ ACB > ∠ FDE，∠ AEB > ∠ ACB","∠ ACB > ∠ FDE，∠ AEB < ∠ ACB","0","∠ ACB < ∠ FDE，∠ AEB > ∠ ACB","","答案是 A「∠ACB＜∠FDE，∠AEB＞∠ACB」。設 AB=a、BC=c、BE=h，題目給 c>a>h。底面 △ABC 在 B 為直角，所以 tan∠ACB=a/c；側面 △DEF 與底面全等，∠FDE 對應底面 A 角，tan∠FDE=c/a。由 c>a，a/c<c/a，故 ∠ACB＜∠FDE。再看直角三角形 ABE：tan∠AEB=a/h，而 tan∠ACB=a/c。因 h<c，a/h>a/c，所以 ∠AEB＞∠ACB。兩個敘述皆成立，選 A。","[""令 AB=a、BC=c、BE=h；已知 c>a>h。因 △ABC 是 B 直角三角形，tan∠ACB=a/c。直角柱的兩個三角底面全等，∠FDE 對應 △ABC 的 A 角，所以 tan∠FDE=c/a。"",""由 c>a>0 得 a/c<c/a；兩角都為銳角，正切較大者角度較大，因此 ∠ACB＜∠FDE。"",""在直角三角形 ABE 中，tan∠AEB=a/h。又 h<c，故 a/h>a/c=tan∠ACB，得到 ∠AEB＞∠ACB；選 A。""]","直角柱的兩個底面全等，先對應頂點；比較銳角時可用正切與邊長比，需確認角都在 0° 到 90°。","[]","[""./assets/official-exams/112-math-q13-figure.png""]","./assets/official-exams/112-math-q13-figure.png","true","false","https://cap.rcpet.edu.tw/exam/112/112exam.html","https://drive.google.com/file/d/1im3JF0E8d8RC__Z8MW9MQXCuonjPN3f_/view","","","","","","","","",""
"OFF-0545","數學","官方歷屆真題","112","14","會考總複習","歷屆會考","112年數學第14題","進階","歷屆真題","坐標平面上有兩個二次函數圖形，頂點 P、Q 皆在 x 軸上，另有一水平線與兩圖形相交於 A、B、C、D，且由左至右依序排列。左側拋物線與水平線交於 A、C，右側拋物線交於 B、D。若 AB＝10、BC＝5、CD＝6，求 PQ 的長度。","7","8","9","10","1","8","","答案 B（8）。令水平線上的 A、B、C、D 由左至右座標依序為 0、10、15、21，因 AB=10、BC=5、CD=6。拋物線對稱軸通過頂點，且同一水平線與該拋物線的兩交點以頂點的 x 座標為中點。左拋物線交於 A、C，故 P 的座標為 (0+15)/2=7.5；右拋物線交於 B、D，Q 的座標為 (10+21)/2=15.5。PQ=15.5−7.5=8。","[""設 A=0，則 B=10、C=15、D=21。從圖形可見左側拋物線與水平線交於 A、C，右側拋物線交於 B、D。"",""拋物線的對稱軸平分同一水平線上的兩交點，所以 P=(A+C)/2=(0+15)/2=7.5，Q=(B+D)/2=(10+21)/2=15.5。"",""PQ=Q−P=15.5−7.5=8，答案 B。""]","水平線與拋物線的兩交點關於對稱軸對稱，因此頂點的水平座標是兩交點座標的平均。","[]","[]","","false","false","https://cap.rcpet.edu.tw/exam/112/112exam.html","https://drive.google.com/file/d/1im3JF0E8d8RC__Z8MW9MQXCuonjPN3f_/view","","","","","","","","",""
"OFF-0546","數學","官方歷屆真題","112","15","會考總複習","歷屆會考","112年數學第15題","進階","歷屆真題","若想在等差數列 1、2、3、4、5 中插入一些數，使新數列仍為等差數列，且首項仍為 1、末項仍為 5，則新數列的項數可能為何？","11","15","30","33","3","33","","答案 D（33）。新等差數列首項 1、末項 5，公差為 4/(n−1)。原數列相鄰整數相差 1，必須是新數列公差的整數倍；令 1/d=k，則 k 為正整數，且 n−1=4k，因此項數 n 必為 4 的倍數加 1。選項 11、15、30 都不符合；33=4×8+1 可行，此時公差 1/8，能依序包含 1、2、3、4、5。","[""新數列從 1 到 5，若共有 n 項，公差 d=4/(n−1)。"",""因為數列中仍須包含 1、2、3、4、5，每個相鄰整數的差 1 必須等於新公差的整數倍，所以 1/d=k 為整數，n−1=4k。"",""故 n 必為 4k+1。只有 33 符合（33=4×8+1），取公差 1/8 即可，答案 D。""]","插入數後原五個整數仍須落在等差數列上；用原相鄰差 1 與新公差的整數倍關係檢查項數。","[]","[]","","false","false","https://cap.rcpet.edu.tw/exam/112/112exam.html","https://drive.google.com/file/d/1im3JF0E8d8RC__Z8MW9MQXCuonjPN3f_/view","","","","","","","","",""
"OFF-0547","數學","官方歷屆真題","112","16","會考總複習","歷屆會考","112年數學第16題","進階","歷屆真題","已知某速食店販售的套餐內容為一片雞排和一杯可樂，且一份套餐的價錢比 單點一片雞排再單點一杯可樂的總價錢便宜 40 元。阿俊打算到該速食店 買兩份套餐，若他發現店內有單點一片雞排就再送一片雞排的促銷活動， 且單點一片雞排再單點兩杯可樂的總價錢，比兩份套餐的總價錢便宜 10 元， 則根據題意可得到下列哪一個結論？","一份套餐的價錢必為 140 元","一份套餐的價錢必為 120 元","單點一片雞排的價錢必為 90 元","單點一片雞排的價錢必為 70 元","2","單點一片雞排的價錢必為 90 元","","答案是 C。設雞排、可樂、套餐單價為 p、c、s，則 s＝p＋c−40。買促銷組合（付一片雞排與兩杯可樂）比兩份套餐便宜10元，故 p＋2c＝2s−10。代入後得 p＋2c＝2p＋2c−90，所以 p＝90元。","[""設雞排單價為 p、可樂單價為 c、套餐單價為 s。套餐比單點雞排加可樂便宜 40 元，所以 s＝p＋c−40；促銷組合價格為 p＋2c，且比兩份套餐便宜 10 元，所以 p＋2c＝2s−10。"",""促銷餐點需付一片雞排與兩杯可樂，即 p＋2c；它比兩份套餐少 10 元，所以 p＋2c＝2s−10。"",""代入 s：p＋2c＝2(p＋c−40)−10＝2p＋2c−90，整理得 p＝90 元，故選 C。""]","看到『買一送一』時，先分清實際付款的品項與拿到的品項；本題付一片雞排並另買兩杯可樂，令單價設未知數列式。","[]","[]","","false","false","https://cap.rcpet.edu.tw/exam/112/112exam.html","https://drive.google.com/file/d/1im3JF0E8d8RC__Z8MW9MQXCuonjPN3f_/view","","","","","","","","",""
"OFF-0548","數學","官方歷屆真題","112","17","會考總複習","歷屆會考","112年數學第17題","進階","歷屆真題","圖（八）的方格紙中，每個方格邊長為 1，A、O 兩點皆在格線交點上。另在格線交點找兩點 B、C，使 △ABC 的外心為 O，求 BC 的長度。","4","5","√10","√20","3","√20","","答案 D（√20）。O 是 △ABC 的外心，故 OA=OB=OC，A、B、C 都落在以 O 為圓心、OA 為半徑的圓上。依圖中方格找出符合條件的 B、C 格點後，兩點水平相差 2 格、垂直相差 4 格。每格邊長 1，故 BC=√(2²+4²)=√20。","[""外心到三個頂點距離相等，所以 OA=OB=OC；先以 OA 為半徑，在方格上找出 B、C 可落的位置。"",""由圖上的格線讀出 B、C 的水平座標差為 2、垂直座標差為 4。"",""用兩點距離公式：BC=√(2²+4²)=√20，答案 D。""]","外心的定義是到三個頂點等距；在方格圖上確定點後，最後用水平、垂直位移和畢氏定理算弦長。","[]","[""./assets/official-exams/112-math-q17-figure.png""]","./assets/official-exams/112-math-q17-figure.png","true","false","https://cap.rcpet.edu.tw/exam/112/112exam.html","https://drive.google.com/file/d/1im3JF0E8d8RC__Z8MW9MQXCuonjPN3f_/view","","","","","","","","",""
"OFF-0549","數學","官方歷屆真題","112","18","會考總複習","歷屆會考","112年數學第18題","進階","歷屆真題","樂樂停車場 24 小時營業，收費分時段計算：08:00–20:00 每小時 20 元，該時段最多收 100 元；20:00–隔日 08:00 每小時 5 元，該時段最多收 30 元。若進、離場時間跨越兩時段，分別計費。阿虹某日 10:00 進場，停車 x 小時後離場，x 為整數；離場時間在當日 20:00 至 24:00 之間。求停車費。","5x＋30","5x＋50","5x＋150","5x＋200","1","5x＋50","","答案是 B（5x＋50）。10:00至20:00共10小時，日間費用20×10＝200元，但依日間上限只收100元。設總停車時間x小時，夜間停車x−10小時，每小時5元且不超過夜間30元上限。因此總費用為100＋5(x−10)＝5x＋50元。","[""10:00到20:00停10小時，日間費用為20×10＝200元，但受每時段100元上限限制，日間收100元。"",""總共停x小時，因此夜間停x−10小時，夜間費用為5(x−10)元；離場不晚於24:00，未達夜間30元上限。"",""總費用＝100＋5(x−10)＝5x＋50元，選 B。""]","分時段且各有上限的停車費，要先分別算各時段費用並套上限，再相加；跨日時間要正確拆段。","[]","[]","","false","false","https://cap.rcpet.edu.tw/exam/112/112exam.html","https://drive.google.com/file/d/1im3JF0E8d8RC__Z8MW9MQXCuonjPN3f_/view","","","","","","","","",""
"OFF-0550","數學","官方歷屆真題","112","19","會考總複習","歷屆會考","112年數學第19題","進階","歷屆真題","圖（九）為圓形紙片，A、B、C 為圓周上三點，AC 為直徑。以 AB 為摺線向右摺後，如圖（十）所示；若原圖中的弧 BC＝35°，求摺後弧 AD 的度數。","105°","110°","120°","145°","1","110°","","答案是 B（110°）。設 D′ 為摺疊前與摺後 D 對稱於摺線 AB 的點。摺疊是鏡射，因此弧 D′B 與弧 BC 等長，皆為 35°。由 AC 為直徑，原圖半圓弧 A–D′–B–C 共 180°，所以弧 AD′＝180°−35°−35°＝110°；摺後弧 AD 與弧 AD′ 等長，答案為 110°。","[""設 D′ 為摺疊前與摺後 D 對應、且關於 AB 對稱的點；摺線 AB 固定，故弧 D′B＝弧 BC＝35°。"",""AC 是直徑，所以半圓弧 A–D′–B–C 的度數為 180°。"",""弧 AD′＝180°−35°−35°＝110°；摺疊保持弧長，故摺後弧 AD＝110°，選 B。""]","摺線是對稱軸，摺前摺後對應弧長相等；本題要用直徑半圓弧 180°，不是把 35° 當成圓周角。","[]","[""./assets/official-exams/112-math-q19-figure.png""]","./assets/official-exams/112-math-q19-figure.png","true","false","https://cap.rcpet.edu.tw/exam/112/112exam.html","https://drive.google.com/file/d/1im3JF0E8d8RC__Z8MW9MQXCuonjPN3f_/view","","","","","","","","",""
"OFF-0551","數學","官方歷屆真題","112","20","會考總複習","歷屆會考","112年數學第20題","進階","歷屆真題","如圖，△ABC 中，D 點在 BC 上，且 BD 的中垂線與 AB 相交於 E 點，CD 的中垂線與 AC 相交於 F 點。已知 △ABC 的三個內角皆不相等，根據圖中標示的角，判斷下列敘述何者正確？","∠1＝∠3，∠2＝∠4","∠1＝∠3，∠2≠∠4","∠1≠∠3，∠2＝∠4","∠1≠∠3，∠2≠∠4","2","∠1≠∠3，∠2＝∠4","","答案是 C。設 △ABC 的底角為 ∠B＝β、∠C＝γ。E 在 BD 的中垂線上，故 EB＝ED；△BED 是等腰三角形，底角各為 β，因此圖示 ∠1＝2β。相同地，FC＝FD，△FCD 為等腰三角形，∠3＝2γ。又 D 在 BC 上，∠2＝180°−β−γ＝∠A＝∠4。題目給三內角皆不相等，所以 β≠γ，故 ∠1≠∠3，而 ∠2＝∠4，選 C。","[""E 位於 BD 的中垂線，因此 EB＝ED；F 位於 CD 的中垂線，因此 FC＝FD。"",""因 D 位於 BC 上，∠2、β、γ 組成一直線角，所以 ∠2＝180°−β−γ。"",""設底角為 β、γ；等腰三角形角關係得 ∠1＝2β、∠3＝2γ。因三內角皆不相等，β≠γ，所以 ∠1≠∠3。"",""∠2＝180°−β−γ＝∠A＝∠4，因此選 C。""]","垂直平分線上的點到線段兩端等距；可先用此性質建立等腰三角形，再以三角形內角和連結標示角。","[]","[""./assets/official-exams/112-math-q20-figure.png""]","./assets/official-exams/112-math-q20-figure.png","true","false","https://cap.rcpet.edu.tw/exam/112/112exam.html","https://drive.google.com/file/d/1im3JF0E8d8RC__Z8MW9MQXCuonjPN3f_/view","","","","","","","","",""
"OFF-0552","數學","官方歷屆真題","112","21","會考總複習","歷屆會考","112年數學第21題","進階","歷屆真題","圖 ( 十二 ) 有一東西向的直線吊橋橫跨溪谷，小維、阿良分別從西橋頭、東橋頭同時開始 往吊橋的另一頭筆直地走過去， 如圖 ( 十二 ) 所示。 已知小維從西橋頭走了 84 步，阿良從東橋頭走了 60 步時，兩人在吊橋上的某點交會，且交會之後 阿良再走 70 步恰好走到西橋頭。若小維每步的距離相等，阿良每步的距離 相等，則交會之後小維再走多少步會恰好走到東橋頭？","46","50","60","72","3","72","","答案是 D（72步）。阿良交會後走70步到西橋頭，正好是小維交會前走84步的同一段距離，因此阿良每步是小維步距的84/70＝6/5。交會點到東橋頭是阿良走60步的距離，換成小維步數為60×6/5＝72。","[""阿良從交會點走70步到西橋頭；這段距離等於小維從西橋頭走84步到交會點的距離。"",""設小維一步長為1，則阿良一步長＝84÷70＝6/5。"",""交會點到東橋頭為阿良60步，等於小維步數60×(6/5)＝72步，答案D。""]","兩人步長不同時，先用同一段實際距離求步長比，再把步數換算；不要直接比較84步與60步。","[]","[""./assets/official-exams/112-math-q21-bridge-walkers.svg""]","./assets/official-exams/112-math-q21-bridge-walkers.svg","true","false","https://cap.rcpet.edu.tw/exam/112/112exam.html","https://drive.google.com/file/d/1im3JF0E8d8RC__Z8MW9MQXCuonjPN3f_/view","","","","","","","","",""
"OFF-0553","數學","官方歷屆真題","112","22","會考總複習","歷屆會考","112年數學第22題","進階","歷屆真題","如圖 ( 十三 )，正方形 ABCD 與 ΔEBC 中，AD 分別與 EB、EC 相交於 F 點、G 點。若 ΔEBG 的面積為 6， 正方形 ABCD 的面積為 16，則 FG 與 BC 的長度比為何？","3 : 5","3 : 6","3 : 7","3 : 8","2","3 : 7","","答案是 C「3：7」。正方形邊長 BC＝4，且 G 在正方形上邊 AD 上，所以 △GBC 面積＝4×4÷2＝8。△EBG 與 △GBC 合起來是 △EBC，因此 △EBC 面積＝6＋8＝14；以 BC 為底可得 E 到 BC 的高為 14×2÷4＝7。E 到 AD 的高為 7−4＝3。因 FG∥BC，△EFG∼△EBC，相似比 FG/BC 等於兩三角形高的比 3/7，故選 C。","[""正方形邊長 BC＝√16＝4；G 在 AD 上，因此 △GBC 面積＝4×4÷2＝8。"",""△EBC 被線段 BG 分成 △EBG 和 △GBC，所以 △EBC 面積＝6＋8＝14。以 BC 為底，E 到 BC 的高為 2×14÷4＝7；E 到 AD 的高為 7−4＝3。"",""FG∥BC，故 △EFG∼△EBC；相似比 FG/BC 等於高之比 3/7，因此 FG：BC＝3：7，選 C。""]","用大三角形減去 △GBC 求 △EBC 面積；再由平行線得相似，將 FG：BC 直接化為高的比。","[]","[""./assets/official-exams/112-math-q22-figure.png""]","./assets/official-exams/112-math-q22-figure.png","true","false","https://cap.rcpet.edu.tw/exam/112/112exam.html","https://drive.google.com/file/d/1im3JF0E8d8RC__Z8MW9MQXCuonjPN3f_/view","","","","","","","","",""
"OFF-0554","數學","官方歷屆真題","112","23","會考總複習","歷屆會考","112年數學第23題","進階","歷屆真題","如圖 ( 十四 )，矩形 ABCD 中， AB = 6，AD = 8，且有一點 P 從 B 點沿著 BD 往 D 點移動。若過 P 點作 AB 的垂線交 AB 於 E 點，過 P 點作 AD 的 垂線交 AD 於 F 點，則 EF 的長度最小為多少？","14/5","24/5","5","7","1","24/5","","答案是 B（24/5）。以矩形左下角 B 為原點，令 P=(8t,6t)。垂足 E=(0,6t)、F=(8t,6)，所以 EF²＝64t²＋36(1−t)²＝100(t−9/25)²＋576/25。平方項最小為0，故 EF最小值為 √(576/25)＝24/5。","[""設 B(0,0)、A(0,6)、D(8,6)，對角線 BD 上的點 P=(8t,6t)，其中 0≤t≤1。"",""垂足 E=(0,6t)、F=(8t,6)，故 EF²＝64t²＋36(1−t)²。配方可得 EF²＝100(t−9/25)²＋576/25。"",""平方項最小為0，所以 EF 最小為 √(576/25)＝24/5，答案 B。""]","長度平方通常比直接最小化根號容易；完成平方後取最小值，再記得對結果開平方。","[]","[""./assets/official-exams/112-math-q23-figure.png""]","./assets/official-exams/112-math-q23-figure.png","true","false","https://cap.rcpet.edu.tw/exam/112/112exam.html","https://drive.google.com/file/d/1im3JF0E8d8RC__Z8MW9MQXCuonjPN3f_/view","","","","","","","","",""
"OFF-0555","數學","官方歷屆真題","112","24","會考總複習","歷屆會考","112年數學第24題","進階","歷屆真題","某機構於2020年繪製法國、義大利、美國、韓國65歲以上人口占總人口比率折線圖，2020年後為推估值。人口老化定義為：65歲以上占比達7%為高齡化社會、達14%為高齡社會、達20%為超高齡社會。依圖比較，各國從進入高齡社會（14%）到進入超高齡社會（20%），哪一國所花時間最短？","法國","義大利","美國","韓國","3","韓國","","答案是 D「韓國」。在圖上分別找出每條曲線通過 14% 與 20% 水平線的年份，再比較兩年份的水平距離。韓國曲線在 14% 到 20% 間上升最陡，兩個門檻之間的時間最短；其他三國跨越這 6 個百分點的年份跨度較長，因此選韓國。年份是依圖估讀，重點是比較門檻間的時間跨度，不需把交點當成精確年份。","[""高齡社會與超高齡社會的門檻分別是 14% 和 20%。在圖上對每個國家找出折線穿越這兩條水平線的年份。"",""比較各線在 x 軸上的兩交點距離。韓國曲線從 14% 到 20% 的水平跨度最短，表示所需時間最短。"",""因此答案是韓國，選 D；不必依圖估出不必要的精確年份。""]","兩個百分比門檻固定時，比較各國曲線在 x 軸上的水平間距；間距越短，跨越所需時間越少。","[]","[""./assets/official-exams/112-math-q24-chart.png""]","./assets/official-exams/112-math-q24-chart.png","true","true","https://cap.rcpet.edu.tw/exam/112/112exam.html","https://drive.google.com/file/d/1im3JF0E8d8RC__Z8MW9MQXCuonjPN3f_/view","","","","","","","","",""
"OFF-0556","數學","官方歷屆真題","112","25","會考總複習","歷屆會考","112年數學第25題","進階","歷屆真題","人口老化定義：65歲以上人口占總人口達14%為「高齡社會」，達20%為「超高齡社會」。已知我國2019年進入高齡社會，預測2025年進入超高齡社會。假設我國2019年與2025年總人口皆為2300萬人，且2019年65歲以上人口占比恰為高齡社會最低標準，依上述預測，我國65歲以上人口數2025年至少比2019年增加多少萬人？","138","161","322","460","0","138","","答案是 A「138」。高齡社會門檻為 14%，超高齡社會門檻為 20%；2019 年已恰好達 14%，所以 2025 年至少增加 20%−14%＝6 個百分點。總人口固定 2,300 萬，增加人數至少為 2,300×0.06＝138 萬人。","[""高齡社會的最低門檻是 14%，超高齡社會門檻是 20%。題目假設 2019 年恰達 14%，2025 年要達到至少 20%，所以占比至少增加 20%−14%＝6 個百分點。"",""兩年的總人口都為 2,300 萬人，故 65 歲以上人口至少增加 2,300×0.06＝138 萬人。"",""題目問「至少增加」，使用最低的 20% 門檻即可，答案為 A「138 萬人」。""]","總人口固定時，人口數變化＝總人口×占比的百分點差；14% 到 20% 是增加 6 個百分點。","[]","[]","","false","false","https://cap.rcpet.edu.tw/exam/112/112exam.html","https://drive.google.com/file/d/1im3JF0E8d8RC__Z8MW9MQXCuonjPN3f_/view","","","","","","","","",""
"OFF-0746","數學","官方歷屆真題","113","1","會考總複習","歷屆會考","113年數學非選第1題","進階","非選擇題","「健康飲食餐盤」是一種以圖畫呈現飲食指南的方式，圖畫中各類食物區塊 的面積比，表示一個人每日所應攝取各類食物的份量比。某研究機構對於一 般人如何搭配「穀類」、 「 蛋白質」、 「 蔬菜」、「水果」這四大類食物的攝取 份量， 以「健康標語」說明這四大類食物所應攝取份量的關係如圖 ( 十七 )， 並繪製了「健康飲食餐盤」如圖 ( 十八 )。 圖 ( 十七 ) 圖 ( 十八 ) 請根據上述資訊回答下列問題，完整寫出你的解題過程並詳細解釋： (1) 請根據圖 ( 十七 ) 的「健康標語」， 判斷一個人每日所應攝取的「水果」和 「蛋白質」份量之間的大小關係。 (2) 將圖 ( 十八 ) 的「健康飲食餐盤」簡化為一個矩形，且其中四大類食物 的區塊皆為矩形， 如圖 ( 十九 ) 所示。 若要符合圖 ( 十七 ) 的「 健康標語」， 在紙上畫出圖 ( 十九 ) 的圖形，其中餐盤長為 16 公分，寬為 10 公分， 則 a、b 是否可能同時為正整數？","","","","","","","[{""label"":""（1）"",""prompt"":""水果和蛋白質的攝取份量關係"",""answerDisplay"":""水果＝蛋白質"",""acceptableAnswers"":[""水果＝蛋白質"",""水果=蛋白質"",""蛋白質＝水果"",""蛋白質=水果"",""相等"",""一樣多"",""相同""]},{""label"":""（2）"",""prompt"":""a、b是否可能同時為正整數？"",""answerDisplay"":""不可能"",""acceptableAnswers"":[""不可能"",""不可以"",""不能"",""否""]}]","（1）答案：水果與蛋白質份量相等。令水果 F、蔬菜 V、穀類 G、蛋白質 P。標語給 V=G 且 V+F 佔總量一半，所以 V+F=G+P；代入 V=G 得 F=P，因此水果＝蛋白質。（2）不可能。矩形餐盤總面積 16×10=160，蔬菜與水果合計占一半為 80；兩者同高 10 公分，因此水果與蔬菜總寬為 8 公分。若水果寬為 a，蔬菜寬為 8−a，且蔬菜比水果多，得 8−a>a，故 0<a<4。蛋白質區塊寬 8、公高 b，水果面積 10a；由 F=P 得 10a=8b，即 5a=4b。因 a、b 為正整數，4 必須整除 a；但 0<a<4，無正整數 a 可符合，故 a、b 不可能同時為正整數。","[""（1）設水果、蔬菜、穀類、蛋白質份量分別為 F、V、G、P。由標語得 V=G，且 V+F=(V+G+F+P)/2，所以 V+F=G+P；消去 V=G 後得到 F=P。"",""（2）餐盤面積 16×10=160，蔬菜與水果合計占一半，面積為 80。兩區高都是 10 公分，故總寬為 8 公分；若水果寬 a，蔬菜寬為 8−a。"",""蔬菜比水果多表示 8−a>a，故 0<a<4。又水果面積 10a 等於蛋白質面積 8b，得 5a=4b；整數 a 必為 4 的倍數，與 0<a<4 矛盾，所以不可能同為正整數。""]","面積比例題先把口語條件翻成等式；「蔬果占一半」先轉成面積等量，再套用蔬菜＝穀類，避免把份量關係誤當成邊長關係。","[]","[""./assets/official-exams/113-math-nonchoice-q01-health-slogan.svg"",""./assets/official-exams/113-math-nonchoice-q01-meal-plate.svg"",""./assets/official-exams/113-math-nonchoice-q01-rectangle-model.svg""]","./assets/official-exams/113-math-nonchoice-q01-health-slogan.svg","true","true","https://cap.rcpet.edu.tw/exam/113/113exam.html","https://drive.google.com/file/d/1MXfrOI_4KyxF6A-2NNd_J_eIuo3Epa46/view","","","","","","","","",""
"OFF-0747","數學","官方歷屆真題","113","2","會考總複習","歷屆會考","113年數學非選第2題","進階","非選擇題","某教室內的桌子皆為同一款多功能桌，4 張此款桌子可緊 密拼接成中間有圓形鏤空的大圓桌， 上視圖如圖 ( 二十 ) 所示，其外圍及鏤空邊界為一大一小的同心圓，其中大圓 的半徑為 80 公分，小圓的半徑為 20 公分，且任兩張相鄰 桌子接縫的延長線皆通過圓心。 圖 ( 二十 ) 為了有效運用教室空間，老師考慮了圖 ( 二十一 ) 及圖 ( 二十二 ) 兩種拼接 此款桌子的方式。 圖(二十一) 圖(二十二) 這兩種方式皆是將 2 張桌子的一邊完全貼合進行拼接。 A、 B 兩點為圖(二十一) 中距離最遠的兩個桌角，C、D 兩點為圖 ( 二十二 ) 中距離最遠的兩個桌角， 且 CD 與 2 張桌子的接縫 EF 相交於 G 點，G 為 EF 中點。 請根據上述資訊及圖 ( 二十一 )、圖 ( 二十二 ) 中的標示回答下列問題，完整 寫出你的解題過程並詳細解釋： (1) GF 的長度為多少公分？ (2) 判斷 CD 與 AB 的長度何者較大？請說明理由。","","","","","","","[{""label"":""（1）"",""prompt"":""GF的長度（公分）"",""answerDisplay"":""30公分"",""acceptableAnswers"":[""30公分"",""30 公分"",""30""]},{""label"":""（2）"",""prompt"":""比較CD與AB的長度（請回答CD較大或AB較大）"",""answerDisplay"":""CD較大"",""acceptableAnswers"":[""CD較大"",""CD大於AB"",""CD>AB"",""CD比AB長"",""CD較長""]}]","（1）接縫 EF 是外圓半徑與內圓半徑之差，長 80−20=60 公分；G 為 EF 中點，所以 GF=30公分。（2）延長圖中半徑方向與 EF，依四分之一圓對稱可得兩直角三角形全等；每個外側半徑為 80 公分，且由 G 至接縫端點的另一股為 80−30=50 公分。因此 GD=GC=√(80²+50²)=√8900。CD=2√8900，平方為 35600；AB 為大圓直徑 160，AB²=25600。因 35600>25600，CD>AB，故答案是CD較大。","[""（1）EF 長度為外半徑減內半徑：80−20=60 公分。G 是 EF 中點，因此 GF=60÷2=30 公分。"",""（2）依圖延長兩側半徑與接縫，可形成全等的直角三角形；斜邊 GD=GC，兩股為 80 公分與 80−30=50 公分，所以 GD=√(80²+50²)=√8900。"",""CD=GD+GC=2√8900，故 CD²=35600；AB 是外圓直徑，AB=160，AB²=25600。因 35600>25600 且長度皆為正，CD>AB。""]","先從同心圓求接縫長度，再利用中點與直角三角形；比較根式長度時平方兩邊即可，無須先近似小數。","[]","[""./assets/official-exams/113-math-nonchoice-q02-round-table.svg"",""./assets/official-exams/113-math-nonchoice-q02-layout-a.svg"",""./assets/official-exams/113-math-nonchoice-q02-layout-b.svg""]","./assets/official-exams/113-math-nonchoice-q02-round-table.svg","true","true","https://cap.rcpet.edu.tw/exam/113/113exam.html","https://drive.google.com/file/d/1MXfrOI_4KyxF6A-2NNd_J_eIuo3Epa46/view","","","","","","","","",""
"OFF-0748","數學","官方歷屆真題","113","3","會考總複習","歷屆會考","113年數學第3題","進階","歷屆真題","若二元一次聯立方程式 5x−3y＝28、y＝−3x 的解為 x＝a、y＝b，則 a＋b 之值為何？","−28","−14","−4","14","2","−4","","答案是 C「−4」。將 y＝−3x 代入 5x−3y＝28，得 5x−3(−3x)＝28，即 14x＝28，所以 x＝2、y＝−6。題目指定 a＝x、b＝y，因此 a＋b＝2＋(−6)＝−4。","[""題目已給 y＝−3x，代入 5x−3y＝28，得到 5x−3(−3x)＝28。"",""合併同類項得 14x＝28，所以 x＝2；再代回 y＝−3x 得 y＝−6。"",""a＝x、b＝y，因此 a＋b＝2＋(−6)＝−4，對應選項 C。""]","把 y＝−3x 代入第一式求出 x，再回代求 y；最後別忘了 a、b 分別代表 x、y。","[]","[]","","false","false","https://cap.rcpet.edu.tw/exam/113/113exam.html","https://drive.google.com/file/d/1MXfrOI_4KyxF6A-2NNd_J_eIuo3Epa46/view","","","","","","","","",""
"OFF-0749","數學","官方歷屆真題","113","4","會考總複習","歷屆會考","113年數學第4題","進階","歷屆真題","若要在圖（二）的方格紙上沿格線畫出坐標平面的 x 軸、y 軸並標記原點，且以小方格邊長為單位長，則下列哪一種畫法可在方格紙範圍內標出 (5, 3)、(−4, −4)、(−3, 4)、(3, −5) 四點？","A","B","C","D","3","D","","答案 D。四個點的 x 座標最小為 −4、最大為 5，因此 y 軸左側至少留 4 格、右側留 5 格；y 座標最小為 −5、最大為 4，因此 x 軸下方至少留 5 格、上方留 4 格。只有 D 的原點位置同時滿足四個方向所需格數。","[""檢查 x 座標範圍：−4 到 5，原點左方須至少 4 格、右方至少 5 格。"",""檢查 y 座標範圍：−5 到 4，原點下方須至少 5 格、上方至少 4 格。"",""逐一比對方格紙上 x、y 軸及原點位置，只有 D 同時預留所需格數，因此答案 D。""]","座標點能否畫進有限方格，分別找 x、y 的最大值與最小值，確認原點四周的格數，不要只看單一點。","[]","[""./assets/official-exams/113-math-q04-reference-grid.svg"",""./assets/official-exams/113-math-q04-axis-options.svg""]","./assets/official-exams/113-math-q04-reference-grid.svg","true","false","https://cap.rcpet.edu.tw/exam/113/113exam.html","https://drive.google.com/file/d/1MXfrOI_4KyxF6A-2NNd_J_eIuo3Epa46/view","","","","","","","","",""
"OFF-0750","數學","官方歷屆真題","113","5","會考總複習","歷屆會考","113年數學第5題","進階","歷屆真題","阿賢利用便利貼拼成一棵共有 10 層的聖誕樹，每層由三列便利貼組成，前 3 層如圖（三）。同一層中，每一列都比前一列多 2 張；每層的第一列都比前一層的第一列多 2 張。這棵聖誕樹共用了多少張便利貼？","354","360","384","390","1","360","","答案是 B（360張）。由圖可讀出第一層三列為1、3、5張，共9張；每層第一列比前層多2張，所以第n層首列為2n−1，三列張數依序為2n−1、2n＋1、2n＋3，該層共6n＋3張。10層總數 Σ(6n＋3), n=1…10＝6×55＋30＝360。","[""由圖讀出第一層三列為1、3、5張；每層內每列增加2張，因此第n層三列為2n−1、2n＋1、2n＋3。"",""第n層合計 (2n−1)+(2n+1)+(2n+3)=6n+3；前10層總數為 Σ(6n+3), n=1至10。"",""總數＝6(1+…+10)+3×10＝6×55+30＝360張，選 B。""]","第 n 層第一列從 1 張起每層加 2；同層三列再依序加 2，先求單層總數再累加 10 層。","[]","[""./assets/official-exams/113-math-q05-tree-pattern.svg""]","./assets/official-exams/113-math-q05-tree-pattern.svg","true","false","https://cap.rcpet.edu.tw/exam/113/113exam.html","https://drive.google.com/file/d/1MXfrOI_4KyxF6A-2NNd_J_eIuo3Epa46/view","","","","","","","","",""
"OFF-0751","數學","官方歷屆真題","113","6","會考總複習","歷屆會考","113年數學第6題","進階","歷屆真題","箱內有 50 顆白球和 10 顆紅球。小慧從箱內抽球 31 次，每次抽出一球；抽出白球就放回，抽出紅球則不放回。已知前 30 次共抽出 4 顆紅球。若第 31 次抽球時，箱內每顆球被抽出的機會相等，這次抽出紅球的機率為何？","1/5","1/6","5/12","3/28","3","3/28","","答案 D（3/28）。前 30 次共抽出 4 顆紅球且紅球不放回，箱內剩下紅球 10−4=6 顆；白球每次都放回，仍有 50 顆。第 31 次總球數為 50+6=56，抽到紅球的機率為 6/56=3/28。","[""紅球抽出後不放回，前 30 次已抽出 4 顆，所以剩下 10−4=6 顆紅球。"",""白球每次抽出後放回，因此仍有 50 顆；箱內總數為 50+6=56 顆。"",""第 31 次抽到紅球的機率為 6/56，約分得 3/28，答案 D。""]","前 30 次已拿走的 4 顆紅球不會補回；白球每次都放回，所以第 31 次前白球仍有 50 顆。","[]","[]","","false","false","https://cap.rcpet.edu.tw/exam/113/113exam.html","https://drive.google.com/file/d/1MXfrOI_4KyxF6A-2NNd_J_eIuo3Epa46/view","","","","","","","","",""
"OFF-0752","數學","官方歷屆真題","113","7","會考總複習","歷屆會考","113年數學第7題","進階","歷屆真題","圖（四）有 A、B 兩種圖案，A 經上下翻轉後會與 B 相同，且每個圖案的外框都是正方形。圖（五）是將四個 A 緊密、不重疊地排列成大正方形；圖（六）則是將兩個 A 和兩個 B 緊密、不重疊地排列成大正方形。判斷圖（五）和圖（六）是否為線對稱圖形。","圖 ( 五 )、圖 ( 六 ) 皆是","圖 ( 五 )、圖 ( 六 ) 皆不是","圖 ( 五 ) 是，圖 ( 六 ) 不是","圖 ( 五 ) 不是，圖 ( 六 ) 是","3","圖 ( 五 ) 不是，圖 ( 六 ) 是","","答案是 D「圖（五）不是線對稱圖形，圖（六）是線對稱圖形」。正方形可能的對稱軸只有水平中線、垂直中線與兩條對角線。逐一對照圖（五）的內部圖案，反射後至少有一個 A 的位置與翻轉後應出現的圖案不符，因此圖（五）無線對稱軸。圖（六）沿水平中線反射時，上下兩排的 A、B 互換；而 A 上下翻轉後恰為 B，所以整個圖形重合。故只有圖（六）線對稱，選 D。","[""正方形的候選反射軸為水平中線、垂直中線和兩條對角線。逐一比對圖（五）內部圖案，反射後至少一個 A 的位置與翻轉後應出現的圖案不符，因此不能重合。"",""圖（六）沿水平中線反射時，上下兩排的 A、B 互換；因 A 上下翻轉後就是 B，各位置皆吻合，整個圖形重合。"",""因此圖（五）不是線對稱，圖（六）是線對稱，選 D。""]","線對稱要檢查整個圖案反射後是否重合；只看外框正方形或小圖案數量相同並不足夠。","[]","[""./assets/official-exams/113-math-q07-symmetry-figures.svg""]","./assets/official-exams/113-math-q07-symmetry-figures.svg","true","false","https://cap.rcpet.edu.tw/exam/113/113exam.html","https://drive.google.com/file/d/1MXfrOI_4KyxF6A-2NNd_J_eIuo3Epa46/view","","","","","","","","",""
"OFF-0753","數學","官方歷屆真題","113","8","會考總複習","歷屆會考","113年數學第8題","進階","歷屆真題","若 a = 3.2 × 10−5， b = 7.5 × 10−5， c = 6.3 × 10−6，則 a、 b、c 三數的大小關係 為何？","a < b < c","a < c < b","c < a < b","c < b < a","2","c < a < b","","答案是 C「c < a < b」。a與b同為10的−5次方量級，係數3.2<7.5，所以a<b。c＝6.3×10⁻⁶＝0.63×10⁻⁵，小於a，因此c<a<b。","[""把 c 改寫成同一個10的次方：6.3×10⁻⁶＝0.63×10⁻⁵。"",""三數係數依序為0.63、3.2、7.5，且共同乘上正數10⁻⁵，大小順序不變。"",""所以 c<a<b，選 C。""]","比較科學記號時先化成相同的 10 次方，再比較係數；次方較大的數不一定較大，要留意負指數。","[]","[]","","false","false","https://cap.rcpet.edu.tw/exam/113/113exam.html","https://drive.google.com/file/d/1MXfrOI_4KyxF6A-2NNd_J_eIuo3Epa46/view","","","","","","","","",""
"OFF-0754","數學","官方歷屆真題","113","9","會考總複習","歷屆會考","113年數學第9題","進階","歷屆真題","癌症分期可反映惡性腫瘤影響健康的程度。某國統計2011年確診的四種癌症患者，記錄各期三年存活率。圖表判讀所需資料如下：乳癌第一至第四期的三年存活率都高於50%；比較第三期與第四期的落差，大腸癌超過50個百分點，胃癌約40個百分點，乳癌約30個百分點，另外癌症的落差也未超過大腸癌。甲、乙提出看法：（甲）乳癌第一至第四期的三年存活率皆高於50%；（乙）四種癌症中第三期與第四期存活率相差最多的是胃癌。下列判斷何者正確？","甲、乙皆正確","甲、乙皆錯誤","甲正確，乙錯誤","甲錯誤，乙正確","2","甲正確，乙錯誤","","答案是 C「甲正確，乙錯誤」。依圖例，斜線柱為乳癌；四期約53%，三期約88%、二期約97%、一期約100%，皆高於50%，甲正確。比較各癌症三、四期差距：胃癌約42個百分點，肝癌約7、大腸癌約53、乳癌約35；最大差距為大腸癌而非胃癌，乙錯誤。","[""依圖例找出乳癌的斜線柱；第一至四期約為100%、97%、88%、53%，四者都高於50%，甲正確。"",""各癌症三期至四期落差約為：胃癌42、大腸癌53、肝癌7、乳癌35個百分點。"",""最大差距是大腸癌，不是胃癌，乙錯誤；選 C。""]","題目已將圖表資訊整理成數據文字；比較第三、四期時算百分點差，再找出最大落差。","[]","[]","","false","false","https://cap.rcpet.edu.tw/exam/113/113exam.html","https://drive.google.com/file/d/1MXfrOI_4KyxF6A-2NNd_J_eIuo3Epa46/view","","","","","","","","",""
"OFF-0755","數學","官方歷屆真題","113","10","會考總複習","歷屆會考","113年數學第10題","進階","歷屆真題","下列何者為多項式 5x ( 5x −2 ) − 4( 5x −2 )2 的因式分解？","( 5x − 2 )( 25x − 8 )","( 5x − 2 )( 5x − 4 )","( 5x − 2 )( −15x + 8 )","( 5x − 2 )( −20x + 4 )","2","( 5x − 2 )( −15x + 8 )","","答案是 C。提出共同因式(5x−2)：5x(5x−2)−4(5x−2)²＝(5x−2)[5x−4(5x−2)]。括號化簡為5x−20x＋8＝−15x＋8，因此因式分解為(5x−2)(−15x＋8)。","[""兩項都含有因式(5x−2)，先提出共同因式。"",""剩餘括號為5x−4(5x−2)。"",""展開括號得5x−20x＋8＝−15x＋8，所以答案為(5x−2)(−15x＋8)，選 C。""]","先提出共同因式 (5x−2)，再化簡方括號；平方項是整個 (5x−2) 的平方，勿漏乘 −4。","[]","[]","","false","false","https://cap.rcpet.edu.tw/exam/113/113exam.html","https://drive.google.com/file/d/1MXfrOI_4KyxF6A-2NNd_J_eIuo3Epa46/view","","","","","","","","",""
"OFF-0756","數學","官方歷屆真題","113","11","會考總複習","歷屆會考","113年數學第11題","進階","歷屆真題","將 9/(4−√7) 化簡為 a＋b√7，其中 a、b 為整數，求 a＋b。","5","3","−9","−15","0","5","","答案是 A（5）。分母有理化，分子分母同乘共軛式4＋√7：9/(4−√7)＝9(4＋√7)/(16−7)＝4＋√7。因此a＝4、b＝1，a＋b＝5。","[""分母4−√7乘上共軛式4＋√7，分子分母同乘4＋√7。"",""分母為(4−√7)(4＋√7)＝16−7＝9；分子為9(4＋√7)。"",""約分得4＋√7，所以a＝4、b＝1，a＋b＝5，選 A。""]","分母有根號時乘共軛式；先算平方差，再約分並辨認 a、b 的係數。","[]","[]","","false","false","https://cap.rcpet.edu.tw/exam/113/113exam.html","https://drive.google.com/file/d/1MXfrOI_4KyxF6A-2NNd_J_eIuo3Epa46/view","","","","","","","","",""
"OFF-0757","數學","官方歷屆真題","113","12","會考總複習","歷屆會考","113年數學第12題","進階","歷屆真題","甲、乙兩個二次函數分別為 y = ( x + 20 )2 + 60、y = − ( x − 30 )2 + 60，判斷 下列敘述何者正確？","甲有最大值，且其值為 x = 20 時的 y 值","甲有最小值，且其值為 x = 20 時的 y 值","乙有最大值，且其值為 x = 30 時的 y 值","乙有最小值，且其值為 x = 30 時的 y 值","2","乙有最大值，且其值為 x = 30 時的 y 值","","答案是 C。甲函數 y＝(x＋20)²＋60 開口向上，在 x＝−20 有最小值；乙函數 y＝−(x−30)²＋60 開口向下，在 x＝30 有最大值。因此正確敘述是乙在 x＝30 時取得最大值。","[""甲式平方項係數為正，圖形開口向上，頂點 x＝−20，故有最小值而非最大值。"",""乙式平方項前係數為負，圖形開口向下，頂點在 x＝30，因此有最大值。"",""所以乙在 x＝30 時取得最大值，選 C。""]","頂點式 y=a(x−h)²+k 的頂點 x 座標是 h；a>0 有最小值，a<0 有最大值。","[]","[]","","false","false","https://cap.rcpet.edu.tw/exam/113/113exam.html","https://drive.google.com/file/d/1MXfrOI_4KyxF6A-2NNd_J_eIuo3Epa46/view","","","","","","","","",""
"OFF-0758","數學","官方歷屆真題","113","13","會考總複習","歷屆會考","113年數學第13題","進階","歷屆真題","阿成的電腦建議解析度為 1920 × 1080。若調整成 1400 × 1050，因長寬比改變，畫面左右會出現黑色區域。下列哪一種解析度與 1920 × 1080 的長寬比相同，因此不會出現黑色區域？","1680 × 1050","1600 × 900","1440 × 900","1280 × 1024","1","1600 × 900","","答案是 B「1600 × 900」。原建議解析度比例為1920:1080＝16:9。選項中1600:900也可約成16:9，畫面比例不變；其他選項比例不同，因此會出現左右黑邊。","[""基準比例1920:1080同除以120，化為16:9。"",""逐一約分解析度選項，1600:900同除以100也等於16:9。"",""比例相同時不會出現左右黑邊，選 B。""]","把長、寬各自約成最簡整數比，再與基準比例 16:9 比較。","[]","[]","","false","false","https://cap.rcpet.edu.tw/exam/113/113exam.html","https://drive.google.com/file/d/1MXfrOI_4KyxF6A-2NNd_J_eIuo3Epa46/view","","","","","","","","",""
"OFF-0759","數學","官方歷屆真題","113","14","會考總複習","歷屆會考","113年數學第14題","進階","歷屆真題","小玲搭飛機出國產生 800 公斤碳排。她改為搭公車上下班，每日來回 20 公里。每公里碳排量為：自行車 0 公斤、公車 0.04 公斤、機車 0.05 公斤、汽車 0.17 公斤。相較於原本駕駛汽車，她至少需搭公車上下班幾天，累計減碳才會超過搭飛機的 800 公斤？","310 天","309 天","308 天","307 天","2","308 天","","答案是 C「308 天」。每天往返20公里，改搭公車相對汽車減少(0.17−0.04)×20＝2.6公斤碳排。要超過800公斤，需2.6n>800，故n>307.69；最少整數天數為308天。","[""每公里汽車與公車排放差為0.17−0.04＝0.13公斤。"",""每天往返20公里，減量為0.13×20＝2.6公斤；設天數n，需2.6n>800。"",""n>800/2.6≈307.69，最少完整天數是308天，選 C。""]","先算每公里少排多少，再乘每日往返距離；因題目要求「超過」，天數須取嚴格大於 800 的最小整數。","[]","[]","","false","false","https://cap.rcpet.edu.tw/exam/113/113exam.html","https://drive.google.com/file/d/1MXfrOI_4KyxF6A-2NNd_J_eIuo3Epa46/view","","","","","","","","",""
"OFF-0760","數學","官方歷屆真題","113","15","會考總複習","歷屆會考","113年數學第15題","進階","歷屆真題","甲、乙兩個最簡分數分別為10/a、18/b，其中a、b為正整數。若將甲、乙通分成相同分母後，甲的分子變為50，乙的分子變為54，則下列關於a的敘述何者正確？","a 是 3 的倍數，也是 5 的倍數","a 是 3 的倍數，但不是 5 的倍數","a 是 5 的倍數，但不是 3 的倍數","a 不是 3 的倍數，也不是 5 的倍數","1","a 是 3 的倍數，但不是 5 的倍數","","答案是 B。甲的分子由10變50，放大5倍，所以共同分母是5a；乙的分子由18變54，放大3倍，所以共同分母是3b。兩個分母相同，得5a＝3b。因3與5互質，可設a＝3k、b＝5k（k為正整數）。甲是最簡分數，因此 gcd(10,a)=1；代入a＝3k，表示a不能含有2或5這兩種質因數，所以k必須是奇數且不能是5的倍數。故a一定是3的倍數、不是5的倍數，選 B。","[""10/a通分後分子成50，分子乘了5倍，因此共同分母為5a。"",""18/b通分後分子成54，分子乘了3倍，因此共同分母為3b；所以5a＝3b，推出a為3的倍數。"",""因甲為最簡分數，gcd(10,a)=1；a＝3k又要求k為奇數且不是5的倍數。因此a必為3的倍數，且不是5的倍數，選 B。例：k＝1時a＝3、b＝5，兩分數10/3與18/5皆最簡，且通分後分母同為15。""]","通分後分子放大的倍數決定共同分母與 a、b 的關係；再用最簡分數條件排除質因數。","[]","[]","","false","false","https://cap.rcpet.edu.tw/exam/113/113exam.html","https://drive.google.com/file/d/1MXfrOI_4KyxF6A-2NNd_J_eIuo3Epa46/view","","","","","","","","",""
"OFF-0761","數學","官方歷屆真題","113","16","會考總複習","歷屆會考","113年數學第16題","進階","歷屆真題","有研究報告指出，1880 年至 2020 年全球平均氣溫上升趨勢約為每十年上升 0.08 ℃。已知 2020 年全球平均氣溫為 14.88 ℃，假設未來的全球平均氣溫 上升趨勢與上述趨勢相同，且每年上升的度數相同，則預估 2020 年之後第 x 年 的全球平均氣溫為多少 ℃ ？ ( 以 x 表示 )","14.88 + 0.08x","14.88 + 0.008x","14.88 + 0.08 [ x + ( 2020 − 1880 )]","14.88 + 0.008 [ x + ( 2020 − 1880 )]","1","14.88 + 0.008x","","答案是 B「14.88 + 0.008x」。每十年升高0.08°C，平均每年升高0.08÷10＝0.008°C。從2020年起經過x年，增加0.008x°C，因此氣溫為14.88＋0.008x°C。","[""每十年上升0.08°C，所以每年上升率為0.08÷10＝0.008°C。"",""經過x年，累計升高0.008x°C；從2020年基準14.88°C起算。"",""第x年預估值＝14.88＋0.008x°C，選 B。""]","每十年的變化量要先除以 10 才是每年變化率；x 年後只增加 x 倍的年變化量。","[]","[]","","false","false","https://cap.rcpet.edu.tw/exam/113/113exam.html","https://drive.google.com/file/d/1MXfrOI_4KyxF6A-2NNd_J_eIuo3Epa46/view","","","","","","","","",""
"OFF-0762","數學","官方歷屆真題","113","17","會考總複習","歷屆會考","113年數學第17題","進階","歷屆真題","∆ABC 中，∠B = 55°， ∠C = 65°。今分別以 B、C 為圓心，BC 長為半徑 畫圓 B 、圓 C，關於 A 點位置，下列敘述何者正確？","在圓 B 外部，在圓 C 內部","在圓 B 外部，在圓 C 外部","在圓 B 內部，在圓 C 內部","在圓 B 內部，在圓 C 外部","0","在圓 B 外部，在圓 C 內部","","答案是 A。三角形內角和得 ∠A＝180°−55°−65°＝60°。三角形中大角對大邊：∠C＝65° 大於 ∠A＝60°，所以對邊 AB＞BC；∠B＝55° 小於 ∠A＝60°，所以對邊 AC＜BC。兩圓半徑都是 BC，因此 A 在圓 B 外、圓 C 內。","[""先用三角形內角和求 ∠A＝180°−55°−65°＝60°。"",""利用大角對大邊：∠C＝65°＞∠A＝60°，所以 AB＞BC；∠B＝55°＜∠A＝60°，所以 AC＜BC。"",""圓 B、圓 C 的半徑都是 BC；AB＞BC 表示 A 在圓 B 外，AC＜BC 表示 A 在圓 C 內，選 A。""]","先求第三個內角，再用「大角對大邊」比較 AB、AC 和半徑 BC。","[]","[]","","false","false","https://cap.rcpet.edu.tw/exam/113/113exam.html","https://drive.google.com/file/d/1MXfrOI_4KyxF6A-2NNd_J_eIuo3Epa46/view","","","","","","","","",""
"OFF-0763","數學","官方歷屆真題","113","18","會考總複習","歷屆會考","113年數學第18題","進階","歷屆真題","如圖 ( 十 )，平行四邊形 ABCD 與平行四邊形 EFGH 全等，且 A、 B、 C、D 的對應頂點分別是 H、 E、 F、 G， 其中 E 在 DC 上， F 在 BC 上， C 在 FG 上。 若 AB = 7，AD = 5，FC = 3，則四邊形 ECGH 的周長為何？","21","20","19","18","0","21","","答案是 A（21）。依全等對應，EH＝AB＝7、GH＝AD＝5；平行四邊形 EFGH 的對邊相等，所以 FG＝7、EF＝5。C 在 FG 上且 FC＝3，因此 CG＝FG−FC＝4。E 在 DC、F 在 BC，故 ∠ECF＝∠BCD。全等對應又給 ∠EFG＝∠BCD；依圖 C 在線段 FG 上且位於 F、G 之間，所以 ∠EFG＝∠EFC。於是 △ECF 的 C、F 兩角相等，對邊 EF＝EC＝5。四邊形 ECGH 的周長為 EC＋CG＋GH＋HE＝5＋4＋5＋7＝21。","[""由全等對應 A↔H、B↔E、C↔F、D↔G，得 EH＝AB＝7、GH＝AD＝5；又 EFGH 為平行四邊形，所以 FG＝EH＝7、EF＝GH＝5。"",""C 在 FG 上，且 FC＝3，因此 CG＝FG−FC＝7−3＝4。"",""∠ECF＝∠BCD；全等對應得 ∠EFG＝∠BCD，而圖示 C 在線段 FG 上且位於 F、G 之間，所以 ∠EFG＝∠EFC。故 △ECF 的 C、F 角相等，EC＝EF＝5。周長 EC＋CG＋GH＋HE＝5＋4＋5＋7＝21，選 A。""]","利用全等對應角後，還要注意 C 在線段 FG 上，才能把 ∠EFG 認成 △ECF 的 F 角。","[]","[""./assets/official-exams/113-math-q18-parallelogram.svg""]","./assets/official-exams/113-math-q18-parallelogram.svg","true","false","https://cap.rcpet.edu.tw/exam/113/113exam.html","https://drive.google.com/file/d/1MXfrOI_4KyxF6A-2NNd_J_eIuo3Epa46/view","","","","","","","","",""
"OFF-0764","數學","官方歷屆真題","113","19","會考總複習","歷屆會考","113年數學第19題","進階","歷屆真題","圖 ( 十一 ) 的數線上有 A(−2)、O(0)、B(2) 三點。今打算在此數線上標示 P ( p)、 Q(q) 兩點，且 p、 q 互為倒數， 若 P 在 A 的左側， 則下列敘述何者正確？","Q 在 AO 上，且 AQ < QO","Q 在 AO 上，且 AQ > QO","Q 在 OB 上，且 OQ < QB","Q 在 OB 上，且 OQ > QB","1","Q 在 AO 上，且 AQ > QO","","答案是 B。P 在 A(−2) 左側，所以 p＜−2。令 p＝−k（k＞2），則 q＝−1/k，介於 −1/2 與 0 之間，Q 位於 A、O 之間。此時 AQ＝2−1/k、QO＝1/k；因 k＞2，故 AQ＞QO。","[""P在A左側代表p<−2；令p＝−k且k>2，則倒數q＝−1/k，介於−1/2與0之間，所以Q在A、O之間。"",""AQ＝q−(−2)＝2−1/k，QO＝1/k。因k>2，所以2−1/k>1/k。"",""因此Q在AO上且AQ>QO，選 B。""]","負數的倒數仍是負數；先用 p＜−2 限定 q 的區間，再用數線距離比較 AQ 與 QO。","[]","[""./assets/official-exams/113-math-q19-numberline.svg""]","./assets/official-exams/113-math-q19-numberline.svg","true","false","https://cap.rcpet.edu.tw/exam/113/113exam.html","https://drive.google.com/file/d/1MXfrOI_4KyxF6A-2NNd_J_eIuo3Epa46/view","","","","","","","","",""
"OFF-0765","數學","官方歷屆真題","113","20","會考總複習","歷屆會考","113年數學第20題","進階","歷屆真題","四邊形 ABCD 中， E、F 兩點在 BC 上，G 點 在 AD 上，各點位置如圖 ( 十二 ) 所示。連接 GE、 GF 後， 根據圖(十二)中標示的角與角度， 判斷下列關係何者正確？","∠1 + ∠2 < ∠3 + ∠4","∠1 + ∠2 > ∠3 + ∠4","∠1 + ∠4 < ∠2 + ∠3","∠1 + ∠4 > ∠2 + ∠3","3","∠1 + ∠4 > ∠2 + ∠3","","答案是 D。左側四邊形 ABGE 的內角為 100°、85°、∠3 和 (180°−∠1)，內角和為 360°，所以 ∠1−∠3＝5°。右側四邊形 GDCF 的內角為 ∠4、105°、70° 和 (180°−∠2)，內角和為 360°，所以 ∠4−∠2＝5°。相加得 (∠1＋∠4)−(∠2＋∠3)＝10°＞0，因此 ∠1＋∠4＞∠2＋∠3，選 D。","[""左側四邊形 ABGE 的 E 角是 180°−∠1，因此 100°＋85°＋∠3＋(180°−∠1)＝360°，整理得 ∠1−∠3＝5°。"",""右側四邊形 GDCF 的 F 角是 180°−∠2，因此 ∠4＋105°＋70°＋(180°−∠2)＝360°，整理得 ∠4−∠2＝5°。"",""將兩式相加：(∠1＋∠4)−(∠2＋∠3)＝10°＞0，所以 ∠1＋∠4＞∠2＋∠3，選 D。""]","分別對左、右兩個四邊形列內角和；底邊的內角是 180° 減標示角，整理差值可直接比較兩組角和。","[]","[""./assets/official-exams/113-math-q20-angle-figure.svg""]","./assets/official-exams/113-math-q20-angle-figure.svg","true","false","https://cap.rcpet.edu.tw/exam/113/113exam.html","https://drive.google.com/file/d/1MXfrOI_4KyxF6A-2NNd_J_eIuo3Epa46/view","","","","","","","","",""
"OFF-0766","數學","官方歷屆真題","113","21","會考總複習","歷屆會考","113年數學第21題","進階","歷屆真題","如圖（十三），以 AC、BD 為直徑的兩個半圓交於 E；A、B、C、D 在同一直線上，且 B 為 AC 的中點。若弧 CE＝58°，求弧 BE 的度數。","58","60","62","64","3","64","","答案是 D（64°）。B 是半圓 AC 的圓心，因此弧 CE 的度數等於圓心角 ∠CBE＝58°。連接 BE 後，在以 BD 為直徑的半圓中，∠BED＝90°；又 B、C、D 共線，所以 ∠EBD＝58°，得 ∠BDE＝32°。弧 DE 對應的圓周角 ∠DBE 為 58°，所以弧 DE＝116°；半圓弧 B–E–D 共 180°，故弧 BE＝180°−116°＝64°。","[""B 是半圓 AC 的圓心，因此弧 CE＝∠CBE＝58°。連接 BE；BD 是另一半圓的直徑，所以 ∠BED＝90°。"",""B、C、D 共線，故 ∠EBD＝58°。在 △BED 中，∠BDE＝180°−90°−58°＝32°。"",""弧 DE 對應的圓周角 ∠DBE＝58°，所以弧 DE＝2×58°＝116°。半圓弧 BED 為180°，因此弧 BE＝180°−116°＝64°，選 D。""]","分清楚弧度、圓心角與圓周角；半圓弧 180°，圓周角所對弧是角度的兩倍。","[]","[""./assets/official-exams/113-math-q21-semicircles.svg""]","./assets/official-exams/113-math-q21-semicircles.svg","true","false","https://cap.rcpet.edu.tw/exam/113/113exam.html","https://drive.google.com/file/d/1MXfrOI_4KyxF6A-2NNd_J_eIuo3Epa46/view","","","","","","","","",""
"OFF-0767","數學","官方歷屆真題","113","22","會考總複習","歷屆會考","113年數學第22題","進階","歷屆真題","如圖 ( 十四 )，ΔABC 內部有一點 D，且 ΔDAB、ΔDBC、ΔDCA 的面積 分別為 5、4、3 。若 ΔABC 的重心為 G，則下列敘述何者正確？","ΔGBC 與 ΔDBC 的面積相同，且 DG 與 BC 平行","ΔGBC 與 ΔDBC 的面積相同，且 DG 與 BC 不平行","ΔGCA 與 ΔDCA 的面積相同，且 DG 與 AC 平行","ΔGCA 與 ΔDCA 的面積相同，且 DG 與 AC 不平行","0","ΔGBC 與 ΔDBC 的面積相同，且 DG 與 BC 平行","","答案是 A。總面積 [ABC]＝5＋4＋3＝12，所以 [GBC]＝[ABC]/3＝4，恰等於 [DBC]。再用面積座標表示 D：以 A、B、C 為重心座標頂點，D=(4A+3B+5C)/12（各係數是對邊小三角形面積）。重心 G=(A+B+C)/3=(4A+4B+4C)/12。兩點之差 D−G=(C−B)/12，方向與 BC 平行，因此 DG∥BC。","[""三個小三角形面積和為 [ABC]=5+4+3=12。重心 G 把三角形分成三個等面積區域，因此 [GBC]=12/3=4，等於 [DBC]=4。"",""以 A、B、C 的位置向量表示 D。D 到 BC 的相對權重由對應小三角形面積得為 4/12，D=(4A+3B+5C)/12；重心 G=(A+B+C)/3。"",""相減得 D−G=(C−B)/12，方向平行 BC，故 DG∥BC；兩個條件皆成立，選 A。""]","重心把大三角形分成三個等面積區；用三個小三角形面積作重心座標權重，可判斷連線方向。","[]","[""./assets/official-exams/113-math-q22-area-triangle.svg""]","./assets/official-exams/113-math-q22-area-triangle.svg","true","false","https://cap.rcpet.edu.tw/exam/113/113exam.html","https://drive.google.com/file/d/1MXfrOI_4KyxF6A-2NNd_J_eIuo3Epa46/view","","","","","","","","",""
"OFF-0768","數學","官方歷屆真題","113","23","會考總複習","歷屆會考","113年數學第23題","進階","歷屆真題","如圖（十五），等腰梯形紙片 ABCD 中，AD ∥ BC、AB＝DC、∠B＝∠C，且 E 在 BC 上、DE ∥ AB。以 DE 為摺線將 C 摺到 AB 上的 C′。若 CE＝2、DE＝4，求摺後 BC′ 與 AC′ 的長度比。","1：2","1：3","2：3","3：5","1","1：3","","答案是 B（1：3）。因 DE∥AB 且 AD∥BE，ABED 是平行四邊形，所以 AB＝DE＝4；等腰梯形又有 DC＝AB＝4。摺疊以 DE 為對稱軸，長度與角度都保持，因此 DC′＝DC＝4、EC′＝EC＝2。由 ∠B＝∠C，且摺疊將原來的∠C映成∠DC′E，可得 ∠C′BE＝∠DC′E。另因 DE∥AB，而 C′B 在 AB 上，摺後 EC′ 與摺線 DE 的夾角，等於摺前 EC 與 DE 的夾角，故 ∠BC′E＝∠C′ED。於是 △BC′E∼△C′DE，對應邊 BC′↔C′E、C′E↔DE。故 BC′/C′E＝C′E/DE＝2/4，得 BC′＝1。C′在線段AB上，所以 AC′＝AB−BC′＝4−1＝3，答案比為1：3。","[""ABED 是平行四邊形，故 AB＝DE＝4；等腰梯形有 DC＝AB＝4，摺疊保長得 DC′＝4、EC′＝EC＝2。"",""∠C′BE＝∠DC′E：左側是原梯形的底角∠B，右側是摺前∠C經摺線DE反射後的角；依題目∠B＝∠C，兩角相等。∠BC′E＝∠C′ED：AB∥DE，且摺疊將EC對稱映成EC′，所以兩角也相等。故 △BC′E∼△C′DE，對應邊為BC′↔C′E、C′E↔DE。"",""所以 BC′/C′E＝C′E/DE＝2/4，BC′＝1。又 C′ 在 AB 上，AC′＝4−1＝3，因此 BC′：AC′＝1：3，選 B。""]","摺疊會保留長度與角度；先找平行四邊形邊長，再用兩組相等角證明三角形相似。","[]","[""./assets/official-exams/113-math-q23-folded-trapezoid.svg""]","./assets/official-exams/113-math-q23-folded-trapezoid.svg","true","false","https://cap.rcpet.edu.tw/exam/113/113exam.html","https://drive.google.com/file/d/1MXfrOI_4KyxF6A-2NNd_J_eIuo3Epa46/view","","","","","","","","",""
"OFF-0769","數學","官方歷屆真題","113","24","會考總複習","歷屆會考","113年數學第24題","進階","歷屆真題","成年女性理想體重的三種算法為：① 身高²×22；② (100×身高−70)×0.6；③ (100×身高−158)×0.5＋52（身高以公尺表示）。甲：有女性用算法①與②算出的理想體重相同。乙：有女性用算法②與③算出的理想體重相同。對於甲、乙，下列判斷何者正確？","甲、乙皆正確","甲、乙皆錯誤","甲正確，乙錯誤","甲錯誤，乙正確","3","甲錯誤，乙正確","","答案是 D「甲錯誤，乙正確」。令身高為 h 公尺。算法①＝22h²，算法②＝60h−42。甲若成立，需 22h²＝60h−42，即 11h²−30h＋21＝0；判別式 30²−4×11×21＝−24＜0，沒有實數解，甲錯。算法②與③相等時，60h−42＝(50h−79)＋52＝50h−27，解得 h＝1.5 公尺，確有女性身高可符合，乙對。","[""令身高 h 為公尺。算法①為 22h²，算法②化簡為 (100h−70)×0.6＝60h−42。若兩者相等，得 11h²−30h＋21＝0。"",""此二次方程判別式為 (−30)²−4×11×21＝−24，小於 0，故沒有實數身高解；甲錯。"",""算法③化簡為 (100h−158)×0.5＋52＝50h−27。令算法②等於③：60h−42＝50h−27，得 h＝1.5 公尺，存在可行身高；乙對，選 D。""]","先把三種理想體重公式化簡；判斷兩算法是否相同可解方程，並用判別式檢查實數解是否存在。","[]","[]","","false","false","https://cap.rcpet.edu.tw/exam/113/113exam.html","https://drive.google.com/file/d/1MXfrOI_4KyxF6A-2NNd_J_eIuo3Epa46/view","","","","","","","","",""
"OFF-0770","數學","官方歷屆真題","113","25","會考總複習","歷屆會考","113年數學第25題","進階","歷屆真題","成年男性理想體重算法②為 (100×身高−80)×0.7，算法③為 (100×身高−170)×0.6＋62（身高以公尺表示）。體重分類：實際體重大於理想體重120%為肥胖，110%～120%為過重，90%～110%為正常，80%～90%為過輕，小於80%為消瘦。身高1.8公尺的男性以算法②計得理想體重70公斤；實際體重介於70×90%至70×110%之間者屬正常。若改以算法③計算理想體重並分類，這些人的體重可能落在哪些類別？","正常","正常、過重","正常、過輕","正常、過重、過輕","1","正常、過重","","答案是 B「正常、過重」。算法③算得 (180−170)×0.6＋62＝68 公斤。原先屬正常者的實際體重範圍為 70×90%～70×110%＝63～77 公斤。以 68 公斤為基準，新的正常範圍為 68×90%～68×110%＝61.2～74.8 公斤；過重範圍從 74.8 公斤起。63～77 與新正常區間及過重區間都有交集，但不低於 61.2，所以不會過輕。","[""先用算法③求新基準理想體重：(100×1.8−170)×0.6＋62＝68 公斤。"",""原本算法②的正常體重範圍是 70×0.9 至 70×1.1，即 63～77 公斤。新基準 68 公斤的正常上限為 68×1.1＝74.8 公斤，下限為 68×0.9＝61.2 公斤；過重從 74.8 公斤以上開始。"",""63～77 公斤與新正常範圍 61.2～74.8 有交集，也與新過重區間有交集；全段高於新過輕上限 61.2，因此可能是正常或過重，選 B。""]","先算新理想體重，再把舊的正常體重區間與新分類界線比較；逐段找交集，不要只比較兩個基準值。","[]","[]","","false","false","https://cap.rcpet.edu.tw/exam/113/113exam.html","https://drive.google.com/file/d/1MXfrOI_4KyxF6A-2NNd_J_eIuo3Epa46/view","","","","","","","","",""
"OFF-0960","數學","官方歷屆真題","114","1","會考總複習","歷屆會考","114年數學非選第1題","進階","非選擇題","某民調公司調查 A 市成年民眾對一項政策的態度，並依年齡分成三組。因受訪者的年齡分布與全體成年人口不同，需用調整倍率修正各組結果。

計算方式：人口占比＝該組人口數÷全體成年人口數×100%；調查比率＝該組受訪者數÷所有受訪者數×100%；調整倍率＝人口占比÷調查比率；該組調整前贊成（反對）比率＝該組受訪者中贊成（反對）人數÷所有受訪者數×100%；調整後贊成（反對）比率＝調整前比率×調整倍率。

表（二）資料（年齡組：人口占比／調查比率／調整倍率／調整前贊成／調整前反對／調整後贊成／調整後反對）：18～39歲：40%／20%／2／8%／12%／16%／24%；40～59歲：40%／40%／1／待求／待求／待求／待求；60歲以上：20%／40%／待求／待求／待求／待求／待求。總計：100%／100%／—／56%／44%／49%／51%。

例如，18～39歲組的調整倍率為40%÷20%=2，因此該組調整前贊成8%、反對12%，調整後分別為16%、24%。全體調整前贊成率高於反對率，調整後則相反。請完整寫出解題過程並回答：(1) 60歲以上組的調整倍率為何？(2) 40～59歲組、60歲以上組調整前的贊成比率各為多少？","","","","","","","[{""label"":""（1）"",""prompt"":""60 歲以上組的調整倍率"",""answerDisplay"":""0.5"",""acceptableAnswers"":[""0.5"",""1/2"",""0.5 倍"",""二分之一""]},{""label"":""（2）"",""prompt"":""40～59 歲組、60 歲以上組的調整前贊成比率（依序填寫）"",""answerDisplay"":""18%、30%"",""acceptableAnswers"":[""18%、30%"",""18%,30%"",""18% 30%"",""18 percent, 30 percent""]}]","（1）60 歲以上組的人口占比為 20%，調查比率為 40%，所以調整倍率＝20%÷40%＝0.5。答案：0.5。
（2）令 40～59 歲組調整前贊成比率為 x%，60 歲以上組為 y%。三組調整前贊成比率合計 56%，扣除 18～39 歲組的 8%，得 x＋y＝48。調整後贊成率合計 49%，扣除第一組調整後的 16%，且第三組倍率為 0.5，得 x＋0.5y＝33。兩式相減得 0.5y＝15，因此 y＝30；再代回得 x＝18。答案依序是 18%、30%。","[""（1）由表讀出 60 歲以上組人口占比 20%、調查比率 40%；依定義，調整倍率＝人口占比÷調查比率＝20%÷40%＝0.5。"",""（2）設 40～59 歲組與 60 歲以上組調整前贊成比率分別為 x%、y%。全體調整前總和為 56%，扣掉 18～39 歲組的 8%，所以 x＋y＝48。"",""調整後總和為 49%，扣掉第一組調整後的 16%，第二組倍率是 40%÷40%＝1，第三組倍率是 0.5，因此 x＋0.5y＝33。聯立得 y＝30、x＝18，依題目順序為 18%、30%。""]","表格題要分清楚「調整前」與「調整後」。先用人口占比除以調查比率求倍率，再把總計列轉成方程式，勿把調查比率誤當贊成率。","[]","[]","","false","false","https://cap.rcpet.edu.tw/exam/114/114exam.html","https://drive.google.com/file/d/1c2AGC67Bq344EdGSZkO9SZhrY50hHTJx/view","","","","","","","","",""
"OFF-0961","數學","官方歷屆真題","114","2","會考總複習","歷屆會考","114年數學非選第2題","進階","非選擇題","商店中販賣一款包含 A、B 兩種圖案的藝術紙片組合包，形狀分別為 16 公分 × 5 公分、18 公分 × 5 公分的長方形，如圖 ( 十七 ) 所示。 圖 ( 十七 ) 小燦打算在不裁切紙片的情況下，將這兩種藝術紙片以緊密相鄰的方式貼成 圖 ( 十八 ) 的長方形， 其中奇數層為 A 圖案，偶數層為 B 圖案，且最後一層 為 A 圖案，而相同圖案的藝術紙片皆為相同的方向。 圖 ( 十八 ) 請根據上述資訊回答下列問題，完整寫出你的解題過程並詳細解釋： (1) 以上述方式貼成的長方形，第一層最少有幾個 A 圖案？ (2) 已知每個組合包中 A、B 兩種圖案的藝術紙片數量比為 4：3，若小燦想購 買一些組合包，貼成圖 (十八)的長方形， 其中第一層的 A 圖案數量與 (1) 求出 之值相同，判斷他是否可能恰好把購買的藝術紙片用完？請說明理由。","","","","","","","[{""label"":""（1）"",""prompt"":""第一層最少的 A 圖案數量（個）"",""answerDisplay"":""9 個"",""acceptableAnswers"":[""9"",""9個"",""9 個""]},{""label"":""（2）"",""prompt"":""能否恰好用完所有購買的紙片？請先填能或不能"",""answerDisplay"":""不能"",""acceptableAnswers"":[""不能"",""不可能"",""不可以"",""否"",""不能，層數方程得到n=59/5，非整數"",""不可能，層數方程得到n=59/5，非整數"",""不可以，層數方程得到n=59/5，非整數""]}]","（1）每層長度須同時由 16 公分的 A 紙片和 18 公分的 B 紙片無縫排滿，最短長度是最小公倍數 lcm(16,18)＝144 公分，所以第一層需 144÷16＝9 個 A。答案：9 個。
（2）設總層數為奇數 n，因首末層都是 A，A 層有 (n＋1)/2 層，每層 9 張；B 層有 (n－1)/2 層，每層 144÷18＝8 張。用完後 A、B 張數比應為 4：3，因此 3×9(n＋1)/2＝4×8(n－1)/2，解得 n＝59/5。層數必須是整數，矛盾，所以不能恰好用完。","[""（1）同一層的總長必須是 16 與 18 的公倍數；最短為 lcm(16,18)＝144 公分。第一層使用 A 紙片，故最少有 144÷16＝9 個。"",""（2）設層數為奇數 n。A 層數為 (n＋1)/2，A 張數為 9(n＋1)/2；B 層數為 (n－1)/2，B 張數為 8(n－1)/2。"",""若全部用完，A：B＝4：3，列 9(n＋1)/2 ÷ [8(n－1)/2]＝4/3，整理得 27(n＋1)＝32(n－1)，所以 n＝59/5。層數不可能是分數，故無法恰好用完。""]","先用最小公倍數求每層長度，再分奇偶層統計紙片。購買比例是總張數比例，列式時要乘交叉項，最後檢查層數必須為正整數且為奇數。","[]","[""./assets/official-exams/114-math-q02-tiling-diagram.svg""]","./assets/official-exams/114-math-q02-tiling-diagram.svg","true","true","https://cap.rcpet.edu.tw/exam/114/114exam.html","https://drive.google.com/file/d/1c2AGC67Bq344EdGSZkO9SZhrY50hHTJx/view","","","","","","","","",""
"OFF-0962","數學","官方歷屆真題","114","3","會考總複習","歷屆會考","114年數學第3題","進階","歷屆真題","圖 ( 一 ) 方格紙格線上的八條等長線段形成一個 線對稱圖形。圖中有四條線段標示上號碼，判斷 擦去下列哪個選項中的兩條線段後，剩下的圖形 不是線對稱圖形？","① 和 ②","① 和 ③","② 和 ③","② 和 ④","2","② 和 ③","","答案是 C（擦去②和③）。用方格位置逐一檢查：擦去①、②後，剩餘線段以左上至右下的對角線為對稱軸；擦去①、③後，以中央垂直線為對稱軸；擦去②、④後，以中央水平線為對稱軸。只有擦去②、③後，這三種對應都被破壞，且沒有其他反射軸能讓剩餘線段成對重合，因此答案為 C。","[""依圖辨認標號線段：①上方水平段、②左側垂直段、③下方水平段、④右側垂直段。"",""刪除①②後可沿左上至右下對角線反射；刪除①③後可沿中央垂直線反射；刪除②④後可沿中央水平線反射，剩餘線段都能成對重合。"",""刪除②③後，以上候選軸均無法使所有線段成對重合；檢查其餘方格反射位置也找不到對稱軸，因此選 C。""]","每個選項刪線後都重新檢查整體反射；對稱軸可能是水平、垂直或對角線，不能只沿用原圖的軸。","[]","[""./assets/official-exams/114-math-q03-line-symmetry.svg""]","./assets/official-exams/114-math-q03-line-symmetry.svg","true","false","https://cap.rcpet.edu.tw/exam/114/114exam.html","https://drive.google.com/file/d/1c2AGC67Bq344EdGSZkO9SZhrY50hHTJx/view","","","","","","","","",""
"OFF-0963","數學","官方歷屆真題","114","4","會考總複習","歷屆會考","114年數學第4題","進階","歷屆真題","若二元一次聯立方程組 37x＋2y＝81、23x−2y＝39 的解為 x＝a、y＝b，則 a＋2b 為何？","33","9","−3","−27","1","9","","答案是 B（9）。兩式相加得60x＝120，因此a＝x＝2。代入37x＋2y＝81，得74＋2y＝81，故b＝y＝7/2。所求a＋2b＝2＋2×7/2＝9。","[""兩式相加消去 y：60x＝120，因此 x＝a＝2。"",""代回 37x＋2y＝81：74＋2y＝81，所以 y＝b＝3.5。"",""a＋2b＝2＋2×3.5＝9，對應選項 B。""]","先把兩式相加消去 y，再代回任一原式求 b；注意題目要算 a＋2b，不是 a+b。","[]","","","false","false","https://cap.rcpet.edu.tw/exam/114/114exam.html","https://drive.google.com/file/d/1c2AGC67Bq344EdGSZkO9SZhrY50hHTJx/view","","","","","","","","",""
"OFF-0964","數學","官方歷屆真題","114","5","會考總複習","歷屆會考","114年數學第5題","進階","歷屆真題","在△ABC中，D為BC上一點；∠BAD＝p、∠DAC＝30°、∠ABD＝q、∠ADC＝r、∠ACB＝70°。求 p＋q＋r 的值。","140","150","160","180","2","160","","答案是 C「160°」。在 △ADC 中，角 A＝30°、角 C＝70°，所以 r＝180°−30°−70°＝80°。因 B、D、C 共線，△ABD 在 D 的內角為 180°−r；因此 p+q+(180°−r)=180°，得到 p+q=r。故 p+q+r=2r=160°。","[""看 △ADC：三角形內角和給出 r+30°+70°=180°，所以 r=80°。"",""D 點處，△ABD 的內角與 r 為一對線性角，為 180°−r。套用 △ABD 內角和：p+q+(180°−r)=180°，得 p+q=r。"",""因此 p+q+r=2r=160°，選 C。""]","D 在 BC 上，∠ADC 與 △ABD 的 D 角互為補角；先求 r，再列第二個三角形的內角和。","[]","[]","","false","false","https://cap.rcpet.edu.tw/exam/114/114exam.html","https://drive.google.com/file/d/1c2AGC67Bq344EdGSZkO9SZhrY50hHTJx/view","","","","","","","","",""
"OFF-0965","數學","官方歷屆真題","114","6","會考總複習","歷屆會考","114年數學第6題","進階","歷屆真題","在坐標平面上，從點 (−1, 2) 出發，先向下移動再向右移動，可能到達下列哪一點？","( 4 , 1 )","( 4 , 3 )","( −4 , 1 )","( −4 , 3 )","0","( 4 , 1 )","","答案是 A（4,1）。從(−1,2)先向下會使y座標減少，再向右會使x座標增加；四個選項中只有(4,1)同時符合x>−1且y<2。","[""向下移動會使縱座標由2變小，因此終點需滿足 y<2。"",""向右移動會使橫座標由−1變大，因此終點需滿足 x>−1。"",""只有選項 A 的(4,1)同時滿足兩條件。""]","向右只會增加 x 座標，向下只會減少 y 座標；按兩個方向分別篩掉不合條件的點。","[]","","","false","false","https://cap.rcpet.edu.tw/exam/114/114exam.html","https://drive.google.com/file/d/1c2AGC67Bq344EdGSZkO9SZhrY50hHTJx/view","","","","","","","","",""
"OFF-0966","數學","官方歷屆真題","114","7","會考總複習","歷屆會考","114年數學第7題","進階","歷屆真題","某國預估 50 年後各年齡層的人口變動數如下（單位：萬人；正數代表增加，負數代表減少）：60～70 歲 −109、70～80 歲 +112、80 歲以上 +204。該國 60 歲以上人口 50 年後會增加或減少多少人？","增加 207 萬人","增加 425 萬人","減少 109 萬人","減少 271 萬人","0","增加 207 萬人","","答案是 A「增加 207 萬人」。圖表的 60–70 歲組減少 109 萬人、70–80 歲組增加 112 萬人、80 歲以上組增加 204 萬人，合計 −109＋112＋204＝207 萬人。","[""依圖表年齡組讀值：60–70 歲為 −109 萬人，70–80 歲為 +112 萬人，80 歲以上為 +204 萬人。"",""合計 −109＋112＋204＝207（萬人）。"",""總和為正，表示增加207萬人，選 A。""]","減少量記負數、增加量記正數；把 60 歲以上各年齡層變動數相加後，再依正負判斷增減。","[]","[]","","false","false","https://cap.rcpet.edu.tw/exam/114/114exam.html","https://drive.google.com/file/d/1c2AGC67Bq344EdGSZkO9SZhrY50hHTJx/view","","","","","","","","",""
"OFF-0967","數學","官方歷屆真題","114","8","會考總複習","歷屆會考","114年數學第8題","進階","歷屆真題","計算 (2√3＋√6)×√2 的結果，與下列何者相同？","4√3","6√3","2√6＋2√3","4√3＋2√6","2","2√6＋2√3","","答案是 C。利用分配律：(2√3＋√6)×√2＝2√6＋√12。因√12＝2√3，結果為2√6＋2√3，對應選項C。","[""套用分配律：(2√3＋√6)×√2＝2√3×√2＋√6×√2。"",""分別相乘得2√6＋√12。"",""化簡√12＝2√3，因此答案為2√6＋2√3，選 C。""]","先用分配律逐項乘 √2，再把根號內的完全平方因數提出來，最後才合併同類根式。","[]","","","false","false","https://cap.rcpet.edu.tw/exam/114/114exam.html","https://drive.google.com/file/d/1c2AGC67Bq344EdGSZkO9SZhrY50hHTJx/view","","","","","","","","",""
"OFF-0968","數學","官方歷屆真題","114","9","會考總複習","歷屆會考","114年數學第9題","進階","歷屆真題","某園區並排設置 20 個無障礙停車位，每個長 600 公分、寬 200 公分；相鄰停車位之間各設一處寬 150 公分的下車區，且相鄰車位共用下車區。停車位與下車區並排後的總寬度是多少公分？","6850","7000","7150","7200","0","6850","","答案是 A（6850公分）。20個車位並排需20×200＝4000公分；相鄰車位間有19個下車區，寬19×150＝2850公分。兩者合計4000＋2850＝6850公分。","[""20個車位相鄰排列，總車位寬度為20×200＝4000公分。"",""車位之間有19處相鄰間隔，共用下車區不需在兩端額外加設，所以下車區總寬度為19×150＝2850公分。"",""總寬度＝4000＋2850＝6850公分，選 A。""]","n 個相鄰車位之間只有 n−1 個間隔；共用的下車區不要重複計算，也不要多加兩端。","[]","","","false","false","https://cap.rcpet.edu.tw/exam/114/114exam.html","https://drive.google.com/file/d/1c2AGC67Bq344EdGSZkO9SZhrY50hHTJx/view","","","","","","","","",""
"OFF-0969","數學","官方歷屆真題","114","10","會考總複習","歷屆會考","114年數學第10題","進階","歷屆真題","利用乘法公式判斷，下列算式之值，何者與其他不相同？","(106² − 4²) × (108² − 2²)","(107² − 3²) × (107² − 1²)","(108² − 2²) × (106² − 2²)","(109² − 1²) × (105² − 1²)","0","(106² − 4²) × (108² − 2²)","","答案是 A「(106² − 4²) × (108² − 2²)」。用平方差公式化簡：A＝(106−4)(106+4)(108−2)(108+2)＝102×110×106×110。B＝(107−3)(107+3)(107−1)(107+1)＝104×110×106×108；C＝106×110×104×108；D＝108×110×104×106。B、C、D 都是 104×106×108×110，只有 A 不同。","[""對每個因式使用平方差公式 x²−y²=(x−y)(x+y)。A 化為 102×110×106×110。"",""B 化為 104×110×106×108；C 化為 106×110×104×108；D 化為 108×110×104×106。"",""B、C、D 都含有相同四個因數 104、106、108、110，只是次序不同；A 的因數不同，所以選 A。""]","每個 x²−y² 都先拆成 (x−y)(x+y)，再比較各選項因數是否相同，不必展開大數乘積。","[]","","","false","false","https://cap.rcpet.edu.tw/exam/114/114exam.html","https://drive.google.com/file/d/1c2AGC67Bq344EdGSZkO9SZhrY50hHTJx/view","","","","","","","","",""
"OFF-0970","數學","官方歷屆真題","114","11","會考總複習","歷屆會考","114年數學第11題","進階","歷屆真題","阿嘉和小楊各有標示 1、2、3、4、5 的五張牌。阿嘉亮出的牌是 1、3，小楊亮出的牌是 5、2，其餘各有三張牌蓋住。兩人各從自己的蓋牌中等機率翻開一張，比較牌面數字，阿嘉翻出的數字大於小楊的機率為何？","1/3","2/3","1/9","2/9","1","2/3","","答案是 B「2/3」。從原圖可讀出阿嘉露出的牌為 1、3，因此蓋住的是 2、4、5；小楊露出 5、2，因此蓋住的是 1、3、4。共有 3×3＝9 種等可能配對。阿嘉抽到 2 時有 1 個較大的對手牌（1）；抽到 4 時有 2 個（1、3）；抽到 5 時有 3 個（1、3、4），共 6 種有利情形，機率為 6/9＝2/3。","[""由亮牌補集列出蓋牌：阿嘉蓋住 2、4、5；小楊蓋住 1、3、4。每人各有 3 種等可能選擇，總配對數 3×3＝9。"",""逐一計有利情形：阿嘉抽 2 有 1 種勝出配對；抽 4 有 2 種；抽 5 有 3 種，合計 1+2+3＝6 種。"",""所求機率＝6/9＝2/3，選 B。""]","雙方蓋牌各有 3 張，形成 3×3 個等可能配對；依阿嘉抽到 2、4、5 分別數出勝過小楊的牌數。","[]","[]","","false","false","https://cap.rcpet.edu.tw/exam/114/114exam.html","https://drive.google.com/file/d/1c2AGC67Bq344EdGSZkO9SZhrY50hHTJx/view","","","","","","","","",""
"OFF-0971","數學","官方歷屆真題","114","12","會考總複習","歷屆會考","114年數學第12題","進階","歷屆真題","有甲、乙、丙三種三角形木片，邊長分別為：甲 3、3、3；乙 3、3、2；丙 4、4、3（單位：公分）。阿林和小博各用一片甲作正三角錐底面；阿林以三片乙作側面，小博以三片丙作側面。兩人的木片能否組成正三角錐？下列判斷何者正確？","兩人皆能","兩人皆不能","阿林能，小博不能","阿林不能，小博能","3","阿林不能，小博能","","答案是 D「阿林不能，小博能」。底面甲是邊長 3 的正三角形。正三角錐三個側面都必須各以長 3 的邊接到底面，且相鄰側面的頂點側邊要能逐一接合。乙的邊長為 3、3、2；若以 3 為底邊，兩腰不等，一端會是 3、另一端是 2，三片繞底面一圈後無法讓每個頂點兩側的接合邊相等。丙的邊長為 4、4、3，可用 3 作底邊、兩條 4 作側腰；三片接合時每個底面頂點的兩條側邊皆為 4，能閉合成錐體。","[""底面甲的三邊皆為 3。乙的三邊為 3、3、2；作側面時只能把一條 3 接到底邊，餘下兩條側邊為 3 和 2，造成底面頂點兩側的接合邊不相等。"",""三片側面繞底面接合時，每個底面頂點都必須由相鄰兩片的同長側邊相接；乙的 3 與 2 無法在三角形底面一圈一致配對，因此阿林不能組成。"",""丙的三邊為 4、4、3，可用 3 接底面，每片兩腰都為 4，三片接合一致，因此小博能組成。選 D。""]","底面用長度 3 的邊接合後，檢查三片側面的兩腰能否逐邊配對、形成一致封閉的三角錐。","[]","","","false","false","https://cap.rcpet.edu.tw/exam/114/114exam.html","https://drive.google.com/file/d/1c2AGC67Bq344EdGSZkO9SZhrY50hHTJx/view","","","","","","","","",""
"OFF-0972","數學","官方歷屆真題","114","13","會考總複習","歷屆會考","114年數學第13題","進階","歷屆真題","已知甲方程式為 (x−4)²＝9，乙方程式為 (x＋9)²＝−4。關於甲、乙兩方程式的解，下列敘述何者正確？","甲有兩個相異的解，乙無解","甲有兩個相異的解，乙有兩個相異的解","甲有兩個相同的解，乙無解","甲有兩個相同的解，乙有兩個相異的解","0","甲有兩個相異的解，乙無解","","答案是 A。甲式 (x−4)²＝9，取平方根得 x−4＝±3，所以 x＝1 或7，是兩個相異實數解。乙式 (x＋9)²＝−4，但任意實數的平方皆非負，不可能等於−4，因此無實數解。","[""甲式開平方：x−4＝±3，故 x＝1 或 x＝7，兩根相異。"",""乙式左側 (x＋9)² 對實數 x 必定大於或等於0，不可能等於−4。"",""因此甲有兩個相異實數解、乙無實數解，選 A。""]","平方方程開平方要保留正、負兩根；負數不可能是實數平方，因此乙方程無實數解。","[]","","","false","false","https://cap.rcpet.edu.tw/exam/114/114exam.html","https://drive.google.com/file/d/1c2AGC67Bq344EdGSZkO9SZhrY50hHTJx/view","","","","","","","","",""
"OFF-0973","數學","官方歷屆真題","114","14","會考總複習","歷屆會考","114年數學第14題","進階","歷屆真題","貝可咖啡店販售咖啡每杯 50 元、三明治每個 40 元，早餐組合是一杯咖啡加一個三明治，售價 70 元。店家今日準備 120 杯咖啡和 100 個三明治，餐點全數售出且總收入為 8700 元。售出早餐組合的收入落在哪個範圍？","4300 ～ 4399 元","4400 ～ 4499 元","4500 ～ 4599 元","4600 ～ 4699 元","2","4500 ～ 4599 元","","答案是 C「4500～4599 元」。設早餐組合售出 x 組，則單賣咖啡 120−x 杯、單賣三明治 100−x 個。收入方程為 70x＋50(120−x)＋40(100−x)＝8700，整理為 10000−20x＝8700，得 x＝65。組合收入為 70×65＝4550 元，落在 4500～4599 元，選 C。","[""令早餐組合售出 x 組；因組合各含一杯咖啡與一個三明治，單賣咖啡為 120−x 杯，單賣三明治為 100−x 個。"",""依價格建立總收入式：70x＋50(120−x)＋40(100−x)＝8700，化簡得 10000−20x＝8700，因此 x＝65 組。"",""組合收入為 65×70＝4550 元，落在 4500～4599 元，故選 C。""]","設組合數為 n，總收入依組合價與單售價列式；結合咖啡、三明治各自的總數解出 n。","[]","","","false","false","https://cap.rcpet.edu.tw/exam/114/114exam.html","https://drive.google.com/file/d/1c2AGC67Bq344EdGSZkO9SZhrY50hHTJx/view","","","","","","","","",""
"OFF-0974","數學","官方歷屆真題","114","15","會考總複習","歷屆會考","114年數學第15題","進階","歷屆真題","數線上由左至右有 A(a)、B(b)、C(c)、D(d)、E(e) 五點，且 AB＝BC＝CD＝DE。若原點在 A 與 E 之間，且 |a|＋|b|＝|e|，則原點位於何處？","在 BC 上且較接近 B 點","在 BC 上且較接近 C 點","在 CD 上且較接近 C 點","在 CD 上且較接近 D 點","1","在 BC 上且較接近 C 點","","答案是 B「在 BC 上且較接近 C 點」。設相鄰兩點距離為 s，令 a=ts，則 b=(t+1)s、e=(t+4)s。原點在 AE 之間使 −4≤t≤0；代入 |a|＋|b|＝|e| 得 |t|＋|t+1|＝|t+4|。分段檢查：若 −1≤t≤0，左邊為 1、右邊 t+4，解得 t=−3，不在此區間；若 −4≤t<−1，方程為 −2t−1=t+4，得 t=−5/3。故 a=−5s/3、b=−2s/3、c=s/3，0 位於 B、C 之間，且距 C 為 s/3、小於距 B 的 2s/3，較接近 C。","[""令等距間隔為 s，a=ts，則 b=(t+1)s、c=(t+2)s、e=(t+4)s。因原點在 AE 間，−4≤t≤0。條件化為 |t|+|t+1|=|t+4|。"",""若 −1≤t≤0，方程變成 1=t+4，解 t=−3，不符合區間；若 −4≤t<−1，方程為 −2t−1=t+4，解得 t=−5/3。"",""此時 b=−2s/3、c=s/3，所以 0 在 BC 上，距 C 為 s/3、距 B 為 2s/3，較接近 C，選 B。""]","令 AB 每段長為 s，依序表示 a 到 e；結合原點位於 A、E 間與 |a|+|b|=|e|，分段解絕對值。","[]","[]","","false","false","https://cap.rcpet.edu.tw/exam/114/114exam.html","https://drive.google.com/file/d/1c2AGC67Bq344EdGSZkO9SZhrY50hHTJx/view","","","","","","","","",""
"OFF-0975","數學","官方歷屆真題","114","16","會考總複習","歷屆會考","114年數學第16題","進階","歷屆真題","在△ABC中，D為AB中點，E在AB上、F在AC上，且 EF∥BC。若 AF＝7、FC＝3，則下列敘述何者正確？","DE > EB，DF 與 EC 平行","DE > EB，DF 與 EC 不平行","DE < EB，DF 與 EC 平行","DE < EB，DF 與 EC 不平行","3","DE < EB，DF 與 EC 不平行","","答案是 D「DE < EB，DF 與 EC 不平行」。由 EF∥BC，△AEF∼△ABC，且 AC＝AF＋FC＝10，因此 AE/AB＝AF/AC＝7/10。D 是 AB 中點，故 AD＝DB＝0.5AB；E 在 0.7AB 處，DE＝0.2AB、EB＝0.3AB，所以 DE＜EB。若 DF∥EC，依 △ADF∼△AEC 應有 AD/AE＝AF/AC；但 0.5/0.7≠7/10，因此 DF 不平行 EC。","[""先算 AC＝AF＋FC＝7＋3＝10。由 EF∥BC，△AEF 與 △ABC 相似，因此 AE/AB＝AF/AC＝7/10。"",""令 AB＝10份，則 AE＝7份；D 為中點，所以 AD＝DB＝5份。故 DE＝2份、EB＝3份，得到 DE＜EB。"",""若 DF∥EC，△ADF 與 △AEC 應相似，須有 AD/AE＝AF/AC；但 5/7≠7/10，所以 DF 不平行 EC。選 D。""]","先由 EF∥BC 得 △AEF∼△ABC 求 AE；若 DF∥EC，另須滿足 △ADF∼△AEC 的對應邊比例。","[]","[]","","false","false","https://cap.rcpet.edu.tw/exam/114/114exam.html","https://drive.google.com/file/d/1c2AGC67Bq344EdGSZkO9SZhrY50hHTJx/view","","","","","","","","",""
"OFF-0976","數學","官方歷屆真題","114","17","會考總複習","歷屆會考","114年數學第17題","進階","歷屆真題","某種螺絲釘的螺紋剖面為頂角 60° 的鋸齒形，相鄰溝谷的水平距離為螺紋間距。若完整三角形剖面的高為 H，螺紋頂部截平高度為 H/8、溝谷截平高度為 H/4，則螺紋深度是螺紋間距的多少倍？","5/8","5/16","5√3/8","5√3/16","3","5√3/16","","答案是 D「5√3/16」。60°頂角的完整螺紋三角形為正三角形；螺紋間距 a 是其底邊，故高 H＝(√3/2)a。螺紋深度為 H−H/8−H/4＝5H/8，因此深度與間距的比為 (5H/8)÷a＝(5/8)×(√3/2)＝5√3/16。","[""令螺紋間距為 a。頂角為 60° 的完整三角形剖面是正三角形，因此其高 H＝(√3/2)a。"",""依題目給定，頂部截平高度為 H/8、溝谷截平高度為 H/4，所以螺紋深度＝H−H/8−H/4＝5H/8。"",""螺紋深度÷螺紋間距＝(5H/8)÷a＝(5/8)×(√3/2)＝5√3/16，選 D。""]","螺紋剖面先用頂角 60° 的等腰三角形關係求完整高度與間距，再扣除頂、谷截平高度求實際深度。","[]","[]","","false","false","https://cap.rcpet.edu.tw/exam/114/114exam.html","https://drive.google.com/file/d/1c2AGC67Bq344EdGSZkO9SZhrY50hHTJx/view","","","","","","","","",""
"OFF-0977","數學","官方歷屆真題","114","18","會考總複習","歷屆會考","114年數學第18題","進階","歷屆真題","a、b、c 皆為正整數，且 gcd(a,b)＝11、lcm(a,b)＝88。甲認為 gcd(a,b,c) 可能大於 11；乙認為 lcm(a,b,c) 可能小於 88。兩人的看法何者正確？","甲、乙皆正確","甲、乙皆錯誤","甲正確，乙錯誤","甲錯誤，乙正確","1","甲、乙皆錯誤","","答案是 B「甲、乙皆錯誤」。因為三數的最大公因數必為 a、b 最大公因數 11 的因數，所以不可能大於 11，甲錯。三數最小公倍數必為 a、b 最小公倍數 88 的倍數，因此不可能小於 88，乙也錯。","[""設三數最大公因數為 gcd(a,b,c)。它必定整除 gcd(a,b)＝11，因此只可能是 1 或 11，不可能大於 11；甲錯。"",""設三數最小公倍數為 lcm(a,b,c)。它必須是 lcm(a,b)＝88 的倍數，因此至少為 88，不可能小於 88；乙錯。"",""甲、乙皆錯，選 B。""]","gcd(a,b)=11 限制三數最大公因數不能大於 11；lcm(a,b)=88 則要求三數最小公倍數是 88 的倍數。","[]","[]","","false","false","https://cap.rcpet.edu.tw/exam/114/114exam.html","https://drive.google.com/file/d/1c2AGC67Bq344EdGSZkO9SZhrY50hHTJx/view","","","","","","","","",""
"OFF-0978","數學","官方歷屆真題","114","19","會考總複習","歷屆會考","114年數學第19題","進階","歷屆真題","金銀河影城電影票 320 元／張、爆米花 80 元／盒、飲料 50 元／杯。每張電影票可選一項優惠：優惠一為飲料 35 元；優惠二為爆米花一盒加飲料一杯共 90 元。某社團 16 人以 6000 元購買電影票、爆米花與飲料，確保每人各有一張票和一杯飲料後，最多還能買幾盒爆米花？","3 盒","4 盒","5 盒","6 盒","2","5 盒","","答案 C：5 盒。16 張票共 16×320＝5120 元。先讓每人使用優惠一買 35 元飲料，需 16×35＝560 元，合計 5680 元，剩 320 元。每改用優惠二（爆米花一盒＋飲料一杯90元）取代優惠一，增加 90－35＝55 元並多一盒爆米花；320÷55＝5 餘45，因此可用五次優惠二，買到5盒且不超支。若買6盒，至少需增加6×55＝330元，超過剩餘預算320元，所以最多5盒。","[""先算必要支出：電影票 16×320＝5120 元。為取得16杯飲料，先全部選優惠一，每杯35元，共 16×35＝560 元；總支出5680元，剩下320元。"",""優惠二包含一盒爆米花與一杯飲料，90元；相較優惠一的飲料35元，每多買一盒只需多付 90－35＝55 元。"",""剩餘320元最多可負擔 ⌊320÷55⌋＝5 次優惠二，尚餘45元。若要6盒，至少需6×55＝330元而超支，因此答案 C，最多5盒。""]","最值題先支付所有必需品，再比較方案的「增量成本」。注意優惠二的90元已含飲料，不能把飲料費重複計算。","[]","[]","","false","false","https://cap.rcpet.edu.tw/exam/114/114exam.html","https://drive.google.com/file/d/1c2AGC67Bq344EdGSZkO9SZhrY50hHTJx/view","","","","","","","","",""
"OFF-0979","數學","官方歷屆真題","114","20","會考總複習","歷屆會考","114年數學第20題","進階","歷屆真題","圖（十三）為五邊形紙片 ABCDE，F 在 CD 上。沿 BE、BF、FE 摺疊至同一平面後，A、C、D 重疊於 P，如圖（十四）。若 BE＞FE＞BF，依圖中角標記，判斷下列敘述何者正確？","∠3 + ∠4 = 90°，∠1 + ∠2 > ∠5 + ∠6","∠3 + ∠4 = 90°，∠1 + ∠2 < ∠5 + ∠6","∠3 + ∠4 ≠ 90°，∠1 + ∠2 > ∠5 + ∠6","∠3 + ∠4 ≠ 90°，∠1 + ∠2 < ∠5 + ∠6","0","∠3 + ∠4 = 90°，∠1 + ∠2 > ∠5 + ∠6","","答案是 A「∠3＋∠4＝90°，且∠1＋∠2＞∠5＋∠6」。沿 BF 摺疊，摺前的 ∠CFB 與摺後的 ∠PFB 都等於 ∠3；沿 FE 摺疊，摺前的 ∠DFE 與摺後的 ∠PFE 都等於 ∠4。由 C、F、D 共線，2∠3＋2∠4＝180°，所以 ∠3＋∠4＝90°。在 △BEF 中，摺線對稱給出 ∠FBE＝∠1＋∠2、∠BEF＝∠5＋∠6。又 FE＞BF，較長邊對較大角，故 ∠FBE＞∠BEF，得到 ∠1＋∠2＞∠5＋∠6。","[""沿 BF 摺疊，摺前的 ∠CFB 與摺後的 ∠PFB 相等，都是 ∠3；沿 FE 摺疊，摺前的 ∠DFE 與摺後的 ∠PFE 相等，都是 ∠4。"",""C、F、D 共線，平角由四個角組成：∠CFB、∠PFB、∠PFE、∠EFD。因此 2∠3＋2∠4＝180°，得 ∠3＋∠4＝90°。"",""在 △BEF 中，摺線 BE、BF、FE 使 ∠FBE＝∠1＋∠2、∠BEF＝∠5＋∠6。由 FE＞BF，對邊 FE 所對的 B 角大於對邊 BF 所對的 E 角，故 ∠1＋∠2＞∠5＋∠6，選 A。""]","摺疊前後對應角相等；再用三角形中較長邊對較大角，比較 BEF 三角形的 B、E 角。","[]","[""./assets/official-exams/114-math-q20-folding-diagrams.svg""]","./assets/official-exams/114-math-q20-folding-diagrams.svg","true","false","https://cap.rcpet.edu.tw/exam/114/114exam.html","https://drive.google.com/file/d/1c2AGC67Bq344EdGSZkO9SZhrY50hHTJx/view","","","","","","","","",""
"OFF-0980","數學","官方歷屆真題","114","21","會考總複習","歷屆會考","114年數學第21題","進階","歷屆真題","坐標平面上有二次函數 y＝−(x＋7)²＋12。將此圖形向右平移 10 單位，平移過程中它與 y 軸的交點也會跟著變化。設交點為 P，判斷平移過程中 P 點位置的變化情形。","持續向下","持續向上","先向下再向上","先向上再向下","3","先向上再向下","","答案是 D「先向上再向下」。將原拋物線向右平移 t（0≤t≤10）後，方程式為 y＝−(x＋7−t)²＋12。與 y 軸交點令 x＝0，得到 y＝12−(7−t)²。當 t 從 0 增至 7 時，y 上升至 12；t 從 7 增至 10 時，y 下降，因此先向上再向下。","[""令向右平移距離為 t，0≤t≤10。頂點由 x＝−7 移到 x＝t−7，所以新函數為 y＝−(x＋7−t)²＋12。"",""交 y 軸時 x＝0，因此交點縱座標 y＝12−(7−t)²。當 t 從 0 增至 7，(7−t)²逐漸變小，y 持續上升；t＝7 時最高。"",""t 從 7 增至 10 時，(7−t)²又增大，y 轉為下降，因此交點先向上再向下，選 D。""]","向右平移 t 後代 x＝0 求交點高度；觀察頂點何時經過 y 軸，函數值再由增轉減。","[]","","","false","false","https://cap.rcpet.edu.tw/exam/114/114exam.html","https://drive.google.com/file/d/1c2AGC67Bq344EdGSZkO9SZhrY50hHTJx/view","","","","","","","","",""
"OFF-0981","數學","官方歷屆真題","114","22","會考總複習","歷屆會考","114年數學第22題","進階","歷屆真題","在 △ADG 中，D、E、G 共線且 DE：EG＝3：2；E 也在 △ABC 的邊 AB 上，並且 AE：EB＝3：4。若 G 是 △ABC 的重心，△ADG 面積為 △ABC 面積的多少倍？","5/12","5/14","5/15","5/21","1","5/14","","答案是 B「5/14」。設 AB＝7，並令 B=(0,0)、A=(7,0)，則 AE:EB＝3:4 給出 E=(4,0)。令 C=(u,v)，重心 G=((7+u)/3,v/3)。因 DE:EG＝3:2 且 D、E、G 共線，E 位於 D、G 之間，故 D=E−(3/2)(G−E)=(6.5−u/2,−v/2)。用座標面積計算，[ADG]=5|v|/4，而 [ABC]=7|v|/2，比例為 (5/4)/(7/2)=5/14。","[""令 AB=7，取 B=(0,0)、A=(7,0)。由 AE:EB=3:4 得 E=(4,0)。若 C=(u,v)，重心 G=((7+u)/3,v/3)。"",""E 在 D、G 之間且 DE:EG=3:2，所以 D=E−(3/2)(G−E)=(6.5−u/2,−v/2)。"",""座標行列式得 [ADG]=5|v|/4；[ABC]=7|v|/2。相除為 5/14，選 B。""]","設 AB 為 7 份先定位 E；利用重心座標與 DE:EG=3:2 表示 D、G，再用底乘高或行列式比面積。","[]","","","false","false","https://cap.rcpet.edu.tw/exam/114/114exam.html","https://drive.google.com/file/d/1c2AGC67Bq344EdGSZkO9SZhrY50hHTJx/view","","","","","","","","",""
"OFF-0982","數學","官方歷屆真題","114","23","會考總複習","歷屆會考","114年數學第23題","進階","歷屆真題","如圖 ( 十六 )，△ABC 的三個頂點都在同一圓上。固定 A 點順時針旋轉 △ABC 得 △AB′C′，且 B′仍在原圓上。若弧 BC＝54°、弧 CA＝62°，AB 與 AC′的夾角為 x°，求 x。","27","31","32","37","3","37","","答案 D「37°」。弧 BC＝54°，所以圓周角 ∠BAC＝54°÷2＝27°。由弧 CA＝62°及弧 BC＝54°，弧 AB（經 C）為116°。因 AB＝AB′，另一側弧 AB′也為116°，故 B 到 B′所對的另一段弧為360°−116°−116°＝128°，旋轉角 ∠BAB′為其一半，即64°。三角形以 A 為中心順時針旋轉64°，因此 ∠BAC′＝64°−27°＝37°。","[""弧 BC＝54°，故圓周角 ∠BAC＝54°÷2＝27°。又弧 CA＝62°，所以經 C 的弧 AB 為54°＋62°＝116°。"",""AB＝AB′，兩弦相等，因此另一側弧 AB′也是116°。弧 BB′的另一段為360°−116°−116°＝128°，故旋轉角 ∠BAB′＝128°÷2＝64°。"",""AC 順時針旋轉64°成為 AC′，而 ∠BAC＝27°，所以 x＝∠BAC′＝64°−27°＝37°，選 D。""]","弧度先轉圓周角的一半；旋轉中心固定在 A，利用 AB=AB′ 對應等弦弧，求出旋轉角再扣原 ∠BAC。","[]","[""./assets/official-exams/114-math-p9.webp""]","./assets/official-exams/114-math-p9.webp","true","false","https://cap.rcpet.edu.tw/exam/114/114exam.html","https://drive.google.com/file/d/1c2AGC67Bq344EdGSZkO9SZhrY50hHTJx/view","","","","","","","","",""
"OFF-0983","數學","官方歷屆真題","114","24","會考總複習","歷屆會考","114年數學第24題","進階","歷屆真題","【閱讀材料】小桃買了一輛變速自行車，可依坡度切換前、後齒輪組合。前齒輪有 22、33、44 齒，後齒輪有 14、16、18、21、24、28 齒。齒輪比＝前齒輪齒數÷後齒輪齒數，表示前齒輪轉一圈時後齒輪轉幾圈；齒輪比越大，踩起來越費力。

小桃原本使用前齒輪 33 齒、後齒輪 21 齒。切換成下列哪一種組合後，踩起來最費力？","前齒輪不變，後齒輪切換為 18 齒","前齒輪不變，後齒輪切換為 24 齒","前齒輪切換為 22 齒，後齒輪不變","前齒輪切換為 44 齒，後齒輪不變","3","前齒輪切換為 44 齒，後齒輪不變","","答案是 D「前齒輪切換為 44 齒，後齒輪不變」。以踩踏一圈帶動後輪的比例比較，齒比＝前齒輪齒數÷後齒輪齒數；齒比越大越費力。四種組合依序為 33/18≈1.83、33/24＝1.375、22/21≈1.05、44/21≈2.10，其中 44/21 最大，所以選 D。","[""比較齒比＝前齒輪齒數÷後齒輪齒數；在相同後輪下，齒比越大，踩踏所需力量越大。"",""四個齒比依序為 33/18≈1.83、33/24＝1.375、22/21≈1.05、44/21≈2.10。"",""最大值是 44/21，因此前齒輪換成 44 齒最費力，選 D。""]","齒輪比是前齒數除後齒數；四個候選逐一計算同一方向的比值後再比較大小。","[]","[]","","false","false","https://cap.rcpet.edu.tw/exam/114/114exam.html","https://drive.google.com/file/d/1c2AGC67Bq344EdGSZkO9SZhrY50hHTJx/view","","","","","","","","",""
"OFF-0984","數學","官方歷屆真題","114","25","會考總複習","歷屆會考","114年數學第25題","進階","歷屆真題","這輛 18 段變速自行車的前齒輪有 22、33、44 齒，後齒輪有 14、16、18、21、24、28 齒；齒輪比＝前齒輪齒數÷後齒輪齒數。不同組合可能有相同齒輪比，因此 18 種組合實際只有 14 種不同齒輪比。下列哪個齒輪比有最多種組合？","11/6","11/7","11/8","11/9","1","11/7","","答案是 B「11/7」。逐一配對前齒輪 22、33、44 與後齒輪 14、16、18、21、24、28。齒比 11/6 可由 33/18、44/24 得到，共 2 組；11/7 可由 22/14、33/21、44/28 得到，共 3 組；11/8 可由 22/16、33/24 得到，共 2 組；11/9 只有 22/18，共 1 組。因此 11/7 組合最多。","[""可用前齒輪÷後齒輪列舉。11/6：33/18、44/24，共2組；11/7：22/14、33/21、44/28，共3組。"",""11/8：22/16、33/24，共2組；11/9：22/18，共1組。"",""最多的是 11/7，共3組，選 B。""]","約分成最簡齒輪比並列出實際齒數配對；分子分母同乘相同整數才是不同齒輪組合。","[]","[]","","false","false","https://cap.rcpet.edu.tw/exam/114/114exam.html","https://drive.google.com/file/d/1c2AGC67Bq344EdGSZkO9SZhrY50hHTJx/view","","","","","","","","",""
"SIM-0005","數學","依114年官方真題能力指標原創","","","會考總複習","指數律","同底數乘除","進階","會考類題","計算 5⁷ × 5⁴ ÷ 5³，結果為何？","5⁴","5⁸","5¹⁰","5¹⁴","1","5⁸","","依題目所給條件計算或判斷，結果對應 B「5⁸」。","[""整理題目已知條件與所求：「計算 5⁷ × 5⁴ ÷ 5³，結果為何？」。"",""依題目條件選用適當公式、幾何關係或代數運算；計算結果對應 B「5⁸」。"",""將 B「5⁸」代回題目條件，核對正負號、單位、範圍及圖表資訊後確定答案。""]","除法要減去分母的指數，最常見錯誤是仍然相加。","[]","[]","","false","false","https://cap.rcpet.edu.tw/exam/114/114exam.html","","","","","","","","","",""
"SIM-0006","數學","依114年官方真題能力指標原創","","","會考總複習","代數運算","多項式化簡","進階","會考類題","化簡 (3y²＋5y)－(2－4y)，結果為何？","3y²＋y－2","3y²＋9y－2","3y²＋9y＋2","3y²＋y＋2","1","3y²＋9y－2","","依題目所給條件計算或判斷，結果對應 B「3y²＋9y－2」。","[""整理題目已知條件與所求：「化簡 (3y²＋5y)－(2－4y)，結果為何？」。"",""依題目條件選用適當公式、幾何關係或代數運算；計算結果對應 B「3y²＋9y－2」。"",""將 B「3y²＋9y－2」代回題目條件，核對正負號、單位、範圍及圖表資訊後確定答案。""]","先去括號，再只合併次數相同的同類項。","[]","[]","","false","false","https://cap.rcpet.edu.tw/exam/114/114exam.html","","","","","","","","","",""
"OFF-MATH-110-Q01-MC","數學","官方歷屆真題","110","1","會考總複習","歷屆會考","110年數學選擇第1題","基礎","歷屆真題","圖（一）的坐標平面上有 A、B、C、D 四點。根據圖（一）中各點位置判斷，哪一個點在第二象限？","A","B","C","D","0","A","","答案是 A。第二象限的點座標為（負數，正數），也就是在 y 軸左方且在 x 軸上方。圖中 A 位於這個區域。","[""先在坐標圖上找到原點，並辨認 x 軸與 y 軸。"",""第二象限位於 y 軸左側、x 軸上方，點的 x 坐標為負、y 坐標為正。"",""圖中 A 位於第二象限，因此選 A。""]","象限依逆時針方向由右上開始：第一（＋，＋）、第二（－，＋）、第三（－，－）、第四（＋，－）。","[]","[""./assets/official-exams/110-math-q1-figure.png""]","./assets/official-exams/110-math-q1-figure.png","true","false","https://cap.rcpet.edu.tw/exam/110/110exam.html","https://drive.google.com/file/d/1sKc4iLzr8WlbbxMA83Y0NNryYv9rqHiG/view","","","","","","","","",""
"OFF-MATH-110-Q02-MC","數學","官方歷屆真題","110","2","會考總複習","歷屆會考","110年數學選擇第2題","基礎","歷屆真題","算式（−8）＋（−2）×（−3）之值為何？","−14","−2","18","30","1","−2","","答案是 B（−2）。乘除先於加減；（−2）×（−3）＝6，再算 −8＋6＝−2。","[""先算乘法，負數乘負數為正數：（−2）×（−3）＝6。"",""原式變成 −8＋6。"",""−8＋6＝−2，選 B。""]","混合四則先乘除後加減；負負得正，計算前可先標出運算順序。","[]","[]","","false","false","https://cap.rcpet.edu.tw/exam/110/110exam.html","https://drive.google.com/file/d/1sKc4iLzr8WlbbxMA83Y0NNryYv9rqHiG/view","","","","","","","","",""
"OFF-MATH-111-Q01-MC","數學","官方歷屆真題","111","1","會考總複習","歷屆會考","111年數學選擇第1題","基礎","歷屆真題","圖（一）數線上的 A、B、C、D 四點所表示的數分別為 a、b、c、d，且 O 為原點。根據圖中各點位置判斷，下列何者的值最小？","|a|","|b|","|c|","|d|","0","|a|","","答案是 A（|a|）。絕對值表示數線上的點到原點的距離。由圖可見 A 最靠近 O，因此 |a| 最小。","[""把每個數的絕對值想成該點到原點 O 的距離。"",""在數線圖上比較 A、B、C、D 與 O 的水平距離。"",""A 距離 O 最近，所以 |a| 最小，選 A。""]","數線上比較絕對值，只比較到原點的距離；正負號不決定距離大小。","[]","[""./assets/official-exams/111-math-q1-figure.png""]","./assets/official-exams/111-math-q1-figure.png","true","false","https://cap.rcpet.edu.tw/exam/111/111exam.html","https://drive.google.com/file/d/1IyJBtIjySeyVAisE1YiCclYsSldQpHBf/view","","","","","","","","",""
"OFF-MATH-111-Q02-MC","數學","官方歷屆真題","111","2","會考總複習","歷屆會考","111年數學選擇第2題","基礎","歷屆真題","計算多項式 6x²＋4x 除以 2x² 後，得到的餘式為何？","2","4","2x","4x","3","4x","","答案是 D（4x）。以 6x²＋4x 除以 2x²，商為 3；被除式減去 3×2x² 後，餘式為 4x。","[""用首項相除：6x²÷2x²＝3，因此商為 3。"",""計算 6x²＋4x−3(2x²)。"",""同類項相消後剩下 4x，選 D。""]","多項式除法先用最高次項相除，再以被除式減去「除式×商」；餘式次數須低於除式。","[]","[]","","false","false","https://cap.rcpet.edu.tw/exam/111/111exam.html","https://drive.google.com/file/d/1IyJBtIjySeyVAisE1YiCclYsSldQpHBf/view","","","","","","","","",""
"OFF-MATH-112-Q01-MC","數學","官方歷屆真題","112","1","會考總複習","歷屆會考","112年數學選擇第1題","基礎","歷屆真題","（−3）³ 之值為何？","−27","−9","9","27","0","−27","","答案是 A（−27）。奇數次方保留負號，且 3³＝3×3×3＝27，所以（−3）³＝−27。","[""把三次方展開為（−3）×（−3）×（−3）。"",""前兩個負數相乘為 9，再乘以 −3 得 −27。"",""因此選 A。""]","負數的奇數次方為負，偶數次方為正；括號決定負號是否一起乘方。","[]","","","false","false","https://cap.rcpet.edu.tw/exam/112/112exam.html","https://drive.google.com/file/d/1SXbjT6B_F8eQh2GZEvB6KmgR0k2lDK8A/view","","","","","","","","",""
"OFF-MATH-112-Q02-MC","數學","官方歷屆真題","112","2","會考總複習","歷屆會考","112年數學選擇第2題","基礎","歷屆真題","下列何者為多項式 x²−36 的因式？","x−3","x−4","x−6","x−9","2","x−6","","答案是 C（x−6）。x²−36 是平方差，可分解為（x−6）（x＋6），所以 x−6 是因式。","[""辨認 x²−36＝x²−6²，是平方差形式。"",""套用 a²−b²＝（a−b）（a＋b），得（x−6）（x＋6）。"",""因此 x−6 為因式，選 C。""]","平方差須是兩個完全平方相減；分解後是一正一負的兩個一次因式。","[]","","","false","false","https://cap.rcpet.edu.tw/exam/112/112exam.html","https://drive.google.com/file/d/1SXbjT6B_F8eQh2GZEvB6KmgR0k2lDK8A/view","","","","","","","","",""
"OFF-MATH-113-Q01-MC","數學","官方歷屆真題","113","1","會考總複習","歷屆會考","113年數學選擇第1題","基礎","歷屆真題","算式 3/7−（−1/4）之值為何？","19/28","5/28","4/11","2/3","0","19/28","","答案是 A（19/28）。減去負數等於加上正數，3/7−（−1/4）＝3/7＋1/4＝12/28＋7/28＝19/28。","[""先處理負號：減去 −1/4 等於加上 1/4。"",""通分至分母 28：3/7＝12/28，1/4＝7/28。"",""相加得 19/28，選 A。""]","分數加減先確認正負號，再找最小公倍數通分；最後檢查是否可約分。","[]","","","false","false","https://cap.rcpet.edu.tw/exam/113/113exam.html","https://drive.google.com/file/d/1MXfrOI_4KyxF6A-2NNd_J_eIuo3Epa46/view","","","","","","","","",""
"OFF-MATH-113-Q02-MC","數學","官方歷屆真題","113","2","會考總複習","歷屆會考","113年數學選擇第2題","基礎","歷屆真題","圖（一）為一個直三角柱的展開圖，其中三個面積標示為甲、乙、丙。將此展開圖摺成直三角柱後，判斷下列敘述何者正確？","甲與乙平行，甲與丙垂直","甲與乙平行，甲與丙平行","甲與乙垂直，甲與丙垂直","甲與乙垂直，甲與丙平行","0","甲與乙平行，甲與丙垂直","","答案是 A。直三角柱的兩個全等底面互相平行，圖中甲、乙是兩個三角形底面；側面丙垂直於底面，所以甲與乙平行，甲與丙垂直。","[""展開圖中兩個全等三角形摺起後成為直三角柱的兩個底面，分別標為甲、乙。"",""柱體的兩個底面互相平行，因此甲∥乙。"",""直三角柱的側面與底面垂直；丙為側面，故甲⊥丙，選 A。""]","直柱的兩個底面互相平行；每個側面都垂直於底面。先從展開圖辨認面種類再判斷。","[]","[""./assets/official-exams/113-math-q2-figure.png""]","./assets/official-exams/113-math-q2-figure.png","true","false","https://cap.rcpet.edu.tw/exam/113/113exam.html","https://drive.google.com/file/d/1MXfrOI_4KyxF6A-2NNd_J_eIuo3Epa46/view","","","","","","","","",""
"OFF-MATH-114-Q01-MC","數學","官方歷屆真題","114","1","會考總複習","歷屆會考","114年數學選擇第1題","基礎","歷屆真題","算式 7¹⁰×7²÷7⁴ 之值可用下列何者表示？","7³","7⁵","7⁸","7¹⁶","2","7⁸","","答案是 C（7⁸）。同底數相乘指數相加，相除指數相減：7¹⁰×7²÷7⁴＝7^(10＋2−4)＝7⁸。","[""同底數相乘，指數相加：10＋2。"",""再除以同底數，指數相減：10＋2−4＝8。"",""結果為 7⁸，選 C。""]","同底數乘法指數相加、除法指數相減；括號或運算順序要先看清楚。","[]","","","false","false","https://cap.rcpet.edu.tw/exam/114/114exam.html","https://drive.google.com/file/d/1c2AGC67Bq344EdGSZkO9SZhrY50hHTJx/view","","","","","","","","",""
"OFF-MATH-114-Q02-MC","數學","官方歷屆真題","114","2","會考總複習","歷屆會考","114年數學選擇第2題","基礎","歷屆真題","計算（5x²−2x）−（4−3x）的結果，與下列何者相同？","5x²−3x","5x²＋x−4","5x²−5x＋4","5x²−5x−4","1","5x²＋x−4","","答案是 B（5x²＋x−4）。減去括號時括號內每一項都要變號：（5x²−2x）−（4−3x）＝5x²−2x−4＋3x＝5x²＋x−4。","[""第二個括號前是減號，去括號時 4 變成 −4，−3x 變成 ＋3x。"",""合併 x 項：−2x＋3x＝x。"",""結果為 5x²＋x−4，選 B。""]","括號前的負號要分配到括號內每一項，特別留意負項變正。","[]","","","false","false","https://cap.rcpet.edu.tw/exam/114/114exam.html","https://drive.google.com/file/d/1c2AGC67Bq344EdGSZkO9SZhrY50hHTJx/view","","","","","","","","",""
