"id","subject","sourceType","year","questionNumber","gradeSemester","unit","knowledgePoint","difficulty","type","question","optionA","optionB","optionC","optionD","answerIndex","answerText","responseParts","explanation","solutionSteps","teacherTip","relatedWords","questionImages","questionImage","requiresImage","requiresContext","sourceUrl","paperUrl","teacherVerdict","answerCorrect","materialsComplete","reasoningClear","duplicateOrTemplate","issueNotes","reviewerName","reviewerQualification","reviewedAt"
"SOC-0001","社會","原創會考程度練習","","","七年級上","臺灣史","史前文化與生活方式","中等","單題選擇","考古隊在臺灣東部海岸發現一處新石器時代遺址，出土大量磨製石斧、陶器，以及以稻米和漁獵為生的證據。下列推論何者最合理？","居民已普遍使用鐵器耕作","居民主要依靠採集且尚未製作陶器","居民已能製陶並發展定居農業","遺址可證明當時已出現文字政府","2","居民已能製陶並發展定居農業","","先由磨製石器與陶器判斷技術已進入新石器時代，再由稻作遺留推知農業與較穩定的聚落生活。正解為 C「居民已能製陶並發展定居農業」。A 的鐵器不符合時代線索；D 則不能由這些出土物證明。教師提醒：考古證據支持的是可觀察的生活方式，不宜延伸成缺乏證據的文字或政權結論。","[""磨製石斧和陶器是新石器時代常見的技術與器物線索。"",""稻米遺留顯示居民從事農業，農耕通常支持較穩定的聚落生活。"",""因此選 C「居民已能製陶並發展定居農業」；鐵器、文字政府均非題幹證據。""]","引導學生把器物證據與生活推論逐項連結，避免把不同時代的技術混在一起。","[]","","","","","","","","","","","","","","",""
"SOC-0002","社會","原創會考程度練習","","","七年級下","臺灣史","荷西時期的經濟活動","中等","單題選擇","十七世紀的商人記錄提到，臺灣出口鹿皮、蔗糖，並從中國輸入日用品；荷蘭東印度公司也在島上徵稅並經營貿易。這反映當時臺灣何種特徵？","已成為完全自給自足、隔絕海外的農業社會","清廷已全面實施海禁並直接管理全島","日本幕府已在臺灣設置全島行政機關","臺灣已成為東亞海上貿易網絡的一環","3","臺灣已成為東亞海上貿易網絡的一環","","出口鹿皮與蔗糖、輸入中國商品，顯示臺灣有跨海商品流動；公司徵稅及經營貿易，也顯示外來政權介入經濟。正解為 D「臺灣已成為東亞海上貿易網絡的一環」。其餘選項所述的隔絕、清廷全面統治或日本全島行政機關，均與題幹時代或證據不符。教師提醒：商品往來可以呈現區域連結，但不能直接推成全島政治控制已穩定。","[""鹿皮、蔗糖出口及中國商品輸入，呈現跨海貿易而非自給自足。"",""荷蘭東印度公司徵稅並經營貿易，指出當時存在外來公司政權的經濟活動。"",""故選 D「臺灣已成為東亞海上貿易網絡的一環」；清廷全面治理等說法不合十七世紀背景。""]","區分經濟網絡與政治統治範圍；貿易繁盛本身不能證明政權已控制每個地區。","[]","","","","","","","","","","","","","","",""
"SOC-0003","社會","原創會考程度練習","","","八年級上","臺灣史","鄭氏政權與清初治理","中等","單題選擇","鄭氏政權在臺灣推行屯田，軍隊在駐地附近開墾，並招募移民耕作。此措施最直接的目的為何？","推動全臺工業化以取代農業","立即建立以議會為核心的代議制度","將所有土地交由清朝官府管理","增加糧食供應並維持軍政運作","3","增加糧食供應並維持軍政運作","","屯田讓軍隊或移民就地生產糧食，可降低遠距運補的負擔並供應政權所需。正解為 D「增加糧食供應並維持軍政運作」。工業化、清朝官府接管及代議制度都不是此政策的直接目的。教師提醒：說明政策目的時，先連結措施本身的作用，再避免套用後世制度。","[""題幹指出軍隊在駐地附近開墾，核心措施是就地農業生產。"",""就地生產可供應軍民糧食，減少從外地長途運送的需求。"",""故選 D「增加糧食供應並維持軍政運作」；其他選項與屯田的直接功能無關。""]","以政策的直接功能作答，區別短期軍糧需求與長期社會變遷。","[]","","","","","","","","","","","","","","",""
"SOC-0004","社會","原創會考程度練習","","","八年級下","臺灣史","清代開港與對外貿易","中等","單題選擇","清末臺灣開港後，外國商船往來增加，茶與樟腦成為重要出口商品，港口周邊商業也隨之發展。哪一項最能說明這些變化？","出口增加代表所有居民收入必然相同幅度上升","臺灣的港口貿易與國際市場連結加深","清代臺灣已全面以機械工業取代農業","臺灣貿易完全停止，地方經濟轉為封閉","1","臺灣的港口貿易與國際市場連結加深","","外國船舶增加、茶與樟腦出口，直接顯示臺灣商品更深地進入國際市場，港口商業也受帶動。正解為 B「臺灣的港口貿易與國際市場連結加深」。出口成長不等於工業化完成，也不能推論每個人的收入都等幅增加。教師提醒：經濟總量或貿易成長不代表利益平均分配。","[""外國商船往來增加，表示港口與海外航線互動增強。"",""茶、樟腦出口連結外國需求與本地生產，說明國際市場影響加深。"",""故選 B；題幹沒有支持全面機械工業化或所得平均增加的證據。""]","閱讀經濟史材料時，將市場連結、產業型態及所得分配視為不同問題。","[]","","","","","","","","","","","","","","",""
"SOC-0005","社會","原創會考程度練習","","","九年級上","臺灣史","日本統治時期的基礎建設","中等","單題選擇","日治時期興建縱貫鐵路並擴建港口後，稻米、糖等農產品較容易運往港口出口。根據這項變化，下列推論何者最周延？","交通建設只為觀光，與殖民經濟沒有關係","鐵路建成即可證明臺灣已取得政治自主","臺灣所有農民都因此取得相同利益","交通改善有助商品運輸，也服務殖民政府的經濟需求","3","交通改善有助商品運輸，也服務殖民政府的經濟需求","","鐵路與港口降低農產品運輸成本，有利商品集中出口；殖民政府也可藉此更有效管理資源與經濟。正解為 D「交通改善有助商品運輸，也服務殖民政府的經濟需求」。建設的存在不代表受益平均，更不代表政治自主。教師提醒：殖民地建設可能帶來實際交通效益，同時服務統治與資源輸出，應從多重目的分析。","[""鐵路連接產地與港口，使農產品更容易運往出口地點。"",""商品運輸改善符合殖民地經濟管理及輸出需求，也可能便利地方交通。"",""因此選 D；不能由基礎建設推論利益均分或政治自主。""]","引導學生同時辨認建設的實際效果與殖民統治目的，避免單一正負評價。","[]","","","","","","","","","","","","","","",""
"SOC-0006","社會","原創會考程度練習","","","九年級下","臺灣史","戰後政治民主化","進階","單題選擇","某地居民回憶：解嚴後報紙與政黨選擇增加，民眾可公開集會；其後國會全面改選，總統也由人民直接選舉。這段敘述最適合用來說明何種發展？","臺灣在解嚴當日即完成所有民主制度改革","臺灣民主化透過政治自由擴大與選舉制度改革逐步推進","總統直選代表行政、立法、司法權合併","國會改選使地方政府不再需要選舉","1","臺灣民主化透過政治自由擴大與選舉制度改革逐步推進","","解嚴擴大政治與社會自由，國會全面改選和總統直選則是後續選舉制度改革，呈現逐步民主化。正解為 B「臺灣民主化透過政治自由擴大與選舉制度改革逐步推進」。材料明確指出改革發生在不同階段，不能說解嚴當日就完成全部改革。教師提醒：民主化是包含自由化與制度改革的歷程，應依時間先後閱讀。","[""解嚴後集會、結社與媒體空間擴大，屬於政治自由化的發展。"",""國會全面改選及總統直選是其後的選舉制度改革。"",""故選 B；材料顯示民主化逐步推進，沒有指出權力合併或地方選舉終止。""]","把自由化與選舉制度改革放在時間軸上，避免把解嚴視為民主化的單一終點。","[]","","","","","","","","","","","","","","",""
"SOC-0007","社會","原創會考程度練習","","","七年級上","世界史","古代文明與地理環境","中等","單題選擇","尼羅河每年定期氾濫，留下肥沃土壤；古埃及居民依據水位安排播種與灌溉。這項環境條件最可能促進何種發展？","居民完全不需合作即可完成大型水利工程","尼羅河氾濫直接造成近代工業革命","沙漠使埃及與任何外界交流都不可能","農業剩餘支持人口集中與較複雜的政治組織","3","農業剩餘支持人口集中與較複雜的政治組織","","穩定水源和肥沃土壤有助農業生產；農業剩餘可供養非農業人口，也增加水利管理與組織合作的需求。正解為 D「農業剩餘支持人口集中與較複雜的政治組織」。自然環境提供條件，不會單獨決定歷史發展，也與近代工業革命沒有直接因果。教師提醒：環境是重要條件，但解釋文明發展仍需考慮人群組織與技術。","[""河水氾濫帶來水分與肥沃土壤，提升農業生產的可能性。"",""農業剩餘可支持城市人口，灌溉及水位管理也需要共同協調。"",""因此選 D；地理條件有助文明發展，但不會直接造成工業革命。""]","建立「環境條件—生產能力—組織需求」的因果鏈，避免地理決定論。","[]","","","","","","","","","","","","","","",""
"SOC-0008","社會","原創會考程度練習","","","七年級下","世界史","希臘城邦與民主政治","中等","單題選擇","古雅典公民可到集會中討論並表決公共事務，但婦女、奴隸及外邦居民通常不具公民資格。這項制度最適合如何描述？","所有居住者均享有平等參政權的普選民主","具有公民直接參與特色，但參與範圍受身分限制","以近代政黨比例代表制選出國會","由世襲國王獨自決定全部公共政策","1","具有公民直接參與特色，但參與範圍受身分限制","","公民直接在集會表決，具有直接民主特色；然而公民資格排除了多數居民，因此參與並非普遍平等。正解為 B「具有公民直接參與特色，但參與範圍受身分限制」。近代普選、政黨比例代表制均不適用於古雅典。教師提醒：比較古今民主時，分開看決策方式與參與資格。","[""公民親自集會表決，顯示直接參與公共決策。"",""婦女、奴隸及外邦居民被排除，表示政治參與有身分界線。"",""故選 B；這不是現代普選，也不是由世襲國王統治。""]","比較民主制度時，同時檢視誰能參與、如何作成決定兩個面向。","[]","","","","","","","","","","","","","","",""
"SOC-0009","社會","原創會考程度練習","","","八年級上","世界史","文藝復興的人文主義","中等","單題選擇","一位文藝復興時期的畫家細緻描繪人物表情、人體比例與自然景物，並研究透視法。這些創作最能反映何種觀念轉變？","藝術表現仍以抽象象徵為主，無須觀察人物與自然","人文主義使歐洲社會立即全面放棄宗教信仰","透視法的運用顯示工業機械已普及藝術生產","人文主義重視人的經驗、能力與現世生活","3","人文主義重視人的經驗、能力與現世生活","","對人物、人體與自然的細緻觀察，呼應文藝復興人文主義對人的能力、經驗及現世生活的重視。正解為 D「人文主義重視人的經驗、能力與現世生活」。這不表示宗教信仰消失，也不能把後來的工業資本主義或宗教改革結果提前到文藝復興藝術中。教師提醒：人文主義並非必然反宗教，而是擴展對人的關注。","[""人物表情和比例顯示創作者重視具體的人及其身體經驗。"",""透視法與自然景物呈現對觀察、理性及現世世界的興趣。"",""因此選 D；不能據此推論宗教信仰消失或工業資本主義已普及。""]","將作品形式與時代思想連結，但避免把人文主義簡化為反宗教。","[]","","","","","","","","","","","","","","",""
"SOC-0010","社會","原創會考程度練習","","","八年級下","世界史","工業革命與城市化","中等","單題選擇","十八、十九世紀英國工廠集中在城市，農村人口大量移入，工人長時間在工廠工作。下列哪項最能說明工業革命對人口與聚落的影響？","城市化減緩，因工廠工作促使人口回流農村","工廠制度使城市化加快，也帶來勞動條件問題","城市人口比例上升完全是出生率變化所致，與遷移無關","工業生產增加使工人長工時與職場風險立即消失","1","工廠制度使城市化加快，也帶來勞動條件問題","","工廠工作吸引農村人口移入城市，造成城市化；長工時等描述則顯示工業化初期的勞動問題。正解為 B「工廠制度使城市化加快，也帶來勞動條件問題」。城市化不代表農業消失，也未立即消除階級差異。教師提醒：科技與生產方式改變會帶來新機會，也可能伴隨社會成本。","[""工廠集中提供城市工作機會，促使農村人口移入。"",""人口聚集使城市化加快，而長工時反映工人面臨的工作條件問題。"",""故選 B；工業化沒有使農業消失，也沒有立即消除階級差異。""]","從人口移動和工作條件兩項線索，分別辨認城市化與勞工問題。","[]","","","","","","","","","","","","","","",""
"SOC-0011","社會","原創會考程度練習","","","九年級上","世界史","世界大戰與國際組織","進階","單題選擇","第一次世界大戰後成立國際聯盟，二戰後則成立聯合國，並設置安全理事會處理國際和平與安全。這段制度變遷最能反映何種嘗試？","以國際組織取代各國政府及主權","讓所有國家採行完全相同的政治制度","保證此後世界不再發生任何戰爭","以國際合作機制降低衝突、維護和平","3","以國際合作機制降低衝突、維護和平","","兩次世界大戰後建立國際組織，目的之一是提供協商與集體安全機制，降低衝突風險。正解為 D「以國際合作機制降低衝突、維護和平」。組織不能取代各國政府，也無法保證戰爭絕不再發生或統一各國制度。教師提醒：國際組織的成立目的與實際成效應分開評估。","[""國際聯盟與聯合國均在世界大戰後成立，背景是尋求更穩定的國際秩序。"",""協商與集體安全是國際合作的制度工具，目標在降低衝突。"",""故選 D；組織並未消除國家主權，也不能保證永無戰爭。""]","區分制度目標和制度能否完全達成目標，避免把國際組織理想化。","[]","","","","","","","","","","","","","","",""
"SOC-0012","社會","原創會考程度練習","","","九年級下","世界史","冷戰與兩極對峙","進階","單題選擇","冷戰期間，美國與蘇聯各自組成軍事同盟、支援不同陣營，並競逐太空科技；兩國卻避免直接爆發全面戰爭。這種局勢稱為何者？","兩極對峙下的冷戰","封建分封制度","歐洲宗教改革","殖民地獨立運動","0","兩極對峙下的冷戰","","美蘇分別領導陣營，透過軍事同盟、代理競爭及科技競賽對抗，同時避免直接全面開戰，符合冷戰與兩極對峙的特徵。正解為 A「兩極對峙下的冷戰」。其他選項所指的是不同時代或不同性質的歷史現象。教師提醒：冷戰不是沒有衝突，而是美蘇避免直接全面交戰，競爭仍透過多種方式進行。","[""美國與蘇聯分別形成陣營，呈現國際力量集中於兩大中心。"",""軍事同盟與太空競賽顯示競爭激烈，但題幹指出未直接全面開戰。"",""因此選 A「兩極對峙下的冷戰」；其餘選項不符合描述的國際局勢。""]","冷戰包含代理戰爭與競賽；不要將「冷」誤解成完全沒有武裝衝突。","[]","","","","","","","","","","","","","","",""
"SOC-0013","社會","原創會考程度練習","","","七年級上","地理","地圖比例尺","中等","單題選擇","一張地圖的比例尺為 1：50,000，圖上甲乙兩地相距 4 公分。兩地實際直線距離約為多少？","20 公里","2 公里","200 公里","200 公尺","1","2 公里","","比例尺 1：50,000 表示圖上 1 公分代表實地 50,000 公分，也就是 500 公尺。圖上 4 公分代表 2,000 公尺，即 2 公里。正解為 B「2 公里」。教師提醒：換算時先統一單位，再乘上圖上距離，最後換成適合的實地單位。","[""圖上 1 公分代表實地 50,000 公分。"",""50,000 公分＝500 公尺；4 公分代表 4×500＝2,000 公尺。"",""2,000 公尺＝2 公里，所以選 B「2 公里」。""]","可先將比例尺化成「每公分代表幾公尺」，降低連續單位換算出錯機率。","[]","","","","","","","","","","","","","","",""
"SOC-0014","社會","原創會考程度練習","","","七年級下","地理","季風與臺灣降雨","中等","單題選擇","臺灣北部冬季常受東北季風影響而陰雨綿綿，西南部同一季節則較常晴朗乾燥。造成這種差異的主要原因為何？","中央山脈使西南部成為迎風側，冬季降雨增加","西南部因距海較遠，全年都不受季風影響","中央山脈阻擋東北季風水氣，使迎風側較易降雨","東北季風越過山脈後在背風側形成地形雨","2","中央山脈阻擋東北季風水氣，使迎風側較易降雨","","冬季東北季風帶來水氣，北部與東北部位於迎風側，地形抬升使降雨較多；中央山脈背風側的西南部相對乾燥。正解為 C「中央山脈阻擋東北季風水氣，使迎風側較易降雨」。山脈不會使越過後的氣流水氣增加，季節日照也不足以解釋迎風與背風差異。教師提醒：判讀臺灣季節雨區時，同時看風向、海洋水氣與地形位置。","[""冬季盛行東北季風，氣流從東北方向帶來水氣。"",""北部位於迎風側，水氣受地形抬升形成降雨；西南部位於背風側。"",""因此選 C「中央山脈阻擋東北季風水氣，使迎風側較易降雨」。""]","配合風向箭頭標出迎風坡與背風坡，再解釋兩地降雨差異。","[]","","","","","","","","","","","","","","",""
"SOC-0015","社會","原創會考程度練習","","","八年級上","地理","人口金字塔判讀","中等","單題選擇","某地人口金字塔底部逐年變窄、頂部逐漸變寬，且老年人口比例上升。最合理的判讀為何？","底部變窄表示出生人口增加，人口結構趨於年輕","頂部變寬表示老年人口比率下降","人口金字塔形狀足以證明人口遷移完全不存在","出生率偏低且人口老化加深","3","出生率偏低且人口老化加深","","金字塔底部代表年幼人口，底部變窄表示出生人口相對減少；頂部變寬及老年比例上升，代表高齡人口比重增加。正解為 D「出生率偏低且人口老化加深」。單靠金字塔形狀無法判定人口遷移完全不存在。教師提醒：圖表能支持人口結構判讀，但不可推斷資料未呈現的遷移原因。","[""人口金字塔底部變窄，表示兒童人口占比下降，常與低出生率相關。"",""頂部變寬且老年人口比例上升，表示人口高齡化加深。"",""故選 D；圖形本身不能證明人口遷移完全不存在。""]","先辨認圖表各年齡區段，再將結構變化與出生率、高齡化連結。","[]","","","","","","","","","","","","","","",""
"SOC-0016","社會","原創會考程度練習","","","八年級下","地理","板塊運動與地形災害","中等","單題選擇","臺灣位於歐亞板塊與菲律賓海板塊交界附近，地震活動頻繁，中央山脈地勢也高聳。下列解釋何者最適當？","板塊聚合與碰撞抬升地形，並伴隨地震風險","山脈高度完全由河流堆積形成","地震頻繁代表臺灣位於板塊中央","板塊交界處地殼穩定，因此不會發生地震","0","板塊聚合與碰撞抬升地形，並伴隨地震風險","","臺灣位於板塊交界附近，板塊聚合與碰撞造成地殼變形、山脈抬升，也使地震活動頻繁。正解為 A「板塊聚合與碰撞抬升地形，並伴隨地震風險」。交界並非穩定區；河流堆積也不能單獨解釋高聳山脈。教師提醒：板塊作用可同時解釋造山與地震，但不表示每次地震都會造成相同程度災害。","[""題幹指出臺灣位於兩板塊交界附近，需考慮板塊相對運動。"",""板塊聚合碰撞使地殼受擠壓抬升，形成山地並累積地震活動。"",""因此選 A；板塊中央較穩定的說法與題幹條件相反。""]","把板塊位置、地殼變形和地震風險串成因果關係，並提醒風險不等同災害必然發生。","[]","","","","","","","","","","","","","","",""
"SOC-0017","社會","原創會考程度練習","","","九年級上","地理","都市熱島與土地利用","進階","單題選擇","氣象站比較同一城市中心與郊區的夜間溫度，發現市中心較高；市中心同時有較多水泥建築、道路和較少綠地。哪項解釋最合理？","郊區地勢較低，因此一定比市中心冷","都市材料白天吸熱、夜間釋熱，加上綠地較少，形成熱島效應","熱島效應表示都市降雨量必定高於郊區","城市人口多會使夜間太陽輻射增加","1","都市材料白天吸熱、夜間釋熱，加上綠地較少，形成熱島效應","","水泥與柏油白天吸收熱量、夜間緩慢釋放；綠地少也降低遮蔭與蒸散降溫，因此市中心夜間較暖，符合都市熱島效應。正解為 B「都市材料白天吸熱、夜間釋熱，加上綠地較少，形成熱島效應」。夜間沒有太陽輻射，且熱島效應不代表都市降雨必定較多。教師提醒：比較都市與郊區時要控制觀測時間與其他條件，避免把相關性直接說成唯一原因。","[""觀測顯示夜間市中心比郊區暖，呈現都市熱島的溫度差異。"",""建築與道路蓄熱後於夜間釋熱，綠地減少又降低遮蔭及蒸散降溫。"",""故選 B；夜間太陽輻射及必然降雨增加均非合理解釋。""]","用地表材料、綠地與蒸散三個機制解釋熱島，並區分觀察結果和單一因果。","[]","","","","","","","","","","","","","","",""
"SOC-0018","社會","原創會考程度練習","","","九年級下","地理","人口移動與推拉因素","進階","單題選擇","某山村青年因工作機會有限而移往都會區；幾年後，部分居民又因都市房價高、通勤時間長而搬到近郊。下列分析何者最合理？","兩次移動都只由氣候因素造成","人口移動只能由政府強制遷徙造成","第一次受山村工作不足推離與都市職缺吸引，第二次受房價等居住成本推離都市","移往近郊表示居民已完全脫離都市經濟","2","第一次受山村工作不足推離與都市職缺吸引，第二次受房價等居住成本推離都市","","山村工作機會不足是促使青年離開的推力，都會職缺是吸引因素；後來高房價與通勤負擔則促使部分居民移往近郊。正解為 C「第一次受山村工作不足推離與都市職缺吸引，第二次受房價等居住成本推離都市」。近郊居民仍可能在都市工作，不能推論已脫離都市經濟。教師提醒：推拉因素可同時作用，並應依題幹分清移入地吸引與原居地推力。","[""山村工作機會有限，形成離開原居地的推力；都會職缺則是吸引青年前往的拉力。"",""高房價與通勤負擔增加，形成離開市中心的推力，近郊居住仍可連結都市工作。"",""故選 C「第一次受山村工作不足推離與都市職缺吸引，第二次受房價等居住成本推離都市」；不是氣候或強制遷徙造成。""]","分析遷移時分別標出原居地推力與目的地拉力，並確認遷移後的工作生活連結。","[]","","","","","","","","","","","","","","",""
"SOC-0019","社會","原創會考程度練習","","","七年級上","公民","權力分立與制衡","中等","單題選擇","某國行政部門提出法案，立法機關審議修正後通過；若行政部門認為窒礙難行，可依法提出覆議。這種制度設計主要在實踐什麼？","司法機關直接制定年度預算","取消立法機關對政策的監督","讓行政部門可不經法律程序任意執法","權力分立與相互制衡","3","權力分立與相互制衡","","行政部門提出政策、立法機關審議，行政部門再依法律程序提出覆議，顯示不同權力機關各有職權並相互制衡。正解為 D「權力分立與相互制衡」。覆議不是取消立法審議，更不代表行政部門可任意執法。教師提醒：制衡是依憲法或法律程序互相限制，不等於機關彼此完全不能合作。","[""行政部門提出法案，立法機關依法審議，顯示職權有所區分。"",""行政部門可依程序覆議，形成機關間的制度性制衡。"",""因此選 D；覆議不會取消立法權，也不能取代法律程序。""]","要求學生指出各機關的職權與制衡程序，避免把權力分立誤解為互不往來。","[]","","","","","","","","","","","","","","",""
"SOC-0020","社會","原創會考程度練習","","","七年級下","公民","法律與行政命令","中等","單題選擇","某市政府以公告要求店家於夜間停止營業，但現行法律沒有授權市府限制營業時間。店家主張公告欠缺法律依據。依依法行政原則，何者最適當？","限制人民權利的行政措施應有法律依據或明確授權","比例原則：限制手段不得超過達成目的所必要程度","正當法律程序：作成不利處分應保障陳述意見機會","信賴保護：行政機關應保障人民對合法措施的合理信賴","0","限制人民權利的行政措施應有法律依據或明確授權","","行政機關行使公權力須遵守法律；涉及限制人民權利時，應有法律依據或法律明確授權。正解為 A「限制人民權利的行政措施應有法律依據或明確授權」。政策目的良善不能取代法源，地方公告也不能高於法律。教師提醒：依法行政同時要求行政機關有權限並依程序行事，審查時要看措施是否限制權利及其授權來源。","[""市府公告要求店家停止營業，實際限制了營業自由。"",""題幹指出沒有法律授權，因此行政措施欠缺限制權利所需的法律依據。"",""故選 A；治安目的不能讓公告免除法律授權要求。""]","先判斷行政措施是否限制權利，再追查法律依據或授權條文。","[]","","","","","","","","","","","","","","",""
"SOC-0021","社會","原創會考程度練習","","","八年級上","公民","市場價格與供需","中等","單題選擇","颱風使蔬菜產量減少，但消費者需求短期內大致不變。若其他條件相同，市場價格最可能如何變動？","供給增加，均衡價格下降","供給減少，均衡價格上升","需求必定消失，價格歸零","供給減少一定使需求曲線向左移動","1","供給減少，均衡價格上升","","颱風造成產量減少，表示供給下降；需求短期大致不變時，商品較稀少，均衡價格通常上升。正解為 B「供給減少，均衡價格上升」。供給變化不等於需求曲線必然移動，也不會使需求消失。教師提醒：先辨認改變的是供給還是需求，再固定其他條件推論價格方向。","[""颱風降低可供出售的蔬菜數量，因此供給減少。"",""題目設定需求大致不變；供給減少時，市場可取得的商品較少。"",""因此均衡價格最可能上升，選 B。""]","用供需圖呈現供給曲線左移，並提醒「其他條件不變」是推論前提。","[]","","","","","","","","","","","","","","",""
"SOC-0022","社會","原創會考程度練習","","","八年級下","公民","消費者權益與契約","中等","單題選擇","網路商店頁面標示商品具有防水功能，消費者依此購買，收到後卻發現商品完全不防水。消費者欲主張權益，第一步最適合採取哪種行動？","立刻刪除所有購買紀錄以避免個資外洩","要求其他消費者替自己直接判決業者有罪","保留商品頁面、訂單與對話紀錄，向業者提出具體申訴","不查明交易條件便散布業者犯罪的定論","2","保留商品頁面、訂單與對話紀錄，向業者提出具體申訴","","商品宣稱與實際不符時，保留廣告、訂單及溝通紀錄有助確認交易內容並向業者申訴或尋求消費爭議處理。正解為 C「保留商品頁面、訂單與對話紀錄，向業者提出具體申訴」。刪除證據或未查證即散布犯罪定論，都不利於理性維權。教師提醒：先保存證據、清楚陳述事實，再依正式消費爭議管道處理。","[""爭議核心是商品頁面的防水宣稱與實物狀況不符。"",""頁面、訂單及對話能協助還原交易內容，是申訴的重要資料。"",""因此先選 C，保留證據並向業者提出具體主張。""]","引導學生區分可證明的交易事實與尚待認定的法律責任，並熟悉正式申訴流程。","[]","","","","","","","","","","","","","","",""
"SOC-0023","社會","原創會考程度練習","","","九年級上","公民","社會福利與量能課稅","進階","單題選擇","政府以累進稅制籌措財源，並將部分收入用於低收入家庭補助與公共教育。這項政策組合最能呈現何種功能？","稅收只用來增加納稅人的私人財產","累進稅制能保證所有家庭收入完全相同","社會福利支出代表政府不再提供公共教育","透過租稅籌資並以移轉支出改善所得分配與公共服務","3","透過租稅籌資並以移轉支出改善所得分配與公共服務","","累進稅制依所得能力課稅，政府再以補助和公共教育等支出提供公共服務、協助弱勢，具有籌資與所得重分配功能。正解為 D「透過租稅籌資並以移轉支出改善所得分配與公共服務」。這不會保證所得完全相同，也不代表政府停止提供教育。教師提醒：租稅政策的效果是影響資源分配，不等同完全消除所得差距。","[""累進稅制使不同所得者依其負擔能力繳納稅收，形成公共財源。"",""補助及公共教育將部分資源用於公共服務與弱勢支持。"",""故選 D；政策可改善分配，但不保證所有家庭所得完全相同。""]","將稅收來源與政府支出用途分開辨認，再說明其分配效果及限制。","[]","","","","","","","","","","","","","","",""
"SOC-0024","社會","原創會考程度練習","","","九年級下","公民","媒體識讀與資訊查證","進階","單題選擇","社群平台流傳一則「某市自來水遭投毒」的貼文，但沒有提供來源。下列哪種查證方式最可靠？","比對市府或自來水事業公告及多家可信媒體的具體報導","只看轉傳次數判斷消息真偽","以貼文配圖看起來逼真就直接認定屬實","先轉傳給更多人，再等網友決定真假","0","比對市府或自來水事業公告及多家可信媒體的具體報導","","涉及公共安全的消息應追查原始來源，優先查閱主管機關或供水單位公告，並以多個可信來源交叉比對。正解為 A「比對市府或自來水事業公告及多家可信媒體的具體報導」。轉傳量、圖片逼真度或網友投票都不能驗證消息內容。教師提醒：查證時記錄發布時間、原始來源與證據；重大未證實訊息不應再擴散。","[""貼文沒有提供來源，單靠轉傳數或配圖無法確認真實性。"",""自來水供應單位與主管機關是可追查的第一手資訊來源。"",""再以多家可信媒體交叉查證，因此選 A。""]","練習追溯原始發布者、核對時間地點與交叉查證，避免把人氣誤認為證據。","[]","","","","","","","","","","","","","","",""
"SOC-0025","社會","原創會考程度練習","","","七年級上","公民","地方自治與公民參與","進階","單題選擇","居民發現社區公園改建方案沒有無障礙設施，先向里辦公處反映，再參加市府公開說明會並提交書面意見。這些作法主要展現何種公民參與？","由居民直接取代市府執行全部工程","透過地方自治管道表達公共意見並影響政策","以私人消費決策取代公共討論","參與說明會後即取得司法判決權","1","透過地方自治管道表達公共意見並影響政策","","居民透過地方機關反映、參加公開說明會及提交意見，都是制度化的公共參與方式，可讓政府在決策中納入居民需求。正解為 B「透過地方自治管道表達公共意見並影響政策」。參與不等於居民直接執行工程，也不會取得司法權。教師提醒：公共參與能提供意見與監督，但政策決定仍須由有法定職權的機關依法作成。","[""里辦公處與市府說明會提供居民表達地方公共需求的管道。"",""提交無障礙設施意見，有助政府了解使用者需求並檢視方案。"",""因此選 B；居民參與並未取代行政機關或司法機關的法定職權。""]","帶學生辨認參與管道、表達目的及政府法定職權三者的界線。","[]","","","","","","","","","","","","","","",""
"SOC-0026","社會","原創會考程度練習","","","七年級下","公民","公民參與與政策形成","基礎","單題選擇","一項市區道路拓寬計畫進入審議前，市府公告規劃內容並舉辦公聽會，居民可提出反對意見與替代方案。這最能呈現何種治理原則？","由法院代替居民決定地方建設","行政機關可免除資訊公開責任","公民透過公共討論參與政策形成","地方政府應停止一切都市建設","2","公民透過公共討論參與政策形成","","市府先公開計畫內容，再透過公聽會讓居民提出意見與替代方案，表示政策形成納入公民參與。正解為 C「公民透過公共討論參與政策形成」；公聽會不等於由法院決策，也不會使市府免除資訊公開責任。","[""市府公開計畫內容，提供居民理解方案的資訊。"",""居民能在公聽會提出反對意見與替代方案，顯示意見進入政策討論。"",""因此是公民透過公共討論參與政策形成；公聽會提供參與管道，但不代表居民直接取代政府作成所有決定。""]","公聽會的重點是蒐集意見、讓利害關係人參與討論，不等於每個提案都必須照單全收。","[]","","","","","","","","","","","","","","",""
"SOC-0027","社會","原創會考程度練習","","","八年級上","公民","依法行政與比例原則","基礎","單題選擇","某市府公告禁止所有街頭表演，未提出法律授權，也未說明全面禁止的必要性及其與公共安全目的是否相稱。表演者最有理由主張哪項原則？","政府可用公告任意限制人民權利","文化活動一律不受任何規範","地方政府不受中央法律拘束","行政機關須依法行政並遵守比例原則","3","行政機關須依法行政並遵守比例原則","","全面禁止會限制表演者的工作與表意自由，市府須有法律依據；並應檢視較小侵害手段能否達成安全目的，以及限制範圍是否相稱。答案為D「行政機關須依法行政並遵守比例原則」。","[""題幹指出禁令涵蓋所有表演，且未提出法律授權與全面禁止的必要性。"",""除法律依據外，也要考量較小侵害的替代手段，並衡量限制與公共安全目的是否相稱。"",""D同時符合依法行政與比例原則；其餘選項否定法治或把自由誤作毫無規範。答案為D「行政機關須依法行政並遵守比例原則」。""]","行政措施限制權利時，先查法律授權，再看手段是否必要、適當且不過度。","[]","","","","","","","","","","","","","","",""
"SOC-0028","社會","原創會考程度練習","","","八年級下","公民","權力分立","中等","單題選擇","議會調查發現某行政機關超支，要求首長到議會說明並提出改善報告。這最能呈現何種民主監督？","議會直接指揮每位公務員執行個案","行政機關取代法院審判","法院負責制定政府預算","民意機關監督行政機關","3","民意機關監督行政機關","","議會要求行政首長說明支出，是民意機關透過質詢、調查等方式監督行政責任；這不代表議會代替行政執行，也不取代法院審判。答案為D「民意機關監督行政機關」。","[""議會是民意機關，被要求說明的是行政首長。"",""檢視政府超支並要求報告，屬於民意機關監督行政施政與財政責任。"",""議會不因此取得法院審判權或代替行政執行，故選D。答案為D「民意機關監督行政機關」。""]","辨認監督者與被監督者：議會問責行政，並不等於議會親自執行行政工作。","[]","","","","","","","","","","","","","","",""
"SOC-0029","社會","原創會考程度練習","","","九年級上","公民","權力分立","中等","單題選擇","人民認為行政機關裁罰違法，可依法向法院提起行政訴訟。法院在此發揮何種功能？","由司法機關依法審查行政處分","代替人民選出地方首長","直接編列政府年度預算","替行政機關訂定裁罰政策","0","由司法機關依法審查行政處分","","行政訴訟讓法院依法律審查行政機關的處分是否合法，提供人民權利救濟；法院不替行政機關制定政策或編列預算。答案為A「由司法機關依法審查行政處分」。","[""題幹說人民不服行政裁罰，選擇向法院提起行政訴訟。"",""法院依法律檢驗行政處分是否合法，這是司法審查，也是人民權利救濟途徑。"",""法院不是行政政策制定者或預算編列者，故選A。答案為A「由司法機關依法審查行政處分」。""]","行政訴訟的重點是法院審查行政處分是否合法，不是重新替行政機關決定政策。","[]","","","","","","","","","","","","","","",""
"SOC-0030","社會","原創會考程度練習","","","九年級下","公民","權力分立","進階","單題選擇","某政黨取得國會多數席次後，仍須依憲法保障反對黨質詢、表決及公開表達意見。這項保障最主要避免什麼？","所有政策都必須獲得全體一致同意","多數以席次優勢剝奪少數的政治參與","反對黨取得行政機關指揮權","國會不再依多數決處理議案","1","多數以席次優勢剝奪少數的政治參與","","民主不只採多數決，也保障少數能參與、質詢與表達意見，避免多數憑席次壓制少數基本政治權利。答案為B「多數以席次優勢剝奪少數的政治參與」。","[""題幹同時提到執政多數與反對黨的質詢、表決及發言權。"",""少數仍能參與政治程序，可監督多數並使不同意見被納入討論。"",""這不是要求所有人意見一致，也不改變多數決原則；保障少數參與，故選B。答案為B「多數以席次優勢剝奪少數的政治參與」。""]","多數決仍受少數權利保障限制；民主不等於多數可以無限制支配少數。","[]","","","","","","","","","","","","","","",""
"SOC-0031","社會","原創會考程度練習","","","七年級上","公民","公民知情權與公共監督","中等","單題選擇","社區居民依市府公開資料程序申請取得道路工程招標與驗收紀錄，整理資料後向其他居民說明工程經費如何使用。這項作法最直接展現哪種公民功能？","居民取得資料後便取得政府採購決策權","法院不經司法程序即可直接裁定廠商有罪","公民運用公開資訊監督公共事務","民選代表任期因此自動延長","2","公民運用公開資訊監督公共事務","","居民依程序取得公共工程資料並向社區說明，有助公民知情及監督公共經費運用，答案 C「公民運用公開資訊監督公共事務」。取得資料不會讓居民取代採購機關作決策，也不能代替司法程序認定刑責。","[""申請者是社區居民，資料涉及公共工程招標、驗收與經費使用。"",""居民整理並分享公開資訊，可讓社區了解政府如何使用公共資源。"",""這是公民知情並監督公共事務，不等於居民接管採購或法院審判，故選 C。""]","公民取得公開資訊可促進知情與課責，但不會因此取得機關決策權或司法裁判權。","[]","","","","","","","","","","","","","","",""
"SOC-0032","社會","原創會考程度練習","","","七年級下","公民","中央與地方權限分配","基礎","單題選擇","中央與地方政府對垃圾處理權責有爭議，地方政府主張中央依法應提供經費。此爭議最適合透過什麼方式處理？","以網路投票直接取代所有法定程序","由地方政府自行宣布中央法律失效","由私人企業決定政府間的權限","依法律與權責分配協商，必要時循法定爭議處理程序","3","依法律與權責分配協商，必要時循法定爭議處理程序","","中央與地方權限須依憲法及法律分配，爭議應循協商及法定機制處理；地方不能自行宣布中央法律失效。答案為D「依法律與權責分配協商，必要時循法定爭議處理程序」。","[""題目焦點是中央與地方對公共事務及經費權責的爭議。"",""政府層級的權限須由法律規範，不能由一方單獨否定另一方的法定權限。"",""先協商並循法定爭議處理程序最符合依法行政，故選D。答案為D「依法律與權責分配協商，必要時循法定爭議處理程序」。""]","中央與地方的權限以憲法及法律為依據，不能把地方自治誤解為不受法律拘束。","[]","","","","","","","","","","","","","","",""
"SOC-0033","社會","原創會考程度練習","","","八年級上","公民","依法行政與比例原則","中等","單題選擇","某縣政府為防止疫情，限制特定高風險場所短期營業，提出流行病學資料並定期檢討措施。判斷此措施是否適當，最重要的標準為何？","限制須有法律依據，且與防疫目的相稱","地方政府可永久停止所有商業活動","防疫措施不需要公開說明","只要目的良善，任何限制都合法","0","限制須有法律依據，且與防疫目的相稱","","防疫可以是正當公共目的，但仍須有法律依據，措施要必要且與風險相稱，並定期檢討避免過度限制。答案為A「限制須有法律依據，且與防疫目的相稱」。","[""辨認政策目的為防疫，且限制對象是特定高風險場所、期間有限。"",""有資料與定期檢討能支持措施適當性，但仍須符合法律授權及比例原則。"",""目的良善不代表手段可以無限擴張，因此選法律與比例原則兼顧的選項。答案為A「限制須有法律依據，且與防疫目的相稱」。""]","公共利益不會自動使所有手段正當；要同時檢驗法律依據、必要性與範圍。","[]","","","","","","","","","","","","","","",""
"SOC-0034","社會","原創會考程度練習","","","八年級下","公民","立法與行政職權分工","中等","單題選擇","立法委員提出法案，經委員會審查、院會表決後移送總統公布，再由行政機關依法執行。哪一項最能說明此過程？","立法機關依法制定法律，行政機關負責執行","行政機關自行取代國會表決法律","法院負責提出並通過所有法案","人民不再能透過選舉監督立法者","0","立法機關依法制定法律，行政機關負責執行","","法案由立法院審議通過後移送總統公布，行政機關依法執行，呈現立法與行政的職權分工。答案為A「立法機關依法制定法律，行政機關負責執行」。","[""委員會審查及院會表決是立法程序。"",""立法院通過法律後移送總統公布；行政機關負責依法執行，並未取代立法。"",""權責分工是A；法院並非一般立法機關，選舉仍是民主監督方式。答案為A「立法機關依法制定法律，行政機關負責執行」。""]","題目若問機關職權，先分辨制定規範、執行規範與審判爭議。","[]","","","","","","","","","","","","","","",""
"SOC-0035","社會","原創會考程度練習","","","九年級上","公民","政治言論與資訊查證","進階","單題選擇","某候選人要求支持者不得轉貼批評他的新聞，並聲稱批評者都不愛國。公民面對此說法，何種判斷最適當？","批評政府一律違法","政治言論應容許不同意見，也應查證內容真偽","只要是多數轉傳就必然為真","候選人可禁止所有批評","1","政治言論應容許不同意見，也應查證內容真偽","","民主政治保障表意與監督，但資訊仍須查證；把批評貼上不愛國標籤，不能取代對內容的理性檢驗。答案為B「政治言論應容許不同意見，也應查證內容真偽」。","[""題幹包含要求禁止批評與以標籤壓制異議的作法。"",""民主社會需要容納不同政治意見，人民也應查證新聞證據。"",""候選人無權全面禁止批評，多數轉傳也不代表內容必然正確，故選B。答案為B「政治言論應容許不同意見，也應查證內容真偽」。""]","保障言論自由不等於所有資訊都可信；表意權與媒體識讀要一起考量。","[]","","","","","","","","","","","","","","",""
"SOC-0036","社會","原創會考程度練習","","","九年級下","公民","選舉原則","基礎","單題選擇","選民在投票所由工作人員陪同進入圈票處，工作人員看見其圈選內容。這最可能違反哪項選舉原則？","普通選舉","定期改選","無記名投票","直接選舉","2","無記名投票","","無記名投票保障選民不必公開自己的選擇，降低被施壓或報復的可能；陪同者看見圈選內容會破壞秘密性。答案為C「無記名投票」。","[""圈票內容被他人看見，問題在投票秘密受到破壞。"",""普通選舉談的是具選舉資格者普遍參與，直接選舉談選民直接選出代表。"",""本情境不是資格或選舉層級問題，故選無記名投票。答案為C「無記名投票」。""]","選舉原則要分清普遍參與、平等票值、直接選出與秘密圈票。","[]","","","","","","","","","","","","","","",""
"SOC-0037","社會","原創會考程度練習","","","七年級上","公民","直接與間接選舉","基礎","單題選擇","學校自治會會長由全校學生直接投票選出，而非由班級代表再互選。這項制度符合哪種選舉方式？","間接選舉","複數選區制","比例代表制","直接選舉","3","直接選舉","","全校學生直接把選票投給會長候選人，沒有再由代表轉選，因此屬直接選舉。答案為D「直接選舉」。","[""確認投票者是全體學生，而被選出者是會長候選人。"",""學生直接投給候選人，符合直接選舉的定義。"",""若由代表選會長才是間接選舉；複數選區與比例代表是不同的選制概念。答案為D「直接選舉」。""]","看誰實際投票選出當選人，就能區分直接與間接選舉。","[]","","","","","","","","","","","","","","",""
"SOC-0038","社會","原創會考程度練習","","","七年級下","公民","選舉公平與賄選","中等","單題選擇","某里長候選人以現金向居民換取選票。居民依法可採取何種作法？","拒絕賄選並向選務或司法機關檢舉","替候選人保管選票","要求候選人提高賄款再決定","收下現金後仍可任意投票而無須舉報","0","拒絕賄選並向選務或司法機關檢舉","","以利益交換選票會破壞選舉公平，居民應拒絕並向相關機關檢舉，而不是接受或協助賄選。答案為A「拒絕賄選並向選務或司法機關檢舉」。","[""題幹描述以現金換票，屬選舉賄賂。"",""檢舉有助主管機關調查，維護公平選舉與選民自主。"",""收受或協助賄選都可能涉及違法，故選拒絕並檢舉。答案為A「拒絕賄選並向選務或司法機關檢舉」。""]","選舉自主不只是自由投票，也要避免金錢或利益操控選擇。","[]","","","","","","","","","","","","","","",""
"SOC-0039","社會","原創會考程度練習","","","八年級上","公民","公民參與與政策形成","中等","單題選擇","政府要在公園設置大型設施，先公開環境評估，邀請附近居民、商家及專家提出意見。這主要展現何種治理方式？","政府將決策權永久交給私人企業","公共政策形成中的公民參與","法院代替行政機關規劃公園","居民意見可以取代所有專業資料","1","公共政策形成中的公民參與","","公開資料並蒐集居民、商家及專家意見，讓利害關係人參與政策形成；最終仍須由有權機關依法決定並兼顧專業。答案為B「公共政策形成中的公民參與」。","[""政府在設施決定前公開評估並邀請利害關係人表達意見。"",""這是政策形成中的參與與溝通，可改善資訊完整性及公共正當性。"",""參與不等於完全移交決策，也不能取代專業證據，故選B。答案為B「公共政策形成中的公民參與」。""]","公民參與提供意見與監督，不代表法定決策權或專業判斷完全消失。","[]","","","","","","","","","","","","","","",""
"SOC-0040","社會","原創會考程度練習","","","八年級下","公民","利害關係人參與與政策權衡","進階","單題選擇","市府比較市場改建方案：甲案立刻拆除、完工後再公布；乙案分期施工並先公開交通與衛生評估，安排臨時攤位，再蒐集攤商及居民意見修正動線。攤商擔心生計，居民關心環境與交通。哪項判斷最能說明乙案的優點？","乙案只保障居民意見，攤商不需納入評估","甲案能先拆除，因此不必公開可能的交通影響","乙案兼顧分期施工、公開影響資訊與不同群體參與，可據意見修正方案","承包商自行決定補償即可取代市府的公共說明責任","2","乙案兼顧分期施工、公開影響資訊與不同群體參與，可據意見修正方案","","乙案先公開交通、衛生影響，並以分期施工和臨時攤位回應攤商生計，再蒐集居民與攤商意見修正動線。這同時呈現資訊透明、利害關係人參與及政策權衡；參與不是把法定決策權交給承包商。正解為 C「乙案兼顧分期施工、公開影響資訊與不同群體參與，可據意見修正方案」。","[""先列出兩類利害關係人的需求：攤商關心生計，居民關心衛生及交通。"",""乙案在施工前公開影響評估、提供暫時攤位，並蒐集意見修正動線，回應了多項具體衝突。"",""甲案延後公開且缺少協調；承包商也不能取代政府問責。故選 C「乙案兼顧分期施工、公開影響資訊與不同群體參與，可據意見修正方案」。""]","利害關係人分析能提醒政策制定者，不要只聽最有資源的一方。","[]","","","","","","","","","","","","","","",""
"SOC-0041","社會","原創會考程度練習","","","九年級上","公民","政府資訊公開與財政透明","基礎","單題選擇","社區居民發現公所預算網站只公布總額，沒有各項目用途與決算。居民最適合要求政府落實何種原則？","所有預算資料都永久保密","居民不得詢問公共支出","只要公布總額便不需說明","政府資訊公開與財政透明","3","政府資訊公開與財政透明","","公共預算使用公帑，政府應依規定公開適當資訊，使居民能了解用途並監督執行與決算。答案為D「政府資訊公開與財政透明」。","[""題幹指出只有總額，缺少項目用途及決算資料。"",""資訊透明使民眾得以比較預算規劃與實際支出，強化公共問責。"",""永久保密或拒絕詢問與民主監督相違；故選政府資訊公開。答案為D「政府資訊公開與財政透明」。""]","判讀透明度題，要看資訊是否足以讓民眾理解決策與實際執行情形。","[]","","","","","","","","","","","","","","",""
"SOC-0042","社會","原創會考程度練習","","","九年級下","公民","公私協力與公共責任","基礎","單題選擇","政府為提供老人送餐服務，委託民間團體配送，但補助經費由政府編列並定期查核服務品質。這種安排最接近何者？","政府與民間協力提供公共服務，政府仍負監督責任","民間團體因此取得立法權","服務委外後不必再檢驗品質","政府將公共責任完全取消","0","政府與民間協力提供公共服務，政府仍負監督責任","","配送由民間執行，但政府仍出資並查核品質，屬公私協力而非政府卸除公共責任。答案為A「政府與民間協力提供公共服務，政府仍負監督責任」。","[""辨認執行者是民間團體，經費與查核者仍是政府。"",""政府可藉委外提高服務彈性，但仍須確保品質與公共利益。"",""委外不會轉移立法權，也不能免除監督，故選公私協力。答案為A「政府與民間協力提供公共服務，政府仍負監督責任」。""]","委外是服務執行方式的選擇，不等於政府不再對服務成果負責。","[]","","","","","","","","","","","","","","",""
"SOC-0043","社會","原創會考程度練習","","","七年級上","公民","利益迴避與行政倫理","中等","單題選擇","某公共工程採購評選委員與得標廠商有親屬關係，卻未申報並參與評分。此案最直接涉及哪項行政倫理？","文化保存","利益迴避與廉潔","選舉區劃分","言論自由","1","利益迴避與廉潔","","評選者與廠商有親屬關係可能影響公正，應揭露並迴避，以維護採購公平及公務廉潔。答案為B「利益迴避與廉潔」。","[""題幹的關鍵不是工程內容，而是評選者與廠商的親屬關係。"",""可能的私人利益與公務決定衝突，須揭露並避免參與評選。"",""此情形屬利益迴避和廉政問題，與言論、文化或選區無關。答案為B「利益迴避與廉潔」。""]","公務人員處理案件若有私人利害關係，應主動揭露並依規定迴避。","[]","","","","","","","","","","","","","","",""
"SOC-0044","社會","原創會考程度練習","","","七年級下","公民","平等權與差別待遇","中等","單題選擇","某地要求女性不得擔任公職，卻未提出與職務相關的正當理由。人民最可依據哪項原則質疑？","秘密投票原則","市場供需法則","平等權與禁止不合理差別待遇","地方自治原則","2","平等權與禁止不合理差別待遇","","以性別一概排除公職，若與工作條件無合理關聯，可能構成不合理差別待遇，涉及平等權。答案為C「平等權與禁止不合理差別待遇」。","[""限制是依性別而非個人是否具備職務能力。"",""檢驗差別待遇需看有無正當目的，以及分類與目的是否合理相關。"",""題幹未涉及投票、市場或中央地方權限，故選平等權。答案為C「平等權與禁止不合理差別待遇」。""]","平等不是所有情況都完全相同，而是差別待遇須有合理且正當的依據。","[]","","","","","","","","","","","","","","",""
"SOC-0045","社會","原創會考程度練習","","","八年級上","公民","比例原則與權利限制","進階","單題選擇","政府因重大公共安全風險，短期限制特定區域進出，並提供替代通道、明確期限與申訴方式。評估此措施最應注意什麼？","只要政府發布命令就不必說明理由","任何安全風險都能永久限制自由","人民權利在緊急狀況一律消失","限制目的、必要性及對人民權利的影響是否相稱","3","限制目的、必要性及對人民權利的影響是否相稱","","安全目的可能正當，但仍要檢驗措施是否必要、範圍與期限是否適當，並提供救濟途徑。答案為D「限制目的、必要性及對人民權利的影響是否相稱」。","[""題幹列出風險、地域、期限、替代通道及申訴機制。"",""這些因素可用來檢查措施是否適當、必要且造成的權利損害不過度。"",""緊急狀況不會使權利一律消失，故選比例原則的衡量方式。答案為D「限制目的、必要性及對人民權利的影響是否相稱」。""]","比例原則要同時看目的、手段必要性、限制範圍與權利救濟。","[]","","","","","","","","","","","","","","",""
"SOC-0046","社會","原創會考程度練習","","","八年級下","公民","公權力行政","基礎","單題選擇","政府機關以公務員身分處理人民申請，依法作成許可或駁回決定。這種行為最接近哪個概念？","公權力行政","立法機關制定法律","法院對刑事案件判刑","私人間的買賣契約","0","公權力行政","","機關依公法規範處理申請並作成許可或駁回，是行使公權力的行政行為，不是私人交易或立法審判。答案為A「公權力行政」。","[""行為主體是政府機關，對象是人民提出的申請。"",""許可與駁回具有公法上的決定效果，屬行政機關行使公權力。"",""交易、立法與刑事判決分屬不同法律關係及機關職權，故選公權力行政。答案為A「公權力行政」。""]","先看行為者與法律關係；政府有時也像私人交易，但本題是單方作成公法決定。","[]","","","","","","","","","","","","","","",""
"SOC-0047","社會","原創會考程度練習","","","九年級上","公民","憲法訴訟與權利救濟","進階","單題選擇","小林認為某法規違憲，不能只因不喜歡結果便自行拒絕遵守；較適當的作法為何？","以暴力迫使機關停止適用","循法定程序尋求救濟，符合要件時再聲請憲法審查","由個人取代憲法法庭作成判決","自行宣布法規失效並要求他人服從","1","循法定程序尋求救濟，符合要件時再聲請憲法審查","","法規是否違憲須循法定救濟程序處理；人民聲請憲法審查須符合憲法權利受侵害、用盡審級救濟等法定要件，不能僅因不認同法規便直接聲請。答案為B「循法定程序尋求救濟，符合要件時再聲請憲法審查」。","[""題幹問的是對法規違憲疑慮的合法處理方式。"",""人民聲請憲法審查須符合權利受侵害、用盡審級救濟等法定要件，並非任何人都可直接聲請。"",""個人自行宣布無效或以暴力處理都跳過法定機制；應先循法定救濟，符合條件後再聲請憲法審查，故選B「循法定程序尋求救濟，符合要件時再聲請憲法審查」。""]","對法律效力有疑義時，區分個人意見與有權機關依法作出的憲法判斷。","[]","","","","","","","","","","","","","","",""
"SOC-0048","社會","原創會考程度練習","","","九年級下","公民","行政救濟程序","中等","單題選擇","某居民收到政府裁罰通知，認為處分理由與事實不符。為保障權益，他首先應如何處理？","撕毀通知並視為處分不存在","等到期限過後再口頭抱怨","依通知及相關法律規定，在期限內提出救濟","要求網友直接撤銷裁罰","2","依通知及相關法律規定，在期限內提出救濟","","不服行政處分應留意通知所載理由與救濟教示，並在法定期限內循訴願、行政訴訟等程序主張權利。答案為C「依通知及相關法律規定，在期限內提出救濟」。","[""先確認通知的事實理由、法令依據與救濟期限。"",""在期限內提出法定救濟，讓機關或法院檢視處分是否合法。"",""忽視通知或錯過期限可能影響救濟權，網路聲量也不能直接撤銷處分。答案為C「依通知及相關法律規定，在期限內提出救濟」。""]","收到行政處分先看救濟教示和期限，保留文件及證據，及時循正式程序。","[]","","","","","","","","","","","","","","",""
"SOC-0049","社會","原創會考程度練習","","","七年級上","公民","公民參與與政策影響","中等","單題選擇","里民大會提出的建議與市府政策不同，市府說明預算限制後仍將部分方案納入計畫。這最能說明公民參與的哪項價值？","政府不得考量預算與專業","參與者必然能決定全部政策","少數建議一律優先於法律","透過表達與溝通影響公共決策","3","透過表達與溝通影響公共決策","","居民提出意見、市府說明限制並調整部分計畫，呈現參與有助政策吸納民意，但不代表參與者能取代法定決策。答案為D「透過表達與溝通影響公共決策」。","[""居民在里民大會表達需求，市府回應並納入部分方案。"",""政策形成因此有溝通與回饋，民意可能影響而非完全決定最終內容。"",""政府仍須考量法律、預算及專業，故選透過參與影響決策。答案為D「透過表達與溝通影響公共決策」。""]","公民參與的效果是讓意見進入決策與監督，不保證每項提案都照單全收。","[]","","","","","","","","","","","","","","",""
"SOC-0050","社會","原創會考程度練習","","","七年級下","公民","集會與表意自由","進階","單題選擇","居民集會反對工廠排放污染，主辦者事先申請並維持交通通道暢通。此行動主要行使哪項權利？","集會與表意自由","選舉被選舉權","受國民教育權","財產繼承權","0","集會與表意自由","","居民以集會表達對污染政策的意見，屬集會與表意自由；依法維持公共秩序可與他人權利並存。答案為A「集會與表意自由」。","[""行動方式是多人集會，目的在公開表達政策意見。"",""這屬政治表意與集會自由，並非財產、教育或選舉權。"",""依法維持交通通道也顯示權利行使須兼顧公共秩序與他人通行。答案為A「集會與表意自由」。""]","基本權利可以同時保障與調和；行使集會自由時也要尊重他人權利及法定規範。","[]","","","","","","","","","","","","","","",""
"SOC-0051","社會","原創會考程度練習","","","八年級上","公民","資訊公開與政府課責","基礎","單題選擇","政府在網站公布某政策的提案、預算、會議紀錄與執行進度，讓民眾可以下載查閱。最直接符合哪種民主原則？","行政決定完全不受監督","資訊公開與政府課責","以保密取代公共說明","民眾不得檢視公帑使用","1","資訊公開與政府課責","","公開決策文件與執行進度讓民眾能理解並檢視政府如何使用公帑，是資訊透明與公共課責的表現。答案為B「資訊公開與政府課責」。","[""題幹列出提案、預算、會議紀錄及執行進度等資訊。"",""民眾能以資料追蹤決策理由和執行成果，形成監督與問責。"",""保密或禁止檢視與題幹相反，故選資訊公開與課責。答案為B「資訊公開與政府課責」。""]","資訊公開要能讓民眾追蹤決策及執行，而不只是發布無法理解的總數。","[]","","","","","","","","","","","","","","",""
"SOC-0052","社會","原創會考程度練習","","","八年級下","公民","民意機關預算審議與監督","基礎","單題選擇","某縣議會審議縣政府提出的年度預算，要求刪減缺乏效益評估的支出。這主要是哪種職權？","行政機關執行法院判決","人民直接逐筆支付政府開支","民意機關審議並監督政府預算","地方政府制定刑事法律","2","民意機關審議並監督政府預算","","縣政府提出預算，縣議會審議並可依法刪減，屬民意機關對公共支出的審議與監督。答案為C「民意機關審議並監督政府預算」。","[""提出預算的是行政機關，審議者是民意機關。"",""議會透過審議、刪減等法定權限檢視公帑支出。"",""預算監督不同於執行判決、人民逐筆付款或制定刑法，故選C。答案為C「民意機關審議並監督政府預算」。""]","讀預算題先分清提出者與審議者，再注意議會須在法定權限內監督。","[]","","","","","","","","","","","","","","",""
"SOC-0053","社會","原創會考程度練習","","","九年級上","公民","利害關係人參與與政策回應","中等","單題選擇","政府為改善偏鄉醫療，邀請居民、醫療人員與交通業者共同討論巡迴醫療路線，並公開試辦成效。這種作法的優點為何？","讓政府不再負責醫療政策","確保每位參與者都能直接執行醫療業務","以討論取代所有成效評估","納入不同需求與專業資訊，提升政策回應性","3","納入不同需求與專業資訊，提升政策回應性","","居民提供在地需求、醫療人員提供專業、業者補充交通資訊，能讓政策更符合實際條件；公開試辦成效則支持後續檢討。答案為D「納入不同需求與專業資訊，提升政策回應性」。","[""題幹列出居民、醫療人員及交通業者，各自提供不同資訊。"",""共同討論有助方案貼合在地需求與執行條件，試辦資料可供修正。"",""參與不會讓所有人都執行醫療工作，也不能免除政府責任或成效評估。答案為D「納入不同需求與專業資訊，提升政策回應性」。""]","跨部門協力可以補足資訊，但政府仍須負責政策規劃、監督與成果檢驗。","[]","","","","","","","","","","","","","","",""
"SOC-0054","社會","原創會考程度練習","","","九年級下","公民","行政程序公平與救濟","中等","單題選擇","某市政府以抽籤方式分配有限的公宅名額，公開資格、抽籤程序與結果，並設申訴管道。此作法主要追求什麼？","公平程序、資訊透明與救濟機會","讓行政機關可隨意挑選熟人","以抽籤取消所有資格條件","保證每位申請者都取得住宅","0","公平程序、資訊透明與救濟機會","","公宅名額有限，公開資格及抽籤結果能使分配程序較公平透明，申訴管道則讓申請者可處理資格或程序爭議。答案為A「公平程序、資訊透明與救濟機會」。","[""題幹說明名額有限，因此無法保證人人獲配。"",""公開資格與抽籤程序可降低任意差別待遇，結果公開便於檢驗。"",""申訴制度提供程序救濟；抽籤仍須先符合公布的資格，故選A。答案為A「公平程序、資訊透明與救濟機會」。""]","公平不等於人人都取得稀缺資源；重點是標準事前公開、程序一致且有救濟。","[]","","","","","","","","","","","","","","",""
"SOC-0055","社會","原創會考程度練習","","","七年級上","公民","行政規則一致與程序保障","進階","單題選擇","政府推出育兒補助，但申請者發現資格說明不清楚，且不同窗口給出相反答案。最適當的行政改善為何？","由每位承辦人自行決定資格","公開一致的申請標準並提供可查詢的說明與申訴管道","停止所有民眾詢問","不公布補助預算與執行規則","1","公開一致的申請標準並提供可查詢的說明與申訴管道","","一致且公開的標準可減少任意差別待遇，明確說明和申訴管道則讓民眾理解權利並處理錯誤決定。答案為B「公開一致的申請標準並提供可查詢的說明與申訴管道」。","[""相同補助卻收到不同答案，顯示標準或執行資訊不一致。"",""公布一致規則、提供查詢與申訴，可提高行政可預測性及公平性。"",""由個別承辦人任意決定或拒絕說明會擴大不確定，故選B。答案為B「公開一致的申請標準並提供可查詢的說明與申訴管道」。""]","行政服務應具一致性、透明度與救濟管道，才能避免同案不同處理。","[]","","","","","","","","","","","","","","",""
"SOC-0056","社會","原創會考程度練習","","","七年級下","公民","公共資源監督與服務課責","基礎","單題選擇","政府以公帑補助某民間團體提供課後照顧，合約要求公開服務人數、支出與評估結果。這項要求最主要為何？","限制所有民間組織自由成立","使補助團體取得制定法律的權力","確保公共資源使用可受監督並符合服務目的","政府不必再檢查服務品質","2","確保公共資源使用可受監督並符合服務目的","","民間團體接受公帑提供公共服務，公開支出與成果能讓政府及社會檢視資源是否依合約服務對象與目的使用。答案為C「確保公共資源使用可受監督並符合服務目的」。","[""經費來自公共預算，服務對象是社區兒童。"",""支出、人數與評估資料可檢查補助是否達成約定目的並保障服務品質。"",""公開監督不等於限制組織成立，也不會讓政府免除品質查核，故選C。答案為C「確保公共資源使用可受監督並符合服務目的」。""]","公帑補助須有明確目的、成果指標及查核，確保公共利益落實。","[]","","","","","","","","","","","","","","",""
"SOC-0057","社會","原創會考程度練習","","","八年級上","公民","資訊公開與個人資料保護","基礎","單題選擇","市府收到居民申請公開工廠排放稽查紀錄，部分資料含個人聯絡方式。依法處理資訊公開時，何者最適當？","不遮蔽任何個資並直接散布","因有個資就拒絕公開所有資料","只公開有利於業者的部分","提供可公開的稽查內容，並適度遮蔽個人資料","3","提供可公開的稽查內容，並適度遮蔽個人資料","","公共稽查資訊有助環境監督，但個人聯絡資料須受保護；可分離或遮蔽個資後提供其餘可公開內容。答案為D「提供可公開的稽查內容，並適度遮蔽個人資料」。","[""稽查內容涉及公共利益，個人聯絡方式則涉及隱私。"",""採取分離或遮蔽方式，可同時落實資訊公開與個資保護。"",""全面拒絕或散布全部資料都未能平衡兩種權益，故選適度遮蔽。答案為D「提供可公開的稽查內容，並適度遮蔽個人資料」。""]","資訊公開與個人資料保護須平衡；先辨識能否分離，再決定揭露範圍。","[]","","","","","","","","","","","","","","",""
"SOC-0058","社會","原創會考程度練習","","","八年級下","公民","委外公共服務品質監督","中等","單題選擇","政府委託民間公司管理公共運動中心，居民抱怨無障礙設施長期故障。主管機關最適當的作法是什麼？","依契約與法規督促改善，並持續監督公共服務品質","以委外為由表示政府完全沒有責任","由居民自行承擔全部維修費","不檢查契約履行情形","0","依契約與法規督促改善，並持續監督公共服務品質","","委外由業者提供服務，但政府仍須依契約及法規監督，保障使用者權益並要求改善無障礙設施。答案為A「依契約與法規督促改善，並持續監督公共服務品質」。","[""先分清服務執行者是公司，公共設施監督者仍包括主管機關。"",""無障礙設施關係平等使用及契約履行，主管機關應查核並要求改善。"",""委外不會免除政府監督責任，故選依契約及法規督促。答案為A「依契約與法規督促改善，並持續監督公共服務品質」。""]","政府委外仍負有監督公共服務及保障使用者權益的責任。","[]","","","","","","","","","","","","","","",""
"SOC-0059","社會","原創會考程度練習","","","九年級上","公民","避免權力過度集中","中等","單題選擇","某民主國家將立法、行政與司法權分由不同機關行使，並設計彼此監督的制度。這種安排最主要想防止什麼情況？","提高所有稅率","取消定期選舉","避免權力過度集中","讓意見完全一致","2","避免權力過度集中","","立法、行政、司法分由不同機關行使，並以制度互相監督，目的在避免權力集中造成濫權。答案是 C。A 是財政政策，B 是選舉制度，D 則把民主政治誤解為必須消除意見差異。","[""辨認題幹描述的是三權分立及機關間的相互監督。"",""分權與相互制衡可避免公權力集中於單一機關，降低濫權風險；因此答案是 C「避免權力過度集中」。"",""選 C：分權制衡用來避免權力過度集中；提高稅率、選舉安排和意見一致都不是其核心目的。""]","區分制度目的：分權制衡防止權力集中，選舉與言論自由則提供其他民主監督。","[]","","","","","","","","","","","","","","",""
"SOC-0060","社會","原創會考程度練習","","","九年級下","公民","司法審查與權力制衡","中等","單題選擇","市府駁回店家的營業許可申請，店家依法提起行政訴訟。法院檢查市府是否依法律及正當程序作成決定，判決後市府須依法處理。這最能說明哪項制度功能？","法院依法審查行政處分，形成對行政權的司法制衡","行政機關可自行決定法院應作成的判決","法院取代行政機關核發所有營業許可","行政決定一經作成，人民不得依法救濟","0","法院依法審查行政處分，形成對行政權的司法制衡","","店家透過行政訴訟請法院檢查市府駁回許可的決定是否合法，呈現司法機關依程序審查行政權、提供權利救濟的功能。法院不是行政許可的核發機關，行政機關也不能指揮法院判決。正解為 A「法院依法審查行政處分，形成對行政權的司法制衡」。","[""店家不服的是市府駁回許可，並以行政訴訟尋求法院審查。"",""法院依法律檢查行政處分，屬司法審查及人民權利救濟，不是由法院直接管理店家。"",""因此選 A「法院依法審查行政處分，形成對行政權的司法制衡」；其他選項讓機關越權或否定救濟。""]","司法審查是法院依法檢查行政決定，不代表法院取代行政機關作成日常管理決策。","[]","","","","","","","","","","","","","","",""
"SOC-0061","社會","原創會考程度練習","","","七年級上","公民","國會監督與行政責任","基礎","單題選擇","立法委員在議會質詢行政院長，要求說明政策執行進度與預算使用情形。這最能展現哪一種功能？","立法機關監督行政機關","行政機關決定法院判決","人民直接制定所有行政命令","司法機關監督選舉結果","0","立法機關監督行政機關","","議會質詢是立法機關檢視行政機關施政、預算與政策執行的監督方式。答案是 A。B 混淆行政與司法職權；C 誇大直接民主，D 也不是題幹所述的議會監督功能。","[""題幹主體是立法委員，行為是質詢行政院長。"",""質詢要求行政部門說明施政，是立法機關監督行政機關的方式，選 A。"",""其他選項涉及錯置職權，並非議會質詢的功能。""]","區分制度目的：分權制衡防止權力集中，選舉與言論自由則提供其他民主監督。","[]","","","","","","","","","","","","","","",""
"SOC-0062","社會","原創會考程度練習","","","七年級下","公民","行政救濟與司法審查","基礎","單題選擇","人民不服政府機關作成的行政處分，依法循行政救濟程序；行政法院判決撤銷違法處分。這項程序主要保障什麼？","政府機關不受法律拘束的特權","法院代替行政機關制定政策","人民透過司法程序救濟權利","行政處分一經作成便不得變更","2","人民透過司法程序救濟權利","","人民不服行政處分，可依法循行政救濟程序；行政法院審理後得以判決撤銷違法處分，藉司法程序保障人民權利。答案是 C。A 主張政府不受法律拘束，B 混淆司法與行政職權，D 忽略行政處分得依法受司法審查。","[""找出關鍵程序：人民不服行政處分，依法循行政救濟程序。"",""法院撤銷違法處分，表示司法程序可用來救濟人民權利，選 C。"",""政府仍受法律拘束；法院審查合法性，不是代替行政機關制定政策。""]","區分制度目的：分權制衡防止權力集中，選舉與言論自由則提供其他民主監督。","[]","","","","","","","","","","","","","","",""
"SOC-0063","社會","原創會考程度練習","","","八年級上","公民","媒體監督與公共利益","中等","單題選擇","地方媒體追蹤河川污染，採訪居民、查閱排放許可與檢測資料後報導，促使主管機關公布調查結果。這最能展現媒體的哪項功能？","直接命令政府制定法規","監督公共事務並提供資訊","代替法院判定業者有罪","保證報導內容不會有錯誤","1","監督公共事務並提供資訊","","媒體透過查證資料、採訪與報導公共議題，使民眾了解事件並促進公共監督，是提供資訊的重要功能。答案是 B。媒體不能取代法院定罪或直接命令政府，也不代表報導必然零錯誤。","[""題幹描述媒體調查污染、查證資料並報導公共議題。"",""報導使民眾知情並促進公共監督，對應提供資訊與監督公共事務，選 B。"",""媒體沒有司法裁判或行政命令權；查證也不等於保證絕不出錯。""]","媒體可監督公共事務並提供資訊，但不具司法裁判或行政命令權；閱聽人也應留意查證品質。","[]","","","","","","","","","","","","","","",""
"SOC-0064","社會","原創會考程度練習","","","八年級下","公民","選舉與政治參與","中等","單題選擇","某縣長任期屆滿後，選民透過定期選舉選出新任縣長。這項制度最直接體現民主政治的哪項原則？","政府職位由家族世襲","所有政策都須全民逐案投票","人民可定期選擇並更換受託治理者","當選者任內不必接受任何監督","2","人民可定期選擇並更換受託治理者","","定期選舉讓人民依意願選擇代表或首長，並可在下次選舉改選，體現人民是政治權力來源及政治責任可受檢驗。答案是 C。選舉不是世襲，也不代表每項政策都要公投或當選者可免於監督。","[""任期屆滿後，由選民透過選舉決定誰擔任縣長。"",""人民可定期選擇或更換治理者，答案是 C。"",""選舉與世襲、公投及任內免監督是不同概念。""]","定期選舉讓人民授權並檢驗治理者；選舉不等於每項政策都由全民直接表決。","[]","","","","","","","","","","","","","","",""
"SOC-0065","社會","原創會考程度練習","","","九年級上","公民","行政救濟與訴願程序","進階","單題選擇","區公所作成拒絕小安申請證明文件的行政處分，小安不服。依一般行政救濟程序，且法律未規定例外，小安通常應先採取哪一步？","向媒體提出訴願以取代法定程序","直接要求立法院撤銷區公所決定","自行拒絕遵守相關法規","向訴願管轄機關提起訴願","3","向訴願管轄機關提起訴願","","人民不服行政機關處分或決定，依一般程序通常先向訴願管轄機關提起訴願；訴願後仍不服，才依規定提起行政訴訟，法律另有例外者除外。答案是 D。立法院與媒體都不能取代法定訴願機關，人民也不能自行停止法律適用。","[""先確認題目問的是一般行政救濟程序，且未提供法律例外。"",""通常先向訴願管轄機關提起訴願，答案是 D。"",""若訴願後仍不服，再依規定提起行政訴訟；其他選項不符法定程序。""]","行政救濟通常有訴願及行政訴訟階段，但應先確認案件類型及法律是否另有程序例外。","[]","","","","","","","","","","","","","","",""
"SOC-0066","社會","原創會考程度練習","","","九年級下","公民","地方自治與中央地方分權","基礎","單題選擇","某市議會審議市政府提出的地方預算，並要求市政府說明公共運輸支出。這最能反映哪項地方自治制度？","地方民意機關監督地方行政機關","中央政府取代地方議會決定所有地方預算","地方議會直接執行所有公共運輸服務","地方政府不必受法律與預算程序限制","0","地方民意機關監督地方行政機關","","市議會是地方民意機關，審議預算並要求市政府說明，展現地方民意機關對地方行政機關的監督。答案是 A。市議會不直接執行運輸服務；地方自治仍須依法並依預算程序辦理。","[""辨認市議會審議預算、要求市政府說明支出。"",""這是地方民意機關監督地方行政機關，選 A。"",""議會負責審議與監督，不等於直接執行公共服務或免受法律約束。""]","地方議會負責審議地方預算與監督市政府，地方自治仍須依法運作。","[]","","","","","","","","","","","","","","",""
"SOC-0067","社會","原創會考程度練習","","","七年級上","公民","消費者權益與交易資訊","基礎","單題選擇","網購平台上的耳機標示「原價 3,000 元、限時 699 元」，但頁面查不到原價期間或商品規格。下列何者是較審慎的消費作法？","只要標示限時優惠，就推定商品一定最便宜","先查核商品規格、價格依據與賣方資訊，再決定是否購買","因為是網路交易，消費者不享有任何權益","不看交易條件，購買後再要求平台負全部責任","1","先查核商品規格、價格依據與賣方資訊，再決定是否購買","","比較價格前應確認商品規格、促銷價格的比較基準及交易相對人，並保存頁面與交易紀錄；不能只憑「限時」字樣判斷划算。答案是 B。網路交易仍受消費者保護規範，消費者也應在下單前閱讀條件。","[""題目指出價格比較基準及商品資訊不足，存在資訊不對稱風險。"",""先查核規格、價格依據與賣方資料，才能作出知情選擇，答案是 B。"",""促銷標語不保證最低價；網路消費仍有權益，但應先了解交易條件並留存證據。""]","遇到促銷標價要核對比較基準、商品規格與賣方資訊，並保留交易紀錄。","[]","","","","","","","","","","","","","","",""
"SOC-0068","社會","原創會考程度練習","","","七年級下","公民","機會成本","中等","單題選擇","小哲週六可選擇打工 4 小時賺 800 元，或參加同時段的免費志工活動。他決定參加志工活動，且不考慮其他選擇。這項選擇的機會成本是什麼？","志工活動本身的價值一定是 800 元","兩項活動的價值相加，共 800 元","放棄打工可賺取的 800 元","因志工活動免費，所以沒有機會成本","2","放棄打工可賺取的 800 元","","機會成本是作出選擇時所放棄的最佳替代方案價值。小哲選了志工活動，唯一明確的替代方案是打工收入 800 元，因此答案是 C。免費只表示不必付金錢價格，不代表沒有放棄其他選擇。","[""小哲選擇志工活動，沒有選擇同時段的打工。"",""題目已說不考慮其他選擇，所以被放棄的最佳替代方案是 800 元工資，答案 C。"",""免費活動仍可能有機會成本；機會成本不是把兩種活動價值相加。""]","機會成本看「被放棄的最佳替代方案」，不要誤當成所有選項的總價值或只看金錢支出。","[]","","","","","","","","","","","","","","",""
"SOC-0069","社會","原創會考程度練習","","","八年級上","公民","需求變動與市場價格","中等","單題選擇","某地舉辦熱門音樂節，外地遊客增加，使住宿需求上升；短期內可提供的房間數沒有改變。依供需原理，住宿市場最可能出現哪種變化？","均衡價格上升，均衡交易量增加","均衡價格下降，均衡交易量增加","均衡價格上升，均衡交易量減少","供給曲線必然右移，價格不變","0","均衡價格上升，均衡交易量增加","","外地遊客增加使住宿需求曲線右移；短期供給不變時，市場新均衡通常是價格與交易量都上升。答案是 A。需求增加不是供給曲線移動，因此 D 不符題幹條件。","[""遊客增加會提高對住宿服務的需求；題目指明短期可用房間數不變。"",""需求增加、供給不變，均衡價格與均衡交易量都上升，選 A。"",""供給曲線沒有右移；價格下降也不符合需求增加時的均衡方向。""]","先判斷改變的是需求還是供給，再在另一條件不變下推論均衡價格與數量。","[]","","","","","","","","","","","","","","",""
"SOC-0070","社會","原創會考程度練習","","","八年級下","公民","公共財與搭便車","進階","單題選擇","政府興建堤防保護沿岸居民，即使部分居民沒有繳交特定費用，堤防建成後仍難以只讓付費者受保護。這項特性容易造成哪種問題？","堤防可以分割出售，因此私人市場必定供給過多","未繳費居民會使堤防對其他人失去保護功能","只要政府提供堤防，所有公共建設都不需評估成本","部分人可能不付費卻享有公共利益，形成搭便車現象","3","部分人可能不付費卻享有公共利益，形成搭便車現象","","堤防的防洪利益具有難以排除未付費者的特性，個人可能希望別人負擔成本而自己享受利益，形成搭便車問題。答案是 D。這不表示堤防可切割出售、未付費者會讓堤防失效，或公共建設免做成本評估。","[""堤防建成後，難以排除沒有支付特定費用的居民享受防洪利益。"",""個人可能搭別人的便車，造成私人市場不易按個人付費意願提供足量公共財，選 D。"",""公共建設仍須評估成本效益，題幹沒有說未繳費會使防洪失效。""]","公共財常有非排他性；搭便車是享受利益卻不分擔成本，不是單純「免費」。","[]","","","","","","","","","","","","","","",""
"SOC-0071","社會","原創會考程度練習","","","九年級上","公民","匯率變動與進口價格","基礎","單題選擇","臺灣廠商以新臺幣向國外購買一批標價固定為 1,000 美元的原料。若其他條件不變，新臺幣相對美元貶值，廠商換得這批原料通常需要多少新臺幣？","較多，因為每美元需支付的新臺幣增加","無法判斷，因為原料以美元標價","完全不變，匯率不影響進口成本","較少，因為每美元可換得的新臺幣增加","0","較多，因為每美元需支付的新臺幣增加","","新臺幣貶值代表一美元可兌換較多新臺幣。美元標價仍是 1,000 美元，因此付款所需的新臺幣增加，答案是 A。匯率會影響以外幣計價的進口成本；題目已限定原料價格與其他條件不變。","[""原料價格固定以美元計價，且廠商要用新臺幣兌換美元付款。"",""新臺幣貶值時，每美元需較多新臺幣，1,000 美元的換匯成本上升，選 A。"",""進口價格雖以美元固定，換算成新臺幣的成本仍會受匯率影響。""]","分清「新臺幣升貶值」與「一美元可兌換多少新臺幣」，再判斷進口成本方向。","[]","","","","","","","","","","","","","","",""
"SOC-0072","社會","原創會考程度練習","","","九年級下","公民","消費者物價指數與平均價格","基礎","單題選擇","某年度消費者物價指數較前一年上升 3%。僅根據這項資訊，哪個結論最恰當？","每一種商品與服務的價格都恰好上漲 3%","代表指數所追蹤的消費項目整體價格水準上升約 3%，不表示每項商品都漲 3%","所有家庭的生活成本都必然增加完全相同的比例","所有商品的銷售數量都減少 3%","1","代表指數所追蹤的消費項目整體價格水準上升約 3%，不表示每項商品都漲 3%","","消費者物價指數依特定消費項目及權重反映整體價格變動。指數上升 3% 表示該指數代表的平均價格水準約上升 3%，不代表每種商品或每戶家庭支出都同幅變動。答案是 B。物價指數也不是銷售數量指標。","[""消費者物價指數衡量一組代表性消費項目在特定權重下的價格變動。"",""指數上升 3% 說明該指數所代表的整體價格水準約上升 3%，選 B。"",""個別商品漲幅、各家庭實際支出及商品銷售量都不能只由這項指數直接判定。""]","閱讀物價統計要辨認指數的代表性與權重，不把平均變化誤推成每件商品或每個家庭的個別變化。","[]","","","","","","","","","","","","","","",""
"SOC-0073","社會","原創會考程度練習","","","七年級上","公民","比較利益與分工","中等","單題選擇","一小時內，小安最多可做 4 份三明治或 2 份沙拉；小美最多可做 6 份三明治或 2 份沙拉。若兩人都只考慮這兩種商品，誰生產沙拉的機會成本較低？","小美，因為做沙拉的總產量相同","兩人相同，因為都能做 2 份沙拉","小安，因為做 1 份沙拉須放棄 2 份三明治","無法比較，因為三明治數量不同","2","小安，因為做 1 份沙拉須放棄 2 份三明治","","小安做 4 份三明治或 2 份沙拉，做 1 份沙拉須放棄 2 份三明治；小美做 1 份沙拉須放棄 3 份三明治。小安生產沙拉的機會成本較低，答案是 C，因此在此商品間有比較利益。","[""小安每小時可在 4 份三明治與 2 份沙拉間取捨；小美則是 6 份與 2 份。"",""各做 1 份沙拉的機會成本：小安放棄 2 份三明治，小美放棄 3 份，故選 C。"",""比較利益看機會成本，不是比較兩人的沙拉最大產量。""]","算比較利益時先把產量換成「多做一單位要放棄多少另一商品」，再比較機會成本。","[]","","","","","","","","","","","","","","",""
"SOC-0074","社會","原創會考程度練習","","","七年級下","公民","需求價格彈性","中等","單題選擇","某地食鹽價格上漲 10%，家庭購買量只略微下降，原因之一是食鹽支出占家庭預算很小且短期替代品有限。這顯示食鹽需求較可能具有哪種特性？","需求價格彈性較大，價格變動時需求量變動比例更大","需求完全沒有彈性，任何價格下需求量皆固定","需求曲線必定向右移動","需求價格彈性較小，價格變動時需求量變動比例較小","3","需求價格彈性較小，價格變動時需求量變動比例較小","","題幹說明價格上漲而購買量只略降，表示需求量對價格變動反應較小，即需求價格彈性較小。答案是 D。這不代表需求量完全固定，也不能由此推論需求曲線必定移動。","[""食鹽價格上漲，但家庭購買量只略微下降。"",""價格變動相對明顯、需求量變動比例較小，表示需求價格彈性較小，選 D。"",""彈性較小不等於完全無彈性；題幹描述的是沿需求曲線的量變，而非曲線移動。""]","彈性比較的是需求量變動比例相對價格變動比例，不要把「較小」說成完全不變。","[]","","","","","","","","","","","","","","",""
"SOC-0075","社會","原創會考程度練習","","","八年級上","公民","最低工資與勞動市場","進階","單題選擇","某地原本均衡工資為每小時 180 元。政府將適用該工作的最低工資訂為每小時 220 元，且高於原均衡工資；假設其他條件不變，勞動市場最可能出現哪種情形？","勞動供給量大於勞動需求量，形成求職者競爭職缺的情形","最低工資高於均衡工資，工資卻必然降回 180 元","最低工資會使勞動供給與需求同時消失","勞動需求量大於供給量，所有求職者都能找到工作","0","勞動供給量大於勞動需求量，形成求職者競爭職缺的情形","","題目限定最低工資高於原均衡工資。價格底限高於均衡時，願意提供勞動的人數可能大於雇主願意僱用的人數，形成超額供給（求職者多於職缺）。答案是 A。這是模型下的市場效果，不表示每位求職者必然失業。","[""先比較法定最低工資 220 元與原均衡工資 180 元：最低工資高於均衡。"",""較高工資使勞動供給量增加、勞動需求量減少，故可能有求職者多於職缺，選 A。"",""模型指出超額供給，不等於斷言每個人都失業或工資必然回到均衡值。""]","分析最低工資要先看它是否高於均衡工資；只有具約束力的價格底限才會造成超額供給。","[]","","","","","","","","","","","","","","",""
"SOC-0076","社會","原創會考程度練習","","","八年級下","公民","負外部性與市場失靈","基礎","單題選擇","工廠生產商品時排放未經處理的廢水，造成下游居民額外的清理與健康成本；這些成本未反映在商品售價中。若不考慮管制或協商，市場產量最可能如何？","必然低於社會最適產量，因工廠承擔所有外部成本","可能高於社會最適產量，因部分生產成本由第三者承擔","一定等於社會最適產量，市場價格已包含所有人的損害","產量不受外部成本影響，因居民不是買方","1","可能高於社會最適產量，因部分生產成本由第三者承擔","","廢水造成的損害是由居民承擔的外部成本，未納入工廠的私人成本與售價；在其他條件不變且未矯正外部性的情況下，市場可能生產多於社會最適數量。答案是 B。這說明負外部性可能導致資源配置效率損失。","[""污染造成的健康與清理成本由居民承受，沒有反映在工廠的商品價格中。"",""因此工廠考量的私人成本低於社會總成本，未管制時市場產量可能高於社會最適量，選 B。"",""這是負外部性造成的市場失靈，不表示居民不是消費者就與成本無關。""]","負外部性是交易以外的第三者承受未補償成本；比較私人成本與社會成本可判斷產量偏差。","[]","","","","","","","","","","","","","","",""
"SOC-0077","社會","原創會考程度練習","","","九年級上","公民","共有資源與公地悲劇","基礎","單題選擇","多戶牧民可自由讓牛群在同一片有限草地放牧，難以排除其他牧民使用；每戶只計算自家增加牛隻的收益，沒有共同約定放牧數量。最可能發生什麼結果？","每戶都會自動承擔全部草地耗損，因此使用量必然最適","草地有限會使牛群數量無法增加","各戶都可能增加牛隻，導致草地過度使用與退化","只要草地不收費，就不會出現資源稀缺","2","各戶都可能增加牛隻，導致草地過度使用與退化","","草地有限且難以排除使用者，每戶增加牛隻可取得個別收益，卻只承擔部分共同耗損；缺乏共同規範時，可能過度放牧並使資源退化。答案是 C。這是共有資源管理困境，不代表資源免費就不稀缺。","[""草地有限、使用者難以排除，且沒有共同約定放牧數量。"",""每戶追求自身收益而分散承擔耗損，容易造成過度使用，選 C。"",""共有資源仍然稀缺；共同規範可協助避免草地退化。""]","公地悲劇的關鍵是資源有限、難排除使用者與個別收益／共同成本不一致，不是單純「免費」。","[]","","","","","","","","","","","","","","",""
"SOC-0078","社會","原創會考程度練習","","","九年級下","地理","等高線與地形坡度","中等","單題選擇","登山地圖以等高線表示地形，甲處的等高線比乙處密集。若其他條件相同，哪項判讀最合理？","甲處一定位於河谷底部","甲處海拔一定比乙處高","甲處地形一定比乙處平坦","甲處坡度通常比乙處陡","3","甲處坡度通常比乙處陡","","等高線越密集，表示相鄰等高線間的水平距離越短，單位水平距離內高度變化較大，因此坡度通常較陡。答案是 D。線條密集不能單獨判定哪處海拔較高，也不能直接判為河谷或平地。","[""題目比較的是等高線疏密，而不是不同地點的海拔數值。"",""等高線密集代表短距離內高度變化大，坡度通常較陡，答案是 D。"",""要判斷高低需看等高線標示；僅憑疏密不能判定河谷或平地。""]","看等高線疏密判坡度，看線上的高度標示判海拔；兩者不要混為一談。","[]","","","","","","","","","","","","","","",""
"SOC-0079","社會","原創會考程度練習","","","七年級上","地理","人口密度計算","中等","單題選擇","某縣甲鄉人口為 18 萬人、面積為 60 平方公里。甲鄉的人口密度是多少？","3,000 人／平方公里","30,000 人／平方公里","10,800 人／平方公里","300 人／平方公里","0","3,000 人／平方公里","","人口密度＝人口數÷土地面積。18 萬÷60＝3,000，因此甲鄉人口密度為每平方公里 3,000 人，答案是 A。注意先統一單位，再以人口除以面積。","[""人口為 18 萬人，面積為 60 平方公里。"",""用人口數除以面積：180,000÷60＝3,000，答案是 A。"",""人口密度單位為人／平方公里；不可把人口與面積相乘或顛倒相除。""]","人口密度公式是人口數÷面積，作答時檢查單位是否為「人／平方公里」。","[]","","","","","","","","","","","","","","",""
"SOC-0080","社會","原創會考程度練習","","","七年級下","歷史","第一手史料與第二手史料","進階","單題選擇","研究一場百年前的地方抗爭，下列哪項資料最可能是事件參與者留下的第一手史料？","多年後根據多種資料撰寫的歷史教科書","參與者當年寫下、記錄抗爭經過的日記","現代研究者整理出版的抗爭研究專書","近期網站轉述教科書內容的文章","1","參與者當年寫下、記錄抗爭經過的日記","","第一手史料是接近事件當時形成、直接反映參與者或見證者經驗的材料。參與者當年的日記最符合此特徵，答案是 B。教科書、研究專書及轉述文章通常是後人整理或分析的第二手資料。","[""題目要找的是事件參與者在事件當時留下的資料。"",""參與者當年的日記直接記錄其經驗，屬第一手史料，選 B。"",""教科書、研究專書與轉述文章是後續整理或分析的資料。""]","史料是一手或二手不只看媒介，還要看作者與事件的時間、參與／見證關係。","[]","","","","","","","","","","","","","","",""
"SOC-0081","社會","原創會考程度練習","","","八年級上","歷史","考古證據與歷史推論","基礎","單題選擇","考古學家在一處聚落遺址發現大量陶器碎片、石製工具及爐灶痕跡，但沒有留下文字記錄。依據這些證據，哪項推論最穩妥？","居民使用同一種語言且信奉相同宗教","聚落一定由某位國王建立並統治","居民曾製作或使用陶器與石器，並有生火或烹煮活動","所有居民都從事相同工作","2","居民曾製作或使用陶器與石器，並有生火或烹煮活動","","陶器、石器與爐灶是可觀察的物質證據，可支持居民使用器物及有生火、烹煮活動的推論。答案是 C。題目沒有語言、信仰、統治者或職業分工的證據，不能據此斷言那些細節。","[""列出遺址中直接觀察到的證據：陶器、石器與爐灶。"",""器物支持居民曾使用陶器和石器；爐灶痕跡支持曾生火或烹煮，選 C。"",""沒有文字或其他資料，不能進一步確定語言、宗教、統治者或人人職業相同。""]","歷史推論要分清「遺址直接證據」與「證據能支持的結論」，避免超出材料猜測。","[]","","","","","","","","","","","","","","",""
"SOC-0082","社會","原創會考程度練習","","","八年級下","公民","媒體識讀與資訊查證","基礎","單題選擇","社群平台流傳一則未附來源的貼文，宣稱某地自來水遭污染，並要求立刻大量轉傳。尚未找到主管機關公告或檢驗報告時，哪種作法最適當？","先轉傳提醒親友，之後再確認內容真假","只看留言數很多，就認定內容正確","因貼文沒有附來源，便斷定污染一定沒有發生","先查貼文來源、日期與主管機關或可信媒體的查證，再決定是否分享","3","先查貼文來源、日期與主管機關或可信媒體的查證，再決定是否分享","","涉及公共安全的訊息應先查明原始來源與發布時間，並比對主管機關公告、檢驗資料或可信媒體查證，避免未證實資訊造成恐慌。答案是 D。轉傳量不等於真實性；沒有來源也不能證明內容必然為假。","[""貼文沒有來源，且內容涉及可能影響公共安全的污染消息。"",""應查找原始來源、日期並比對主管機關或可信媒體資訊，選 D。"",""轉傳人氣不能證明真偽；缺乏來源也不等於事件必然不存在。""]","查證資訊時確認來源、日期、原始證據並交叉比對；不因聲量大就認定為真。","[]","","","","","","","","","","","","","","",""
"SOC-0083","社會","原創會考程度練習","","","九年級上","地理","地圖比例尺與面積換算","中等","單題選擇","某地圖比例尺為 1：25,000。若公園在圖上以面積 4 平方公分呈現，假設圖形與實地形狀相似，實際面積約為多少平方公尺？","250,000 平方公尺","2,500 平方公尺","25,000 平方公尺","250 平方公尺","0","250,000 平方公尺","","比例尺 1：25,000 表示長度放大 25,000 倍，面積比例則是 25,000²。圖上 4 平方公分代表實地 4×25,000² 平方公分＝2,500,000,000 平方公分＝250,000 平方公尺。正確答案 A。","[""辨認題目給的是面積；面積比例要將長度比例尺平方。"",""實際面積＝4×25,000²＝2,500,000,000 平方公分。"",""1 平方公尺＝10,000 平方公分，故為 250,000 平方公尺，選 A。""]","地圖面積不能只乘一次比例尺；長度比例尺要平方後才是面積比例。","[]","","","","","","","","","","","","","","",""
"SOC-0084","社會","原創會考程度練習","","","九年級下","地理","都市熱島效應","中等","單題選擇","夏季夜間測量發現，市中心氣溫常高於附近郊區。市中心建築與鋪面密集、綠地較少，最能解釋此差異的原因是什麼？","郊區綠地會持續製造熱量並加熱市區","建築與道路白天吸收、儲存較多熱量，夜間緩慢釋出，且蒸散降溫較弱","市中心海拔必然比郊區高，因此空氣較熱","夜間太陽仍直接照射市中心地面","1","建築與道路白天吸收、儲存較多熱量，夜間緩慢釋出，且蒸散降溫較弱","","都市建築與鋪面白天吸收並儲存熱量，夜間釋熱，加上綠地較少、蒸散降溫較弱，容易使市中心夜間較暖，形成都市熱島。答案是 B。其餘選項所述並非題幹提供的合理成因。","[""比較市中心與郊區的夜間氣溫，並留意市中心鋪面多、綠地少。"",""鋪面儲存的熱量在夜間釋出，綠地少也使蒸散降溫較弱，選 B。"",""海拔高不必然較熱；夜間沒有日照，郊區綠地也不是熱源。""]","都市熱島常在夜間更明顯；留意建築蓄熱、綠地蒸散及通風條件。","[]","","","","","","","","","","","","","","",""
"SOC-0085","社會","原創會考程度練習","","","七年級上","公民","選舉制度與秘密投票","基礎","單題選擇","投票所設置遮蔽的圈票處，選民自行圈選後將選票投入票匭。這項安排最主要保障哪項選舉原則？","候選人可以查看每位選民的選票","每位選民可以重複投票多次","秘密投票，使選民不必公開自己的選擇","由政府指定每位選民支持的候選人","2","秘密投票，使選民不必公開自己的選擇","","遮蔽圈票處讓選民能不公開投票選擇，降低遭受他人監控、施壓或報復的風險，保障秘密投票。答案是 C。選票應由選民自主圈選並依規定投一次，不能由候選人或政府指定。","[""題幹描述遮蔽圈票處與選民自行投票。"",""遮蔽可保護選民不必公開選擇，保障秘密投票，選 C。"",""秘密投票不代表可以重複投票，也不允許他人代替選民決定。""]","秘密投票保障選民自主表意，與投票資格、普遍性或一人一票原則不同。","[]","","","","","","","","","","","","","","",""
"SOC-0086","社會","原創會考程度練習","","","七年級下","公民","性別平等與就業權益","基礎","單題選擇","某公司徵聘機械維修人員，應徵者具備相同資格，雇主卻只因一名女性的性別而拒絕錄用，且與工作能力無關。這主要涉及哪項原則？","所有工作都必須採取完全相同的錄取標準，無視職務需求","雇主可不受任何法律限制地決定錄用","求職者不得詢問錄取理由","性別平等與禁止不合理差別待遇","3","性別平等與禁止不合理差別待遇","","題幹明確指出應徵者資格相同，拒絕理由只有性別且與工作能力無關，屬不合理的差別待遇，涉及性別平等及就業權益。答案是 D。平等不代表忽略與職務相關的必要資格，也不表示雇主可免受法律規範。","[""題幹說明應徵者資格相同，拒絕錄用唯一理由是性別，且與工作能力無關。"",""這是不合理的性別差別待遇，涉及平等原則及就業權益，選 D。"",""平等不排除職務相關資格要求，但不能只憑性別作無關工作能力的排除。""]","判斷差別待遇時看分類理由是否與工作本質相關，並區分合理職務條件與性別刻板印象。","[]","","","","","","","","","","","","","","",""
"SOC-0087","社會","原創會考程度練習","","","八年級上","公民","社會保險與風險分擔","基礎","單題選擇","受僱者依法參加社會保險並按規定繳納保費；發生符合給付條件的事故後，可依規定申請給付。這最能說明社會保險的哪項特色？","參加者共同分擔風險，符合條件時依制度取得保障","參加社會保險後即可免除所有個人風險","每位參加者繳費後都保證取得相同金額的給付","只有發生事故的人才需要參加或繳費","0","參加者共同分擔風險，符合條件時依制度取得保障","","社會保險透過參加者依規定繳費與共同分擔風險，在符合資格及給付條件時提供保障。答案是 A。事故發生前就依制度參加，給付也依規定核定，不代表人人領取相同金額或可免除一切風險。","[""題幹指出受僱者依規定參加並繳費，事故後須符合給付條件。"",""參加者共同分擔風險，制度依資格與條件提供保障，答案是 A。"",""社會保險不是事故後才開始繳費，也不保證所有人的給付金額相同。""]","社會保險重在事前參加、共同分攤風險及依規定給付，不要和急難救助或商業保險混淆。","[]","","","","","","","","","","","","","","",""
"SOC-0088","社會","原創會考程度練習","","","八年級下","地理","地理資訊系統與圖層分析","中等","單題選擇","市府想找出最需要新增診所的區域，手上有各里人口分布圖與現有診所位置圖。使用地理資訊系統時，哪種作法最能協助分析？","只看全市總人口，不需考慮診所位置","疊合人口分布與診所位置圖，找出人口多且距診所遠的地區","將兩張地圖分開閱讀，避免比較空間資料","只依行政區名稱排序，不檢視位置與人口","1","疊合人口分布與診所位置圖，找出人口多且距診所遠的地區","","地理資訊系統可整合並疊合不同空間圖層。比較人口分布與既有診所位置，能初步找出人口較多且距離診所較遠的區域，作為評估設點需求的線索。答案是 B。完整選址還需考慮交通路網、診所量能等因素。","[""辨認兩項空間資料：各里人口分布與既有診所位置。"",""將圖層疊合並比較人口及診所可近性，可找出服務不足地區，選 B。"",""全市總人口與行政區排序都無法指出各地人口和醫療服務的空間落差。""]","GIS 疊圖可初步分析服務可近性；實際設點還需納入交通路網、設施量能與居民需求。","[]","","","","","","","","","","","","","","",""
"SOC-0089","社會","原創會考程度練習","","","九年級上","地理","人口結構與人口金字塔","中等","單題選擇","某地人口金字塔底部較窄、上方高年齡層所占比例較高。僅依這項圖形特徵，哪項人口趨勢最可能出現？","出生率長期偏高，幼年人口快速增加","人口年齡結構必定維持不變","可能反映出生率偏低及人口老化現象較明顯","青壯年人口一定全部移出","2","可能反映出生率偏低及人口老化現象較明顯","","人口金字塔底部代表較年幼人口，底部較窄可能反映出生人口相對較少；高年齡層比例較高則呈現人口老化特徵。答案是 C。單一圖形提供人口結構線索，不能單獨證明長期出生率或青壯年都外移。","[""人口金字塔底部窄，代表幼年人口所占比例較低。"",""較高年齡層比例偏高，與低出生率及人口老化特徵相符，選 C。"",""圖形未提供人口遷移資料，不能推論青壯年一定全部外移。""]","人口金字塔由下而上看年齡層，注意底部寬窄與高齡人口比例；不要把遷移原因當成圖上直接資訊。","[]","","","","","","","","","","","","","","",""
"SOC-0090","社會","原創會考程度練習","","","九年級下","地理","工業革命與都市化","基礎","單題選擇","工業化初期，許多工廠集中設於城市，農村居民為尋找工廠工作而遷入市區。這種人口移動最直接促成哪種變化？","都市人口減少，農村人口密度必定上升","工廠集中使農業產量自動歸零","人口移動停止，城鄉人口維持原狀","都市化加速，城市人口與聚落規模擴大","3","都市化加速，城市人口與聚落規模擴大","","工廠工作吸引農村居民遷入城市，城市人口增加、聚落擴張，屬都市化的發展。答案是 D。題幹只說人口遷移與工廠集中，不能推論農業產量歸零或城鄉人口不變。","[""工廠集中在城市，農村居民為工作遷入市區。"",""人口向城市集中會促使城市人口及聚落規模擴大，選 D。"",""這是都市化，不代表農業生產消失或人口移動停止。""]","都市化指人口及活動向城市集中、城市規模擴張；不等同於工業產值增加本身。","[]","","","","","","","","","","","","","","",""
"SOC-0091","社會","原創會考程度練習","","","七年級上","公民","人民意見表達與陳情","基礎","單題選擇","居民發現公園照明長期故障，依法向市府提出陳情並附上地點與照片，請求改善。這最能說明人民如何參與公共事務？","透過陳情表達需求，促使政府了解並處理公共問題","由居民直接取代市府執行所有公共工程","陳情一經提出，政府必須照單全收所有要求","只有參加政黨才能反映公共設施問題","0","透過陳情表達需求，促使政府了解並處理公共問題","","居民透過陳情提供具體公共設施問題與證據，表達需求並讓政府掌握情況，是公民參與公共事務的方式。答案是 A。陳情不等於居民取代行政機關，也不代表政府必須不經評估照單全收。","[""居民提供故障地點與照片，並向市府提出改善請求。"",""這是透過陳情表達需求、參與公共事務，答案是 A。"",""政府應依法評估處理；陳情不會使居民直接取得行政執行權。""]","陳情、請願與參與公聽會都是表達公共需求的管道，政府仍須依法評估並處理。","[]","","","","","","","","","","","","","","",""
"SOC-0092","社會","原創會考程度練習","","","七年級下","公民","工會與集體協商","基礎","單題選擇","同一企業的多名員工加入工會，由工會代表與雇主討論工資、工時與安全措施。這種作法最主要是什麼？","由政府代替所有員工決定個別工作內容","透過集體協商共同討論勞動條件","取消雇主依法應負的職業安全責任","保證所有工會要求都必須無條件接受","1","透過集體協商共同討論勞動條件","","工會代表勞工與雇主共同討論工資、工時及安全等勞動條件，屬集體協商，有助勞資雙方溝通。答案是 B。協商不會免除法定安全責任，也不代表一方提出的所有要求都必須無條件接受。","[""工會由員工組成並推派代表與雇主討論勞動條件。"",""勞資雙方透過集體協商溝通工資、工時與安全措施，選 B。"",""協商不會讓雇主免除法定義務，也不保證所有提案都必須照單全收。""]","集體協商是工會代表勞工與雇主協商勞動條件，並非工會可以取消法律責任或保證談判結果。","[]","","","","","","","","","","","","","","",""
"SOC-0093","社會","原創會考程度練習","","","八年級上","地理","災害風險與土地利用","中等","單題選擇","某山區地圖標示豪雨時易有土石流的潛勢溪流。居民規劃新聚落時，哪種作法最能降低災害風險？","只要過去沒有受災，就把房屋集中蓋在溪流出口","忽略坡地開發與排水，只依土地價格決定聚落位置","參考潛勢圖與地形資料避開高風險區，並規劃警戒及撤離路線","把警戒設施拆除，避免影響日常景觀","2","參考潛勢圖與地形資料避開高風險區，並規劃警戒及撤離路線","","土石流潛勢圖結合地形與災害資料，可協助辨識風險較高的位置。規劃時避開高風險區並準備警戒、撤離路線，能降低暴露與傷亡風險。答案是 C。過去未受災不代表未來安全，土地價格也不能取代風險評估。","[""地圖已指出豪雨時易發生土石流的潛勢溪流。"",""選址避開高風險地區，並規劃警戒與撤離，可降低人員暴露，選 C。"",""沒有過往災情或土地便宜，都不能證明地點安全；應依風險資料規劃。""]","災害防治需同時看危害位置、居民暴露及脆弱度；潛勢圖是規劃工具，不是絕對預言。","[]","","","","","","","","","","","","","","",""
"SOC-0094","社會","原創會考程度練習","","","八年級下","經濟","家戶與廠商的經濟循環","中等","單題選擇","家戶提供勞動力給廠商，廠商支付薪資；家戶再用收入購買廠商生產的商品。若將這些交換關係畫成經濟循環圖，下列何者正確？","家戶只在商品市場提供勞動，廠商只在要素市場購買商品","薪資是商品從家戶流向廠商的實物流","家戶購買商品時，商品與貨幣都由廠商流向家戶","勞動力在要素市場由家戶提供，薪資則是廠商支付給家戶的貨幣流","3","勞動力在要素市場由家戶提供，薪資則是廠商支付給家戶的貨幣流","","家戶在要素市場提供勞動力，廠商因此支付薪資給家戶；家戶再到商品市場購買商品。勞動力是實物流向廠商，薪資是貨幣流向家戶。答案是 D。薪資不是實物，商品也不是由家戶提供給廠商。","[""家戶把勞動力提供給廠商，屬於生產要素在要素市場的流動。"",""廠商支付薪資給家戶，這是貨幣流；答案是 D。"",""接著家戶用薪資購買商品，商品與貨幣方向相反，不能混淆實物流與貨幣流。""]","經濟循環圖要分開看商品／要素的實物流與支付／收入的貨幣流，兩種方向通常相反。","[]","","","","","","","","","","","","","","",""
"SOC-0095","社會","原創會考程度練習","","","九年級上","經濟","物價變動與實質購買力","基礎","單題選擇","小華每月薪水維持 40,000 元不變，常購買的商品與服務整體價格上漲。若其他條件不變，小華的薪水購買力通常會如何變化？","下降，因為相同名目收入能購買的商品與服務較少","無法比較，因為只有薪水金額才影響購買力","必定不變，因為名目薪水沒有改變","上升，因為價格上漲會增加薪水的實質價值","0","下降，因為相同名目收入能購買的商品與服務較少","","名目薪水仍是 40,000 元，但商品與服務價格整體上升時，相同收入可以購買的數量通常減少，實質購買力下降。答案是 A。名目金額不變不代表實質價值不變。","[""薪水金額固定，名目收入沒有增加。"",""常購買商品與服務價格上升，相同薪水能換得的數量通常減少，選 A。"",""購買力看收入相對物價的變化，不能只看薪水的名目數字。""]","區分名目收入與實質購買力；薪資調整後是否追上物價，會影響實質生活能力。","[]","","","","","","","","","","","","","","",""
"SOC-0096","社會","原創會考程度練習","","","九年級下","經濟","投資風險與分散配置","基礎","單題選擇","小芸把全部存款投入同一家公司的單一股票。理財老師建議分散投資到不同類型的資產，其主要用意為何？","確保所有資產價格永遠同步上漲","降低資金集中於單一標的所帶來的特定風險，但仍不能消除所有風險","讓投資完全不需要了解風險","保證每項投資都不會虧損","1","降低資金集中於單一標的所帶來的特定風險，但仍不能消除所有風險","","把資金分散到不同資產可降低單一公司或單一標的出問題時對整體資產的衝擊，減少特定風險集中。答案是 B。分散投資仍承受市場等風險，不能保證獲利或免除損失。","[""小芸的資金全部集中在同一家公司股票，單一公司狀況會大幅影響整體資產。"",""分散到不同資產可降低特定風險集中，答案是 B。"",""分散配置不能保證獲利，也無法完全消除整體市場風險。""]","分散投資著重降低特定風險，不等於保本；投資前仍需評估自身風險承受度。","[]","","","","","","","","","","","","","","",""
"SOC-0097","社會","原創會考程度練習","","","七年級上","經濟","稅負公平與所得比例","基礎","單題選擇","甲、乙兩人都繳交每年 20,000 元的固定稅額；甲年所得 200,000 元，乙年所得 1,000,000 元。就所得負擔比例而言，這種固定稅額對誰較沉重？","乙，因為所得較高，固定稅額占所得比例也較高","兩人相同，因為繳交的金額完全一樣","甲，因為固定 20,000 元占其所得比例較高","無法比較，因為所得與稅額無法計算比例","2","甲，因為固定 20,000 元占其所得比例較高","","甲的稅額占所得 20,000÷200,000＝10%；乙則是 20,000÷1,000,000＝2%。固定稅額對甲的所得負擔比例較高，答案是 C。金額相同不表示占所得比例相同。","[""分別計算稅額占所得的比例，而不是只比較稅額金額。"",""甲為 20,000÷200,000＝10%；乙為 20,000÷1,000,000＝2%，故甲負擔比例較高，選 C。"",""固定金額對低所得者占比通常較大，兩人雖繳同額，所得負擔並不相同。""]","討論稅負公平可比較稅額占所得比例；同額稅款不等於相同的相對負擔。","[]","","","","","","","","","","","","","","",""
"SOC-0098","社會","原創會考程度練習","","","七年級下","公民","依法行政與程序保障","中等","單題選擇","市府作成影響居民權益的不利決定。居民詢問理由時，哪種作法最符合民主法治與依法行政原則？","行政機關可不受法律限制，無須說明理由","只要多數居民同意，機關就可不依法律辦理","公務員作成決定後不需接受任何監督","依法律授權與程序作成決定，說明理由並告知依法救濟管道","3","依法律授權與程序作成決定，說明理由並告知依法救濟管道","","行政機關行使公權力須有法律依據並遵守法定程序；對人民權益有重大影響的決定，也應依規定說明理由並提供救濟資訊。答案是 D。多數意見不能取代法律授權，行政決定亦受監督。","[""題幹說明市府的決定會影響居民權益，屬公權力行使。"",""機關應依法律授權與程序辦理，並依法說明及告知救濟方式，選 D。"",""民意不能取代法律依據；公務決定仍須接受法定監督。""]","依法行政包含有法律依據並遵守程序；救濟資訊協助人民依法爭執決定，不代表機關必定敗訴。","[]","","","","","","","","","","","","","","",""
"SOC-0099","社會","原創會考程度練習","","","八年級上","公民","個人資料保護與目的限制","中等","單題選擇","學習 App 要求學生填寫姓名、就讀學校與生日，卻未說明用途。使用者想保護個人資料，最適當的作法是什麼？","先確認蒐集目的、必要性與隱私說明，只提供必要資料並使用安全管道","任何 App 索取資料都不必查看用途或隱私說明","只要提供資料，平台就可永久用於任何目的","把資料公開貼在個人社群帳號，方便平台核對","0","先確認蒐集目的、必要性與隱私說明，只提供必要資料並使用安全管道","","個人資料應有明確蒐集目的並限於必要範圍；使用者應閱讀隱私說明，確認哪些資料為必要，並透過安全管道提供。答案是 A。公開個資或同意無限期、無目的使用，都會增加資料濫用風險。","[""App 索取多項個人資料，但沒有說明蒐集用途。"",""先確認目的、必要性及隱私說明，僅提供必要資料，答案是 A。"",""不要公開個資，也不要把一次提供資料理解為同意平台無限用途。""]","檢查個資蒐集目的、必要範圍、保存及安全方式；生日和學校資訊也可能辨識個人。","[]","","","","","","","","","","","","","","",""
"SOC-0100","社會","原創會考程度練習","","","八年級下","公民","公共參與與公聽會","基礎","單題選擇","市府舉辦公聽會討論新道路路線，居民提出通勤需求並提供附近交通資料。這項參與方式最主要的作用是什麼？","公聽會一結束，居民提案就依法自動成為決定","讓政府蒐集民眾意見及地方資訊，作為依法評估方案的參考","只有政府承辦人可以提供規劃意見","居民參與後，民選議會與行政機關不再負責決策","1","讓政府蒐集民眾意見及地方資訊，作為依法評估方案的參考","","公聽會讓居民表達需求並提供地方資訊，協助政府評估方案影響；最後仍由有權機關依法決定。答案是 B。意見提出不等於提案自動通過，也不會取代民選機關及行政程序。","[""居民在公聽會提出通勤需求及交通資料，提供決策者地方資訊。"",""政府可將意見納入方案評估，答案是 B。"",""公聽會是參與及諮詢管道，不代表居民取代法定決策機關或提案必然通過。""]","公聽會能補充地方經驗與利害關係人意見；政府仍須依法衡量公共利益並說明決策。","[]","","","","","","","","","","","","","","",""
"SOC-0101","社會","原創會考程度練習","","","九年級","臺灣史","荷西時期的統治與貿易","中等","素養題","【歷史｜模擬史料】「荷蘭人據臺南，修築城堡，招募漢人開墾，並以鹿皮、蔗糖與中國、日本商人交易。」這段模擬紀錄最可能描述哪一政權在臺灣的活動？","西班牙","清朝","荷蘭東印度公司","鄭氏政權","2","荷蘭東印度公司","","荷蘭東印度公司於17世紀在臺灣南部建立據點，並推動農業開墾與轉口貿易。 正確答案：C「荷蘭東印度公司」。","[""找出材料中的地點：臺南。"",""連結城堡、開墾及跨國貿易等特徵。"",""判定為荷蘭東印度公司，選C。""]","荷蘭東印度公司在臺南經營據點與貿易；鹿皮、蔗糖等商品可顯示臺灣連結東亞市場，但不表示全島都受其有效控制。","[]","","","","","","","","","","","","","","",""
"SOC-0102","社會","原創會考程度練習","","","九年級","臺灣史","荷西時期的統治範圍","中等","素養題","【歷史｜模擬史料】「我們自北臺灣的基隆登岸，在附近建造據點，後因南方勢力競爭而撤離。」這段模擬旅人紀錄最可能描述哪一政權？","清朝","荷蘭東印度公司","鄭氏政權","西班牙","3","西班牙","","西班牙勢力曾在17世紀進入北臺灣，在基隆及淡水一帶建立據點，後遭荷蘭勢力排擠。 正確答案：D「西班牙」。","[""由「基隆」判斷材料描述北臺灣。"",""回想17世紀曾在北臺灣建立據點的歐洲勢力。"",""西班牙符合，選D。""]","西班牙據點集中在北臺灣的基隆、淡水；注意不要把荷蘭在臺南的勢力範圍與西班牙混為一談。","[]","","","","","","","","","","","","","","",""
"SOC-0103","社會","原創會考程度練習","","","九年級","臺灣史","清領初期的移民政策","中等","素養題","【歷史｜模擬政策摘要】清初渡臺者須持許可證，且一度限制攜眷；部分地區也曾禁止漢人進入開墾。這類措施主要反映清朝治理臺灣時的哪種考量？","防止漢人移墾過多及治安失控","開放移民不受限制，以迅速擴大墾殖範圍","鼓勵各地居民自由往返，以發展對外貿易","將臺灣改為由地方居民選舉議會自治的制度","0","防止漢人移墾過多及治安失控","","清初治理臺灣時曾以渡臺限制及界線管理控制移民規模，主要顧慮治安與統治成本。 正確答案：A「防止漢人移墾過多及治安失控」。","[""注意許可證、禁攜眷與禁墾等管制。"",""判斷政策目的在限制移民和控制治理風險。"",""選A。""]","清初移民限制曾隨時期調整，作答時應依題目指定的清初政策情境，不要把整個清代視為規定完全不變。","[]","","","","","","","","","","","","","","",""
"SOC-0104","社會","原創會考程度練習","","","九年級","臺灣史","清代行政建置的時間序","中等","素養題","【歷史｜資料】下列為清代行政建置的先後：①設臺灣府，隸屬福建省；②臺灣建省。正確順序為何？","兩者同時發生","①先於②","臺灣一直是獨立省份","②先於①","1","①先於②","","清朝先於康熙年間設臺灣府，至光緒年間因治理與防務需要才建省。 正確答案：B「①先於②」。","[""辨識設府與建省是不同層級的建置。"",""設臺灣府發生於清初，建省則在清末。"",""先①後②，選B。""]","區分行政層級與年代：清初設府不等於建省；比較制度先後時，先定位清初與清末。","[]","","","","","","","","","","","","","","",""
"SOC-0105","社會","原創會考程度練習","","","九年級","臺灣史","清末臺灣建設","中等","素養題","【歷史｜資料】清末官員推動臺灣新式教育、鐵路、電報與防務建設，並主張提升臺灣行政地位。這些改革主要與哪位官員有關？","沈葆楨","唐景崧","劉銘傳","施琅","2","劉銘傳","","劉銘傳任臺灣巡撫期間推動多項近代化建設，是臺灣建省後的重要治理者。 正確答案：C「劉銘傳」。","[""從鐵路、電報等近代化措施辨識時代。"",""連結清末臺灣巡撫與建設改革。"",""劉銘傳符合，選C。""]","劉銘傳任臺灣巡撫時推動近代化建設；勿把其他官員不同時期的建設功績混在一起。","[]","","","","","","","","","","","","","","",""
"SOC-0106","社會","原創會考程度練習","","","九年級","臺灣史","乙未割臺與政權轉變","基礎","素養題","【歷史｜史料】1895年清朝與日本簽訂條約，將臺灣及澎湖割讓給日本。此事最直接導致下列何者？","臺灣成為荷蘭殖民地","清朝開始治理臺灣","鄭氏政權建立","臺灣進入日本統治時期","3","臺灣進入日本統治時期","","《馬關條約》規定清朝割讓臺灣、澎湖，臺灣因而開始日本統治時期。 正確答案：D「臺灣進入日本統治時期」。","[""由年份1895年定位清日戰爭後的局勢。"",""辨識割讓臺灣及澎湖的條約。"",""割讓後由日本統治，選D。""]","1895年《馬關條約》割讓臺灣、澎湖，標誌日本統治開始；不要與荷西時期或清初治理混淆。","[]","","","","","","","","","","","","","","",""
"SOC-0107","社會","原創會考程度練習","","","九年級","臺灣史","乙未抗日與臺灣民主國","中等","素養題","【歷史｜史料】1895年日本接收臺灣期間，部分人士在臺灣建立政權，年號「永清」，並有武裝抵抗。此事件為何？","乙未抗日及臺灣民主國成立","噍吧哖事件","牡丹社事件","霧社事件","0","乙未抗日及臺灣民主國成立","","乙未戰爭發生於1895年日本接收臺灣期間；臺灣民主國曾以「永清」為年號。 正確答案：A「乙未抗日及臺灣民主國成立」。","[""材料提到日本接收時的武力抵抗。"",""用「永清」年號辨認臺灣民主國。"",""事件為乙未抗日，選A。""]","「永清」是臺灣民主國的重要辨識線索；乙未抗日、噍吧哖、霧社事件發生年代與背景不同。","[]","","","","","","","","","","","","","","",""
"SOC-0108","社會","原創會考程度練習","","","九年級","臺灣史","日治時期的殖民經濟","中等","素養題","【歷史｜資料】日本統治時期，政府興建縱貫鐵路、港口及糖業設施，並將臺灣農產加工後輸往日本。這些措施主要反映何種殖民政策？","整合島內交通並優先發展不受日本市場影響的工業","建設基礎設施以利資源開發與殖民經濟","以公共建設服務地方內需，避免農產輸往日本","由殖民政府退出產業規劃，交由各地自行決定商品流向","1","建設基礎設施以利資源開發與殖民經濟","","殖民政府建設交通與產業設施，既提升行政控制，也利於原料運輸、商品生產及輸日。 正確答案：B「建設基礎設施以利資源開發與殖民經濟」。","[""查看鐵路、港口、糖業建設彼此的關聯。"",""判斷其服務於殖民經濟與資源運輸。"",""選B。""]","鐵路、港口與糖業設施可同時改善運輸並服務殖民經濟；基礎建設不等於政治自治或利益平均分配。","[]","","","","","","","","","","","","","","",""
"SOC-0109","社會","原創會考程度練習","","","九年級","臺灣史","霧社事件與殖民統治","中等","素養題","1930年霧社事件中，賽德克族人起事反抗殖民統治下的高壓管理與不平等待遇。依題幹，這場抗爭最直接反映哪段歷史背景？","清初渡臺限制與界線管理","荷蘭東印度公司的貿易與土地政策","日本殖民統治下的高壓管理與不平等待遇","戰後政府實施戒嚴後的政治抗爭","2","日本殖民統治下的高壓管理與不平等待遇","","霧社事件發生於1930年日本殖民統治時期；題幹已指出抗爭與殖民政府的高壓管理及不平等待遇有關。正解為 C「日本殖民統治下的高壓管理與不平等待遇」。","[""題幹把事件定在1930年，並明示賽德克族人起事反抗殖民治理。"",""1930年的臺灣處於日本統治時期；清初與荷蘭統治均早數百年，戰後戒嚴則在1945年之後。"",""依時間與抗爭對象判斷，選 C「日本殖民統治下的高壓管理與不平等待遇」。""]","霧社事件的背景涉及日本殖民統治下的多重壓迫；避免把複雜成因簡化成單一政策或單一事件。","[]","","","","","","","","","","","","","","",""
"SOC-0110","社會","原創會考程度練習","","","九年級","臺灣史","戰後臺灣政權轉變","中等","素養題","【歷史｜資料】1945年日本投降後，依盟軍命令在臺灣舉行受降與接收，之後由中華民國政府展開戰後治理。下列何者最適合描述這一變化？","臺灣恢復荷蘭統治","臺灣立即成為英國殖民地","臺灣回到鄭氏政權統治","臺灣由日本統治轉入戰後中華民國治理","3","臺灣由日本統治轉入戰後中華民國治理","","日本投降後，臺灣依盟軍命令進行受降與接收，之後由中華民國政府展開戰後治理。正解為 D「臺灣由日本統治轉入戰後中華民國治理」。此處描述的是戰後接收與治理變化，不把受降程序等同於其他法律文件的簽署日期。","[""定位材料中的年份1945年。"",""連結日本戰敗與殖民統治結束。"",""接收後由中華民國政府治理，選D。""]","描述1945年時應分清日本投降後的受降、接收與後續治理，勿把接收程序與其他法律文件的簽署日期混為一談。","[]","","","","","","","","","","","","","","",""
"SOC-0111","社會","原創會考程度練習","","","九年級","地理","臺灣地形與人口分布","中等","素養題","【地理｜地圖】一張臺灣地形圖顯示：中央山脈南北縱貫，西部山地與海岸之間有較寬廣的平原；東部平原狹窄。哪一地區最適合大規模發展稻作與人口聚集？","西部平原","中央山脈高地","東部狹長海岸","東部陡峭山麓","0","西部平原","","西部平原地勢較平坦、腹地較廣，較利於農業耕作、交通建設和人口聚集。 正確答案：A「西部平原」。","[""比較圖中各地的平坦土地與腹地。"",""排除高山與狹窄海岸地形。"",""西部平原最適合，選A。""]","看圖先比較西部平原與東部山地的可利用腹地；人口與稻作聚集要用地勢、土地面積解釋，不是說西部沒有災害。","[]","","","","","","","","","","","","","","",""
"SOC-0112","社會","原創會考程度練習","","","九年級","地理","臺灣季風與降雨分布","中等","素養題","【地理｜資料】某縣市年雨量約2,500毫米，夏季降雨集中，冬季較乾；另一縣市全年降雨較平均，冬季仍常有降雨。前者較可能位於臺灣何處？","澎湖群島","西南部沿海","北部或東北部","中央山脈高山區","1","西南部沿海","","題幹描述前者夏季降雨集中、冬季較乾，符合臺灣西南部受夏季西南氣流及午後對流降雨影響、冬季處於背風側的特徵；北部或東北部冬季常受東北季風降雨，與題幹相反。正確答案：B「西南部沿海」。","[""題目問的是「前者」：年雨量約2,500毫米，夏雨集中且冬季較乾。"",""臺灣北部與東北部冬季受東北季風影響，常有降雨；這符合題幹所述的另一縣市，而非前者。"",""前者的夏雨、冬乾型態符合西南部沿海，因此選B。""]","先比較兩地冬季降雨：北部、東北部受東北季風影響較明顯；夏雨集中且冬季偏乾，才是西南部線索。","[]","","","","","","","","","","","","","","",""
"SOC-0113","社會","原創會考程度練習","","","九年級","地理","季風與地形雨","中等","素養題","【地理｜資料】盛行東北季風時，迎風坡降雨明顯，西南部則較乾。最可能出現大量地形雨的區域為何？","澎湖背風側","西南部平原","臺灣東北部迎風坡","臺灣海峽中央","2","臺灣東北部迎風坡","","東北季風先抵達臺灣北部與東北部，氣流受地形抬升，容易形成地形雨。 正確答案：C「臺灣東北部迎風坡」。","[""辨識東北季風的來向。"",""判斷迎風坡位於北部、東北部。"",""選C。""]","東北季風迎風坡在北部、東北部；把風向、山脈位置和降雨位置連起來，不要只背「迎風面」。","[]","","","","","","","","","","","","","","",""
"SOC-0114","社會","原創會考程度練習","","","九年級","地理","降雨成因判讀","基礎","素養題","【地理｜示意圖】夏季午後，地表受熱使暖濕空氣上升，山區形成積雨雲並降下短時強降雨。這種降雨最可能是什麼？","鋒面雨","地形雨","融雪雨","對流雨","3","對流雨","","地表受熱使暖濕空氣上升，形成強烈對流雲系及午後雷陣雨，屬對流雨。 正確答案：D「對流雨」。","[""找出造成空氣上升的原因：地表受熱。"",""判斷暖濕空氣上升形成積雨雲。"",""這是對流雨，選D。""]","午後受熱、暖空氣上升和積雨雲是對流雨的線索；地形雨則是氣流遇山抬升，別把成因混為一談。","[]","","","","","","","","","","","","","","",""
"SOC-0115","社會","原創會考程度練習","","","九年級","地理","熱帶氣旋與災害","中等","素養題","【地理｜資料】夏季氣象圖顯示海面有低壓中心，周圍風向呈逆時針旋轉並向中心輻合，系統逐漸接近臺灣。此系統可能帶來什麼？","強風及豪雨","沙塵暴","全年穩定晴朗","冬季寒流與降雪","0","強風及豪雨","","熱帶氣旋接近臺灣時，常帶來強風及豪雨，並可能造成淹水、土石流等災害。 正確答案：A「強風及豪雨」。","[""由夏季海面低壓及旋轉風場辨識熱帶氣旋。"",""回想其主要天氣影響。"",""強風豪雨最符合，選A。""]","低壓中心、螺旋環流和夏季接近臺灣是熱帶氣旋線索；把天氣系統和強風豪雨等災害配對。","[]","","","","","","","","","","","","","","",""
"SOC-0116","社會","原創會考程度練習","","","九年級","地理","地形與水患風險","中等","素養題","【地理｜資料】某河川上游坡陡、河谷狹窄，下游平原人口密集。颱風期間短時間暴雨最可能造成哪種複合災害？","火山灰堆積與雪崩","上游洪水與下游淹水","沙漠化與湖泊結冰","海水退去與河道乾涸","1","上游洪水與下游淹水","","陡坡集水區暴雨後水流快速匯集，下游河川水位上升，人口密集的低地容易淹水。 正確答案：B「上游洪水與下游淹水」。","[""讀取地形：上游坡陡、下游低平。"",""連結暴雨造成快速逕流與洪峰。"",""判斷為上游洪水、下游淹水，選B。""]","沿著「上游陡坡暴雨快速匯流→下游水位上升→低地淹水」推因果，注意題目問複合災害。","[]","","","","","","","","","","","","","","",""
"SOC-0117","社會","原創會考程度練習","","","九年級","地理","地形與人口分布","中等","素養題","【地理｜資料】臺灣東部與西部相比，人口多集中在西部，主要原因最可能是什麼？","西部全年沒有颱風","東部冬季永遠不下雨","西部平原較廣，交通與產業發展空間較大","東部完全沒有河川","2","西部平原較廣，交通與產業發展空間較大","","西部平原腹地較大，農業、都市和交通設施較容易發展，因而聚集較多人口。 正確答案：C「西部平原較廣，交通與產業發展空間較大」。","[""比較東西部可供建設與耕作的土地。"",""西部較廣的平原提供較大發展空間。"",""選C。""]","解釋人口分布可比較平原腹地、交通可及性與產業空間；避免用「完全沒有」這類絕對說法判斷。","[]","","","","","","","","","","","","","","",""
"SOC-0118","社會","原創會考程度練習","","","九年級","地理","季風與地形屏障","中等","素養題","【地理｜資料】東北季風吹越中央山脈後，水氣已在迎風側形成降雨。臺灣哪一區較可能位於背風側、降雨較少？","東北角","宜蘭平原","花蓮海岸","西南部","3","西南部","","東北季風吹越中央山脈後，西南部較可能位於背風側，降雨通常較少。 正確答案：D「西南部」。","[""依季風方向找出東北側迎風面。"",""氣流越過山脈後水氣減少。"",""西南部較可能背風，選D。""]","先找東北季風迎風側，再判斷氣流越過中央山脈後的背風區；此題連結季風方向與地形屏障。","[]","","","","","","","","","","","","","","",""
"SOC-0119","社會","原創會考程度練習","","","九年級","地理","森林覆蓋與土壤沖蝕","中等","素養題","【地理｜資料】某水庫上游森林被大量砍伐後，暴雨期間河川含砂量增加、水庫淤積加快。最合理的因果解釋是什麼？","森林減少使土壤更容易被雨水沖蝕","森林減少使降雨停止","樹木會阻止所有河水流動","水庫淤積與上游土地利用無關","0","森林減少使土壤更容易被雨水沖蝕","","植被減少使地表較缺乏攔截與固土作用，暴雨沖蝕土壤並將泥砂帶入河川及水庫。 正確答案：A「森林減少使土壤更容易被雨水沖蝕」。","[""比較砍伐前後地表覆蓋情形。"",""判斷植被減少會增加土壤沖蝕。"",""泥砂進入水庫造成淤積，選A。""]","植被減少後，地表攔截雨水和根系固土的作用下降；暴雨沖蝕的泥砂會沿河進入水庫。","[]","","","","","","","","","","","","","","",""
"SOC-0120","社會","原創會考程度練習","","","九年級","地理","都市熱島與調適","中等","素養題","【地理｜資料】某城市夏季熱島明顯，密集建物白天吸熱、夜晚散熱慢。若要降低熱島效應，下列措施何者較有效？","移除行道樹","增加樹蔭與綠地","增加不透水鋪面","減少公園與綠地","1","增加樹蔭與綠地","","樹木遮蔭及綠地蒸散可降低地表吸熱與周遭氣溫，有助減輕都市熱島。 正確答案：B「增加樹蔭與綠地」。","[""辨識熱島與建物蓄熱、綠地不足的關係。"",""選擇能增加遮蔭與蒸散的措施。"",""增加樹蔭與綠地，選B。""]","都市熱島調適著重遮蔭、蒸散和減少蓄熱；樹木與綠地能同時改善日照曝曬及地表環境。","[]","","","","","","","","","","","","","","",""
"SOC-0121","社會","原創會考程度練習","","","九年級","公民","地方自治與議會監督","中等","素養題","【公民｜制度】小安不滿地方政府的道路施工決策，想向民意機關反映並要求監督。下列哪個機關最符合此功能？","法院","警察局","地方議會","地方法院檢察署","2","地方議會","","地方議會由民選代表組成，負有審議地方自治事項及監督地方政府等職責。 正確答案：C「地方議會」。","[""判斷題目詢問民意代表與監督功能。"",""區分行政機關與民意機關。"",""地方議會符合，選C。""]","題目問地方政府的監督機關，分辨負責議決、監督的地方議會與執行政策的地方政府；法院處理司法爭議。","[]","","","","","","","","","","","","","","",""
"SOC-0122","社會","原創會考程度練習","","","九年級","公民","行政救濟與司法審判","中等","素養題","【公民｜制度】市政府作成徵收土地的行政處分，居民依法先循訴願程序仍不服，欲請求司法審查，應向哪一機關提起行政訴訟？","市政府新聞處","地方議會黨團","戶政事務所","法院","3","法院","","行政處分的救濟通常先依法提起訴願；仍不服時，得依行政訴訟法向行政法院提起行政訴訟。題目已明示進入司法審查階段，因此選D「法院」。","[""辨認土地徵收是政府作成的行政處分。"",""題幹已說明訴願後仍不服，表示不是在問訴願階段。"",""司法審查由行政法院透過行政訴訟進行，選D。""]","救濟程序要分階段：對行政處分不服通常先訴願；訴願後仍不服才依題意向行政法院提行政訴訟。","[]","","","","","","","","","","","","","","",""
"SOC-0123","社會","原創會考程度練習","","","九年級","公民","民主選舉程序","基礎","素養題","【公民｜情境】班級舉辦班長選舉，候選人可公平競選，同學依規定秘密投票，得票結果公開計算。這些程序主要展現哪一種原則？","民主選舉","君主世襲","司法獨立","行政中立","0","民主選舉","","公平競選、秘密投票與公開計票都是民主選舉的重要程序，可保障選舉自由與公正。 正確答案：A「民主選舉」。","[""找出競選、投票及計票等程序線索。"",""判斷其保障的是選舉公平與選民自由。"",""選A。""]","本題在辨認民主選舉程序：公平競選、秘密投票與公開計票分別保障競爭公平、投票自主及結果可受檢驗。","[]","","","","","","","","","","","","","","",""
"SOC-0124","社會","原創會考程度練習","","","九年級","公民","媒體識讀與資訊查證","中等","素養題","【公民｜資料】新聞網站以「某校午餐全有毒」為標題，但內文只引用一則未具名貼文，且未查證。閱聽人較合宜的作法是什麼？","只看標題就判定為真","查找可靠來源並等待查證","把貼文改寫成更聳動的消息","立刻轉傳以提醒所有人","1","查找可靠來源並等待查證","","面對未查證訊息，應檢視來源、證據與其他可信報導，避免擴散錯誤資訊。 正確答案：B「查找可靠來源並等待查證」。","[""辨識訊息來源匿名且證據不足。"",""避免僅憑標題或單一貼文下結論。"",""查找可靠來源再判斷，選B。""]","遇到聳動標題先拆開標題與證據：核對原始來源、具名證詞和多方報導，再決定是否轉傳。","[]","","","","","","","","","","","","","","",""
"SOC-0125","社會","原創會考程度練習","","","九年級","公民","消費權益與申訴","中等","素養題","【公民｜情境】商品標示價格為新臺幣500元，結帳時卻要求消費者支付700元，且未事先說明額外費用。消費者首先可採取哪一種作法？","自行扣留店內商品","要求警察直接替自己判定賠償額","保留標示與收據，向業者反映並尋求消費申訴","公開消費者個資作為報復","2","保留標示與收據，向業者反映並尋求消費申訴","","消費者可保存交易證據，先與業者協商，必要時透過消費者服務或申訴管道處理。 正確答案：C「保留標示與收據，向業者反映並尋求消費申訴」。","[""確認標價與結帳金額不一致。"",""保存標示、收據等證據並循合法管道協商。"",""選C。""]","處理標價爭議先留下標價、交易紀錄與收據，再向業者反映；協商未果可循正式消費申訴管道。","[]","","","","","","","","","","","","","","",""
"SOC-0126","社會","原創會考程度練習","","","九年級","公民","外部性與公共成本","中等","素養題","【公民｜資料】某工廠排放廢水，可能污染下游居民共用的河川。這種影響最能說明何種概念？","市場交易只影響買賣雙方","公共財只能由私人獨占","污染與生產活動無關","外部成本由社會共同承受","3","外部成本由社會共同承受","","工廠生產造成污染，部分成本由未參與交易的居民承受，屬於負外部性或外部成本。 正確答案：D「外部成本由社會共同承受」。","[""辨認工廠以外的居民也受到影響。"",""判斷污染成本未完全由生產者承擔。"",""這是外部成本，選D。""]","判斷外部成本要問「誰受影響、是否參與交易、成本由誰承擔」；工廠外的下游居民承受污染是負外部性。","[]","","","","","","","","","","","","","","",""
"SOC-0127","社會","原創會考程度練習","","","九年級","公民","公共政策與資源分配","中等","素養題","【公民｜資料】某縣市公告每人每天限水，原因是水庫蓄水量偏低。此政策最直接的目標是什麼？","降低需求以維持有限水資源供應","鼓勵耗水產業增加用水","使水資源只供單一企業使用","取消所有家庭用水權","0","降低需求以維持有限水資源供應","","限水措施透過減少需求、優先分配必要用水，因應供應不足並維持公共生活所需。 正確答案：A「降低需求以維持有限水資源供應」。","[""從蓄水量偏低判斷面臨供應限制。"",""限水旨在降低整體需求並分配資源。"",""選A。""]","水庫蓄水偏低代表供給受限；限水是降低或調整需求、維持必要供水，不等於取消家庭用水權。","[]","","","","","","","","","","","","","","",""
"SOC-0128","社會","原創會考程度練習","","","九年級","公民","公共參與與陳情","中等","素養題","【公民｜資料】居民發現社區施工可能破壞老樹，於說明會提出意見，並向主管機關提交書面陳情。這主要是行使哪一種公民權利？","拒絕遵守所有法律","參與公共事務並表達意見","代替法院作成判決","直接撤換所有公務員","1","參與公共事務並表達意見","","參與說明會與提出陳情，都是人民表達意見、參與公共決策的方式。 正確答案：B「參與公共事務並表達意見」。","[""找出居民參與的公共議題。"",""辨識說明會發言與書面陳情的功能。"",""屬公共參與，選B。""]","居民在說明會發言並陳情，是表達意見及參與公共決策；這不會讓人民取代主管機關或法院職權。","[]","","","","","","","","","","","","","","",""
"SOC-0129","社會","原創會考程度練習","","","九年級","公民","權力分立與制衡","中等","素養題","【公民｜制度】立法院通過法律後，行政機關依法律執行政策；法院則在爭議發生時依法裁判。這種分工主要符合什麼原則？","權力集中於同一機關","行政機關可不受法律限制","權力分立與相互制衡","民意代表負責審理刑事案件","2","權力分立與相互制衡","","立法、行政與司法由不同機關行使，透過分工與制衡避免權力過度集中。 正確答案：C「權力分立與相互制衡」。","[""分辨立法、行政、司法各自的工作。"",""判斷不同機關分工可避免權力集中。"",""選C。""]","將立法、執行、裁判分別對應立法、行政、司法機關；分工與制衡的目的在防止權力集中，不是機關互相取代。","[]","","","","","","","","","","","","","","",""
"SOC-0130","社會","原創會考程度練習","","","九年級","公民","隱私權與個人資料","中等","素養題","【公民｜情境】同學在網路上張貼他人未公開的住址與電話，並號召網友騷擾。此行為最明顯侵害哪一項權利？","受教權","遷徙自由","財產繼承權","隱私權","3","隱私權","","未經同意公開他人住址與電話，會侵害個人資訊及生活不受任意揭露的隱私權。 正確答案：D「隱私權」。","[""找出被公開的內容：住址、電話。"",""判斷這些資訊涉及個人私領域。"",""受侵害的是隱私權，選D。""]","住址與電話可識別並涉及個人生活資訊；未經同意公開並號召騷擾，核心侵害是隱私與個資，而非列出的其他權利。","[]","","","","","","","","","","","","","","",""
"SOC-0131","社會","原創會考程度練習","","","九年級","公民","公共利益與利益調和","中等","素養題","【公民｜資料】社區居民反映夜市噪音，市政府調查後訂定營業時間與音量規範，並設置申訴管道。這項作法主要如何處理公共利益衝突？","在居民生活品質與商家營業需求間訂定規則","取消所有夜市活動與自治規範","將噪音爭議交由商家自行裁判","完全禁止居民表達意見","0","在居民生活品質與商家營業需求間訂定規則","","政府透過規範及申訴機制，調和居民安寧與商家營業自由等不同利益。 正確答案：A「在居民生活品質與商家營業需求間訂定規則」。","[""辨認爭議兩方：居民與商家。"",""理解規範及申訴機制用於調整衝突。"",""選A。""]","先找衝突雙方及各自權益，再判斷政府規範是否兼顧安寧與營業自由；利益調和不等於取消其中一方權利。","[]","","","","","","","","","","","","","","",""
"SOC-0132","社會","原創會考程度練習","","","九年級","公民","性別平等與就業","中等","素養題","【公民｜資料】某公司招募員工時，僅因求職者的性別而拒絕錄用，未考量其工作能力。此情形違反哪一項重要原則？","市場供需原則","性別平等與禁止歧視","地方自治原則","租稅法律主義","1","性別平等與禁止歧視","","以性別而非工作能力作為拒絕錄用理由，構成不平等對待，違反性別平等及禁止歧視原則。 正確答案：B「性別平等與禁止歧視」。","[""比較雇主採用的條件與職務能力要求。"",""判斷性別被用作不合理差別待遇。"",""選B。""]","雇用歧視題看雇主採用的理由是否與工作能力或職務必要條件相關；本題明示只因性別拒絕，故涉及性別平等。","[]","","","","","","","","","","","","","","",""
"SOC-0133","社會","原創會考程度練習","","","七年級上","地理","都市降雨與地表逕流","中等","單題選擇","短時間豪雨時，某市新開發區積水比周邊農地嚴重；該區柏油與水泥鋪面多，排水系統也未擴建。哪項解釋最合理？","都市鋪面使雨水更容易滲入土壤，因此地下水迅速增加","農地土壤完全不會吸收雨水，因此必然比市區淹水嚴重","不透水鋪面增加地表逕流，排水能力不足時容易積淹水","排水系統未擴建會使降雨量自動減少","2","不透水鋪面增加地表逕流，排水能力不足時容易積淹水","","柏油與水泥是不透水鋪面，雨水較難入滲，會增加短時間地表逕流；若排水容量不足，積水風險便升高。答案是 C。題幹說明的是降雨後的都市水文與排水，不是天氣系統改變降雨量。","[""市區有大量柏油、水泥鋪面，雨水較不易滲入地面。"",""不透水面增加地表逕流，排水容量未增加時容易積淹水，選 C。"",""這是降雨後的逕流與排水問題，不會使降雨量自行改變。""]","都市水患可從不透水面、地表逕流與排水容量一起判讀；不要把降雨成因和淹水原因混為一談。","[]","","","","","","","","","","","","","","",""
"SOC-0134","社會","原創會考程度練習","","","七年級下","地理","東北季風與迎背風降雨","中等","單題選擇","冬季東北季風帶來潮濕空氣，吹向臺灣時先遇到北部與東北部山地。相較於西南部，哪一區通常較容易出現迎風降雨？","西南部背風側","中央山脈背風側的西側平原","與季風方向相反的離島區域必定最多雨","北部與東北部","3","北部與東北部","","冬季東北季風的水氣先影響臺灣北部與東北部迎風側，地形抬升有利降雨；西南部常位於背風側，雨量相對較少。答案是 D。判讀需同時考慮季風方向與山脈位置，不能只看離島方位。","[""冬季東北季風從東北方吹向臺灣，先帶來潮濕空氣。"",""北部、東北部位於迎風側，較易降雨，選 D。"",""西南部常在中央山脈背風側；季風雨還須依風向與地形判斷。""]","迎風坡氣流受地形抬升較易降雨；判斷迎背風要先辨認季風來向與山脈位置。","[]","","","","","","","","","","","","","","",""
"SOC-0135","社會","原創會考程度練習","","","八年級上","地理","冷鋒過境與天氣變化","中等","單題選擇","冬季鋒面由北向南通過臺灣，測站記錄到氣溫下降、風向轉變，並短暫出現降雨。最可能造成這些變化的天氣系統是什麼？","冷鋒過境","夏季海陸風","熱帶高壓中心穩定控制","午後熱對流","0","冷鋒過境","","冷鋒通過時，冷空氣推進並取代暖空氣，常伴隨風向轉變、氣溫下降及鋒面降雨。題幹的季節與觀測變化符合冷鋒過境，答案是 A。午後對流與海陸風不能同時說明鋒面南下後的整組變化。","[""注意冬季鋒面由北向南通過，測站同時記錄降溫、轉風與短暫降雨。"",""冷鋒帶來冷空氣並抬升暖空氣，符合這些變化，選 A。"",""午後對流或海陸風不能解釋鋒面南下及氣溫明顯下降。""]","冷鋒過境常見氣溫下降、風向轉變與降雨；依連續觀測判讀，不要只背季節。","[]","","","","","","","","","","","","","","",""
"SOC-0136","社會","原創會考程度練習","","","八年級下","地理","乾旱與水資源管理","基礎","單題選擇","某地連續數月降雨偏少，水庫蓄水量持續下降。為兼顧民生與農業用水，哪項作法最能回應短期缺水？","只擴大抽取地下水，不監測水位或補注情形","依優先順序節水、減少漏水並調度可用水源，同時監測水情","取消所有農業灌溉，且不評估作物與民生需求","鼓勵增加不必要的用水，等待降雨恢復","1","依優先順序節水、減少漏水並調度可用水源，同時監測水情","","降雨長期偏少使水庫蓄水下降，短期應依用途優先順序節水、減少供水漏損並調度可用水源，同時掌握水情。答案是 B。無監測地抽地下水可能造成超抽，全面停灌也忽略民生、農業與作物差異。","[""降雨偏少數月且水庫蓄水量持續下降，顯示短期供水吃緊。"",""依優先順序節水、減少漏水及調度水源並監測水情，選 B。"",""不監測地下水恐超抽；全面停灌則未評估不同用水需求。""]","水資源管理需兼顧水量監測、節水、漏損與不同用水優先順序，避免依賴單一水源。","[]","","","","","","","","","","","","","","",""
"SOC-0137","社會","原創會考程度練習","","","九年級上","地理","熱浪風險與調適","基礎","單題選擇","氣象單位發布連續高溫警示，衛生所發現獨居長者中暑風險上升。社區哪種作法最能降低熱浪對脆弱族群的健康危害？","建議長者中午外出運動，以適應高溫","關閉公共避暑場所，避免增加管理成本","主動關懷、提供飲水與避暑空間，並提醒出現症狀時儘速求助","只張貼氣溫數字，不提供任何健康資訊","2","主動關懷、提供飲水與避暑空間，並提醒出現症狀時儘速求助","","高溫警示期間，獨居長者等脆弱族群較易中暑；主動關懷、補充飲水、提供涼爽避暑處並及時求助可降低健康風險。答案是 C。中午外出增加熱暴露，關閉避暑點或只公布溫度不足以提供保護。","[""高溫警示加上獨居長者，顯示需要優先保護熱傷害風險較高族群。"",""主動關懷、飲水與避暑空間能減少熱暴露並促進及時求助，選 C。"",""中午戶外運動會增加熱暴露；單有氣溫資訊不足以完成健康防護。""]","熱浪調適應優先關照老人、幼兒及慢性病患者，結合降溫場所、補水與健康警示。","[]","","","","","","","","","","","","","","",""
"SOC-0138","社會","原創會考程度練習","","","九年級下","地理","海陸風與地方環流","中等","單題選擇","夏日下午，臺灣西部沿海測站記錄到風由海面吹向陸地；入夜後風向轉為由陸地吹向海面。哪一項最能解釋這種日夜風向變化？","午後雷陣雨讓季風方向改變","地球自轉使風向每天固定反轉","潮汐漲退直接帶動整片空氣移動","海陸受熱快慢不同，形成海風與陸風","3","海陸受熱快慢不同，形成海風與陸風","","白天陸地升溫較快，近地面空氣上升，較涼的海面空氣補進陸地，形成海風；夜間陸地降溫較快，風向常反轉為陸風。答案為 D。季風是季節尺度的大範圍風系，不能解釋同一地點日夜反轉；潮汐也不是空氣流動的直接原因。","[""先辨認觀察尺度：題目描述同一沿海地點午後與夜間的風向，而非季節變化。"",""白天陸地較快升溫、夜間較快降溫，造成海陸間氣壓差與局部風向反轉，因此選 D。"",""季風屬季節性的大範圍風系；潮汐作用於海水，兩者都不是這種日夜近地風變化的直接成因。""]","判斷風向時先看時間尺度：日夜、沿海多半考海陸風；季節性的大範圍風向才考慮季風。","[]","","","","","","","","","","","","","","",""
"SOC-0139","社會","原創會考程度練習","","","七年級上","地理","颱風災害風險與防災","中等","單題選擇","颱風接近時，某山區連日豪雨，溪水暴漲且坡面已有裂縫。居民接到撤離通知後，哪一種做法最能降低生命風險？","依通知提早前往指定安全地點並避開溪谷、邊坡","到溪床附近查看水位是否真的上升","自行開車穿越積水路段，走最短路線下山","留在家中觀察雨勢，等道路淹水再出發","0","依通知提早前往指定安全地點並避開溪谷、邊坡","","連日豪雨、坡面裂縫與溪水暴漲都表示土石流或崩塌風險升高；收到撤離通知就應及早依指定路線離開，並遠離溪谷和坡地。答案為 A。等待可能錯過安全撤離時機，靠近溪床觀察或開車涉水則會暴露於突發洪水。","[""把題幹線索連起來：連日豪雨、溪水暴漲、坡面裂縫，代表洪水與崩塌風險正在升高。"",""災害前的撤離重點是提早依官方指示到安全地點，避免進入溪谷、河道與不穩定邊坡，因此選 A。"",""等待、靠近溪床觀察或開車涉水都會增加暴露風險；洪水可能快速上漲，不能以目測判斷安全。""]","防災題先分辨危害與暴露：豪雨加上坡裂、溪漲是撤離警訊，不要為了確認災情靠近危險區。","[]","","","","","","","","","","","","","","",""
"SOC-0140","社會","原創會考程度練習","","","七年級下","地理","都市熱島與綠地調節","中等","單題選擇","一座城市兩個測站在同一晴朗夜晚同步測量：市中心氣溫比近郊高 3°C；市中心不透水鋪面較多、樹蔭較少。哪一項最可能是造成差異的原因？","都市建物與鋪面白天蓄熱，夜間釋熱且蒸散降溫較弱","近郊海拔一定比市中心高，因此溫度必然較低","市中心距離太陽較近，接收的太陽能較多","都市人口較多，使空氣中的氧氣轉成冷空氣","0","都市建物與鋪面白天蓄熱，夜間釋熱且蒸散降溫較弱","","同一夜晚比較市區與近郊，且題幹指出市區硬鋪面多、樹蔭少，符合都市熱島的成因：建物與鋪面蓄熱後於夜間釋放，植被蒸散冷卻也較弱，因此答案為 A。海拔差並未提供，不能自行假設；城市與太陽距離的差異可忽略。","[""確認比較條件：兩地同一時間觀測，題幹提供市中心硬鋪面多、植被少的差異。"",""硬鋪面蓄熱並在夜間釋熱，植被少也減少蒸散冷卻，能解釋市中心夜間較暖，因此選 A。"",""題目沒有提供海拔差；城市距太陽的差異極小，人口也不會把氧氣轉成冷空氣，故其餘說法不成立。""]","圖表或測站比較要控制時間與天氣條件，再把溫度差連結到鋪面、建物蓄熱和植被蒸散。","[]","","","","","","","","","","","","","","",""
"SOC-0141","社會","原創會考程度練習","","","八年級上","公民","地方自治與公共參與","基礎","單題選擇","某市政府準備把閒置公有地改建成社區活動中心。居民希望了解預算、提出無障礙需求並影響設計，哪一項最符合民主參與地方公共事務的方式？","只在工程完工後於網路留言，不再向機關反映","透過公開說明會或正式陳情提供意見，並要求機關依法公開資訊、回應評估","自行占用公有地施工，迫使市府改變計畫","要求承包廠商私下修改預算，避免留下公開紀錄","1","透過公開說明會或正式陳情提供意見，並要求機關依法公開資訊、回應評估","","社區居民可透過公開說明會、陳情等合法管道，在決策過程提出需求；機關應依適用法律與程序處理相關資訊公開及意見。答案為 B，但提出意見不代表機關必須採納。事後留言難以確保參與決策；占地施工或私下要求改帳則不是合法民主參與。","[""辨認這是地方政府規劃公有設施，居民的目標是在設計與資源配置定案前表達公共需求。"",""公開說明會或正式陳情可讓意見依程序進入處理與評估，因此選 B；不代表意見必然被採納。"",""事後留言未必能參與決策；自行占地或私下改預算違反合法、透明的公共程序。""]","透過合法、公開管道表達意見，機關依程序處理並評估；不代表意見必然被採納。","[]","","","","","","","","","","","","","","",""
"SOC-0142","社會","原創會考程度練習","","","八年級下","歷史","史料判讀與推論界線","中等","單題選擇","研究者在一處聚落遺址出土大量紡輪、陶器與穀物炭化痕跡，卻沒有發現文字紀錄。根據這些考古證據，哪一項推論最有根據？","居民必定由某一位君主統一統治","居民已建立有成文法的中央政府","居民可能從事紡線、使用陶器並利用穀物","全體居民都以同一種語言交談","2","居民可能從事紡線、使用陶器並利用穀物","","紡輪支持紡線活動，陶器出土支持居民曾使用陶器，穀物炭化痕跡支持穀物利用，因此答案為 C。考古物證可以支持與出土物直接相關的推論，但沒有窯址、未燒陶坯等製作證據，不能斷言當地製陶；也不能據此判定統治者、成文法或所有居民的共同語言。","[""把每種出土物與可觀察活動相連：紡輪支持紡線，陶器支持使用陶器，穀物痕跡支持穀物利用。"",""這些證據直接支持居民具有相關生產或生活活動，因此選 C。"",""沒有文字與政治制度證據時，不能進一步斷定君主、成文法、中央政府或共同語言；推論須受史料範圍限制。""]","史料判讀要區分「證據直接支持」與「想像補充」；陶器能證明使用陶器，不足以單獨證明當地製陶。","[]","","","","","","","","","","","","","","",""
"SOC-0143","社會","原創會考程度練習","","","九年級上","地理","比例尺與實際距離換算","中等","單題選擇","一張地圖的比例尺為 1：25,000。兩個村落在地圖上的直線距離是 4 公分，實際直線距離約為多少？","100 公尺","10 公里","100 公里","1 公里","3","1 公里","","比例尺 1：25,000 表示地圖 1 公分代表實地 25,000 公分。4 公分代表 100,000 公分，換算為 1,000 公尺，也就是 1 公里，所以答案是 D。換算時先乘比例尺，再把公分轉成公里，不能把地圖距離直接當實際距離。","[""依比例尺 1：25,000，地圖 1 公分代表實地 25,000 公分。"",""地圖 4 公分乘以 25,000，得到實地 100,000 公分。"",""100,000 公分 = 1,000 公尺 = 1 公里，因此選 D。""]","比例尺計算先統一單位；本題 100,000 公分要再換成 1 公里，別漏掉單位轉換。","[]","","","","","","","","","","","","","","",""
"SOC-0144","社會","原創會考程度練習","","","九年級下","地理","人口密度與聚落分布","中等","單題選擇","甲、乙兩地的人口與面積如下：甲地 12 萬人、30 平方公里；乙地 20 萬人、100 平方公里。哪一項比較正確？","甲地人口密度為每平方公里 4,000 人，高於乙地的 2,000 人","兩地人口密度相同，都是每平方公里 6,000 人","乙地面積較大，所以人口密度必定較高","甲地人口總數較少，因此人口密度也較低","0","甲地人口密度為每平方公里 4,000 人，高於乙地的 2,000 人","","人口密度＝人口÷面積。甲地 120,000÷30＝每平方公里 4,000 人；乙地 200,000÷100＝每平方公里 2,000 人，因此答案是 A。比較密度必須同時考慮人口與面積，不能只看人口總數或面積大小。","[""人口密度的公式是人口除以面積，先把兩地各自計算。"",""甲地 120,000÷30＝4,000 人／平方公里；乙地 200,000÷100＝2,000 人／平方公里。"",""甲地密度較高，所以選 A；密度不是單看總人口或面積判斷。""]","人口密度要算「人口÷面積」；人口多的地方不一定比較擁擠，還要看土地面積。","[]","","","","","","","","","","","","","","",""
"SOC-0145","社會","原創會考程度練習","","","七年級上","公民","權力分立與司法救濟","中等","單題選擇","市民不服市政府作成的罰鍰處分，認為事實認定錯誤；依法完成訴願程序後仍有爭議，接下來最適合透過哪個機制尋求救濟？","向立法院請求重新表決地方政府的個案處分","向法院提起行政訴訟，由司法機關依法審理","要求行政機關自行擔任法院並作成終局判決","由民意代表直接撤銷法院尚未審理的處分","1","向法院提起行政訴訟，由司法機關依法審理","","罰鍰是行政機關作成的行政處分；依法完成行政救濟程序仍有爭議時，可依規定向行政法院提起行政訴訟，由司法機關審查處分是否合法。答案為 B。立法機關不負責審判個案，行政機關也不能取代法院作終局判決。","[""辨認爭議來源：市政府作成罰鍰，屬行政處分；題幹並說明已完成訴願程序。"",""後續可依法向行政法院提起行政訴訟，由司法機關審查行政處分，因此選 B。"",""立法院不審理個案，行政機關也不能代替法院作成終局判決，故其餘選項不合權力分立。""]","先分清爭議是行政處分還是司法判決；對行政處分不服，依序使用法定行政救濟，再依法提起行政訴訟。","[]","","","","","","","","","","","","","","",""
"SOC-0146","社會","原創會考程度練習","","","七年級下","經濟","需求變動與均衡價格","基礎","單題選擇","某地近日流行喝無糖茶，許多消費者開始購買。若其他條件不變，無糖茶市場最可能出現哪種變化？","需求減少，均衡價格與交易量都下降","供給減少，均衡價格下降而交易量上升","需求增加，均衡價格與交易量都上升","需求不變，只有生產者成本必定上升","2","需求增加，均衡價格與交易量都上升","","流行使消費者對無糖茶的偏好提升，在各價格下願意購買的數量增加，代表需求曲線右移。若供給條件不變，新的均衡價格和交易量都會上升，因此答案為 C。這是需求變動，不是供給減少；也不是單純沿原需求曲線移動。","[""消費者偏好改變，代表每一個價格下都想購買更多無糖茶，是需求增加。"",""需求增加使需求曲線右移；若供給不變，均衡價格與均衡交易量都提高。"",""所以選 C；供給減少是供給曲線移動，與題幹的消費偏好變化不同。""]","先看改變的是消費者偏好、所得等需求因素，還是生產成本等供給因素；再判斷均衡價量方向。","[]","","","","","","","","","","","","","","",""
"SOC-0147","社會","原創會考程度練習","","","八年級上","歷史","史料類型與第一手資料","基礎","單題選擇","研究日治時期地方生活的學生找到一張 1930 年代居民親筆書信，信中描述當時的工作與物價。若要了解寫信者當時的生活經驗，這封信最適合視為哪一類史料？","後人編寫的通史，已完整代表所有居民的經驗","考古遺物，因為任何紙本文字都屬實物遺跡","官方統計資料，因為私人書信必然涵蓋全臺人口","第一手史料，可作為當時個人經驗的直接記錄","3","第一手史料，可作為當時個人經驗的直接記錄","","書信由當時的居民親筆寫成，且直接描述其生活經驗，因此是第一手史料，答案為 D。不過它只呈現寫信者及其所處情境，不能直接代表所有居民；書信是文字史料，不是考古遺物或官方統計。","[""確認材料的作者與時間：居民在 1930 年代親筆寫信，與研究時代相同。"",""它直接記錄作者的生活觀察，屬第一手文字史料，因此選 D。"",""第一手史料只代表其作者與具體情境，不能推廣成全體居民經驗，也不是統計或考古遺物。""]","史料的一手或二手要看材料與研究事件的關係；一手材料接近當時，但仍有作者立場與代表性限制。","[]","","","","","","","","","","","","","","",""
"SOC-0148","社會","原創會考程度練習","","","八年級下","地理","河流地形與等高線判讀","中等","單題選擇","登山地圖上，一組等高線在穿越河谷處呈現尖端朝向高海拔的一側。這種 V 字形彎曲最可能表示什麼地形關係？","河谷向上游延伸，等高線的 V 字尖端指向上游","河流必定由低海拔流向高海拔","V 字尖端標示山脊延伸方向","該處地勢平坦，沒有高低起伏","0","河谷向上游延伸，等高線的 V 字尖端指向上游","","河流侵蝕形成的谷地會使等高線在跨越河谷時彎曲，V 字尖端通常指向上游、也就是較高海拔的一側；河水則朝較低處流，所以答案為 A。不能把等高線 V 字方向誤當成河水流向。","[""先看等高線跨越河谷時的形狀：題目指出形成朝高海拔側的 V 字彎曲。"",""河谷等高線的尖端指向上游與高處，故選 A。"",""河水由高處流向低處，方向與 V 字尖端相反；V 字並非平坦地或山脊的標記。""]","等高線跨河谷呈 V 字時，尖端朝上游；先判讀地形，再另外判斷水流方向。","[]","","","","","","","","","","","","","","",""
"SOC-0149","社會","原創會考程度練習","","","九年級上","經濟","需求價格彈性與總收益","中等","單題選擇","某商品價格上漲 10% 後，消費者購買量只減少 2%。若其他條件不變，這段價格變動期間的需求價格彈性與總收益變化最可能為何？","需求富有彈性；總收益下降","需求缺乏彈性；總收益上升","需求單位彈性；總收益不變","無法判斷彈性，因為價格與數量方向相反","1","需求缺乏彈性；總收益上升","","以百分比變動比較，需求量減少 2% 小於價格上漲 10%，需求價格彈性小於 1，屬缺乏彈性。總收益變化要直接比較價格與數量乘積：1.10 × 0.98＝1.078，表示新總收益是原來的 107.8%，增加 7.8%，因此答案為 B。這是沿需求曲線的價格變動。","[""比較需求量百分比變動 2% 與價格百分比變動 10%；需求量反應較小，彈性小於 1。"",""總收益新舊比為 1.10 × 0.98＝1.078，即上升 7.8%，所以總收益增加。"",""答案為 B；價格上漲造成沿需求曲線移動，偏好或所得等需求條件並未改變。""]","需求彈性比較百分比變動，不是比較絕對數字；缺乏彈性時，價格與總收益通常同方向變動。","[]","","","","","","","","","","","","","","",""
"SOC-0150","社會","原創會考程度練習","","","九年級下","公民","地方議會監督與預算審議","基礎","單題選擇","市政府提出年度總預算案，市民希望確認公共建設經費是否合理。地方民意代表機關最適合透過哪項職權進行監督？","由市議會直接指揮法院判決工程爭議","由市議會取代市政府執行所有公共工程","由市議會審議預算並質詢市政府施政","由市議會要求選民停止監督預算使用","2","由市議會審議預算並質詢市政府施政","","地方議會代表地方民意，具有審議地方預算、質詢地方行政機關等監督職權，因此答案為 C。市政府負責行政執行，法院負責依法審判；權力分立下議會不代替兩者執行工作或裁判個案。","[""題幹關注市政府年度預算，屬地方行政機關提出的公共資源規劃。"",""市議會可審議地方預算並質詢市政府施政，履行民意監督，因此選 C。"",""議會不指揮法院判決，也不取代市政府執行工程；不同機關各有職權。""]","辨認地方治理題時，記得議會負責審議、質詢和監督，市政府負責行政執行。","[]","","","","","","","","","","","","","","",""
"SOC-0151","社會","原創會考程度練習","","","七年級上","歷史","交通建設與商品流通","基礎","單題選擇","某時期鐵路逐步連接產地、城鎮與港口，農產品可較快運往出口港。這項交通變化最可能帶來哪種影響？","鐵路使所有農村居民立即轉為公務員","各地交易完全停止，地方經濟彼此隔絕","港口不再需要與內陸產地聯絡","產地與市場聯繫增加，商品流通範圍擴大","3","產地與市場聯繫增加，商品流通範圍擴大","","鐵路降低產地、城鎮與港口間運送商品的時間與成本，使農產品更容易進入較大的市場與出口網絡，因此答案為 D。交通改善會增加區域聯繫，但不代表地方交易消失，也不能推論所有居民立即改變職業。","[""找出交通建設帶來的直接變化：鐵路把產地、城鎮和港口連起來。"",""運輸更便利，商品可進入更廣的市場與出口網絡，因此選 D。"",""交通改善不等於交易停止或居民職業全部改變；推論限於題目提供的流通證據。""]","歷史題由交通設施推影響時，先連結運輸成本、速度和市場範圍，再避免推論到沒有證據的全面社會改變。","[]","","","","","","","","","","","","","","",""
"SOC-0152","社會","原創會考程度練習","","","七年級下","地理","都市土地利用與交通規劃","基礎","單題選擇","某市新住宅區人口快速增加，但多數居民每天必須開車到市中心上班，尖峰道路日益壅塞。若要兼顧通勤與土地永續利用，哪種規劃最合適？","在大眾運輸站周邊集中混合住宅與日常服務，並提升步行及接駁便利","把住宅區再往外擴張，讓每戶都依賴汽車通勤","在所有道路旁移除人行道以增加停車空間","將工作機會全部集中到單一市中心，不改善交通連結","0","在大眾運輸站周邊集中混合住宅與日常服務，並提升步行及接駁便利","","在大眾運輸站周邊安排住宅、商店和公共服務，並連接步行與接駁，可降低日常活動對汽車的依賴，也縮短通勤距離，因此答案為 A。向外擴張、拆除人行道或只集中工作而不改善交通，反而會加劇壅塞與能源消耗。","[""確認問題是住宅區外擴、汽車通勤增加造成的壅塞。"",""把住宅、服務與大眾運輸整合，可縮短日常移動並提供汽車以外的選擇，因此選 A。"",""繼續向外擴張或拆人行道會增加汽車依賴；只集中工作而不改善交通也不能解決通勤問題。""]","永續都市規劃重視土地混合使用、大眾運輸與安全步行環境，避免把生活機能和住宅過度分散。","[]","","","","","","","","","","","","","","",""
"SOC-0153","社會","原創會考程度練習","","","八年級上","地理","河流上中下游地形作用","中等","單題選擇","某河流上游河床坡度大、流速快，沿岸可見深切河谷與大型裸露岩塊；下游則河道較寬、坡度較緩。上游主要地形作用最可能是什麼？","沉積作用完全停止，河道不再改變","侵蝕作用較強，向下切割河床","只有側向堆積，沒有任何侵蝕","河流流速較慢，細砂全面堆積","1","侵蝕作用較強，向下切割河床","","上游坡度大、流速快，河水向下切割河床的能力較強，容易形成深切河谷並搬運較大岩塊，因此答案為 B。下游坡度緩、流速較慢，沉積作用相對明顯；不能把上下游特徵混為一談。","[""從坡度與流速判斷河段：上游坡度大、流速快，水流能量較強。"",""較強水流以向下侵蝕和搬運為主，可形成深切河谷，因此選 B。"",""下游較緩、較慢，沉積作用相對增加；「細砂全面堆積」不是上游主要特徵。""]","先判斷河段的坡度與流速：上游通常侵蝕、搬運較強，下游流速減緩後沉積較明顯。","[]","","","","","","","","","","","","","","",""
"SOC-0154","社會","原創會考程度練習","","","八年級下","歷史","臺灣早期海上貿易與政權","中等","單題選擇","17 世紀荷蘭東印度公司在臺灣南部建立據點，並利用港口與周邊產地收購糖、鹿皮等商品外銷。這些現象最能說明當時臺灣何種發展？","臺灣完全脫離亞洲海上貿易網絡","臺灣已建立由各地居民民主選出的全島政府","臺灣被納入區域海上貿易，產地商品與外部市場連結增加","糖與鹿皮只供島內使用，與港口貿易無關","2","臺灣被納入區域海上貿易，產地商品與外部市場連結增加","","港口、外銷與公司收購商品顯示臺灣南部產地被納入區域海上貿易，商品生產與外部市場連結加深，因此答案為 C。題幹並未顯示全島民主政府，也明確提到外銷，不能說商品只供島內使用。","[""抓題幹中的關鍵詞：港口、收購、外銷，這些都指向跨區域貿易。"",""臺灣南部產地透過港口把糖、鹿皮等商品送往外部市場，因此選 C。"",""材料沒有支持全島民主政權；「外銷」也直接排除商品只在島內流通的說法。""]","歷史題可從港口、外銷和商品種類判斷區域貿易連結；不要把局部據點推成全島政治制度。","[]","","","","","","","","","","","","","","",""
"SOC-0155","社會","原創會考程度練習","","","九年級上","公民","選舉制度與公平競爭","基礎","單題選擇","某地選舉中，各候選人都能依法登記、公開政見；選民可在無人監看下投票，開票結果由選務機關公開。這些安排主要保障哪項原則？","由政府預先指定當選人，避免選民意見不同","限制候選人公開政見，讓競選資訊保持一致","由候選人代替選民投票，降低投票人數","選舉公平與投票秘密，使選民能自由表達選擇","3","選舉公平與投票秘密，使選民能自由表達選擇","","候選人依法登記並公開政見，提供公平競爭與資訊；選民不受監看投票，則保障秘密投票，使其能依意願選擇，因此答案為 D。政府指定當選人或由候選人代投，都違反自由、公平選舉原則。","[""題目同時提到候選人依法登記、政見公開及選民不受監看投票。"",""公平競爭與秘密投票保障選民能自主表達選擇，因此選 D。"",""政府預定當選人或由候選人代投會剝奪選民決定權，與民主選舉相反。""]","公民題注意公平競爭、資訊公開與秘密投票；秘密投票是避免外力監控或施壓，不等於隱藏開票結果。","[]","","","","","","","","","","","","","","",""
"SOC-0156","社會","原創會考程度練習","","","九年級下","經濟","負外部性與污染治理","基礎","單題選擇","工廠排放污染降低了附近居民的生活品質，但產品價格沒有反映這項健康與環境成本。若要使市場價格更能反映社會成本，政府最適合採取哪種措施？","對排放污染課徵適當費用並監測排放，促使廠商納入外部成本","要求居民自行購買工廠產品作為補償","禁止居民取得空氣品質資訊","補貼工廠增加污染排放量","0","對排放污染課徵適當費用並監測排放，促使廠商納入外部成本","","污染造成的健康與環境損害由居民承受，卻未計入產品價格，是負外部性。排放費與監測可促使廠商承擔部分外部成本、減少過量污染，因此答案為 A。補貼污染或限制資訊不會讓價格反映社會成本。","[""找出外部成本：工廠排放造成居民健康與環境損害，但市場價格未反映。"",""對排放課費並監測，可讓污染者承擔部分社會成本，鼓勵減排，因此選 A。"",""補貼更多排放或隱藏資訊會惡化外部成本，不能使價格更接近社會成本。""]","負外部性題先找未被價格反映的第三方成本，再評估污染費、標準或責任制度如何讓成本內部化。","[]","","","","","","","","","","","","","","",""
"SOC-0157","社會","原創會考程度練習","","","七年級上","地理","農業區位與地形條件","基礎","單題選擇","臺灣某山區坡地排水良好、氣候涼爽，居民種植茶樹；鄰近平原則以稻米為主。哪一項最能解釋兩地農業差異？","山區氣溫較低，所以稻米一定完全無法生長","坡地與平原的地形、排水及氣候條件不同，適合的作物也不同","所有作物都只能在平原生長，山區茶樹只是例外錯誤","農業分布只由行政區界線決定，與自然條件無關","1","坡地與平原的地形、排水及氣候條件不同，適合的作物也不同","","茶樹適合排水良好的坡地環境，稻作通常需要較平坦、可蓄水的田地；海拔與氣候也會影響作物生長，因此答案為 B。不能由較涼爽就推論山區完全不能種稻，農業分布也不只是行政區劃造成。","[""比較兩地條件：山區坡地較涼、排水快；平原較平坦且可整地蓄水。"",""茶樹適合排水良好的坡地，稻作較適合平坦水田，因此自然條件會影響農業區位，選 B。"",""氣候差異不代表山區完全不能種稻；行政區界線也不是農作物分布的唯一因素。""]","農業區位常同時考慮地形、氣候、水源、土壤和交通；避免把「較適合」誤說成「只能種」。","[]","","","","","","","","","","","","","","",""
"SOC-0158","社會","原創會考程度練習","","","七年級下","地理","坡地開發與土壤沖蝕","中等","單題選擇","山坡原有森林被大面積移除後改建成道路與建築，暴雨時附近溪流變得混濁，坡腳也堆積大量泥砂。最可能的原因是什麼？","道路增加讓地下水全部轉成海水","森林移除使重力停止作用，泥砂因此上坡移動","植被減少使土壤較易受雨滴沖刷，坡地逕流帶走泥砂","暴雨必定讓所有泥砂在坡頂固定不動","2","植被減少使土壤較易受雨滴沖刷，坡地逕流帶走泥砂","","森林植被能攔截雨滴、固定表土並增加入滲；移除植被且增加不透水地表後，雨水逕流容易沖蝕裸露坡土並把泥砂帶進溪流，因此答案為 C。泥砂沉積在坡腳符合重力與流水搬運，不會因道路興建而向上坡移動。","[""辨認土地改變：森林被移除，部分地表轉成道路與建築，植被與入滲條件減少。"",""暴雨逕流更易沖刷裸露表土並把泥砂搬至溪流和坡腳，因此選 C。"",""坡腳泥砂堆積符合水流、重力搬運；道路不會讓重力停止，也不會使泥砂上坡。""]","坡地災害題連結植被、入滲、逕流與土壤穩定；森林移除常提高沖蝕與泥砂輸送風險。","[]","","","","","","","","","","","","","","",""
"SOC-0159","社會","原創會考程度練習","","","八年級上","經濟","機會成本與選擇","中等","單題選擇","小芸週末只有 3 小時，可以選擇複習數學，或到社區打工賺 600 元。她決定留在家複習數學。若只考慮題目提供的選項，她放棄的機會成本是什麼？","複習數學所花的全部時間與努力","她已經得到的數學成績提升","週末的所有休閒和睡眠時間，不論是否能選擇","放棄打工可賺取的 600 元","3","放棄打工可賺取的 600 元","","機會成本是作出選擇時放棄的最佳替代方案價值。小芸選擇複習數學，放棄最明確的替代方案是 3 小時打工可賺的 600 元，因此答案為 D。複習的努力是所選活動的成本，不是放棄的替代選項價值。","[""找出她實際選擇的方案：留在家複習數學。"",""列出放棄的最佳替代選項：到社區打工可得 600 元，因此選 D。"",""機會成本不是複習本身的努力，也不是未被列為可選方案的所有休閒時間。""]","機會成本看「放棄的最佳替代方案」，不是把所有付出的時間、金錢都加總。","[]","","","","","","","","","","","","","","",""
"SOC-0160","社會","原創會考程度練習","","","八年級下","公民","個人資料保護與目的限制","中等","單題選擇","補習班要求學生提供姓名、地址、家長電話與身分證字號，卻沒有說明用途，只表示「不填就不能參加免費試聽」。學生最適合如何處理個人資料？","先詢問蒐集目的、使用範圍及必要性，只提供合理必要資料","不詢問用途，先提供資料以免失去任何服務","代填他人的身分證字號，避免自己資料被使用","把所有資料公開貼在社群網站，讓大家協助確認","0","先詢問蒐集目的、使用範圍及必要性，只提供合理必要資料","","蒐集個人資料應有明確目的並限於必要範圍。學生可先詢問資料用途、利用方式與必要性，再判斷是否提供合理所需資料，因此答案為 A。公開資料或代填他人資料會帶來更大風險；不應在不知用途時交出高度敏感資訊。","[""先確認業者蒐集哪些資料、要達成什麼目的，以及各項資料是否必要。"",""詢問目的與使用範圍，再只提供合理必要資料，是較能兼顧服務與個資安全的作法，因此選 A。"",""公開個資或填入他人身分資料都會新增風險；不清楚用途就不宜交出敏感資訊。""]","個資題採最小必要原則：先確認蒐集目的、範圍和保護方式，再判斷資料是否與服務相稱。","[]","","","","","","","","","","","","","","",""
"SOC-0161","社會","原創會考程度練習","","","九年級上","歷史","清代臺灣行政建置與治理","基礎","單題選擇","清代將臺灣納入福建省治理，後來又增設行政區與官員，以加強對島內的管理。從這項變化可以合理推知清廷當時的治理方向為何？","完全取消地方行政，所有居民改由村落自行立法","增加行政管理層級，以擴大對臺灣的治理","把臺灣交由荷蘭東印度公司統治","不再關心臺灣地方事務，也不設任何官員","1","增加行政管理層級，以擴大對臺灣的治理","","將臺灣納入省級治理並增設行政區、官員，反映清廷逐步增加行政管理以加強對地方的控制，因此答案為 B。這不表示地方自治完全消失，也不能把清代治理誤認為荷蘭公司統治；題幹說明清廷確有派官管理。","[""找出制度線索：臺灣納入省級治理，並增設行政區與官員。"",""行政區與派官增加，表示中央加強行政管理，因此選 B。"",""題幹沒有說取消所有地方事務，也不是荷蘭統治；應依所述時代與制度判斷。""]","清代臺灣治理題要分辨中央行政建置、地方管理與實際控制程度；增設行政區可反映管理加強，但不代表治理無限制。","[]","","","","","","","","","","","","","","",""
"SOC-0162","社會","原創會考程度練習","","","九年級下","地理","都市化與人口移動","中等","單題選擇","某縣市近十年總人口變化不大，但人口逐漸集中到少數市區，工作機會也集中於市區；偏遠鄉鎮學校招生減少，市區通勤需求增加。哪一項最可能解釋這些現象？","全縣人口必定大幅增加，才能造成市區人口集中","市區人口減少，所以通勤需求同步增加","都市化使人口向市區集中；居住與工作地點分離增加通勤需求","人口分布與學校招生及通勤需求完全無關","2","都市化使人口向市區集中；居住與工作地點分離增加通勤需求","","全縣總人口穩定並不妨礙人口在縣內重新分布。人口與工作機會集中於市區，會改變城鄉人口分布；居住與工作地點分離也提高通勤需求，並可能使偏遠鄉鎮招生減少，因此答案為 C。不能只由市區集中推論全縣總人口必定增加。","[""先區分總人口和縣內人口分布：題幹說總量變化不大，但市區人口集中。"",""人口和工作機會都集中於市區，居住與就業地點分離會增加通勤；人口外移也可能使偏遠地區招生減少，因此選 C。"",""人口分布改變不代表縣市總人口必定增加；人口與公共服務需求會受到空間分布影響。""]","人口題分清總量、自然增加和遷移造成的分布變化；總人口不變時，城鄉人口仍可能重新分配。","[]","","","","","","","","","","","","","","",""
"SOC-0163","社會","原創會考程度練習","","","七年級上","地理","人口轉型與高齡化","中等","單題選擇","某地近年出生率下降、平均壽命延長，65 歲以上人口占總人口的比例持續上升。這種人口結構變化最可能帶來哪項社會挑戰？","高齡人口比例上升會自動讓出生率恢復","學齡人口必定立刻增加，學校教室全面不足","人口年齡結構不會影響公共服務需求","扶養與長期照顧需求增加，社會福利及勞動力配置面臨調整","3","扶養與長期照顧需求增加，社會福利及勞動力配置面臨調整","","出生率下降會使年輕人口占比降低，壽命延長則提高高齡人口比例；當 65 歲以上人口比率增加，長期照顧、醫療及退休保障需求通常上升，勞動力與福利資源也需調整，因此答案為 D。高齡化不會自動提高出生率，學齡人口也不會因此增加。","[""辨認兩項人口變化：出生率下降、平均壽命延長，都會使人口年齡結構偏向高齡。"",""高齡人口比例提高，長照、醫療和退休保障需求通常增加，故選 D。"",""高齡化不會自動帶來較高出生率或較多學齡人口，公共服務需求也會隨年齡結構改變。""]","人口高齡化常由低出生率與壽命延長共同推動；解讀影響時看年齡結構及照顧、福利需求，不要只看總人口。","[]","","","","","","","","","","","","","","",""
"SOC-0164","社會","原創會考程度練習","","","七年級下","經濟","公共財與搭便車問題","中等","單題選擇","偏遠海岸的導航燈塔提供所有船隻辨識航道的服務，難以只讓付費船隻使用，也不會因一艘船使用而妨礙其他船隻。這項服務最符合哪種經濟特性？","公共財特性，可能出現使用者不付費而搭便車的問題","私有財特性，因為每艘船使用會耗盡燈塔光線","稀少資源特性，因此只能由一艘船使用","外部成本特性，因為導航服務必然污染海洋","0","公共財特性，可能出現使用者不付費而搭便車的問題","","燈塔服務難以排除未付費船隻，具非排他性；一艘船使用不會減少其他船隻可獲得的服務，具非競爭性，符合公共財特徵。難以排除使用者可能造成搭便車，因此答案為 A。燈塔服務不會因船隻使用而耗盡，也沒有題目所述的必然污染。","[""檢查能否排除未付費者：題幹說明難以只讓付費船隻使用，呈現非排他性。"",""一艘船使用不會妨礙其他船隻獲得導航服務，呈現非競爭性，因此符合公共財，選 A。"",""非排他性可能使部分使用者不付費仍受益，形成搭便車；服務不是會被用完的私有財。""]","公共財常用非排他性與非敵對性辨認；公共服務可能有搭便車問題，但不等於任何政府服務都必然是純公共財。","[]","","","","","","","","","","","","","","",""
"SOC-0165","社會","原創會考程度練習","","","八年級上","公民","媒體識讀與資訊查證","中等","單題選擇","社群平台出現一則「明天全市停課」的轉傳訊息，沒有發布日期與來源連結。學生想確認是否屬實，哪一種做法最可靠？","只根據留言區第一則匿名留言決定","查詢市政府或教育主管機關的最新正式公告，核對日期與適用範圍","看轉傳次數很多，就認定訊息是真的","把訊息改成肯定語氣再轉傳，提醒更多人","1","查詢市政府或教育主管機關的最新正式公告，核對日期與適用範圍","","停課資訊可能因日期、地區或學校類別而不同，應查市政府或教育主管機關的最新正式公告，並核對發布時間與適用範圍，因此答案為 B。轉傳數量和匿名留言不能證明真實性；未查證就轉傳可能造成錯誤訊息擴散。","[""先留意訊息缺少日期和來源，且停課決定可能有地區與對象限制。"",""直接查市政府或教育主管機關的正式最新公告，核對日期、地區和適用對象，因此選 B。"",""熱門轉傳或匿名留言不等於可靠證據；查證前不要再擴散未確認的停課消息。""]","查訊息時確認發布者、日期、原始來源與適用範圍；高轉傳量不是正確性的證據。","[]","","","","","","","","","","","","","","",""
"SOC-0166","社會","原創會考程度練習","","","八年級下","歷史","馬關條約與臺灣割讓","基礎","單題選擇","1895 年清朝與日本簽訂《馬關條約》，條約內容包括將臺灣、澎湖交予日本。這項史實最直接說明哪一項變化？","日本將臺灣主權交還清朝","臺灣當年即成為完全獨立且受國際承認的國家","臺灣與澎湖由清朝統治轉入日本殖民統治","清朝與日本未曾簽訂任何涉及臺灣的條約","2","臺灣與澎湖由清朝統治轉入日本殖民統治","","《馬關條約》由清朝與日本於 1895 年簽訂，清朝將臺灣、澎湖割讓給日本，之後臺灣進入日本殖民統治時期，因此答案為 C。條約內容不是日本歸還臺灣，也不代表臺灣當年成為獨立國家。","[""讀取條約的簽訂年份與雙方：1895 年，清朝與日本簽約。"",""條約將臺灣、澎湖交予日本，直接改變了臺灣的統治政權，因此選 C。"",""這不是日本歸還臺灣，也未使臺灣立即成為獨立國家；應依條約所載內容判讀。""]","條約史料題先辨認簽約雙方、時間與明文內容，再推論政權變化，勿把後來發展倒置到簽約當年。","[]","","","","","","","","","","","","","","",""
"SOC-0167","社會","原創會考程度練習","","","九年級上","地理","板塊作用與臺灣地形","基礎","單題選擇","臺灣地震活動頻繁，中央山脈地勢高峻。從板塊構造的角度，最能解釋這些現象的原因是什麼？","板塊完全停止移動，因此地震與造山持續發生","臺灣位於遠離板塊邊界的穩定古老地盾中央","中央山脈只由海浪堆積形成，與地殼變動無關","臺灣位於歐亞板塊與菲律賓海板塊交互作用的活動帶","3","臺灣位於歐亞板塊與菲律賓海板塊交互作用的活動帶","","臺灣位於歐亞板塊與菲律賓海板塊交互作用的活動帶，板塊聚合與碰撞造成地殼變形、造山及頻繁地震，因此答案為 D。若位於穩定地盾中央或板塊完全停止活動，便無法解釋持續的地震與山脈形成。","[""把地形與災害線索連起來：高峻山脈和頻繁地震都指向活躍的地殼變動。"",""臺灣位於歐亞板塊與菲律賓海板塊交互作用帶，板塊聚合可造成造山與地震，因此選 D。"",""穩定地盾或停止活動的板塊無法解釋持續地震；中央山脈也不是海浪堆積形成。""]","臺灣的造山與地震要連結板塊交互作用；若題目只問一般成因，不必誤把單一地震的震央或斷層當成全部解釋。","[]","","","","","","","","","","","","","","",""
"SOC-0168","社會","原創會考程度練習","","","九年級下","地理","經度與地方時差","中等","單題選擇","甲地位於東經 120°，當地時間為上午 10 時；乙地位於東經 90°。若忽略夏令時間，乙地的地方時約為幾點？","上午 8 時","上午 10 時","中午 12 時","下午 2 時","0","上午 8 時","","地球自西向東自轉，經度每相差 15°，地方時約差 1 小時；東側地方時較西側超前。乙地在甲地以西 30°，換算時往回推約 2 小時，所以甲地上午 10 時時，乙地約上午 8 時，答案為 A。","[""經度差為 120°－90°＝30°；每 15°約相差 1 小時，所以時差約 2 小時。"",""乙地位於甲地以西，地方時比甲地落後；從上午 10 時往回推 2 小時為上午 8 時。"",""選 A；東側地方時較西側超前，由東往西換算時要往回推。""]","地方時每 15°約差 1 小時；先計算經度差，再判斷東邊較早、西邊較晚。","[]","","","","","","","","","","","","","","",""
"SOC-0169","社會","原創會考程度練習","","","七年級上","公民","量能課稅與租稅公平","中等","單題選擇","甲、乙兩人收入不同，稅制規定收入較高者適用較高的邊際稅率，且基本生活所需設有免稅額。這種制度主要體現哪項原則？","每個人不論收入都繳完全相同的金額","量能課稅，依納稅能力分配租稅負擔以追求公平","只向收入較低者課稅，免除高收入者責任","租稅負擔與個人收入或經濟能力完全無關","1","量能課稅，依納稅能力分配租稅負擔以追求公平","","較高收入適用較高邊際稅率，並以免稅額照顧基本生活能力，符合量能課稅與租稅公平的精神，因此答案為 B。這不等於人人繳相同金額，也不是只向低收入者課稅。","[""辨認稅制設計：較高收入者面對較高邊際稅率，基本生活另設免稅額。"",""按納稅能力分配負擔，符合量能課稅與追求租稅公平，因此選 B。"",""這和所有人繳完全相同金額不同，也不是免除高收入者的課稅責任。""]","累進稅率看的是所得級距的邊際稅率；量能課稅強調依經濟負擔能力分配，而非每人繳一樣多。","[]","","","","","","","","","","","","","","",""
"SOC-0170","社會","原創會考程度練習","","","七年級下","經濟","匯率變動與進口成本","中等","單題選擇","本國貨幣對美元貶值，國內廠商仍以美元進口原油，且美元報價與需求量暫時不變。換算成本國貨幣後，原油進口成本最可能如何變化？","下降，因為同樣數量的美元可以換得較少本國貨幣","完全不變，因為商品以美元標價就不受匯率影響","上升，因為支付同樣美元需要較多本國貨幣","必定歸零，因為本國貨幣已經貶值","2","上升，因為支付同樣美元需要較多本國貨幣","","本國貨幣貶值代表每一美元需要更多本國貨幣兌換。美元報價不變時，進口同一批原油所需的本國貨幣增加，因此成本上升，答案為 C。以外幣標價不會讓匯率影響消失，也不會使成本歸零。","[""確認廠商要支付美元購買原油，題幹假設美元報價與購買量不變。"",""本國貨幣貶值後，兌換每一美元要付出更多本國貨幣，進口成本增加，因此選 C。"",""外幣標價仍須換算成本國貨幣；匯率變化會影響進口成本，不會使成本歸零。""]","匯率題先看本幣升貶，再確認交易用哪種外幣；本幣貶值通常提高進口品的本幣成本。","[]","","","","","","","","","","","","","","",""
"SOC-0171","社會","原創會考程度練習","","","八年級上","歷史","戰後土地改革與耕者有其田","基礎","單題選擇","戰後臺灣推動「耕者有其田」，將部分地主土地移轉給實際耕作的農民。這項政策最直接改變哪一種關係？","農民完全停止耕作，地主重新取得全部土地","所有農地立刻改由外國政府經營","農村不再需要農業生產與土地管理","部分佃農取得土地，土地所有權與耕作關係有所調整","3","部分佃農取得土地，土地所有權與耕作關係有所調整","","「耕者有其田」透過土地移轉，使部分原佃農取得土地，調整地主與佃農間的土地所有及耕作關係，因此答案為 D。政策並非將所有土地交外國政府，也沒有使農業生產或土地管理消失。","[""抓住政策名稱與對象：「耕者有其田」是把部分土地移轉給實際耕作的農民。"",""部分佃農因此取得土地，地主與佃農的所有權、耕作關係有所改變，因此選 D。"",""土地改革並非讓農業停擺或全部交外國經營，推論應限於題幹所述的土地關係。""]","土地改革題分清政策措施與結果；「部分地主土地移轉」不等於所有土地一律重新分配。","[]","","","","","","","","","","","","","","",""
"SOC-0172","社會","原創會考程度練習","","","八年級下","地理","濕地生態與海岸防護","基礎","單題選擇","某沿海濕地有大片紅樹林，附近居民觀察到樹根間可攔留泥沙，並提供魚蝦幼生棲息環境。哪一項最能說明保護這片濕地的效益？","濕地植被可協助穩定海岸、攔留泥沙並提供生物棲地","根系會阻止所有魚類繁殖與幼生生存","濕地不具生態功能，只適合填平興建道路","紅樹林會使所有海岸侵蝕立刻完全停止","0","濕地植被可協助穩定海岸、攔留泥沙並提供生物棲地","","紅樹林根系能減緩水流、攔留部分泥沙，濕地也提供魚蝦等生物的棲地，有助海岸環境與生態系維持，因此答案為 A。這些作用能降低部分海岸風險，並不代表可完全阻止侵蝕或所有災害。","[""讀題找出濕地的兩項功能線索：根系攔留泥沙，並提供魚蝦幼生棲息環境。"",""植被能穩定部分海岸並支撐生物棲地，因此保育具生態與海岸管理效益，選 A。"",""濕地有助減緩風險但不會讓侵蝕或災害完全消失，也不是沒有生態功能的閒置土地。""]","濕地題分清「降低風險」與「完全消除災害」；生態系服務通常是調節與緩衝，不是絕對保證。","[]","","","","","","","","","","","","","","",""
"SOC-0173","社會","原創會考程度練習","","","九年級上","公民","平等權與合理近用","中等","單題選擇","市立圖書館整修後設置無障礙坡道、電梯與點字服務，讓身心障礙者也能使用。這些措施最主要實踐哪項原則？","只提供特定身分者優先服務，其他人不得使用","透過合理設計降低使用障礙，促進平等近用公共服務","以限制公共設施開放時間取代無障礙服務","讓身心障礙者自行承擔所有環境限制","1","透過合理設計降低使用障礙，促進平等近用公共服務","","坡道、電梯與點字服務是改善環境障礙，使不同能力者能平等使用公共資源的合理措施，因此答案為 B。平等不一定要求所有人接受完全相同的設計；適當調整有助於實質近用，而不是排除他人或限制開放。","[""辨認措施：坡道、電梯和點字，都是在改善不同使用者面對的環境障礙。"",""讓所有人能實際使用圖書館服務，符合平等近用與合理調整的精神，因此選 B。"",""平等不是一律採用相同設計；排除使用者或限制開放都沒有消除障礙。""]","平等權除了形式上一視同仁，也要留意制度或環境障礙；合理調整可促進實際使用公共服務的機會。","[]","","","","","","","","","","","","","","",""
"SOC-0174","社會","原創會考程度練習","","","九年級下","經濟","價格管制與市場短缺","中等","單題選擇","某城市為了讓租屋負擔較低，將租金上限訂在市場均衡租金以下。若其他條件不變，租屋市場最可能出現哪種結果？","租屋供給量增加且需求量減少，形成剩餘","供給量與需求量都增加，市場必定立即均衡","需求量大於供給量，可能出現房源短缺","租金上限不影響任何租屋者與房東的決策","2","需求量大於供給量，可能出現房源短缺","","低於均衡租金的有效租金上限會使租屋價格低於市場出清水準；在此價格下，需求量增加而供給量減少，需求量大於供給量，因此可能出現短缺，答案為 C。高於均衡價格的上限則不一定有約束力，本題已說明上限低於均衡租金。","[""先看政策是否有約束力：租金上限低於均衡租金，因此會限制市場價格。"",""較低租金讓需求量增加、房東供給量減少，於是需求量大於供給量，選 C。"",""供給量增加或市場無影響都與有效低於均衡價格的上限不符；可能產生房源短缺。""]","價格上限低於均衡價才有約束力，通常造成短缺；價格下限高於均衡價則可能造成剩餘。","[]","","","","","","","","","","","","","","",""
"SOC-0175","社會","原創會考程度練習","","","七年級上","歷史","鄭氏政權與荷蘭統治結束","基礎","單題選擇","1662 年鄭成功擊敗荷蘭東印度公司在臺灣的勢力，建立鄭氏政權。這項事件最直接代表哪一項變化？","清朝於此時正式將臺灣納入版圖並設置行政區","荷蘭東印度公司重新取得臺灣統治權","日本於此時開始在臺灣實施殖民統治","荷蘭東印度公司在臺灣的統治結束，臺灣進入鄭氏政權時期","3","荷蘭東印度公司在臺灣的統治結束，臺灣進入鄭氏政權時期","","1662 年鄭成功擊敗荷蘭東印度公司在臺灣的勢力，荷蘭統治結束，之後由鄭氏政權統治，因此答案為 D。清朝正式將臺灣納入版圖是後續發展，日本統治則始於 1895 年；題幹也沒有說對外貿易完全停止。","[""先依年份和行動者判斷：1662 年鄭成功擊敗荷蘭東印度公司在臺勢力。"",""荷蘭統治結束，臺灣進入鄭氏政權時期，因此選 D。"",""清朝正式統治與日本統治都屬後續時期；題目沒有證據顯示對外貿易全面停止。""]","把 1662 年鄭氏取代荷蘭與 1683 年清軍攻臺、其後納入清朝治理分開記憶；日本統治則始於 1895 年。","[]","","","","","","","","","","","","","","",""
"SOC-0176","社會","原創會考程度練習","","","七年級下","地理","災害風險與暴露人口圖層","基礎","單題選擇","規劃單位把淹水潛勢圖與人口分布圖疊合後，發現低窪地區同時有大量居民與重要設施。這項分析最適合用來做什麼？","辨識高風險且暴露人口多的區域，優先安排疏散與防災資源","只用來判斷居民的政治立場","取代所有現地調查，直接保證每棟建築都安全","證明該區絕不會淹水，無須再準備防災措施","0","辨識高風險且暴露人口多的區域，優先安排疏散與防災資源","","疊合淹水潛勢與人口、設施資料，可同時看出災害危害可能發生處及暴露對象，協助辨識高風險區並優先規劃疏散與資源配置，因此答案為 A。地圖是風險評估工具，不是絕對安全保證，也不能取代現地查核。","[""確認圖層資訊：淹水潛勢代表危害位置，人口與設施圖層呈現可能暴露對象。"",""兩圖疊合可找出危害與暴露同時偏高的區域，作為疏散及防災資源優先規劃依據，選 A。"",""圖資有尺度與資料限制，只能支援評估，不能保證不淹水或取代所有現地調查。""]","GIS 疊圖可同時分析危害與暴露；高風險概念還要考慮脆弱度，地圖結果不等於百分之百預測。","[]","","","","","","","","","","","","","","",""
"SOC-0177","社會","原創會考程度練習","","","八年級上","經濟","最低工資與勞動市場","基礎","單題選擇","政府將法定最低工資訂在原本的市場均衡工資以上，且規定雇主不得支付更低薪資。若其他條件不變，勞動市場最可能出現什麼結果？","勞動需求與供給一定相等，不會出現任何影響","願意工作的人數可能多於雇主願意聘用的人數，形成勞動供給過剩","所有雇主都會立刻增加聘僱，不考慮工資成本","最低工資低於均衡工資，因此法定規定不具約束力","1","願意工作的人數可能多於雇主願意聘用的人數，形成勞動供給過剩","","最低工資高於市場均衡工資時，對雇主而言工資成本提高，勞動需求量可能減少；較高工資也可能使願意提供勞動的人數增加，因而出現供給量大於需求量的情況，答案為 B。題幹已說明最低工資高於均衡工資，因此不是不具約束力的情形。","[""判斷最低工資位置：題目說法定工資高於市場均衡工資，屬有約束力的價格下限。"",""工資提高可能使勞動供給量增加、勞動需求量減少，因此供給量可能大於需求量，選 B。"",""這是可能的市場結果，不是所有雇主必定增聘；最低工資也不是低於均衡工資的無效下限。""]","價格下限高於均衡價格／工資才有約束力，可能造成供給過剩；記得題目採用的是簡化市場模型。","[]","","","","","","","","","","","","","","",""
"SOC-0178","社會","原創會考程度練習","","","八年級下","地理","等高線與地形高度計算","基礎","單題選擇","地圖等高線的高度依序為 100、120、140、160 公尺，等高距固定。甲點位於 100 公尺等高線，乙點位於 160 公尺等高線。兩點的相對高度差是多少？","20 公尺","40 公尺","60 公尺","80 公尺","2","60 公尺","","兩點海拔差為 160－100＝60 公尺，也可數出三個 20 公尺的等高距，因此答案為 C。題目問的是甲、乙兩點的相對高度，不是地圖上相隔幾條線的水平距離。","[""讀取兩個等高線高度：甲為 100 公尺，乙為 160 公尺。"",""用高處減低處：160－100＝60 公尺，因此選 C。"",""等高距 20 公尺也可驗算三個間隔共 60 公尺；不要把高度差和水平距離混淆。""]","相對高度差用兩點海拔相減；若數等高距，先分清楚經過幾個間隔，不是幾條線。","[]","","","","","","","","","","","","","","",""
"SOC-0179","社會","原創會考程度練習","","","九年級上","公民","勞動組織與集體協商","中等","單題選擇","某工廠多名員工認為輪班規則不合理，希望代表勞工與雇主討論改善工作條件。依法組成的工會最適合採取哪種方式？","私下要求個別員工放棄勞動權益，不與雇主溝通","由工會直接取代政府制定所有法律並裁決法院案件","將未經查證的個資公開，迫使雇主讓步","透過工會代表與雇主進行集體協商，討論勞動條件","3","透過工會代表與雇主進行集體協商，討論勞動條件","","工會代表勞工與雇主進行集體協商，可就工時、輪班與其他勞動條件討論並尋求協議，因此答案為 D。工會不取代政府立法或法院審判；公開個資也不是正當的協商方式。","[""辨認訴求與代表方式：員工希望改善輪班規則，且依法組成工會。"",""工會可代表勞工與雇主協商勞動條件，因此選 D。"",""工會不代替政府立法或法院裁判；以公開個資施壓也不是合宜的協商手段。""]","勞動題先分辨工會代表、集體協商、政府勞動主管機關和司法救濟各自角色。","[]","","","","","","","","","","","","","","",""
"SOC-0180","社會","原創會考程度練習","","","九年級下","歷史","宗教改革與基督教分化","基礎","單題選擇","16 世紀歐洲宗教改革期間，部分改革者批評教會作法，並主張信仰者可直接閱讀《聖經》。這場改革最重要的影響之一是什麼？","西歐基督教世界分裂，形成新教等不同教派","東正教取代天主教，成為西歐唯一主要教派","各地教會分歧消失，西歐重新形成單一教會體系","宗教改革直接使歐洲各國建立政教分離的民主政體","0","西歐基督教世界分裂，形成新教等不同教派","","宗教改革挑戰部分天主教會的權威與作法，並促成路德宗、喀爾文宗等新教教派發展，使西歐基督教世界分化，因此答案為 A。改革並未使所有宗教消失，也沒有讓歐洲立即成為單一政治政權。","[""題幹指出改革者質疑教會部分作法，並強調信仰者閱讀《聖經》。"",""宗教改革促成不同新教教派形成，使西歐基督教世界分化，因此選 A。"",""宗教改革不是宗教完全消失，也不會使歐洲各國立即合併成單一政權。""]","宗教改革的直接影響是教會分化與新教形成；不要把後來的政教關係或民主發展說成改革立即造成。","[]","","","","","","","","","","","","","","",""
"SOC-0181","社會","原創會考程度練習","","","七年級上","經濟","邊際效益與資源配置","基礎","單題選擇","麵包店考慮每天多烤一盤麵包。多烤一盤可增加收入 900 元，新增食材與能源成本為 650 元，其他條件不變。依邊際分析，店家最合理的選擇是什麼？","不多烤，因為新增成本 650 元高於新增收入 900 元","多烤一盤，因為新增收入高於新增成本 250 元","多烤一盤，因為新增收入 900 元就是新增淨收益","多烤或不多烤都一樣，邊際成本不用比較","1","多烤一盤，因為新增收入高於新增成本 250 元","","多烤一盤的邊際收益為 900 元，邊際成本為 650 元，新增淨收益為 250 元；在題目提供的條件下，應增加這一盤的產量，因此答案為 B。決策比較的是新增部分的收益與成本，不必先知道店家的全部固定成本。","[""找出多生產一盤的新增收益：900 元。"",""計算邊際淨收益：900－650＝250 元，大於零。"",""新增收益高於新增成本，所以合理選擇是多烤一盤，選 B。""]","邊際決策只比較「多做一單位」帶來的新增收益與新增成本，不要把平均或固定成本混進去。","[]","","","","","","","","","","","","","","",""
"SOC-0182","社會","原創會考程度練習","","","七年級下","地理","都市擴張與不透水地表變化","基礎","單題選擇","比較同一都市十年間的衛星影像，原本連續的農田與綠地逐漸被道路、停車場和建築取代。從地理環境角度，最可能出現哪種影響？","綠地減少會使雨水更容易入滲，地表逕流因此必定下降","不透水地表增加，但都市排水一定同步改善，積水風險必定下降","不透水地表增加，雨水較難入滲，強降雨時地表逕流可能增加","衛星影像只能辨認建築，不能比較土地覆蓋的前後變化","2","不透水地表增加，雨水較難入滲，強降雨時地表逕流可能增加","","道路、停車場與建築多為不透水地表，取代農田綠地後，雨水入滲減少、逕流可能增加，暴雨時排水負擔也可能變大，因此答案為 C。都市擴張不會使熱能或降雨完全消失；衛星影像可用來比較土地覆蓋與利用的變化。","[""辨認影像中的土地覆蓋變化：農田、綠地轉為道路、停車場與建築。"",""不透水地表比例增加會減少入滲，強降雨時可能增加地表逕流，因此選 C。"",""這是風險增加的可能性，不代表每次都必定淹水；衛星影像仍可觀察土地利用變化。""]","判讀遙測影像時比較土地覆蓋的前後變化，再連結不透水面、入滲與逕流；用「可能增加」避免絕對化。","[]","","","","","","","","","","","","","","",""
"SOC-0183","社會","原創會考程度練習","","","八年級上","歷史","工業革命與生產方式轉變","基礎","單題選擇","18 世紀英國紡織業逐漸使用機器與蒸汽動力，生產集中在工廠。這種變化最能說明工業革命帶來哪項轉變？","生產方式仍以家庭手工為主，工廠集中生產並未普及","機器與工廠出現後，所有手工生產立刻完全消失","蒸汽動力取代所有其他能源，城市化也隨即停止","以機械化和工廠制度擴大生產，逐漸取代部分手工生產","3","以機械化和工廠制度擴大生產，逐漸取代部分手工生產","","機器、蒸汽動力與工廠集中生產，代表生產方式由部分手工製作轉向機械化、大規模生產，因此答案為 D。工業化並未使農業停止，也沒有讓城市人口全部回到農村或使交通需求消失。","[""找出技術與生產組織線索：紡織機器、蒸汽動力、工廠集中。"",""這些線索表示機械化和工廠制度擴大生產，故選 D。"",""工業革命改變生產方式，但農業與交通仍持續發展，不能推成它們完全消失。""]","工業革命題從動力、機器與工廠制度判斷生產轉變；留意「部分手工生產被取代」不等於所有手工業消失。","[]","","","","","","","","","","","","","","",""
"SOC-0184","社會","原創會考程度練習","","","八年級下","經濟","通貨膨脹與實質購買力","中等","單題選擇","某家庭把一筆存款放在年利率 2% 的帳戶，當年物價平均上漲 5%。若收入與支出型態不變，這筆存款的實質購買力最可能如何變化？","下降，因為物價漲幅高於存款利率","下降約 5%，因為只需考慮物價上漲、不必計入利息","增加約 3%，因為通膨率比存款利率高 3 個百分點","增加約 2%，因為名目利息就是購買力的增幅","0","下降，因為物價漲幅高於存款利率","","存款名目利率是 2%，物價平均上漲 5%；實質購買力比例為 1.02÷1.05≈0.971，約下降 2.9%（簡化估算約 3%），因此答案為 A。帳戶金額雖增加，仍要考慮物價上漲才能判斷購買力。","[""分清名目金額和實質購買力：帳戶利率 2%，通膨率 5%。"",""精算實質購買力變化：1.02÷1.05－1≈－2.9%；簡化估算約下降 3%，因此選 A。"",""帳戶本金加利息不代表購買力必然提高；還要比較通膨造成的價格上漲。""]","通膨題分辨名目利率與實質購買力；粗略估算可用名目利率減通膨率，但精確實質利率另須考慮複利。","[]","","","","","","","","","","","","","","",""
"SOC-0185","社會","原創會考程度練習","","","九年級上","地理","高度與氣溫垂直遞減","基礎","單題選擇","在同一山區、天氣條件近似且沒有逆溫的情況下，平地氣溫約 25°C；海拔 2,000 公尺處平均每上升 1,000 公尺降溫約 6°C。山頂氣溫約為多少？","19°C","25°C","13°C","37°C","2","13°C","","海拔由平地升至 2,000 公尺，共上升兩個 1,000 公尺；依題目給定的遞減率，氣溫約下降 6×2＝12°C。25－12＝13°C，因此答案為 C。題目已限定天氣條件近似且沒有逆溫，按給定平均值估算即可。","[""先計算海拔差：2,000 公尺相當於兩個 1,000 公尺高度區間。"",""每上升 1,000 公尺降溫約 6°C，總降幅約 12°C。"",""25－12＝13°C，答案為 C；本題依題目提供的平均遞減率估算。""]","先算海拔差包含幾個千公尺，再乘遞減率；實際氣溫會受天氣與逆溫等因素影響，依題目條件作估算。","[]","","","","","","","","","","","","","","",""
"SOC-0186","社會","原創會考程度練習","","","九年級下","公民","政府採購透明與公共監督","基礎","單題選擇","地方政府辦理道路工程採購，居民發現公告資訊不完整，擔心程序不公平。哪一種作法最符合依法監督與保障公共利益的原則？","要求公開所有投標者的個人資料，讓居民自行判定責任","透過正式陳情或資訊公開程序提出具體疑問，並由主管機關依法查核","未查明程序與證據前，直接認定特定廠商犯罪並要求處罰","要求市議會取代主管機關與法院，直接認定違法並判刑","1","透過正式陳情或資訊公開程序提出具體疑問，並由主管機關依法查核","","居民可透過正式陳情或資訊公開管道提出具體疑問，由主管機關依採購與行政程序查核，兼顧公共監督、合法程序與當事人權益，因此答案為 B。私下利益、未查證指控或擅自扣押資料都可能違法，也無法取代正式調查。","[""辨認居民提出的是公共採購程序疑問，需要由有權機關查核。"",""正式陳情或依程序申請資訊公開，可讓主管機關依法調查，因此選 B。"",""賄賂、未查證指控或自行扣押文件都不符合合法監督程序，也可能侵害他人權益。""]","公民監督要走合法、可查證的管道；提出疑問不等於已證明違法，也不能自行取代主管機關調查。","[]","","","","","","","","","","","","","","",""
"SOC-0187","社會","原創會考程度練習","","","七年級上","地理","漁業資源與永續利用","基礎","單題選擇","近海漁獲量連續多年下降，研究指出部分魚種尚未成熟就被大量捕撈。哪一種管理方式最有助於魚群長期復育？","只限制捕撈成魚，並鼓勵捕撈尚未成熟的幼魚","只在魚群繁殖期提高捕撈量，其他季節維持原方式","依科學資料設定禁漁期、漁具或捕撈量限制並監測資源恢復","只發放補助鼓勵擴大漁船規模，不調查魚群變化","2","依科學資料設定禁漁期、漁具或捕撈量限制並監測資源恢復","","魚群數量下降且幼魚遭大量捕撈，表示資源可能來不及補充。依科學資料限制捕撈量、漁具或設置禁漁期，並持續監測，可降低過度捕撈、讓魚類有機會成長與繁殖，因此答案為 C。持續捕撈幼魚或繁殖季捕撈會加劇資源衰退。","[""根據漁獲下降和幼魚被捕的資料，判斷魚群補充速度可能低於捕撈速度。"",""設禁漁期或限制漁具、數量，能讓魚群成長繁殖並持續追蹤恢復情形，因此選 C。"",""取消紀錄或增加捕撈會讓壓力更大；捕捉幼魚和繁殖季個體也不利於資源復育。""]","永續漁業重視資源監測與捕撈強度低於或不超過補充能力；單一管制措施仍須配合執行與評估。","[]","","","","","","","","","","","","","","",""
"SOC-0188","社會","原創會考程度練習","","","七年級下","地理","海洋性氣候與年溫差","中等","單題選擇","甲、乙兩地緯度相近；甲位於海岸附近，年溫差為 8°C，乙位於內陸，年溫差為 22°C。哪一項最能解釋甲地年溫差較小？","海水熱容量較小，升降溫比陸地快，因此沿岸年溫差較小","海水熱容量較大，升降溫較慢，能調節沿海氣溫","海洋使沿海地區全年氣溫固定，完全沒有季節變化","兩地緯度相近時，海陸位置不會影響年溫差","1","海水熱容量較大，升降溫較慢，能調節沿海氣溫","","海水熱容量大於陸地，升溫和降溫較慢，能緩和沿海地區季節間的氣溫變化，因此甲地年溫差較小，答案為 B。海洋不會消除四季，題目也沒有提供足以推論海拔差異的資料。","[""比較題目條件：兩地緯度相近，但甲靠海、年溫差較小。"",""海水熱容量大，升降溫較慢，可調節沿海氣溫，因此選 B。"",""海洋只能緩和溫度變化，不會使四季消失；題幹也沒有給出海拔差證據。""]","比較年溫差時，緯度接近可控制太陽高度差異；靠海的熱容量調節常使氣溫年變化較小。","[]","","","","","","","","","","","","","","",""
"SOC-0189","社會","原創會考程度練習","","","八年級上","經濟","邊際效用遞減與消費選擇","中等","單題選擇","小安每杯飲料最多願付的金額依序為：第一杯 80 元、第二杯 55 元、第三杯 30 元。若每杯價格都是 40 元，且他以追求最大淨效益為目標，最適合買幾杯？","0 杯，因為任何消費都會降低效益","1 杯，因為第二杯的願付價格低於第一杯","3 杯，因為多買一杯總能增加淨效益","2 杯，因為前兩杯邊際效益不低於價格，第三杯則低於價格","3","2 杯，因為前兩杯邊際效益不低於價格，第三杯則低於價格","","逐杯比較邊際效益與價格：第一杯 80＞40、第二杯 55＞40，購買兩杯都能帶來正淨效益；第三杯 30＜40，買下去會降低總淨效益，因此答案為 D。願付價格逐杯下降也呈現邊際效用遞減。","[""先比較第一杯與價格：80 元高於 40 元，第一杯帶來正淨效益。"",""第二杯 55＞40，仍值得購買；第三杯 30＜40，成本高於該杯邊際效益。"",""因此淨效益最大的選擇是兩杯，選 D；不能只因總效益增加就忽略每杯價格。""]","消費者逐單位比較邊際效益與價格；買到下一單位的邊際效益低於價格時，就不增加購買量。","[]","","","","","","","","","","","","","","",""
"SOC-0190","社會","原創會考程度練習","","","八年級下","歷史","尼羅河與古埃及文明","基礎","單題選擇","古埃及位於尼羅河流域，河水定期氾濫後留下肥沃土壤，居民發展灌溉農業並形成聚落。尼羅河最直接提供哪項發展條件？","提供水源與肥沃沖積土，支持農業和人口聚集","氾濫每年都完全相同，因此農業不需灌溉或水利管理","河流只提供交通路線，與農業生產和聚落分布無關","河水使埃及全境都成為濕潤森林，不再有乾燥地區","0","提供水源與肥沃沖積土，支持農業和人口聚集","","尼羅河氾濫帶來水源與肥沃沖積土，利於農業生產和聚落發展，因此答案為 A。河流並未讓整片沙漠消失，也不代表居民不需要合作、灌溉或公共工程。","[""抓住古埃及的環境線索：尼羅河定期氾濫並留下肥沃土壤。"",""水源和沖積土提供灌溉農業條件，支持人口聚集，因此選 A。"",""河流並未使沙漠完全消失；農業發展仍需要合作與水利管理。""]","古文明題把自然環境和發展條件連結，但避免單因論；河流有利農業，仍需社會組織與技術配合。","[]","","","","","","","","","","","","","","",""
"SOC-0191","社會","原創會考程度練習","","","九年級上","公民","司法獨立與公平審判","基礎","單題選擇","法官審理案件時，應依證據與法律作成判決，不受行政首長或政黨指示。這項制度主要保障哪項原則？","法官應依行政機關政策指示判案，以確保裁判一致","司法獨立，使法院能公正審理並保障人民權利","法院應以多數民意決定個案結果，不必審查證據","司法獨立代表法官不受法律與程序規範","1","司法獨立，使法院能公正審理並保障人民權利","","法官依證據與法律獨立判案、不受行政或政黨不當指示，是司法獨立的重要表現，可維護公平審判並保障人民權利，因此答案為 B。司法獨立不代表法院可以不受法律拘束，也不代表不必接受合法監督。","[""找出案件審理的判斷依據：證據與法律，而非行政或政黨指示。"",""法官不受不當政治干預，才能公正審理並保障權利，因此選 B。"",""司法獨立不等於法院可以違法裁判或完全免於依法監督。""]","司法獨立保障依法、公正審判；它不是不受法律拘束，也不排除制度內的合法監督。","[]","","","","","","","","","","","","","","",""
"SOC-0192","社會","原創會考程度練習","","","九年級下","地理","地形雨與背風側降雨差異","基礎","單題選擇","潮濕氣流吹向臺灣中央山脈，迎風坡降雨較多；越過山脈後，背風側降雨較少。哪一項最能解釋這種差異？","迎風氣流下沉增溫、背風氣流抬升冷卻，因此迎風坡降雨較多","迎風側離海較近，所以降雨多；背風側較遠，與氣流抬升無關","氣流爬升冷卻凝結，水氣在迎風坡較易降雨；下沉至背風側則較乾燥","氣流越過山脈後水氣增加並持續抬升，因此背風坡通常降雨更多","2","氣流爬升冷卻凝結，水氣在迎風坡較易降雨；下沉至背風側則較乾燥","","濕潤氣流被山地迫使抬升，氣溫下降、水氣凝結，迎風坡較容易降雨；越過山脈後空氣下沉、相對乾燥，背風側雨量可能較少，因此答案為 C。這是地形影響降雨的常見機制，不表示每次天氣都完全相同。","[""觀察氣流先遇到山脈迎風坡，題目提供迎風側雨多、背風側雨少的現象。"",""氣流沿坡抬升會冷卻凝結、較易降雨；越山後下沉變乾，因此選 C。"",""山脈不是把水氣永久封住；迎風、背風降雨差異是常見地形效應，但會受其他天氣條件影響。""]","地形雨要追蹤氣流的抬升、冷卻、凝結與背風下沉；記得用「較易、可能」避免絕對化。","[]","","","","","","","","","","","","","","",""
"SOC-0193","社會","原創會考程度練習","","","七年級上","公民","消費契約與資訊揭露","中等","單題選擇","線上服務標示「免費試用 7 天」，細看條款才發現期滿會自動按月扣款，且需自行取消。消費者採取哪種作法最能保障自身權益？","只記得免費試用開始日，不確認自動扣款的金額與取消方式","試用到期前刪除手機應用程式，便假定訂閱已自動取消","只依平台首頁的「免費」標示判斷，不查看續約條款","先確認收費金額、續約與取消方式，再決定是否試用並記下取消期限","3","先確認收費金額、續約與取消方式，再決定是否試用並記下取消期限","","免費試用若附帶自動續約及付費條件，消費者應先確認費用、續約方式和取消期限，再決定是否提供付款資料並記下取消時間，因此答案為 D。不能只憑「免費」標示忽略契約內容，也不應公開密碼。","[""找出契約關鍵：免費期只有 7 天，期滿會自動轉為按月收費。"",""先確認價格、續約和取消方式，並記下期限後再決定是否使用，因此選 D。"",""「免費」不代表後續永不收費；公開密碼也不能保障帳戶安全。""]","消費契約先確認總費用、期限、自動續約、取消和退款條件；重要交易保留條款與收據。","[]","","","","","","","","","","","","","","",""
"SOC-0194","社會","原創會考程度練習","","","七年級下","地理","地下水超抽與地層下陷","中等","單題選擇","沿海地區長期大量抽取地下水後，部分地面逐漸下陷，沿岸水井的鹽度也升高。哪一種解釋最合理？","地下水位下降造成地層壓密，且海水可能入侵沿海含水層","地層下陷只由海浪侵蝕造成，抽水不會改變含水層狀態","地下水位下降可能造成地層壓密，但不可能影響沿海井水鹽度","海水入侵會降低井水鹽度，抽水量與地面高度無關","0","地下水位下降造成地層壓密，且海水可能入侵沿海含水層","","長期超抽地下水會降低水位，使含水層與地層壓密，可能造成地層下陷；沿海地下水位降低也可能讓海水入侵、井水鹽度升高，因此答案為 A。抽水不會讓海平面永久下降或使地層必然膨脹。","[""把兩種觀察分開：地面下陷和沿海水井鹽度升高，都可能與地下水超抽有關。"",""水位下降造成地層壓密可導致下陷；沿海含水層也可能遭海水入侵，因此選 A。"",""地下水抽取不會使地層必定膨脹，也不會讓海平面永久下降。""]","沿海地層下陷和水井鹽化常需一起考慮地下水位、抽水量及海水入侵；不把相關現象誤說成唯一成因。","[]","","","","","","","","","","","","","","",""
"SOC-0195","社會","原創會考程度練習","","","八年級上","歷史","雅典民主政治的參與限制","中等","單題選擇","古雅典曾由符合資格的公民直接參與公民大會決策。若從現代觀點檢視，這種民主制度有何重要限制？","雅典以選出的代表代替公民大會，屬現代代議民主制度","所有成年男性居民不論是否具公民身分，都能參加公民大會","女性、奴隸及外邦居民等多數人口通常無法參與公民大會決策，政治參與有限","公民大會開放所有常住人口參與，限制只在投票年齡","2","女性、奴隸及外邦居民等多數人口通常無法參與公民大會決策，政治參與有限","","古雅典公民大會確實讓符合資格的公民直接參與決策，但政治參與權受到限制，女性、奴隸與外邦居民等多數居民通常無法參加公民大會決策，因此答案為 C。不能把雅典直接民主理解成所有居住者都能參與政治。","[""注意題幹使用「符合資格的公民」，表示政治參與並非對所有居民開放。"",""女性、奴隸和外邦居民等多數人口通常無法參與公民大會決策，因此選 C。"",""雅典有公民直接參與，但不等於人人平等享有政治權利；A、B、D都與史實不符。""]","古代民主題要同時看參與方式與政治參與限制；雅典直接民主不等於所有居民都能參與決策。","[]","","","","","","","","","","","","","","",""
"SOC-0196","社會","原創會考程度練習","","","八年級下","經濟","寡占市場與廠商相互依賴","基礎","單題選擇","某產業由少數大型廠商供應，任一家調降價格都可能引發其他廠商跟進，造成市場價格和各家收益變化。這種市場最符合哪項特性？","完全競爭市場，因為廠商數量少且價格彼此牽動","寡占市場，少數廠商的決策彼此影響","獨占市場，因為少數廠商共同供應就是單一賣方","獨占性競爭市場，因為商品相似但不同品牌","1","寡占市場，少數廠商的決策彼此影響","","市場由少數大型廠商供應，且一家改變價格會影響其他廠商決策，呈現寡占市場的相互依賴性，因此答案為 B。完全競爭廠商通常是眾多且單一家廠商難以影響市場價格；獨占則是單一賣方而非單一消費者。","[""找出市場結構線索：供應者只有少數大型廠商。"",""一家改價會影響其他廠商的策略，顯示寡占市場的相互依賴性，因此選 B。"",""完全競爭廠商多且個別影響力小；獨占是單一賣方，不是只有一位消費者。""]","寡占市場常用「廠商數少」和「決策相互依賴」辨認；不要和單一賣方的獨占市場混淆。","[]","","","","","","","","","","","","","","",""
"SOC-0197","社會","原創會考程度練習","","","九年級上","地理","河口沉積與三角洲形成","基礎","單題選擇","河流攜帶泥沙流入較平靜的湖泊或海洋時，水流速度減慢，泥沙逐漸堆積並形成向水域伸展的平坦地形。這種地形最可能是什麼？","沖積扇","河漫灘","三角洲","天然堤","2","三角洲","","河流進入較平靜水域後流速降低，搬運能力變弱，泥沙在河口或水域邊緣堆積，逐漸形成三角洲，因此答案為 C。V 字谷由河流侵蝕切割形成，冰蝕谷和火山錐則由不同地形作用造成。","[""確認河流從陸地流入湖泊或海洋後，水流環境變得較平靜。"",""流速下降使搬運能力降低，泥沙在河口沉積並堆積成三角洲，因此選 C。"",""V 字谷主要是河流侵蝕形成；冰蝕谷和火山錐並非河口泥沙堆積地形。""]","河口地形題連結流速下降、搬運能力減弱與沉積；別把侵蝕地形 V 字谷和堆積地形三角洲混淆。","[]","","","","","","","","","","","","","","",""
"SOC-0198","社會","原創會考程度練習","","","九年級下","地理","集水區土地利用與洪水風險","中等","單題選擇","同一集水區上游森林被大量開發為不透水工業區後，暴雨時下游河川水位上升得更快。哪一項最可能解釋這種變化？","上游森林減少只影響當地生物，逕流不會傳到下游河道","下游水位上升只能由降雨總量解釋，土地覆蓋不會影響匯流速度","不透水地面會增加入滲，延緩雨水進入河道","不透水地表增加，使雨水入滲減少、逕流更快匯入河道","3","不透水地表增加，使雨水入滲減少、逕流更快匯入河道","","森林開發並改成不透水工業區，會減少雨水入滲、增加地表逕流並縮短匯流時間；暴雨時水量更快進入下游河道，水位可能上升較快，因此答案為 D。這說明風險增加的機制，不代表每次都必然洪水，也不代表上游開發是唯一因素。","[""辨認上游土地變化：森林轉為不透水的工業區。"",""入滲減少、逕流增加且較快匯入河道，可解釋下游水位上升較快，因此選 D。"",""這是可能增加洪水風險的因素；實際水位也會受降雨、河道與排水等條件影響。""]","集水區上游的地表變化會影響下游逕流，但判斷實際洪水仍須考慮降雨強度、河道和排水系統。","[]","","","","","","","","","","","","","","",""
"SOC-0199","社會","原創會考程度練習","","","七年級上","經濟","獨占性競爭與產品差異化","中等","單題選擇","某商圈有許多咖啡店，各店提供相似但有特色的飲品、裝潢與服務，消費者可在店家間選擇。這種市場較符合哪一項特徵？","獨占性競爭，廠商多且以產品或服務差異化吸引消費者","寡占，只有兩家廠商且必須共同決定價格","獨占，市場只存在一家咖啡店","完全競爭，所有廠商販售完全相同產品且沒有品牌差異","0","獨占性競爭，廠商多且以產品或服務差異化吸引消費者","","市場有許多咖啡店，各自透過飲品、裝潢或服務建立差異，符合獨占性競爭市場的典型特徵，因此答案為 A。完全競爭產品同質，獨占只有單一供應者；寡占則由少數廠商主導。","[""辨認市場中的供應者數量：商圈有許多咖啡店。"",""各店用商品、裝潢或服務差異化競爭，符合獨占性競爭，因此選 A。"",""完全競爭產品較同質，獨占只有一家供應者，寡占則是少數大型廠商。""]","市場結構比較兩個線索：廠商數量與產品差異；獨占性競爭通常是廠商多、產品有差異。","[]","","","","","","","","","","","","","","",""
"SOC-0200","社會","原創會考程度練習","","","七年級下","歷史","絲路交流與文化傳播","基礎","單題選擇","古代絲路商隊往返歐亞，不只運送絲綢、香料等商品，也帶動宗教、技術與知識傳播。這項現象最能說明什麼？","絲路促進商品流動，但宗教、技術與知識不會沿路傳播","長距離貿易路線也能促進不同地區的文化交流","絲路交流只由歐洲單向傳入亞洲，沿線社會不會彼此影響","貿易與宗教交流會使沿線各地迅速形成完全相同的文化","1","長距離貿易路線也能促進不同地區的文化交流","","絲路連結不同地區的商旅往來，商品交換也伴隨宗教、技術與知識傳播，因此答案為 B。交流不會使各地文化必然消失或完全同質化，絲路也不只是軍事道路。","[""從題幹找出絲路交流的內容：除了商品，還有宗教、技術和知識。"",""商品與思想、技術沿交通路線傳播，說明貿易也帶動跨區域文化交流，因此選 B。"",""文化交流不等於地方特色消失或宗教完全一致；絲路也包含商業活動。""]","世界史貿易路線題要兼看商品流動與文化傳播；交流通常帶來互動，不代表所有文化變成完全相同。","[]","","","","","","","","","","","","","","",""
"SOC-0201","社會","原創會考程度練習","","","八年級上","臺灣史","清代臺灣行政建置與治理","基礎","單題選擇","清廷於 1684 年設臺灣府後，該府隸屬哪一省？","臺灣省（清末建省）","臺北州（日治時期）","福建省","高雄州（日治時期）","2","福建省","","清初臺灣府隸屬福建省，因此答案為 C。臺灣省是在清末設立（1885 年下詔建省，後續完成建置），並非戰後才設；臺北州與高雄州則為日治時期名稱。","[""先確認題目詢問的是臺灣府所隸屬的省份，而非臺灣府本身。"",""清初臺灣府隸屬福建省，因此答案是 C。"",""臺灣省為清末建置；臺北州、高雄州為日治時期行政區，皆非題目所問的隸屬省份。""]","清代行政區題要分辨臺灣府與福建省的隸屬層級；別把清末臺灣建省或日治州制倒套到 1684 年。","[]","","","","","","","","","","","","","","",""
"SOC-0202","社會","原創會考程度練習","","","八年級下","地理環境與災害","集水區與坡地災害","中等","單題選擇","某河川上游森林大量開墾後，短時間強降雨時下游洪峰更高、泥砂淤積也增加。下列哪項措施最能同時減輕這兩種影響？","拓寬下游河道，讓洪水更快流出","將上游坡地改為大面積不透水鋪面","只在出海口加高堤防，不處理上游","保留集水區森林並復育裸露坡地","3","保留集水區森林並復育裸露坡地","","上游森林可截留雨水、增加入滲並固定土壤；保留集水區林地並復育坡地，能降低逕流尖峰與侵蝕輸砂。正確答案是 D。單純拓寬下游河道無法減少上游泥砂來源，全面鋪面則會增加逕流。","[""由洪峰升高與泥砂增加判斷，上游涵養水源和固定土壤的功能減弱。"",""保留森林、復育坡地可增加入滲、減少地表逕流與土壤侵蝕，因此答案是 D。"",""拓寬下游河道只改變通水能力，不能恢復集水區涵養；增加不透水鋪面更可能加劇逕流。""]","處理洪水與土砂災害時，從集水區上游檢視植被、入滲及坡地穩定，不能只著眼下游河道。","[]","","","","","","","","","","","","","","",""
"SOC-0203","社會","原創會考程度練習","","","九年級上","經濟與生活","固定成本與變動成本","中等","單題選擇","一家工廠每月支付廠房租金 8 萬元，並依實際產量支付原料費。若本月產量增加一倍，哪項成本在短期內最可能不隨產量直接加倍？","每月廠房租金","按件計算的臨時加工費","隨產量增加而使用的包裝材料費","製作產品所需的原料費","0","每月廠房租金","","租金在短期內通常屬固定成本，產量變動時不會按比例直接改變；原料費則是變動成本，通常隨產量增加。正確答案是 A。固定成本並非永遠不變，長期仍可能因搬遷或擴廠調整。","[""先依成本是否隨產量改變分類：原料用量通常隨產量變動。"",""廠房租金在短期內不因本月產量加倍而按比例增加，屬固定成本，因此答案是 A。"",""注意固定成本是短期分析概念；若長期更換廠房，租金仍可能改變。""]","固定成本與變動成本是短期分析概念；比較成本時要看它是否隨產量改變。","[]","","","","","","","","","","","","","","",""
"SOC-0204","社會","原創會考程度練習","","","九年級下","民主政治","公共參與與依法行政","中等","單題選擇","某地政府公告將舉辦公共工程說明會，居民可在會中提出意見，但最終方案仍由依法有權的機關決定。此程序主要展現哪項民主治理原則？","居民參與使其取得最終核定權，機關須照單執行","公共決策提供民眾參與，並由機關依法負責","機關只要舉辦說明會，便可免除依法作成決定的責任","機關可不記錄或回應意見，因為最終決定權在政府","1","公共決策提供民眾參與，並由機關依法負責","","說明會提供居民表達意見、參與公共決策的管道，但不代表每項意見都必須照單全收；機關仍須依法權衡並負責決定。正確答案是 B，體現公共參與與依法行政。","[""居民能在方案定案前表達看法，表示存在公共參與機制。"",""政府仍依權責與法律作成決定，說明參與不等同居民直接取代主管機關，因此答案是 B。"",""若機關完全不聽意見，便缺少參與；若任意決策不依法，則違反依法行政。""]","公共參與提供表達意見的管道，但主管機關仍須依法權衡並對決定負責。","[]","","","","","","","","","","","","","","",""
"SOC-0205","社會","原創會考程度練習","","","七年級上","歷史資料判讀","史料代表性與限制","中等","單題選擇","研究者利用某港口商人留下的私人日記，推論當時所有居民都普遍支持某項政策。使用這份史料時，最需要注意哪項限制？","私人日記只要是親筆記錄，就一定沒有偏誤","個人日記無法提供任何歷史研究資料","單一作者的經驗未必能代表不同身分的全體居民","日記寫成時間較晚，所以必然比官方文件可靠","2","單一作者的經驗未必能代表不同身分的全體居民","","私人日記能呈現作者的個人經驗與觀點，但單一作者、特定身分的記錄不能直接代表所有居民；還應與不同來源相互比對。正確答案是 C。這並非表示日記毫無史料價值，而是推論範圍須受證據限制。","[""辨認史料性質：私人日記是作者親身記錄，但視角有限。"",""一位商人的經驗不足以代表所有居民，因此答案是 C，須避免把個人觀點推廣為全民態度。"",""可再比對其他身分者的日記、官方檔案或統計資料，檢驗政策支持程度。""]","單一日記可呈現作者視角，但推論群體態度時要交叉比對不同身分與類型的史料。","[]","","","","","","","","","","","","","","",""
"SOC-0206","社會","原創會考程度練習","","","七年級下","地理環境與災害","坡地災害防治","中等","單題選擇","某地夏季午後常出現局部強降雨，山坡地開發後更容易發生土石流。規劃新住宅區時，哪項做法最能降低災害風險？","在高潛勢坡地密集開發，完工後再加裝警報器","以硬鋪面和截排水設施快速把坡面雨水導入溪溝","只定期清理潛勢溪流，不調整住宅區的開發位置","避開高潛勢坡地，保留植生並設置雨量與地滑監測","3","避開高潛勢坡地，保留植生並設置雨量與地滑監測","","陡坡強降雨與既有崩塌紀錄代表土石流潛勢高。避開高潛勢區、保留植生可減少擾動，搭配監測有助提早警戒，因此答案是 D。全面水泥化可能加快逕流，災後清除也不能降低暴露風險。","[""先從陡坡、強降雨及崩塌紀錄判斷此地具高土石流風險。"",""避免在高潛勢區開發並保留植生，配合監測可降低暴露並及早預警，因此答案是 D。"",""全面鋪水泥可能加速地表逕流；只在災後清理並未避免居民暴露於危險。""]","坡地防災要同時降低危害與暴露；避開高潛勢區、維持植生並監測，比只在災後清理更能預防傷亡。","[]","","","","","","","","","","","","","","",""
"SOC-0207","社會","原創會考程度練習","","","八年級上","民主政治","秘密投票與選舉","基礎","單題選擇","選舉採秘密投票，選民可以不讓他人知道自己的選擇。這項制度主要保障哪一項民主原則？","選民能不受他人監視或脅迫而表達意願","投票結果無須計票或公布","得票最高者可不經法定程序直接就任","所有選民必須公開支持多數候選人","0","選民能不受他人監視或脅迫而表達意願","","秘密投票使選民能隱匿選擇，降低雇主、家人或地方勢力監視與脅迫的可能，保障自由表達意願，因此答案是 A。它不代表免除依法計票及公布結果。","[""辨認制度核心：投票內容不讓他人看見，降低選民受監控的機會。"",""因此秘密投票主要保障選民自由表達意願，答案是 A。"",""秘密的是個別選票內容，不是取消依法計票及公布整體結果。""]","秘密投票保護的是個別選民的選擇不被監視；整體計票與結果仍須依法公開。","[]","","","","","","","","","","","","","","",""
"SOC-0208","社會","原創會考程度練習","","","八年級下","經濟與生活","實質購買力與物價","中等","單題選擇","某家庭去年月收入為 5 萬元，今年增加到 5 萬 2 千元；同期物價指數由 100 上升至 105。若以去年購買力為基準，今年收入的實質購買力約如何變化？","實質購買力約增加 5%","實質購買力約減少 0.95%","實質購買力約減少 5%","實質購買力約增加 0.95%","1","實質購買力約減少 0.95%","","名目收入增加比例為 52,000÷50,000＝1.04，物價倍數為 1.05；實質購買力比約為 1.04÷1.05≈0.9905，約減少 0.95%。因此答案是 B。","[""先算名目收入倍數：52,000 ÷ 50,000＝1.04。"",""再除以物價倍數 1.05，實質購買力倍數為 1.04 ÷ 1.05≈0.9905。"",""購買力約減少 0.95%，因此答案是 B。""]","實質購買力要把名目收入除以物價指數倍數；收入增加不代表扣除通膨後一定買得更多。","[]","","","","","","","","","","","","","","",""
"SOC-0209","社會","原創會考程度練習","","","九年級上","臺灣史","甲午戰爭與割臺","中等","單題選擇","1895 年清廷與日本簽訂《馬關條約》，將臺灣、澎湖割讓。這項事件最直接反映當時清廷面臨哪一種國際情勢？","清廷戰勝日本後，要求日本依約交出臺灣、澎湖","甲午戰爭結束後，臺灣居民透過公民投票決定歸屬","清廷在甲午戰爭戰敗後依約割讓領土","日本在甲午戰爭中戰敗，清廷依約將臺灣交還日本","2","清廷在甲午戰爭戰敗後依約割讓領土","","《馬關條約》是在清廷於甲午戰爭戰敗後與日本簽訂，清廷依約割讓臺灣、澎湖。答案是 C。其餘選項所述的主權變化原因或方向不符此條約。","[""先確認《馬關條約》簽訂於 1895 年，背景是甲午戰爭。"",""清廷戰敗後依約割讓臺灣、澎湖，因此答案是 C。"",""割讓是戰敗後的條約安排，並非清廷取得日本領土、人民公投或日本戰敗歸還。""]","《馬關條約》要連結甲午戰爭結果與割臺條款；分清戰敗方清廷與取得臺澎的日本。","[]","","","","","","","","","","","","","","",""
"SOC-0210","社會","原創會考程度練習","","","九年級下","地圖判讀","比例尺與實際距離換算","基礎","單題選擇","地圖比例尺為 1：50,000，甲、乙兩地在圖上的直線距離為 6 公分。兩地實際直線距離約為多少？","0.3 公里","1.2 公里","30 公里","3 公里","3","3 公里","","比例尺 1：50,000 表示圖上 1 公分代表實地 50,000 公分（500 公尺）。6 公分代表 300,000 公分，即 3 公里，因此答案是 D。","[""比例尺 1：50,000 表示圖上 1 公分對應實地 50,000 公分。"",""圖上 6 公分對應 6 × 50,000＝300,000 公分，也就是 3,000 公尺。"",""3,000 公尺＝3 公里，所以答案是 D。""]","比例尺先換算圖上 1 公分代表的實地距離，再乘圖上長度；最後檢查公分、公里是否轉換正確。","[]","","","","","","","","","","","","","","",""
"SOC-0211","社會","原創會考程度練習","","","七年級上","臺灣地理","季風與迎背風坡","基礎","單題選擇","冬季東北季風盛行時，臺灣東北部降雨通常較多，西南部相對少雨。下列何者最能解釋這種差異？","東北部迎向東北季風，氣流受地形抬升形成降雨","西南部是東北季風的主要迎風坡，氣流越山後才到東北部","冬季降雨主要由夏季西南季風帶來，與東北季風無關","東北部位於中央山脈背風側，空氣下沉增溫","0","東北部迎向東北季風，氣流受地形抬升形成降雨","","冬季東北季風自海上吹向臺灣，東北部為迎風側，氣流受地形抬升較易降雨；西南部相對位於背風側。因此答案是 A。","[""先辨認冬季主要盛行風向為東北季風。"",""東北部面向來自海上的氣流，地形抬升使水氣凝結降雨，因此答案是 A。"",""西南部相對背風較乾；山脈造成迎背風差異，而非使各地降雨相同。""]","分析臺灣季節降雨時，先判斷季風方向，再區分迎風坡與背風坡。","[]","","","","","","","","","","","","","","",""
"SOC-0212","社會","原創會考程度練習","","","七年級下","經濟與生活","替代品與需求變動","基礎","單題選擇","咖啡與茶飲可滿足相近的飲用需求。若其他條件不變，咖啡價格上升，最可能使茶飲市場出現哪種變化？","茶飲供給必然減少，供給曲線左移","茶飲需求增加，需求曲線右移","茶飲需求減少，需求曲線左移","茶飲需求量沿原需求曲線減少","1","茶飲需求增加，需求曲線右移","","咖啡和茶飲是替代品。咖啡變貴時，部分消費者轉買茶飲，使茶飲需求增加、需求曲線右移，因此答案是 B。這是需求改變，不是茶飲自身價格造成的需求量沿曲線變動。","[""題目指出咖啡與茶飲用途相近，判斷兩者為替代品。"",""咖啡價格上漲使部分人改買茶飲，茶飲需求增加，答案是 B。"",""變動的是替代品價格，因此茶飲需求曲線移動，而非茶飲自身價格造成沿曲線移動。""]","替代品價格改變會使另一商品的需求曲線移動；不要和該商品自身價格造成的需求量變動混淆。","[]","","","","","","","","","","","","","","",""
"SOC-0213","社會","原創會考程度練習","","","八年級上","公民與社會","環境外部成本與公共政策","中等","單題選擇","工廠排放未處理廢水，使下游居民承擔健康與清理成本，但產品價格未反映這些損害。政府要求工廠處理廢水，最主要是為了什麼？","把健康與清理支出繼續留給下游居民承擔","以補助污染排放的方式維持產品低價","降低生產活動將成本轉嫁給他人的情形","只補償受害居民，但不要求污染者降低或處理排放","2","降低生產活動將成本轉嫁給他人的情形","","廢水造成的健康與清理損害由居民承擔，屬生產活動未反映在產品價格中的外部成本。要求處理可減少成本外部化，答案是 C；並非保證價格或取消企業責任。","[""確認污染造成居民健康和清理損害，但工廠未支付這些成本。"",""廢水處理要求讓生產者負起部分環境成本，減少成本外部化，因此答案是 C。"",""政策目的不是固定售價或免除企業責任，而是減少由他人承受的損害。""]","判斷外部成本時，找出交易中未直接付費、卻承受損害的第三者。","[]","","","","","","","","","","","","","","",""
"SOC-0214","社會","原創會考程度練習","","","八年級下","民主政治","行政程序與陳述意見","中等","單題選擇","主管機關擬對民眾作成可能影響其權益的不利處分。依正當行政程序精神，通常應先提供當事人何種機會？","先依現有資料作成處分，當事人只能事後再提出意見","由機關內部承辦人代替當事人陳述事實與理由","只寄發處分結果，不提供陳述或補充資料的程序","通知當事人並給予陳述意見的機會","3","通知當事人並給予陳述意見的機會","","不利處分可能影響人民權益，機關應依相關法定程序通知當事人，並提供陳述意見的機會，以利查明事實及保障程序權利。因此答案是 D。具體程序仍依法律及案件類型判斷。","[""判斷擬作成的是影響人民權益的不利處分。"",""通知並讓當事人陳述意見，有助機關查明事實與保障程序權利，因此答案是 D。"",""程序細節須依法及依案件類型辦理，不能不告知即任意剝奪權利。""]","涉及不利行政處分時，注意程序保障與陳述意見機會，具體要求仍須依法律和案件類型判斷。","[]","","","","","","","","","","","","","","",""
"SOC-0215","社會","原創會考程度練習","","","九年級上","歷史資料判讀","史料交叉比對","中等","單題選擇","研究某地清代土地利用時，研究者找到官方地契、商人日記與多年後的地方志。若要判斷某筆土地在特定年份的登記權利人，哪份資料最直接？","該年份的官方地契登記資料","多年後地方志對當地產業的概括描述","同時期的私人旅行筆記","商人日記中對附近田地的印象","0","該年份的官方地契登記資料","","題目要查特定年份某筆土地的登記權利人，同時期官方地契直接記錄土地登記資訊，因此答案是 A。日記或旅行筆記可補充個人觀察，後來地方志則較概括且時間較晚，宜交叉比對但不如地契直接。","[""先界定研究問題：要查特定土地與特定年份的登記權利人。"",""同時期官方地契記載此類登記資訊，最直接回答問題，因此答案是 A。"",""日記、旅行筆記與後來地方志可提供脈絡，但須留意作者視角及記載時間。""]","選史料先看研究問題；來源是否直接、記載時間與作者立場都會影響推論。","[]","","","","","","","","","","","","","","",""
"SOC-0216","社會","原創會考程度練習","","","九年級下","都市地理","都市熱島調適","基礎","單題選擇","都市中心大量使用柏油與水泥，樹木較少，夜間氣溫常高於近郊。下列哪項措施最能直接減緩都市熱島效應？","增加道路硬鋪面與停車空間，減少可植栽的地面","增加樹蔭與綠地，並採用較能反射日照的屋頂材料","以室內冷氣取代戶外遮蔭和綠地改善","只擴大地下排水容量，不處理建物蓄熱與植被不足","1","增加樹蔭與綠地，並採用較能反射日照的屋頂材料","","樹蔭與綠地可遮蔭、蒸散降溫，反射日照的屋頂可減少建物吸熱，直接降低熱島強度，因此答案是 B。增加硬鋪面或排出冷氣熱氣可能使周遭更熱。","[""柏油、水泥多且樹木少，容易吸熱並使夜間散熱慢。"",""增加植栽可遮蔭並藉蒸散降溫，反射型屋頂減少吸熱，因此答案是 B。"",""增鋪硬面或把冷氣廢熱排到戶外會增加熱量，不是有效緩解方式。""]","改善熱島可從遮蔭、蒸散及減少建物吸熱著手，也要避免把冷氣廢熱推到戶外。","[]","","","","","","","","","","","","","","",""
"SOC-0217","社會","原創會考程度練習","","","七年級上","臺灣史","清末建省","基礎","單題選擇","清廷於 1885 年下詔將臺灣建為一省，這項行政變革最適合放在清朝哪一段歷史脈絡理解？","清初設臺灣府時的行政安排","日本統治臺灣時設置州廳的制度","清末因應治理與防務需求的建省措施","戰後臺灣省政府成立的行政改革","2","清末因應治理與防務需求的建省措施","","臺灣建省是清末的行政變革，1885 年下詔建省，後續完成建置，常與清末治理及海防背景一併理解，因此答案是 C。清初臺灣府、日治州廳與戰後省政府屬不同時期制度。","[""先抓住題幹的 1885 年與清廷，定位在清末而非清初或日治時期。"",""清廷於 1885 年下詔建臺灣省，屬清末治理與防務調整，因此答案是 C。"",""臺灣府是清初制度，州廳屬日治時期，戰後省政府則是另一階段。""]","判讀行政變革要先對照政權與年代；清末建省不可和清初設府、日治州廳或戰後制度混為一談。","[]","","","","","","","","","","","","","","",""
"SOC-0218","社會","原創會考程度練習","","","七年級下","經濟與生活","機會成本","中等","單題選擇","小華週末可選擇做 6 小時臨時工作領取 1,200 元，或參加一場免費且不可改期的會考加強課。若他選擇上課，依機會成本概念最直接放棄的是什麼？","課程講義的印刷費","小華一週的全部零用錢","加強課所教的所有知識","原本可領取的 1,200 元工作收入","3","原本可領取的 1,200 元工作收入","","機會成本是選擇某方案時放棄的最佳替代方案價值。上課與工作時間衝突，選擇上課便放棄可領取的 1,200 元收入，因此答案是 D；講義免費，並非本題直接放棄的選項。","[""確認上課與工作時間無法同時進行，兩者是互斥選擇。"",""選上課所放棄的最佳替代方案是工作收入 1,200 元，因此答案是 D。"",""機會成本不是所有可能犧牲項目的總和，而是放棄的最佳替代方案價值。""]","機會成本是放棄的最佳替代方案價值，不是所有犧牲項目的加總。","[]","","","","","","","","","","","","","","",""
"SOC-0219","社會","原創會考程度練習","","","八年級上","民主政治","議會預算審議與監督","中等","單題選擇","議會審查地方政府年度預算，要求主管機關說明經費用途並刪減部分不合理支出。此作為主要發揮哪項功能？","監督行政部門並審議公共財政","使政府不再需要依法編列預算","取代法院判決所有刑事案件","由議會直接執行所有行政業務","0","監督行政部門並審議公共財政","","議會審查預算、要求說明與刪減支出，屬於對行政部門的監督及公共財政審議功能，因此答案是 A。議會監督不等於直接執行行政或取代司法。","[""從審查年度預算判斷，題目聚焦政府財政與支出。"",""議會藉預算審議監督行政部門並把關公共財政，因此答案是 A。"",""預算監督不代表議會親自執行行政工作或取代法院審判。""]","地方議會審議預算是監督行政、把關公共支出的方式，不等於議會直接執行行政。","[]","","","","","","","","","","","","","","",""
"SOC-0220","社會","原創會考程度練習","","","八年級下","人口與區域發展","偏鄉公共服務可近性","中等","單題選擇","某偏遠鄉鎮青年外移，使學校招生減少、診所與公車班次也逐漸縮減。若政府希望改善居民取得基本服務的機會，哪項措施較能回應此問題？","停止所有公共運輸與醫療服務以降低支出","整合交通、巡迴醫療、遠距醫療或遠距教育服務，並依人口需求調整配置","只補助外地大型商場，不改善在地交通","要求居民全部遷往都會區，不提供過渡協助","1","整合交通、巡迴醫療、遠距醫療或遠距教育服務，並依人口需求調整配置","","人口外移使服務據點與需求都改變。整合交通、巡迴醫療、遠距醫療或遠距教育服務，並依實際需求配置資源，可改善居民可近性，因此答案是 B；全面撤除服務會使問題惡化。","[""先從人口外移、招生減少及服務縮減辨認偏遠地區可近性問題。"",""整合交通、巡迴醫療、遠距醫療或遠距教育服務並依需求調整，能補足服務落差，因此答案是 B。"",""停止服務或要求居民遷出，都沒有改善留居居民取得基本服務的機會。""]","偏鄉服務規劃要同時考量人口分布、交通可近性與服務需求，彈性配置比一味撤點更能縮小落差。","[]","","","","","","","","","","","","","","",""
"SOC-0221","社會","原創會考程度練習","","","九年級上","人口與社會","高齡化與照護需求","中等","單題選擇","某地高齡人口比例持續上升，青壯年人口比例下降。若政府希望長期維持高齡者照護與社會支持，哪項作法較能回應人口結構變化？","只擴充大型醫院床位，不發展社區或居家照護","延長退休年齡作為唯一措施，不增加照護人力","發展社區照護、預防保健並培訓照護人力","把照護責任全部交由家庭承擔，不提供公共支持","2","發展社區照護、預防保健並培訓照護人力","","高齡人口增加會提高照護與健康服務需求；發展社區照護、預防保健並培訓人力，較能持續回應需求，因此答案是 C。停止服務或只增建商場無法解決照護缺口。","[""從高齡人口比例上升判斷，長期照護與健康支持需求增加。"",""社區照護、預防保健與照護人力培訓能共同回應需求，因此答案是 C。"",""停止服務會擴大照護缺口；單純增加商場也不能取代醫療與照護支持。""]","面對高齡化要從照護需求、預防健康與人力供給多面向規劃，而非只看單一設施。","[]","","","","","","","","","","","","","","",""
"SOC-0222","社會","原創會考程度練習","","","九年級下","公民與生活","個人資料與網路安全","基礎","單題選擇","網路商店客服以「確認退款」為由，要求消費者提供簡訊驗證碼與網路銀行密碼。最安全的作法是什麼？","回撥退款訊息所附的電話，並依對方指示輸入驗證碼","只提供簡訊驗證碼，不提供網路銀行密碼","點擊退款簡訊連結登入網銀確認身分","拒絕提供，改用官方公布的聯絡管道查證客服身分","3","拒絕提供，改用官方公布的聯絡管道查證客服身分","","簡訊驗證碼與網銀密碼可被用來登入或授權交易，不應交給來電或訊息中的陌生客服。拒絕提供並改用官方公布的電話或網站查證，答案是 D。","[""辨認題目索取的是可登入或授權金融交易的驗證碼與密碼。"",""不要提供敏感資料，改透過官方管道查證客服身分，因此答案是 D。"",""公開貼出驗證碼或讓陌生人遠端操控裝置，也可能造成帳戶遭盜用。""]","簡訊驗證碼和網銀密碼都屬高度敏感資料；遇到退款或帳戶異常要求，必須另循官方管道查證。","[]","","","","","","","","","","","","","","",""
"SOC-0223","社會","原創會考程度練習","","","七年級上","臺灣史","荷蘭統治與海上貿易","中等","單題選擇","十七世紀荷蘭東印度公司在臺灣南部經營貿易與據點。若以當時歐洲海上貿易為背景，臺灣位置最可能帶來哪項作用？","成為連結東亞沿海與區域海上航線的貿易據點","讓荷蘭商人能避開所有亞洲既有港口，直接控制整個區域貿易","使臺灣只與歐洲往來，東亞沿海港口不再參與交易","讓臺灣成為內陸轉運中心，海上航線的重要性降低","0","成為連結東亞沿海與區域海上航線的貿易據點","","臺灣位於東亞海域的交通位置，可作為區域航線上的貿易與轉運據點，因此答案是 A。它並非讓船隻不必航行，也未切斷東亞內部往來。","[""先從題目確認荷蘭東印度公司經營的是海上貿易與據點。"",""臺灣位於東亞海上交通網絡，可提供區域貿易與轉運位置，因此答案是 A。"",""地理位置可促進航線連結，但不代表航行消失或區域貿易被完全阻斷。""]","判斷歷史區位功能時，連結海域位置、航線與當時貿易網絡，不要把地理位置說成唯一原因。","[]","","","","","","","","","","","","","","",""
"SOC-0224","社會","原創會考程度練習","","","七年級下","人口與區域發展","人口密度計算","基礎","單題選擇","某縣人口為 24 萬人，土地面積為 80 平方公里。該縣平均人口密度約為多少人／平方公里？","300 人／平方公里","3,000 人／平方公里","1,920 人／平方公里","30,000 人／平方公里","1","3,000 人／平方公里","","人口密度＝人口÷土地面積。240,000÷80＝3,000，因此平均人口密度約為 3,000 人／平方公里，答案是 B。","[""先把 24 萬人換成 240,000 人。"",""套用人口密度公式：人口 ÷ 面積＝240,000 ÷ 80＝3,000。"",""單位是每平方公里 3,000 人，因此答案是 B。""]","人口密度以人口除以面積；運算後記得保留每平方公里的人數單位。","[]","","","","","","","","","","","","","","",""
"SOC-0225","社會","原創會考程度練習","","","八年級上","公民與媒體素養","查證公共資訊來源","中等","單題選擇","社群平台流傳「今晚全市自來水將停供」的訊息，未附來源且要求轉傳。要判斷真假，哪種作法最可靠？","查詢多個社群帳號的轉貼內容，只要說法相同就視為官方確認","只查看搜尋結果摘要，不必開啟原始公告核對日期與地區","查詢自來水事業或地方政府官方公告，再比對發布時間與範圍","查找前一日的新聞報導，即使未確認當晚公告也照常轉傳","2","查詢自來水事業或地方政府官方公告，再比對發布時間與範圍","","停水資訊應能由供水事業或地方政府的正式公告核對；查來源、發布時間與影響範圍，可避免轉傳舊訊或不實訊息，因此答案是 C。轉傳量或配圖不能證明內容真實。","[""先注意訊息沒有來源，且要求轉傳，不能只憑貼文判真偽。"",""查供水事業或地方政府正式公告，核對日期與範圍，因此答案是 C。"",""分享次數與圖片都不是可靠證據；先查證可避免散播錯誤資訊。""]","公共服務異動要查原始發布機關、時間和適用範圍；轉傳次數與圖片不是事實查核。","[]","","","","","","","","","","","","","","",""
"SOC-0226","社會","原創會考程度練習","","","八年級下","災害防治","颱風警戒與疏散","基礎","單題選擇","氣象預報顯示颱風將接近，某沿海低窪地區可能淹水。居民最適合依據哪項資訊及早採取行動？","因颱風眼短暫無風，就判定警戒已解除並返回低窪地區","只依親友轉傳的路線建議，不核對發布時間與官方警戒","等雨勢減弱後才查看是否已有淹水或撤離公告","地方政府發布的警戒、淹水潛勢與疏散公告","3","地方政府發布的警戒、淹水潛勢與疏散公告","","低窪沿海地區面臨淹水風險，應依地方政府的警戒、潛勢資訊與疏散公告提早準備，答案是 D。等道路積水才行動可能錯失安全撤離時機，未具名貼文也無法取代官方資訊。","[""辨認沿海低窪地區在颱風期間可能發生淹水。"",""參考地方政府警戒、淹水潛勢及疏散資訊提早採取行動，因此答案是 D。"",""不要等積水阻斷道路才撤離，也不可只依賴來源不明的單一貼文。""]","颱風避難要依官方警戒、地形風險及疏散資訊提早準備，不要等道路積水才行動。","[]","","","","","","","","","","","","","","",""
"SOC-0227","社會","原創會考程度練習","","","九年級上","經濟與生活","價格上限與市場短缺","基礎","單題選擇","政府規定租金上限低於市場供需均衡租金，且有足夠多房客想租屋。若其他條件不變，短期最可能出現哪種現象？","租屋需求量大於供給量，形成短缺","房東供給量增加、房客需求量減少，形成房屋剩餘","租金上限使需求曲線左移，市場重新回到原均衡點","房東減少供給但需求量下降更多，因此房源出現剩餘","0","租屋需求量大於供給量，形成短缺","","低於均衡價格的租金上限會使願意租屋的需求量高於房東願意提供的供給量，形成短缺，因此答案是 A。市場上限不會使均衡租金自動上升。","[""先比較租金上限與均衡租金：題目指出上限較低，屬具約束力的價格上限。"",""低價使需求量增加、供給量減少，需求量大於供給量，因此答案是 A。"",""差額形成租屋短缺；價格上限不會讓均衡價格自動提高。""]","價格上限低於均衡價才有約束力；比較該價格下的需求量與供給量可判斷是否短缺。","[]","","","","","","","","","","","","","","",""
"SOC-0228","社會","原創會考程度練習","","","九年級下","公民與人權","通用設計與公共參與","中等","單題選擇","某市規劃新建公共圖書館，為使不同身體條件的民眾都能使用，哪項設計最符合通用設計精神？","設置無障礙側門，但所有民眾都必須繞行較遠路線","同時規劃無階差動線、電梯、清楚指標與多元服務方式","保留階梯主入口，僅在有人提出申請後臨時安排人力協助","只提供一種固定高度的設備與單一文字標示方式","1","同時規劃無階差動線、電梯、清楚指標與多元服務方式","","無階差動線、電梯、清楚指標與多元服務方式，能讓不同身體條件的民眾較平等地使用公共設施，因此答案是 B。通用設計重視從規劃階段降低使用障礙，而非事後把協助設備鎖起來。","[""題目目標是讓不同身體條件的使用者都能進入並使用圖書館。"",""無障礙動線、電梯、易懂標示和多種服務方式可降低障礙，因此答案是 B。"",""只設階梯或把設備隔離，會排除部分使用者，與通用設計相反。""]","通用設計應在規劃階段降低使用障礙，讓不同能力與需求的人都能使用公共空間。","[]","","","","","","","","","","","","","","",""
"SOC-0229","社會","原創會考程度練習","","","七年級上","經濟與生活","匯率換算與差額","中等","單題選擇","某銀行公告美元匯率由每美元新臺幣 30 元升至 32 元。民眾購買 100 美元所需的新臺幣增加多少？（不計手續費）","100 元","300 元","200 元","3,200 元","2","200 元","","原需 100×30＝3,000 元；新需 100×32＝3,200 元。差額為 3,200－3,000＝200 元，因此答案是 C。","[""依舊匯率計算：100 美元 × 30 元＝3,000 元。"",""依新匯率計算：100 美元 × 32 元＝3,200 元。"",""增加金額為 3,200－3,000＝200 元，因此答案是 C。""]","匯率題先確認每單位外幣折合多少本國貨幣，再乘數量，最後比較前後差額。","[]","","","","","","","","","","","","","","",""
"SOC-0230","社會","原創會考程度練習","","","七年級下","災害防治","地震耐災與建築安全","基礎","單題選擇","位於地震活動頻繁地區的社區，若要降低地震時建築物倒塌造成的傷亡，哪項長期措施最有效？","只辦理避難演練與準備物資，不檢查建築結構","增加地震監測站，就能直接防止建物倒塌","地震後優先修復外觀，不檢查耐震構件","落實耐震設計、施工監督與既有建物補強","3","落實耐震設計、施工監督與既有建物補強","","耐震設計、施工監督及既有建築補強可在地震發生前降低倒塌風險，是最直接的長期減災措施，因此答案是 D。災後清理無法避免當次傷亡，社群貼文也不能代替工程安全。","[""題目關注的是地震時建築物倒塌造成的傷亡。"",""耐震設計、品質監督及既有建物補強能降低倒塌機率，因此答案是 D。"",""災後清理無法預防倒塌，應在地震前改善建築安全。""]","地震風險管理重視災前耐震設計、工程監督與既有建物補強，不只依賴災後應變。","[]","","","","","","","","","","","","","","",""
"SOC-0231","社會","原創會考程度練習","","","八年級上","地圖與地理資訊","GIS圖層套疊與路線規劃","中等","單題選擇","縣府將學校位置圖與淹水潛勢圖套疊，發現某校位於高風險區。若要規劃避難動線，地理資訊系統最能協助做什麼？","比對校園、道路及淹水範圍，找出較安全的替代路線","只比較路線長度，不納入淹水範圍圖層","由校園位置圖推算各路段當下積水深度，無須更新或現地資料","將套疊結果視為保證路線未來不會淹水","0","比對校園、道路及淹水範圍，找出較安全的替代路線","","地理資訊系統可將學校、道路與淹水潛勢等圖層疊合，協助辨認高風險路段並比較替代路線，因此答案是 A。圖資有助規劃，但不能保證災害不會發生。","[""確認規劃需要同時考量學校位置、道路及淹水範圍。"",""套疊圖層可找出風險路段並比較較安全的替代路線，因此答案是 A。"",""GIS 支援空間分析與規劃，不會消除淹水本身或保證預測百分之百正確。""]","GIS 可疊合不同空間圖層支援比較與規劃，但分析結果取決於資料品質，不能保證災害不發生。","[]","","","","","","","","","","","","","","",""
"SOC-0232","社會","原創會考程度練習","","","八年級下","經濟與生活","單利計算","基礎","單題選擇","小芸將 40,000 元存入年利率 1.5% 的帳戶一年，按單利計息且不計稅費。一年後利息是多少？","60 元","600 元","400 元","6,000 元","1","600 元","","單利利息＝本金×年利率×年數＝40,000×0.015×1＝600 元，因此答案是 B。不要把 1.5% 誤當成 15%，也不要把本金算進利息。","[""先列出本金 40,000 元、年利率 1.5%＝0.015、時間 1 年。"",""套用單利公式：40,000×0.015×1＝600 元，因此答案是 B。"",""題目問利息而非本利和；不用把 40,000 元本金加進答案。""]","單利利息可用本金×年利率×年數；先把百分率換成小數，並分清利息與本利和。","[]","","","","","","","","","","","","","","",""
"SOC-0233","社會","原創會考程度練習","","","九年級上","近代中國史","辛亥革命與共和","基礎","單題選擇","1911 年辛亥革命爆發，清帝於翌年退位，之後建立共和政體。這一歷史變化最主要代表中國政治制度出現何種轉變？","共和政體建立後，立即實現全國普選與完整民主制度","清帝退位後改由世襲皇族組成內閣，帝制仍維持","由帝制走向共和，傳統皇帝制度告終","共和成立後，各地政治衝突與權力競爭立即終止","2","由帝制走向共和，傳統皇帝制度告終","","辛亥革命於 1911 年爆發，清帝於 1912 年退位，之後建立共和政體，代表政治制度由皇帝世襲統治轉向共和形式，因此答案是 C。制度轉變並不表示此後所有衝突立即消失。","[""先區分時間：辛亥革命於 1911 年爆發，清帝於 1912 年退位。"",""帝制告終後建立共和政體，政治形式由皇帝世襲統治轉變，因此答案是 C。"",""共和制度建立不代表政治衝突或地方差異立刻消失。""]","比較革命與制度更替時要核對時間：革命爆發、皇帝退位與共和成立不是同一事件，也不代表社會問題立即消失。","[]","","","","","","","","","","","","","","",""
"SOC-0234","社會","原創會考程度練習","","","九年級下","經濟與公共服務","公共財與搭便車","中等","單題選擇","社區路燈照亮公共道路，附近居民通常都能受益，也不容易只禁止未付費者使用。這項服務最可能具有哪種特性，並因此面臨何種問題？","具排他性，因此所有人都會主動付費","具競爭性，使用者增加會使其他人無法受益","屬私人商品，政府不能參與提供","非排他且非競爭，可能有人搭便車而降低自願供給","3","非排他且非競爭，可能有人搭便車而降低自願供給","","公共道路照明通常難以排除未付費者使用，一人受益也不會明顯減少他人受益，具非排他性與非競爭性。個人可能期待他人出資而自己搭便車，使自願供給不足，因此答案是 D。","[""看是否容易排除未付費者：路燈照明通常很難限制誰能受益。"",""多一位居民受益不會明顯減少其他人的照明，具非競爭性；答案是 D。"",""因難排除且非競爭，個人可能搭便車，造成自願供給不足。""]","公共財常以非排他性與非競爭性判斷；難排除使用者時，留意搭便車造成的供給不足。","[]","","","","","","","","","","","","","","",""
"SOC-0235","社會","原創會考程度練習","","","七年級上","地理環境與永續","農業氣候調適與水資源","中等","單題選擇","某農村近年夏季高溫與乾旱風險增加，灌溉水源也較不穩定。哪項調適策略最能降低農業生產受氣候影響的風險？","調整播種期、選擇較耐旱品種並改善灌溉效率","在旱季大量抽取地下水而不設管理","取消所有水資源監測與灌溉規劃","只種需水量高且不耐熱的單一作物","0","調整播種期、選擇較耐旱品種並改善灌溉效率","","調整播種期可避開高溫或缺水時段，耐旱品種與提高灌溉效率可降低用水風險，因此答案是 A。單一高需水作物或無管理抽取地下水，可能加重乾旱脆弱性。","[""從高溫、乾旱與水源不穩判斷農業面臨氣候與供水風險。"",""調播種期、選耐旱品種、提升灌溉效率可分散與降低風險，因此答案是 A。"",""大量無管理抽地下水或只種高需水作物，會加重缺水問題。""]","氣候調適可結合農作時程、品種選擇與用水效率，避免單靠增加取水量轉移風險。","[]","","","","","","","","","","","","","","",""
"SOC-0236","社會","原創會考程度練習","","","七年級下","地形與土地利用","坡地水土保持","基礎","單題選擇","山坡地農田若沿坡面直線開墾，雨水較容易快速流下並帶走表土。哪項耕作方式較能減少坡地沖蝕？","沿最大坡度方向耕作，再以排水溝集中導流","沿等高線耕作並設置梯田或草帶","沿等高線耕作，但移除草帶並讓坡面長期裸露","保留順坡長直畦，縮短雨水停留時間以加速排出","1","沿等高線耕作並設置梯田或草帶","","沿等高線耕作、設置梯田或草帶可減緩坡面逕流、增加攔截並降低土壤被沖走的機會，因此答案是 B。沿最大坡度開溝反而可能讓水流加速集中。","[""先判斷坡地直線開墾會使雨水沿坡快速流動並沖刷表土。"",""沿等高線耕作及設置梯田、草帶能減速攔水，因此答案是 B。"",""順坡開溝會集中並加快逕流，不利於減少沖蝕。""]","坡地水土保持可透過等高線耕作、梯田與植生減緩逕流；順坡排水可能增加沖蝕。","[]","","","","","","","","","","","","","","",""
"SOC-0237","社會","原創會考程度練習","","","八年級上","經濟與生活","損益兩平分析","中等","單題選擇","某商品售價每件 80 元，單位變動成本 50 元，每月固定成本 3,000 元。假設全部售出且沒有其他成本，損益兩平銷量為多少件？","30 件","60 件","100 件","150 件","2","100 件","","每件商品可用來分攤固定成本的金額為 80－50＝30 元。損益兩平銷量＝3,000÷30＝100 件，因此答案是 C。","[""先算每件貢獻毛額：售價 80－單位變動成本 50＝30 元。"",""固定成本 3,000÷每件 30 元＝100 件，因此答案是 C。"",""100 件時總貢獻正好抵銷固定成本；尚未把固定成本重複加進分母。""]","損益兩平量＝固定成本÷每單位貢獻毛額；貢獻毛額是售價減單位變動成本。","[]","","","","","","","","","","","","","","",""
"SOC-0238","社會","原創會考程度練習","","","八年級下","民主政治","立法與行政分工","基礎","單題選擇","議會通過一項法律後，行政機關依法律訂定執行方式並提供相關公共服務。這最能說明政府部門間哪種關係？","立法機關通過法律後，仍由立法機關負責執行各項公共服務","司法機關負責制定法律，行政機關只進行司法裁判","行政機關可用行政命令任意取代議會通過的法律","立法機關制定法律，行政機關依法執行","3","立法機關制定法律，行政機關依法執行","","議會負責立法，行政機關依法律執行政策並提供服務，展現立法與行政的分工及制衡，因此答案是 D。行政機關仍受法律拘束，不能任意取消法律。","[""辨認議會通過法律屬立法職能。"",""行政機關依法律規範執行並提供服務，因此答案是 D。"",""行政權須受法律拘束；行政機關不能任意取消立法機關通過的法律。""]","辨認政府職權時，區分立法機關制定法律與行政機關依法執行政策。","[]","","","","","","","","","","","","","","",""
"SOC-0239","社會","原創會考程度練習","","","九年級上","近代社會變遷","工業化與都市化","中等","單題選擇","工廠集中設立後，大量人口由農村移往城市工作，城市住房需求增加，也出現衛生與勞動條件問題。這些變化最符合哪一歷史現象？","工業化與都市化相互影響的社會變遷","都市化只由自然增加造成，與工廠就業及人口遷移無關","工業化使工廠工作者普遍離開城市返回農村","城市人口增加後，住房與衛生問題必然自動消失","0","工業化與都市化相互影響的社會變遷","","工廠集中促使勞動人口移往城市，工業生產與都市人口成長相互作用；住房、衛生與勞動問題也隨之出現，因此答案是 A。","[""工廠集中代表工業生產擴大，吸引農村人口移入城市。"",""人口移入帶來住房與公共衛生需求，呈現工業化和都市化互相影響，因此答案是 A。"",""題幹描述的是工業與城市社會變遷，並非農村人口回流或工廠消失。""]","工業化常帶動人口移向城市，分析時可連結就業、住房、衛生及勞動條件的變化。","[]","","","","","","","","","","","","","","",""
"SOC-0240","社會","原創會考程度練習","","","九年級下","人口與區域發展","人口比例比較","中等","單題選擇","甲區總人口 100,000 人，其中 20,000 人為 65 歲以上；乙區總人口 50,000 人，其中 15,000 人為 65 歲以上。哪一區高齡人口比例較高？","甲區，因為高齡人口總數較多","乙區，因為高齡人口占總人口 30%","兩區相同，因為高齡人口都超過 10,000 人","無法比較，因為兩區總人口不同","1","乙區，因為高齡人口占總人口 30%","","甲區高齡人口比例為 20,000÷100,000＝20%；乙區為 15,000÷50,000＝30%。乙區雖然高齡人口總數較少，但比例較高，因此答案是 B。","[""甲區比例＝20,000÷100,000＝20%。"",""乙區比例＝15,000÷50,000＝30%，高於甲區，因此答案是 B。"",""比較比例不能只看高齡人口的絕對人數；乙區總人口較少但占比更高。""]","比較不同規模地區的人口結構時，先算占比，勿只比較人口絕對數。","[]","","","","","","","","","","","","","","",""
"SOC-0241","社會","原創會考程度練習","","","七年級上","都市地理與土地利用","都市擴張與農地保留","基礎","單題選擇","某都會區低密度住宅不斷向外擴張，居民通勤距離增加，周邊農地也逐漸轉為建地。哪項政策較能同時減少交通負擔與農地流失？","只在城市邊緣興建更多低密度住宅","取消大眾運輸，讓居民改以私人汽車通勤","在既有市區整合住宅與公共運輸，並限制不必要的外擴開發","將所有農地改為停車場以增加道路容量","2","在既有市區整合住宅與公共運輸，並限制不必要的外擴開發","","在既有市區整合住宅與公共運輸，可縮短部分通勤距離；限制不必要的外擴開發也有助保留周邊農地，因此答案是 C。只在邊緣增加低密度住宅會延續外擴。","[""題幹指出住宅外擴帶來較長通勤與農地轉用兩項問題。"",""在既有市區整合開發與公共運輸，可降低外擴壓力並改善通勤，因此答案是 C。"",""繼續在邊緣增加低密度住宅會延續通勤距離增加與農地流失。""]","分析都市外擴時連結通勤、土地使用與農地轉用；整合既有市區和公共運輸可降低部分外擴壓力。","[]","","","","","","","","","","","","","","",""
"SOC-0242","社會","原創會考程度練習","","","七年級下","經濟與生活","比較利益與機會成本","中等","單題選擇","甲、乙兩地每單位時間可生產的產品如下：甲可生產 10 籃稻米或 5 箱茶；乙可生產 6 籃稻米或 6 箱茶。若專業分工依比較利益，哪項判斷正確？","甲、乙都應專門生產稻米","甲生產茶、乙生產稻米","甲、乙都應專門生產茶","甲生產稻米、乙生產茶","3","甲生產稻米、乙生產茶","","甲放棄 10 籃稻米可生產 5 箱茶，1 籃稻米的機會成本為 0.5 箱茶；乙為 1 箱茶。甲生產稻米的機會成本較低，乙則較適合生產茶，因此答案是 D。","[""比較生產稻米的機會成本：甲每 10 籃米放棄 5 箱茶，故每籃米成本為 0.5 箱茶。"",""乙每 6 籃米放棄 6 箱茶，故每籃米成本為 1 箱茶；甲的米成本較低。"",""甲較適合生產稻米，乙的茶機會成本較低，故乙生產茶；答案是 D。""]","比較利益看相對機會成本，不是只比較誰的絕對產量較高；可先算放棄另一商品的代價。","[]","","","","","","","","","","","","","","",""
"SOC-0243","社會","原創會考程度練習","","","八年級上","公民與媒體素養","媒體監督公共事務","中等","單題選擇","地方媒體調查公共工程後，公開預算差異並訪問主管機關與居民。這種報導最能發揮哪項民主社會功能？","提供資訊並促進公共監督與討論","使公共預算不再需要議會審查","保證所有讀者都接受同一種立場","代替法院直接判決工程是否合法","0","提供資訊並促進公共監督與討論","","媒體揭露公共資訊、呈現相關方說法，可協助民眾理解議題並監督公共決策，因此答案是 A。報導不取代法院判決、議會審查，也不保證所有讀者立場相同。","[""確認報導內容包括預算資料及主管機關、居民等不同觀點。"",""媒體提供公共資訊並促進社會監督與討論，因此答案是 A。"",""媒體報導不等於司法判決或議會預算審查，也不會使意見一致。""]","媒體提供資訊與監督，但不能取代司法、民意機關的法定職權；查證報導來源與脈絡也很重要。","[]","","","","","","","","","","","","","","",""
"SOC-0244","社會","原創會考程度練習","","","八年級下","古代歷史與民主","雅典民主的參與限制","中等","單題選擇","古雅典的公民大會可參與城邦決策，但婦女、奴隸與外邦居民通常不具公民資格。這最能說明古雅典民主制度的哪項限制？","城邦完全沒有任何集體決策制度","參政權僅限符合資格的公民，並非普遍適用","所有居住者都能平等參與決策","每位公民都必須擔任相同職務","1","參政權僅限符合資格的公民，並非普遍適用","","古雅典的公民大會提供部分公民參與決策的機會，但公民資格排除了婦女、奴隸與外邦居民，參政權並非人人享有，因此答案是 B。","[""先辨認公民大會屬於城邦的集體決策制度。"",""能參與者只限符合資格的公民，婦女、奴隸與外邦居民被排除，因此答案是 B。"",""古雅典有民主參與形式，但不能因此推論所有居住者都有平等參政權。""]","評價古代民主制度時，同時看參與機制與公民資格限制，不要把「有公民大會」等同全民參政。","[]","","","","","","","","","","","","","","",""
"SOC-0245","社會","原創會考程度練習","","","九年級上","都市地理與防災","雨水入滲與都市滯洪","中等","單題選擇","都市快速鋪設不透水地面後，強降雨時地表逕流增加、積水風險上升。哪項規劃最能在降雨時暫存或滲透雨水？","擴大排水管容量，並讓雨水盡快排入下游河道","增加道路側溝，將公園與池塘的水導入排水系統","設置雨水花園、透水鋪面與滯洪設施","提高堤防高度，但維持地面不透水面積不變","2","設置雨水花園、透水鋪面與滯洪設施","","雨水花園與透水鋪面可增加雨水入滲，滯洪設施則能暫存並延緩逕流，因此答案是 C。填除公園池塘或增加不透水面會減少蓄滲空間。","[""不透水鋪面增加會使入滲減少、逕流增加。"",""雨水花園與透水鋪面促進入滲，滯洪空間延緩排水，因此答案是 C。"",""填掉公園池塘或繼續增加硬鋪面會減少雨水暫存與入滲。""]","都市防洪可結合透水地面、綠地入滲與滯洪空間，從源頭減緩逕流而非只擴大硬鋪面。","[]","","","","","","","","","","","","","","",""
"SOC-0246","社會","原創會考程度練習","","","九年級下","災害風險與調適","脆弱度與應變能力","中等","單題選擇","兩個社區面臨相同程度的淹水危害。甲區高齡居民較多且缺少避難交通；乙區有完善避難中心與接駁。若其他條件相同，哪一區的災害脆弱度較高？","乙區，因為避難中心可能集中居民而增加暴露","兩區相同，因為危害相同就代表災害風險相同","無法判斷，除非知道兩區淹水的確切深度","甲區，因為居民較難及時避難且高齡者較多","3","甲區，因為居民較難及時避難且高齡者較多","","兩區面對相同淹水危害，但甲區高齡居民較多且缺乏避難交通，居民暴露後較難及時撤離，因此脆弱度較高，答案是 D。乙區的避難設施與接駁可提升應變能力。","[""先注意題目已控制兩區的淹水危害程度相同。"",""甲區高齡居民較多且避難交通不足，面對危害時較難應變，因此答案是 D。"",""乙區的避難中心與接駁可提高應變能力；脆弱度不只由危害大小決定。""]","災害風險除了危害強度，也要考量居民暴露、脆弱度與避難應變能力。","[]","","","","","","","","","","","","","","",""
"SOC-0247","社會","原創會考程度練習","","","七年級上","經濟與生活","供給變動與市場均衡","基礎","單題選擇","某地氣候適合種植稻米，今年收成改善，使農民在各種價格下都願意出售更多稻米。若其他條件不變，市場均衡最可能如何變化？","供給曲線右移，均衡價格下降且交易量增加","需求曲線右移，均衡價格與交易量都上升","需求曲線左移，均衡價格與交易量都下降","供給曲線左移，均衡價格上升且交易量減少","0","供給曲線右移，均衡價格下降且交易量增加","","收成改善使稻米供給增加，供給曲線右移；在需求不變時，均衡價格下降、均衡交易量增加，因此答案是 A。","[""題目說各種價格下願意出售更多，表示稻米供給增加。"",""供給曲線右移；需求不變時，均衡價格下降、交易量增加，因此答案是 A。"",""這是供給條件改變，不是稻米需求曲線移動。""]","各種價格下都願意多賣表示供給曲線移動；再假設需求不變，推論均衡價格與數量方向。","[]","","","","","","","","","","","","","","",""
"SOC-0248","社會","原創會考程度練習","","","七年級下","公民與廉政","利益衝突與迴避","中等","單題選擇","地方採購評選委員發現其中一位委員的近親是投標廠商負責人。為維護採購公正，最適當的處理方式是什麼？","不記錄關係，讓委員照常評分","揭露關係並由該委員迴避相關評選，依公開標準辦理","取消所有廠商的投標資格","要求該廠商直接得標以避免爭議","1","揭露關係並由該委員迴避相關評選，依公開標準辦理","","委員與投標廠商存在近親關係，可能引發利益衝突或公正疑慮。揭露關係、由委員迴避相關評選，並依一致公開標準辦理，有助維護程序公正，因此答案是 B。","[""先辨認委員與投標者有近親關係，可能影響評選公正。"",""揭露關係並讓相關委員迴避，其他評選依公開一致標準進行，因此答案是 B。"",""隱瞞關係或不記錄會削弱透明度；全面取消其他廠商資格也不合理。""]","公共評選遇到私人關係時，重點是揭露、適當迴避並依公開一致標準辦理。","[]","","","","","","","","","","","","","","",""
"SOC-0249","社會","原創會考程度練習","","","八年級上","歷史資料判讀","口述歷史與交叉比對","中等","單題選擇","研究者訪談一位長者，記錄他童年參與地方祭典的經驗。使用這段口述歷史時，最適合採取哪種做法？","因為是親身回憶，就視為該地所有居民共同的經驗","只採信訪談者的結論，不記錄受訪者的立場","保留受訪者的觀點，並與其他口述及文獻資料交叉比對","完全排除口述資料，因為回憶不可能提供歷史資訊","2","保留受訪者的觀點，並與其他口述及文獻資料交叉比對","","口述歷史保留受訪者的個人記憶與觀點，但單一回憶不一定代表所有居民，也可能受時間與記憶影響。保留其觀點並與其他訪談、文獻交叉比對，答案是 C。","[""辨認口述歷史記錄的是受訪者個人經驗。"",""保留其觀點，並和其他口述及文獻比對，避免以一人經驗代表全體，因此答案是 C。"",""口述資料有史料價值，但須考量記憶、身分與敘述角度。""]","口述歷史能呈現個人經驗，但推論群體或長期變化時要和不同來源交叉核實。","[]","","","","","","","","","","","","","","",""
"SOC-0250","社會","原創會考程度練習","","","八年級下","經濟與生活","價格上漲率計算","基礎","單題選擇","某家庭固定購買的一籃商品去年花費 1,200 元，今年同樣商品花費 1,260 元。以這籃商品計算，價格上漲率是多少？","2%","4%","60%","5%","3","5%","","價格增加 1,260－1,200＝60 元。上漲率以原價為基準：60÷1,200＝0.05＝5%，因此答案是 D。","[""先算今年比去年增加多少：1,260－1,200＝60 元。"",""以去年價格作分母：60÷1,200＝0.05＝5%，答案是 D。"",""上漲率要除以原價，不是用今年價格或只報增加的 60 元。""]","計算價格上漲率時，以原價為基準：價差除以原價，再轉成百分比。","[]","","","","","","","","","","","","","","",""
"SOC-0251","社會","原創會考程度練習","","","九年級上","人口與區域發展","人口成長率計算","基礎","單題選擇","某市人口去年為 50,000 人，今年為 52,500 人。若期間沒有行政區調整，該市一年的人口成長率是多少？","5%","52.5%","10%","2%","0","5%","","人口增加 52,500－50,000＝2,500 人。成長率以原人口為基準：2,500÷50,000＝0.05＝5%，因此答案是 A。","[""先算人口增加量：52,500－50,000＝2,500 人。"",""以去年人口為基數：2,500÷50,000＝0.05＝5%，答案是 A。"",""成長率要除以原來的人口，不是除以今年人口。""]","人口成長率以期初人口為基準，先算增減量，再除以原人口並轉為百分比。","[]","","","","","","","","","","","","","","",""
"SOC-0252","社會","原創會考程度練習","","","九年級下","經濟與社會保障","保險與風險分攤","基礎","單題選擇","許多家庭定期繳交少量保費，由保險制度集中管理，再協助少數遭遇重大損失的家庭。這種制度最主要的社會功能是什麼？","由投保者自行承擔全部損失，保費只用來支付行政成本","透過分攤風險，提供成員一定的經濟保障","依每位成員繳交的保費，保證事故後能領回相同金額","把事故發生的可能性消除，使投保者不再需要預防","1","透過分攤風險，提供成員一定的經濟保障","","保險透過許多成員共同分擔風險，將少數人可能承受的重大損失分散，提供一定經濟保障，因此答案是 B。保險不會保證風險完全消失。","[""注意制度由許多家庭共同繳費，資金集中管理。"",""成員共同分攤損失，讓遭遇事故者獲得一定保障，因此答案是 B。"",""分攤風險不等於保證事故不會發生，也不代表每人都能取回相同金額。""]","保險可把個人難以承擔的風險由成員共同分攤，但不能讓事故風險本身消失。","[]","","","","","","","","","","","","","","",""
"SOC-0253","社會","原創會考程度練習","","","七年級上","臺灣史","鄭氏政權與荷蘭勢力退出","基礎","單題選擇","1662 年鄭成功攻下熱蘭遮城後，荷蘭勢力退出臺灣。這項事件最直接代表臺灣歷史出現哪種變化？","清廷立即在臺灣設立臺灣省","日本開始設置州廳治理臺灣","統治臺灣的政治勢力由荷蘭轉為鄭氏政權","臺灣從此不再與東亞海上貿易往來","2","統治臺灣的政治勢力由荷蘭轉為鄭氏政權","","熱蘭遮城失守後，荷蘭勢力退出，鄭成功建立的鄭氏政權接續統治臺灣，因此答案是 C。清朝建省與日治州廳分屬更晚的歷史階段。","[""先辨認 1662 年荷蘭勢力退出臺灣的事件背景。"",""鄭氏政權接替荷蘭勢力統治臺灣，因此答案是 C。"",""臺灣省與日治州廳是其後不同時期的制度，並非 1662 年立即出現。""]","判讀政權更替時，依事件年代排列荷蘭退出、鄭氏統治與後來清廷治理等階段。","[]","","","","","","","","","","","","","","",""
"SOC-0254","社會","原創會考程度練習","","","七年級下","民主政治","公聽會與公共參與","基礎","單題選擇","地方政府舉辦都市計畫公聽會，居民可提出交通與環境意見，主管機關再依程序作成決定。公聽會主要提供什麼？","保證每位居民提出的方案都會被採納","讓主管機關不必依照相關法律決定","以居民投票取代所有專業評估","居民表達意見並參與公共政策討論的管道","3","居民表達意見並參與公共政策討論的管道","","公聽會讓居民在政策形成過程中表達意見、提供資訊並參與討論；主管機關仍需依法依程序作成決定，因此答案是 D。參與不代表所有意見都必須原樣採納。","[""由公聽會安排辨認居民能在決策過程中表達意見。"",""它提供公共參與與討論管道，但由主管機關依程序決定，因此答案是 D。"",""民眾參與不等於所有提案自動通過，也不取代專業評估與法定程序。""]","公聽會提供表達意見與公共討論的機會，但不表示每項意見都必須照單全收。","[]","","","","","","","","","","","","","","",""
"SOC-0255","社會","原創會考程度練習","","","八年級上","地理環境與永續","集水區土地管理與水土保持","中等","單題選擇","坡地森林被大量砍伐後，強降雨時土壤較容易流失，河川也可能淤積。哪項土地管理方式較能同時維護坡地與下游水質？","保留坡地植生、限制高風險開發並設置緩衝帶","以工程護坡取代集水區管理，坡面仍可持續開發","定期清理河道，但不限制上游坡地的土地使用","增加坡地道路與排水設施，並以人工植栽補回所有植被","0","保留坡地植生、限制高風險開發並設置緩衝帶","","保留植生有助固定土壤，限制高風險開發並設置緩衝帶可減少泥砂與污染物流入河川，因此答案是 A。只在河口疏濬無法處理上游土壤流失來源。","[""由植被減少、土壤流失與河川淤積辨認上游集水區受擾動。"",""保留植生、限制高風險開發及設緩衝帶，可降低侵蝕與泥砂輸送，因此答案是 A。"",""只處理河口或增加順坡道路沒有控制上游侵蝕源，可能無法改善水質。""]","維護河流水質要從集水區源頭控制侵蝕與污染，保留植被並管理坡地利用。","[]","","","","","","","","","","","","","","",""
"SOC-0256","社會","原創會考程度練習","","","八年級下","地理技能","人口密度與空間分布","基礎","單題選擇","甲、乙兩地面積相同，甲地人口 12 萬人，乙地人口 8 萬人。若只比較人口密度，下列判斷何者正確？","兩地人口密度相同","甲地人口密度較高","乙地人口密度較高","缺少兩地人口總數，無法比較","1","甲地人口密度較高","","人口密度是單位面積內的人口數。兩地面積相同，甲地有 12 萬人、乙地有 8 萬人，因此甲地每單位面積分配到的人口較多，人口密度較高，答案為 B。要比較密度需同時考慮人口與面積，不能只看人口總數；本題已明示面積相同。","[""人口密度的比較要看人口數與土地面積，概念可表示為人口數除以面積。"",""兩地面積相同，因此直接比較人口總數：甲地 12 萬，大於乙地 8 萬。"",""甲地相同面積內的人口較多，故人口密度較高，選 B；若面積不同，則必須分別計算人口除以面積。""]","人口多不一定人口密度高；比較密度時要把人口數和面積一起看。","[]","","","","","","","","","","","","","","",""
"SOC-0257","社會","原創會考程度練習","","","九年級上","經濟與生活","消費者保護與資訊查證","基礎","單題選擇","網路商店標示商品原價 2,000 元、特價 1,600 元，並宣稱「現省 50%」。若沒有其他折扣或條件，哪一項判斷正確？","折扣為 50%，宣稱正確","折扣為 20%，宣稱不符","折扣為 25%，宣稱不符","只有知道商品成本才能判斷折扣","1","折扣為 20%，宣稱不符","","折扣率以原價為基準，計算為（原價－售價）÷原價。價差是 2,000－1,600＝400 元，折扣率為 400÷2,000＝0.2，即 20%，所以「現省 50%」的宣稱不符，答案是 B。商品成本不是計算消費者折扣率的必要資料。","[""先確認折扣率的基準是原價，公式為（原價－售價）÷原價。"",""先算省下金額：2,000－1,600＝400 元；再算比例：400÷2,000＝0.2。"",""0.2 換算為 20%，故正確判斷是 B；比價時也要確認原價與活動條件是否可信。""]","折扣率的分母是原價；看到「省幾成」要用價差除以原價驗算。","[]","","","","","","","","","","","","","","",""
"SOC-0258","社會","原創會考程度練習","","","九年級下","世界史","工業革命與社會變遷","基礎","單題選擇","工業革命期間，工廠大量設在城市，許多農村人口移往城市受僱工作。這項人口移動最直接反映哪一種社會變遷？","工廠主要移往農村，城市人口因工作減少而外移","農業仍存在，但工業就業比重與城市人口同步下降","城市化加速，人口集中於工業城市","工業工作集中於城市，但不會改變人口分布","2","城市化加速，人口集中於工業城市","","工廠工作集中在城市，農村人口為尋找受僱工作而遷入，會使城市人口與城市規模增加，呈現工業化帶動城市化的現象，因此答案是 C。這不代表農業完全消失，也不能推論所有地區都停止人口移動。","[""找出人口移動的方向：農村人口遷往工廠集中的城市。"",""工廠提供城市工作機會，吸引人口移入，使城市人口集中與城市範圍擴大。"",""這是工業化帶動城市化的表現，故選 C；不能把人口增加解讀成農業消失。""]","分辨工業化與城市化：前者是生產方式轉變，後者是人口與活動向城市集中。","[]","","","","","","","","","","","","","","",""
"SOC-0259","社會","原創會考程度練習","","","七年級上","地理","比例尺與面積換算","中等","單題選擇","都市計畫圖的比例尺為 1：20,000，一塊長方形預定地在圖上長 2.5 公分、寬 1.5 公分。若形狀近似長方形，實際面積約為多少公頃？（1 公頃＝10,000 平方公尺）","1.5 公頃","15 公頃","150 公頃","1,500 公頃","1","15 公頃","","比例尺 1：20,000 表示圖上 1 公分代表實地 20,000 公分，也就是 200 公尺。實際長為 2.5×200＝500 公尺，寬為 1.5×200＝300 公尺，面積為 500×300＝150,000 平方公尺＝15 公頃，答案為 B。注意長度依比例尺放大 20,000 倍，面積則要用換算後的兩邊相乘，不能只把圖上面積乘 20,000。","[""先換算實際邊長：1 公分代表 200 公尺，所以長為 2.5×200＝500 公尺，寬為 1.5×200＝300 公尺。"",""長方形面積＝500×300＝150,000 平方公尺。"",""150,000÷10,000＝15 公頃，選 B；面積要先換算兩條實際邊長再相乘。""]","地圖面積題不能只把面積乘比例尺；需把長、寬各自換成實際長度後再相乘。","[]","","","","","","","","","","","","","","",""
"SOC-0260","社會","原創會考程度練習","","","七年級下","公民與社會","政府政策評估與公共參與","中等","單題選擇","市政府擬在住宅區旁興建大型轉運站，居民擔心噪音與交通影響。若政府希望在決策前兼顧資訊公開與民意，最適合採取哪一作法？","不公開規劃內容，完工後再告知居民","以網路投票結果取代所有專業評估與法定程序","只採用工程廠商的意見作決定","公開評估資料並舉辦說明或意見蒐集程序","3","公開評估資料並舉辦說明或意見蒐集程序","","大型公共建設會影響附近居民，也涉及整體交通與公共利益。決策前公開影響評估資料並提供說明、意見蒐集或依法辦理的參與程序，可讓民眾了解依據、表達關切，政府再依法衡量各項證據與利益，因此答案為 D。公共參與不等同於意見必須全數照單採納，也不能取代法定及專業評估。","[""辨認利害關係：轉運站有交通公共利益，也可能帶來噪音等在地影響。"",""決策前提供評估資訊並蒐集居民意見，能讓不同影響與方案進入討論。"",""因此選 D；參與程序協助政府審慎決策，但仍須依法評估，且不代表每項意見都必須採納。""]","公共參與重在資訊透明與表達意見；政府仍需依法衡量證據、權益與公共利益。","[]","","","","","","","","","","","","","","",""
"SOC-0261","社會","原創會考程度練習","","","八年級上","臺灣史","清領初期行政","基礎","單題選擇","清廷於 1684 年將臺灣納入版圖後，設置哪一個行政單位管理臺灣？","臺灣府","臺北州","臺灣省","臺灣特別行政區","0","臺灣府","","清廷於 1684 年設臺灣府，隸屬福建省，轄臺灣、鳳山、諸羅三縣；臺北州是日治時期行政區，臺灣省則是戰後設置。","[""先把題目時間定位在清領初期。"",""1684 年清廷設臺灣府，答案 A。"",""判讀歷史行政區需留意年代，名稱相似不代表同一時期。""]","留意行政區名稱與年代；臺灣府屬清領初期，臺北州屬日治時期。","[]","","","","","","","","","","","","","","",""
"SOC-0262","社會","原創會考程度練習","","","八年級下","臺灣史","乙未割臺","基礎","單題選擇","清朝在甲午戰爭後與日本簽訂《馬關條約》，臺灣與澎湖列島被割讓給哪一國？","英國","日本","法國","俄國","1","日本","","《馬關條約》於 1895 年簽訂，清朝將臺灣、澎湖割讓日本。","[""由甲午戰爭及《馬關條約》定位年代與事件。"",""割讓對象是日本，答案 B。"",""不要將 1945 年戰後接收與 1895 年割臺混淆。""]","《馬關條約》於 1895 年使臺灣、澎湖割讓日本。","[]","","","","","","","","","","","","","","",""
"SOC-0263","社會","原創會考程度練習","","","九年級上","臺灣史","戰後臺灣","基礎","單題選擇","第二次世界大戰結束後，臺灣由中華民國政府接收的時間約為何時？","1895 年","1911 年","1945 年","1987 年","2","1945 年","","日本在第二次世界大戰戰敗後，臺灣於 1945 年 10 月 25 日由中華民國政府接收。","[""先把事件和第二次世界大戰結束連結。"",""戰爭於 1945 年結束，臺灣在該年由中華民國政府接收，答案 C。"",""1987 年常與解嚴相關，不是戰後接收時間。""]","以 1945 年二戰結束辨認戰後臺灣接收的時間。","[]","","","","","","","","","","","","","","",""
"SOC-0264","社會","原創會考程度練習","","","九年級下","地理","地形判讀","中等","單題選擇","臺灣西部平原較廣，東部山地陡峭且平原狹窄。下列何者最能解釋東部平原較少？","東部海水沒有潮汐","東部沒有河流","東部緯度較高，氣候寒冷","東部山地範圍廣且山脈接近海岸，平原狹窄","3","東部山地範圍廣且山脈接近海岸，平原狹窄","","中央山脈與海岸山脈夾峙，東部山地範圍廣、山脈接近海岸，可供平原發育的空間較小。","[""先比較東部山脈與海岸的相對位置。"",""中央山脈與海岸山脈夾峙，東部山地範圍廣且接近海岸，因此平原狹窄，答案 D。"",""臺灣東部仍有河流與潮汐；勿將平原少誤解成自然現象不存在。""]","中央山脈靠近東部海岸，使東部平原較狹窄。","[]","","","","","","","","","","","","","","",""
"SOC-0265","社會","原創會考程度練習","","","七年級上","公民","政府權力分立","基礎","單題選擇","民主國家將政府權力分由行政、立法與司法機關行使，主要目的為何？","避免權力過度集中並相互制衡","讓各機關各自獨立運作，不必對其他機關負責","使行政機關不再需要依法律執行公共政策","將所有公共決策交由法院統一作成","0","避免權力過度集中並相互制衡","","權力分立並透過制衡限制公權力，降低權力集中或濫用的風險。","[""辨認題目問的是權力分立的制度目的。"",""分權與制衡用來避免權力過度集中，答案 A。"",""制衡不代表機關彼此完全不合作，而是各有職權且互相監督。""]","權力分立與制衡旨在防止公權力過度集中。","[]","","","","","","","","","","","","","","",""
"SOC-0266","社會","原創會考程度練習","","","七年級下","公民","租稅公平","基礎","單題選擇","所得較高者適用較高邊際稅率的累進稅制，主要體現哪項原則？","人人繳相同金額","量能課稅","使用者付費","免除所有公共支出","1","量能課稅","","累進稅率使所得較高者承擔較高的邊際稅率，符合依納稅能力分擔公共支出的量能課稅原則。","[""比較累進稅率與納稅者所得能力的關係。"",""依負擔能力分擔稅負，答案 B。"",""邊際稅率提高不代表全部所得都按最高稅率課徵。""]","累進稅制依所得能力分擔；邊際稅率不等於全部所得稅率。","[]","","","","","","","","","","","","","","",""
"SOC-0267","社會","原創會考程度練習","","","八年級上","公民","選舉制度","基礎","單題選擇","選舉採無記名投票，主要保障選民哪一項權利？","使不同候選人的得票差距縮小","使選務機關不必統計與公布開票結果","個別選民的投票選擇不公開，保障投票自主","使當選人的得票數也必須保密","2","個別選民的投票選擇不公開，保障投票自主","","無記名投票不公開個別選民的投票選擇，可降低威脅或利誘，保障投票自主。","[""留意「無記名」指不記錄個別選民投給誰。"",""保障自由、不受干預地投票，答案 C。"",""無記名不等於不公布整體選舉結果。""]","無記名保障個別選民的選擇隱私，不等於不公布總結果。","[]","","","","","","","","","","","","","","",""
"SOC-0268","社會","原創會考程度練習","","","八年級下","地理","人口遷移","基礎","單題選擇","某鄉鎮居民因當地工作機會減少，搬到都市尋找工作。工作機會減少對原居地而言屬於何種因素？","目的地提供較多工作機會的拉力","目的地人口自然增加形成的拉力","原居地人口出生率高於死亡率造成的自然增加","推力","3","推力","","原居地工作機會減少會促使居民離開，是推力；都市較多工作機會則可能是目的地的拉力。","[""分清楚因素發生在原居地或目的地。"",""原居地不利條件促使遷出，屬推力，答案 D。"",""推力使人離開原地；拉力吸引人前往目的地。""]","推力使人離開原居地；拉力吸引人前往目的地。","[]","","","","","","","","","","","","","","",""
"SOC-0269","社會","原創會考程度練習","","","九年級上","公民","國際貿易","中等","單題選擇","甲國生產一單位布料需 2 小時、一單位米需 5 小時；乙國生產布料需 4 小時、米需 6 小時。甲國在布料生產上具有比較利益，主要原因為何？","甲國生產一單位布料的機會成本較低","甲國生產布料的工時較少，只要比較絕對工時就能判斷比較利益","乙國生產布料的機會成本較低","只要工時不同，就能確定兩國貿易條件","0","甲國生產一單位布料的機會成本較低","","甲國生產一單位布料的機會成本為 2/5 單位米；乙國為 4/6 單位米。因 2/5 小於 4/6，甲國生產布料的機會成本較低，故在布料具有比較利益。 因此答案為 A「甲國生產一單位布料的機會成本較低」。","[""計算甲國生產一單位布料的機會成本：放棄 2 小時可生產的米量，即 2/5 單位米。"",""計算乙國布料的機會成本：4/6 單位米。"",""2/5 小於 4/6，甲國布料機會成本較低，具有比較利益，答案 A；這不單獨決定實際貿易條件。""]","比較利益依機會成本判斷；一國可兩種產品都較有效率，仍可能只在部分產品有比較利益。","[]","","","","","","","","","","","","","","",""
"SOC-0270","社會","原創會考程度練習","","","九年級下","地理","板塊運動","基礎","單題選擇","臺灣地震頻繁，與臺灣位於哪種地質環境最有關？","位於歐亞板塊內部、遠離板塊交界的穩定地區","歐亞板塊與菲律賓海板塊交互作用區","位於太平洋板塊與北美板塊交界","地震只由火山活動造成，與板塊運動無關","1","歐亞板塊與菲律賓海板塊交互作用區","","臺灣位於歐亞板塊與菲律賓海板塊交界附近，板塊擠壓、碰撞與活動造成地震頻繁。","[""將臺灣位置與周邊板塊分布連結。"",""位於板塊交互作用區，答案 B。"",""地震分布也受斷層影響；板塊交界是區域性的重要背景。""]","臺灣位於歐亞板塊與菲律賓海板塊交互作用區。","[]","","","","","","","","","","","","","","",""
"SOC-0271","社會","原創會考程度練習","","","八年級上","地理","等高線與坡地利用","基礎","素養題","山坡農地若沿等高線修築梯田，最主要可減輕哪一種問題？","使坡面逕流加快，縮短雨水停留時間","讓耕作方向順著最大坡降，便於排水","地表逕流加速造成的土壤沖蝕","阻止坡面降雨形成任何地表逕流","2","地表逕流加速造成的土壤沖蝕","","沿等高線修築梯田可減緩坡面水流速度，降低表土被沖走的機會，答案為 C「地表逕流加速造成的土壤沖蝕」。它不能直接改變潮汐、都市熱島或河口鹽度。","[""題目情境是山坡耕地，先判斷主要風險來自坡面流水。"",""梯田沿等高線降低坡面逕流速度並增加水土保持。"",""故選 C；其餘選項屬不同地理作用。""]","地形治理題要連結措施與它實際影響的自然作用。","[]","","","","","","","","","","","","","","",""
"SOC-0272","社會","原創會考程度練習","","","九年級上","臺灣史","清代臺灣建省","基礎","素養題","清廷於 1885 年宣布臺灣建省，這項行政變革最直接代表什麼？","臺灣成為日本殖民地","清廷撤除臺灣所有地方官署","臺灣脫離清朝成為共和國","臺灣由府級行政區升格為省級建制","3","臺灣由府級行政區升格為省級建制","","1885 年清廷宣布臺灣建省，後續行政建制於 1887 年完成，屬清朝體制內的升格調整，答案為 D「臺灣由府級行政區升格為省級建制」。其餘選項的政權與時間不符。","[""先辨認題目時間是 1885 年、政權為清廷，且題目說的是宣布建省。"",""臺灣建省後續行政制度調整於 1887 年完成，仍屬清朝體制內的升格。"",""因此選 D；日本統治與共和國均為不同時期。""]","歷史題先核對宣布、制度完成的時間，再判讀政權變化。","[]","","","","","","","","","","","","","","",""
"SOC-0273","社會","原創會考程度練習","","","九年級上","臺灣史","馬關條約與臺灣","基礎","素養題","1895 年《馬關條約》簽訂後，臺灣的政治地位有何改變？","割讓日本統治","成為清朝直轄省","併入朝鮮王朝","由荷蘭重新統治","0","割讓日本統治","","《馬關條約》使清廷將臺灣、澎湖割讓給日本，答案為 A「割讓日本統治」。不是清廷繼續直轄，也與荷蘭或朝鮮無關。","[""把時間定位在甲午戰爭後的 1895 年。"",""依條約內容，清廷將臺灣、澎湖割讓日本。"",""所以選 A；其餘選項不符合條約內容與時代。""]","條約題要辨明簽約雙方、時間與領土處置，避免混淆不同殖民時期。","[]","","","","","","","","","","","","","","",""
"SOC-0274","社會","原創會考程度練習","","","七年級下","世界史","絲路交流","基礎","素養題","商隊沿絲路往返，帶來商品、宗教與技術交流。下列哪項最能說明這種交流的特性？","往來只交換實物商品，不會傳播宗教或技術","不同區域透過往來彼此傳播物品與文化","不同區域接觸後必然形成同一個政治政權","絲路貿易由單一國家全程控制，沒有中介商隊","1","不同區域透過往來彼此傳播物品與文化","","商隊往來同時傳播商品、宗教與技術，顯示區域間存在多方向的互動，答案為 B「不同區域透過往來彼此傳播物品與文化」。交流不代表政治統一。","[""題幹列出商品、宗教、技術等多類內容。"",""商旅活動連結不同區域，文化與物品可雙向流動。"",""故選 B；經濟文化交流不等於建立單一政權。""]","區域交流題需區分文化互動與政治統一。","[]","","","","","","","","","","","","","","",""
"SOC-0275","社會","原創會考程度練習","","","八年級下","世界史","工業革命與都市化","基礎","素養題","工廠大量設在城市後，許多農村人口遷入城鎮工作。這種變化最可能造成什麼結果？","人口移入會使城市住房與公共設施需求下降","農村勞動人口減少，農業生產必定立刻完全停止","城市人口與住宅需求增加","都市工作增加會使城市人口與服務需求同步減少","2","城市人口與住宅需求增加","","工廠提供城市工作機會，吸引農村人口移入，使城市人口與住宅需求增加，答案為 C。這不代表農業消失或交通需求減少。","[""找出人口移動方向：農村遷入城鎮。"",""人口集中會提高城市住房與公共設施需求。"",""故選 C；其餘選項把趨勢誇大成全面或永久結果。""]","人口變遷題要從移動方向推論可能的都市影響，不要過度推論。","[]","","","","","","","","","","","","","","",""
"SOC-0276","社會","原創會考程度練習","","","七年級下","地理","等高線判讀","基礎","素養題","地形圖上相鄰等高線距離很近，通常代表該處地形如何？","相鄰等高線距離近，通常表示坡度較緩","等高線疏密只顯示海拔數值，不反映坡度","只要等高線距離近，就能判斷該處海拔最高","坡度較陡","3","坡度較陡","","等高線越密，表示相同高度差在較短水平距離內發生，坡度較陡，答案為 D。僅憑線距不能判定海拔正負或河流流速。","[""等高線表示相鄰地點的高度差。"",""線距短代表水平移動不遠就有明顯高度變化。"",""因此坡度較陡，選 D。""]","讀等高線需分辨線距反映坡度，線上的標高才反映海拔。","[]","","","","","","","","","","","","","","",""
"SOC-0277","社會","原創會考程度練習","","","七年級下","地理","東北季風與地形雨","基礎","素養題","冬季東北季風遇到臺灣東北部山地抬升，迎風坡較容易出現何種天氣？","雲雨較多","迎風坡降雨較少、背風坡降雨較多","氣流沿迎風坡上升後下沉增溫，形成焚風","降雨完全由季節決定，地形不會改變分布","0","雲雨較多","","濕潤東北季風受地形抬升，空氣冷卻凝結，迎風坡較易降雨，答案為 A「雲雨較多」。焚風通常出現在氣流越過山地後的背風側。","[""判斷季節風向與東北部山地的相對位置。"",""迎風氣流沿坡上升、冷卻，水氣凝結形成雲雨。"",""故選 A；焚風通常是背風側下沉增溫的現象。""]","地形雨需先判斷迎風、背風位置，再推論氣流升降與降水。","[]","","","","","","","","","","","","","","",""
"SOC-0278","社會","原創會考程度練習","","","八年級上","地理","人口密度計算","基礎","素養題","甲地人口 18 萬人，面積 60 平方公里；平均人口密度為每平方公里多少人？","300 人／平方公里","3,000 人／平方公里","30,000 人／平方公里","108,000 人／平方公里","1","3,000 人／平方公里","","人口密度=人口÷面積=180,000÷60=3,000 人／平方公里，答案 B「3,000 人／平方公里」。計算時須先將 18 萬換成 180,000 人。","[""把 18 萬寫成 180,000 人。"",""以人口除以土地面積：180,000÷60。"",""得 3,000 人／平方公里，選 B。""]","密度計算先統一人口單位，結果要保留每平方公里的人數單位。","[]","","","","","","","","","","","","","","",""
"SOC-0279","社會","原創會考程度練習","","","七年級上","地理","比例尺換算","基礎","素養題","地圖比例尺為 1：25,000，圖上距離 4 公分代表實地多少公里？","0.1 公里","10 公里","1 公里","100 公里","2","1 公里","","實地距離=4×25,000=100,000 公分；100,000 公分等於 1 公里，答案 C。","[""依比例尺計算實距：4×25,000=100,000 公分。"",""換算單位：100,000 公分=1,000 公尺=1 公里。"",""所以選 C。""]","比例尺題先算同一單位的實距，再換成題目要求的單位。","[]","","","","","","","","","","","","","","",""
"SOC-0280","社會","原創會考程度練習","","","八年級下","地理","都市熱島調適","中等","素養題","都市夜間氣溫常高於近郊，政府若要減緩熱島效應，哪項措施最直接？","增加冷氣室外機排熱","擴大深色不透水鋪面","移除公園中的植栽","增加樹蔭與綠地，降低蓄熱並提供遮蔭","3","增加樹蔭與綠地，降低蓄熱並提供遮蔭","","植栽遮蔭並透過蒸散散熱，有助降低地表蓄熱與局部氣溫，因此答案 D「增加樹蔭與綠地，降低蓄熱並提供遮蔭」。增加深色鋪面、拆除綠地或排出廢熱會加重熱島。","[""確認問題是都市夜間偏熱，即熱島效應。"",""樹蔭減少日照蓄熱，植物蒸散可帶走熱量。"",""故選 D；其他措施會增加吸熱或排熱。""]","環境調適題需連結措施對熱量來源、吸收或散失的影響。","[]","","","","","","","","","","","","","","",""
"SOC-0281","社會","原創會考程度練習","","","八年級上","地理","都市洪水與地表逕流","中等","素養題","山坡地大量改成道路與停車場後，暴雨時下游淹水風險可能增加，主要原因為何？","不透水面增加，雨水較快流入排水系統","排水溝容量增加，因而必定降低下游洪峰","降雨量相同時，地表覆蓋不會影響逕流量","道路與停車場會使坡地坡度自然降低","0","不透水面增加，雨水較快流入排水系統","","道路和停車場不透水，減少雨水入滲，增加較快集中的地表逕流，因此答案 A「不透水面增加，雨水較快流入排水系統」，下游洪峰與淹水風險可能升高。","[""先辨認土地覆蓋變化：植被或土壤改為不透水鋪面。"",""入滲減少，雨水更快形成地表逕流並進入排水系統。"",""所以暴雨洪峰與淹水風險可能增加，選 A。""]","洪水風險需看逕流速度、排水能力與土地覆蓋，避免把相關性說成必然結果。","[]","","","","","","","","","","","","","","",""
"SOC-0282","社會","原創會考程度練習","","","八年級下","地理","降雨資料判讀","基礎","素養題","某地 4 月降雨 220 毫米，10 月降雨 40 毫米。僅依這兩筆資料，最適當的敘述是什麼？","該地全年只有 4 月下雨","4 月降雨量比 10 月多 180 毫米","10 月一定發生乾旱","4 月雨量是全年總雨量的一半","1","4 月降雨量比 10 月多 180 毫米","","兩筆月雨量相減為 220−40=180 毫米，因此答案 B「4 月降雨量比 10 月多 180 毫米」。僅有兩個月份資料，不能推論全年或旱災情況。","[""比較兩個月的數值：220 毫米與 40 毫米。"",""計算差值 220−40=180 毫米。"",""選 B；其餘選項需要全年資料或乾旱標準，題目未提供。""]","圖表題的結論要限於實際呈現的資料範圍。","[]","","","","","","","","","","","","","","",""
"SOC-0283","社會","原創會考程度練習","","","九年級上","公民","負外部性","基礎","素養題","工廠排放廢水，使下游居民必須額外購買淨水設備；若工廠未負擔這些損害成本，屬於何種現象？","公共財","正外部性","負外部性","規模經濟","2","負外部性","","工廠生產造成居民承受未由工廠支付的損害成本，是負外部性，答案 C。它不是使第三者受益的正外部性，也不是公共財或規模經濟。","[""辨認生產者是工廠，受影響的第三者是下游居民。"",""居民承受額外淨水成本，且工廠未將其納入成本。"",""因此是負外部性，選 C。""]","外部性判斷要找出第三者受到的未補償成本或利益。","[]","","","","","","","","","","","","","","",""
"SOC-0284","社會","原創會考程度練習","","","九年級上","公民","通貨膨脹與實質購買力","基礎","素養題","某人月薪維持 30,000 元，但日常商品價格普遍上升；其他條件不變時，實質購買力如何變化？","必定增加一倍","上升","完全不變","下降","3","下降","","名目薪資不變而物價上升，同一筆收入能購買的商品減少，實質購買力下降，答案 D。","[""區分名目薪資與實質購買力。"",""物價上升、薪資不變，收入可換得的商品數量變少。"",""所以實質購買力下降，選 D。""]","判斷購買力要比較收入變化與物價變化，不能只看薪資數字。","[]","","","","","","","","","","","","","","",""
"SOC-0285","社會","原創會考程度練習","","","九年級下","公民","司法獨立","基礎","素養題","法官審理案件時依法律與證據判決，不受行政首長指示，最能體現哪項原則？","司法獨立","行政機關依政策目標指揮法院判決","法官可不受法律與證據限制而裁判","立法機關直接決定個別案件的結果","0","司法獨立","","法官依法律與證據裁判，並免受行政指示，體現司法獨立，答案 A。行政或立法機關不應直接代替法院判決個案。","[""找出裁判者及其依據：法官依法律、證據審理。"",""題幹特別指出不受行政首長指示。"",""這是司法獨立，選 A。""]","權力分立題要辨認誰負責制定、執行與適用法律。","[]","","","","","","","","","","","","","","",""
"SOC-0286","社會","原創會考程度練習","","","九年級上","公民","社會保險與風險分擔","基礎","素養題","多人定期繳納保費，發生疾病或事故時依規定獲得給付，這種制度最主要的功能是什麼？","使個人不必預防疾病或事故","分散個人難以承擔的風險","確保每位參加者獲得相同金額的給付","只把風險轉給政府，參加者不需共同分擔","1","分散個人難以承擔的風險","","社會保險以共同繳費、符合條件時給付的方式分攤個人風險，答案 B「分散個人難以承擔的風險」。它不能保證不發生疾病，也不取代預防或司法制度。","[""找出制度安排：多人繳費，特定事故發生時給付。"",""共同基金使個人不必獨自承受全部高額風險。"",""因此主要功能是分散風險，選 B。""]","社會福利制度需分辨風險分攤、預防與個別責任。","[]","","","","","","","","","","","","","","",""
"SOC-0287","社會","原創會考程度練習","","","九年級上","公民","機會成本","基礎","素養題","小安週六選擇有薪工作，放棄可得 500 元的家教收入；若家教是他放棄的最佳替代方案，且不計其他選項，他的機會成本為何？","選擇工作所得與放棄的家教收入相加","所有未選活動可能帶來的收入總和","500 元家教收入","工作本身的薪資，不論放棄哪項活動都相同","2","500 元家教收入","","機會成本是作出選擇時放棄的最佳替代方案價值。題幹已明確指定家教為最佳替代方案，故機會成本為 500 元家教收入，答案 C。","[""確認小安選擇有薪工作，放棄的是家教。"",""題幹指定家教是最佳替代方案，其可得收入為 500 元。"",""因此機會成本為 500 元家教收入，選 C；不把工作所得與它相加。""]","機會成本看被放棄的最佳替代方案，不是所有可能選項的總和。","[]","","","","","","","","","","","","","","",""
"SOC-0288","社會","原創會考程度練習","","","九年級上","公民","公共財與搭便車","基礎","素養題","社區設置路燈後，未繳管理費的居民也能享受照明，較能說明公共財的哪種特性？","必須逐次向每位路人收費","每人使用會減少他人照明","只由單一居民獨占","難以排除未付費者使用","3","難以排除未付費者使用","","路燈照明難以只提供給付費者，未繳費居民也能受益，反映公共財「難以排除未付費者使用」的特性，答案 D。","[""觀察題幹中的未繳費居民仍能得到照明。"",""這表示管理者難以排除未付費者使用該服務。"",""故選 D；不排除性不等於一人使用就耗盡服務。""]","公共財常以排除性與競爭性分析，不要把兩項特性混為一談。","[]","","","","","","","","","","","","","","",""
"SOC-0289","社會","原創會考程度練習","","","九年級下","公民","公共參與","基礎","素養題","市府在道路改善前舉辦公開說明會，居民提出通行安全意見。這項參與最可能發揮何種作用？","提供意見供決策者參考與修正方案","保證居民提出的方案一定全部採用","取代所有法定審議程序","使市府不必公開預算","0","提供意見供決策者參考與修正方案","","說明會讓居民表達需求，決策者可參考意見調整方案，但不代表提案必然全數採納；答案 A 是「提供意見供決策者參考與修正方案」。","[""辨認居民透過說明會提出安全需求。"",""參與能把在地資訊帶入政策討論與修正。"",""選 A；最終決策仍受法律、預算與程序規範。""]","公民參與能影響、監督決策，但不保證每項意見都照單全收。","[]","","","","","","","","","","","","","","",""
"SOC-0290","社會","原創會考程度練習","","","九年級上","公民","供需與市場價格","基礎","素養題","天候良好使番茄收成增加，假設需求與其他條件不變，市場上最可能發生什麼變化？","供給減少，均衡價格必定上升","供給增加，均衡價格有下降壓力","需求增加，均衡價格有下降壓力","供給增加，均衡價格有上升壓力","1","供給增加，均衡價格有下降壓力","","收成增加使供給量增加；需求與其他條件不變時，供給曲線右移，均衡價格通常有下降壓力，答案 B「供給增加，均衡價格有下降壓力」。","[""判斷變化來自生產結果：收成增加。"",""可供出售的番茄增加，市場供給上升。"",""需求不變時，均衡價格通常下降，選 B。""]","供需題要先判斷移動的是供給或需求，再說明均衡變化。","[]","","","","","","","","","","","","","","",""
"SOC-0291","社會","原創會考程度練習","","","八年級上","臺灣史","荷蘭時期西拉雅族與羅馬字","基礎","單題選擇","荷蘭東印度公司在臺灣南部建立據點後，透過傳教士學習羅馬字的原住民族群，主要分布於哪一地區？","蘭陽平原","臺北盆地","臺南一帶","花東縱谷","2","臺南一帶","","荷蘭人在臺灣南部以大員（今臺南安平）為統治與貿易據點，並在周邊傳教及推行羅馬字教育，因此答案為 C「臺南一帶」。蘭陽平原、臺北盆地與花東縱谷並非該政權主要活動核心。","[""抓出題幹線索：荷蘭東印度公司、傳教活動與羅馬字教育。"",""荷蘭統治據點大員位於臺灣西南部，約當今臺南安平及其周邊。"",""因此選 C「臺南一帶」；其他三區不符合荷蘭在臺主要活動範圍。""]","殖民時期題可把政權活動據點與今日地理位置連結，注意歷史地名和現代地名的對照。","[]","","","","","","","","","","","","","","",""
"SOC-0292","社會","原創會考程度練習","","","八年級下","臺灣史","日治時期縱貫鐵路與交通","基礎","單題選擇","日治時期總督府興建縱貫鐵路，最直接有助於哪一項發展？","主要改善山區垂直交通，與西部南北連結無關","鐵路完全取代臺灣各地的港口運輸","沿線所有地方行政區立即合併","南北人口與貨物往來更便利","3","南北人口與貨物往來更便利","","縱貫鐵路連結臺灣西部南北主要城鎮，縮短人員與貨物運送時間，答案為 D「南北人口與貨物往來更便利」。鐵路不會消除港口需求、改變山脈高度，也不會自動合併行政區。","[""題目問的是縱貫鐵路興建後最直接的交通影響。"",""鐵路把西部南北城鎮連接起來，讓人員和貨物移動更有效率。"",""所以選 D；港口仍有功能，鐵路也不會直接改變地形或行政區。""]","評估交通建設影響時，先找它直接改變的運輸連結，再避免推論成全面取代或立即制度變革。","[]","","","","","","","","","","","","","","",""
"SOC-0293","社會","原創會考程度練習","","","九年級上","臺灣史","清領臺灣建省與治理","中等","單題選擇","清廷於 1885 年宣布臺灣建省，並在其後增設機關、修築道路與電線。由此最適合推論清廷的政策方向為何？","加強臺灣防務與行政治理","將臺灣交由日本管理","只發展交通建設，並未加強地方行政管理","臺灣行政層級由省級降回府級","0","加強臺灣防務與行政治理","","臺灣建省並投入防務、交通與通訊建設，顯示清廷希望強化對臺灣的治理與防衛，正確答案為 A「加強臺灣防務與行政治理」。題幹沒有顯示放棄臺灣或轉交他國；荷蘭統治早已結束。","[""整理材料中的政策：宣布建省，並增設機關、修築交通與通訊設施。"",""這些措施讓政府更能管理地方，也有助於調度防務。"",""因此選 A「加強臺灣防務與行政治理」，其他政權轉移說法不符合材料。""]","依材料推論政策目的時，應把建設措施連到治理或防務，不把「建省」誤讀為政權更替。","[]","","","","","","","","","","","","","","",""
"SOC-0294","社會","原創會考程度練習","","","九年級下","地理","氣溫與降雨資料判讀","中等","單題選擇","某地 1 月平均氣溫 16°C、7 月平均氣溫 28°C；全年各月降雨量都不少，冬季尤為潮濕。依資料判斷，該地最可能位於臺灣何處？","西南部背山、冬季較乾的平原","中央山脈高海拔地區","東北部迎東北季風的沿海地區","西南部沿海冬季雨量較少的平原","2","東北部迎東北季風的沿海地區","","冬季潮濕且全年雨量不少，符合迎東北季風的臺灣東北部特徵；夏季較暖、冬季較涼也符合低海拔北部沿海氣候，正確答案為 C「東北部迎東北季風的沿海地區」。西南部冬季較乾；高山冬季氣溫通常更低，澎湖也不符合冬季多雨型態。","[""注意題目同時提供冬夏氣溫差與冬季降雨特徵。"",""臺灣東北部冬季迎東北季風，水氣受地形抬升，降雨較多。"",""故選 C；其餘地區的冬季雨量或溫度特徵不符。""]","氣候判讀要同時使用氣溫與降雨資訊；季風迎風面常是降雨分布的重要線索。","[]","","","","","","","","","","","","","","",""
"SOC-0295","社會","原創會考程度練習","","","七年級上","地理","人口密度比較與計算","中等","單題選擇","一張臺灣人口統計表顯示：甲縣人口 240,000 人、面積 800 平方公里；乙縣人口 180,000 人、面積 300 平方公里。哪項比較正確？","甲縣人口密度為每平方公里 3,000 人","乙縣人口密度為每平方公里 600 人","甲縣人口密度高於乙縣","兩縣人口密度相同","1","乙縣人口密度為每平方公里 600 人","","甲縣人口密度為 240,000÷800=300 人／平方公里；乙縣為 180,000÷300=600 人／平方公里。正確答案為 B「乙縣人口密度為每平方公里 600 人」。乙縣密度較高，兩縣並不相同。","[""人口密度的算法是人口數除以土地面積。"",""甲縣為 240,000÷800=300；乙縣為 180,000÷300=600 人／平方公里。"",""乙縣密度較高，只有選項 B 的計算正確。""]","比較人口密度要分別用人口除以面積，不能只憑人口總數判斷稠密程度。","[]","","","","","","","","","","","","","","",""
"SOC-0296","社會","原創會考程度練習","","","七年級下","地理","坡向與日照利用","基礎","單題選擇","北半球某山區有朝南與朝北的兩處坡地，朝南坡日照較強。若其他條件相近，哪種利用較適合朝南坡？","耐陰作物，因朝南坡日照較弱","種植較需日照的作物","全年必定積雪的滑雪場","不考慮坡度、土壤與水源即可種植的水稻","1","種植較需日照的作物","","北半球山地的南向坡通常日照較強，熱量與光照較充足，較適合種植需光作物，正確答案為 B「種植較需日照的作物」。日照本身不能保證積雪，也不能消除稻作水源需求；耐陰植物通常較適合日照弱處。","[""由題幹判斷對向坡面日照較強，位置與坡向影響光照條件。"",""較充足日照通常有利於需光作物生長，但仍須配合其他環境條件。"",""因此選 B；積雪與水源不能只由日照強弱推定。""]","坡向影響日照與熱量，但農業利用仍受水源、土壤與作物需求共同限制。","[]","","","","","","","","","","","","","","",""
"SOC-0297","社會","原創會考程度練習","","","八年級上","公民","公民參與與政策形成","中等","單題選擇","市政府規劃新道路，先公布方案並舉辦公聽會。居民提交交通安全資料後，市府調整行人穿越道位置。這最能說明哪一種公民參與功能？","讓市府可以免除公開決策程序","使居民意見自動成為法律","讓民意與在地資訊進入政策形成過程","由居民取代所有專業評估","2","讓民意與在地資訊進入政策形成過程","","居民提出的在地資料進入討論，並促成方案調整，呈現公民參與能讓民意與生活經驗影響政策，正確答案為 C「讓民意與在地資訊進入政策形成過程」。居民意見不會自動成為法律，也不會取代政府程序或專業評估。","[""確認居民以公聽會和資料提交參與道路規劃。"",""市府據此改動穿越道位置，表示在地意見實際進入政策形成。"",""所以選 C；民意能影響政策，但不會自動取代法律與專業程序。""]","公民參與可提供資訊、表達需求並監督政策，仍須透過法定程序由權責機關作成決定。","[]","","","","","","","","","","","","","","",""
"SOC-0298","社會","原創會考程度練習","","","八年級下","公民","負外部性與污染者付費","中等","單題選擇","工廠排放異味使附近居民關窗並增加空氣清淨設備支出，但產品價格未反映這些損害。若要改善此問題，哪項作法最符合污染者付費原則？","由居民負擔全部清淨設備費用","政府補貼工廠增加污染產量","禁止居民蒐集異味資訊","依排放與損害程度課徵費用，促使工廠減排或補償","3","依排放與損害程度課徵費用，促使工廠減排或補償","","工廠造成未反映於價格的外部成本，依排放程度收費或要求改善、補償，可使污染者承擔部分社會成本並有減排誘因，正確答案為 D「依排放與損害程度課徵費用，促使工廠減排或補償」。由居民獨自承擔或補貼污染生產都不能落實污染者付費。","[""辨認受害者承受了工廠未付出的健康與生活成本。"",""污染者付費要求污染者承擔排放造成的成本，並鼓勵減排。"",""因此選 D；將成本全推給居民或補貼污染都與原則相反。""]","外部成本題先找未納入交易價格的第三者損害，再判斷政策是否讓造成者承擔成本。","[]","","","","","","","","","","","","","","",""
"SOC-0299","社會","原創會考程度練習","","","九年級上","經濟與生活","物價與實質購買力","中等","單題選擇","某地本月物價指數由 100 上升至 105；小華的月薪從 30,000 元調至 31,500 元。若只比較薪資與物價變化，其實質購買力約有何變化？","大致不變，兩者都增加約 5%","增加約 50%","下降約 5%","薪資與物價無法比較","0","大致不變，兩者都增加約 5%","","薪資由 30,000 增至 31,500，增加 1,500÷30,000=5%；物價指數也由 100 升至 105，增加 5%。因此薪資購買力大致不變，正確答案為 A「大致不變，兩者都增加約 5%」。","[""先計算薪資增幅：(31,500−30,000)÷30,000=5%。"",""物價指數增幅為 (105−100)÷100=5%。"",""兩者增幅相同，薪資可購買的整體商品量大致不變，選 A。""]","比較實質購買力要看收入增幅與物價增幅；名目薪資上升不必然代表購買力增加。","[]","","","","","","","","","","","","","","",""
"SOC-0300","社會","原創會考程度練習","","","九年級下","公民","公共參與與政策形成","基礎","單題選擇","地方政府預算要興建河岸自行車道，居民可透過哪一種方式在決策前表達支持或疑慮，並促使政府回應？","要求法院直接替政府編列預算","參加公開說明會並提出具體意見","由單一居民宣布預算生效","在網路流傳未查證的消息取代討論","1","參加公開說明會並提出具體意見","","公開說明會讓居民在政策形成前提供在地資訊、表達需求並要求政府說明，正確答案為 B「參加公開說明會並提出具體意見」。法院不負責替行政機關編列預算，個人也不能單方面宣布預算生效；未查證訊息不能取代公共討論。","[""題目要找合法且能在決策前表達意見的參與方式。"",""公開說明會讓居民提出在地需求，並要求政府說明規劃。"",""所以選 B；其他選項混淆政府職權、個人權限或以未查證資訊代替參與。""]","公共參與應透過可查證、可回應的程序提出意見，並分清行政、立法與司法機關的職權。","[]","","","","","","","","","","","","","","",""
"SOC-0301","社會","原創會考程度練習","","","七年級上","地理","人口密度","基礎","單題選擇","某縣面積 600 平方公里、人口 120,000 人，平均人口密度是多少人／平方公里？","20","2,000","200","72,000","2","200","","人口密度＝人口÷面積＝120,000÷600＝200 人／平方公里，因此答案 C。其他數值分別是把面積與人口顛倒、計算錯誤或直接相乘。","[""先確認人口密度的分子是人口、分母是面積。"",""120,000÷600＝200，答案 C。"",""人口密度代表平均值，不能據此推定每個地點分布都相同。""]","人口密度是平均值，不代表各地分布平均。","[]","","","","","","","","","","","","","","",""
"SOC-0302","社會","原創會考程度練習","","","七年級下","地理","比例尺與距離","基礎","單題選擇","地圖比例尺為 1：100,000，圖上甲乙相距 3 公分，實際距離為多少公里？","0.3 公里","300 公里","30 公里","3 公里","3","3 公里","","比例尺 1：100,000 表示圖上 1 公分代表實際 100,000 公分。圖上 3 公分即 300,000 公分，除以每公里 100,000 公分，得到 3 公里，因此答案 D。","[""先依比例尺換算實際公分，再換成公里。"",""3×100,000＝300,000 公分＝3 公里，答案 D。"",""1 公里＝100,000 公分，換算時注意單位。""]","比例尺換算先保持單位一致，再換算公里。","[]","","","","","","","","","","","","","","",""
"SOC-0303","社會","原創會考程度練習","","","八年級上","臺灣史","史料判讀","中等","單題選擇","一份清代地方契約記載土地買賣雙方、價銀與見證人。研究者最適合用它了解什麼？","當時土地交易的部分實況","清代所有農民的生活完全相同","全臺灣人口的精確總數","契約未記載的天氣變化","0","當時土地交易的部分實況","","契約直接留下交易雙方、價格與見證等資訊，可作為研究當時土地交易的第一手史料；但不能代表所有人或回答未記載事項。","[""先辨認史料類型與實際記載內容。"",""契約能提供特定土地交易證據，答案 A。"",""史料有範圍限制，不能由單一契約推論整個社會的全貌。""]","單一契約是特定交易的史料，不足以代表整個社會。","[]","","","","","","","","","","","","","","",""
"SOC-0304","社會","原創會考程度練習","","","八年級下","公民","權利與責任","基礎","單題選擇","居民發現社區路燈長期故障，向里辦公處反映並追蹤修復進度，最能表現哪項公民參與？","透過市場交易選擇公共設施的服務內容","透過適當管道參與公共事務","由居民代替主管機關執行道路維修與預算核銷","以個別住戶私下協商取代公共設施管理程序","1","透過適當管道參與公共事務","","居民透過適當管道反映公共設施問題並追蹤處理，屬於參與公共事務；此舉不代表可自行執法或制定刑罰。","[""判斷居民是否透過適當管道處理共同生活問題。"",""透過適當管道向公部門反映並追蹤，屬公民參與，答案 B。"",""公民參與包括表達意見與監督，不等於取代政府職權。""]","居民可參與、反映和監督公共事務，但不取代政府職權。","[]","","","","","","","","","","","","","","",""
"SOC-0305","社會","原創會考程度練習","","","九年級上","地理","氣候圖判讀","中等","單題選擇","某地 1 至 3 月月雨量依序為 40、35、50 毫米，6 至 8 月依序為 260、300、280 毫米。由這些資料可判斷其降水季節分布為何？（該地位於北半球）","全年各月降水量大致相同","冬季降水較集中，夏季較乾燥","夏季降水較集中，冬季較乾燥","全年低溫且降水都很少","2","夏季降水較集中，冬季較乾燥","","北半球 6 至 8 月為夏季、1 至 3 月為冬季。夏季雨量明顯高於冬季，資料支持夏雨冬乾的季節分布；僅憑這些月份尚不足以判定精確氣候類型。","[""先將月份對應季節：北半球 6 至 8 月為夏季，1 至 3 月為冬季。"",""夏季三個月雨量為 260、300、280 毫米，冬季僅 40、35、50 毫米，夏季明顯較多。"",""因此答案 C，判斷的是降水季節分布；題目資料不足以精確指定氣候類型。""]","判讀氣候資料須比較全年溫度與降水；季節降水特徵不等於足以確定氣候類型。","[]","","","","","","","","","","","","","","",""
"SOC-0306","社會","原創會考程度練習","","","九年級下","公民","市場與供需","基礎","單題選擇","颱風使蔬菜產量減少，在消費需求大致不變時，短期市場價格較可能如何變動？","下降，因供給增加","完全不變","必定歸零","上升，因供給減少","3","上升，因供給減少","","颱風減產使供給減少，需求大致不變時，市場可供數量下降，價格通常面臨上升壓力。","[""分清題目改變的是供給而非需求。"",""供給減少、需求不變，價格通常上升，答案 D。"",""這是一般均衡方向；實際價格也可能受庫存、替代品和政策影響。""]","供給減少、需求不變時，價格通常有上升壓力。","[]","","","","","","","","","","","","","","",""
"SOC-0307","社會","原創會考程度練習","","","七年級上","臺灣史","日治時期縱貫鐵路與交通","基礎","單題選擇","日治時期臺灣推動縱貫鐵路建設，最直接有助於哪項發展？","南北交通與貨物運輸更便利","傳統農業完全消失","各地立即不再有文化差異","臺灣與亞洲所有城市都相連","0","南北交通與貨物運輸更便利","","縱貫鐵路連結臺灣西部南北重要城鎮，便利人員移動與貨物運輸，也配合殖民統治及經濟需求。","[""先判讀鐵路作為交通建設的直接功能。"",""南北交通與運輸便利是直接影響，答案 A。"",""避免將交通建設的直接效果誇大成文化差異或產業立即消失。""]","鐵路直接促進交通與運輸，不代表社會其他面向立即消失。","[]","","","","","","","","","","","","","","",""
"SOC-0308","社會","原創會考程度練習","","","七年級下","公民","地方自治","基礎","單題選擇","地方政府規劃公園時舉辦公開說明會，邀請居民提出意見，主要目的為何？","讓居民取代所有民意代表","增加居民參與地方公共決策","把公園的法定決定權移交給出席者","以居民意見取代政府的專業評估與法定程序","1","增加居民參與地方公共決策","","公開說明與蒐集意見能讓居民參與地方事務，協助政府了解需求；政府仍須依法決策，且不必然採納每項意見。","[""辨認說明會的功能是溝通和蒐集意見。"",""居民參與地方公共決策，答案 B。"",""參與不等於居民取代政府，也不保證意見全數照辦。""]","公共說明會蒐集意見，但不保證每項意見均被採納。","[]","","","","","","","","","","","","","","",""
"SOC-0309","社會","原創會考程度練習","","","八年級上","地理","人口結構","中等","單題選擇","某地人口金字塔底部逐年變窄，代表低年齡人口比例下降。最可能面臨哪項人口變化？","幼年人口快速增加","人口必定全部遷出","出生率偏低，人口老化壓力增加","死亡率必定降為零","2","出生率偏低，人口老化壓力增加","","人口金字塔底部代表幼年人口。底部變窄表示出生率偏低或出生人口減少，長期可能使高齡人口占比提高。","[""確認人口金字塔底部代表年輕世代。"",""幼年人口比例下降，人口老化壓力可能增加，答案 C。"",""不能只憑人口金字塔推定所有人口都遷出或死亡率為零。""]","人口金字塔底部代表幼年人口，變窄常與低出生率相關。","[]","","","","","","","","","","","","","","",""
"SOC-0310","社會","原創會考程度練習","","","八年級下","公民","法律與程序正義","中等","單題選擇","警方調查犯罪嫌疑人時，依法告知其權利並蒐集證據，主要是在保障什麼？","調查資訊一律公開，讓社會代替法院判斷證據","告知權利後即可推定嫌疑人無罪，不需進一步審理","依法蒐集證據就不再需要保障當事人的程序權利","程序正義與基本權利","3","程序正義與基本權利","","依法告知權利並依程序蒐證，可兼顧偵查需要與人民基本權利，體現程序正義；這不預先決定嫌疑人是否有罪。","[""區分程序保障和案件最終判決。"",""依法蒐證並告知權利保障程序正義，答案 D。"",""程序合法不等於當事人必然無罪或有罪，判決仍須依證據。""]","程序保障是公平審理的一部分，不預先決定有罪或無罪。","[]","","","","","","","","","","","","","","",""
"SOC-0311","社會","原創會考程度練習","","","九年級上","經濟與生活","供需與市場","基礎","單題選擇","颱風造成葉菜歉收，消費者需求大致不變時，市場價格通常受到什麼影響？","上升，因供給減少","下降，因供給減少使價格有下降壓力","下降，因需求大致不變","上升，因供給增加","0","上升，因供給減少","","天候使葉菜供給減少，在需求大致不變時，均衡價格通常面臨上升壓力。","[""找出題目改變的因素是供給，而非需求。"",""供給減少、需求不變，價格通常上升，答案 A。"",""價格變化方向是一般供需模型的推論，實際情況還可能受庫存或政策影響。""]","供給減少、需求大致不變時，均衡價格通常有上升壓力。","[]","","","","","","","","","","","","","","",""
"SOC-0312","社會","原創會考程度練習","","","九年級下","臺灣史","史料判讀","中等","單題選擇","一張日治時期車站照片可見站名、建築樣式與鐵道設施。研究者最能據此了解什麼？","當地所有居民的政治立場","照片拍攝當時車站的部分外觀與設施","全臺每一車站的營運狀況","照片未拍到的車站內部規定","1","照片拍攝當時車站的部分外觀與設施","","照片能直接提供拍攝當時可見的車站外觀與設施線索，但不能直接證明未入鏡的制度或全臺各站情況。","[""把史料內容與推論範圍對照。"",""可了解照片中可見的外觀與設施，答案 B。"",""照片是史料，但仍須考慮拍攝時間、角度與保存脈絡。""]","照片可作史料，但須留意時間、視角與可見範圍。","[]","","","","","","","","","","","","","","",""
"SOC-0313","社會","原創會考程度練習","","","七年級上","地理","都市氣候","中等","單題選擇","都市大量鋪設柏油並減少植栽後，市區夜間氣溫常比郊區高。最可能的原因為何？","郊區人工鋪面較多，因此夜間儲存與釋出的熱量更高","市區建材白天反射較多熱量，夜間蓄熱因此增加","建材白天吸收並儲存較多熱，夜間逐漸釋出","郊區植栽蒸散降低氣溫，因此能單獨證明市區溫度較高","2","建材白天吸收並儲存較多熱，夜間逐漸釋出","","柏油與建築材料白天吸收、儲存熱量，夜間再釋出；植栽減少也降低遮蔭與蒸散，可能加劇都市熱島。","[""比較市區與郊區的地表材質、植栽和蓄熱差異。"",""人工建材蓄熱後夜間放熱，是市區較暖的重要原因，答案 C。"",""都市熱島成因不只一項，題幹強調地表材質和植栽減少。""]","人工建材蓄熱和植栽減少都可能加劇都市熱島。","[]","","","","","","","","","","","","","","",""
"SOC-0314","社會","原創會考程度練習","","","七年級下","公民","地方政府職權","基礎","單題選擇","居民向市政府反映路口號誌故障，最適合由哪一層級政府處理？","中央政府必須直接維修所有市區巷道路口號誌","鄰近縣市的道路主管機關","道路旁商家自行決定號誌維修與交通管制","所在地的地方道路主管機關","3","所在地的地方道路主管機關","","市區路口號誌應向所在地的地方道路主管機關反映，由其依權責處理；其他縣市、中央機關或路旁商家不是此路口的主管機關，因此答案為 D。","[""先辨認題目是社區道路的日常公共設施。"",""所在地的地方道路主管機關依權責處理，答案 D。"",""不同道路權責可能依道路類型而異；本題未提供特殊的中央管轄條件。""]","地方公共設施多由地方政府維護，實際權責依道路類型而異。","[]","","","","","","","","","","","","","","",""
"SOC-0315","社會","原創會考程度練習","","","八年級上","地理","人口結構","中等","單題選擇","某地幼年人口與高齡人口比例上升，工作年齡人口比例下降，最可能增加哪項社會需求？","教育與長期照顧等公共服務需求","各年齡層的教育與照顧服務需求都必定同步下降","資源只需轉向工作年齡人口，不必規劃照顧服務","人口結構變化不會影響公共服務規劃","0","教育與長期照顧等公共服務需求","","幼年人口增加會帶來教育等服務需求；高齡人口增加則提高醫療、照顧服務需求。工作年齡人口占比下降也可能增加扶養壓力。","[""分別對照幼年與高齡人口增加的服務需求。"",""教育及長期照顧等公共服務需求可能增加，答案 A。"",""人口結構改變會帶來多方面需求，不表示其他服務都必須停止。""]","幼年、高齡人口比例增加，分別提高教育及照顧服務需求。","[]","","","","","","","","","","","","","","",""
"SOC-0316","社會","原創會考程度練習","","","八年級下","公民","代議政治","基礎","單題選擇","人民選出代表進入議會討論並制定法律，這種制度最接近何者？","君主專制","代議民主","直接民主","軍事統治","1","代議民主","","代議民主由人民選出代表，代表在議會等機關參與公共決策。","[""找出人民透過選舉產生代表的關鍵線索。"",""選出代表參與決策屬代議民主，答案 B。"",""直接民主是人民直接對議題表決，和選代表行使職權不同。""]","代議民主由人民選出代表參與公共決策。","[]","","","","","","","","","","","","","","",""
"SOC-0317","社會","原創會考程度練習","","","九年級上","地理","經緯度","基礎","單題選擇","某地位於北緯 23 度、東經 121 度。北緯 23 度主要表示該地位於哪條線的哪一側？","赤道以南","本初子午線以西","赤道以北","本初子午線以東","2","赤道以北","","緯度以赤道為基準，北緯表示位於赤道以北；東經則是相對本初子午線的東側。","[""題目問的是「北緯」，不是東經。"",""北緯表示赤道以北，答案 C。"",""緯度判斷南北；經度判斷東西。""]","北緯看赤道以北；東經看本初子午線以東。","[]","","","","","","","","","","","","","","",""
"SOC-0318","社會","原創會考程度練習","","","九年級下","經濟與生活","生產成本","基礎","單題選擇","麵包店購買麵粉的價格上漲，若其他條件不變，製作麵包的成本最可能如何變化？","下降","不受任何影響","固定為零","上升","3","上升","","麵粉是麵包生產的投入要素，價格上升會提高生產成本；若供需等其他條件不變，可能影響供給與售價。","[""辨認麵粉是生產麵包的投入成本。"",""投入要素變貴會使生產成本上升，答案 D。"",""成本上升不表示售價必然按相同幅度上漲，仍取決於市場情況。""]","投入要素成本上升會提高生產成本，但售價漲幅未必相同。","[]","","","","","","","","","","","","","","",""
"SOC-0319","社會","原創會考程度練習","","","七年級上","公民","言論自由","基礎","單題選擇","學生在校刊提出有根據的校園交通安全建議，最符合哪項基本權利？","表達意見的自由","拒絕所有法律的權利","任意公開他人個資的權利","免除一切責任的權利","0","表達意見的自由","","透過校刊表達與公共安全相關的建議，屬於表達意見；權利行使仍須尊重他人權利與相關規範。","[""辨認學生是在提出公共議題的意見。"",""提出建議屬表達意見自由，答案 A。"",""言論自由不代表可侵害他人隱私或免除法律責任。""]","表達自由仍須尊重他人隱私與權利。","[]","","","","","","","","","","","","","","",""
"SOC-0320","社會","原創會考程度練習","","","七年級下","經濟與生活","負外部性與外部成本","中等","單題選擇","上游工廠排放污染物，使下游居民承受水質惡化與額外用水處理成本；工廠未將這些損害成本納入自身生產成本。此情況最接近哪個概念？","正外部性","負外部性","公共財的非排除性","生產者已將所有污染成本納入商品價格","1","負外部性","","工廠生產造成下游居民承受水質損害及額外處理成本，而這些成本未反映在工廠自身生產成本中，屬於負外部性。","[""辨認行為者：上游工廠排放污染物進行生產。"",""辨認第三人承受的影響：下游居民水質受損，並需支付額外處理成本。"",""這些成本未納入工廠自身成本，形成負外部性，答案 B。""]","生產活動使第三人承受未反映於生產者成本中的損害或成本，形成負外部性。","[]","","","","","","","","","","","","","","",""
"SOC-0321","社會","原創會考程度練習","","","八年級上","經濟與生活","需求增加與均衡價格","基礎","素養題","某款防曬乳進入盛夏後購買人數增加，短期供給量未變，市場均衡價格較可能如何變化？","下降，且均衡交易量增加","價格不變，因為短期供給固定","上升","下降，因為需求增加會使價格降低","2","上升","","盛夏使消費者對防曬乳的需求增加；供給不變時，更多買方競爭原有商品，均衡價格有上升壓力，答案 C。","[""先辨認變動的是需求：購買人數增加。"",""題目說短期供給量未變，供給曲線不動。"",""需求增加而供給不變，均衡價格上升，選 C。""]","需求題要區分需求量與需求本身；季節偏好改變會使需求曲線移動。","[]","","","","","","","","","","","","","","",""
"SOC-0322","社會","原創會考程度練習","","","八年級上","經濟與生活","供給減少與均衡價格","基礎","素養題","寒流使部分葉菜受損，市場供給減少；消費者需求大致不變，短期菜價較可能如何變動？","下降，因為可供出售的葉菜減少","不變，因為消費者需求沒有明顯改變","只由需求變化決定，供給不影響市場價格","上升","3","上升","","寒害減少可供販售的葉菜，需求大致不變時，較少商品面對原有需求，價格有上升壓力，答案 D。","[""寒害使可供應數量減少，屬供給減少。"",""需求不變，買方仍需要葉菜。"",""供給減少而需求不變，均衡價格較可能上升，選 D。""]","供給減少時，若需求未同步下降，價格通常上升、成交量下降。","[]","","","","","","","","","","","","","","",""
"SOC-0323","社會","原創會考程度練習","","","八年級上","經濟與生活","替代品與需求","基礎","素養題","咖啡價格大幅上漲，部分消費者改買可替代的茶飲。在其他條件不變下，茶飲市場最可能出現什麼變化？","茶飲需求增加","茶飲供給必定增加，需求不變","茶飲需求歸零","茶飲生產成本必定上升","0","茶飲需求增加","","咖啡與茶飲對部分消費者具有替代關係；咖啡變貴後，轉向茶飲的人增加，使茶飲需求增加，答案 A。","[""確認消費者改買茶飲是因咖啡價格上升。"",""替代品價格上升會使另一商品的需求增加。"",""因此茶飲需求增加，選 A；題幹沒有提到生產成本。""]","替代品要從消費者選擇判斷；一種商品變貴，另一種需求可能增加。","[]","","","","","","","","","","","","","","",""
"SOC-0324","社會","原創會考程度練習","","","八年級上","經濟與生活","互補品與需求","基礎","素養題","某款印表機降價促銷後銷量增加，常與它搭配使用的原廠墨水需求較可能如何變化？","減少，因印表機降價使墨水需求曲線左移","增加","減少，因印表機供給增加代表墨水供給減少","墨水供給增加，但墨水需求不變","1","增加","","印表機與墨水需搭配使用，屬互補品。印表機降價使購買及使用增加，墨水需求也較可能增加，答案 B。","[""辨認兩者的使用關係：印表機需搭配墨水。"",""印表機降價後，購買與使用量增加。"",""互補品之一需求上升，另一品需求也較可能上升，選 B。""]","互補品常一起使用；判斷需求變化要連結搭配消費。","[]","","","","","","","","","","","","","","",""
"SOC-0325","社會","原創會考程度練習","","","八年級上","經濟與生活","均衡價格變動","基礎","素養題","颱風造成漁獲量減少，但民眾購魚需求未明顯改變。短期魚市場最可能出現哪種結果？","價格下降、交易量減少","價格上升、交易量增加","價格上升、交易量下降","價格不變、交易量增加","2","價格上升、交易量下降","","漁獲減少使供給左移，需求不變時均衡價格上升、成交量下降，答案 C。","[""漁獲量減少代表供給減少，不是需求增加。"",""需求維持不變，市場可交易魚貨變少。"",""均衡價格上升、均衡交易量下降，選 C。""]","供給單獨減少的標準效果是價格上升、數量下降。","[]","","","","","","","","","","","","","","",""
"SOC-0326","社會","原創會考程度練習","","","八年級上","經濟與生活","生產成本與供給","基礎","素養題","麵粉價格上漲，麵包店在售價不變時製作每個麵包的成本增加。其他條件不變，麵包供給較可能如何變化？","增加","需求增加，因麵粉成本提高","供給不變，因售價沒有改變","減少","3","減少","","麵粉是麵包的重要投入。投入成本上升會降低原價格下的生產意願，使麵包供給減少，答案 D。","[""麵粉價格上漲，屬生產投入成本增加。"",""售價不變時，每個麵包的利潤空間縮小。"",""廠商較不願意供應原有數量，供給減少，選 D。""]","投入成本改變影響供給；消費者所得或偏好改變才直接影響需求。","[]","","","","","","","","","","","","","","",""
"SOC-0327","社會","原創會考程度練習","","","八年級上","經濟與生活","技術進步與供給","基礎","素養題","農場導入自動灌溉設備後，種植每公斤蔬菜所需人力與用水成本下降。其他條件不變，蔬菜供給較可能如何變化？","增加","減少","需求減少，因灌溉技術改善","供給不變，因市場價格尚未改變","0","增加","","技術改善降低單位生產成本，農場在各種價格下更願意供應蔬菜，因此供給增加，答案 A。","[""自動灌溉改善生產技術並降低成本。"",""成本下降提高生產的獲利可能。"",""廠商願意供應更多，供給增加，選 A。""]","生產技術提升或成本降低，通常使供給增加。","[]","","","","","","","","","","","","","","",""
"SOC-0328","社會","原創會考程度練習","","","八年級上","經濟與生活","價格機能與短缺","基礎","素養題","演唱會周邊商品售價低於市場均衡價時，想購買的人多於現有商品數量。市場較可能出現什麼現象？","供給量大於需求量，出現剩餘","短缺與排隊","均衡價格上升後必定立即消除需求","價格低於均衡價會使供給量增加到無限","1","短缺與排隊","","價格低於均衡水準時，需求量大於供給量，形成短缺，可能以排隊或缺貨呈現，答案 B。","[""比較售價與均衡價：目前售價偏低。"",""低價使需求量較大，供給量相對較小。"",""需求量大於供給量形成短缺，選 B。""]","價格低於均衡價常見短缺；高於均衡價則較可能有剩餘。","[]","","","","","","","","","","","","","","",""
"SOC-0329","社會","原創會考程度練習","","","八年級上","經濟與生活","供需同時變動","中等","素養題","某地觀光旺季使民宿需求增加，同時新民宿大量開幕使供給也增加。若沒有更多幅度資料，哪項判斷最合理？","價格與成交量必定都下降","成交量必定下降，價格必定上升","成交量較可能增加，價格變化方向不一定","供給增加代表需求一定減少","2","成交量較可能增加，價格變化方向不一定","","需求與供給同時增加，兩者都使成交量增加；對價格而言，需求增加推升價格、供給增加壓低價格，淨效果需看幅度，答案 C。","[""需求增加會推升價格與成交量。"",""供給增加會壓低價格但提高成交量。"",""成交量方向同為增加；價格方向相反，資料不足以定論，選 C。""]","供需同向變動時，先分別列出對價格、數量的效果，再判斷是否可確定。","[]","","","","","","","","","","","","","","",""
"SOC-0330","社會","原創會考程度練習","","","八年級上","經濟與生活","消費者選擇與機會成本","基礎","素養題","小安有 200 元，選擇買一本參考書而放棄看電影。這項選擇的機會成本最接近何者？","買書時支付的金額，不考慮其他放棄的選項","選擇前已經支付且無法取回的車資","所有未選活動可得到的價值加總","放棄看電影所能得到的滿足","3","放棄看電影所能得到的滿足","","機會成本是做出選擇時放棄的最佳替代方案價值。本題放棄看電影，答案 D。","[""找出實際選擇：購買參考書。"",""找出因此放棄的最佳替代方案：看電影。"",""放棄看電影的價值就是機會成本，選 D。""]","機會成本不是所有未選方案的總和，而是被放棄的最佳替代選擇。","[]","","","","","","","","","","","","","","",""
"SOC-0331","社會","原創會考程度練習","","","八年級上","經濟與生活","專業分工與交換","基礎","素養題","甲擅長種稻、乙擅長修理農具，兩人分工後以產品交換，較可能帶來什麼效果？","各自專注較擅長的工作，提高資源使用效率","各自生產所有物品，不需與他人交換","只要分工，雙方產量就必定完全相同","不必比較專長或成本，分工仍必然提高效率","0","各自專注較擅長的工作，提高資源使用效率","","專業分工使生產者集中於較有利的工作，再透過交換取得其他所需物品，能提升資源使用效率，答案 A。","[""甲與乙具有不同專長。"",""各自專注擅長工作可減少轉換與學習成本。"",""再以交換取得彼此所需，資源利用更有效率，選 A。""]","分工與交換的利益來自專長差異和互相取得所需，不代表每個人都能不勞而獲。","[]","","","","","","","","","","","","","","",""
"SOC-0332","社會","原創會考程度練習","","","八年級上","經濟與生活","公共財特性","中等","素養題","城市設置防洪堤保護沿岸居民，未繳費的居民也難以被排除在保護之外，且一人受保護不會明顯減少他人受保護程度。此服務最接近何者？","私人財","公共財","劣等財","替代品","1","公共財","","防洪保護具有難以排除未付費者、多人可同時受益的特性，符合公共財特徵，答案 B。","[""判斷是否能排除未付費者：堤防難以只保護付費居民。"",""判斷是否競爭：一人受到保護不會耗盡他人的保護。"",""兼具難排除與非競爭性，屬公共財，選 B。""]","公共財常以「難排除」和「非競爭」兩項特徵辨認。","[]","","","","","","","","","","","","","","",""
"SOC-0333","社會","原創會考程度練習","","","八年級上","經濟與生活","外部成本與政策","中等","素養題","工廠排煙增加附近居民醫療支出，但工廠未負擔這些成本。政府要求加裝減污設備，主要是要處理什麼問題？","資訊完全透明","比較利益","負外部性","消費者剩餘","2","負外部性","","工廠生產造成居民承受未反映在商品價格中的損害，是負外部性。要求減污可使生產者承擔部分社會成本，答案 C。","[""工廠生產造成煙害及居民額外醫療支出。"",""這項成本沒有由工廠自行負擔，轉嫁給第三人。"",""屬負外部性，減污規範可降低外部成本，選 C。""]","外部性要看交易以外的第三人是否承受未補償的利益或損害。","[]","","","","","","","","","","","","","","",""
"SOC-0334","社會","原創會考程度練習","","","八年級上","經濟與生活","最低工資與勞動市場","中等","素養題","政府把法定最低工資訂在原勞動市場均衡工資之上，其他條件不變，理論上較可能出現什麼情形？","較高工資使勞動需求增加，形成勞動短缺","工資高於均衡後，勞動供給與需求仍必定相等","企業立即停止所有雇用，失業人數等於全部勞工","勞動供給量大於勞動需求量","3","勞動供給量大於勞動需求量","","高於均衡的最低工資提高勞工願意提供的勞動量，並增加雇主的用人成本、降低需求量，可能形成勞動供給過剩，答案 D。","[""最低工資設定高於市場均衡工資。"",""較高工資使更多人願意工作，但雇主較少聘用。"",""供給量大於需求量形成勞動市場超額供給，選 D。""]","分析價格管制需先確認它高於或低於均衡價格，再比較供需量。","[]","","","","","","","","","","","","","","",""
"SOC-0335","社會","原創會考程度練習","","","八年級上","經濟與生活","通貨膨脹與購買力","基礎","素養題","小華每月零用錢固定為 1,000 元，常買的餐點價格普遍上漲；若收入沒有調整，他能購買的餐點數量通常如何變化？","減少","增加","必定不變","不受物價影響","0","減少","","名目收入維持不變而物價上漲，實質購買力下降，可購買的餐點數量通常減少，答案 A。","[""小華的名目零用錢仍為 1,000 元。"",""每份餐點價格上漲，固定金額可換得的份數變少。"",""實質購買力下降，選 A。""]","比較購買力要同時看收入與物價；只有名目金額不代表實際能買的數量。","[]","","","","","","","","","","","","","","",""
"SOC-0336","社會","原創會考程度練習","","","八年級上","經濟與生活","稅負歸宿","中等","素養題","某飲料課稅後，短期消費需求缺乏彈性，而供給相對有彈性。依稅負歸宿原則，哪一方較可能承擔較多稅負？","生產者，因供給相對有彈性的一方較難調整數量","消費者，因需求相對缺乏彈性，較難減少購買","生產者與消費者必定各負擔一半","與交易無關的路人，因稅負不會由買賣雙方承擔","1","消費者，因需求相對缺乏彈性，較難減少購買","","稅負通常較多落在相對缺乏彈性的一方。題目已給定消費需求缺乏彈性、供給相對有彈性，消費者較難減少購買，故較可能承擔較多稅負，答案 B。","[""比較買方與賣方的價格彈性：題目指出需求缺乏彈性、供給相對有彈性。"",""消費者較難因價格上升而大幅減少購買，賣方則較能調整供給。"",""相對缺乏彈性的一方通常承擔較多稅負，因此選 B。""]","稅負分配與供需彈性有關；較缺乏彈性的一方通常承擔較多。","[]","","","","","","","","","","","","","","",""
"SOC-0337","社會","原創會考程度練習","","","八年級上","經濟與生活","銀行存款與利息","基礎","素養題","小美將暫時不需使用的 5,000 元存入銀行一年，銀行依約支付利息。利息對她而言屬於什麼？","小美存入銀行的本金","銀行向帳戶收取的管理費","存款提供資金使用的報酬","物價上漲造成的購買力變化","2","存款提供資金使用的報酬","","存款人把資金交由銀行運用，利息是資金提供者依約取得的報酬，答案 C。","[""小美暫時讓銀行使用這筆資金。"",""銀行依約支付額外金額。"",""這筆額外收入是資金使用的報酬，稱為利息，選 C。""]","利息是資金使用的價格或報酬；本金與利息要分清楚。","[]","","","","","","","","","","","","","","",""
"SOC-0338","社會","原創會考程度練習","","","八年級上","經濟與生活","消費者權益與資訊","基礎","素養題","網購頁面以醒目字體標示低價，卻把必須支付的高額運費藏在不易注意處。最直接侵害消費者哪項權益？","保證所有網購商品都是最低價的權利","免除所有運費與其他交易成本的權利","商品結帳後不得再詢問任何價格條件的權利","取得充分且清楚交易資訊的權益","3","取得充分且清楚交易資訊的權益","","必要運費屬交易總成本的重要資訊，刻意隱藏會妨礙消費者在充分資訊下決定是否購買，答案 D。","[""比較醒目標價與必付運費，兩者共同構成實際交易成本。"",""運費資訊不清楚會使消費者無法正確比較商品。"",""受影響的是取得充分、清楚交易資訊的權益，選 D。""]","消費決策要看總成本與重要條款，不只看廣告標示的單一價格。","[]","","","","","","","","","","","","","","",""
"SOC-0339","社會","原創會考程度練習","","","八年級上","經濟與生活","市場競爭與選擇","中等","素養題","某地只有一家網路業者，居民缺少替代方案，該業者長期收取高於成本的費用。增加業者競爭最可能帶來什麼效果？","消費者選擇增加，業者較有改善服務的誘因","所有既有業者會立即退出市場","增加業者必定使服務價格降為零","競爭會使各業者價格與品質永久完全相同","0","消費者選擇增加，業者較有改善服務的誘因","","更多業者提供替代選擇，消費者可轉換服務，既有業者面臨競爭壓力，較有降價或提升品質的誘因，答案 A。","[""原本只有一家業者，消費者缺少替代選擇。"",""新業者加入後，消費者可比較價格與品質。"",""競爭促使業者爭取顧客，選 A；但不代表服務必定免費。""]","競爭通常增加選擇與改善誘因，但不保證價格必然為零或永不變動。","[]","","","","","","","","","","","","","","",""
"SOC-0340","社會","原創會考程度練習","","","八年級上","經濟與生活","勞動生產力與工資","基礎","素養題","餐廳導入備餐設備後，每位員工每小時可完成的餐點增加，顧客需求也足以吸收產量。這項變化最可能如何影響勞動生產力？","餐廳總營收","提高","員工每週工作總時數","餐廳雇用的員工總人數","1","提高","","勞動生產力可用單位時間的產出衡量。每位員工每小時完成的餐點增加，表示勞動生產力提高，答案 B。","[""確認衡量基準：每位員工每小時的餐點數。"",""設備導入後，這個數值增加。"",""因此勞動生產力提高，選 B；題目沒有足夠資料推算員工人數。""]","生產力看投入與產出的比率，不可從產量增加直接推算員工人數。","[]","","","","","","","","","","","","","","",""
"SOC-0341","社會","原創會考程度練習","","","八年級上","經濟與生活","需求變動與均衡","基礎","素養題","某縣舉辦大型路跑，外地跑者大量入住旅館；短期房間數量固定，旅館房價較可能如何變動？","下降，因為需求增加會使旅館供給同步增加","不變，因為短期房間數量固定就不會有價格變化","上升","下降，因為外地跑者增加會減少旅館需求","2","上升","","路跑吸引外地跑者，使旅館住宿需求增加，而短期房間供給固定，房價因此有上升壓力，答案 C。","[""活動帶來更多住宿消費者，需求增加。"",""短期房間數量固定，供給不易立即增加。"",""需求增加、供給固定，均衡價格較可能上升，選 C。""]","短期供給固定時，需求衝擊較容易反映在價格上。","[]","","","","","","","","","","","","","","",""
"SOC-0342","社會","原創會考程度練習","","","八年級上","經濟與生活","供給變動與均衡","基礎","素養題","果園採收技術改善，使相同面積能採收更多芒果；消費者偏好與所得不變，市場均衡價格較可能如何變化？","需求量必定歸零","上升，因為採收技術改善使商品更稀少","不變，因為技術進步只影響消費需求","下降","3","下降","","採收技術提高使芒果供給增加，需求不變時市場商品較充足，均衡價格有下降壓力，答案 D。","[""技術改善提高每單位土地的產量，供給增加。"",""消費者偏好與所得不變，需求沒有同步增加。"",""供給增加、需求不變，均衡價格較可能下降，選 D。""]","技術進步影響供給；若需求條件不變，供給增加通常壓低價格。","[]","","","","","","","","","","","","","","",""
"SOC-0343","社會","原創會考程度練習","","","八年級上","經濟與生活","供需表與市場均衡","中等","素養題","某商品市場的供需表如下：價格 20 元時，需求量 80、供給量 40；價格 30 元時，需求量 60、供給量 60；價格 40 元時，需求量 40、供給量 80。依表判斷，市場均衡價格與交易量為何？","均衡價格 30 元，交易量 60","均衡價格 20 元，交易量 80","均衡價格 30 元，交易量 40","均衡價格 40 元，交易量 40","0","均衡價格 30 元，交易量 60","","價格 30 元時，需求量與供給量同為 60，市場達到均衡，因此均衡價格為 30 元、交易量為 60，答案 A。價格 20 元時需求大於供給；40 元時供給大於需求。","[""逐列比較需求量與供給量：20 元時 80 大於 40，存在超額需求。"",""30 元時兩者均為 60，供需相等；40 元時供給量大於需求量。"",""故均衡價格是 30 元，均衡交易量是 60，選 A。""]","供需表找均衡時，逐列找需求量等於供給量的價格，該列數量就是均衡交易量。","[]","","","","","","","","","","","","","","",""
"SOC-0344","社會","原創會考程度練習","","","八年級上","經濟與生活","替代品與需求","基礎","素養題","牛肉價格上漲後，部分家庭改買豬肉；若供給條件未變，豬肉市場的需求會如何？","減少","增加","豬肉供給必定減少","豬肉需求不變，因為牛肉和豬肉沒有替代關係","1","增加","","牛肉與豬肉對部分家庭是替代品，牛肉變貴使豬肉需求增加，答案 B。","[""題幹指出家庭改以豬肉替代牛肉。"",""替代品價格上升會使另一商品需求增加。"",""因此豬肉需求增加，選 B。""]","替代品價格變動影響另一商品的需求，不是直接改變其供給。","[]","","","","","","","","","","","","","","",""
"SOC-0345","社會","原創會考程度練習","","","八年級上","經濟與生活","互補品與需求","基礎","素養題","遊戲主機降價後，更多家庭購買主機，與主機搭配使用的遊戲片需求較可能如何變化？","需求不變，因為只改變主機價格","減少，因為主機降價使遊戲片需求下降","增加","供給增加，需求曲線維持不變","2","增加","","主機與遊戲片具有互補關係，主機購買增加會帶動遊戲片需求增加，答案 C。","[""確認主機與遊戲片通常搭配使用。"",""主機降價使購買及使用主機的人增加。"",""互補品遊戲片需求較可能增加，選 C。""]","互補品通常搭配使用；主機價格改變會影響遊戲片需求，而非直接改變遊戲片供給。","[]","","","","","","","","","","","","","","",""
"SOC-0346","社會","原創會考程度練習","","","八年級上","經濟與生活","所得與正常財需求","基礎","素養題","家庭所得提高後，更多人選擇購買品質較佳的新鮮水果；若其他條件不變，這類水果需求較可能如何？","供給會增加，但需求不受所得變化影響","正常財需求減少","所得改變只會使需求量沿同一需求曲線移動","增加","3","增加","","若所得增加伴隨該商品需求增加，該商品可視為正常財，需求增加，答案 D。","[""觀察所得提高後的消費選擇。"",""題幹指出購買較佳水果的人增加。"",""正常財所得上升時需求增加，選 D。""]","若所得增加使某商品需求增加，該商品在此情境下屬正常財。","[]","","","","","","","","","","","","","","",""
"SOC-0347","社會","原創會考程度練習","","","八年級上","經濟與生活","偏好改變與需求","基礎","素養題","某運動員推薦一款安全帽，消費者偏好提升，而產品成本與供給條件不變。市場需求較可能如何改變？","需求曲線右移，各價格下消費者都較願意購買","需求曲線左移，各價格下消費者都較不願購買","供給曲線右移，因為消費者偏好提高","沿需求曲線移動，因為安全帽價格下降","0","需求曲線右移，各價格下消費者都較願意購買","","偏好提升會使消費者在各價格下更願意購買，需求增加，答案 A。","[""推薦改變的是消費者偏好。"",""偏好提升使更多人願意購買該款安全帽。"",""需求曲線右移，選 A。""]","偏好改變會使需求曲線位移；只有商品自身價格變化才造成沿需求曲線移動。","[]","","","","","","","","","","","","","","",""
"SOC-0348","社會","原創會考程度練習","","","八年級上","經濟與生活","供給減少與價格","基礎","素養題","連日豪雨損壞茶園，使可採茶葉減少；需求大致不變時，茶葉價格較可能如何？","下降，因豪雨使供給增加","上升","不變，因為需求沒有改變","需求減少，因豪雨使茶葉變少","1","上升","","豪雨使茶葉供給減少，需求不變時市場價格有上升壓力，答案 B。","[""豪雨破壞茶園，減少可供應茶葉。"",""消費需求大致維持原狀。"",""供給減少而需求不變，價格上升，選 B。""]","作物受損屬供給衝擊；需求不變時要沿供給減少的方向推論價格。","[]","","","","","","","","","","","","","","",""
"SOC-0349","社會","原創會考程度練習","","","八年級上","經濟與生活","生產成本與供給","基礎","素養題","雞蛋飼料成本上升，養雞場在原售價下獲利降低；其他條件不變，雞蛋供給較可能如何？","供給增加，因為高成本會鼓勵養雞場多生產","需求減少，因為飼料價格上升直接改變消費者偏好","減少","成本上升會直接把雞蛋價格固定在同一數值，不受需求影響","2","減少","","飼料是生產投入，成本上升降低原價格下的生產意願，使供給減少，答案 C。","[""辨認變動因素是生產投入成本。"",""成本提高壓縮原售價下的利潤。"",""生產者較少供應，選 C。""]","飼料是生產投入；投入成本上升會影響供給，不會直接改變消費者需求。","[]","","","","","","","","","","","","","","",""
"SOC-0350","社會","原創會考程度練習","","","八年級上","經濟與生活","供給量變動與供給變動","中等","素養題","茶葉市價上升，同時製茶機器改良使生產成本下降。前者與後者對供給曲線的影響，哪項判斷正確？","市價上升使供給曲線右移，機器改良只使供給量沿曲線增加","兩項變化都只會使供給量沿原供給曲線移動","市價上升使需求曲線右移，機器改良使供給曲線左移","市價上升使供給量沿原曲線增加；成本下降使供給曲線右移","3","市價上升使供給量沿原曲線增加；成本下降使供給曲線右移","","商品自身市價上升會增加供給量，表現為沿原供給曲線移動；機器改良降低生產成本，會使各價格下的供給增加，供給曲線右移，答案 D。","[""先分辨商品自身價格改變與生產條件改變，兩者不是同一種供給變化。"",""茶葉市價上升只改變供給量，廠商沿既有供給曲線增加供應。"",""機器改良降低成本，讓各價格下都能供應更多，供給曲線右移，選 D。""]","商品自身價格改變造成沿曲線移動；技術、成本等非價格因素會使供給曲線位移。","[]","","","","","","","","","","","","","","",""
"SOC-0351","社會","原創會考程度練習","","","八年級上","經濟與生活","市場剩餘與供需比較","中等","素養題","校慶後，社團以每件 500 元出售剩餘紀念 T 恤。原本預估可售 80 件，實際只售出 35 件，且沒有缺貨。若售價未變，最能解釋這項結果的是什麼？","供給量大於需求量，形成剩餘","需求量大於供給量，形成短缺","商品立刻消失","供需必定相等","0","供給量大於需求量，形成剩餘","","售出量低於原先備貨量，且沒有缺貨，表示此價格下供給量大於需求量，出現 45 件剩餘；不能因此推論需求必定消失，答案 A。","[""供給量是店家願意且能出售的數量，此處備貨 80 件。"",""需求量以實際願意購買的數量觀察，此處售出 35 件且沒有缺貨。"",""80－35＝45 件未售出，供給量大於需求量，選 A。""]","先確認題目是否缺貨；有剩貨代表該價格下供給量超過需求量，不等於需求量為零。","[]","","","","","","","","","","","","","","",""
"SOC-0352","社會","原創會考程度練習","","","八年級上","經濟與生活","價格上限與市場短缺","中等","素養題","某市租屋市場原本每月均衡租金為 12,000 元。市府將租金上限訂為 9,000 元；短期內住宅數量不變，其他條件不變。最可能出現哪種結果？","供給量必定大於需求量","需求量大於供給量","所有租屋免費","住宅數量立即倍增","1","需求量大於供給量","","低於均衡價的價格上限具約束力。在 9,000 元下，想租屋的人數增加，但房東願意出租的數量減少，因此需求量大於供給量，形成短缺，答案 B。","[""租金上限 9,000 元低於均衡租金 12,000 元，規定會限制市場價格。"",""較低租金使承租需求量增加，房東的出租供給量減少。"",""需求量大於供給量，形成短缺，選 B。""]","價格上限只有低於均衡價才會限制市場；若高於均衡價，通常不影響原均衡。","[]","","","","","","","","","","","","","","",""
"SOC-0353","社會","原創會考程度練習","","","八年級上","經濟與生活","價格下限與市場剩餘","中等","素養題","某農產品原均衡價為每公斤 30 元。政府規定最低收購價 40 元，但未承諾收購賣不掉的農產品。其他條件不變時，市場最可能出現什麼？","消費者需求必定增加","需求量大於供給量","供給量大於需求量","價格立即變成零","2","供給量大於需求量","","高於均衡價的價格下限具有約束力。較高價格使生產者願供應較多，消費者需求量較少；政府又不收購剩餘，因此供給量大於需求量，答案 C。","[""最低價 40 元高於均衡價 30 元，市場價格不能降至均衡水準。"",""在較高價格下，生產者供給量增加，消費者需求量減少。"",""未售出的產品形成剩餘，供給量大於需求量，選 C。""]","價格下限造成剩餘的前提是下限高於均衡價；也要留意政府是否收購多餘產品。","[]","","","","","","","","","","","","","","",""
"SOC-0354","社會","原創會考程度練習","","","八年級上","經濟與生活","需求價格彈性","中等","素養題","某種必要藥品短期內沒有近似替代品。價格上漲 5% 後，購買量僅下降 1%。依題目提供的百分比，需求量對價格變動的反應較接近哪種描述？","富有彈性","供給無限","完全沒有需求","缺乏彈性","3","缺乏彈性","","購買量變動幅度 1% 小於價格變動幅度 5%，表示需求量對價格不敏感，需求較缺乏彈性，答案 D。題目不提供精確彈性值，不能推成完全無彈性。","[""需求價格彈性比較需求量變動率與價格變動率。"",""需求量變動率約 1%，價格變動率約 5%，反應幅度較小。"",""因此需求較缺乏彈性，選 D；資料不足以判定完全無彈性。""]","比較變動率的大小即可判斷彈性方向；缺乏彈性不代表需求量完全不變。","[]","","","","","","","","","","","","","","",""
"SOC-0355","社會","原創會考程度練習","","","八年級上","經濟與生活","替代品與需求價格彈性","中等","素養題","甲品牌汽水單獨漲價 8% 後，顧客可改買多種口味相近的品牌，甲的銷量明顯下降。造成甲品牌需求較容易受價格影響的關鍵條件為何？","富有彈性","缺乏彈性","完全固定","與價格無關","0","富有彈性","","相近替代品越多，消費者越容易因甲漲價而轉購其他品牌，使甲的需求量對價格變化反應較大，即較富有彈性，答案 A。","[""先確認是甲品牌單獨漲價，而非所有汽水都漲價。"",""多種相近品牌提供消費者替代選擇。"",""轉購使甲的需求量對價格反應較大，選 A。""]","彈性取決於消費者轉換難易；若所有品牌一起漲價，替代效果就不同。","[]","","","","","","","","","","","","","","",""
"SOC-0356","社會","原創會考程度練習","","","八年級上","經濟與生活","單位稅與生產成本","基礎","素養題","飲料店原本每杯材料與製作成本為 25 元。政府對每杯售出的飲料加徵 3 元稅，其他成本不變。店家每售出一杯所負擔的成本變為多少？","減少","增加","必定不變","需求直接歸零","1","增加","","每杯成本增加 3 元，故 25＋3＝28 元。這是賣方每單位成本增加；市場均衡價格如何變動還需進一步考量供需彈性，答案 B。","[""原本每杯成本為 25 元。"",""每售出一杯新增 3 元稅，單位成本增加 3 元。"",""新成本為 25＋3＝28 元，選 B。""]","區分每單位稅額與總稅收；題目問單位成本時，只把每杯稅額加到原成本。","[]","","","","","","","","","","","","","","",""
"SOC-0357","社會","原創會考程度練習","","","八年級上","經濟與生活","機會成本與最佳替代方案","中等","素養題","小傑週末只能選一項活動：打工可得 1,200 元、參加球賽的主觀價值為 900 元、看電影的價值為 500 元。他選擇打工。依機會成本概念，這項選擇放棄的價值是多少？","上週已支付的交通費","打工店內所有商品的總價","放棄球賽所能帶來的價值","所有未選活動價值的總和","2","放棄球賽所能帶來的價值","","機會成本是放棄的最佳替代選項價值，不是所有未選方案相加。球賽價值 900 元高於電影 500 元，因此機會成本為 900 元，答案 C。","[""先找出實際選擇：打工。"",""比較未選方案：球賽 900 元、電影 500 元，最佳替代方案是球賽。"",""機會成本為最佳替代方案價值 900 元，不是兩者相加，選 C。""]","機會成本看被放棄的最佳方案；不要把所有未選方案或已付出的沉沒成本算進去。","[]","","","","","","","","","","","","","","",""
"SOC-0358","社會","原創會考程度練習","","","八年級上","經濟與生活","專業分工與勞動生產力","中等","素養題","家具廠改採分工後，甲員工專做裁切、乙員工專做組裝。試辦資料顯示同樣工時的完成量增加，但仍須採購相同木材。最合理的解釋是什麼？","使木材不再是必要原料","保證所有產品都能售出","讓生產成本必定為零","提高熟練度並節省工作轉換時間","3","提高熟練度並節省工作轉換時間","","分工使員工熟悉固定工序、減少工作轉換時間，因此同樣工時完成量增加；木材仍是必要投入，不代表原料消失，答案 D。","[""比較試辦前後：投入工時相同，產出量增加。"",""固定工序有助累積熟練並減少轉換工作所花的時間。"",""因此勞動生產效率提高，但木材等其他投入仍不可少，選 D。""]","生產效率提升表示相同投入能產出更多，不能直接推論原料需求消失或產品必定售出。","[]","","","","","","","","","","","","","","",""
"SOC-0359","社會","原創會考程度練習","","","八年級上","經濟與生活","公共財的非排他與非競爭性","基礎","素養題","里辦公處評估增設巷口照明，居民提出兩項觀察：未繳費者仍能走在受照路段；多一位行人使用照明，不會減少其他人得到的照明。此服務最符合哪種財貨特性？","難排除且具非競爭性","可排除且具高度競爭性","只能由一人使用","必須逐秒計價","0","難排除且具非競爭性","","難以排除未付費居民，表示具有非排他性；一人受益不會明顯減少他人受益，表示具有非競爭性，符合公共財特徵，答案 A。","[""第一項觀察表示難以排除未繳費者，具有非排他性。"",""第二項觀察表示多人同時受益不會互相減少，具有非競爭性。"",""兩項特徵同時符合公共財，選 A。""]","公共財要分別檢查『能否排除』與『使用是否互相競爭』，兩個判準不可混為一談。","[]","","","","","","","","","","","","","","",""
"SOC-0360","社會","原創會考程度練習","","","八年級上","經濟與生活","負外部性與外部成本","基礎","素養題","道路工程承包商與市府依契約施工，夜間噪音卻使附近居民受損，居民不是契約當事人，承包商也未支付補償。從經濟學角度看，這項未反映在交易成本中的損害是什麼？","正外部性","負外部性","消費者剩餘","比較利益","1","負外部性","","居民不是工程交易雙方，卻承受噪音損害；此成本未由交易雙方負擔，屬負外部性，答案 B。","[""界定交易：承包商與市府進行工程契約。"",""附近居民未參與交易，卻承受噪音成本且未獲補償。"",""交易外部承受的未補償損害是負外部性，選 B。""]","外部性須確認影響到交易雙方以外的人；正負取決於外溢效果是利益還是損害。","[]","","","","","","","","","","","","","","",""
"SOC-0361","社會","原創會考程度練習","","","八年級上","經濟與生活","資訊不對稱","基礎","素養題","二手車賣家比買家更了解車輛曾發生的重大事故，且沒有揭露。此交易最主要面臨什麼問題？","公共財不足","需求完全無彈性","資訊不對稱","地方自治","2","資訊不對稱","","賣家掌握買家欠缺的重要車況資訊，交易雙方資訊不對稱，答案 C。","[""比較買賣雙方掌握的車況資訊。"",""賣家知道重大事故，買家未獲相同資訊。"",""雙方資訊不對稱可能造成不公平交易，選 C。""]","資訊不對稱要看交易雙方掌握資訊是否不同；隱瞞重大車況會妨礙買方判斷。","[]","","","","","","","","","","","","","","",""
"SOC-0362","社會","原創會考程度練習","","","八年級上","經濟與生活","市場競爭與消費者","中等","素養題","某地新開兩家電信業者，居民可比較月費與服務品質並轉換方案。競爭增加最可能帶來什麼？","使價格永遠固定","保證所有服務完全免費","使消費者需求消失","增加選擇並促使業者改善條件","3","增加選擇並促使業者改善條件","","業者增加使消費者有更多替代選擇，業者面臨爭取顧客的誘因，較可能改善價格或服務，答案 D。","[""新業者加入使市場選擇增加。"",""消費者可依價格與品質轉換服務。"",""競爭提供改善條件的誘因，但不保證免費，選 D。""]","競爭會增加業者改善價格或品質的誘因，但不能據此保證免費或一定改善。","[]","","","","","","","","","","","","","","",""
"SOC-0363","社會","原創會考程度練習","","","九年級上","經濟與生活","市場均衡計算","基礎","素養題","市場資料：價格 20 元時需求 90 件、供給 50 件；價格 30 元時需求 70 件、供給 70 件。依資料，均衡價格為多少？","30 元","20 元","25 元","70 元","0","30 元","","均衡時需求量等於供給量；30 元時兩者皆為 70 件，答案 A。","[""找出需求量與供給量相等的價格。"",""20 元時 90 不等於 50。"",""30 元時兩者皆為 70，答案 A。""]","先逐列比對同一價格的需求量與供給量；不可跨價格配對數字。","[]","","","","","","","","","","","","","","",""
"SOC-0364","社會","原創會考程度練習","","","九年級上","經濟與生活","需求變動與替代品","基礎","素養題","公車票價上漲後，部分通勤者改搭捷運；若其他條件不變，捷運的需求較可能如何變化？","減少","增加","供給必定減少","價格必定歸零","1","增加","","公車與捷運在此通勤情境可互相替代，公車變貴促使部分人轉搭捷運，捷運需求增加，答案 B。","[""辨認兩者都可提供通勤服務。"",""公車票價上升使部分人轉向捷運。"",""捷運需求增加，答案 B。""]","公車與捷運在此通勤用途可替代；先判斷轉乘者改變的是捷運需求，不是捷運供給。","[]","","","","","","","","","","","","","","",""
"SOC-0365","社會","原創會考程度練習","","","九年級上","經濟與生活","互補品與需求變化","基礎","素養題","印表機與專用墨水常搭配使用；若專用墨水價格大幅上升，其他條件不變，印表機需求較可能如何？","增加","完全不受影響","下降","供給立即歸零","2","下降","","墨水是使用印表機的互補品，使用成本提高可能降低購買印表機的意願，答案 C。","[""確認兩商品需搭配使用。"",""墨水變貴提高使用印表機的總成本。"",""印表機需求可能下降，答案 C。""]","互補品價格上升可能降低另一商品的需求；題目問的是印表機需求，不是墨水供給。","[]","","","","","","","","","","","","","","",""
"SOC-0366","社會","原創會考程度練習","","","九年級上","經濟與生活","供給增加與均衡變化","中等","素養題","新技術使每家麵包店用相同成本可烤出更多麵包，消費需求不變。此變化對供給與均衡價格通常有何影響？","需求減少，價格必定上升","供需皆立即消失","供給減少，價格必定上升","供給增加，價格有下降壓力","3","供給增加，價格有下降壓力","","技術進步提高同成本下產量，供給增加；需求不變時均衡價格通常下降，答案 D。","[""找出變化是生產技術改善。"",""同樣成本可提供更多商品，供給增加。"",""需求不變時均衡價格有下降壓力，答案 D。""]","先判斷技術改變供給，再在需求不變的條件下推論均衡價格方向；避免說價格必定降到特定數字。","[]","","","","","","","","","","","","","","",""
"SOC-0367","社會","原創會考程度練習","","","九年級上","經濟與生活","生產稅與供給","基礎","素養題","政府對每件進口玩具課徵固定稅額，進口成本增加；若消費偏好不變，市場供給曲線較可能如何移動？","左移，或在各價格下供給量減少","右移，供給量必定增加","需求曲線一定右移","供需均不變","0","左移，或在各價格下供給量減少","","單位稅提高供應商品的成本，賣方在各價格下願供應量較少，供給曲線左移，答案 A。","[""辨認稅是對每件商品課徵。"",""單位成本增加降低供應誘因。"",""供給減少，答案 A。""]","對每件商品課稅先提高單位成本；不要把供給曲線移動與沿曲線的供給量變化混淆。","[]","","","","","","","","","","","","","","",""
"SOC-0368","社會","原創會考程度練習","","","九年級上","經濟與生活","價格上限與短缺","基礎","素養題","某地租屋均衡租金為每月 16,000 元，法規把租金上限訂為 13,000 元；在上限下 800 間需求、620 間供給。短缺幾間？","620 間","180 間","800 間","1,420 間","1","180 間","","短缺＝需求量−供給量＝800−620＝180 間，答案 B。","[""確認價格上限低於均衡租金。"",""比較需求 800 間和供給 620 間。"",""800−620＝180 間短缺，答案 B。""]","先確認上限低於均衡租金，再用需求量減供給量計算短缺；不要把兩者相加。","[]","","","","","","","","","","","","","","",""
"SOC-0369","社會","原創會考程度練習","","","九年級上","經濟與生活","最低工資與勞動市場","中等","素養題","在簡化模型中，均衡工資為每小時 180 元；法定最低工資設為 200 元且高於均衡。其他條件不變時，市場較可能出現什麼？","勞動需求量大於供給量","工資低於均衡","勞動供給量大於需求量","所有求職者必定獲聘","2","勞動供給量大於需求量","","高於均衡的價格下，願意提供勞動者可能增加，雇主需求量可能減少，形成勞動超額供給，答案 C。","[""比較 200 元最低工資與 180 元均衡工資。"",""較高工資提高供給意願並可能降低需求量。"",""供給量可能大於需求量，答案 C。""]","題目明示最低工資高於均衡且採簡化模型；作答時依模型推供需，不要外推所有真實勞動市場。","[]","","","","","","","","","","","","","","",""
"SOC-0370","社會","原創會考程度練習","","","九年級上","經濟與生活","外部成本與污染防治","基礎","素養題","工廠排煙使鄰近居民增加醫療支出，但產品售價未計入這些健康損失。此現象最接近哪個概念？","正外部效益","公共財的非敵對性","消費者剩餘","負外部成本","3","負外部成本","","生產者以外的居民承受未反映在價格中的損害，屬負外部成本，答案 D。","[""辨認受影響者是工廠以外的居民。"",""居民健康損失沒有反映在產品售價。"",""此為負外部成本，答案 D。""]","外部成本是第三人承受的損害，不等同企業帳面成本。","[]","","","","","","","","","","","","","","",""
"SOC-0371","社會","原創會考程度練習","","","九年級上","經濟與生活","公共財與搭便車","基礎","素養題","街道照明可同時讓路上許多行人受益，難以只讓未繳費者看不見路燈。此服務的特徵最接近什麼？","不易排除使用者，可能有搭便車問題","只能由一人使用的私有財","每人使用都會完全耗盡光線","使用人越多成本必定歸零","0","不易排除使用者，可能有搭便車問題","","街燈服務難以排除特定未付費者，且一人受益通常不會妨礙他人同時受益，具公共財特徵，答案 A。","[""判斷是否容易排除未付費行人。"",""多名行人可同時受到照明。"",""不易排除可能形成搭便車，答案 A。""]","公共財同時看難排除性與非競爭性；搭便車是難排除造成的可能問題，不是定義本身。","[]","","","","","","","","","","","","","","",""
"SOC-0372","社會","原創會考程度練習","","","九年級上","經濟與生活","比較利益與分工","中等","素養題","甲每小時可整理 12 箱或包裝 6 箱；乙每小時可整理 8 箱或包裝 8 箱。誰在包裝工作上具有比較利益？","甲，因甲整理箱數最多","乙，包裝 1 箱的機會成本較低","兩人機會成本相同","資料不足以比較","1","乙，包裝 1 箱的機會成本較低","","甲包裝 1 箱放棄整理 12÷6＝2 箱；乙放棄 8÷8＝1 箱。乙的機會成本較低，答案 B。","[""甲每包裝 1 箱放棄 2 箱整理工作。"",""乙每包裝 1 箱放棄 1 箱整理工作。"",""乙機會成本較低，答案 B。""]","先把雙方生產率換成『每做一單位工作所放棄的另一產品量』，再比較機會成本。","[]","","","","","","","","","","","","","","",""
"SOC-0373","社會","原創會考程度練習","","","九年級上","經濟與生活","價格變動與總收益","中等","素養題","咖啡店將單杯價格由 60 元降為 50 元，日銷量由 100 杯增至 130 杯。調價前後每日營收各是多少？依這組資料，降價後營收如何變化？","由 6,000 元增至 7,800 元","由 6,000 元降至 5,000 元","由 6,000 元增至 6,500 元","由 5,000 元增至 7,800 元","2","由 6,000 元增至 6,500 元","","調價前營收＝60×100＝6,000 元；調價後＝50×130＝6,500 元，因此這組資料中降價後營收增加 500 元，答案 C。","[""調價前營收＝60×100＝6,000 元。"",""調價後營收＝50×130＝6,500 元。"",""6,500−6,000＝500 元，營收增加，答案 C。""]","總收益等於價格乘銷售量；觀察單一組資料的營收變化，不代表可推論所有需求情況。","[]","","","","","","","","","","","","","","",""
"SOC-0374","社會","原創會考程度練習","","","九年級上","經濟與生活","名目與實質 GDP","中等","素養題","某國名目 GDP 從 500 億元增至 550 億元，同期物價指數從 100 升到 110，假設實質產量大致不變。名目 GDP 增加主要反映什麼？","實質產量必定增加 50%","人口必定減少一半","GDP 與價格無關","價格水準上升，不代表實質產量同步增加","3","價格水準上升，不代表實質產量同步增加","","名目 GDP 同時受價格和產量影響；價格指數也上升 10%，在產量大致不變時，名目增加主要可由價格上漲解釋，答案 D。","[""名目 GDP 增加 50 億元，即約 10%。"",""物價指數也由 100 升至 110，約增 10%。"",""名目增長不等同實質產量增加，答案 D。""]","跨年比較生產量應看排除價格變動後的實質 GDP。","[]","","","","","","","","","","","","","","",""
"SOC-0375","社會","原創會考程度練習","","","九年級上","經濟與生活","累進稅率分段計算","中等","素養題","某示意稅制規定：所得前 20 萬元課 5%，超過 20 萬至 50 萬部分課 10%。所得 35 萬元者依此規則應繳多少稅？","25,000 元","17,500 元","3,500 元","5,000 元","0","25,000 元","","前 20 萬課 5% 為 10,000 元；其餘 15 萬課 10% 為 15,000 元，合計 25,000 元，答案 A。","[""前 20 萬元稅額＝200,000×5%＝10,000 元。"",""超過部分 150,000×10%＝15,000 元。"",""合計 10,000＋15,000＝25,000 元，答案 A。""]","按級距分段套用稅率；題目是示意制度，不能把此稅率當作現行法規。","[]","","","","","","","","","","","","","","",""
"SOC-0376","社會","原創會考程度練習","","","九年級上","經濟與生活","所得分配與平均數","基礎","素養題","甲國人均所得 60 萬元，但所得高度集中於少數高所得者；乙國人均所得 55 萬元，分配較平均。僅憑人均所得不能判斷什麼？","兩國人均所得的數值","一般家庭實際所得及所得分配情形","甲國平均數高於乙國","人均所得是平均值","1","一般家庭實際所得及所得分配情形","","人均所得只呈現平均值，不能顯示分配情形或典型家庭所得，因此無法單憑此數據比較一般家庭狀況，答案 B。","[""比較人均所得：甲高於乙。"",""平均值可能受少數高所得者影響。"",""需另看所得分配與家庭資料，答案 B。""]","平均數不等於每個人的所得或中位數。","[]","","","","","","","","","","","","","","",""
"SOC-0377","社會","原創會考程度練習","","","九年級上","經濟與生活","金融借貸與總成本","基礎","素養題","借款 50,000 元，方案甲總還款 56,000 元；方案乙標示低利率，但總還款 58,500 元。若其他服務條件相同，哪個方案總成本較低？","乙，因廣告利率較低","兩者成本相同","甲，總成本比本金多 6,000 元","無法用總還款比較","2","甲，總成本比本金多 6,000 元","","甲總還款 56,000 元，較乙的 58,500 元少 2,500 元；甲總成本較低，答案 C。","[""比較兩方案實際總還款。"",""甲比乙少還 58,500−56,000＝2,500 元。"",""甲的總成本較低，答案 C。""]","比較借貸方案要看總還款及費用，且須確認本金、期限與服務條件一致；不能只看廣告利率。","[]","","","","","","","","","","","","","","",""
"SOC-0378","社會","原創會考程度練習","","","九年級上","經濟與生活","媒體識讀與來源查證","基礎","素養題","社群貼文宣稱某政策「明天起全國取消」，但沒有日期來源或公文連結；其他新聞尚未報導。讀者最適合如何查證？","只看分享次數判斷真偽","因為沒有新聞報導就一定是假","立即轉傳提醒所有人","查找主管機關公告及多個可信來源","3","查找主管機關公告及多個可信來源","","政策資訊應查找主管機關正式公告，並與可靠新聞來源交叉核對；分享量或單一貼文不足以證實，答案 D。","[""辨認貼文缺少可核對來源。"",""搜尋主管機關公告和可信媒體報導。"",""多源核對後再轉傳，答案 D。""]","核對發布日期、網址及是否遭斷章取義。","[]","","","","","","","","","","","","","","",""
"SOC-0379","社會","原創會考程度練習","","","九年級上","經濟與生活","個資保護與最小揭露","基礎","素養題","參加校內讀書會只需提供姓名和年級，主辦者卻要求公開身分證號、住址和家人電話。較合理的回應為何？","詢問蒐集目的與必要性，只提供必要資料","為避免麻煩公開所有資訊","把帳戶密碼也附上","假設公開後無法被複製","0","詢問蒐集目的與必要性，只提供必要資料","","資料蒐集應符合明確目的並限於必要範圍，與活動無關的敏感個資不宜任意提供，答案 A。","[""對照讀書會用途和所要求資料。"",""身分證號、住址及家人電話可能造成額外風險。"",""先確認必要性並限縮揭露，答案 A。""]","可要求說明保存期限、使用對象和刪除方式。","[]","","","","","","","","","","","","","","",""
"SOC-0380","社會","原創會考程度練習","","","九年級上","經濟與生活","民主參與與公共議題","基礎","素養題","居民對河岸整治方案有不同意見，地方政府公開環評摘要並舉辦公聽會。此程序主要讓居民如何參與？","直接取代所有專業評估","表達意見並檢視決策資訊","保證所有人意見都相同","取消行政機關依法決策責任","1","表達意見並檢視決策資訊","","公開資訊和公聽會提供居民理解方案、提出意見的管道；最終機關仍需依法評估並作成決定，答案 B。","[""辨認政府提供環評資訊及參與場合。"",""居民可提出關切與在地資訊。"",""這是公共決策參與，不代表取代法定程序，答案 B。""]","有效參與需取得足夠資訊並讓不同群體有表達機會。","[]","","","","","","","","","","","","","","",""
"SOC-0381","社會","原創會考程度練習","","","九年級上","地理","氣候因素與迎風坡降雨","基礎","素養題","濕潤氣流由西向東越過山脈，西坡降雨較多，東側背風區較乾。造成此差異的主要過程為何？","背風氣流上升並大量凝結","山脈讓水氣平均分配","氣流迎風上升冷卻，背風下沉增溫","降雨只由經度決定","2","氣流迎風上升冷卻，背風下沉增溫","","西側迎風氣流被迫上升而冷卻凝結，降雨較多；越嶺後下沉增溫，東側較乾，答案 C。","[""先確定西側是迎風坡。"",""上升冷卻使水氣凝結成雨。"",""背風下沉增溫，雨量較少，答案 C。""]","雨影判讀需搭配題目所給的風向與地形。","[]","","","","","","","","","","","","","","",""
"SOC-0382","社會","原創會考程度練習","","","九年級上","地理","比例尺與實際距離","基礎","素養題","地圖比例尺 1：100,000，兩地圖上距離 3.5 公分，實際直線距離為多少公里？","35 公里","0.35 公里","350 公里","3.5 公里","3","3.5 公里","","實距＝3.5×100,000＝350,000 公分＝3,500 公尺＝3.5 公里，答案 D。","[""每圖上 1 公分代表 100,000 公分實距。"",""3.5×100,000＝350,000 公分。"",""換算為 3.5 公里，答案 D。""]","1 公里等於 100,000 公分。","[]","","","","","","","","","","","","","","",""
"SOC-0383","社會","原創會考程度練習","","","九年級上","經濟與生活","通膨率的基期比較","基礎","素養題","某市消費物價指數去年為 125，今年為 130（基期＝100）。今年相對去年約上漲多少百分比？","5%","30%","104%","4%","3","4%","","年增率＝（130−125）÷125×100%＝4%，答案 D。","[""先求指數差：130−125＝5。"",""以去年指數 125 為比較基期。"",""5÷125×100%＝4%，答案 D。""]","計算年增率時分母用去年指數，不是固定基期 100。","[]","","","","","","","","","","","","","","",""
"SOC-0384","社會","原創會考程度練習","","","九年級上","經濟與生活","需求量與需求曲線","基礎","素養題","蘋果市場價格由每公斤 80 元降至 60 元，消費者在其他條件不變下購買量增加。此變化應描述為什麼？","沿需求曲線移動，需求量增加","需求曲線必定右移","供給曲線左移","需求量減少","0","沿需求曲線移動，需求量增加","","商品自身價格下降時，消費者沿既有需求曲線增加購買量，稱需求量增加，不等於需求曲線移動，答案 A。","[""找出變動的是商品自身價格。"",""其他影響需求的條件維持不變。"",""因此是沿需求曲線移動、需求量增加，答案 A。""]","需求曲線移動通常由所得、偏好或相關商品價格等非自身價格因素造成。","[]","","","","","","","","","","","","","","",""
"SOC-0385","社會","原創會考程度練習","","","九年級上","經濟與生活","需求曲線右移因素","基礎","素養題","某地居民所得提高後，對一般正常財的購買意願增加；商品本身價格尚未改變。需求曲線較可能如何變化？","左移","右移","沿曲線向下移","供給曲線必定右移","1","右移","","正常財的所得提高會增加各價格下的需求量，需求曲線右移，答案 B。","[""辨認變動因素是所得上升。"",""題目指定為正常財。"",""所得提高使需求增加、曲線右移，答案 B。""]","先區分所得變化與商品自身價格變化。","[]","","","","","","","","","","","","","","",""
"SOC-0386","社會","原創會考程度練習","","","九年級上","經濟與生活","供給曲線左移","基礎","素養題","某產地遭颱風使香蕉收成大減，消費者偏好不變。香蕉市場供給曲線最可能如何移動？","右移","需求曲線左移","左移","需求量沿曲線增加","2","左移","","颱風使每一價格下可供應的香蕉數量減少，供給曲線左移，答案 C。","[""颱風影響生產收成。"",""各價格下可出售數量都較少。"",""供給減少表現為供給曲線左移，答案 C。""]","自然災害是生產條件變動，主要影響供給面。","[]","","","","","","","","","","","","","","",""
"SOC-0387","社會","原創會考程度練習","","","九年級上","經濟與生活","均衡價格與供給不足","基礎","素養題","某商品均衡價格為 100 元，政府訂定每件 80 元的價格上限且確實執行；在 80 元時需求 240 件、供給 190 件。市場短缺量為何？","430 件","190 件","240 件","50 件","3","50 件","","短缺量＝需求量−供給量＝240−190＝50 件，答案 D。","[""比較 80 元下的需求 240 件。"",""減去供給 190 件。"",""短缺為 50 件，答案 D。""]","題目已說價格上限低於均衡且執行，屬具約束力的上限。","[]","","","","","","","","","","","","","","",""
"SOC-0388","社會","原創會考程度練習","","","九年級上","經濟與生活","彈性與替代選擇","基礎","素養題","某品牌零食漲價後，消費者很容易改買多種相似品牌，銷量因此大幅下降。這反映需求較可能具有何種特性？","需求較有彈性","需求完全無彈性","供給必定無彈性","商品是公共財","0","需求較有彈性","","替代品多使消費者對價格變化較容易改變購買量，需求較有彈性，答案 A。","[""找出市場存在許多相似替代品。"",""漲價後購買量大幅下降。"",""需求對價格反應較大，較有彈性，答案 A。""]","彈性衡量數量對價格變動的相對反應，不只比較絕對數量。","[]","","","","","","","","","","","","","","",""
"SOC-0389","社會","原創會考程度練習","","","九年級上","經濟與生活","生產成本與供給變化","基礎","素養題","咖啡豆和運輸費同時漲價，咖啡店在每杯售價下獲利降低。短期內店家較可能如何調整供給？","增加需求","減少供給","需求曲線右移","供給量必定不變","1","減少供給","","原料及運輸成本上升提高生產成本，既定售價下供給意願降低，答案 B。","[""辨認上漲的是投入成本。"",""成本提高降低既定價格下的獲利。"",""供給較可能減少，答案 B。""]","需求不變時，生產成本變化不應誤判為需求曲線移動。","[]","","","","","","","","","","","","","","",""
"SOC-0390","社會","原創會考程度練習","","","九年級上","經濟與生活","成本外部性與污染稅","基礎","素養題","若工廠排污造成下游居民受害，但工廠不負擔清理費，政府依污染量徵收費用以促使其考慮社會損害。此作法主要針對什麼？","正外部效益不足","消費者所得增加","負外部性造成的社會成本","公共財的非敵對性","2","負外部性造成的社會成本","","污染造成未由工廠交易承擔的外部損害，按污染收費可使部分社會成本納入生產決策，答案 C。","[""辨認工廠以外的受害者。"",""損害未計入工廠原有成本。"",""費用意在內部化負外部成本，答案 C。""]","污染費效果需配合監測、費率和執法設計。","[]","","","","","","","","","","","","","","",""
"SOC-0391","社會","原創會考程度練習","","","九年級上","經濟","公共財與排除性","基礎","素養題","防洪堤建成後，堤內居民都能受到保護，難以只排除未繳費者；一戶受保護也不會減少其他戶的保護。此服務具何種性質？","使用一戶會耗盡全部防洪能力","容易排他且具敵對性","只能由一戶使用","難排他且具非敵對性，接近公共財","3","難排他且具非敵對性，接近公共財","","防洪保護難以排除特定居民，且多人可同時受益，具公共財的難排他與非敵對特徵，答案 D。","[""判斷未付費戶是否能被單獨排除。"",""多戶能同時享有防洪效益。"",""難排他且非敵對，接近公共財，答案 D。""]","公共財特徵可分程度，實際設施管理仍可能收費或分區。","[]","","","","","","","","","","","","","","",""
"SOC-0392","社會","原創會考程度練習","","","九年級上","公民","稅收與公共服務","基礎","素養題","政府以一般稅收維護道路、橋梁及路燈，民眾可在公共規則下使用。此支出最直接屬於什麼？","提供公共服務並運用公共預算","私人企業利潤分配","家庭間的私人借款","商品出口收入","0","提供公共服務並運用公共預算","","稅收形成公共財源，政府依預算維護交通及照明等服務，答案 A。","[""辨認資金來源為一般稅收。"",""用途是道路、橋梁與路燈維護。"",""屬公共預算提供公共服務，答案 A。""]","公共設施仍需依法編列預算、管理及維護。","[]","","","","","","","","","","","","","","",""
"SOC-0393","社會","原創會考程度練習","","","九年級上","經濟","消費者剩餘","基礎","素養題","小玲願意為一本書最多付 500 元，商店售價為 420 元且她購買。依簡化定義，她的消費者剩餘是多少？","420 元","80 元","500 元","920 元","1","80 元","","消費者剩餘＝最高願付價格−實際價格＝500−420＝80 元，答案 B。","[""找出最高願付價格 500 元。"",""扣除實際支付 420 元。"",""剩餘效益為 80 元，答案 B。""]","消費者剩餘是願付價格與實付價格的差，不是商品售價。","[]","","","","","","","","","","","","","","",""
"SOC-0394","社會","原創會考程度練習","","","九年級上","經濟","機會成本與生產選擇","中等","素養題","農地可種 100 公斤稻米或 60 公斤玉米。若改種 1 公斤玉米需放棄多少公斤稻米，且生產組合線性？","約 3/5 公斤","60 公斤","約 5/3 公斤","100 公斤","2","約 5/3 公斤","","每放棄 100 公斤稻米可取得 60 公斤玉米，因此每 1 公斤玉米的機會成本為 100÷60＝5/3 公斤稻米，答案 C。","[""建立兩種產量的交換比例：100 公斤稻米對 60 公斤玉米。"",""每公斤玉米放棄稻米量＝100÷60。"",""機會成本為 5/3 公斤稻米，答案 C。""]","生產可能線性是本題計算單位機會成本的前提。","[]","","","","","","","","","","","","","","",""
"SOC-0395","社會","原創會考程度練習","","","九年級上","經濟","通貨膨脹與固定面額","中等","素養題","便當價格由 80 元升至 88 元，阿哲持有的 400 元現金面額不變。現在最多能買幾個便當，較原本少幾個？","原可買 5 個，現在約可買 4.55 個，減少約 0.45 個","原可買 4 個，現在可買 5 個，多 1 個","原可買 5 個，現在可買 4 個，少 2 個","原可買 5 個，現在可買約 4 個，少 1 個","3","原可買 5 個，現在可買約 4 個，少 1 個","","原可買 400÷80＝5 個；現在可買 400÷88≈4 個完整便當，比原本少約 1 個，答案 D。","[""原價格下：400÷80＝5 個。"",""新價格下：400÷88≈4.54，只能買 4 個完整便當。"",""可買數量約少 1 個，答案 D。""]","題目問完整便當數；若按連續比例則約 4.55 個，需留意語意。","[]","","","","","","","","","","","","","","",""
"SOC-0396","社會","原創會考程度練習","","","九年級上","經濟","匯率與貨幣購買力","基礎","素養題","以同一匯率換算，1 美元由 30 元新臺幣升至 33 元；這段期間新臺幣相對美元如何變化？","貶值","升值","完全不變","變成美元","0","貶值","","兌換 1 美元需更多新臺幣，表示新臺幣相對美元購買力下降、貶值，答案 A。","[""比較每美元需支付的新臺幣數。"",""由 30 元升到 33 元，換同額美元需更多新臺幣。"",""新臺幣相對美元貶值，答案 A。""]","注意匯率報價方向；本題是每美元兌多少新臺幣。","[]","","","","","","","","","","","","","","",""
"SOC-0397","社會","原創會考程度練習","","","九年級上","經濟","勞動生產力計算","基礎","素養題","工廠 8 名員工一天完成 240 件產品，改善流程後仍由 8 人一天完成 280 件。每人每日產量增加多少件？","40 件","5 件","30 件","35 件","1","5 件","","原每人 240÷8＝30 件；改善後 280÷8＝35 件；增加 35−30＝5 件，答案 B。","[""計算改善前每人產量：240÷8＝30 件。"",""改善後每人產量：280÷8＝35 件。"",""每人每日增加 5 件，答案 B。""]","比較生產力時要把總產量除以相同的勞動投入。","[]","","","","","","","","","","","","","","",""
"SOC-0398","社會","原創會考程度練習","","","九年級上","地理","比例尺與地形距離","基礎","素養題","登山圖比例尺為 1：40,000，圖上山屋到觀景點直線距離 2.5 公分。實地直線距離為多少公尺？","100 公尺","10,000 公尺","1,000 公尺","16,000 公尺","2","1,000 公尺","","實距＝2.5×40,000＝100,000 公分＝1,000 公尺，答案 C。","[""每圖上 1 公分代表 40,000 公分實距。"",""2.5×40,000＝100,000 公分。"",""換算為 1,000 公尺，答案 C。""]","地圖直線距離未必等於實際步道路程。","[]","","","","","","","","","","","","","","",""
"SOC-0399","社會","原創會考程度練習","","","九年級上","地理","氣候與人口活動","基礎","素養題","某地夏季高溫多雨、冬季乾燥，居民傳統上把需水量大的稻作安排在雨季。這種農業安排主要反映什麼？","作物生長不受氣候影響","冬季雨量必定最多","稻作不需要水","農業活動配合季節氣候與水分條件","3","農業活動配合季節氣候與水分條件","","稻作需水較多，安排在高溫多雨季節可配合水分條件，答案 D。","[""找出題目提供的季節降雨差異。"",""稻作生長需要充足水分。"",""農事配合雨季，答案 D。""]","農業也可能透過灌溉調節水分，但需評估水資源。","[]","","","","","","","","","","","","","","",""
"SOC-0400","社會","原創會考程度練習","","","九年級上","歷史","歷史資料與因果推論","中等","素養題","某地港口開放後，外商設立商行、出口增加，城市人口也上升。若要判斷人口變化是否由貿易帶動，還需要什麼證據？","比較時間順序並查找工作、移民等其他證據","假設所有人口增加都由貿易造成","只看一張港口照片","忽略其他可能因素","0","比較時間順序並查找工作、移民等其他證據","","港口開放與人口增加同時出現不必然證明因果；還需檢視時間順序及就業、遷移等證據，答案 A。","[""確認港口開放和人口變化的時間先後。"",""尋找商業就業及人口遷入等中間證據。"",""再評估貿易是否為原因之一，答案 A。""]","相關變化不一定代表因果，需尋找機制與其他解釋。","[]","","","","","","","","","","","","","","",""
"SOC-0401","社會","原創會考程度練習","","","九年級上","人口與都市","都市化與人口遷移","基礎","素養題","某縣連續十年有大量居民由鄉村遷往都市，都市人口占全縣比率逐年上升。這項變化最直接代表什麼？","自然增加率必定上升","都市化程度提高","農業產量必定增加","都市人口密度必定下降","1","都市化程度提高","","都市人口占比提高，直接表示人口集中都市的程度增加，也就是都市化提高，答案 B。","[""先比較都市人口占全縣比率的變化。"",""比率逐年上升代表更多人口居住都市。"",""因此都市化程度提高，選 B。""]","人口遷移可改變都市化，但不能單憑此推論出生率或農業產量。","[]","","","","","","","","","","","","","","",""
"SOC-0402","社會","原創會考程度練習","","","九年級上","人口與都市","人口遷移的推拉因素","基礎","素養題","山區工廠關閉後，居民因工作機會減少而搬往平原城市。工作機會減少對原居地而言屬於哪種因素？","拉力","自然增加","推力","人口密度","2","推力","","原居地工作機會減少促使居民離開，是推動人口遷出的推力，答案 C。","[""確認居民離開的原因發生在原居地。"",""工作減少使留下的吸引力降低。"",""這是人口遷出的推力，選 C。""]","推力使人離開原地；拉力則吸引人前往目的地。","[]","","","","","","","","","","","","","","",""
"SOC-0403","社會","原創會考程度練習","","","九年級上","人口與都市","人口遷移的拉力","基礎","素養題","沿海城市提供較多工作與大學科系，吸引外地青年前往居住。這些條件對沿海城市屬於什麼？","人口自然減少","推力","出生率","拉力","3","拉力","","工作及升學機會吸引青年遷入目的地，屬人口遷移的拉力，答案 D。","[""目的地是提供工作與大學的沿海城市。"",""條件使青年更願意前往該地。"",""因此屬拉力，選 D。""]","判斷推拉力要分清因素發生在遷出地或遷入地。","[]","","","","","","","","","","","","","","",""
"SOC-0404","社會","原創會考程度練習","","","九年級上","人口與都市","人口密度計算","基礎","素養題","甲市土地面積 200 平方公里，人口 600,000 人；平均人口密度為多少人／平方公里？","3,000","300","30,000","120,000","0","3,000","","人口密度＝人口數÷土地面積＝600,000÷200＝3,000 人／平方公里，答案 A。","[""寫出公式：人口密度＝總人口÷土地面積。"",""代入數值：600,000÷200。"",""得到 3,000 人／平方公里，選 A。""]","計算人口密度時，確認人口與面積使用的單位一致。","[]","","","","","","","","","","","","","","",""
"SOC-0405","社會","原創會考程度練習","","","九年級上","人口與都市","人口自然增加","基礎","素養題","某地一年出生 1,200 人、死亡 800 人，且沒有遷入遷出。該年人口自然增加多少人？","2,000 人","400 人","800 人","1,200 人","1","400 人","","人口自然增加＝出生人數－死亡人數＝1,200－800＝400 人，答案 B。","[""題目沒有遷入或遷出，無須計入社會增加。"",""用出生人數減死亡人數。"",""1,200－800＝400 人，選 B。""]","人口總變動還要考慮遷移；自然增加只計出生與死亡。","[]","","","","","","","","","","","","","","",""
"SOC-0406","社會","原創會考程度練習","","","九年級上","人口與都市","人口老化與扶養需求","中等","素養題","某鄉鎮青壯年外移後，高齡人口占比由 16% 升至 25%。地方較需要優先評估什麼服務？","增加幼兒園數量作為唯一措施","取消社區醫療","長照及就醫交通","停止公共運輸","2","長照及就醫交通","","高齡人口占比提高且青壯年外移，長照與就醫交通需求可能增加，答案 C。","[""資料顯示人口結構高齡化。"",""青壯年外移可能使家庭照顧人力減少。"",""應評估長照及就醫交通，選 C。""]","政策規劃要依人口年齡結構與實際需求，不宜只用單一指標推論。","[]","","","","","","","","","","","","","","",""
"SOC-0407","社會","原創會考程度練習","","","九年級上","人口與都市","少子化與人口金字塔","基礎","素養題","某地人口金字塔底部連年變窄，表示幼年人口比例下降。最可能反映哪種趨勢？","總人口必定立即下降","死亡率必定上升","青壯年人口必定增加","出生率偏低","3","出生率偏低","","人口金字塔底部代表較年幼人口，底部變窄常反映出生人口或出生率下降，答案 D。","[""辨認人口金字塔底部代表幼年人口。"",""底部變窄表示幼年人口相對減少。"",""常與出生率偏低相關，選 D。""]","人口金字塔可看年齡結構，不能單獨確定人口變化的所有原因。","[]","","","","","","","","","","","","","","",""
"SOC-0408","社會","原創會考程度練習","","","九年級上","人口與都市","都市人口密度與土地使用","中等","素養題","甲區人口 8 萬、面積 20 平方公里；乙區人口 10 萬、面積 50 平方公里。哪區人口密度較高？","甲區","兩區相同","乙區","資料不足","0","甲區","","甲區密度為 80,000÷20＝4,000 人／平方公里；乙區為 100,000÷50＝2,000，甲區較高，答案 A。","[""分別以人口除以面積。"",""甲區為 4,000；乙區為 2,000 人／平方公里。"",""甲區人口密度較高，選 A。""]","人口總數較多不一定密度較高，必須同時比較土地面積。","[]","","","","","","","","","","","","","","",""
"SOC-0409","社會","原創會考程度練習","","","九年級上","人口與都市","人口分布與自然環境","基礎","素養題","某地平原水源充足、交通便利，人口密度高於陡峭山區。最合理的解釋為何？","山區完全沒有任何居民","平原較利於居住、耕作與交通","平原一定沒有災害","人口分布只由氣候決定","1","平原較利於居住、耕作與交通","","平原地勢較平、水源及交通條件較佳，通常較適合聚落、耕作與建設，答案 B。","[""比較平原與山區的地形及交通條件。"",""平原相對利於建設和往來。"",""因此人口較集中，選 B。""]","人口分布受自然與人文條件共同影響，避免用單一因素解釋全部差異。","[]","","","","","","","","","","","","","","",""
"SOC-0410","社會","原創會考程度練習","","","九年級上","人口與都市","都市擴張與郊區化","基礎","素養題","市中心住宅價格上升後，部分家庭搬到外圍新社區，仍每日通勤至市中心工作。這較接近哪種現象？","人口自然增加","農村人口回流必然","郊區化","人口密度歸零","2","郊區化","","居民由市中心移往外圍居住並通勤至中心，符合郊區化的特徵，答案 C。","[""確認居住地移往城市外圍。"",""工作地仍在市中心，形成跨區通勤。"",""這是郊區化，選 C。""]","郊區化看居住與工作空間向都市外圍擴展，不等於都市人口消失。","[]","","","","","","","","","","","","","","",""
"SOC-0411","社會","原創會考程度練習","","","九年級上","人口與都市","都市熱島","基礎","素養題","同一夜晚，市區比郊區暖；市區柏油與水泥較多、植被較少。較合理的原因為何？","市區植被更多，蒸散作用使夜間溫度較高","郊區建物與不透水鋪面比市區更多","市區建物較少，夜間熱量散失更快","市區人工鋪面白天蓄熱、夜間釋出","3","市區人工鋪面白天蓄熱、夜間釋出","","人工鋪面白天吸熱後夜間釋出，加上植被較少，可能造成都市熱島，答案 D。","[""比較地表材質與植被。"",""柏油和水泥儲熱，夜間逐步釋放。"",""市區因此可能較暖，選 D。""]","都市熱島與蓄熱、植被及人為排熱相關，應依題目資料推論。","[]","","","","","","","","","","","","","","",""
"SOC-0412","社會","原創會考程度練習","","","九年級上","人口與都市","都市交通與土地利用","中等","素養題","新捷運站啟用後，周邊住宅、商店及辦公室增加，許多居民改搭大眾運輸。這顯示交通建設可能如何影響都市？","帶動站區發展並改變通勤方式","使通勤者全部改用私人汽車","使車站周邊商業活動必定消失","讓全市所有道路都不再壅塞","0","帶動站區發展並改變通勤方式","","捷運改善可及性，可能吸引住宅及商業活動集中，也改變通勤選擇，答案 A。","[""觀察捷運站周邊的建設及通勤變化。"",""交通可及性提高會影響區位選擇。"",""站區發展與通勤方式可能改變，選 A。""]","交通建設影響土地利用，但不能據單一案例宣稱所有交通問題消失。","[]","","","","","","","","","","","","","","",""
"SOC-0413","社會","原創會考程度練習","","","九年級上","人口與都市","都市化的公共服務需求","基礎","素養題","一座城市人口快速增加，學齡兒童與通勤人口也明顯增加。政府較需要優先檢視什麼？","停止所有公共服務","學校、交通及公共設施的服務容量","只依土地面積增加農地","將全部預算轉為單一大型道路工程","1","學校、交通及公共設施的服務容量","","人口成長會增加教育、交通及公共設施需求，政府應檢視服務容量，答案 B。","[""從資料找出人口增加及年齡、通勤特徵。"",""不同人口群會增加學校和交通需求。"",""應檢視公共設施量能，選 B。""]","都市計畫要將人口規模、年齡結構與服務需求一起考量。","[]","","","","","","","","","","","","","","",""
"SOC-0414","社會","原創會考程度練習","","","九年級上","人口與都市","人口遷移與勞動力","基礎","素養題","農村青年大量到都市工廠工作，原鄉農業勞動人口減少。短期最直接的影響為何？","農村人口遷出，會使原鄉農業勞動力增加","人口遷移會使全國人口總數同步減少","農村可投入農業的勞動力減少","農村每位農民的產量必定立即增加","2","農村可投入農業的勞動力減少","","青年由農村遷出會減少原鄉可投入農業的勞動力，但不表示全國總人口減少，答案 C。","[""定位人口流動方向：由農村遷往都市。"",""原居地勞動人口因遷出而減少。"",""最直接影響是農業勞力減少，選 C。""]","遷移改變地區人口分布，未必改變全國人口總量。","[]","","","","","","","","","","","","","","",""
"SOC-0415","社會","原創會考程度練習","","","九年級上","人口與都市","都市人口與產業服務","基礎","素養題","科技公司集中在某都市，吸引工程師與相關服務業者遷入。此現象較可能形成什麼？","相關產業及人口可能向其他城市分散","新職缺必定全部由原居居民填補","科技業聚集會使服務業立即退出","產業聚集並帶動就業與人口集中","3","產業聚集並帶動就業與人口集中","","科技產業及相關服務集中會帶來就業機會，吸引人口和其他產業聚集，答案 D。","[""辨認科技公司及相關服務業的空間集中。"",""產業聚集帶來職缺，吸引人才遷入。"",""都市就業與人口集中可能增加，選 D。""]","產業聚集有經濟效益，也可能伴隨房價、交通等都市問題。","[]","","","","","","","","","","","","","","",""
"SOC-0416","社會","原創會考程度練習","","","九年級上","人口與都市","都市問題與規劃","中等","素養題","人口快速移入市中心後，租金上漲、交通壅塞且公共空間不足。最合適的治理方向為何？","整合住宅、交通與公共設施規劃","只擴建道路，暫不檢視住宅與公共空間","只補助租金，其他問題由居民自行處理","限制人口遷入作為唯一措施","0","整合住宅、交通與公共設施規劃","","問題涉及住宅成本、交通與公共空間，需要跨部門整合規劃，而非單一極端措施，答案 A。","[""列出三種相互關聯的都市問題。"",""問題成因涉及土地使用與人口集中。"",""整合住宅、運輸和公共設施較能回應，選 A。""]","都市治理宜依資料辨認問題並協調多種政策工具。","[]","","","","","","","","","","","","","","",""
"SOC-0417","社會","原創會考程度練習","","","九年級上","人口與都市","人口結構與扶養比","中等","素養題","某地工作年齡人口由 70% 降至 58%，幼年及高齡人口占比合計上升。最可能增加哪種壓力？","扶養人口比例上升，但扶養壓力必定不變","工作人口扶養負擔","勞動年齡人口比例必定同步提高","扶養需求只受土地面積影響","1","工作人口扶養負擔","","工作年齡人口占比下降、需扶養人口占比增加，工作人口的扶養負擔可能提高，答案 B。","[""比較工作年齡人口與需扶養人口比例。"",""工作人口占比降低，幼年及高齡人口占比提高。"",""扶養負擔較可能增加，選 B。""]","扶養比是人口結構指標，不能只憑比例推定每個人的實際負擔。","[]","","","","","","","","","","","","","","",""
"SOC-0418","社會","原創會考程度練習","","","九年級上","人口與都市","人口成長與資源規劃","中等","素養題","偏遠地區人口逐年減少，校園班級數下降，但高齡居民就醫距離變長。地方政府應如何運用資料？","全面取消偏遠地區學校與醫療服務","保留舊服務配置，不檢視使用情形與交通時間","調整教育及醫療交通服務配置","只在全縣中心增設大型醫院，不規劃接駁","2","調整教育及醫療交通服務配置","","人口減少同時改變學校規模和高齡者就醫可近性，需要依人口分布調整服務配置，答案 C。","[""找出人口減少帶來的兩項需求變化。"",""學校與醫療交通的服務範圍及需求不同。"",""應依資料調整教育和醫療交通配置，選 C。""]","人口減少不代表公共服務需求消失，需看人口結構及地理可近性。","[]","","","","","","","","","","","","","","",""
"SOC-0419","社會","原創會考程度練習","","","九年級上","人口與都市","人口遷移與都市承載","中等","素養題","一座港口城市因新工業區招工而人口快速增加，但住宅與供水設施未同步擴建。最可能出現哪種規劃問題？","住宅空置率必定上升","供水設施會自動隨人口同步增加","每戶居住人口必定增加","公共服務及住宅供給不足","3","公共服務及住宅供給不足","","人口快速移入而住宅及供水未擴充，可能造成居住與公共服務承載不足，答案 D。","[""比較人口增加速度與設施擴建速度。"",""人口需求先增加，供應未能同步跟上。"",""可能出現住宅及公共服務不足，選 D。""]","都市承載力需同時考慮人口、住宅、水電及交通等設施。","[]","","","","","","","","","","","","","","",""
"SOC-0420","社會","原創會考程度練習","","","九年級上","人口與都市","人口資料的推論限制","中等","素養題","甲市人口由 40 萬升至 45 萬，同期新增住宅 2 萬戶。只根據這些資料，哪項結論最合理？","人口與住宅數都增加，但無法單獨判斷居住品質","每戶必定住同樣人數","房價必定下降","所有新增人口都來自出生","0","人口與住宅數都增加，但無法單獨判斷居住品質","","資料只能確定人口和住宅數增加，未提供戶數、空屋及住宅品質等資訊，不能判定居住品質，答案 A。","[""讀取可直接確認的變化：人口與住宅數上升。"",""缺少家庭規模、空屋及品質資料。"",""因此不能推定每戶或居住品質，選 A。""]","資料判讀要區分直接觀察到的事實與缺少證據的因果推論。","[]","","","","","","","","","","","","","","",""
"SOC-0421","社會","原創會考程度練習","","","九年級上","人口與都市","人口遷移的推力","基礎","素養題","某山村礦場關閉，居民因收入來源消失而搬離。礦場關閉對原居地而言是什麼因素？","拉力","推力","自然增加","人口密度","1","推力","","原居地工作消失促使居民遷出，是人口遷移的推力，答案 B。","[""遷出原因發生在原居地。"",""工作機會消失降低留下的條件。"",""這是推動遷出的推力，選 B。""]","推力是促使居民離開原居地的條件；拉力則是目的地吸引居民前往的條件。","[]","","","","","","","","","","","","","","",""
"SOC-0422","社會","原創會考程度練習","","","九年級上","人口與都市","人口遷移的拉力","基礎","素養題","某科技園區提供較多工程師職缺，吸引外縣市青年遷入。園區工作機會對遷入地而言是什麼？","出生率","推力","拉力","自然減少","2","拉力","","目的地的工作機會吸引人口前往，屬遷入地的拉力，答案 C。","[""判斷因素發生地：科技園區位於目的地。"",""工作機會使青年更願意移入。"",""因此屬拉力，選 C。""]","科技園區的職缺位於遷入目的地，因此是拉力；若發生在離開地才是推力。","[]","","","","","","","","","","","","","","",""
"SOC-0423","社會","原創會考程度練習","","","九年級上","人口與都市","人口自然增加率","基礎","素養題","某地出生率每千人 9 人、死亡率每千人 7 人，人口自然增加率為每千人多少人？","7 人","9 人","16 人","2‰","3","2‰","","人口自然增加率以出生率減死亡率計算，9‰－7‰＝2‰（每千人自然增加 2 人），答案 D。","[""自然增加率＝出生率－死亡率。"",""代入數值：9‰－7‰。"",""結果為 2‰，即每千人自然增加 2 人，選 D。""]","自然增加率用出生率減死亡率，並保留每千人的‰單位，不是直接算人口人數。","[]","","","","","","","","","","","","","","",""
"SOC-0424","社會","原創會考程度練習","","","九年級上","人口與都市","社會增加與遷移","基礎","素養題","某市出生與死亡人數相同，但一年內遷入 8,000 人、遷出 3,000 人。人口變動最可能如何？","因遷移而增加 5,000 人","因自然增加而增加 5,000 人","因遷移而減少 11,000 人","人口完全不變","0","因遷移而增加 5,000 人","","出生與死亡相抵，遷移淨增加為 8,000－3,000＝5,000 人，答案 A。","[""自然增加為零，因出生與死亡相同。"",""社會增加＝遷入－遷出＝8,000－3,000。"",""遷移使人口增加 5,000 人，選 A。""]","總人口變動包含自然增加和社會增加；本題出生死亡相抵，僅剩遷入減遷出。","[]","","","","","","","","","","","","","","",""
"SOC-0425","社會","原創會考程度練習","","","九年級上","人口與都市","人口密度計算","基礎","素養題","乙縣人口 240,000 人、面積 120 平方公里，平均人口密度是多少？","200 人／平方公里","2,000 人／平方公里","20,000 人／平方公里","360 人／平方公里","1","2,000 人／平方公里","","人口密度＝240,000÷120＝2,000 人／平方公里，答案 B。","[""使用人口密度公式：人口除以面積。"",""240,000÷120＝2,000。"",""所以密度為 2,000 人／平方公里，選 B。""]","人口密度要用人口數除以平方公里面積，確認單位不要顛倒。","[]","","","","","","","","","","","","","","",""
"SOC-0426","社會","原創會考程度練習","","","九年級上","人口與都市","人口金字塔與高齡化","基礎","素養題","某地人口金字塔的上部逐年變寬，且平均壽命延長。最可能反映什麼變化？","人口總數必定減少","幼年人口比率必定上升","高齡人口比率提高","出生率必定同步上升","2","高齡人口比率提高","","人口金字塔上部代表較高年齡人口，上部變寬且壽命延長，顯示高齡人口比率提高，答案 C。","[""辨認金字塔上部對應高年齡層。"",""上部變寬表示高齡人口相對增加。"",""因此高齡化加深，選 C。""]","人口金字塔上部變寬可反映高齡人口比重增加，但不能單獨推定總人口或出生率變化。","[]","","","","","","","","","","","","","","",""
"SOC-0427","社會","原創會考程度練習","","","九年級上","人口與都市","少子化與學校規劃","基礎","素養題","某鄉鎮連續多年新生兒減少，國小一年級新生也持續下降。較直接需要檢討什麼？","依全鄉人口總數同比例增加教師，不看學齡人口","維持班級數量，不檢視招生趨勢","優先把學校預算轉給無關的港口建設","學校班級與教育資源配置","3","學校班級與教育資源配置","","新生兒及入學人口下降，學校班級和教育資源配置可能需因應調整，答案 D。","[""新生兒減少會在數年後反映於入學人數。"",""題目已指出國小新生持續下降。"",""應檢討班級與教育資源配置，選 D。""]","人口變化會有時間差；題目已提供入學新生下降，可據此評估班級和教育資源，不必用出生數直接代替學齡人口。","[]","","","","","","","","","","","","","","",""
"SOC-0428","社會","原創會考程度練習","","","九年級上","人口與都市","人口老化與照護","基礎","素養題","偏遠鄉鎮青壯年外移，高齡居民增加且子女不在身邊。最需優先評估哪類服務？","居家照護與就醫接送","只增加市中心醫院床位，不處理往返交通","優先增加幼兒托育與校車服務","將資源全數投入觀光夜間接駁","0","居家照護與就醫接送","","高齡人口增加且家庭照顧人力可能不足，居家照護與就醫接送需求較迫切，答案 A。","[""辨認人口結構：高齡居民增加。"",""青壯年外移可能降低在地照顧人力。"",""應評估照護及就醫接送，選 A。""]","高齡比例與青壯年外移一起出現時，兼顧日常照護和就醫可近性；不要把增加醫院床位當成唯一解方。","[]","","","","","","","","","","","","","","",""
"SOC-0429","社會","原創會考程度練習","","","九年級上","人口與都市","人口分布與地形","基礎","素養題","同一島上，平原沿海人口密集，中央高山人口稀少。最合理的解釋為何？","山區坡地可建設土地較多，因此人口通常更密集","平原較利於交通、建設與聚落發展","沿海一定沒有天然災害","人口只受政治制度影響","1","平原較利於交通、建設與聚落發展","","平原地勢較平緩、交通與建設較便利，通常有利聚落及產業發展，答案 B。","[""比較地形與交通建設條件。"",""平原較易建設道路、住宅及產業。"",""人口因此較集中，選 B。""]","地形會影響交通、建設與聚落，但沿海或平原仍可能面臨天然災害。","[]","","","","","","","","","","","","","","",""
"SOC-0430","社會","原創會考程度練習","","","九年級上","人口與都市","都市化與住宅需求","中等","素養題","都市人口增加速度快於住宅興建速度，其他條件不變時，租屋市場較可能面臨什麼？","住宅供給超過需求，租屋競爭下降","空屋一定增加，因住宅興建追上人口成長","住宅需求壓力增加","家庭數量必定減少","2","住宅需求壓力增加","","人口增加而住宅供給未同步成長，租屋需求可能超過供給，形成住宅需求壓力，答案 C。","[""人口增加使居住需求提高。"",""住宅建設速度較慢，供給未能同步增加。"",""租屋市場面臨需求壓力，選 C。""]","人口成長快於住宅興建表示需求增幅可能超過供給；題目未給租金數據，不可推定確切漲幅。","[]","","","","","","","","","","","","","","",""
"SOC-0431","社會","原創會考程度練習","","","九年級上","人口與都市","都市熱島與綠地","基礎","素養題","都市公園增加樹蔭與透水地面後，夏季附近地表溫度較低。最可能的原因為何？","樹蔭會使地表吸收更多直射輻射","蒸散會把熱量帶回地表","透水地面會阻止熱量在夜間散出","遮蔭與蒸散有助降溫","3","遮蔭與蒸散有助降溫","","樹蔭減少地面直接受熱，植物蒸散也會消耗熱能，有助降低局部溫度，答案 D。","[""樹冠遮蔽減少地表吸收日照。"",""蒸散作用帶走部分熱能。"",""因此附近地表可降溫，選 D。""]","樹冠遮蔭降低地表受熱，蒸散消耗熱能；透水鋪面也有助雨水入滲，不能說它讓日照消失。","[]","","","","","","","","","","","","","","",""
"SOC-0432","社會","原創會考程度練習","","","九年級上","人口與都市","都市交通與通勤","中等","素養題","捷運延伸到原本公車不足的郊區後，居民通勤時間縮短，郊區住宅需求增加。這最能說明交通改善如何影響什麼？","區位可及性與居住選擇","出生率必定提高","地方自治權消失","農地面積必定增加","0","區位可及性與居住選擇","","捷運縮短通勤時間，提高郊區可及性，進而影響居住區位選擇，答案 A。","[""捷運改善的是郊區與工作地之間的交通。"",""通勤時間縮短提升郊區可及性。"",""住宅選擇可能因此改變，選 A。""]","交通可及性會影響居住區位，但題目只支持住宅需求增加，不能推成全體居民搬遷或所有土地轉用。","[]","","","","","","","","","","","","","","",""
"SOC-0433","社會","原創會考程度練習","","","九年級上","人口與都市","都市更新與居住權益","中等","素養題","老舊街區更新後環境改善，但原租戶因租金上漲被迫搬離。規劃者應特別關注什麼？","只比較新建商業面積，不檢視租金負擔","居住負擔與原居民安置","僅以房屋總價衡量更新成效","把原租戶搬遷視為與規劃無關","1","居住負擔與原居民安置","","更新改善環境同時可能推升租金、排擠原居民，需關注居住負擔及安置，答案 B。","[""辨認政策的正面效果與可能副作用。"",""租金上漲使原租戶面臨搬遷壓力。"",""規劃應納入居住負擔和安置，選 B。""]","都市更新的公共利益與原居民居住權益都需評估；租金上升可能產生排擠效應。","[]","","","","","","","","","","","","","","",""
"SOC-0434","社會","原創會考程度練習","","","九年級上","人口與都市","鄉村人口減少與服務可近性","基礎","素養題","山區人口減少後，唯一診所每週只開兩天，居民就醫需長途往返。地方政府最應先處理什麼？","只增加市中心診所，不評估山區居民往返距離","把醫療服務集中在市中心，未規劃交通接駁","醫療服務可近性","以觀光接駁取代居民就醫交通","2","醫療服務可近性","","居民面臨診療時段少且距離遠的問題，核心是醫療服務可近性不足，答案 C。","[""找出就醫障礙：診所服務有限、往返距離長。"",""人口減少不代表醫療需求消失。"",""應改善醫療可近性，選 C。""]","可近性不只看診所是否存在，也看服務時段、交通時間及居民能否實際到達。","[]","","","","","","","","","","","","","","",""
"SOC-0435","社會","原創會考程度練習","","","九年級上","人口與都市","城鄉人口流動與農業","中等","素養題","農村青年外移，農場改用機械並聘用季節移工維持採收。這反映農村如何因應勞動力變化？","農地面積必定因青年外移而增加","以增加人工採收人數作為唯一調整方式","停止種植所有需採收的作物","以機械化及外來勞力補充人力","3","以機械化及外來勞力補充人力","","農村青年外移造成勞力不足，機械及季節移工可補足部分生產人力，答案 D。","[""青年外移使農業勞力減少。"",""農場採用機械並聘用季節移工。"",""這是以技術和勞動移入因應人力缺口，選 D。""]","機械化和季節移工是不同的人力因應方式；題目描述兩者並用，不代表農村勞動問題完全消失。","[]","","","","","","","","","","","","","","",""
"SOC-0436","社會","原創會考程度練習","","","九年級上","人口與都市","人口資料與因果推論","中等","素養題","某市新建捷運後人口增加，但同時新增工業園區與大學。只憑人口變化，研究者能否確定捷運是唯一原因？","不能，其他同時變化因素也可能影響遷入","能，因人口資料不會受工作影響","能，時間先後即可證明唯一因果","不能，因人口數字完全無法使用","0","不能，其他同時變化因素也可能影響遷入","","捷運、工業園區和大學同時變動，都可能吸引人口，資料不足以判定捷運是唯一原因，答案 A。","[""列出同期變化：捷運、工業園區與大學。"",""多種因素均可能影響人口遷入。"",""需更多證據區分因果，選 A。""]","多項因素同時發生時，時間上的先後不足以證明單一因果；需比較其他可能解釋。","[]","","","","","","","","","","","","","","",""
"SOC-0437","社會","原創會考程度練習","","","九年級上","人口與都市","人口成長與都市承載","基礎","素養題","城市人口快速增加，但供水管線與污水處理容量未擴建。最可能的公共治理風險為何？","人口成長會自動提高既有管線容量","基礎設施供應不足","容量不變仍必定足以服務新增人口","污水處理需求與人口規模無關","1","基礎設施供應不足","","人口成長增加用水及污水處理需求，設施容量未同步擴充可能不足，答案 B。","[""人口增加會提高公共設施需求。"",""供水及污水處理容量維持原狀。"",""可能出現基礎設施供應不足，選 B。""]","把人口需求增長和設施容量變化分開比較；容量未擴張不等於立刻故障，但有供應不足風險。","[]","","","","","","","","","","","","","","",""
"SOC-0438","社會","原創會考程度練習","","","九年級上","人口與都市","都市空間擴張","基礎","素養題","市區房價上升，居民逐漸搬往外圍新市鎮，外圍農地轉作住宅與商業用地。這較可能造成什麼？","外圍農地保留比例必定提高","市中心住宅需求必定下降","都市外擴及土地使用改變","都市邊界因人口外移而必定向內收縮","2","都市外擴及土地使用改變","","人口及建設向外圍移動，農地轉作住宅商業用地，反映都市外擴及土地使用改變，答案 C。","[""觀察居民向外圍移居。"",""外圍農地轉為建成區使用。"",""這是都市外擴，選 C。""]","居民向外圍移動且農地轉為建成區，是都市外擴的證據；不代表所有市中心需求都下降。","[]","","","","","","","","","","","","","","",""
"SOC-0439","社會","原創會考程度練習","","","九年級上","人口與都市","人口老化與勞動市場","中等","素養題","高齡人口占比提高、工作年齡人口占比下降，長期可能使哪些政策需求增加？","只延後退休年齡，不處理高齡照護需求","只增加長照服務，不評估勞動力缺口","只限制高齡人口使用公共服務","高齡照護與勞動力補充","3","高齡照護與勞動力補充","","高齡人口比率增加會提高照護需求，工作年齡人口減少也使勞動力補充成為議題，答案 D。","[""分別看高齡人口與工作年齡人口變化。"",""前者增加照護需求，後者可能造成勞動供給壓力。"",""相關政策需兼顧照護與勞動力，選 D。""]","人口老化會同時帶來照護需求與勞動供給議題；單一政策措施未必能回應兩者。","[]","","","","","","","","","","","","","","",""
"SOC-0440","社會","原創會考程度練習","","","九年級上","人口與都市","人口資料判讀限制","中等","素養題","甲市人口由 30 萬增至 33 萬，但沒有出生、死亡與遷移資料。能確定人口增加的來源嗎？","不能，缺少自然增減與遷移分項","能，必定全部來自出生","能，必定全部來自外國移民","能，必定沒有居民遷出","0","不能，缺少自然增減與遷移分項","","總人口變化可能來自出生死亡的自然增減及遷入遷出，缺少分項資料不能判定來源，答案 A。","[""人口總量增加是已知結果。"",""缺少出生、死亡及遷移的分項數據。"",""因此不能確定增加來源，選 A。""]","總人口變化可能來自自然增加和社會增加；沒有出生、死亡及遷移分項就不能認定來源。","[]","","","","","","","","","","","","","","",""
"SOC-0441","社會","原創會考程度練習","","","九年級上","人口與都市","扶養比判讀","基礎","素養題","某地每 100 位工作年齡人口需扶養 30 位幼年人口與 20 位高齡人口。其扶養比為何？","20%","50%","30%","150%","1","50%","","扶養比＝需扶養人口÷工作年齡人口×100%＝(30+20)÷100×100%＝50%，表示每 100 位工作年齡人口對應 50 位需扶養人口，答案 B。","[""將幼年與高齡人口相加：30+20＝50。"",""以 100 位工作年齡人口為基準。"",""扶養比為 50%，即每 100 位工作年齡人口對應 50 位需扶養人口，選 B。""]","扶養比的分母是工作年齡人口；本題幼年與高齡人口先相加，再換算每百位工作人口對應人數。","[]","","","","","","","","","","","","","","",""
"SOC-0442","社會","原創會考程度練習","","","九年級上","人口與都市","人口組成比計算","基礎","素養題","某市總人口 200,000 人，其中 65 歲以上 40,000 人。高齡人口占比是多少？","40%","4%","20%","50%","2","20%","","高齡人口占比＝40,000÷200,000×100%＝20%，答案 C。","[""以高齡人口數除以總人口數。"",""40,000÷200,000＝0.2。"",""換算為百分比是 20%，選 C。""]","高齡人口占比以總人口為分母；40,000 是 200,000 的五分之一，也就是 20%。","[]","","","","","","","","","","","","","","",""
"SOC-0443","社會","原創會考程度練習","","","九年級上","人口與都市","人口變動的淨遷移","基礎","素養題","某鎮一年遷入 4,500 人、遷出 5,200 人。該年淨遷移人口為何？","增加 700 人","減少 4,500 人","增加 9,700 人","減少 700 人","3","減少 700 人","","淨遷移＝遷入－遷出＝4,500－5,200＝－700，表示減少 700 人，答案 D。","[""用遷入人數減去遷出人數。"",""4,500－5,200＝－700。"",""負值表示淨遷出 700 人，選 D。""]","淨遷移用遷入減遷出；負值表示遷出較多，不能把兩個數字相加。","[]","","","","","","","","","","","","","","",""
"SOC-0444","社會","原創會考程度練習","","","九年級上","人口與都市","年齡結構與勞動力","基礎","素養題","某縣 15 至 64 歲人口占比下降，65 歲以上人口占比上升。若其他條件不變，當地可能面臨什麼？","勞動人口占比下降與照護需求增加","出生率必定同步提高","人均所得必定下降","都市人口密度必定下降","0","勞動人口占比下降與照護需求增加","","工作年齡人口占比降低且高齡人口提高，可能使勞動供給比重下降、照護需求增加，答案 A。","[""15 至 64 歲通常作為工作年齡人口。"",""該比例下降、高齡人口比例上升。"",""可能帶來勞動力及照護政策需求，選 A。""]","人口年齡結構可以提示勞動力和照護需求，但不能單獨確定所得、交通或其他人口指標。","[]","","","","","","","","","","","","","","",""
"SOC-0445","社會","原創會考程度練習","","","九年級上","人口與都市","出生與死亡對人口的影響","基礎","素養題","某地出生 500 人、死亡 700 人，期間沒有遷入或遷出。人口自然變動為何？","增加 200 人","減少 200 人","增加 1,200 人","完全不變","1","減少 200 人","","自然變動＝出生－死亡＝500－700＝－200，人口自然減少 200 人，答案 B。","[""沒有遷移，因此只算自然變動。"",""出生減死亡：500－700＝－200。"",""負值代表自然減少 200 人，選 B。""]","自然變動只計出生減死亡；題目明示沒有遷移，無須把遷入遷出加入。","[]","","","","","","","","","","","","","","",""
"SOC-0446","社會","原創會考程度練習","","","九年級上","人口與都市","人口老化與年齡中位數","基礎","素養題","某地人口年齡中位數由 36 歲升到 43 歲。最合理的解讀為何？","出生人口必定增加","每位居民都增加 7 歲","人口年齡結構整體趨向高齡","總人口必定增加","2","人口年齡結構整體趨向高齡","","年齡中位數提高表示人口排序中間位置的年齡上升，反映整體年齡結構趨向高齡，答案 C。","[""中位數是人口按年齡排序後的中間值。"",""36 歲升至 43 歲代表中間年齡變大。"",""可推論人口結構高齡化，不能推論總量或個人變化，選 C。""]","年齡中位數是排序後的中間值，不表示每個居民都變老同樣年數，也不直接代表總人口增加。","[]","","","","","","","","","","","","","","",""
"SOC-0447","社會","原創會考程度練習","","","九年級上","人口與都市","人口金字塔與出生趨勢","基礎","素養題","某地人口金字塔底部連續縮窄，而中高年齡層相對較寬。這種形狀通常代表什麼？","出生率極高且人口年輕","人口只由遷入構成","所有年齡層人口相等","出生人口較少且人口老化","3","出生人口較少且人口老化","","底部較窄反映幼年人口較少，中高年齡層較寬常見於少子化與人口老化，答案 D。","[""底部代表幼年人口，寬度縮小表示幼年人口相對較少。"",""中高年齡層相對較寬。"",""常見於少子化及人口老化，選 D。""]","金字塔底部代表幼年人口；形狀支持出生人口較少及高齡化的判斷，但不能單獨證明人口來源。","[]","","","","","","","","","","","","","","",""
"SOC-0448","社會","原創會考程度練習","","","九年級上","人口與都市","人口統計分母判讀","中等","素養題","某區高齡人口由 1 萬增至 1.2 萬，總人口由 10 萬增至 15 萬。高齡人口占比如何變化？","由 10% 降至 8%","由 8% 升至 10%","維持 10%","資料不足以計算","0","由 10% 降至 8%","","原占比為 10,000÷100,000＝10%；新占比為 12,000÷150,000＝8%，比例下降，答案 A。","[""先算原占比：10,000÷100,000＝10%。"",""再算新占比：12,000÷150,000＝8%。"",""雖然高齡人數增加，占比卻由 10% 降至 8%，選 A。""]","人數增加不代表占比增加；兩次都須用各自的高齡人口除以當期總人口。","[]","","","","","","","","","","","","","","",""
"SOC-0449","社會","原創會考程度練習","","","九年級上","人口與都市","人口成長率","基礎","素養題","某市人口一年由 50 萬增至 51 萬，人口成長率約為多少？","0.2%","2%","5%","20%","1","2%","","成長率＝人口增加量÷原人口＝10,000÷500,000＝0.02，即 2%，答案 B。","[""人口增加量為 51萬－50萬＝1萬。"",""以原人口 50 萬作分母：1萬÷50萬＝0.02。"",""換算為 2%，選 B。""]","人口成長率以期初人口為分母；先算增加量，再除以 50 萬，最後換成百分比。","[]","","","","","","","","","","","","","","",""
"SOC-0450","社會","原創會考程度練習","","","九年級上","人口與都市","人口密度與分區","中等","素養題","甲區 12 萬人居住於 30 平方公里；乙區 18 萬人居住於 60 平方公里。哪區人口密度較高？","兩區相同","乙區","甲區","不能比較","2","甲區","","甲區密度 120,000÷30＝4,000；乙區 180,000÷60＝3,000 人／平方公里，甲較高，答案 C。","[""分別計算人口除以面積。"",""甲為 4,000，乙為 3,000 人／平方公里。"",""甲區密度較高，選 C。""]","人口密度須同時比較人口和面積；總人口較多的乙區，未必密度更高。","[]","","","","","","","","","","","","","","",""
"SOC-0451","社會","原創會考程度練習","","","九年級上","人口與都市","人口集中與公共運輸","中等","素養題","工作機會集中在市中心，周邊住宅區人口白天大量通勤進城。市府最需要蒐集哪項資料規劃運輸？","各區年度戶籍人口總數","假日觀光客的景點停留時間","住宅區各類房屋的平均坪數","尖峰時段的通勤流量與方向","3","尖峰時段的通勤流量與方向","","運輸規劃要掌握通勤人數、方向及尖峰時段，才能配置班次與路線，答案 D。","[""題幹指出人口每日由住宅區進入市中心。"",""交通需求有方向及時間差異。"",""應蒐集尖峰通勤流量與方向，選 D。""]","規劃尖峰運輸要知道人從哪裡往哪裡移動、何時出發；年度人口總數不能替代旅次起訖資料。","[]","","","","","","","","","","","","","","",""
"SOC-0452","社會","原創會考程度練習","","","九年級上","人口與都市","都市土地使用衝突","基礎","素養題","住宅區旁新增大型物流倉庫後，夜間貨車噪音與交通增加。都市規劃最應考慮什麼？","土地使用分區與居民生活影響","只增加倉庫營運時段，不檢視分區及居民影響","只擴建周邊道路，不評估夜間噪音","只補助住宅隔音，不檢查土地使用相容性","0","土地使用分區與居民生活影響","","物流倉庫帶來夜間噪音及交通，需檢視土地使用相容性與居民生活影響，答案 A。","[""辨認設施功能與周邊住宅用途。"",""夜間貨車造成噪音與交通外部影響。"",""規劃要考量分區和居民生活，選 A。""]","物流設施屬土地使用活動；規劃時要兼顧分區相容性和居民承受的噪音、交通影響。","[]","","","","","","","","","","","","","","",""
"SOC-0453","社會","原創會考程度練習","","","九年級上","人口與都市","都市熱島與能源","基礎","素養題","夏季熱浪期間，市中心夜間持續偏熱，冷氣用電也增加。增加街道樹蔭最可能有何效果？","只要增加樹蔭就能消除整個區域熱浪","降低日照吸熱並改善局部熱環境","樹蔭會使地表吸收更多直射輻射","街道樹木能使所有路面溫度完全相同","1","降低日照吸熱並改善局部熱環境","","樹蔭減少地面直接受日照，可降低局部蓄熱，但無法消除整體熱浪成因，答案 B。","[""樹冠遮擋部分太陽輻射。"",""地表吸收熱量可能減少，局部較舒適。"",""這是改善局部熱環境，不是消除熱浪，選 B。""]","樹蔭能降低局部日照受熱，但不能取代大尺度氣候因素，也不代表所有路面溫度相同。","[]","","","","","","","","","","","","","","",""
"SOC-0454","社會","原創會考程度練習","","","九年級上","人口與都市","都市洪水與透水面","基礎","素養題","都市大量鋪設不透水地面後，暴雨時雨水較難滲入土壤。最可能增加哪種風險？","地下水入滲補注可能減少","所有雨水會立即蒸發，不形成逕流","地表逕流與積淹水","暴雨時排水需求完全不變","2","地表逕流與積淹水","","不透水地面減少入滲，使較多雨水迅速流入排水系統或地表，增加逕流及積淹水風險，答案 C。","[""比較透水地面與柏油等不透水地面的入滲能力。"",""入滲減少後，地表流動的雨水增加。"",""暴雨時積淹水風險可能提高，選 C。""]","不透水鋪面降低入滲，常增加快速逕流；風險會受降雨強度及排水能力影響，不是必然淹水。","[]","","","","","","","","","","","","","","",""
"SOC-0455","社會","原創會考程度練習","","","九年級上","人口與都市","郊區化與通勤","基礎","素養題","家庭遷往郊區居住，但工作、購物仍集中在市中心，每日開車往返。較可能增加什麼？","市中心的工作及購物地點必定隨居民外移","跨區通勤需求完全消失","道路交通需求會因居住外移而必定下降","跨區通勤及道路交通需求","3","跨區通勤及道路交通需求","","居住地外移而活動仍集中市中心，會增加跨區通勤及道路交通需求，答案 D。","[""居住地在郊區，工作及購物地點在中心。"",""日常活動需跨區移動。"",""道路通勤需求較可能增加，選 D。""]","居住地與工作地分離會增加跨區移動；郊區化不表示市中心的工作或購物活動消失。","[]","","","","","","","","","","","","","","",""
"SOC-0456","社會","原創會考程度練習","","","九年級上","人口與都市","都市更新與社會影響","中等","素養題","老舊社區更新改善公共設施，但租金上升使部分低收入居民搬離。評估更新成效時應同時看什麼？","設施改善與居民安置、居住負擔","只統計搬遷戶數，不檢查改善後服務能否使用","只比較更新前後的建物樓層數","只調查房屋成交價格，不看租戶變化","0","設施改善與居民安置、居住負擔","","更新除了硬體改善，也可能造成租金上漲與居民搬遷，應一併評估居住負擔與安置，答案 A。","[""先確認更新帶來設施改善。"",""再辨認租金上升對原居民的影響。"",""完整評估需同看建設與居住權益，選 A。""]","更新成效不只看硬體；需追蹤租金變化、原居民安置及低收入戶能否留在社區。","[]","","","","","","","","","","","","","","",""
"SOC-0457","社會","原創會考程度練習","","","九年級上","人口與都市","都市中心與商業區位","基礎","素養題","大型車站周邊人流增加，便利商店和餐飲店陸續進駐。最合理的區位解釋為何？","店家只會因住宅租金低而集中車站旁","接近顧客與交通節點可增加可及性","商業店址與顧客人流無關","交通節點必定使所有店家獲利相同","1","接近顧客與交通節點可增加可及性","","車站聚集人流並提供交通可及性，商店靠近顧客與交通節點較容易服務消費者，答案 B。","[""觀察店家集中位置：大型車站周邊。"",""車站帶來人流及交通便利。"",""靠近顧客有利商業經營，選 B。""]","車站附近的人流和交通可及性是商業區位因素，但不保證每家店都獲利相同。","[]","","","","","","","","","","","","","","",""
"SOC-0458","社會","原創會考程度練習","","","九年級上","人口與都市","城鄉差距與公共服務","基礎","素養題","偏遠村落居民到最近醫院需兩小時，市區居民則可在半小時內抵達。此差異最直接反映什麼問題？","各地醫療品質必定一樣","人口出生率完全相同","醫療服務可近性不均","地區人口密度無法比較","2","醫療服務可近性不均","","就醫時間差異顯示居民取得醫療服務的便利程度不均，答案 C。","[""比較偏遠與市區的就醫時間。"",""相同服務在空間上的可及性不同。"",""這是醫療服務可近性不均，選 C。""]","可近性看取得服務的時間與便利程度；距離或交通差異不直接證明醫療品質不同。","[]","","","","","","","","","","","","","","",""
"SOC-0459","社會","原創會考程度練習","","","九年級上","人口與都市","人口移入與地方財政","中等","素養題","新工業區吸引大量人口移入，地方稅收增加，但學校與排水系統也更快達到負荷。政府應如何規劃？","只將新增稅收留存，不納入學校與排水計畫","把人口移入視為只有財政收益、沒有服務成本","在尚未評估需求前就凍結所有公共設施支出","同步評估財源與公共設施需求","3","同步評估財源與公共設施需求","","人口移入可能增加財源，也同步提高學校及排水等設施需求，應整體評估收入與支出，答案 D。","[""列出遷入帶來的財政收益與服務需求。"",""稅收增加不代表既有設施足以承載。"",""需同步規劃財源及公共設施，選 D。""]","新增人口可能同時擴大稅基和公共服務需求，財政規劃要把收入與資本、維運支出一起估算。","[]","","","","","","","","","","","","","","",""
"SOC-0460","社會","原創會考程度練習","","","九年級上","人口與都市","人口結構與住宅需求","中等","素養題","某都會區單人及雙人家庭比例增加，總人口變化不大。住宅規劃較應注意什麼？","小型住宅及生活服務需求可能改變","家庭數和住宅需求必定同步下降","所有家庭都需要相同坪數的住宅","家庭組成改變不會影響居住服務需求","0","小型住宅及生活服務需求可能改變","","家庭規模縮小，即使總人口穩定，住宅型態與生活服務需求也可能改變，答案 A。","[""總人口穩定不代表家庭組成不變。"",""單人及雙人家庭增加會影響居住空間偏好。"",""規劃需關注小型住宅與相關服務，選 A。""]","總人口穩定不表示家庭戶數或規模不變；住宅型態需求還要看家庭組成與可負擔性。","[]","","","","","","","","","","","","","","",""
"SOC-0461","社會","原創會考程度練習","","","九年級上","人口與都市","人口自然增加與遷移","中等","素養題","某市一年出生 1,500 人、死亡 1,100 人，另有遷入 900 人、遷出 1,300 人。總人口變化為何？","增加 800 人","人口無變動","減少 400 人","增加 400 人","1","人口無變動","","自然增加 1,500－1,100＝400 人；淨遷移 900－1,300＝－400 人，合計變化為 0，答案 B。","[""先算自然變動：出生減死亡為 400 人。"",""再算淨遷移：遷入減遷出為－400 人。"",""兩者相加為 0，選 B。""]","總人口變動＝出生－死亡＋遷入－遷出；自然增加和淨遷移可正負抵銷。","[]","","","","","","","","","","","","","","",""
"SOC-0462","社會","原創會考程度練習","","","九年級上","地理","比例尺與實際距離換算","基礎","素養題","某地圖比例尺 1：25,000，圖上兩聚落相距 8 公分，實際距離為多少公里？","20 公里","0.2 公里","2 公里","200 公里","2","2 公里","","實距＝8×25,000＝200,000 公分＝2,000 公尺＝2 公里，答案 C。","[""圖上 1 公分代表實地 25,000 公分。"",""8 公分代表 200,000 公分。"",""換算為 2 公里，選 C。""]","比例尺先把圖上距離換成同單位實距，再將公分換算為公尺或公里。","[]","","","","","","","","","","","","","","",""
"SOC-0463","社會","原創會考程度練習","","","九年級上","人口與都市","人口遷移推拉因素","基礎","素養題","乾旱使某農村連續歉收，部分居民搬到有穩定工作機會的城市。乾旱對農村居民屬於哪種因素？","人口密度","拉力","人口自然增加","推力","3","推力","","原居地乾旱與歉收促使居民離開，屬人口遷出的推力，答案 D。","[""遷出原因發生在原居地。"",""農業生計受損使留在當地的條件變差。"",""因此乾旱是推力，選 D。""]","推力來自促使人口離開原居地的條件；城市的工作機會則是另一個目的地拉力。","[]","","","","","","","","","","","","","","",""
"SOC-0464","社會","原創會考程度練習","","","九年級上","人口與都市","人口密度計算","基礎","素養題","某縣人口 360,000 人，人口密度為每平方公里 2,000 人，該縣面積是多少平方公里？","180 平方公里","720 平方公里","1,800 平方公里","7,200 平方公里","0","180 平方公里","","人口密度＝人口÷面積，因此面積＝人口÷人口密度＝360,000÷2,000＝180 平方公里，答案 A。","[""先寫出人口密度公式：人口密度＝人口÷面積。"",""要求面積時移項：面積＝人口÷人口密度。"",""360,000÷2,000＝180，該縣面積為 180 平方公里，選 A。""]","反求面積時用人口除以人口密度；不要把人口密度乘人口。","[]","","","","","","","","","","","","","","",""
"SOC-0465","社會","原創會考程度練習","","","九年級上","人口與都市","人口年齡結構","基礎","素養題","某地 0 至 14 歲人口占比由 22% 降至 14%，65 歲以上占比由 12% 升至 20%。最合理的判斷是什麼？","幼年人口占比提高","人口結構呈現少子化與高齡化","所有年齡層比例不變","總人口必定倍增","1","人口結構呈現少子化與高齡化","","幼年人口占比下降、高齡人口占比上升，顯示少子化與高齡化趨勢，答案 B。","[""比較幼年人口比例：22% 降至 14%。"",""比較高齡人口比例：12% 升至 20%。"",""兩者共同反映少子化及高齡化，選 B。""]","分別比較幼年與高齡人口占比；人口比例變化不等於總人口必定增加或減少。","[]","","","","","","","","","","","","","","",""
"SOC-0466","社會","原創會考程度練習","","","九年級上","人口與都市","都市化率計算","基礎","素養題","某國總人口 800 萬，其中 600 萬住在都市。都市化率是多少？","60%","25%","75%","80%","2","75%","","都市化率＝都市人口÷總人口×100%＝600÷800×100%＝75%，答案 C。","[""確認分子是都市人口，分母是總人口。"",""600 萬÷800 萬＝0.75。"",""換算為 75%，選 C。""]","都市化率以都市人口除以總人口；兩個數值單位相同，可直接相除。","[]","","","","","","","","","","","","","","",""
"SOC-0467","社會","原創會考程度練習","","","九年級上","人口與都市","人口成長率","基礎","素養題","某鎮人口由 8 萬增為 8.4 萬，人口增加率為多少？","4%","10%","0.5%","5%","3","5%","","增加 4,000÷原人口 80,000＝0.05，即 5%，答案 D。","[""先算增加量：84,000－80,000＝4,000。"",""以原人口為分母：4,000÷80,000＝0.05。"",""增加率是 5%，選 D。""]","成長率的分母使用原人口 8 萬，而非增加後的 8.4 萬。","[]","","","","","","","","","","","","","","",""
"SOC-0468","社會","原創會考程度練習","","","九年級上","人口與都市","人口金字塔判讀","基礎","素養題","一地人口金字塔呈現底部狹窄、中段較寬、頂端逐漸變寬。較合理的推論為何？","出生人口較少且人口逐漸老化","每個年齡層人數相同","出生率極高且人口非常年輕","該地完全沒有遷移","0","出生人口較少且人口逐漸老化","","底部狹窄表示幼年人口占比較小，頂端變寬反映高齡人口比重較高；形狀與少子化、人口老化趨勢相符，但無法單獨確認成因，答案 A。","[""金字塔底部代表幼年人口。"",""中段較寬、頂端變寬表示人口年齡偏高。"",""形狀與少子化及老化趨勢相符，但若要確認成因仍需生育及遷移資料，選 A。""]","人口金字塔呈現年齡結構，不單獨說明其成因；人口遷移也可能改變不同年齡層比例。","[]","","","","","","","","","","","","","","",""
"SOC-0469","社會","原創會考程度練習","","","九年級上","人口與都市","人口遷移與都市服務","中等","素養題","某衛星城每日有 6 萬居民搭車到核心城市上班，晚上再返回。交通規劃最應掌握什麼？","全市居民總數，不分通勤方向與時段","通勤方向與尖峰時段流量","自用車與大眾運輸比例，不分尖峰時段","居民年齡結構與家庭人數","1","通勤方向與尖峰時段流量","","通勤運輸需依居民流動方向及尖峰時間安排路線與班次，答案 B。","[""資料指出大量居民往返核心城市。"",""通勤有明確方向及早晚尖峰。"",""規劃需掌握流量和時段，選 B。""]","設計通勤路線與班次要掌握起訖方向和尖峰流量；全市總人口無法取代旅次資料。","[]","","","","","","","","","","","","","","",""
"SOC-0470","社會","原創會考程度練習","","","九年級上","人口與都市","人口老化與照護","中等","素養題","某山區村落高齡者增加，公車班次又減少，居民至診所需步行一小時。最直接需要改善什麼？","維持既有班次，只增加市區商場","把診療時段集中在市區尖峰，不改善往返交通","醫療交通可近性","只增設村落停車場，不評估就醫旅次","2","醫療交通可近性","","高齡者就醫距離與交通班次造成服務障礙，需改善醫療交通可近性，答案 C。","[""確認服務需求：高齡居民就醫。"",""公車減班且步行距離長，形成交通障礙。"",""應改善醫療交通可近性，選 C。""]","偏遠高齡者就醫須同時考量診療地點、班次、接駁時間與步行距離，不只增加設施數量。","[]","","","","","","","","","","","","","","",""
"SOC-0471","社會","原創會考程度練習","","","九年級上","人口與都市","郊區化與土地利用","基礎","素養題","都市家庭搬到外圍住宅區後，原有農田逐漸改建為住宅與商場。這反映何種空間變化？","都市化完全逆轉","農業用地增加","人口自然減少","都市外擴與土地使用轉變","3","都市外擴與土地使用轉變","","人口居住與建設向外圍擴展，農地改為住宅與商業用途，屬都市外擴及土地使用轉變，答案 D。","[""找出居民移居方向：由中心往外圍。"",""外圍農地轉為建成區用途。"",""這是都市外擴，選 D。""]","居民向外圍移動且農地轉為建成區，支持都市外擴判斷；不代表都市化完全逆轉。","[]","","","","","","","","","","","","","","",""
"SOC-0472","社會","原創會考程度練習","","","九年級上","人口與都市","人口資料與因果","中等","素養題","某市人口增加期間，同時設立大學、科技園區並開通鐵路。僅憑人口增加能否證明鐵路是唯一原因？","不能，其他因素也可能吸引人口","能，只要人口增加發生在鐵路開通之後","能，因為人口變化不受就業和升學影響","不能，因為人口資料完全沒有用途","0","不能，其他因素也可能吸引人口","","大學、科技園區及鐵路都可能影響人口遷入，單一總量資料不足以確認唯一因果，答案 A。","[""列出同期變化的三項因素。"",""每項都可能影響居住與就業選擇。"",""需更多證據區辨因果，選 A。""]","先後發生不等於唯一因果；大學、園區和鐵路同時變化時，要尋找能區分各因素的證據。","[]","","","","","","","","","","","","","","",""
"SOC-0473","社會","原創會考程度練習","","","九年級上","人口與都市","都市人口與住宅供給","中等","素養題","某市 5 年增加 4 萬人口，期間只新增 1 萬戶住宅。此資料最能提醒規劃者注意什麼？","人口必定全部住進空屋","住宅需求與供給是否失衡","新住宅全是閒置","家庭規模一定擴大","1","住宅需求與供給是否失衡","","人口增量和住宅戶數不是可直接相減的同一單位。規劃者應進一步檢視家庭規模、空屋、區位及可負擔性，判斷供需是否失衡；僅憑本題數字不能斷定短缺，答案 B。","[""記錄人口增加 4 萬人及新增住宅 1 萬戶，注意兩者單位不同。"",""還需要家庭規模、空屋及住宅區位等資料，才能估算實際需求。"",""應進一步評估供需是否失衡，而非直接宣稱短缺，選 B。""]","人口人數和住宅戶數不能直接作等量比較；需補家庭規模、空屋、區位及可負擔性資料。","[]","","","","","","","","","","","","","","",""
"SOC-0474","社會","原創會考程度練習","","","九年級上","人口與都市","都市熱島與地表材質","基礎","素養題","市中心公園草地改鋪深色柏油後，夏日下午地表溫度上升。最合理的解釋為何？","深色柏油反射多數日照，吸收熱量很少","草地及植被原本不會吸收日照","柏油吸收並儲存較多熱量","地表材質不會影響熱量吸收與儲存","2","柏油吸收並儲存較多熱量","","深色柏油較易吸收並儲存熱量，草地及植被減少也降低蒸散降溫，答案 C。","[""比較改建前後地表材質。"",""深色柏油吸熱蓄熱能力較強。"",""地表溫度因此可能上升，選 C。""]","比較地表反照與蓄熱特性；植被減少也會降低蒸散，但局部升溫不代表整個區域氣候改變。","[]","","","","","","","","","","","","","","",""
"SOC-0475","社會","原創會考程度練習","","","九年級上","人口與都市","人口遷移與農村產業","中等","素養題","農村青年外移後，農場改以機械收割並發展觀光體驗，主要是在回應什麼？","農產品需求增加，因此農場擴大耕作面積","觀光活動增加，使農業完全退出地方經濟","都市化使所有農地都轉為住宅用地","勞動力減少與產業轉型","3","勞動力減少與產業轉型","","青年外移減少農業勞力，機械化及觀光體驗代表因應缺工並調整產業型態，答案 D。","[""人口流動使農村勞動力減少。"",""機械化降低部分人力需求，觀光拓展收入來源。"",""這是回應缺工及產業轉型，選 D。""]","機械可替代部分人工作業，觀光則可能增加收入來源；兩者都不代表農業生產自動停止。","[]","","","","","","","","","","","","","","",""
"SOC-0476","社會","原創會考程度練習","","","九年級上","人口與都市","都市計畫與洪水風險","基礎","素養題","新市鎮大量鋪設不透水道路，暴雨時排水系統經常超載。增加滯洪池最直接作用為何？","暫存雨水、延緩逕流進入排水系統","取代所有排水設施並永久消除淹水","使不透水地面停止形成逕流","讓暴雨期間降雨量減少","0","暫存雨水、延緩逕流進入排水系統","","滯洪池暫時儲存暴雨逕流並延後排放，可降低短時間排水系統負荷，答案 A。","[""不透水地面使雨水快速形成逕流。"",""滯洪池可暫存部分雨水。"",""延緩排放能減輕排水負荷，選 A。""]","滯洪池透過暫存和延遲排放減輕尖峰流量，不是消除降雨或取代整套排水系統。","[]","","","","","","","","","","","","","","",""
"SOC-0477","社會","原創會考程度練習","","","九年級上","人口與都市","都市中心土地利用","基礎","素養題","金融機構、辦公室與大型商場集中在交通轉運站附近，較合理的區位因素為何？","店址必須遠離人流和交通節點","交通可及性與人流集中","車站周邊地價必定是全市最低","交通節點能保證每家店獲利相同","1","交通可及性與人流集中","","轉運站帶來交通便利及人流，能接近顧客與勞工，是商業服務集中的區位因素，答案 B。","[""辨認共同位置：交通轉運站周邊。"",""此處交通可及性高且人流集中。"",""有利商業及辦公活動，選 B。""]","車站可帶來人流與可及性；但高人流不保證租金低，也不保證所有商家獲利。","[]","","","","","","","","","","","","","","",""
"SOC-0478","社會","原創會考程度練習","","","九年級上","人口與都市","城鄉公共服務差距","基礎","素養題","偏遠地區網路速度低，學生難以參加線上課程；市區網路普及。這反映何種差距？","城鄉醫療服務可近性差異","城鄉公共運輸服務差異","數位可近性差異","城鄉收入差距","2","數位可近性差異","","網路服務取得與品質差異影響教育資源使用，反映數位可近性不均，答案 C。","[""比較偏遠及市區的網路服務條件。"",""網路品質影響學生參與線上學習。"",""這是數位可近性差異，選 C。""]","題目證據直接指向網路品質與線上學習；醫療、交通或收入差距屬不同面向，不能混稱。","[]","","","","","","","","","","","","","","",""
"SOC-0479","社會","原創會考程度練習","","","九年級上","人口與都市","都市發展與環境承載","中等","素養題","工業區人口與工廠增加，但污水處理量能未提升，河川水質逐年惡化。最應優先檢討什麼？","只追蹤河川水質，不檢視污水處理容量","只檢查工廠排放，不估算新增人口污水量","停止水質監測，改用全市人口總數推估污染","產業及人口成長與環境設施承載是否匹配","3","產業及人口成長與環境設施承載是否匹配","","污染惡化與污水處理量能不足同時出現，需檢討發展規模和環境設施是否相稱，答案 D。","[""工業與人口增加提高污水量。"",""處理設施未同步提升，河川水質惡化。"",""應檢討成長與環境承載匹配，選 D。""]","人口與產業成長會提高污水量；要把排放來源、水質監測和處理容量一起評估。","[]","","","","","","","","","","","","","","",""
"SOC-0480","社會","原創會考程度練習","","","九年級上","人口與都市","公共運輸與服務範圍","中等","素養題","新醫療中心設在市區東側後，西側偏遠居民仍需兩小時才能到院。哪項指標最直接衡量各區居民取得醫療服務的可近性？","各區居民到院時間與公共運輸可達性","全市醫療人力與病床總數的增加幅度","醫療中心年度預算及設備採購金額","全市門診服務人次的年度總量","0","各區居民到院時間與公共運輸可達性","","醫療可近性重視居民實際到達服務的便利程度。各區到院時間與公共運輸可達性最直接反映地理及交通障礙；全市總床位、預算或人次不一定顯示偏遠居民是否受益，答案 A。","[""注意醫療中心設置位置與居民分布。"",""西側偏遠居民就醫時間仍很長。"",""要直接衡量取得服務的便利程度，應看各區到院時間與交通可達性，選 A。""]","新增醫院床位不必然改善偏遠居民可近性；應按地區檢視交通時間和服務覆蓋。","[]","","","","","","","","","","","","","","",""
"SOC-0481","社會","原創會考程度練習","","","九年級上","人口與都市","人口淨遷移計算","基礎","素養題","某縣一年遷入 2,800 人、遷出 3,600 人。若其他人口變化暫不計，人口遷移造成何種變化？","淨遷入 800 人","淨遷出 800 人","淨遷出 6,400 人","人口不變","1","淨遷出 800 人","","淨遷移＝遷入－遷出＝2,800－3,600＝－800，表示淨遷出 800 人，答案 B。","[""以遷入人數減去遷出人數。"",""2,800－3,600＝－800。"",""負值代表淨遷出 800 人，選 B。""]","淨遷移以遷入減遷出；負值代表淨遷出，別把兩數相加。","[]","","","","","","","","","","","","","","",""
"SOC-0482","社會","原創會考程度練習","","","九年級上","人口與都市","人口成長率","基礎","素養題","甲鎮人口由 120,000 人增至 126,000 人，這段期間的人口成長率為多少？","0.5%","6%","5%","10%","2","5%","","增加 6,000 人；6,000÷原人口 120,000＝0.05，年增率為 5%，答案 C。","[""計算人口增加量：126,000－120,000＝6,000。"",""除以原人口：6,000÷120,000＝0.05。"",""換算為 5%，選 C。""]","成長率以期初人口為分母；題目未提供期間長度，因此不應稱年增率。","[]","","","","","","","","","","","","","","",""
"SOC-0483","社會","原創會考程度練習","","","九年級上","人口與都市","人口自然變動","基礎","素養題","某地出生 920 人、死亡 1,040 人，且不考慮人口遷移。人口自然變動為何？","完全不變","增加 120 人","增加 1,960 人","減少 120 人","3","減少 120 人","","自然變動＝出生－死亡＝920－1,040＝－120，表示減少 120 人，答案 D。","[""不考慮遷移，僅計出生與死亡。"",""920－1,040＝－120。"",""自然減少 120 人，選 D。""]","自然變動只計出生減死亡；題目排除遷移後，不要加上遷入或遷出。","[]","","","","","","","","","","","","","","",""
"SOC-0484","社會","原創會考程度練習","","","九年級上","人口與都市","人口扶養比","基礎","素養題","某地工作年齡人口 60 萬，幼年與高齡人口合計 30 萬。扶養比約為多少？","50","60","30","200","0","50","","扶養比＝需扶養人口÷工作年齡人口×100＝30萬÷60萬×100＝50，答案 A。","[""分子為幼年與高齡人口合計 30 萬。"",""分母為工作年齡人口 60 萬。"",""30÷60×100＝50，選 A。""]","扶養比是非工作年齡人口除以工作年齡人口再乘 100；答案是比值，不是人口數。","[]","","","","","","","","","","","","","","",""
"SOC-0485","社會","原創會考程度練習","","","九年級上","人口與都市","都市人口比率","基礎","素養題","一國總人口 2,400 萬，其中 1,800 萬居住都市。都市人口比率為多少？","25%","75%","60%","80%","1","75%","","都市人口比率＝1,800÷2,400×100%＝75%，答案 B。","[""以都市人口作分子、總人口作分母。"",""1,800÷2,400＝0.75。"",""換算為 75%，選 B。""]","都市人口比率的分母是總人口；確認題目問比率而非都市人口數。","[]","","","","","","","","","","","","","","",""
"SOC-0486","社會","原創會考程度練習","","","九年級上","人口與都市","人口結構與高齡化","中等","素養題","某縣高齡人口增加 8%，但總人口增加 20%。高齡人口占總人口的比率可能如何變化？","必定上升","必定維持不變","可能下降，須比較兩者成長速度","只要高齡人數增加，占比就一定增加","2","可能下降，須比較兩者成長速度","","高齡人口增加不代表占比一定增加；若總人口成長更快，占比可能下降，答案 C。","[""占比取決於高齡人口與總人口的相對變動。"",""高齡人口增 8%，總人口增 20%，分母成長較快。"",""占比可能下降，選 C。""]","占比要同時比較分子與分母的成長；本題總人口成長較快，因此高齡人口占比下降。","[]","","","","","","","","","","","","","","",""
"SOC-0487","社會","原創會考程度練習","","","九年級上","人口與都市","人口金字塔判讀","中等","素養題","人口金字塔中 20 至 39 歲人口明顯多於 0 至 19 歲人口，可能反映什麼？","高齡人口必定最多","出生率必定持續上升","該地沒有任何人口遷移","近期出生世代較小或青年人口曾遷入","3","近期出生世代較小或青年人口曾遷入","","青壯年人口多於幼年人口可能與出生世代縮小或青年遷入有關，需更多資料判定原因，答案 D。","[""比較青壯年與幼年人口數。"",""差異可能來自出生變化或遷移。"",""資料不足以只認定單一成因，選 D。""]","人口金字塔呈現年齡結構，單憑年齡人數不能分辨出生變化與遷入，須找遷移或出生資料。","[]","","","","","","","","","","","","","","",""
"SOC-0488","社會","原創會考程度練習","","","九年級上","人口與都市","人口分布與地形","中等","素養題","人口聚落多沿河谷與平原分布，而高山稜線聚落稀少。較合理的地理解釋是什麼？","平坦地形及水源交通較利於聚落","山區完全沒有水源","人口只分布在海岸","河谷不可能有交通","0","平坦地形及水源交通較利於聚落","","平原及河谷通常較易取得水源、耕作與建設交通，較利聚落發展，答案 A。","[""觀察聚落集中於河谷、平原。"",""這些地形較易取得水源及建設道路。"",""因此有利聚落分布，選 A。""]","平原與河谷常較利於建設、耕作與交通；用『較有利』推論，不要說山區完全無水源。","[]","","","","","","","","","","","","","","",""
"SOC-0489","社會","原創會考程度練習","","","九年級上","人口與都市","人口遷移與產業","中等","素養題","漁港加工廠提供季節工作，吸引外地勞工每年捕撈旺季前來，淡季離開。這屬於哪種遷移特徵？","永久自然增加","季節性人口移動","人口密度降低的唯一原因","都市化率計算","1","季節性人口移動","","勞工隨捕撈旺季短期往返，呈現季節性人口移動，答案 B。","[""工作機會依捕撈季節變化。"",""勞工旺季前來、淡季離開。"",""這是季節性移動，選 B。""]","旺季流入、淡季離開是季節性移動；它不是出生或死亡造成的自然變動。","[]","","","","","","","","","","","","","","",""
"SOC-0490","社會","原創會考程度練習","","","九年級上","人口與都市","都市化與郊區化","中等","素養題","企業與家庭逐漸移往都市外圍，市中心人口成長放緩，但通勤仍以市中心為主。較接近什麼現象？","人口完全停止移動","人口自然增加","郊區化","都市化必定消失","2","郊區化","","居住與企業向都市外圍擴展、仍與中心通勤連結，符合郊區化特徵，答案 C。","[""觀察人口與企業往外圍移動。"",""市中心仍是重要就業及通勤目的地。"",""這是郊區化，選 C。""]","郊區化是人口或活動往都市外圍擴展，仍可與中心區通勤及都市化並存。","[]","","","","","","","","","","","","","","",""
"SOC-0491","社會","原創會考程度練習","","","九年級上","人口與都市","都市土地利用","基礎","素養題","市中心土地昂貴，商辦大樓向上發展、住宅樓層增加。最直接反映何種土地利用方式？","土地使用密度降低","市中心土地需求消失","都市農業用地增加","提高土地使用強度","3","提高土地使用強度","","昂貴土地以垂直建築容納更多活動，代表土地使用強度提高，答案 D。","[""市中心土地價格高且需求集中。"",""建築向上發展增加單位土地容納量。"",""這是提高土地使用強度，選 D。""]","土地昂貴促使垂直發展、增加單位面積容納量；不代表土地需求或地價消失。","[]","","","","","","","","","","","","","","",""
"SOC-0492","社會","原創會考程度練習","","","九年級上","人口與都市","交通建設與區位","基礎","素養題","新橋梁縮短河兩岸通勤時間後，原本較少人居住的對岸住宅需求上升。最可能的原因是什麼？","交通可及性改善","跨河通勤時間增加","居住地與就業地距離必定拉長","住宅需求只由自然增加決定","0","交通可及性改善","","橋梁縮短往返時間，提高對岸與就業地之間的可及性，可能增加居住吸引力，答案 A。","[""橋梁改變的是跨河交通時間。"",""通勤便利性提高使對岸更容易到達。"",""住宅吸引力可能上升，選 A。""]","橋梁改變的是交通時間與可及性；需求上升是可能結果，不是保證房價或人口必然上升。","[]","","","","","","","","","","","","","","",""
"SOC-0493","社會","原創會考程度練習","","","九年級上","人口與都市","都市熱島改善","基礎","素養題","市區屋頂改採淺色材質並增加植栽，夏季屋頂表面溫度下降。主要可能透過什麼作用？","淺色表面吸收更多短波輻射，植栽減少蒸散","減少吸熱並增加遮蔭或蒸散","植栽只改變景觀，與地表熱量無關","屋頂降溫代表整座城市氣溫必定等幅下降","1","減少吸熱並增加遮蔭或蒸散","","淺色表面反射較多日照，植栽遮蔭與蒸散可降低局部熱量，答案 B。","[""淺色材質降低表面吸收的太陽能。"",""植栽遮蔭並透過蒸散帶走熱量。"",""屋頂表面溫度可能下降，選 B。""]","分開看反照率與蒸散：淺色材質較能反射日照，植栽可遮蔭及蒸散；局部降溫不等於全市等幅降溫。","[]","","","","","","","","","","","","","","",""
"SOC-0494","社會","原創會考程度練習","","","九年級上","人口與都市","都市洪水與土地使用","基礎","素養題","低窪地區原有濕地被填平興建住宅後，暴雨積水更嚴重。濕地原本具有什麼功能？","讓低窪地區不再需要排水系統","使暴雨逕流集中得更快","滯留部分雨水並調節逕流","保證任何規模降雨都不會淹水","2","滯留部分雨水並調節逕流","","濕地可暫存部分雨水並減緩逕流，填平後調節功能降低，積水風險可能增加，答案 C。","[""濕地具有蓄水與緩衝功能。"",""填平後可暫存雨水的空間減少。"",""暴雨逕流及積水風險可能提高，選 C。""]","濕地能暫存、調節部分水量，但不會消除所有洪水風險；仍須考量降雨強度與排水條件。","[]","","","","","","","","","","","","","","",""
"SOC-0495","社會","原創會考程度練習","","","九年級上","人口與都市","都市交通與空氣品質","基礎","素養題","通勤尖峰大量汽車集中在市中心，監測站顯示道路旁污染物濃度較高。最合理的關聯為何？","監測站數值可直接代表整個城市的全年平均","道路旁污染必定只來自固定工廠","尖峰時段車流排放可能是唯一污染來源","車流排放可能增加局部空氣污染","3","車流排放可能增加局部空氣污染","","尖峰車流增加燃料燃燒排放，可能使道路周邊污染物濃度上升，答案 D。","[""題目指出污染較高的位置與時段。"",""車流集中會增加排放來源。"",""車輛排放可能造成局部污染，選 D。""]","道路旁尖峰濃度與車流排放相符，但單一測站不能證明車輛是唯一來源，也不能代表全市年平均。","[]","","","","","","","","","","","","","","",""
"SOC-0496","社會","原創會考程度練習","","","九年級上","人口與都市","城鄉公共運輸","中等","素養題","偏遠鄉鎮公車班次減少後，沒有汽車的居民較難前往醫院與市場。這主要涉及何種公平議題？","交通服務可近性與不同群體的實際使用機會","各鄉鎮公車站牌數量完全相同","市區與偏鄉人口密度完全一致","居民是否購買私人汽車","0","交通服務可近性與不同群體的實際使用機會","","公共運輸班次影響無車居民到達醫療及生活服務的時間與機會，應評估不同群體的實際可近性，而非只比較站牌數量，答案 A。","[""辨認受影響群體：沒有汽車的居民。"",""班次減少使到達醫院和市場更困難。"",""這涉及交通服務可近性，選 A。""]","公平不等於每地站牌數完全相同；要看無車居民能否實際、及時抵達基本服務。","[]","","","","","","","","","","","","","","",""
"SOC-0497","社會","原創會考程度練習","","","九年級上","人口與都市","區域發展與人口流動","中等","素養題","政府在中部設立大學與研發中心後，畢業生留在當地工作的比例上升。這較可能有助於什麼？","使人才更加集中於首都都會區","減少人才只集中於少數都會區","保證當地所有畢業生都能就業","使區域間人口流動完全停止","1","減少人才只集中於少數都會區","","教育及就業機會在中部增加，可能讓人才留在當地，減少過度集中於少數都會區，答案 B。","[""新設施同時提供教育與工作機會。"",""畢業生留任比例提高代表人才外流減少。"",""可能促進區域人口及產業較均衡分布，選 B。""]","在地教育與就業機會可能降低人才外流，但不能據此保證人人留任或區域差距立即消失。","[]","","","","","","","","","","","","","","",""
"SOC-0498","社會","原創會考程度練習","","","九年級上","人口與都市","人口資料與政策評估","中等","素養題","某市建置公共托育後，隔年出生數增加；同期也有大量年輕家庭遷入。能否單憑此資料認定托育政策造成出生增加？","能，出生數增加就是唯一證據","能，因遷移不影響人口統計","不能，遷入家庭也可能影響出生數","不能，因出生數不能計算","2","不能，遷入家庭也可能影響出生數","","年輕家庭遷入也可能增加出生數，政策與人口組成同時變動，需更多資料才能判斷因果，答案 C。","[""確認同期變化：托育政策與年輕家庭遷入。"",""遷入本身可能使出生總數增加。"",""不能只歸因於政策，選 C。""]","出生總數同時受出生行為與人口組成影響；要評估政策效果，需比較相似群體或控制遷入等因素。","[]","","","","","","","","","","","","","","",""
"SOC-0499","社會","原創會考程度練習","","","九年級上","人口與都市","人口成長與公共設施","中等","素養題","新市鎮人口五年增加三成，污水管線和學校容量仍按原人口設計。政府最應優先評估什麼？","只依原設計人口維持設施，不追蹤使用量","優先擴建所有道路而不檢視服務需求","只統計總人口，不看年齡與空間分布","依人口預測與空間分布評估污水、學校量能","3","依人口預測與空間分布評估污水、學校量能","","人口成長會增加污水處理與教育需求，還須依年齡結構、成長位置及未來趨勢估算各設施量能，答案 D。","[""人口增加三成代表服務使用者變多。"",""既有污水與學校容量仍依原人口規模。"",""應評估擴充公共設施，選 D。""]","不宜只用全市總人口推算；要把人口成長、年齡結構與設施服務範圍納入需求預測。","[]","","","","","","","","","","","","","","",""
"SOC-0500","社會","原創會考程度練習","","","九年級上","人口與都市","人口分布與產業區位","基礎","素養題","工廠選址於港口附近，以減少進口原料的內陸運輸費。此區位選擇主要考量什麼？","降低進口原料的內陸運輸成本","接近消費市場以縮短成品配送距離","接近勞動市場以增加招募便利","避開港口以降低原料運輸量","0","降低進口原料的內陸運輸成本","","靠近港口可縮短原料從港口到工廠的距離，降低運輸成本，答案 A。","[""辨認工廠主要投入：進口原料。"",""港口附近可縮短原料運送路程。"",""區位選擇主要為降低運輸成本，選 A。""]","題幹特別指出進口原料與內陸運費，故此處是原料運輸成本；市場、勞力也可能影響其他工廠區位。","[]","","","","","","","","","","","","","","",""
"SOC-0501","社會","原創會考程度練習","","","九年級上","經濟與公民","消費者契約資訊","基礎","素養題","網購頁面只標示商品售價，結帳前才顯示必須支付的高額運費。消費者最直接需要什麼保障？","選擇不同業者與商品的權利","充分且明確的交易資訊","提出申訴及尋求救濟的權利","個人資料受到保護的權利","1","充分且明確的交易資訊","","運費是交易總成本的一部分，消費者應能在決定前取得清楚價格資訊，答案 B。","[""商品價格不是完整交易成本。"",""必要運費會改變消費者實際支付金額。"",""因此涉及充分交易資訊保障，選 B。""]","運費會改變實際總價，消費者應在下單前知道完整費用；本題重點是資訊揭露，不是事後申訴。","[]","","","","","","","","","","","","","","",""
"SOC-0502","社會","原創會考程度練習","","","九年級上","經濟與公民","商品標示與知情權","基礎","素養題","食品包裝未標示過敏原，消費者食用後出現過敏反應。最相關的消費者權益為何？","公平交易與不受欺罔的權益","提出消費爭議申訴的權益","安全與知情權益","選擇商品與服務的權益","2","安全與知情權益","","過敏原資訊攸關食品安全與消費者知情決定，未適當標示會造成風險，答案 C。","[""找出缺漏資訊：可能造成過敏的成分。"",""此資訊影響消費者能否安全選購。"",""涉及安全及知情權益，選 C。""]","過敏原會直接影響能否安全食用；辨別『安全與知情』和價格、申訴等其他消費權益。","[]","","","","","","","","","","","","","","",""
"SOC-0503","社會","原創會考程度練習","","","九年級上","經濟與公民","消費爭議處理","基礎","素養題","消費者發現家電故障，先保留發票、保固書及維修紀錄，再向業者提出申訴。保留資料最主要的用途是什麼？","直接取消所有契約","替代法院判決","改變商品的市場供給","證明交易與商品問題以利協商","3","證明交易與商品問題以利協商","","發票及維修紀錄可證明交易、保固及故障處理經過，有助釐清消費爭議，答案 D。","[""發票可證明購買事實與時間。"",""保固及維修紀錄可呈現商品問題與處理歷程。"",""資料有助協商或後續申訴，選 D。""]","憑證可支持交易、保固及故障經過的主張，但不會自動判定業者責任或取代司法裁決。","[]","","","","","","","","","","","","","","",""
"SOC-0504","社會","原創會考程度練習","","","九年級上","經濟與公民","定型化契約","中等","素養題","健身房要求會員簽署「業者可任意調整所有費用，會員不得退費」的制式契約。簽約前最適當的作法是什麼？","詳閱條款並查核費用、退費規定是否公平合法","只依業者口頭說明，不保留契約內容","認為制式格式表示條款必然公平有效","先簽約再假設任何爭議都能無條件退費","0","詳閱條款並查核費用、退費規定是否公平合法","","制式契約條款仍須符合法律並公平合理，消費者應先閱讀、釐清權利義務，答案 A。","[""條款涉及費用調整及退費權益。"",""制式格式不代表內容當然合法。"",""簽約前應詳閱並確認規範，選 A。""]","制式契約仍須檢視具體條款；特別核對業者單方改價及退費限制，不要把格式等同合法。","[]","","","","","","","","","","","","","","",""
"SOC-0505","社會","原創會考程度練習","","","九年級上","經濟與公民","廣告與公平交易","基礎","素養題","業者宣稱某保健品能治癒疾病，卻沒有可靠證據且未取得必要核准。最主要的疑慮是什麼？","未清楚揭露商品限制，但沒有宣稱療效","不實或誤導性廣告","商品價格標示錯誤，未涉及效果宣稱","售後服務不足，但廣告內容屬實","1","不實或誤導性廣告","","宣稱療效需有可信證據並遵守相關規範，無據誇大可能誤導消費者，答案 B。","[""辨認廣告主張：能治癒疾病。"",""題幹指出缺乏證據及必要核准。"",""此宣稱可能構成不實或誤導，選 B。""]","關鍵是業者無可靠證據卻宣稱能治病；若只是價格或售後爭議，問題類型會不同。","[]","","","","","","","","","","","","","","",""
"SOC-0506","社會","原創會考程度練習","","","九年級上","經濟與公民","消費者選擇與比較","中等","素養題","購買筆電時，甲款售價較低但保固短，乙款價格較高但保固與維修服務完整。理性選擇應如何進行？","認定最高價必然最好","只看外觀顏色","比較價格、品質及售後服務等總體條件","不需了解契約內容","2","比較價格、品質及售後服務等總體條件","","消費者應依需求比較價格、品質、保固及售後服務，而非只依單一條件判斷，答案 C。","[""列出產品差異：售價與保固服務。"",""不同需求者對價格及售後保障的重視程度不同。"",""比較總體條件後再選擇，選 C。""]","比較須回到自己的需求，將售價、保固與維修服務一起考量；高價不必然代表最適合。","[]","","","","","","","","","","","","","","",""
"SOC-0507","社會","原創會考程度練習","","","九年級上","經濟與公民","消費者安全與產品回收","基礎","素養題","製造商發現某批電池可能過熱起火，主動通知消費者停止使用並提供檢修。此措施主要保障什麼？","消費者取得完整價格資訊的權益","消費者選擇不同商品的權益","消費者提出申訴及求償的權益","消費者生命與身體安全","3","消費者生命與身體安全","","有起火風險的產品可能危害人身安全，通知停用與檢修可降低傷害，答案 D。","[""確認產品存在過熱起火危險。"",""停用及檢修可降低事故發生機會。"",""此措施主要保障生命與身體安全，選 D。""]","電池過熱可能傷及人身，停用與檢修是產品安全措施；它不同於價格資訊或一般申訴權。","[]","","","","","","","","","","","","","","",""
"SOC-0508","社會","原創會考程度練習","","","九年級上","經濟與公民","信用交易與利息","基礎","素養題","小明使用信用卡先消費，未在繳款期限內繳清帳款，之後需支付利息。最應注意什麼？","評估還款能力，並確認未清償餘額的計息方式","只繳最低應繳額就代表全額帳款已清償","信用卡延後付款不會產生任何融資成本","未清償利息可由持卡人任意決定是否支付","0","評估還款能力，並確認未清償餘額的計息方式","","未繳清帳款可能產生利息，消費者應確認還款能力及實際融資成本，答案 A。","[""信用卡提供延後付款，不等於免除付款。"",""未清償餘額可能依約計息。"",""應評估還款能力及利息成本，選 A。""]","最低應繳額不等於全額清償；確認帳單期限、未繳餘額及契約計息方式。","[]","","","","","","","","","","","","","","",""
"SOC-0509","社會","原創會考程度練習","","","九年級上","經濟與公民","儲蓄與風險管理","中等","素養題","家庭將緊急預備金存放在流動性較高的存款帳戶，而非全部投入高波動股票。主要考量為何？","確保所有資產都取得最高報酬","保留短期可動用資金，避免緊急時被迫賣出波動資產","完全消除通貨膨脹造成的購買力變化","以存款取代所有長期投資並保證本金實質增值","1","保留短期可動用資金，避免緊急時被迫賣出波動資產","","緊急預備金重視需要時可動用；不把資金全部投入高波動資產也有助管理風險，答案 B。","[""緊急支出需要快速取得資金。"",""高波動投資可能在短期下跌。"",""保留流動性並分散風險較符合用途，選 B。""]","緊急預備金重視流動性，不代表存款報酬最高或能消除通膨；用途與期間決定配置。","[]","","","","","","","","","","","","","","",""
"SOC-0510","社會","原創會考程度練習","","","九年級上","經濟與公民","保險與風險分攤","基礎","素養題","多人按約定繳納保費，少數發生承保事故者依契約獲得給付。保險的主要功能是什麼？","使投保後承保事故完全不會發生","保證每位投保人領回金額都高於保費","透過風險共同分擔降低個人事故的財務衝擊","不論事故種類或條款都提供全額給付","2","透過風險共同分擔降低個人事故的財務衝擊","","保險將多人的保費用於符合條件的事故給付，以分散個別風險，答案 C。","[""保費由多位投保者共同繳納。"",""符合契約的事故發生時可獲給付。"",""制度主要用來分攤財務風險，選 C。""]","保險分攤的是符合契約事故的財務風險，不會讓事故消失，也不保證每人獲利或涵蓋所有損失。","[]","","","","","","","","","","","","","","",""
"SOC-0511","社會","原創會考程度練習","","","九年級上","經濟與公民","勞動契約與工資","中等","素養題","雇主要求員工長期加班，卻未依法給付加班費。員工最適合透過什麼方式處理？","只以口頭反映，且不保留工時或薪資紀錄","未釐清契約與工時便逕自扣留雇主財物","公開同事個資及內部薪資資料施壓","保存出勤與薪資證明，循勞政申訴或法律途徑處理","3","保存出勤與薪資證明，循勞政申訴或法律途徑處理","","出勤與薪資紀錄可協助證明工時及給付情形，員工可依勞動法令申訴或尋求協助，答案 D。","[""爭議核心是工時與加班費。"",""保存紀錄可支持事實主張。"",""循勞政或法律途徑處理較適當，選 D。""]","先保存出勤、排班與薪資證明，再循申訴或法律管道；避免公開他人個資或自行扣留財物。","[]","","","","","","","","","","","","","","",""
"SOC-0512","社會","原創會考程度練習","","","九年級上","經濟與公民","最低工資與勞動保障","基礎","素養題","工讀生領取的時薪低於法定最低工資，雇主不能以「學生打工」為由任意排除保障。這主要涉及什麼？","勞動法令與最低工資保障","雇主可自行決定是否給付工資","學生身分使受僱者不受勞動保障","最低工資只適用於全職員工","0","勞動法令與最低工資保障","","學生受僱工作仍受適用的勞動法令保障，雇主須依法給付工資，答案 A。","[""題幹描述的是受僱工作及時薪。"",""學生身分不當然排除勞動法令。"",""核心為最低工資等勞動保障，選 A。""]","判斷重點是是否受僱工作，而非是否為學生；工讀身分不會當然排除最低工資保障。","[]","","","","","","","","","","","","","","",""
"SOC-0513","社會","原創會考程度練習","","","九年級上","經濟與公民","失業與社會安全","基礎","素養題","工廠因訂單大減而裁員，失業者短期失去收入。失業給付制度主要提供什麼？","永久取代失業者所有薪資收入","符合資格時提供過渡收入並連結就業協助","保證失業者立即找到相同職位","由政府替企業決定商品售價","1","符合資格時提供過渡收入並連結就業協助","","失業給付可在符合條件時提供過渡性收入，並常搭配就業服務，答案 B。","[""失業使勞工暫時失去工作收入。"",""給付可緩和短期生活衝擊。"",""制度亦可協助尋職，選 B。""]","失業給付是符合資格時的暫時支持，不是終身薪資保證；通常也與求職或就業服務連結。","[]","","","","","","","","","","","","","","",""
"SOC-0514","社會","原創會考程度練習","","","九年級上","經濟與公民","公共財與搭便車","基礎","素養題","防洪堤保護整個沿岸社區，難以排除未付費居民受益，且一人受保護不會減少他人保護。屬於什麼？","私人財","劣等財","公共財","替代品","2","公共財","","防洪服務難以排除未付費者且多人可同時受益，符合公共財特性，答案 C。","[""檢查排他性：難以只保護付費者。"",""檢查競爭性：一人受益不會耗盡他人利益。"",""兩項特性符合公共財，選 C。""]","公共財的兩個判準是非排他與非敵對；題目明確給出難以排除及多人可同時受益。","[]","","","","","","","","","","","","","","",""
"SOC-0515","社會","原創會考程度練習","","","九年級上","經濟與公民","外部成本與政策","基礎","素養題","工廠排放廢水造成下游居民額外淨水支出，工廠未支付這些損害成本。這是什麼情形？","比較利益","正外部性","消費者剩餘","負外部性","3","負外部性","","生產活動使交易以外居民承擔未補償的損害，屬負外部性，答案 D。","[""辨認受影響者：下游居民並非工廠交易當事人。"",""居民承擔額外淨水費用且未獲補償。"",""這是負外部性，選 D。""]","外部成本由交易以外者承擔且未補償；若居民反而獲得額外利益，才是正外部性。","[]","","","","","","","","","","","","","","",""
"SOC-0516","社會","原創會考程度練習","","","九年級上","經濟與公民","市場壟斷與消費者","中等","素養題","偏遠地區只有一家寬頻業者，居民沒有替代服務且費率長期偏高。增加業者競爭較可能帶來什麼？","增加選擇並形成改善價格或服務的誘因","使需求完全消失","保證所有網路免費","讓政府不必訂定任何規範","0","增加選擇並形成改善價格或服務的誘因","","新業者提供替代選項後，消費者較能轉換服務，既有業者也面臨競爭，答案 A。","[""目前只有一家業者，消費者選擇有限。"",""競爭者進入可增加替代服務。"",""業者較有改善價格或品質的誘因，選 A。""]","競爭可能增加替代選擇與改善服務的誘因，但不保證免費或必然降價；偏遠市場仍受進入成本影響。","[]","","","","","","","","","","","","","","",""
"SOC-0517","社會","原創會考程度練習","","","九年級上","經濟與公民","供需與價格變化","基礎","素養題","寒流造成蔬菜收成減少，而消費者需求大致不變。短期市場價格較可能如何？","下降，因為供給減少會使商品更容易取得","上升，因為供給減少而需求大致不變","維持不變，因為需求未變就不會有價格變化","無法交易，因為收成減少代表市場供給必為零","1","上升，因為供給減少而需求大致不變","","寒流減少蔬菜供給，需求不變時商品較稀少，價格有上升壓力，答案 B。","[""寒流造成收成減少，供給下降。"",""需求維持大致不變。"",""供給減少會推升均衡價格，選 B。""]","供給減少、需求大致不變時，均衡價格有上升壓力；不要把供給減少誤當成供給歸零。","[]","","","","","","","","","","","","","","",""
"SOC-0518","社會","原創會考程度練習","","","九年級上","經濟與公民","需求與替代品","基礎","素養題","某品牌汽水漲價後，消費者改買價格較低的茶飲；兩者對這些消費者屬於什麼關係？","公共財","互補品","替代品","兩者價格與需求沒有關聯的商品","2","替代品","","消費者在汽水漲價後改買茶飲，顯示茶飲可替代汽水，答案 C。","[""觀察消費者的選擇改變。"",""汽水價格上升，茶飲購買增加。"",""兩者對這些消費者是替代品，選 C。""]","一種商品漲價後，消費者轉買另一種，顯示後者可替代前者；互補品常在一起使用。","[]","","","","","","","","","","","","","","",""
"SOC-0519","社會","原創會考程度練習","","","九年級上","經濟與公民","機會成本","基礎","素養題","阿哲用週末時間參加志工活動，因此放棄原本最想看的球賽。這項選擇的機會成本最接近什麼？","志工活動所使用器材的全部市場價格","已支付且無法取回的交通費","所有未選活動的價值加總","放棄的最佳替代選擇——觀看球賽的價值","3","放棄的最佳替代選擇——觀看球賽的價值","","機會成本是選擇時放棄的最佳替代方案價值；本題是球賽，答案 D。","[""實際選擇為志工活動。"",""最佳替代方案是觀看球賽。"",""放棄球賽的價值即機會成本，選 D。""]","機會成本看放棄的最佳替代方案，不是所有未選選項加總，也不是已付出的沉沒成本。","[]","","","","","","","","","","","","","","",""
"SOC-0520","社會","原創會考程度練習","","","九年級上","經濟與公民","消費者與個資安全","中等","素養題","購物網站要求消費者提供與交易無關的身分資料，並未說明用途或保存方式。消費者應注意什麼？","資料蒐集是否必要、目的是否清楚且保存方式是否說明","網站商品是否具有公共財的非排他性","交易是否需要消費者公開政治立場","網站所在地區的人口密度是否足夠","0","資料蒐集是否必要、目的是否清楚且保存方式是否說明","","蒐集個資應有明確目的並限於必要範圍，消費者應確認用途及安全措施，答案 A。","[""資料與交易是否必要需先確認。"",""網站未交代用途及保存方式，透明度不足。"",""應注意個資蒐集目的和必要性，選 A。""]","個資應與交易目的相關並有清楚用途；避免提供不必要資料，並查看保存與安全說明。","[]","","","","","","","","","","","","","","",""
"SOC-0521","社會","原創會考程度練習","","","九年級上","經濟與公民","消費者的選擇權","基礎","素養題","商店提供兩種洗衣機，清楚列出耗電量、保固和總價，讓顧客自行比較。這主要保障消費者哪項權益？","只保障商品使用後的求償權","選擇權與知情權","只保障特定品牌的獨家購買權","免除消費者比較契約條件的責任","1","選擇權與知情權","","商品資訊透明讓顧客能比較方案並作選擇，保障選擇及知情權，答案 B。","[""商店提供耗電、保固與價格資料。"",""顧客可依自身需求比較不同商品。"",""這保障知情與選擇權，選 B。""]","完整耗電、保固與總價資訊讓消費者能知情比較並選擇；不是只在發生損害後求償。","[]","","","","","","","","","","","","","","",""
"SOC-0522","社會","原創會考程度練習","","","九年級上","經濟與公民","食品安全與標示","基礎","素養題","食品標示含有花生，但店員口頭告知「完全不含堅果」。消費者應優先依據哪項資訊判斷？","依店員說法立即食用，不再核對標示","以包裝顏色推測是否含有過敏原","暫勿食用，核對標示並向業者確認矛盾資訊","以其他顧客經驗取代產品成分資訊","2","暫勿食用，核對標示並向業者確認矛盾資訊","","標示與口頭說法矛盾時，因過敏原攸關健康，應暫勿食用並向業者查證正式成分資訊，答案 C。","[""標示與口頭說法互相矛盾。"",""過敏原資訊攸關人身安全。"",""應核對正式成分並要求業者查證，選 C。""]","標示和口頭保證矛盾時先不要食用；過敏原問題須核對成分並由業者查清，不靠外觀或他人猜測。","[]","","","","","","","","","","","","","","",""
"SOC-0523","社會","原創會考程度練習","","","九年級上","經濟與公民","網路交易與契約","基礎","素養題","網購平台在消費者下單後才告知商品需另付高額安裝費。此情況最主要的問題為何？","商品瑕疵發生，但相關費用已事前完整揭露","消費者已知道安裝費後改變購買決定","業者提供免費安裝並在下單前清楚說明","業者未在交易決定前揭露重要費用","3","業者未在交易決定前揭露重要費用","","安裝費會增加實際交易成本，應在消費者下單決定前清楚揭露，答案 D。","[""找出額外費用：安裝費。"",""消費者在下單時尚未得知完整成本。"",""重要交易條件揭露不足，選 D。""]","比較下單前可得資訊與結帳後新增費用；重要價格條件應在消費者作決定前揭露。","[]","","","","","","","","","","","","","","",""
"SOC-0524","社會","原創會考程度練習","","","九年級上","經濟與公民","消費爭議與證據","基礎","素養題","消費者主張新買的手機無法充電，先拍攝故障畫面並保存購買證明。這些資料最主要有何用途？","協助證明交易及瑕疵情形","使業者不經查證就必須接受所有主張","保證消費爭議一定由消費者勝訴","取代必要的檢測、協商或後續救濟程序","0","協助證明交易及瑕疵情形","","購買證明可確認交易，故障影像可記錄瑕疵，有助於溝通及後續申訴，答案 A。","[""購買證明說明交易何時發生。"",""故障影像呈現產品問題。"",""兩者可協助舉證與處理爭議，選 A。""]","購買證明和故障紀錄能支持主張，但不會自動判定責任；後續仍可能需要檢測、協商或申訴。","[]","","","","","","","","","","","","","","",""
"SOC-0525","社會","原創會考程度練習","","","九年級上","經濟與公民","公平交易與價格標示","基礎","素養題","餐廳菜單標示每份 180 元，結帳時另收未事先說明的服務費。消費者最需要哪項保障？","業者只須標示菜色價格，不必說明附加費","價格及附加費用事前明確揭露","消費者只能在結帳後得知最終價格","附加費只要金額不高便可不標示","1","價格及附加費用事前明確揭露","","服務費會增加實付價格，業者應在消費者決定前清楚標示，答案 B。","[""比較菜單價格與結帳金額。"",""未預先揭露的服務費造成資訊落差。"",""應保障價格及附加費透明，選 B。""]","服務費會改變實付總額，重點在消費者點餐前是否清楚知道附加費，而非費用高低。","[]","","","","","","","","","","","","","","",""
"SOC-0526","社會","原創會考程度練習","","","九年級上","經濟與公民","定型化契約與公平","中等","素養題","手機電信業者使用制式契約，要求消費者放棄法律保障的申訴權。此條款是否因為制式格式就一定有效？","是，制式格式代表條款已獲政府逐條核准","是，只要簽名便能排除所有法定權利","不是，條款仍須受適用法律及公平原則檢驗","不是，所有制式契約都當然無效","2","不是，條款仍須受適用法律及公平原則檢驗","","制式契約仍須符合法律規範，不能以格式條款任意排除法定權利，答案 C。","[""辨認條款內容：要求放棄申訴權。"",""制式格式不代表業者可排除強制法律保障。"",""仍須依法及公平原則檢驗，選 C。""]","簽名或制式格式不會自動使不公平條款有效，也不代表整份制式契約當然無效；要檢視具體條款。","[]","","","","","","","","","","","","","","",""
"SOC-0527","社會","原創會考程度練習","","","九年級上","經濟與公民","廣告資訊判讀","基礎","素養題","補習班廣告宣稱「保證每位學生考上第一志願」，卻沒有任何可以支持保證的條件或資料。消費者應如何判斷？","查核可驗證的成績資料及其適用範圍","確認廣告是否說明學生條件與結果限制","比較課程內容、價格及契約中的保證條件","要求查核依據並審慎評估無條件的絕對保證","3","要求查核依據並審慎評估無條件的絕對保證","","升學結果受多種因素影響，無依據的絕對保證可能誤導，應查核支持資料及契約條件，答案 D。","[""注意絕對化用語「保證每位」。"",""廣告未提出可支持結果的資料。"",""應查證依據及服務條件，選 D。""]","「保證每位」是絕對結果宣稱；要求可查證依據與契約條件，不用單一成功案例推論人人適用。","[]","","","","","","","","","","","","","","",""
"SOC-0528","社會","原創會考程度練習","","","九年級上","經濟與公民","信用消費與債務","中等","素養題","使用信用卡分期購買商品前，消費者需確認每期付款、總費用及利率。這主要是為了什麼？","評估各期付款、利率與費用後確認總負擔","只比較每期金額，不必計算總付款","認為分期付款一定比一次付清便宜","只看核准額度，不必評估還款能力","0","評估各期付款、利率與費用後確認總負擔","","分期付款可能包含利息或費用，計算總負擔可避免超過還款能力，答案 A。","[""分期不代表沒有額外成本。"",""應加總各期付款並確認利率及費用。"",""評估總負擔能降低過度借貸風險，選 A。""]","小額月付不代表總成本較低；加總各期金額與利息費用，並確認是否在可負擔範圍。","[]","","","","","","","","","","","","","","",""
"SOC-0529","社會","原創會考程度練習","","","九年級上","經濟與公民","儲蓄與流動性","基礎","素養題","家庭預留三個月生活費在可隨時提領的帳戶，主要考量為何？","追求長期投資的最高可能報酬","突發支出時能快速動用資金","保證存款購買力不受物價影響","完全避免持有現金或存款的風險","1","突發支出時能快速動用資金","","緊急預備金的用途是臨時支出，因此重視資金可快速動用，答案 B。","[""預備金用於失業或醫療等突發支出。"",""這類支出發生時間難以預測。"",""故應重視流動性，選 B。""]","緊急預備金重視可動用性，不是追求最高報酬，也不能保證本金購買力不受物價影響。","[]","","","","","","","","","","","","","","",""
"SOC-0530","社會","原創會考程度練習","","","九年級上","經濟與公民","保險契約與保障範圍","基礎","素養題","投保前仔細閱讀除外責任、理賠條件及等待期，最主要能避免什麼？","認為保費高低必然決定投保人能否理賠","以為保險能防止承保事故實際發生","誤以為所有事故都一定理賠","以為等待期只影響保費，不影響保障開始時間","2","誤以為所有事故都一定理賠","","保險給付受契約保障範圍、等待期及除外責任限制，閱讀條款可避免錯誤期待，答案 C。","[""理賠不是對所有事件一律適用。"",""除外責任及等待期會影響給付。"",""事前確認條款可避免保障認知落差，選 C。""]","除外責任、理賠條件與等待期會界定保障範圍及開始時間；保險不會阻止事故發生。","[]","","","","","","","","","","","","","","",""
"SOC-0531","社會","原創會考程度練習","","","九年級上","經濟與公民","社會保險與風險分攤","基礎","素養題","勞工與雇主依法共同繳納保險費，勞工符合條件時可申請給付。這類制度的核心概念為何？","由每位勞工獨自承擔全部風險與損失","使所有疾病或失業事件不再發生","保證每位參與者領回高於保費的金額","共同分攤符合制度條件的社會風險","3","共同分攤符合制度條件的社會風險","","依法共同繳費並依資格提供給付，是透過集體機制分攤個人風險，答案 D。","[""參與者依規定共同繳費。"",""符合條件時可獲得制度給付。"",""核心是共同分攤社會風險，選 D。""]","社會保險透過共同繳費及制度給付分散風險；不是投資獲利保證，也不會消除疾病或失業。","[]","","","","","","","","","","","","","","",""
"SOC-0532","社會","原創會考程度練習","","","九年級上","經濟與公民","勞動權益與工時","中等","素養題","雇主未記錄員工工時，並要求員工無償加班。勞工較適當的第一步為何？","保存排班、訊息與出勤資料並尋求勞政協助","擅自拿走店內物品抵薪","公開同事的私人資料","放棄依法申訴","0","保存排班、訊息與出勤資料並尋求勞政協助","","工時與加班費爭議需釐清事實，保存排班及出勤資料可支持申訴，答案 A。","[""爭議是實際工作時間及給付。"",""排班、訊息及出勤記錄有助還原工時。"",""可據此向主管機關或法律服務求助，選 A。""]","保存排班、訊息與出勤資料可釐清工時；再循勞政協助，不要以扣留財物或公開個資處理爭議。","[]","","","","","","","","","","","","","","",""
"SOC-0533","社會","原創會考程度練習","","","九年級上","經濟與公民","最低工資與法律保障","基礎","素養題","雇主以員工是未成年學生為由，支付低於適用法定最低工資的薪資。最重要的判斷依據是什麼？","雇主自行訂定且不受法律限制的標準","勞動法令及該工作適用的工資規範","同職場其他人私下約定的金額","員工是否為學生，不必確認適用規定","1","勞動法令及該工作適用的工資規範","","工資是否合法要依適用勞動法規及工作條件判斷，不能只由雇主自行決定，答案 B。","[""確認雙方有受僱工作關係。"",""比較實際工資與適用法定標準。"",""依勞動法令判斷並尋求協助，選 B。""]","依受僱關係及適用的工資規範判斷；學生身分本身不能取代法令標準。","[]","","","","","","","","","","","","","","",""
"SOC-0534","社會","原創會考程度練習","","","九年級上","經濟與公民","失業與職業訓練","中等","素養題","製造業轉型使部分工人失去原職，政府提供職業訓練與就業媒合。這些措施主要希望達到什麼？","限制勞工尋找新工作","保證原職永遠不變","協助勞工提升技能並重新就業","使所有商品價格固定","2","協助勞工提升技能並重新就業","","職業訓練可提升轉職技能，就業媒合協助連結職缺，答案 C。","[""產業轉型使原有職務減少。"",""訓練補足新職務所需技能。"",""媒合有助重新進入就業市場，選 C。""]","職訓補足轉職技能，就業媒合連結職缺；政策提供協助，但不保證人人立即找到原職。","[]","","","","","","","","","","","","","","",""
"SOC-0535","社會","原創會考程度練習","","","九年級上","經濟與公民","供需與互補品","基礎","素養題","電動車銷量增加後，與電動車搭配使用的家用充電設備需求較可能如何變化？","減少，因為電動車可完全不充電","大致不變，因為兩種商品各自決定需求","只會增加電動車供給，不影響充電設備需求","增加，因為兩者常搭配使用","3","增加，因為兩者常搭配使用","","家用充電設備與電動車常搭配使用，電動車增加會帶動充電設備需求，答案 D。","[""辨認兩種商品的使用關係。"",""電動車使用者增加，充電需求也上升。"",""互補品充電設備需求較可能增加，選 D。""]","家用充電設備與電動車常共同使用，屬互補關係；電動車使用者增加會帶動相關需求，但幅度不一定相同。","[]","","","","","","","","","","","","","","",""
"SOC-0536","社會","原創會考程度練習","","","九年級上","經濟與公民","供給減少與市場價格","基礎","素養題","乾旱使咖啡豆收成減少，而消費者需求暫時不變。咖啡豆市場價格較可能受到什麼影響？","上升壓力，因供給減少且需求大致不變","下降壓力，因收成減少會增加可售數量","不受影響，因需求不變便不會調整價格","立即歸零，因市場不再有任何咖啡豆","0","上升壓力，因供給減少且需求大致不變","","收成減少使供給下降，在需求不變時市場價格有上升壓力，答案 A。","[""乾旱減少可供應的咖啡豆。"",""消費需求短期未變。"",""供給減少通常推升價格，選 A。""]","供給減少、需求暫不變時價格有上升壓力；題目沒有說供給完全消失，不能推成價格歸零。","[]","","","","","","","","","","","","","","",""
"SOC-0537","社會","原創會考程度練習","","","九年級上","經濟與公民","需求彈性與替代選擇","中等","素養題","某城市自來水缺乏近似替代品，即使水價小幅提高，家庭用水量變化仍不大。其需求較可能如何？","富有彈性，因價格稍變就會大幅改變用水量","缺乏彈性，因價格變動時需求量反應較小","需求為零，因水價已經提高","供給完全無成本，因家庭仍需用水","1","缺乏彈性，因價格變動時需求量反應較小","","水價變動而需求量變動不大，表示需求對價格反應小，較缺乏彈性，答案 B。","[""觀察價格提高幅度與用水量變化。"",""用水量只小幅改變。"",""需求較缺乏彈性，選 B。""]","需求彈性看需求量對價格變動的反應；題目指出價格上升但用量變化小，故屬缺乏彈性。","[]","","","","","","","","","","","","","","",""
"SOC-0538","社會","原創會考程度練習","","","九年級上","經濟與公民","市場競爭與進入障礙","基礎","素養題","偏遠地區只有一家網路公司提供服務，其他業者難以進入。新增業者成功進入後，最可能增加什麼？","消費者可比較的服務方案與替代選擇","所有業者必須提供完全相同的價格","市場需求必然消失","政府不再需要處理服務品質或公平問題","2","市場需求必然消失","","新業者進入可增加替代服務，消費者能比較價格與品質，答案 C。","[""原市場只有一家服務提供者。"",""新業者增加一種或多種方案。"",""消費者選擇增加，選 C。""]","新業者進入會增加可比較的替代方案，但不保證價格一致、免費或讓監管失去必要。","[]","","","","","","","","","","","","","","",""
"SOC-0539","社會","原創會考程度練習","","","九年級上","經濟與公民","外部成本與社會成本","基礎","素養題","工廠噪音使鄰近住戶需要加裝隔音窗，工廠未補償也未把損害列入成本。這屬於什麼？","正外部性：生產活動使交易外居民獲得未付費利益","私人成本：由工廠自行支付的生產成本","消費者剩餘：消費者願付價格與實付價格差額","負外部性：生產活動使交易外居民承受未補償損害","3","負外部性：生產活動使交易外居民承受未補償損害","","生產活動把噪音損害轉嫁給交易以外居民，屬負外部性，答案 D。","[""居民不是工廠與顧客交易的直接當事人。"",""居民承受額外隔音支出且未獲補償。"",""此為負外部性，選 D。""]","住戶不是交易當事人卻承擔隔音費，是未補償的外部損害；若居民受益才可能是正外部性。","[]","","","","","","","","","","","","","","",""
"SOC-0540","社會","原創會考程度練習","","","九年級上","經濟與公民","機會成本與選擇","基礎","素養題","小芸用存款購買平板，放棄了原本最想參加的夏令營。若夏令營是最佳替代方案，機會成本是什麼？","放棄夏令營所能得到的價值","平板所有配件的總市價","過去已繳的學費","所有未選方案價值總和","0","放棄夏令營所能得到的價值","","機會成本是選擇時放棄的最佳替代方案價值，本題即夏令營價值，答案 A。","[""實際選擇為購買平板。"",""最佳替代方案是夏令營。"",""放棄夏令營的價值即機會成本，選 A。""]","機會成本是放棄的最佳替代方案價值；題目已指出夏令營是最佳替代，不是所有未選方案總和。","[]","","","","","","","","","","","","","","",""
"SOC-0541","社會","原創會考程度練習","","","九年級上","公民","罪刑法定","中等","素養題","某行為發生時法律並未規定為犯罪，事後新訂法律才將其列為犯罪。原則上不得用新法處罰先前行為，主要依據何者？","行為後才訂定刑罰，仍可處罰先前行為","罪刑法定與禁止不利溯及","只要社會認為有害，即使行為時無法律也可科刑","法院可不受行為時法律限制而自行創設罪名","1","罪刑法定與禁止不利溯及","","人民應能預見行為時的法律後果，刑罰規定原則上不得事後不利溯及，答案 B。","[""確認行為發生在新法制定之前。"",""人民在行為時無法依新法預見刑責。"",""罪刑法定及禁止不利溯及保護可預見性，選 B。""]","以行為時法律判斷刑責；事後新法原則上不得對先前行為作不利處罰，避免人民無從預見。","[]","","","","","","","","","","","","","","",""
"SOC-0542","社會","原創會考程度練習","","","九年級上","公民","無罪推定","基礎","素養題","嫌疑人遭起訴後，法院尚未判決有罪。媒體最適當的稱呼方式為何？","已被法院確定判決有罪者","起訴後即已定罪的罪犯","被告；判決確定前不得預先稱為有罪者","因起訴而喪失出庭權的人","2","被告；判決確定前不得預先稱為有罪者","","案件已起訴，當事人在刑事審判中稱被告；起訴不等於有罪，判決確定前應遵守無罪推定，答案 C。","[""案件尚未有確定有罪判決。"",""起訴不等於法院已定罪。"",""應稱被告並避免預先認定有罪，選 C。""]","起訴只表示檢察官提起公訴，不等於法院已定罪；起訴後稱被告，並避免以罪犯稱之。","[]","","","","","","","","","","","","","","",""
"SOC-0543","社會","原創會考程度練習","","","九年級上","公民","正當法律程序","基礎","素養題","警方詢問嫌疑人時，告知其可保持緘默並請律師協助，主要保障什麼？","參政權","商品選擇權","地方自治","防禦權與正當程序","3","防禦權與正當程序","","告知權利並允許法律協助，使當事人能有效防禦並避免程序不公，答案 D。","[""情境涉及警方偵查詢問。"",""緘默及律師協助讓當事人了解並行使權利。"",""這保障防禦權及正當程序，選 D。""]","緘默權與律師協助讓被詢問者能防禦及尋求法律協助；不是免除後續司法程序。","[]","","","","","","","","","","","","","","",""
"SOC-0544","社會","原創會考程度練習","","","九年級上","公民","依法行政","基礎","素養題","公所拒絕核發人民依法符合資格的證明，卻無法提出法規依據。此爭議最涉及何原則？","依法行政：行政決定須有法律依據並遵守法定職權","司法獨立：法院裁判不受行政干預","比例原則：公權力限制須符合目的與必要程度","地方自治：地方事務由地方自治團體依法處理","0","依法行政：行政決定須有法律依據並遵守法定職權","","行政機關作成決定須依法律及職權，不得任意拒絕人民依法申請，答案 A。","[""辨認行為者為公所等行政機關。"",""人民符合資格但機關未提供法律依據。"",""核心疑慮是未依法行政，選 A。""]","題幹是行政機關拒絕依法符合資格的申請，且說不出法律依據；焦點是有無依法行政。","[]","","","","","","","","","","","","","","",""
"SOC-0545","社會","原創會考程度練習","","","九年級上","公民","比例原則","中等","素養題","為管理少數人在公園騎車，政府禁止所有人全年進入整座公園。若有較小侵害且有效的管理方法，原措施可能違反什麼？","法律保留原則：限制權利須有法律依據","比例原則中的必要性：有同樣有效且侵害較小的方法時，不宜採全面封園","平等原則：相同情況不得任意差別待遇","正當程序：作成處分前須給予陳述機會","1","比例原則中的必要性：有同樣有效且侵害較小的方法時，不宜採全面封園","","題目指出有同樣有效但侵害較小的管理方法，全面封園可能違反比例原則中的必要性要求，答案 B。","[""政策目的在處理公園內騎車行為。"",""全面禁止所有人進入的限制範圍很廣。"",""應選擇足以達成目的且侵害較小的手段，選 B。""]","題目明示存在同樣有效、侵害較小的方法，直接對應比例原則的必要性（最小侵害）要求。","[]","","","","","","","","","","","","","","",""
"SOC-0546","社會","原創會考程度練習","","","九年級上","公民","法律明確性","基礎","素養題","規定只寫「不得有不當行為」，但未定義不當內容或判斷標準。人民最難預見什麼？","規範適用對象是否一律相同","政府是否有權制定任何規則","行為界線及違反後可能承擔的法律效果","行政機關是否必須公開所有個人資料","2","行為界線及違反後可能承擔的法律效果","","規範含義不清會使人民無法預先判斷行為界線及法律效果，答案 C。","[""檢查規定是否有清楚定義與標準。"",""題目指出沒有界定何謂不當。"",""人民難以預見違法行為及後果，選 C。""]","規範若沒有可理解的行為界線與判斷標準，人民難以預見何者違法及其法律效果。","[]","","","","","","","","","","","","","","",""
"SOC-0547","社會","原創會考程度練習","","","九年級上","公民","行政救濟","基礎","素養題","民眾認為主管機關違法撤銷其營業許可，依法循訴願或行政訴訟程序請求審查。這主要屬於何種制度？","刑事救濟：對刑事有罪判決提起上訴","民事救濟：處理私人間契約或侵權爭議","政治參與：透過選舉改變行政機關人事","行政救濟：對違法行政處分循法定程序請求審查","3","行政救濟：對違法行政處分循法定程序請求審查","","爭議源於主管機關撤銷許可，人民可依適用程序循訴願或行政訴訟等行政救濟途徑請求審查，答案 D。","[""爭議來源是主管機關撤銷許可。"",""人民主張行政處分違法並請求審查。"",""此為行政救濟，選 D。""]","先看爭議是否來自行政機關的處分；若是，應循適用的訴願或行政訴訟程序，而非民事或刑事救濟。","[]","","","","","","","","","","","","","","",""
"SOC-0548","社會","原創會考程度練習","","","九年級上","公民","權力分立與制衡","基礎","素養題","立法院要求行政機關提出政策執行報告並接受質詢，主要作用為何？","透過質詢監督行政施政並追究政治責任","取代法院認定人民是否犯罪","由立法院直接執行行政機關的政策","使行政機關不必向民意機關說明施政","0","透過質詢監督行政施政並追究政治責任","","立法機關以質詢檢視行政施政，促成權力制衡及責任政治，答案 A。","[""區分機關：立法院與行政機關。"",""立法機關要求行政部門說明執行成果。"",""這是監督與制衡，選 A。""]","立法院質詢是監督行政施政、要求說明並促進政治責任，不是代替法院審判或親自執行政策。","[]","","","","","","","","","","","","","","",""
"SOC-0549","社會","原創會考程度練習","","","九年級上","公民","司法獨立","基礎","素養題","法官不接受行政首長干預，依法律及證據作成判決。這體現何項原則？","行政中立","司法獨立","地方自治","供需法則","1","司法獨立","","裁判不受行政不當干預、依法獨立作成，是司法獨立，答案 B。","[""題幹描述行政首長可能施加影響。"",""法院應依法律及證據判斷。"",""此為司法獨立，選 B。""]","司法獨立要求法官依法律與證據裁判，不受行政首長不當指揮；與行政機關內部的行政中立不同。","[]","","","","","","","","","","","","","","",""
"SOC-0550","社會","原創會考程度練習","","","九年級上","公民","秘密投票","基礎","素養題","選民在不受他人監看的投票區自行圈選，最主要保障什麼？","選民資格相同者具有平等投票權","選民能直接選出民意代表","投票內容保密，使選民免受監看與脅迫","選舉結果由多數決定","2","投票內容保密，使選民免受監看與脅迫","","投票內容保密可降低選民受威脅、利誘或監視，保障自由意志，答案 C。","[""注意選民自行圈選且不公開內容。"",""他人無法得知個別投票選擇。"",""這保障自由投票，選 C。""]","不受監看且個別選擇保密是秘密投票；它與票票等值、直接選舉及多數決是不同選舉原則。","[]","","","","","","","","","","","","","","",""
"SOC-0551","社會","原創會考程度練習","","","九年級上","公民","代議民主","基礎","素養題","居民選出代表到議會審議地方預算，再透過下次選舉評價其表現。這是什麼制度？","直接民主：公民親自對每項預算表決","責任政治：行政機關對法院負政治責任","世襲統治：議會席次由家族繼承","代議民主","3","代議民主","","選民選出代表代為處理公共事務，並以選舉追究責任，是代議民主，答案 D。","[""人民透過選舉產生議會代表。"",""代表代為審議公共預算。"",""選民可再藉選舉評價，屬代議民主，選 D。""]","選民選出代表代行議會職責，並可用選舉問責，屬代議民主；不是每項預算都由公民直接投票。","[]","","","","","","","","","","","","","","",""
"SOC-0552","社會","原創會考程度練習","","","九年級上","公民","直接民主","基礎","素養題","依法由公民直接投票決定某項公共政策，不經民意代表代為表決。這較接近何者？","直接民主：公民直接對公共議題投票","代議民主：由選出的代表代為表決","司法審查：法院審查法律或行政行為","地方自治：地方自治團體處理地方事務","0","直接民主：公民直接對公共議題投票","","公民本人直接就公共議題投票決定，屬直接民主參與，答案 A。","[""辨認決策者是符合資格的公民。"",""人民直接投票，不由代表代決。"",""因此屬直接民主，選 A。""]","題目說公民直接對政策投票，沒有由代表代決；抓住『誰作最後決定』辨別直接與代議民主。","[]","","","","","","","","","","","","","","",""
"SOC-0553","社會","原創會考程度練習","","","九年級上","公民","地方自治","基礎","素養題","縣民選出縣長與議員，處理地方道路和垃圾清運等事務。這最能呈現什麼？","中央集權：地方事務由中央機關直接決定","地方自治：地方居民透過自治機關處理地方公共事務","司法審判：法院依法律解決爭議","直接民主：每項地方行政工作都由居民逐案投票","1","地方自治：地方居民透過自治機關處理地方公共事務","","地方居民透過選舉及自治機關處理地方公共事務，屬地方自治，答案 B。","[""事務是地方道路及垃圾清運。"",""居民選出地方首長與議員共同治理。"",""這是地方自治，選 B。""]","道路與垃圾清運屬地方公共事務，居民選出地方自治機關處理；不等於每件事都直接投票。","[]","","","","","","","","","","","","","","",""
"SOC-0554","社會","原創會考程度練習","","","九年級上","公民","依法行政與資訊公開","基礎","素養題","市府採購工程後，居民依法申請查閱決標金額與評選標準。公開資訊主要有何功能？","公開政府資料便能取代司法調查及判決","讓得標廠商免受契約及履約監督","促進採購透明，使公眾能監督程序與公帑使用","只要資訊公開，所有採購爭議便會消失","2","促進採購透明，使公眾能監督程序與公帑使用","","採購資料公開讓公眾檢視程序與公帑使用，促進透明和監督，答案 C。","[""資訊關於公共採購與政府支出。"",""居民可檢視決標及評選流程。"",""公開有助公共監督，選 C。""]","公開決標金額與評選標準能讓公眾檢視公帑使用，但不等於自動證明採購無違失或取代司法調查。","[]","","","","","","","","","","","","","","",""
"SOC-0555","社會","原創會考程度練習","","","九年級上","公民","公民參與公共政策","中等","素養題","市府規劃新公園前，蒐集居民意見並公開方案比較資料。這最有助於什麼？","保證所有人都同意","取代民意代表選舉","免除法律規範","讓決策納入資訊及受影響者意見","3","讓決策納入資訊及受影響者意見","","資訊公開與意見蒐集有助決策者了解影響及民眾需求，但不保證一致同意，答案 D。","[""政府公開不同方案資訊。"",""居民可表達在地需求及疑慮。"",""決策因此能納入多方資訊，選 D。""]","公民參與能讓政策納入受影響者資訊，但參與程序不保證所有人同意，也不取代依法決策。","[]","","","","","","","","","","","","","","",""
"SOC-0556","社會","原創會考程度練習","","","九年級上","公民","利益團體與政策","基礎","素養題","環保團體整理空污資料並向議會提出減污建議，主要是在如何參與政治？","以集體倡議表達特定議題利益並影響政策","代替民意機關依法表決並直接制定所有法律","以司法權判決污染案件的刑責","取代選舉，使政府不再需要民意授權","0","以集體倡議表達特定議題利益並影響政策","","利益團體透過資料及倡議表達特定議題立場，希望影響政策，答案 A。","[""團體聚焦空氣污染議題。"",""它向民意機關提出資料和建議。"",""這是表達利益與影響政策，選 A。""]","利益團體可蒐集資料、倡議並影響政策，但不因此取得政府職權，也不能取代議會或選舉。","[]","","","","","","","","","","","","","","",""
"SOC-0557","社會","原創會考程度練習","","","九年級上","公民","言論自由與責任","基礎","素養題","居民在公共論壇批評道路工程並提出公開資料，未威脅他人或散布個資。主要涉及何權利？","集會結社自由：組織集會或團體表達訴求","言論自由：表達對公共工程的意見與批評","隱私權：控制個人私密資訊的揭露","被選舉權：依法登記參選公職","1","言論自由：表達對公共工程的意見與批評","","以言論表達公共議題意見及批評，屬言論自由保障，答案 B。","[""內容是道路工程等公共議題。"",""居民提出批評及資料。"",""主要涉及言論自由，選 B。""]","情境重點是居民以言論評論公共政策；沒有描述集會、參選或揭露個資等其他行為。","[]","","","","","","","","","","","","","","",""
"SOC-0558","社會","原創會考程度練習","","","九年級上","公民","個人資料保護","基礎","素養題","社團未向會員說明用途及保護方式，就將電話與住址公開在社群網站，最直接的法律疑慮為何？","選舉秘密投票原則受到限制","政府資訊公開原則未被遵守","個人資料及隱私權益可能受侵害","言論自由使所有個資都可任意公開","2","個人資料及隱私權益可能受侵害","","電話與住址可識別個人，蒐集與公開應有適當目的及保護；未說明用途和保護方式便公開，可能侵害個資與隱私權益，答案 C。","[""確認資料包含可識別個人的聯絡資訊。"",""公開對象是無關社群使用者。"",""應注意隱私與個資保護，選 C。""]","電話與住址是可識別資料；公開前須考量蒐集目的、告知及安全保護，不能以言論自由概括正當化。","[]","","","","","","","","","","","","","","",""
"SOC-0559","社會","原創會考程度練習","","","九年級上","公民","平等原則與合理差別","基礎","素養題","政府為視障者提供點字及語音服務，使其能取得與其他人相同的公共資訊。此措施主要追求什麼？","形式平等：不論需求一律提供完全相同的資訊形式","特別優待：無須考量實際障礙而給予利益","差別待遇：因障礙而排除其取得公共資訊的機會","實質平等：採合理措施消除障礙，讓不同者能平等近用","3","實質平等：採合理措施消除障礙，讓不同者能平等近用","","依不同需求提供合理協助，消除實際障礙並促進平等使用，屬實質平等，答案 D。","[""辨認措施針對視覺障礙造成的資訊障礙。"",""點字與語音讓資訊可近用。"",""這促進實質平等，選 D。""]","平等不必然是提供完全相同形式；點字與語音是為排除資訊障礙，促進實際近用機會。","[]","","","","","","","","","","","","","","",""
"SOC-0560","社會","原創會考程度練習","","","九年級上","公民","公民權利與法律救濟","中等","素養題","行政機關以身分差異拒絕符合資格者使用公共服務，當事人應優先主張什麼？","主張依法平等使用服務，並循法定程序尋求救濟","要求所有公共服務取消資格條件與法律規範","自行處分機關設備以抵銷未獲服務的損失","公開承辦人及其他民眾的個人資料施壓","0","主張依法平等使用服務，並循法定程序尋求救濟","","若無合理法律依據而差別待遇，當事人可主張平等權並循法定途徑救濟，答案 A。","[""先確認當事人符合服務資格。"",""機關因身分差異拒絕，可能構成不合理差別。"",""可主張平等並依法救濟，選 A。""]","先核對當事人是否符合服務資格及差別待遇有無合理法律依據，再主張平等權並循法定救濟。","[]","","","","","","","","","","","","","","",""
"SOC-0561","社會","原創會考程度練習","","","九年級上","歷史資料判讀","史料來源判讀","中等","素養題","研究日治時期某地鐵路發展，手上有當年車站照片、工程預算表及居民日記。最適合的研究作法是什麼？","只挑選支持研究者原先看法的單一來源","比對不同來源，核對年代、作者立場與形成背景","遇到內容不一致便刪除其中一種資料","以今日車站規模直接推定當年建設情形","1","比對不同來源，核對年代、作者立場與形成背景","","照片、預算表與日記記錄角度不同，交叉比對並了解來源背景能提高解讀可信度，答案 B。","[""列出資料類型及可能用途。"",""比較時間、內容與記錄立場是否相符。"",""交叉檢驗並考量形成背景，選 B。""]","不同史料可能記錄不同面向；比對年代、作者與用途，差異需解釋而不是直接刪除或選邊採信。","[]","","","","","","","","","","","","","","",""
"SOC-0562","社會","原創會考程度練習","","","九年級上","歷史資料判讀","歷史因果判讀","中等","素養題","某港口在鐵路通車後商業增加，但同期也新建碼頭並降低關稅。僅憑此資料能否判定鐵路是商業成長唯一原因？","能，通車在商業增加之前即可證明唯一因果","能，只要鐵路存在，碼頭與關稅便不會影響交易","不能，碼頭、關稅及其他條件也可能影響商業","不能，因為歷史資料無法用來研究因果","2","不能，碼頭、關稅及其他條件也可能影響商業","","鐵路、碼頭及關稅均可能影響商業活動，單憑同時變化不足以確認單一因果，答案 C。","[""找出同期發生的三項變化。"",""每項都可能影響運輸成本及交易。"",""需要更多資料區分因果，選 C。""]","時間先後不等於唯一因果；碼頭與關稅同期改變，需找能區分各因素影響的比較資料。","[]","","","","","","","","","","","","","","",""
"SOC-0563","社會","原創會考程度練習","","","九年級上","地理技能","地圖比例尺換算","基礎","素養題","地圖比例尺為 1：200,000，甲乙兩地圖上相距 3.5 公分，實際距離是多少公里？","700 公里，將比例尺倍率直接視為公里","0.7 公里，少算圖上距離的倍率","70 公里，公分換算公里時少除以 10","7 公里，先乘比例尺再換算單位","3","7 公里，先乘比例尺再換算單位","","實際距離＝3.5×200,000＝700,000 公分＝7,000 公尺＝7 公里，答案 D。","[""圖上 1 公分代表實地 200,000 公分。"",""3.5 公分代表 700,000 公分。"",""換算為 7 公里，選 D。""]","先算 3.5×200,000＝700,000 公分，再用 100,000 公分＝1 公里換算，避免漏掉公分轉公里。","[]","","","","","","","","","","","","","","",""
"SOC-0564","社會","原創會考程度練習","","","九年級上","地形與土地利用","等高線判讀","基礎","素養題","地形圖等高距相同，甲地等高線密集，乙地等高線稀疏。哪項判斷正確？","甲地坡度較陡，因相同高差集中在較短水平距離","乙地海拔較高，因等高線間距較大","甲地必為山谷，因等高線較密","乙地坡度較陡，因等高線較疏","0","甲地坡度較陡，因相同高差集中在較短水平距離","","相同高度差下，等高線愈密表示水平距離愈短，坡度愈陡，答案 A。","[""等高距相同代表垂直高度差一致。"",""甲處線距較窄，水平距離較短。"",""甲地坡度較陡，選 A。""]","等高距相同時，垂直高差相同；線距越密表示水平距離越短、坡度越陡，不代表海拔較高。","[]","","","","","","","","","","","","","","",""
"SOC-0565","社會","原創會考程度練習","","","九年級上","氣候圖表判讀","氣候圖表判讀","基礎","素養題","甲地最冷月與最暖月均溫分別為 11°C、27°C；乙地分別為 20°C、25°C。哪地年溫差較大？","乙地，因最暖月均溫較高","兩地相同，因兩地都有暖月與冷月","甲地，因最暖月減最冷月的差較大","資料不足，因未提供各地年雨量","2","甲地，因最暖月減最冷月的差較大","","甲地年溫差為 27－11＝16°C；乙地為 25－20＝5°C，因此甲地較大，答案 C。","[""年溫差以最暖月減最冷月計算。"",""甲地 16°C，乙地 5°C。"",""甲地年溫差較大，選 C。""]","年溫差以最暖月減最冷月：甲為 27－11＝16°C，乙為 25－20＝5°C；不需要年雨量。","[]","","","","","","","","","","","","","","",""
"SOC-0566","社會","原創會考程度練習","","","九年級上","地理","河川集水區","基礎","素養題","降雨落在山坡後經多條支流匯入同一主河，再由共同出口排出。這片共同排水範圍稱為什麼？","海蝕平台","集水區","沙洲","沖積扇","1","集水區","","由地表水匯入同一水系並由共同出口排出的範圍，稱為集水區，答案 B。","[""觀察多條支流匯入主河。"",""它們共同排水至同一出口。"",""這個範圍稱為集水區，選 B。""]","集水區是地表水匯入同一河川出口的範圍；山脊等分水界通常界定其邊界。","[]","","","","","","","","","","","","","","",""
"SOC-0567","社會","原創會考程度練習","","","九年級上","臺灣地理","季風與迎風坡","中等","素養題","冬季東北季風吹向臺灣，迎風的東北部山區較常出現何種天氣？","氣流下沉增溫，使迎風坡降雨減少","暖乾空氣越過山脈後在迎風坡形成焚風","濕潤氣流受地形抬升冷卻，較易形成雲雨","迎風與背風兩側降雨量必定相同","2","濕潤氣流受地形抬升冷卻，較易形成雲雨","","濕潤氣流遇山地抬升冷卻，水氣凝結，迎風坡較易形成雲雨，答案 C。","[""先判斷東北部位於東北季風迎風側。"",""空氣沿地形抬升並冷卻。"",""水氣凝結使雲雨較多，選 C。""]","東北季風帶來水氣，迎風氣流受地形抬升冷卻而凝結；焚風通常出現在越嶺下沉的背風側。","[]","","","","","","","","","","","","","","",""
"SOC-0568","社會","原創會考程度練習","","","九年級上","地理技能","人口密度計算","基礎","素養題","甲市人口 450,000 人、面積 150 平方公里。若人口增加 90,000 人而市域面積不變，人口密度會增加多少人／平方公里？","300 人／平方公里","3,000 人／平方公里","3,600 人／平方公里","600 人／平方公里","3","600 人／平方公里","","面積固定時，密度增加量等於新增人口除以面積：90,000÷150＝600 人／平方公里，答案 D。原密度 3,000，增加後為 3,600；題目問的是增加量，不是新密度。","[""題目問密度增加量，只需用新增人口 90,000 除以固定面積 150。"",""90,000÷150＝600 人／平方公里。"",""因此密度增加 600 人／平方公里，選 D。""]","分清「增加量」與「增加後的密度」；若求新密度，才要再加上原本的 3,000。","[]","","","","","","","","","","","","","","",""
"SOC-0569","社會","原創會考程度練習","","","九年級上","都市地理與土地利用","都市熱島成因","中等","素養題","晴朗夜晚市中心比郊區暖，且市中心柏油多、樹木少。最合理的解釋為何？","鋪面白天蓄熱、夜間釋出，且植被蒸散降溫較少","夜間市中心仍受太陽直射，郊區則完全無日照","市區較暖只可能由緯度不同造成，地表材質無關","柏油反射日照較多，因此夜間持續升溫","0","鋪面白天蓄熱、夜間釋出，且植被蒸散降溫較少","","人工鋪面白天蓄熱、夜間釋放，植被較少也降低蒸散降溫，答案 A。","[""比較兩地地表材質及植被。"",""柏油蓄熱並於夜間釋出。"",""市中心因此可能較暖，選 A。""]","夜間差異可由白天蓄熱後釋放及植被蒸散較少解釋；不是夜間仍有日照，也不能只憑此斷言唯一成因。","[]","","","","","","","","","","","","","","",""
"SOC-0570","社會","原創會考程度練習","","","九年級上","都市地理與防災","都市洪水與透水面","基礎","素養題","都市擴建後大量農地改為柏油道路，暴雨時積水變嚴重。主要原因為何？","地下水補注增加，地表逕流減少","雨水入滲減少、地表逕流增加","河川流速必定降低，與地表材質無關","都市降雨量必定增加，與土地利用無關","1","雨水入滲減少、地表逕流增加","","柏油不透水，降低雨水入滲並加快地表逕流，增加排水負荷與積水風險，答案 B。","[""比較農地與柏油地的透水能力。"",""柏油使雨水較難入滲。"",""更多雨水形成地表逕流，選 B。""]","不透水鋪面降低入滲、增加快速逕流與排水負荷；這會提高積水風險，但不表示降雨量必然改變。","[]","","","","","","","","","","","","","","",""
"SOC-0571","社會","原創會考程度練習","","","九年級上","經濟與公民","需求增加與價格","基礎","素養題","某場音樂祭討論度升高，使想購票人數增加；該場次可售座位已固定。若票券可自由交易，均衡價格較可能如何變化？","座位數固定，因此需求變化不會影響價格","需求增加會使票券較容易取得，價格下降","需求增加而供給固定，價格有上升壓力","需求增加會使均衡價格必然降為零","2","需求增加而供給固定，價格有上升壓力","","需求增加而座位供給固定，買方競爭原有票券，價格有上升壓力，答案 C。","[""加場消息提高購票意願，需求增加。"",""短期座位數量固定。"",""供給不變而需求上升，價格有上升壓力，選 C。""]","此題固定的是可售座位供給，變動的是購票需求；需求增加會推升均衡價格，不是因為座位增加。","[]","","","","","","","","","","","","","","",""
"SOC-0572","社會","原創會考程度練習","","","九年級上","經濟與公民","供給增加與價格","基礎","素養題","新技術使養殖場能以相同成本生產更多魚貨，消費需求不變時市場價格較可能如何？","供給增加使魚貨稀少，價格上升","供給增加而需求不變，價格有下降壓力","需求不變代表均衡價格必定固定","供給增加使魚貨全部免費","3","供給增加使魚貨全部免費","","技術提升增加供給，需求不變時商品較充足，均衡價格有下降壓力，答案 D。","[""新技術提高每單位投入的產量。"",""市場供給因此增加。"",""需求不變時價格較可能下降，選 D。""]","新技術提高供給能力而需求不變，均衡價格有下降壓力；不代表價格一定降到零。","[]","","","","","","","","","","","","","","",""
"SOC-0573","社會","原創會考程度練習","","","九年級上","經濟與公民","替代品與需求","基礎","素養題","公車票價上漲後，部分通勤者改騎共享單車。公車與共享單車對這些通勤者屬於何種關係？","替代品：一種價格上升時，消費者改用另一種滿足相近需求","互補品：兩種商品常一起使用，其中一種變貴會降低另一種需求","公共財：難以排除未付費者且多人可同時受益","生產要素：投入商品或服務生產的土地、勞動或資本","0","替代品：一種價格上升時，消費者改用另一種滿足相近需求","","公車變貴後改用共享單車，表示後者可替代前者，答案 A。","[""觀察消費者因公車票價上漲而改變選擇。"",""通勤目的可由兩種方式達成。"",""因此兩者是替代品，選 A。""]","公車與共享單車都能完成通勤；公車變貴後轉用單車，反映替代關係而非共同使用。","[]","","","","","","","","","","","","","","",""
"SOC-0574","社會","原創會考程度練習","","","九年級上","經濟與公民","互補品與需求","基礎","素養題","電動自行車銷量增加後，常與其搭配使用的充電設備需求較可能如何？","減少，因電動自行車增加會降低充電需求","增加，因兩者常搭配使用，屬互補商品","不變，因不同商品的需求必定互不影響","成為公共財，因購買量增加便無法排除未付費者","1","增加，因兩者常搭配使用，屬互補商品","","電動自行車與充電設備需搭配使用，前者增加通常帶動後者需求增加，答案 B。","[""辨認兩種商品的搭配使用關係。"",""更多電動自行車增加充電需求。"",""充電設備需求較可能增加，選 B。""]","充電設備與電動自行車常一起使用，屬互補品；前者需求通常隨後者增加，但不保證增幅相同。","[]","","","","","","","","","","","","","","",""
"SOC-0575","社會","原創會考程度練習","","","九年級上","經濟與公民","機會成本","基礎","素養題","小安用週末時間準備會考，因此放棄最想參加的籃球賽。若球賽是最佳替代方案，機會成本是什麼？","準備考試時買下的參考書價格","已支出且無法取回的餐費","放棄的最佳替代方案——參加球賽的價值","所有未選週末活動的價值加總","2","放棄的最佳替代方案——參加球賽的價值","","機會成本是選擇時放棄的最佳替代方案價值，本題為球賽，答案 C。","[""實際選擇為週末準備考試。"",""放棄的最佳替代方案是籃球賽。"",""球賽的價值為機會成本，選 C。""]","機會成本是放棄的最佳替代方案價值；已支出的餐費是沉沒成本，其他未選活動不必全部加總。","[]","","","","","","","","","","","","","","",""
"SOC-0576","社會","原創會考程度練習","","","九年級上","經濟與公民","公共財","基礎","素養題","全市防災警報可同時向居民發布訊息，難以排除未付費者使用，且一人接收不會減少他人接收。這屬於什麼？","私人財：可排除未付費者且一人使用會減少他人可用量","俱樂部財：可排除未付費者，但多人使用未必互相排擠","共有資源：難以排除使用者，但使用可能互相競爭","公共財：難以排除未付費者，且具有非敵對性","3","公共財：難以排除未付費者，且具有非敵對性","","防災警報具有難以排除及多人同時受益的特性，符合公共財概念，答案 D。","[""判斷是否能排除未付費居民：不易。"",""一人收到訊息不會耗盡他人受益。"",""符合公共財特性，選 D。""]","用排他性與敵對性判斷：警報難排除居民，且一人接收不妨礙他人接收，符合公共財。","[]","","","","","","","","","","","","","","",""
"SOC-0577","社會","原創會考程度練習","","","九年級上","經濟與公民","負外部性","基礎","素養題","工廠排放粉塵使鄰近居民額外花費安裝空氣清淨設備，工廠未補償居民。這是何種現象？","負外部性","正外部性","消費者剩餘","比較利益","0","負外部性","","工廠生產造成交易以外居民承受未補償損害，屬負外部性，答案 A。","[""受影響者是附近居民，不是工廠交易雙方。"",""居民承擔額外設備費用。"",""此為負外部性，選 A。""]","粉塵使非交易當事人承擔額外健康或設備成本且未補償，是負外部性；若居民受益才是正外部性。","[]","","","","","","","","","","","","","","",""
"SOC-0578","社會","原創會考程度練習","","","九年級上","經濟與公民","市場競爭","基礎","素養題","某地原只有一家有線電視業者，後有新公司進入提供替代方案。最可能直接增加什麼？","所有業者的價格及品質必須完全相同","消費者可比較的服務方案與替代選擇","原有消費需求必然消失","市場競爭使消費者保護規範不再必要","1","消費者可比較的服務方案與替代選擇","","新業者加入增加服務選項，消費者可比較價格及品質，答案 B。","[""原市場只有一家服務提供者。"",""新公司帶來替代方案。"",""消費者選擇增加，選 B。""]","新業者帶來替代方案，直接增加消費者選擇；競爭不保證免費、同價，也不代表無須監管。","[]","","","","","","","","","","","","","","",""
"SOC-0579","社會","原創會考程度練習","","","九年級上","經濟與公民","匯率與進口成本","中等","素養題","新臺幣升值，進口商以美元購買原料，其他條件不變時，換算成臺幣的成本較可能如何？","提高，因同額美元需要更多新臺幣兌換","必定不變，因匯率不影響進口商成本","降低，同額美元可用較少新臺幣兌換","直接免除關稅，且不再需支付運費","2","降低，同額美元可用較少新臺幣兌換","","臺幣升值代表同額美元可用較少臺幣換得，進口原料臺幣成本可能降低，答案 C。","[""原料以美元計價，付款使用臺幣。"",""臺幣升值後每美元所需臺幣減少。"",""換算成本較可能下降，選 C。""]","臺幣升值表示一元臺幣可換得較多外幣；美元標價不變時，折算臺幣的成本較低，關稅不因此消失。","[]","","","","","","","","","","","","","","",""
"SOC-0580","社會","原創會考程度練習","","","九年級上","經濟與公民","供需同時變動","中等","素養題","觀光旺季使海鮮餐廳需求增加，同時漁船休漁使魚貨供給減少。若無變動幅度資料，哪項判斷合理？","價格下降；需求增加會降低價格，供給減少會提高成交量","價格與成交量都不變，因兩項變化互相抵銷","需求增加會使供給曲線也必定右移","價格有上升壓力；成交量方向需視兩項變動幅度而定","3","價格有上升壓力；成交量方向需視兩項變動幅度而定","","需求增加推升價格和成交量；供給減少推升價格、降低成交量。因此價格有上升壓力，但成交量方向不確定，答案 D。","[""需求增加會推升價格與成交量。"",""供給減少會推升價格、降低成交量。"",""價格效果同向，成交量效果相反，選 D。""]","需求增加與供給減少都推升價格；兩者對成交量的作用相反，未給變動幅度便不能確定數量方向。","[]","","","","","","","","","","","","","","",""
"SOC-0581","社會","原創會考程度練習","","","九年級上","地理技能","人口出生率計算","基礎","素養題","某鄉鎮一年出生 240 人，年中人口為 30,000 人。粗出生率約為每千人多少人？","8‰","12‰","80‰","0.8‰","0","8‰","","粗出生率＝出生人數÷年中人口×1,000＝240÷30,000×1,000＝8‰，答案 A。","[""列出公式：出生人數除以年中人口。"",""240÷30,000＝0.008。"",""乘以 1,000 得 8‰，選 A。""]","粗出生率＝出生人數÷年中人口×1,000；算出 0.008 後要換成每千人，故為 8‰。","[]","","","","","","","","","","","","","","",""
"SOC-0582","社會","原創會考程度練習","","","九年級上","地理技能","人口死亡率計算","基礎","素養題","某地一年死亡 500 人，年中人口 100,000 人。粗死亡率為每千人多少人？","50‰","5‰","0.5‰","20‰","1","5‰","","粗死亡率＝500÷100,000×1,000＝5‰，答案 B。","[""死亡率分子為死亡人數。"",""500÷100,000＝0.005。"",""換算每千人為 5 人，選 B。""]","粗死亡率同樣乘以 1,000；500÷100,000＝0.005，也就是每千人 5 人，不是 0.5‰。","[]","","","","","","","","","","","","","","",""
"SOC-0583","社會","原創會考程度練習","","","九年級上","地理技能","人口自然增加率","基礎","素養題","甲地出生率 10‰、死亡率 6‰，不計遷移時自然增加率為多少？","6‰","16‰","4‰","10‰","2","4‰","","自然增加率＝出生率－死亡率＝10‰－6‰＝4‰，答案 C。","[""寫出自然增加率公式。"",""代入出生率與死亡率。"",""10－6＝4‰，選 C。""]","自然增加率＝出生率－死亡率；題目已排除遷移，所以不再加減淨遷移率。","[]","","","","","","","","","","","","","","",""
"SOC-0584","社會","原創會考程度練習","","","九年級上","地理技能","人口遷移淨值","基礎","素養題","乙市一年遷入 7,200 人、遷出 6,500 人，淨遷移人口為何？","淨遷出 700 人","淨遷入 13,700 人","人口不變","淨遷入 700 人","3","淨遷入 700 人","","淨遷移＝遷入－遷出＝7,200－6,500＝700，表示淨遷入 700 人，答案 D。","[""用遷入人數減遷出人數。"",""7,200－6,500＝700。"",""正值代表淨遷入，選 D。""]","淨遷移＝遷入－遷出；正值代表遷入多於遷出，不能把兩數相加當淨值。","[]","","","","","","","","","","","","","","",""
"SOC-0585","社會","原創會考程度練習","","","九年級上","地理技能","人口密度比較","基礎","素養題","甲區面積 30 平方公里、人口 120,000 人；乙區面積 50 平方公里、人口 150,000 人。乙區人口比甲區多，但兩區人口密度相差多少人／平方公里？","甲區比乙區高 1,000 人／平方公里","乙區比甲區高 1,000 人／平方公里","兩區相同","資料不足","0","甲區比乙區高 1,000 人／平方公里","","甲區密度為 120,000÷30＝4,000 人／平方公里；乙區為 150,000÷50＝3,000 人／平方公里。甲區比乙區高 1,000 人／平方公里，答案 A。","[""分別計算人口除以面積，不能只比較總人口。"",""甲區密度 4,000，乙區密度 3,000 人／平方公里。"",""4,000−3,000＝1,000，甲區較高，選 A。""]","人口較多不等於人口密度較高；密度比較要同時考慮面積，最後再看題目問的是差值還是較高者。","[]","","","","","","","","","","","","","","",""
"SOC-0586","社會","原創會考程度練習","","","九年級上","人口與社會","年齡結構比較","基礎","素養題","甲地總人口 240 萬人，其中 65 歲以上人口 36 萬人；乙地總人口 120 萬人，其中 65 歲以上人口 24 萬人。哪地高齡人口占總人口的比例較高？","甲地，為 15%","乙地，為 20%","兩地都是 20%","資料不足","1","乙地，為 20%","","高齡人口比例＝65 歲以上人口÷總人口。甲地為 36÷240＝15%；乙地為 24÷120＝20%。乙地高齡人口占比高，答案 B。","[""比較年齡結構要算比例，不能只看高齡人口的絕對人數。"",""甲地比例為 36÷240＝15%；乙地為 24÷120＝20%。"",""20% 大於 15%，所以乙地高齡人口占比較高，選 B。""]","看高齡化程度時要用高齡人口除以總人口；人口規模不同，不能直接比較高齡人口人數。","[]","","","","","","","","","","","","","","",""
"SOC-0587","社會","原創會考程度練習","","","九年級上","人口與區域發展","人口變動與遷徙","中等","素養題","某縣年初人口為 12 萬人，全年出生 6,000 人、死亡 5,000 人，年底人口為 12 萬 5,000 人。若統計沒有誤差，下列推論何者合理？","人口自然增加 5,000 人，沒有遷徙","淨遷出約 4,000 人","淨遷入約 4,000 人","人口自然減少 1,000 人","2","淨遷入約 4,000 人","","人口自然增加＝出生 6,000−死亡 5,000＝1,000 人。人口實際增加 12.5 萬−12 萬＝5,000 人；差額 5,000−1,000＝4,000 人須由遷徙淨增加補足，因此約淨遷入 4,000 人，答案 C。","[""先算自然增加：6,000−5,000＝1,000 人。"",""再算總人口實際增加：125,000−120,000＝5,000 人。"",""實際增加比自然增加多 4,000 人，表示淨遷入約 4,000 人，選 C。""]","總人口變化＝自然增加＋淨遷移；先各算兩項，再用總增量減自然增加求遷移淨值。","[]","","","","","","","","","","","","","","",""
"SOC-0588","社會","原創會考程度練習","","","九年級上","人口與社會","人口金字塔判讀","基礎","素養題","某地單一年份的人口金字塔底部明顯狹窄、上部逐漸變寬，較合理的結構描述為何？","出生率必定極高","各年齡層人口相同","人口沒有遷移","幼年人口占比較低，較高年齡人口占比較高","3","幼年人口占比較低，較高年齡人口占比較高","","底部狹窄表示該年幼年人口比重較低，上部較寬表示較高年齡人口比重較高；單一年份圖形描述結構，不能單獨證明長期變化趨勢，答案 D。","[""金字塔底部代表幼年人口。"",""上部代表較高年齡人口。"",""可描述為幼年人口比重低、較高年齡人口比重高，選 D。""]","金字塔底部代表幼年人口、上部代表較高年齡層；單一年份只能描述結構，判斷趨勢需比較不同年份。","[]","","","","","","","","","","","","","","",""
"SOC-0589","社會","原創會考程度練習","","","九年級上","人口與區域發展","人口遷移推力","基礎","素養題","某地長期缺水且農作歉收，居民因此離開家鄉到外地工作。缺水對原居地而言屬何因素？","推力","拉力","人口自然增加","都市熱島","0","推力","","原居地缺水使生計惡化並促使居民遷出，是遷移推力，答案 A。","[""因素發生在居民原居地。"",""缺水及歉收降低留下的條件。"",""因此屬推力，選 A。""]","推力來自原居地、使人想離開；缺水及歉收降低原地生計條件，是推力而非目的地拉力。","[]","","","","","","","","","","","","","","",""
"SOC-0590","社會","原創會考程度練習","","","九年級上","人口與區域發展","人口遷移拉力","基礎","素養題","沿海工業區提供較多工作機會，吸引內陸居民搬入。工業區的工作機會屬於何者？","遷出地推力","遷入地拉力","出生率","人口密度","1","遷入地拉力","","目的地工作機會吸引居民遷入，屬人口遷移拉力，答案 B。","[""判定工業區是人口移入的目的地。"",""工作機會提升目的地吸引力。"",""這是拉力，選 B。""]","拉力來自目的地、吸引人口遷入；工作機會位於沿海工業區，因此是遷入地拉力。","[]","","","","","","","","","","","","","","",""
"SOC-0591","社會","原創會考程度練習","","","九年級上","人口與都市","都市化與公共設施","中等","素養題","城市人口十年增加 25%，但污水處理廠容量未變。地方政府最應優先評估什麼？","只依人口增幅直接決定擴建規模，不查污水負荷","只增加監測頻率，不檢視處理容量是否足夠","依人均污水量、尖峰負荷與成長區位檢視量能，再評估是否擴建","認定新增人口必然全由出生造成，排除遷入可能","2","依人均污水量、尖峰負荷與成長區位檢視量能，再評估是否擴建","","人口增加可能提高污水量，但是否擴建仍須依人均排放、尖峰負荷及成長區位評估，答案 C。","[""人口成長可能增加污水處理需求。"",""人口數本身不足以決定擴建規模，還要看人均污水量與尖峰負荷。"",""結合成長位置與既有量能評估是否擴充，選 C。""]","人口成長提示需求可能增加，但擴建判斷還要看人均污水量、尖峰負荷、成長區位與現有餘裕。","[]","","","","","","","","","","","","","","",""
"SOC-0592","社會","原創會考程度練習","","","九年級上","都市地理與土地利用","都市熱島與植被","基礎","素養題","市區增加行道樹後，夏季街道地表溫度較低。可能的主要原因為何？","樹木阻擋部分日照並蒸散帶走熱量，降低局部地表受熱","樹蔭會使整條街道全天完全沒有太陽輻射","行道樹增加後，都市熱島與其他熱源便會完全消失","樹木改變風向後，街道空氣不再與外界交換","3","樹木改變風向後，街道空氣不再與外界交換","","樹蔭降低地面直接受熱，植物蒸散也有助散熱，答案 D。","[""行道樹形成遮蔭。"",""植被蒸散會帶走部分熱能。"",""局部地表溫度可能下降，選 D。""]","遮蔭減少地表直接受熱，蒸散有助散熱；效果是局部降溫，不代表太陽輻射或整個都市熱島消失。","[]","","","","","","","","","","","","","","",""
"SOC-0593","社會","原創會考程度練習","","","九年級上","都市地理與防災","都市洪水與濕地","基礎","素養題","濕地被填平興建停車場後，豪雨時周邊積水更嚴重。濕地原本最可能發揮什麼功能？","暫存部分雨水並延緩地表逕流","讓任何強度的降雨都不再造成積水","使填平後的地表入滲量必定增加","直接降低降雨量而非調節逕流","0","暫存部分雨水並延緩地表逕流","","濕地可滯留雨水並減緩逕流，填平後蓄水緩衝空間減少，答案 A。","[""辨認濕地的蓄水環境。"",""填平後地表更不易暫存雨水。"",""逕流與積水風險可能提高，選 A。""]","濕地可暫存部分雨水、延緩逕流，但無法保證消除所有洪水；填平會減少可蓄水空間。","[]","","","","","","","","","","","","","","",""
"SOC-0594","社會","原創會考程度練習","","","九年級上","臺灣地理","季風與地形雨","基礎","素養題","夏季西南季風帶來水氣，臺灣西南部山區迎風坡較容易出現什麼？","氣流越嶺後在迎風坡下沉增溫，形成乾燥背風效應","濕潤氣流受地形抬升冷卻，較易形成雲雨","西南季風使西南部山區全年不會出現雲雨","地形抬升會使迎風與背風坡雨量必定相同","1","濕潤氣流受地形抬升冷卻，較易形成雲雨","","濕潤氣流遇山地抬升冷卻，凝結成雲雨，迎風坡較易降雨，答案 B。","[""確認西南氣流帶有水氣。"",""氣流受地形抬升並冷卻。"",""水氣凝結造成地形雨，選 B。""]","西南氣流帶來水氣，迎風坡空氣抬升冷卻形成地形雨；下沉增溫較常對應背風側焚風。","[]","","","","","","","","","","","","","","",""
"SOC-0595","社會","原創會考程度練習","","","九年級上","地形與土地利用","河川侵蝕與地形","基礎","素養題","河流上游坡度大、水流急，河谷常呈狹窄的 V 字形。主要地形作用為何？","側向侵蝕較強，使河道快速向兩側拓寬","河流搬運物全部沉積，形成平坦三角洲","向下侵蝕較強，河水切深河床形成狹谷","風力堆積砂粒，形成新月形沙丘","2","向下侵蝕較強，河水切深河床形成狹谷","","上游坡陡流急，河水向下切割河床較強，常形成狹窄 V 字谷，答案 C。","[""觀察位置為河川上游。"",""坡度大使水流急，向下侵蝕能力強。"",""形成 V 字形河谷，選 C。""]","上游坡陡流急，垂直切割河床的向下侵蝕較強；河道向兩側拓寬更常見於坡度較緩河段。","[]","","","","","","","","","","","","","","",""
"SOC-0596","社會","原創會考程度練習","","","九年級上","經濟與公民","需求增加與均衡價格","基礎","素養題","某款運動鞋獲得熱門球星代言，消費者偏好增加而供給不變。市場均衡價格較可能如何？","下降，因需求增加會使買方競爭減少","不變，因供給不變就能固定市場價格","歸零，因偏好提升會讓商品失去價值","上升，因偏好提高使需求增加而供給未變","3","上升，因偏好提高使需求增加而供給未變","","代言使需求增加，供給不變時均衡價格有上升壓力，答案 D。","[""球星代言改變消費者偏好。"",""偏好提高使需求增加。"",""需求增加、供給不變，價格較可能上升，選 D。""]","球星代言改變的是消費者偏好，使需求曲線右移；供給不變時均衡價格有上升壓力。","[]","","","","","","","","","","","","","","",""
"SOC-0597","社會","原創會考程度練習","","","九年級上","經濟與公民","生產成本與供給","基礎","素養題","麵粉與電費同時漲價，使麵包店每個麵包成本增加。其他條件不變，麵包供給較可能如何？","減少，因投入成本上升會降低原價格下的供給意願","增加，因成本較高會使業者供應更多商品","需求必定加倍，因麵粉與電費同時漲價","供給不變，因成本變動只影響消費者需求","0","減少，因投入成本上升會降低原價格下的供給意願","","生產投入成本上升會降低原價格下的利潤與供應意願，使供給減少，答案 A。","[""麵粉和電費皆是生產成本。"",""成本提高壓縮麵包店利潤。"",""供給較可能減少，選 A。""]","麵粉與電費是生產投入；成本上升使原價格下的利潤降低，供給曲線可能左移，並非需求必然改變。","[]","","","","","","","","","","","","","","",""
"SOC-0598","社會","原創會考程度練習","","","九年級上","經濟與公民","需求彈性","中等","素養題","某商品漲價 10% 後，購買量只減少 1%，其他條件不變。需求對價格的反應較接近何者？","富有彈性，彈性係數大於 1","缺乏彈性，彈性係數約為 1%÷10%＝0.1，小於 1","單位彈性，因價格百分比變動等於數量百分比變動","供給彈性無限，因題目描述的是需求量反應","1","缺乏彈性，彈性係數約為 1%÷10%＝0.1，小於 1","","需求價格彈性係數＝需求量變動率絕對值÷價格變動率＝1%÷10%＝0.1，小於 1，需求缺乏彈性，答案 B。","[""用需求量變動率絕對值除以價格變動率。"",""1%÷10%＝0.1。"",""係數小於 1，需求缺乏彈性，選 B。""]","彈性係數用需求量百分比變動的絕對值除以價格百分比變動；0.1 小於 1，表示缺乏彈性。","[]","","","","","","","","","","","","","","",""
"SOC-0599","社會","原創會考程度練習","","","九年級上","經濟與公民","機會成本","基礎","素養題","小傑選擇週末打工，放棄原本最想參加的登山活動。機會成本為何？","打工場所購置設備的全部成本","已支付且無法取回的學費","放棄的最佳替代選擇——登山活動的價值","所有未選週末活動價值的總和","2","放棄的最佳替代選擇——登山活動的價值","","機會成本是選擇時放棄的最佳替代方案價值，本題為登山活動，答案 C。","[""實際選擇是週末打工。"",""最佳替代方案是登山活動。"",""放棄登山的價值就是機會成本，選 C。""]","機會成本只看被放棄的最佳替代方案；已付學費是沉沒成本，其他未選活動不需全部加總。","[]","","","","","","","","","","","","","","",""
"SOC-0600","社會","原創會考程度練習","","","九年級上","經濟與公民","正外部性","基礎","素養題","社區居民接種疫苗降低傳染病擴散風險，未接種者也因此較不容易感染。此效益屬於什麼？","消費者剩餘","負外部性","機會成本","正外部性","3","正外部性","","接種者行為讓交易以外的他人也受益，屬正外部性，答案 D。","[""接種者獲得個人健康保護。"",""社區其他人也因傳染風險下降而受益。"",""外溢利益屬正外部性，選 D。""]","接種者獲得個人保護之外，還降低他人暴露風險；這種由行為外溢給非交易對象的利益是正外部性。","[]","","","","","","","","","","","","","","",""
"SOC-0601","社會","原創會考程度練習","","","九年級上","世界史","史料判讀與經濟活動","中等","素養題","考古學家在港口遺址發現多國錢幣、陶器與秤砣。若要推論該地的歷史活動，何者最合理？","多種遺物共同支持曾有跨區交易","錢幣必定由此地鑄造，因此未涉及外地交流","外地陶器證明居民只靠狩獵維生","遺物足以證明港口由中央王權直接管理","0","多種遺物共同支持曾有跨區交易","","多國錢幣與外地陶器同時出現，顯示物品及貨幣跨區移動；秤砣也與交易相符，因此最合理的推論是曾有跨區貿易，答案 A。","[""先辨認遺物用途：錢幣與秤砣都和交易有關。"",""外地陶器和多國錢幣顯示交流範圍不只本地。"",""證據支持跨區貿易，不能據此直接斷定王宮或居民生計，選 A。""]","史料能支持有限推論；勿把遺物直接等同於某種政治制度。","[]","","","","","","","","","","","","","","",""
"SOC-0602","社會","原創會考程度練習","","","九年級上","世界史","莊園制度與農民義務","基礎","素養題","某中世紀莊園記錄寫道：「領主提供土地與保護，佃農須耕作並繳交部分收成。」這段記錄呈現何種關係？","封建領主與附庸以封地及軍事效忠相連","莊園領主供土地與保護，農民以勞役或收成回報","地主依租約向自由佃農收取貨幣地租","工廠雇主按工時支付受薪工人工資","1","莊園領主供土地與保護，農民以勞役或收成回報","","記錄描述莊園領主與農民間的土地、勞役及收成義務，不是領主與附庸間以封地和軍事效忠為核心的封建關係，也不是受薪契約，答案 B。","[""抓出關鍵詞：領主、土地、耕作、收成。"",""比較雙方義務：領主提供土地與保護，農民耕作並交付部分收成。"",""這是莊園內的領主—農民關係，不是封君—封臣的軍事效忠，選 B。""]","看清楚交換的是土地、勞役與保護，不要把佃農誤當近代受薪工人。","[]","","","","","","","","","","","","","","",""
"SOC-0603","社會","原創會考程度練習","","","九年級上","世界史","十字軍東征與交流","中等","素養題","東地中海戰事結束後，西歐商人更常往返港口，香料與新商品的需求也增加。這最能說明何種影響？","西歐商業轉回封閉莊園，遠距交易停止","東西方接觸只帶來衝突，未帶動商品往來","東西方接觸促進貿易與商品交流","所有東地中海城市都成為西歐殖民地","2","東西方接觸促進貿易與商品交流","","題幹指出往返增加及商品需求擴大，反映接觸帶動貿易和商品交流；並不能推論西歐停止貿易或建立全面殖民統治，答案 C。","[""找出題幹明示的變化：往返與需求增加。"",""將變化連到商業活動，而非政治控制。"",""因此是東西方交流促進貿易，選 C。""]","題目問影響時，先使用材料中的變化，不要把交流誇大成殖民統治。","[]","","","","","","","","","","","","","","",""
"SOC-0604","社會","原創會考程度練習","","","九年級上","世界史","文藝復興的人文精神","基礎","素養題","一位畫家開始細緻描繪人物的表情、身體比例與現實生活，並研究古希臘羅馬作品。這種創作最符合何者？","中世紀經院哲學以神學論證為主","反偶像運動禁止描繪自然與人物","工業化以機械大量生產為特徵","重視古典文化與人的價值","3","重視古典文化與人的價值","","研究古典作品是復興希臘羅馬文化；描繪人物與現實生活則呈現對人的關注，兩者符合文藝復興的人文精神，答案 D。","[""辨認古希臘羅馬作品所指的文化來源。"",""把人物、表情與現實描繪連結到重視人的觀點。"",""兩項線索共同指向文藝復興人文精神，選 D。""]","文藝復興並非完全排斥宗教；本題關鍵是古典文化與人的價值。","[]","","","","","","","","","","","","","","",""
"SOC-0605","社會","原創會考程度練習","","","九年級上","世界史","活字印刷與知識傳播","基礎","素養題","活字印刷普及後，同一本書能以較低成本製作更多副本。最可能出現哪種變化？","書籍流通擴大，知識較容易傳播","手抄本仍需逐本抄寫，印刷則可製作較多副本","印刷普及後所有人立即都能識字","機械複製使各地思想差異消失","0","書籍流通擴大，知識較容易傳播","","印刷降低複製成本並增加副本數，讀者接觸書籍的機會因而擴大；它不會立刻消除識字差異或思想分歧，答案 A。","[""從題幹找出印刷帶來的直接改變：成本下降、數量增加。"",""推論更多人能接觸書籍與文字。"",""選擇知識傳播擴大的結果，選 A。""]","區分直接效果與過度推論；印刷改善傳播，不代表人人立即識字。","[]","","","","","","","","","","","","","","",""
"SOC-0606","社會","原創會考程度練習","","","九年級上","世界史","宗教改革與教會批判","基礎","素養題","十六世紀有人批評教會出售贖罪券，主張信仰不應以付費換取救贖。這類主張最直接引發何種變化？","天主教改革回應新教改革並整頓教會","對教會權威與教義展開改革","東西教會分裂在十六世紀才首次發生","各國立即廢除所有宗教制度","1","對教會權威與教義展開改革","","批評贖罪券及教會權威屬宗教改革的重要背景，直接促使人們質疑既有教會制度並形成改革運動，答案 B。","[""鎖定時代線索：十六世紀與贖罪券爭議。"",""判斷爭議對象是教會制度及其權威。"",""因此最直接的變化是宗教改革，選 B。""]","宗教改革是基督教內部的改革與分裂，並非歐洲立即取消宗教。","[]","","","","","","","","","","","","","","",""
"SOC-0607","社會","原創會考程度練習","","","九年級上","世界史","大航海時代的貿易動機","基礎","素養題","歐洲商人希望不經中間商取得亞洲香料，王室因此資助船隊尋找新航路。這項行動的主要目的為何？","維持原有陸路中間商，不另尋航線","尋找工業革命所需的蒸汽機燃料","建立通往亞洲商品產地的海上貿易路線","建立聯合國維護和平","2","建立通往亞洲商品產地的海上貿易路線","","商人希望直接取得亞洲香料、王室資助尋找航路，明確指向開闢海上貿易路線，而不是後世的工業或國際組織，答案 C。","[""讀出行動主體與目標：商人、亞洲香料。"",""不經中間商表示要直接連結產地。"",""故主要目的是尋找海上貿易路線，選 C。""]","用題幹的商品和路線線索定位大航海時代，不要混入後世事物。","[]","","","","","","","","","","","","","","",""
"SOC-0608","社會","原創會考程度練習","","","九年級上","世界史","哥倫布大交換的影響","基礎","素養題","美洲原住民社會接觸歐亞移民後，外來傳染病造成大量人口死亡；同時玉米、馬鈴薯傳往歐亞。這種跨洲流動通常稱為何者？","跨大西洋奴隸貿易","絲路沿線的陸路商品交流","地理大發現這一歷史時期","哥倫布大交換","3","哥倫布大交換","","材料同時呈現跨洲傳染病與作物移動，符合大航海後美洲、歐洲及其他地區間的人口、動植物與疾病交流，即哥倫布大交換，答案 D。","[""圈出疾病由歐亞傳入美洲的線索。"",""再找出玉米、馬鈴薯跨洲移動的線索。"",""人口、作物與疾病跨洲交流符合哥倫布大交換，選 D。""]","大交換包含不對等的後果；不是只有商品往來，也包括疾病與人口衝擊。","[]","","","","","","","","","","","","","","",""
"SOC-0609","社會","原創會考程度練習","","","九年級上","世界史","大西洋奴隸貿易","中等","素養題","殖民地種植園大量生產糖與棉花，歐洲商人強迫非洲人跨洋運往美洲勞動。這項制度主要反映何者？","殖民經濟以強制勞動支撐種植園生產","美洲種植園完全仰賴自由受雇的領薪勞工","小農自給自足，生產不進入跨洲市場","被強迫移送的人口與殖民地出口經濟無關","0","殖民經濟以強制勞動支撐種植園生產","","題幹明示強迫跨洋移送人口至種植園勞動，反映殖民經濟以奴隸制度支撐商品生產，不是自由受雇，答案 A。","[""先辨認「強迫」與「跨洋移送」並非自願聘雇。"",""再連結種植園需要大量勞動力生產出口作物。"",""這是殖民經濟中的強制奴隸勞動，選 A。""]","不要把奴隸貿易淡化成一般移民或自由勞動。","[]","","","","","","","","","","","","","","",""
"SOC-0610","社會","原創會考程度練習","","","九年級上","世界史","啟蒙思想與權力分立","基礎","素養題","某思想家主張政府權力應分置於不同機關，讓各機關互相制衡，以免統治者濫權。此主張最接近何者？","君主專制將權力集中於統治者手中","權力分立與制衡","舊制度以身分與世襲特權區分人民","中世紀行會規範城市手工業與商業","1","權力分立與制衡","","將政府權力分置並互相制衡，是啟蒙思想中限制專制權力的代表主張，答案 B。","[""找出題幹目的：防止統治者濫權。"",""找出制度方法：權力分置、互相制衡。"",""因此是權力分立思想，選 B。""]","分辨「權力分立」與單純分工；本題強調彼此制衡以保障權利。","[]","","","","","","","","","","","","","","",""
"SOC-0611","社會","原創會考程度練習","","","九年級上","世界史","法國大革命與公民權","基礎","素養題","法國革命時期的政治宣言強調人民在法律面前平等，並反對特權階級。這項主張主要挑戰何種舊制度？","法律限制政府權力的原則","人民參與政治的權利","依身分享有不平等特權的階級制度","法律對政府權力的限制","2","依身分享有不平等特權的階級制度","","宣言強調法律平等並反對特權，所挑戰的是以出身身分取得差別待遇的舊階級制度，答案 C。","[""抓出兩個線索：法律平等、反對特權。"",""判定被反對的是身分造成的不平等。"",""因此答案是特權階級制度，選 C。""]","不要把平等原則本身當成被革命反對的對象。","[]","","","","","","","","","","","","","","",""
"SOC-0612","社會","原創會考程度練習","","","九年級上","世界史","工業化與都市勞動","中等","素養題","工廠集中設於城市後，農村人口大量移入；新工人每日長時間操作機器，住屋與衛生條件也惡化。這最能說明何種現象？","工業化造成都市人口集中，但不會帶來任何公共衛生問題","都市化完全由出生率上升造成，與工廠就業無關","工廠擴張只改變產量，不會改變人口分布或勞動型態","工業化帶動都市化，也產生勞動與居住問題","3","工業化帶動都市化，也產生勞動與居住問題","","工廠吸引農村人口移入是都市化的推力之一；長工時及居住衛生惡化則顯示快速工業化帶來的社會問題，答案 D。","[""把工廠集中與人口移入連成因果。"",""再辨認長工時和衛生惡化是社會成本。"",""材料同時呈現都市化及勞動居住問題，選 D。""]","工業化能提高生產力，但不代表勞動條件會自動改善。","[]","","","","","","","","","","","","","","",""
"SOC-0613","社會","原創會考程度練習","","","九年級上","世界史","帝國主義與原料市場","中等","素養題","十九世紀工業國在海外取得棉花、橡膠等原料，並尋找商品銷售市場。這種擴張與何種背景最相關？","工業生產需要原料與商品市場，促使列強競逐海外勢力","工業國主要為避免原料進口而放棄海外擴張","工業化使歐洲各國不再需要國際貿易","海外擴張只為傳播宗教，與經濟利益無關","0","工業生產需要原料與商品市場，促使列強競逐海外勢力","","工業生產擴大需要穩定原料，也需要新市場銷售產品；海外擴張與帝國主義和工業化需求密切相關，答案 A。","[""辨認棉花、橡膠是工業生產原料。"",""商品銷售市場也是工業經濟需求。"",""原料與市場需求連結工業化海外擴張，選 A。""]","原料與市場是重要因素，但帝國主義還涉及政治、軍事等多重因素。","[]","","","","","","","","","","","","","","",""
"SOC-0614","社會","原創會考程度練習","","","九年級上","近代中國","鴉片戰爭與條約港","中等","素養題","清廷戰敗後簽訂條約，開放若干港口並割讓香港。若觀察這些條款，最能判斷清廷面臨何種處境？","清廷與英國互相開放港口，雙方權利與條件完全相同","割地及被迫開港顯示領土與通商主權受外力限制","條約使清廷得以禁止所有外國商人進入中國","開放港口代表各地改由地方民選政府治理","1","割地及被迫開港顯示領土與通商主權受外力限制","","割地與被迫開港反映戰敗後清廷在領土與通商安排上受外力限制，屬不平等條約帶來的主權損失，答案 B。","[""逐項讀取條款：割地、開港。"",""判斷這些安排是否由清廷平等協商且可自由拒絕。"",""條款顯示主權及通商制度受外力限制，選 B。""]","開港不是停止貿易；關鍵在於條約條件由戰敗後被迫接受。","[]","","","","","","","","","","","","","","",""
"SOC-0615","社會","原創會考程度練習","","","九年級上","近代日本","明治維新與國家改革","基礎","素養題","明治政府廢除藩國分立、建立中央政府，並派遣使節考察西方制度。這些措施共同指向何種目標？","廢除中央政府，恢復各藩獨立自治","以維持原有封建制度為主，拒絕西方制度與技術","強化中央統治並推動國家近代化","取消軍隊以回到封建割據","2","強化中央統治並推動國家近代化","","廢藩置縣強化中央集權，考察西方制度則服務於制度與技術改革，兩者共同指向近代化及國家整合，答案 C。","[""把廢藩置縣連到中央集權。"",""把派遣使節考察連到學習新制度。"",""兩者合起來是明治政府推動國家近代化，選 C。""]","明治維新並非單純照搬西方；應辨認中央集權與改革的共同方向。","[]","","","","","","","","","","","","","","",""
"SOC-0616","社會","原創會考程度練習","","","九年級上","世界史","第一次世界大戰的導火線","中等","素養題","1914 年奧匈帝國皇儲在巴爾幹遇刺後，多國因同盟關係相繼動員參戰。材料呈現何者？","遇刺事件本身已足以解釋戰爭所有深層原因","歐洲各國已透過聯合國集體安全機制協商","戰爭由美蘇兩大陣營的冷戰競爭引發","區域危機透過同盟與動員擴大成國際戰爭","3","區域危機透過同盟與動員擴大成國際戰爭","","皇儲遇刺是導火線，但同盟關係及各國動員使危機擴大；題幹直接呈現區域事件演變為國際戰爭的過程，答案 D。","[""分辨導火線：皇儲遇刺。"",""找出擴大的機制：同盟關係與動員。"",""局部危機因此擴大為多國戰爭，選 D。""]","不要把刺殺事件當成唯一深層原因；材料特別指出同盟與動員。","[]","","","","","","","","","","","","","","",""
"SOC-0617","社會","原創會考程度練習","","","九年級上","世界史","經濟大恐慌與保護主義","中等","素養題","經濟大恐慌後，部分國家提高進口關稅，希望保護本國產業。其他國家也採取報復性關稅，最可能造成何種結果？","關稅報復提高交易障礙，使跨國貿易更可能萎縮","報復性關稅會使各國進口成本必然下降","關稅只影響政府收入，不會影響商品價格或貿易量","各國提高關稅後，世界市場會自動轉為自由貿易","0","關稅報復提高交易障礙，使跨國貿易更可能萎縮","","提高關稅使進口商品成本增加，貿易夥伴再以關稅報復，會提高跨國交易障礙，使國際貿易更萎縮，答案 A。","[""先看關稅對進口價格與交易的影響。"",""再納入他國報復造成的連鎖效果。"",""交易障礙增加，國際貿易較可能萎縮，選 A。""]","單一國家保護產業不等於各國都受益；須考慮報復與連鎖影響。","[]","","","","","","","","","","","","","","",""
"SOC-0618","社會","原創會考程度練習","","","九年級上","世界史","第二次世界大戰與人權","基礎","素養題","戰後國際調查揭露大量平民遭系統性迫害與屠殺，許多國家開始討論如何建立跨國人權保障。這段歷史最能說明何者？","戰後的人權保障只針對戰勝國軍人","戰爭暴行凸顯平民保護缺口，促使國際社會推動人權保障","國際人權制度早已完整建立，因此戰後無須再討論","人權議題僅屬各國內政，與國際合作無關","1","戰爭暴行凸顯平民保護缺口，促使國際社會推動人權保障","","系統性迫害與屠殺暴露平民保護的嚴重缺口；戰後《世界人權宣言》等國際倡議反映各國嘗試建立共同的人權標準，但不代表迫害已因此消失，答案 B。","[""辨認材料中的對象：遭迫害的平民。"",""連結戰後國際倡議，例如《世界人權宣言》，辨認其建立共同標準的方向。"",""這代表國際社會嘗試加強人權保障，不表示問題已完全解決，選 B。""]","本題考察歷史事件的制度影響，不可把人權限縮為勝敗者待遇。","[]","","","","","","","","","","","","","","",""
"SOC-0619","社會","原創會考程度練習","","","九年級上","世界史","聯合國的設立目的","基礎","素養題","第二次世界大戰後，多國成立國際組織，設置安全理事會並推動國際合作。其主要宗旨為何？","以安全理事會處理國際和平與安全議題","建立凌駕各國政府、直接統治全球的世界政府","維護國際和平與安全，促進合作","以集體安全原則保證所有衝突都不再發生","2","維護國際和平與安全，促進合作","","戰後成立聯合國的核心宗旨包括維護國際和平與安全、促進國際合作；它不是世界政府，也不取代各國政府，答案 C。","[""依年代定位：第二次世界大戰後。"",""依制度線索：安全理事會與跨國合作。"",""這指向聯合國維護和平、促進合作的宗旨，選 C。""]","國際組織能促進協商，但不等於擁有統治所有國家的主權。","[]","","","","","","","","","","","","","","",""
"SOC-0620","社會","原創會考程度練習","","","九年級上","世界史","冷戰與代理衝突","基礎","素養題","冷戰期間，美蘇未直接全面開戰，卻透過軍援、結盟與支持不同陣營介入多場區域衝突。這種現象最符合何者？","美蘇直接全面交戰，並未介入其他地區","兩大陣營停止競爭，改由殖民帝國爭奪歐洲封地","區域衝突與美蘇競逐毫無關聯","美蘇透過支持不同陣營影響區域衝突","3","美蘇透過支持不同陣營影響區域衝突","","美蘇透過軍援、結盟及支持不同陣營競逐影響力，區域衝突因此常帶有冷戰對抗色彩，答案 D。","[""先注意題幹指出美蘇沒有直接全面開戰。"",""再找出競爭方式：軍援、結盟及支持不同陣營。"",""這是冷戰陣營競爭影響區域衝突，選 D。""]","冷戰不是沒有戰爭，而是兩大強權避免直接全面交戰、以多種方式競爭。","[]","","","","","","","","","","","","","","",""
"SOC-0621","社會","原創會考程度練習","","","九年級上","臺灣史","荷蘭時期的臺灣貿易","基礎","素養題","十七世紀荷蘭東印度公司在臺灣南部設據點，向商船徵稅並出口鹿皮。由此可推知荷蘭人治理臺灣的重要考量為何？","藉據點、徵稅與出口鹿皮取得貿易收益","主要以土地普查建立全島地籍並徵收田賦","以普及學校教育作為治理與統治的主要方式","以工業工廠生產機械並大量外銷","0","藉據點、徵稅與出口鹿皮取得貿易收益","","題幹的設據點、向商船徵稅和出口鹿皮，都直接指向控制貿易及取得商業收益；土地調查、普及教育與機械工業不是材料呈現的主要措施，答案 A。","[""圈出統治者與措施：東印度公司、設據點、徵稅。"",""再看出口鹿皮代表經濟目的與商業收益。"",""因此治理重點是控制貿易，選 A。""]","辨認公司殖民統治的商業目的，不要把後世制度倒置到十七世紀。","[]","","","","","","","","","","","","","","",""
"SOC-0622","社會","原創會考程度練習","","","九年級上","臺灣史","鄭氏政權的時間定位","基礎","素養題","臺灣史料記載，鄭成功於 1662 年迫使荷蘭人離臺；清軍則在 1683 年攻臺。兩事件的先後順序為何？","1683 年清軍攻臺在前，1662 年鄭成功攻臺在後","1662 年鄭成功迫使荷蘭人離臺在前，1683 年清軍攻臺在後","兩事件先後發生於 1895 年日本統治開始之後","兩事件都發生在 1868 年明治維新之後","1","1662 年鄭成功迫使荷蘭人離臺在前，1683 年清軍攻臺在後","","1662 年早於 1683 年。鄭成功於 1662 年迫使荷蘭東印度公司撤出臺灣；清廷則在 1683 年派兵攻臺，答案 B。","[""先比較年份：1662 小於 1683。"",""把事件與人物對應：鄭成功對荷蘭人，清軍攻臺。"",""所以鄭成功事件較早，選 B。""]","先排年份再配事件人物；不可把鄭氏政權與清領起始顛倒。","[]","","","","","","","","","","","","","","",""
"SOC-0623","社會","原創會考程度練習","","","九年級上","臺灣史","清領臺灣建省","中等","素養題","清廷於 1885 年下詔將臺灣建省，省級行政制度其後逐步建置，至 1887 年正式完成建省。這段過程最能反映何種變化？","1885 年下詔時，臺灣已立即完成所有省級機關設置","臺灣建省代表清廷將主權移交日本","清廷提升對臺行政層級，且建置過程並非一紙詔令即告完成","建省後臺灣立即脫離清廷並成立民主共和國","2","清廷提升對臺行政層級，且建置過程並非一紙詔令即告完成","","1885 年是下詔建省，省級制度到 1887 年才正式完成設置。這反映清廷提升臺灣行政地位、加強治理的過程，不能把下詔與所有行政機關立即到位混為一談，答案 C。","[""讀取關鍵措施：正式建省。"",""比較兩個時間點：1885 年下詔，1887 年正式完成省級建置。"",""過程顯示清廷提升行政層級並逐步加強治理，選 C。""]","不要將行政區升格混淆成主權更換；日本統治始於 1895 年。","[]","","","","","","","","","","","","","","",""
"SOC-0624","社會","原創會考程度練習","","","九年級上","臺灣史","馬關條約與臺灣割讓","基礎","素養題","1895 年《馬關條約》規定清廷將臺灣、澎湖割讓給日本。臺灣政權更替的直接原因為何？","荷蘭東印度公司在 1662 年退出臺灣","清廷在 1885 年下詔建省","鄭成功於 1662 年建立鄭氏政權","清日戰爭後簽訂條約","3","清日戰爭後簽訂條約","","《馬關條約》是甲午戰爭後清廷割讓臺灣的直接條約依據，答案 D。","[""先確認事件年份與條約名稱：1895 年《馬關條約》。"",""條約發生於清日戰爭後。"",""臺灣政權更替直接由割讓條款造成，選 D。""]","建省和割讓相隔十年；清廷加強治理未能阻止戰敗後的割讓。","[]","","","","","","","","","","","","","","",""
"SOC-0625","社會","原創會考程度練習","","","九年級上","臺灣史","日治時期土地調查","基礎","素養題","日本統治初期進行土地調查、丈量田地並建立地籍資料，之後可依土地面積與產量徵稅。這項措施最直接的治理效果為何？","建立地籍與土地資料，提升管理和課稅能力","直接將所有土地重新平均分配給農民","立即取消民間土地所有權並收歸國有","以丈量地籍直接消除農業生產的氣候風險","0","建立地籍與土地資料，提升管理和課稅能力","","土地丈量與地籍建立讓殖民政府更掌握土地及產量，便於管理和徵稅；不代表取消私有權或氣候影響，答案 A。","[""將丈量和地籍資料連結到土地資訊掌握。"",""土地與產量資訊可用於課稅及行政管理。"",""最直接效果是加強管理與稅收能力，選 A。""]","判斷治理措施的直接功能，不要把土地調查等同於土地國有化。","[]","","","","","","","","","","","","","","",""
"SOC-0626","社會","原創會考程度練習","","","九年級上","臺灣史","霧社事件與殖民統治","基礎","素養題","1930 年霧社事件發生後，殖民政府以武力鎮壓並重新調整山地管理政策。此事件最適合用來探討何種議題？","戰後中央民選制度的發展","原住民族對殖民統治的抵抗及其後果","清領時期的開港與通商政策","戰後政府推動的土地改革","1","原住民族對殖民統治的抵抗及其後果","","事件發生於日治時期，涉及原住民族抵抗與殖民政府鎮壓，適合分析殖民統治及其社會衝擊，答案 B。","[""依 1930 年定位在日本統治時期。"",""辨認事件主體與反應：原住民族抵抗、殖民政府鎮壓。"",""主題是殖民統治下的抵抗及後果，選 B。""]","避免把單一事件簡化成全體原住民族的態度；題目聚焦事件與殖民權力。","[]","","","","","","","","","","","","","","",""
"SOC-0627","社會","原創會考程度練習","","","九年級上","戰後臺灣","戰後土地改革順序","基礎","素養題","戰後臺灣先實施三七五減租，再辦理公地放領，最後推動耕者有其田。這些政策共同要改善何種問題？","農地所有權集中與租佃制度下的農民負擔","工業化後都市住宅與大眾運輸不足","土地集中與佃農負擔過重","人口老化造成的長期照護需求","2","土地集中與佃農負擔過重","","減租、放領及耕者有其田都著眼於土地制度與租佃關係，目的包括減輕佃農負擔及改善土地分配，答案 C。","[""辨認三項措施皆與農地權利、地租有關。"",""把政策對象連到佃農與土地分配。"",""共同處理土地集中及租佃負擔，選 C。""]","三項改革有先後次序且各自措施不同；不要把土地改革當成都市政策。","[]","","","","","","","","","","","","","","",""
"SOC-0628","社會","原創會考程度練習","","","九年級上","戰後臺灣","加工出口區與經濟轉型","基礎","素養題","高雄加工出口區設立後，廠商進口原料、加工製造，再將產品銷往海外。這種經濟型態最符合何者？","加工品主要供本地消費，原料也不需跨境流動","以觀光服務取代製造業與商品出口","工業生產只服務國內市場，與海外需求無關","以出口市場帶動工業生產","3","以出口市場帶動工業生產","","加工出口區的生產流程以原料加工後外銷為主，反映出口導向工業化，答案 D。","[""依流程分辨投入與產出：進口原料、加工、出口成品。"",""主要市場在海外，生產由出口需求帶動。"",""這是出口導向工業生產，選 D。""]","加工出口不等於所有商品都本地自給；留意原料與成品的跨境流動。","[]","","","","","","","","","","","","","","",""
"SOC-0629","社會","原創會考程度練習","","","九年級上","戰後臺灣","中小企業與產業韌性","中等","素養題","某出口產業由許多規模較小的家族企業組成，能快速接單並彈性調整產品。遇到訂單變化時，這種組織較可能具有何種優勢？","組織規模較小、決策彈性較高，較能迅速調整接單與產品","企業規模小就能隔絕國際景氣變化與外部需求風險","家族企業必然採用相同技術並生產相同產品","企業規模小即可不需資金、技術與人才投入","0","組織規模較小、決策彈性較高，較能迅速調整接單與產品","","規模較小且組織彈性高，有助於快速調整產品與接單；但不代表完全不受景氣影響或不需資源，答案 A。","[""抓出題幹條件：規模較小、能彈性調整。"",""將組織彈性連到市場反應速度。"",""因此較可能快速調整，不代表免受景氣影響，選 A。""]","企業彈性是相對優勢，不代表沒有資金、技術或外部風險。","[]","","","","","","","","","","","","","","",""
"SOC-0630","社會","原創會考程度練習","","","九年級上","臺灣地理","高速鐵路與區域連結","中等","素養題","高鐵縮短南北城市間的旅行時間後，部分旅客可以當日往返不同城市工作或就學。這最直接改變哪項條件？","城市間的實際直線距離因鐵路興建而縮短","旅行時間與移動阻力下降，使區域交通可及性提高","高鐵通車後不同城市間的通勤不再需要任何交通工具","各地人口密度必定因高鐵而趨於完全相同","1","旅行時間與移動阻力下降，使區域交通可及性提高","","高鐵不會改變地理距離，但縮短時間、提高往返便利性，因此提升區域交通可及性，答案 B。","[""分清楚實際距離與移動時間。"",""高鐵主要改變旅行時間及便利程度。"",""因此交通可及性提高，而非城市距離消失，選 B。""]","交通建設改變的是時間成本與可及性，不是地表距離。","[]","","","","","","","","","","","","","","",""
"SOC-0631","社會","原創會考程度練習","","","九年級上","臺灣地理","都市大眾運輸與外部效益","基礎","素養題","某市擴建捷運後，部分通勤者改搭大眾運輸，尖峰道路車流與汽機車排放下降。捷運帶來的這項效果屬於何者？","使所有通勤者改回使用私人汽車","只有捷運營運者受益，未搭乘者不會受到影響","減少壅塞與污染，使未搭乘者也獲得正外部效益","讓道路交通需求與空氣污染完全消失","2","減少壅塞與污染，使未搭乘者也獲得正外部效益","","通勤者轉乘捷運後，道路車流與排放減少；即使未搭捷運的居民也能受益，這是交通服務產生的正外部效益，答案 C。","[""辨認行為改變：部分通勤者改搭捷運。"",""推導道路車流和排放下降。"",""未參與搭乘的居民也受惠，符合正外部效益，選 C。""]","大眾運輸能減輕但不會消除所有交通需求。","[]","","","","","","","","","","","","","","",""
"SOC-0632","社會","原創會考程度練習","","","九年級上","臺灣地理","西部人口集中與地形","中等","素養題","臺灣西部平原較廣、交通與產業活動密集，許多大城市也位於西部。人口較集中於西部的解釋何者較合理？","西部人口較多只由地形決定，產業與交通不影響分布","東西部的產業、交通與可居住平原條件完全相同","人口集中是因東部缺少任何可供居住的平原","地形平坦且工作、交通機會較多","3","地形平坦且工作、交通機會較多","","西部平原、交通及產業機會較集中，能解釋人口聚集；不能說西部沒有災害或東部沒有聚落，答案 D。","[""先連結平原與建設、居住條件。"",""再納入產業和交通所形成的就業機會。"",""多項因素共同解釋人口集中，選 D。""]","人口分布由多項因素共同影響；避免使用「完全沒有」等絕對說法。","[]","","","","","","","","","","","","","","",""
"SOC-0633","社會","原創會考程度練習","","","九年級上","臺灣地理","颱風豪雨與土地利用","中等","素養題","山區道路旁坡地開發後，豪雨期間曾發生土石崩落並阻斷交通。地方政府最適合優先採取何種作法？","調查坡地風險與排水條件，管制不適宜開發並加強監測","只在災後搶修道路，不調查或管理坡地開發","以擴建道路取代坡地地質與排水評估","將豪雨期間的交通管制取消以維持通行","0","調查坡地風險與排水條件，管制不適宜開發並加強監測","","坡地開發增加地表擾動，豪雨又提高崩塌風險；應先做風險評估、改善排水並管制高風險開發，答案 A。","[""找出災害組合：坡地開發加上豪雨。"",""評估坡度、地質及排水等風險因子。"",""採取開發管制與防災措施，選 A。""]","防災重點是降低暴露與脆弱度，而非只靠工程或取消警報。","[]","","","","","","","","","","","","","","",""
"SOC-0634","社會","原創會考程度練習","","","九年級上","臺灣地理","人口老化與扶養需求","基礎","素養題","某縣高齡人口比例持續上升，工作年齡人口比例下降。地方政府規劃預算時，較應優先評估何種需求？","只增設幼兒園，不需調整其他公共服務","推動中高齡就業，補足工作年齡人口減少帶來的勞動力缺口","優先減少長照與醫療服務供給","依人口結構評估長照、醫療和無障礙交通需求","1","推動中高齡就業，補足工作年齡人口減少帶來的勞動力缺口","","人口高齡化會提高長照、醫療及無障礙服務需求，地方政府應依人口結構規劃相應資源，答案 B。","[""從比例變化辨認人口老化。"",""推論照護、醫療與日常移動需求增加。"",""規劃長照等服務比單一措施更符合人口結構，選 B。""]","人口結構變化需要多元政策，不是只增加某一種設施就能解決。","[]","","","","","","","","","","","","","","",""
"SOC-0635","社會","原創會考程度練習","","","九年級上","臺灣地理","能源轉型與供電穩定","中等","素養題","太陽能發電量會隨日照與天候變化，傍晚用電高峰時出力可能下降。為兼顧減碳與供電穩定，較適合搭配何種措施？","只增加太陽能裝置容量，不調整電網或供需調度","完全依靠電池儲能，無須考量電網與其他電源","儲能、電網調度及多元電源配置","以不受天候影響的單一電源完全取代所有其他電源","2","儲能、電網調度及多元電源配置","","太陽能有間歇性，儲能和電網調度可在不同時段平衡供需，多元電源也能提升供電韌性，答案 C。","[""先辨認太陽能受日照與天候影響。"",""日照下降時須跨時段或跨電源調整供給。"",""儲能、調度和多元配置可共同維持穩定，選 C。""]","再生能源可減碳，但需考量間歇性與系統配套。","[]","","","","","","","","","","","","","","",""
"SOC-0636","社會","原創會考程度練習","","","九年級上","臺灣地理","觀光承載量與永續","中等","素養題","離島旺季遊客增加後，垃圾量超過清運能力，珊瑚礁也受到踩踏。地方政府最符合永續觀光的作法為何？","維持現有遊客量，只增加宣傳避免討論環境承載量","以旺季門票收入為優先，延後垃圾處理與生態復育","永久禁止所有觀光活動，不評估居民生計與替代方案","依環境承載量分流或管理遊客，並改善廢棄物處理","3","依環境承載量分流或管理遊客，並改善廢棄物處理","","遊客已超過環境與清運承載能力，應管理人數、改善垃圾處理並保護珊瑚，兼顧經濟、社會與環境，答案 D。","[""從垃圾超量和珊瑚受損判斷承載壓力。"",""考慮觀光收益之外的環境成本。"",""採取遊客管理及廢棄物處理，符合永續觀光，選 D。""]","永續不是一味禁止觀光，而是讓活動規模不超過環境承載量。","[]","","","","","","","","","","","","","","",""
"SOC-0637","社會","原創會考程度練習","","","九年級上","公民","權力分立與民主制衡","基礎","素養題","立法院通過法律後，行政機關負責執行；若法律是否違憲發生爭議，可由憲法法庭審理。這種安排主要展現何種原則？","立法、行政、司法依憲法分工並互相制衡","行政機關得自行決定法律是否適用於自己","司法機關負責制定法律並執行行政預算","憲法審查可由行政機關任意撤銷，無須司法程序","0","立法、行政、司法依憲法分工並互相制衡","","立法、行政與司法各有職權，違憲審查也形成制衡，避免權力集中，答案 A。","[""把三個機關與各自職責對應：立法、執行、審查。"",""憲法審查可限制法律及公權力越界。"",""這呈現權力分立與制衡，選 A。""]","機關分工不代表彼此毫無互動；制衡須依憲法權限進行。","[]","","","","","","","","","","","","","","",""
"SOC-0638","社會","原創會考程度練習","","","九年級上","公民","地方自治與公共參與","基礎","素養題","某市政府提出垃圾處理場選址方案，舉辦說明會並公開環境評估，居民可以提出意見。這項程序最能保障何者？","居民透過選舉直接決定個別環評的專業結論","公共決策過程資訊公開並提供居民表達意見的管道","舉辦說明會即可取代法定環評及行政機關的審查責任","地方自治代表地方政府可不受法律與程序規範","1","公共決策過程資訊公開並提供居民表達意見的管道","","公開資料和聽取居民意見能提升決策透明度與參與度，但不會免除專業審查或法律責任，答案 B。","[""找出程序設計：公開環評、舉辦說明會。"",""說明會讓居民取得資訊並表達意見。"",""這保障公共決策透明與參與，選 B。""]","公民參與能補充決策資訊，但不能取代依法行政和專業評估。","[]","","","","","","","","","","","","","","",""
"SOC-0639","社會","原創會考程度練習","","","九年級上","公民","選舉與民意代表性","中等","素養題","某選區投票率偏低，當選者仍依法取得席次，但未投票者的偏好較少反映在選舉結果中。這說明何者？","投票率低於半數，依法選出的結果必然無效","未投票者的意見依法視為支持得票最高者","參與投票的人較少，選舉呈現的民意可能較不完整","投票率只影響行政效率，與民意代表性無關","2","參與投票的人較少，選舉呈現的民意可能較不完整","","低投票率不會自動使依法選出的結果失效，但參與者較少，民意呈現可能不夠完整，答案 C。","[""先區分法律效力與代表性品質。"",""低投票率不必然使選舉無效。"",""但較少選民表態會限制民意呈現的完整程度，選 C。""]","避免把「代表性可能受影響」誤說成「選舉必然無效」。","[]","","","","","","","","","","","","","","",""
"SOC-0640","社會","原創會考程度練習","","","九年級上","公民","公共財與政府責任","基礎","素養題","社區居民可同時受益於路燈照明，也很難只讓付費住戶使用、排除未付費者。路燈最接近哪種財貨？","具有排他性且由單一消費者使用的私人財","可輕易排除未付費者、且使用者會彼此競爭的商品","多人使用時會互相耗損、但難以排除未付費者的共有資源","具有公共財特性的公共設施","3","具有公共財特性的公共設施","","路燈照明可供多人同時受益，一位居民使用通常不會減少他人可獲得的照明；而且難以排除未付費者，符合公共財的非敵對性與難排他性，答案 D。","[""判斷多人能否同時受益，且一人使用是否會減少他人可用量。"",""再看能否容易排除未付費者；路燈難以逐戶排除。"",""具公共財特性，常由政府統籌供給，選 D。""]","公共財不等於免費生產；仍須透過稅收或公共預算負擔成本。","[]","","","","","","","","","","","","","","",""
"SOC-0641","社會","原創會考程度練習","","","九年級上","經濟","需求增加與均衡","基礎","素養題","某地舉辦大型路跑後，更多人想購買運動飲料，短期供給量不變。其他條件相同，市場較可能出現何種變化？","需求增加、供給不變，均衡價格與交易量通常都上升","供給增加、需求不變，均衡價格下降而交易量上升","需求減少、供給不變，均衡價格與交易量通常都下降","運動飲料原料成本提高，造成供給曲線左移","0","需求增加、供給不變，均衡價格與交易量通常都上升","","消費者偏好提高使需求增加；供給不變時，均衡價格與交易量通常都有上升趨勢，答案 A。","[""路跑提高運動飲料的購買意願。"",""購買意願增加代表需求曲線右移，不是供給改變。"",""需求增加且供給不變，均衡價格與數量通常上升，答案 A。""]","要區分需求變動與需求量變動；題目改變的是偏好。","[]","","","","","","","","","","","","","","",""
"SOC-0642","社會","原創會考程度練習","","","九年級上","經濟","生產成本與供給","基礎","素養題","乾旱使咖啡豆價格上漲，咖啡店每杯飲品的原料成本增加。其他條件不變，咖啡飲品供給較可能如何？","供給增加，均衡價格下降、交易量上升","供給減少，均衡價格有上升壓力、交易量有下降壓力","消費者偏好改變，使需求曲線向右移動","成本上升只影響需求，不會改變供給意願","1","供給減少，均衡價格有上升壓力、交易量有下降壓力","","咖啡豆是投入成本；成本提高降低既定價格下的供應意願，供給減少，均衡價格有上升壓力，答案 B。","[""確認咖啡豆是生產投入而非消費者偏好。"",""原料成本上升會降低店家在各價格下的供應意願。"",""供給減少，市場價格較有上升壓力，答案 B。""]","價格上漲不是絕對必然；題目限定其他條件不變時判斷方向。","[]","","","","","","","","","","","","","","",""
"SOC-0643","社會","原創會考程度練習","","","九年級上","經濟","價格上限與短缺","基礎","素養題","政府規定租金不得高於市場均衡租金，且上限訂得更低。短期可能發生何種結果？","租金上限高於均衡租金，因此市場完全不受影響","租金下限高於均衡租金，租屋供給量大於需求量","具約束力的租金上限使需求量大於供給量，出現短缺","租金受限後，所有房東都會提高住宅品質與出租數量","2","具約束力的租金上限使需求量大於供給量，出現短缺","","低於均衡價格的價格上限讓租金偏低，承租需求增加而房東供給意願減少，容易形成短缺，答案 C。","[""判斷管制價格低於均衡租金。"",""低價提高需求量，並降低供給量。"",""需求量超過供給量形成短缺，答案 C。""]","價格上限低於均衡價才容易形成短缺；不可只背「上限」兩字。","[]","","","","","","","","","","","","","","",""
"SOC-0644","社會","原創會考程度練習","","","九年級上","經濟","價格下限與剩餘","基礎","素養題","政府為保障稻農收入，設定稻米收購價格高於市場均衡價格，且政府不收購剩餘稻米。可能出現何種結果？","稻米需求量增加並超過供給量","稻米供給減少至生產者完全停止生產","即使價格下限具有約束力，市場仍可藉價格下跌至均衡價消除剩餘","高於均衡價的價格下限造成供給量超過需求量","3","高於均衡價的價格下限造成供給量超過需求量","","高於均衡價的價格下限使生產者供給增加、消費者需求減少；題目又明示政府不收購剩餘稻米，因此供給量可能超過需求量而形成剩餘，答案 D。","[""先判斷收購價格高於均衡價格。"",""較高價格鼓勵供給，同時抑制需求。"",""多出的供給形成剩餘，答案 D。""]","題目明確指出政府不收購，故不能把剩餘當作已被政府消化。","[]","","","","","","","","","","","","","","",""
"SOC-0645","社會","原創會考程度練習","","","九年級上","經濟","需求價格彈性與替代品","基礎","素養題","某品牌汽水漲價後，消費者很容易改買其他品牌，銷量明顯下降。該品牌需求較接近何者？","替代品容易取得，需求量對價格變動較敏感，需求富有彈性","需求量百分比變動小於價格百分比變動，需求缺乏彈性","需求量百分比變動恰與價格百分比變動相同，需求為單位彈性","需求量完全不受價格影響，需求完全無彈性","0","替代品容易取得，需求量對價格變動較敏感，需求富有彈性","","替代品牌容易取得，漲價後消費者能轉買其他產品，因此購買量對價格變動反應較大，需求較富有彈性，答案 A。","[""找出替代品是否容易取得。"",""容易替代代表漲價後消費者能改買別款。"",""需求量變動較大，需求富有彈性，答案 A。""]","彈性描述需求量對價格變動的敏感度，不是供給是否固定。","[]","","","","","","","","","","","","","","",""
"SOC-0646","社會","原創會考程度練習","","","九年級上","經濟","通貨膨脹與購買力","基礎","素養題","某家庭每月固定收入不變，但常買的食物和交通費持續漲價。若其他條件不變，該家庭收入的實質購買力如何？","物價上漲使固定收入能購買的商品與服務增加","物價上漲而名目收入不變，實質購買力下降","名目收入固定代表實質購買力也完全固定","只有物價漲幅高於名目收入漲幅時，實質購買力才會下降","1","物價上漲而名目收入不變，實質購買力下降","","收入金額不變而物價上升，能購買的商品與服務減少，實質購買力下降，答案 B。","[""分辨名目收入與實質購買力。"",""固定收入沒有隨物價增加。"",""同樣收入能買到的東西變少，答案 B。""]","物價上漲不必然使每個人的收入都下降；本題明示收入固定。","[]","","","","","","","","","","","","","","",""
"SOC-0647","社會","原創會考程度練習","","","九年級上","經濟","機會成本與最佳替代","中等","素養題","小芸週末選擇參加志工活動，因此放棄最想參加的籃球比賽；她也放棄了另一場普通電影。這項選擇的機會成本為何？","所有未選方案的價值總和，包括籃球賽與電影","志工活動帶來的全部效益，不論是否放棄其他選項","被放棄的最佳替代方案，也就是籃球比賽的價值","已支付且無法取回的月票費用","2","被放棄的最佳替代方案，也就是籃球比賽的價值","","機會成本是選擇時放棄的最佳替代方案價值；題目指出最想參加的是籃球比賽，因此不是把所有未選項目相加，答案 C。","[""辨認實際選擇：志工活動。"",""在被放棄的方案中找最佳替代：籃球比賽。"",""最佳替代的價值就是機會成本，答案 C。""]","不要把所有未選方案成本加總；只看放棄的最佳替代方案。","[]","","","","","","","","","","","","","","",""
"SOC-0648","社會","原創會考程度練習","","","九年級上","經濟","分工與生產力","基礎","素養題","麵包店讓不同員工分別負責揉麵、烘焙與包裝，熟練後每小時產量增加。產量提高最可能來自何種原因？","員工不斷在不同工序間切換，仍能因此累積單一工序的熟練度","消費者需求增加會自動提高每位員工的單位時間產量","增加設備資本投入即可解釋熟練度與工序切換時間的變化","分工讓員工熟悉工序並減少切換工作的時間","3","分工讓員工熟悉工序並減少切換工作的時間","","員工專責單一工序可累積熟練度，也減少工作切換時間，因而提高單位時間產量，答案 D。","[""比較分工前後員工負責工作的方式。"",""重複同類工序能累積熟練、減少切換。"",""生產力提升可使每小時產量增加，答案 D。""]","分工能提升效率，但也可能增加工序依賴，不代表不需要設備。","[]","","","","","","","","","","","","","","",""
"SOC-0649","社會","原創會考程度練習","","","九年級上","經濟","專業化與相互依賴","基礎","素養題","甲村專門種植蔬菜，乙村專門製作農具，兩村再以交易交換產品。此分工最可能帶來何種結果？","各自專業化生產，再以交易滿足需求，彼此依賴增加","分工後兩村都能完全自給，不再需要對方產品","專業化會使兩村都改為生產完全相同的商品","交易會使原有產品消失，無法增加可取得的商品種類","0","各自專業化生產，再以交易滿足需求，彼此依賴增加","","兩村各自集中生產特定產品，再藉交換取得所需物品，反映專業化及相互依賴，答案 A。","[""辨認甲、乙村各自專門生產的產品。"",""兩村需要對方產品，因此發生交換。"",""專業化提高彼此依賴，答案 A。""]","分工可提高效率，也使生產者更依賴交易網絡。","[]","","","","","","","","","","","","","","",""
"SOC-0650","社會","原創會考程度練習","","","九年級上","公民","公共財與防洪設施","基礎","素養題","河川整治後，沿岸居民不論是否直接付費，都能降低洪水風險；一戶受益不會減少其他住戶的防洪效果。這項防洪服務具何種特性？","私人財：可排除未付費者，且一人使用會減少他人可用量","公共財：難以排除未付費者，且一人受益通常不影響他人受益","共有資源：難以排除使用者，但彼此會競爭有限資源","俱樂部財：可排除未付費者，且多人可同時受益","1","公共財：難以排除未付費者，且一人受益通常不影響他人受益","","防洪效益難以排除未付費者，且一戶受益通常不會減少其他住戶的保護，呈現非排他性與非敵對性，答案 B。","[""先判斷未付費者能否被排除於防洪效益之外。"",""再判斷一戶受益是否減少其他住戶的受益。"",""兩特性符合公共財，答案 B。""]","公共財的效益範圍通常涵蓋整個社區，需以共同財源規劃。","[]","","","","","","","","","","","","","","",""
"SOC-0651","社會","原創會考程度練習","","","九年級上","公民","負外部性與污染","基礎","素養題","工廠排放廢水降低下游漁獲，受害居民未獲補償，而污染成本也未列入產品價格。這是何種市場問題？","消費者剩餘：消費者願付價格與實際支付價格的差額","正外部性：交易使第三人獲得未計價的利益","負外部性：生產活動使未參與交易者承受未補償損害","生產者剩餘：實際售價高於生產者最低願售價格的部分","2","負外部性：生產活動使未參與交易者承受未補償損害","","工廠生產使交易以外的第三人（下游居民）承受未補償損害，且外部成本未反映在價格中，屬負外部性，答案 C。","[""找出直接交易者以外的受影響者：下游居民。"",""確認影響是損害且沒有補償。"",""未納入價格的外部損害是負外部性，答案 C。""]","外部性須看第三人承受的影響，並非只看買賣雙方。","[]","","","","","","","","","","","","","","",""
"SOC-0652","社會","原創會考程度練習","","","九年級上","公民","教育與正外部性","基礎","素養題","學生接受教育後提升自身技能，社會也因勞動力素質提高而受益；這部分社會效益沒有完全反映在學費中。此現象較接近何者？","負外部性：教育使交易以外的人承受未補償損害","消費者剩餘：學生實際支付低於最高願付學費的部分","資訊不對稱：學生與教育機構掌握資訊不同","正外部性：教育帶來未完全反映於學費的社會利益","3","正外部性：教育帶來未完全反映於學費的社會利益","","教育使學生以外的社會也受益，這部分正面效益未完全反映於學費中，因此屬正外部性，答案 D。","[""區分受益者：學生和其他社會成員。"",""題幹指出外部社會效益未完全反映在價格中。"",""交易外的正面效益屬正外部性，答案 D。""]","正外部性可支持公共補助，但不代表所有教育都應免費。","[]","","","","","","","","","","","","","","",""
"SOC-0653","社會","原創會考程度練習","","","九年級上","公民","資訊不對稱與二手車","基礎","素養題","賣家知道二手車曾嚴重泡水，買家卻無法從外觀判斷，雙方掌握資訊不同。這種情況最可能造成何種問題？","買方難以掌握隱藏車況，可能無法準確判斷品質與合理價格","買賣雙方資訊不同時，買方必然比賣方更了解車況","商品品質資訊不完整，價格仍必定完全反映所有瑕疵","賣家知道車況差異，因此市場上的二手車品質必然相同","0","買方難以掌握隱藏車況，可能無法準確判斷品質與合理價格","","賣家掌握車輛瑕疵、買家不知情，資訊不對稱會讓買方難以評估品質並增加交易風險，答案 A。","[""比較買賣雙方掌握的車況資訊。"",""賣家知道重大瑕疵而買家不知道。"",""買家較難判斷合理價格與品質，答案 A。""]","資訊不對稱不表示每筆交易必定失敗，而是提高誤判與逆選擇風險。","[]","","","","","","","","","","","","","","",""
"SOC-0654","社會","原創會考程度練習","","","九年級上","公民","市場競爭與產品差異","基礎","素養題","同一商圈有多家飲料店，店家以口味、品牌與服務吸引顧客，消費者可在不同店家間選擇。這較符合何種市場特徵？","獨占：單一廠商控制市場供給，缺少近似替代品","獨占性競爭：多家廠商以品牌、口味或服務差異競爭","完全競爭：廠商眾多，產品同質且個別廠商難以影響價格","寡占：少數大型廠商主導市場，決策彼此影響","1","獨占性競爭：多家廠商以品牌、口味或服務差異競爭","","多家店家競爭且以品牌、口味和服務區隔產品，符合差異化競爭市場特徵，答案 B。","[""先數市場中是否只有一家廠商。"",""題幹指出有多家店且各自做產品差異。"",""因此是多廠商差異化競爭，答案 B。""]","有產品差異不代表沒有競爭；消費者仍可比較並轉換店家。","[]","","","","","","","","","","","","","","",""
"SOC-0655","社會","原創會考程度練習","","","九年級上","公民","累進稅與量能課稅","基礎","素養題","甲乙兩人的所得不同，稅制規定所得越高者適用較高的邊際稅率。這種設計主要體現何種原則？","比例稅：各所得級距適用相同稅率","累退效果：所得越低者，稅額占所得比率越高","量能課稅：依納稅人的經濟負擔能力安排租稅責任","定額稅：每人繳納相同金額，不考慮所得差異","2","量能課稅：依納稅人的經濟負擔能力安排租稅責任","","所得提高時適用較高邊際稅率，讓納稅責任依負擔能力調整，符合量能課稅原則，答案 C。","[""比較不同所得者所適用的邊際稅率。"",""所得較高者適用較高稅率。"",""責任隨負擔能力調整，符合量能課稅，答案 C。""]","累進稅看邊際稅率級距；不代表高所得者全部所得都按最高稅率計算。","[]","","","","","","","","","","","","","","",""
"SOC-0656","社會","原創會考程度練習","","","九年級上","公民","間接稅與所得負擔","基礎","素養題","甲乙兩人購買同一件商品並支付相同消費稅，但乙的所得較低。這種稅負安排較可能呈現何種現象？","比例稅負：兩人的稅額占所得比例相同","累進稅負：低所得者的稅額占所得比例較高","法定納稅義務人是賣方，因此消費者不可能承受任何稅負","同額消費稅占乙所得的比率較高，呈現累退效果","3","同額消費稅占乙所得的比率較高，呈現累退效果","","兩人消費稅金額相同，但乙所得較低，同額稅款占其所得比率較高，可能產生相對較重的負擔，答案 D。","[""先確認兩人支付的稅額相同。"",""再比較所得分母：乙的所得較低。"",""同額稅款占乙所得比例較高，答案 D。""]","看相對負擔時要比較稅額占所得比例，而非只看繳納金額。","[]","","","","","","","","","","","","","","",""
"SOC-0657","社會","原創會考程度練習","","","九年級上","經濟","利率與投資","中等","素養題","中央銀行調降政策利率後，企業借款成本降低；若企業預期產品有市場需求，較可能增加何種行為？","借款成本下降，若預期收益足以抵銷風險，較可能增加投資","融資成本降低代表企業必須立即停止所有生產活動","政策利率調降會使企業借款成本必然上升","利率調降會自動消除市場需求與投資風險","0","借款成本下降，若預期收益足以抵銷風險，較可能增加投資","","利率下降降低融資成本；在有市場需求的條件下，企業較有誘因借款投資設備或擴產，答案 A。","[""辨認政策改變：利率調降。"",""較低利率通常降低企業借款成本。"",""在有需求的前提下投資誘因提高，答案 A。""]","利率下降只是影響投資意願的因素之一；企業仍會評估風險與需求。","[]","","","","","","","","","","","","","","",""
"SOC-0658","社會","原創會考程度練習","","","九年級上","經濟","結構性失業與再訓練","基礎","素養題","工廠自動化後，部分工作技能不再符合職缺需求；失業者仍想工作，但需要學習新技術。此狀況較接近何者？","景氣循環性失業：總體需求衰退使職缺減少","結構性失業：技能供需不匹配，需透過再訓練縮小落差","摩擦性失業：轉職或求職期間暫時尚未找到工作","季節性失業：工作需求隨季節規律變動","1","結構性失業：技能供需不匹配，需透過再訓練縮小落差","","產業技術改變使工作者原有技能與新職缺需求不符，屬結構性失業；再訓練有助於縮小技能落差，答案 B。","[""排除主動退休：題幹指出仍想工作。"",""辨認失業原因是自動化改變技能需求。"",""技能落差造成結構性失業，答案 B。""]","結構性失業與職缺、技能不匹配有關，不只是暫時找工作。","[]","","","","","","","","","","","","","","",""
"SOC-0659","社會","原創會考程度練習","","","九年級上","公民","勞資協商與集體談判","基礎","素養題","多名員工共同推派代表，與雇主協商工時、薪資及安全規範。此做法主要保障何種權利？","個別勞工各自與雇主簽訂個人勞動契約","由政府機關單方面決定所有企業的薪資與工時","勞工集體推派代表與雇主協商工作條件","勞資爭議發生後由第三方進行調解","2","勞工集體推派代表與雇主協商工作條件","","員工共同推派代表協商工作條件，展現勞工團結及集體協商，以改善勞動條件，答案 C。","[""辨認協商雙方與員工代表的角色。"",""協商內容包含薪資、工時和安全。"",""集體談判保障勞工團結協商，答案 C。""]","勞資協商須遵守法規，並非免除雇主的法定責任。","[]","","","","","","","","","","","","","","",""
"SOC-0660","社會","原創會考程度練習","","","九年級上","公民","循環經濟與消費選擇","基礎","素養題","消費者將可維修的家電延長使用，並選擇提供零件維修的廠商，減少整機丟棄。這較符合何種作法？","線性經濟：大量開採、製造、使用後即丟棄","計畫性汰舊：縮短產品使用年限並鼓勵提早更換","末端處理：產品丟棄後再分類或處理廢棄物","循環經濟：透過維修與再使用延長產品生命並減少資源耗用","3","循環經濟：透過維修與再使用延長產品生命並減少資源耗用","","維修與延長使用減少產品提早淘汰，可降低原料消耗及廢棄物，符合循環經濟思維，答案 D。","[""找出消費者採取的行動：維修並延長使用。"",""產品使用時間增加，替換與廢棄速度下降。"",""資源浪費減少，符合循環經濟，答案 D。""]","循環經濟重視設計、維修、再用與回收，不只是把垃圾分類。","[]","","","","","","","","","","","","","","",""
"SOC-0661","社會","原創會考程度練習","","","九年級上","臺灣地理","迎風坡與背風坡降雨","基礎","素養題","濕潤氣流由西南方吹向臺灣中央山脈，西南側迎風坡降雨較多，越過山脈後東側較乾。此現象主要由何因素造成？","氣流受地形抬升冷卻，越嶺後下沉增溫","兩地緯度差異使太陽直射角度不同","沿岸洋流造成海面蒸發量完全不同","迎風坡人口較多，居民活動增加降雨","0","氣流受地形抬升冷卻，越嶺後下沉增溫","","濕潤氣流遇山抬升冷卻而降雨，越過山脈後下沉增溫、相對乾燥，形成迎風與背風差異，答案 A。","[""確認氣流帶有水氣並遇到山脈。"",""迎風坡氣流抬升冷卻，較易凝結降雨。"",""背風坡下沉增溫較乾，答案 A。""]","迎風與背風差異是地形雨效應，不是兩側人口多寡造成。","[]","","","","","","","","","","","","","","",""
"SOC-0662","社會","原創會考程度練習","","","九年級上","臺灣地理","沖積扇與河川堆積","基礎","素養題","山區河流流出狹窄谷地進入平原後，坡度減小、流速變慢，常在山麓堆積礫石和砂形成扇形地。這種地形為何？","三角洲：河流入海或湖時堆積形成","沖積扇：河流出山後在山麓形成扇狀堆積地形","河階：河流下切後留下的階梯狀舊河床","曲流：河道彎曲處內側堆積、外側侵蝕","1","沖積扇：河流出山後在山麓形成扇狀堆積地形","","河流出山後坡度及流速下降，搬運能力減弱，礫石砂土在山麓堆積成扇形沖積扇，答案 B。","[""定位地點在河流由山區進入平原處。"",""坡度變緩使流速下降、搬運能力減弱。"",""沉積物呈扇形堆積，形成沖積扇，答案 B。""]","分辨河流堆積地形與海浪侵蝕地形；關鍵是出山口與扇形沉積。","[]","","","","","","","","","","","","","","",""
"SOC-0663","社會","原創會考程度練習","","","九年級上","臺灣地理","曲流的侵蝕與堆積","基礎","素養題","河流彎道外側水流較急，河岸逐漸後退；內側水流較慢，砂石逐漸堆積。此河段最可能出現何種變化？","曲流彎道向外側遷移，彎道可能逐漸加深","彎道內側流速較快，主要發生侵蝕","外側侵蝕、內側堆積，河道可能側向遷移","內外側作用相同，河道位置長期保持不變","2","外側侵蝕、內側堆積，河道可能側向遷移","","曲流外側侵蝕、內側堆積會使河道側向遷移，彎道可能逐漸加深；變化方向不是河流必然改向上游，答案 C。","[""先比較彎道內外側流速。"",""外側侵蝕、內側堆積使河道兩側移動方向不同。"",""內外側作用使河道側向遷移，彎道可能加深，選 C。""]","記住曲流外側侵蝕、內側堆積；兩岸作用不同。","[]","","","","","","","","","","","","","","",""
"SOC-0664","社會","原創會考程度練習","","","九年級上","地理","等高線與地形判讀","中等","素養題","登山地圖上，甲、乙兩點之間有三條等高線依序標示 500 公尺、600 公尺、700 公尺；甲位於 480 公尺等高線附近，乙位於 720 公尺等高線附近。若沿步道由甲走向乙，途中地勢整體如何變化？","端點海拔相差 240 公尺，因此步道實際長度也必為 240 公尺","只要依序跨越三條等高線，沿途每一段都必定等幅上升","甲乙兩點海拔不同，但無法由端點判斷整體升降方向","終點高於起點，整體上升；步道途中仍可能局部起伏","3","終點高於起點，整體上升；步道途中仍可能局部起伏","","甲約在 480 公尺，乙約在 720 公尺，終點高度高於起點，因此整體是上升；實際步道可能有局部上下起伏，不能只用等高線數量推算路程。答案 D。","[""比較起點與終點的高度：甲約 480 公尺，乙約 720 公尺。"",""乙比甲高約 240 公尺，所以沿線整體爬升。"",""地形路線仍可能局部起伏，不能把等高線數量當作實際距離，選 D。""]","判斷地勢變化要比較起點與終點海拔；等高線間距可反映坡度，不能直接代表路程。","[]","","","","","","","","","","","","","","",""
"SOC-0665","社會","原創會考程度練習","","","九年級上","臺灣地理","地理資訊系統與避難規劃","基礎","素養題","地方政府把淹水潛勢圖、人口分布圖和道路圖疊合，找出高風險且距避難所較遠的聚落。這種分析最適合用來做什麼？","找出高風險且避難可及性較低的聚落，安排路線與救援優先序","只計算全市人口總數，無法辨認各地風險與避難條件","由圖層重疊結果推斷居民個人政治立場","依據既有圖資保證未來不會再發生淹水","0","找出高風險且避難可及性較低的聚落，安排路線與救援優先序","","疊合災害、人口及交通圖層可定位高風險與救援不易的地區，協助規劃避難路線和資源，答案 A。","[""確認三種圖層分別表示災害、人口與交通。"",""疊合後找出風險高、可及性低的聚落。"",""用於優先安排避難及救援，答案 A。""]","地理資訊可支援規劃，但不能保證災害不再發生。","[]","","","","","","","","","","","","","","",""
"SOC-0666","社會","原創會考程度練習","","","九年級上","臺灣地理","人口密度的計算","基礎","素養題","甲鄉人口 36,000 人、面積 120 平方公里；乙鄉人口 50,000 人、面積 250 平方公里。哪個地方人口密度較高？","乙鄉，因為總人口數較多","甲鄉，約 300 人／平方公里，高於乙鄉","兩地相同，因為人口與面積都不同","資料不足，因人口密度不能用人口除以面積","1","甲鄉，約 300 人／平方公里，高於乙鄉","","甲鄉密度為 36,000÷120＝300 人／平方公里；乙鄉為 50,000÷250＝200 人／平方公里，因此甲較高，答案 B。","[""人口密度＝人口÷面積。"",""甲鄉為 300 人／平方公里，乙鄉為 200 人／平方公里。"",""比較後甲鄉較高，答案 B。""]","人口總數較大不一定代表密度較高，必須除以面積。","[]","","","","","","","","","","","","","","",""
"SOC-0667","社會","原創會考程度練習","","","九年級上","臺灣地理","扶養比的判讀","基礎","素養題","某地工作年齡人口 60 萬人，幼年與高齡人口合計 45 萬人。依「扶養人口÷工作年齡人口×100」計算，扶養比為何？","45%","60%","75%","約 133.3%","2","75%","","扶養比＝45÷60×100＝75，表示每 100 位工作年齡人口對應 75 位扶養人口，答案 C。","[""把幼年與高齡人口合計作分子：45 萬。"",""工作年齡人口 60 萬作分母。"",""45÷60×100＝75，答案 C。""]","注意題目給的是比率不是人口數；公式分子與分母勿顛倒。","[]","","","","","","","","","","","","","","",""
"SOC-0668","社會","原創會考程度練習","","","九年級上","臺灣地理","偏遠地區人口外移","中等","素養題","偏遠山區年輕人口外移後，學校招生與公車搭乘人數同步下降，地方服務成本提高。這可能形成何種連鎖影響？","人口減少會使公共服務使用者增加，學校與公車服務更容易維持","人口外移後應立即完全撤除全部公共服務，不必評估居民需求","服務縮減必然促使原外移人口全部返回山區","使用者減少提高服務成本，若服務縮減又可能降低居住吸引力","3","使用者減少提高服務成本，若服務縮減又可能降低居住吸引力","","人口外移使使用者減少、單位服務成本提高，可能促使服務縮減；服務減少又會降低居住便利性，形成負向循環，答案 D。","[""先辨認人口外移造成使用者數下降。"",""使用人數減少可能提高每位居民的服務成本。"",""服務縮減又降低居住吸引力，答案 D。""]","這是可能的連鎖效應，不代表每個偏遠地區必然走向相同結果。","[]","","","","","","","","","","","","","","",""
"SOC-0669","社會","原創會考程度練習","","","九年級上","臺灣地理","通勤與都市圈","基礎","素養題","甲市居民大量到鄰近乙市工作，晚上再返回甲市；白天乙市人口明顯增加，夜間則減少。這反映何種人口現象？","跨行政區通勤使就業地出現日間人口增加、夜間減少","白天人口增加表示乙市居民每日都將戶籍轉入後轉回","人口通勤代表兩市之間不存在交通運輸連結","日夜人口差異只由出生與死亡人數變化造成","0","跨行政區通勤使就業地出現日間人口增加、夜間減少","","白天移入、夜間返回表示通勤人口跨區移動，使就業地與居住地的人口活動不同，答案 A。","[""比較白天與夜間人口變化。"",""居民夜間返回甲市，顯示工作地與居住地不同。"",""跨區通勤造成日夜人口差異，答案 A。""]","日間活動人口與戶籍常住人口是不同概念。","[]","","","","","","","","","","","","","","",""
"SOC-0670","社會","原創會考程度練習","","","九年級上","臺灣地理","都市熱島改善","基礎","素養題","市中心夜間仍比郊區炎熱，調查發現建物密集、柏油路面多、綠地少。哪項措施最能直接減緩此現象？","增加植栽遮蔭並改善透水綠地，以減少蓄熱並提高蒸散","維持不透水鋪面與綠地面積不變，只增加夜間照明","擴大排放廢熱的空調設備，將更多熱量排至街道周邊","封閉通風廊道並提高建物密度，降低空氣流動","1","維持不透水鋪面與綠地面積不變，只增加夜間照明","","植栽遮蔭及蒸散可降低地表蓄熱，透水綠地也減少不透水鋪面造成的熱量累積，答案 B。","[""找出材料中的致熱原因：密集建物、柏油、綠地少。"",""選擇能遮蔭、蒸散並增加透水面的措施。"",""樹蔭與綠地有助降低都市熱島，答案 B。""]","增加綠地可改善局部熱環境，但仍需配合建築與交通等減排措施。","[]","","","","","","","","","","","","","","",""
"SOC-0671","社會","原創會考程度練習","","","九年級上","臺灣地理","河川流域與土地管理","中等","素養題","上游森林大量開發後，豪雨時下游河川泥沙增加、淤積加快。這說明管理水患時應採取何種觀點？","只疏濬下游河道，不納入上游侵蝕來源管理","將防洪責任切分為行政區，互不交換上下游資訊","依整個流域的上下游連結，協調土地利用與防洪措施","只提高下游堤防高度，不評估泥沙來源與河道淤積","2","依整個流域的上下游連結，協調土地利用與防洪措施","","上游植被減少會增加土壤沖蝕，泥沙沿河移至下游；治理需考量整個流域的土地與水文連結，答案 C。","[""連結上游開發與土壤沖蝕。"",""泥沙隨河流移向下游並造成淤積。"",""因此防洪須採流域整體管理，答案 C。""]","水文系統不會依行政區界線中斷，須看上下游因果。","[]","","","","","","","","","","","","","","",""
"SOC-0672","社會","原創會考程度練習","","","九年級上","臺灣地理","梯田與山坡農業","基礎","素養題","山區居民沿等高線開闢梯田，讓坡地形成一層層較平緩的耕作面。這項作法的主要效果為何？","改變山區氣候，使年降雨量立即增加","加快坡面水流速度，使土壤更容易被帶走","消除坡地所有崩塌風險，不必再做水土保持","沿等高線形成較平緩耕作面，減緩坡面逕流與沖刷","3","沿等高線形成較平緩耕作面，減緩坡面逕流與沖刷","","梯田降低坡面坡度與水流速度，可減少逕流沖刷並形成較平坦耕作面，但不能消除地震等風險，答案 D。","[""辨認梯田沿等高線分層的形態。"",""坡面變緩可降低逕流速度及沖刷。"",""也提供較可耕作的平面，答案 D。""]","梯田可降低侵蝕，不代表坡地災害風險完全消失。","[]","","","","","","","","","","","","","","",""
"SOC-0673","社會","原創會考程度練習","","","九年級上","臺灣地理","海岸侵蝕與工程取捨","中等","素養題","某海岸築堤後，堤防一側沙灘變寬，鄰近未築堤海岸卻加速侵蝕。政府評估方案時最應注意何者？","工程可能改變波浪或沿岸漂沙分布，須監測並評估鄰近海岸","局部沙灘變寬足以證明整段海岸的沙量都增加","海岸侵蝕只由海平面決定，與泥沙輸送無關","築堤後各處侵蝕都會停止，因此不需持續調查","0","工程可能改變波浪或沿岸漂沙分布，須監測並評估鄰近海岸","","堤防兩側沙灘變化與泥沙重新分布的情形相符，但僅憑先後變化不能證明唯一成因；海岸工程可能改變波浪與沿岸漂沙，需持續監測並評估鄰近海岸，答案 A。","[""觀察築堤兩側出現不同沙灘變化。"",""這可能與工程改變漂沙有關，仍須更多監測資料確認因果。"",""評估須兼顧鄰近海岸，答案 A。""]","工程效果有空間外溢，不能只看築堤所在的一小段。","[]","","","","","","","","","","","","","","",""
"SOC-0674","社會","原創會考程度練習","","","九年級上","臺灣地理","水庫與集水區保護","基礎","素養題","水庫上游坡地大量開發後，豪雨時土砂進入水庫，使有效蓄水容量下降。最合適的預防策略為何？","只在水庫下游拓寬道路，維持上游土地利用不變","保護集水區植被、落實水土保持並管理高風險開發","僅在淤積發生後清淤，不監測上游土砂來源","增加上游坡地開發面積以減少植被覆蓋","1","保護集水區植被、落實水土保持並管理高風險開發","","上游開發增加土砂沖入水庫，應從源頭管理坡地、保護植被與落實水土保持，答案 B。","[""辨認影響來源在水庫上游集水區。"",""土砂流入造成淤積並降低蓄水容量。"",""源頭水土保持和開發管理最能預防，答案 B。""]","水庫容量問題須兼顧上游集水區，不是只在下游施工。","[]","","","","","","","","","","","","","","",""
"SOC-0675","社會","原創會考程度練習","","","九年級上","臺灣地理","港口與腹地交通","中等","素養題","港口吞吐量增加，但港區周邊貨車道路壅塞、貨物轉運時間變長。要提升港口競爭力，較應優先改善何者？","只增加碼頭泊位，不處理港區道路與貨物轉運瓶頸","限制貨物離港，降低聯外運輸所需的道路容量","改善港口與腹地的道路、鐵路及多式聯運效率","取消港口與產地、消費市場間的運輸連結","2","改善港口與腹地的道路、鐵路及多式聯運效率","","港口服務仰賴貨物順利往返腹地；聯外道路及多式聯運可減少壅塞與轉運時間，答案 C。","[""從題幹找出瓶頸：港區道路壅塞、轉運時間長。"",""港口需要與腹地市場、產地連接。"",""改善聯外運輸可提升轉運效率，答案 C。""]","港口競爭力不只看碼頭，也取決於腹地及運輸網絡。","[]","","","","","","","","","","","","","","",""
"SOC-0676","社會","原創會考程度練習","","","九年級上","臺灣地理","農業區位與作物選擇","基礎","素養題","高山地區夏季較涼爽，平地夏季炎熱；農民依氣溫差異安排不同作物與收成季節。這反映何種區位因素？","農作物選擇只由行政區名稱與政治界線決定","交通建設會使不同海拔地區的氣候條件相同","農業選址完全不受地形、氣候與水源影響","氣溫與海拔影響作物適生條件及生產季節","3","氣溫與海拔影響作物適生條件及生產季節","","氣溫與海拔影響作物適宜生長條件及生產季節，農民依自然環境調整作物，答案 D。","[""比較山區和平地的溫度條件。"",""作物對生長溫度與季節有不同需求。"",""農業生產會受自然環境區位影響，答案 D。""]","自然條件是區位因素之一，市場、技術與交通也會影響農業。","[]","","","","","","","","","","","","","","",""
"SOC-0677","社會","原創會考程度練習","","","九年級上","經濟","工業區位與運輸成本","基礎","素養題","重量大且運費高的建材工廠設於原料產地附近，以減少石材長距離運輸。這項選址主要考量何者？","接近笨重原料產地，降低投入品運輸成本","接近消費市場，以縮短成品運輸距離","接近勞力供應地，降低招募與通勤成本","接近港口或鐵路，以便利產品外運","0","接近笨重原料產地，降低投入品運輸成本","","石材笨重且運輸成本高，靠近原料產地可減少原料運送距離與費用，答案 A。","[""先判斷石材特性：重量大、運費高。"",""工廠選址靠近原料來源。"",""主要目的是降低原料運輸成本，答案 A。""]","工廠區位常在原料、勞力、市場、交通等因素間取捨。","[]","","","","","","","","","","","","","","",""
"SOC-0678","社會","原創會考程度練習","","","九年級上","經濟","服務業與都市集聚","基礎","素養題","大型醫院集中設於人口密集都市，因為都市有較多病患、醫療人力與交通路網。此現象最能說明何者？","服務業選址通常不考慮顧客數量與專業人力分布","醫院會考量服務人口、專業人力及交通可及性","人口愈密集，醫療服務需求必然愈少","醫療機構只依行政區界線選址，與交通無關","1","醫院會考量服務人口、專業人力及交通可及性","","醫院需要足夠服務人口，也需要專業人力和交通可及性，都市集聚提供這些條件，答案 B。","[""找出醫院需要的條件：病患、醫護及交通。"",""都市人口和專業服務較集中。"",""服務業選址會考量市場與人力，答案 B。""]","服務集中可提升專業分工，也可能增加偏遠地區取得服務的困難。","[]","","","","","","","","","","","","","","",""
"SOC-0679","社會","原創會考程度練習","","","九年級上","經濟","國際貿易與比較利益","中等","素養題","甲國生產一件衣服需 2 小時、一公斤茶葉需 1 小時；乙國生產衣服需 6 小時、茶葉需 2 小時。依機會成本判斷，兩國各自具有比較利益的產品為何？","甲國生產茶葉、乙國生產衣服，因只比較各自工時長短","兩國都專做衣服，因甲乙兩國都能生產衣服","甲國生產衣服、乙國生產茶葉；茶葉交換條件須介於兩國機會成本之間才可能互利","只比較哪國生產兩種商品都較快，不必計算機會成本","2","甲國生產衣服、乙國生產茶葉；茶葉交換條件須介於兩國機會成本之間才可能互利","","甲國生產 1 公斤茶葉的機會成本是 0.5 件衣服，生產 1 件衣服的機會成本是 2 公斤茶葉；乙國分別為 1/3 件衣服與 3 公斤茶葉。因此甲國在衣服、乙國在茶葉有比較利益。若 1 公斤茶葉交換的衣服數介於 1/3 與 1/2 件之間，雙方才可能以低於各自生產成本取得對方產品，答案 C。","[""甲國茶葉機會成本為 1÷2＝0.5 件衣服；衣服機會成本為 2÷1＝2 公斤茶葉。"",""乙國茶葉機會成本為 2÷6＝1/3 件衣服；衣服機會成本為 6÷2＝3 公斤茶葉。"",""甲國衣服、乙國茶葉的機會成本較低；互利交換條件須介於 1/3 與 1/2 件衣服／公斤茶葉，選 C。""]","比較利益看機會成本，不是只比絕對工時；確認題幹與選項要有唯一正確答案。","[]","","","","","","","","","","","","","","",""
"SOC-0680","社會","原創會考程度練習","","","九年級上","臺灣地理","人口遷移與就業機會","基礎","素養題","某地新設科技園區後，外地青年因工作機會增加而遷入；當地租屋需求也隨之上升。園區對人口遷移而言屬於何種因素？","原居地缺少工作而促使居民離開的推力","出生人數少於死亡人數所形成的自然減少","風化與流水搬運造成的地形侵蝕作用","遷入地增加工作機會而吸引人口的拉力","3","遷入地增加工作機會而吸引人口的拉力","","科技園區提供工作機會，吸引外地青年移入，是目的地的拉力因素；租屋需求上升是遷入後的影響，答案 D。","[""判定園區位於人口遷入的目的地。"",""工作機會提升目的地吸引力。"",""因此屬遷移拉力，答案 D。""]","區分推力發生在原居地、拉力發生在目的地。","[]","","","","","","","","","","","","","","",""
"SOC-0681","社會","原創會考程度練習","","","九年級上","臺灣史","解嚴與民主化","基礎","素養題","臺灣於 1987 年解除戒嚴，之後政治活動空間逐步擴大。這項變化最能說明何種政治發展？","解除戒嚴使政治管制鬆動，民主化進程逐步展開","戒嚴解除當年即完成所有民主制度改革","政治活動空間擴大代表選舉制度從此停止","解嚴使地方政府自治權立即全部取消","0","解除戒嚴使政治管制鬆動，民主化進程逐步展開","","解除戒嚴使政治活動與公共表達空間擴大，是臺灣民主化進程的重要轉折，但民主制度仍持續發展，答案 A。","[""定位史實：1987 年解除戒嚴。"",""戒嚴解除代表政治管制鬆動、參與空間增加。"",""這是民主化進程的轉折，答案 A。""]","民主化是持續的制度轉型，不代表解嚴當天所有問題都已解決。","[]","","","","","","","","","","","","","","",""
"SOC-0682","社會","原創會考程度練習","","","九年級上","臺灣史","總統直選與政治參與","基礎","素養題","1996 年臺灣首次由公民直接投票選出總統。這項制度改變最直接擴大何種權利？","由立法機關代表選民選出總統的間接方式","公民以選票直接選擇國家元首","由行政機關提名並由法院決定總統人選","人民只參與地方選舉，不再參與中央選舉","1","公民以選票直接選擇國家元首","","總統直選讓公民直接以選票選擇國家元首，擴大人民參與國家政治的方式，答案 B。","[""先辨認選舉方式由間接轉為直接。"",""投票者是具投票權的公民。"",""人民直接參與元首選擇，答案 B。""]","區分直接選舉與間接選舉；本題問的是參與方式的改變。","[]","","","","","","","","","","","","","","",""
"SOC-0683","社會","原創會考程度練習","","","九年級上","公民","新聞查證與媒體素養","基礎","素養題","社群平台流傳一則重大災害消息，但只附匿名截圖，沒有時間、地點或原始發布單位。轉傳前最適合採取何種作法？","根據貼文轉傳量判斷消息已經證實","先轉傳截圖，再等待其他使用者補充來源","核對原始發布者、時間地點，並查閱官方與可信來源","只看同意該消息的留言，不比對其他報導","2","核對原始發布者、時間地點，並查閱官方與可信來源","","匿名截圖缺少可查證資訊，應比對官方公告、原始發布時間與多個可信來源，再判斷是否轉傳，答案 C。","[""辨認訊息缺少來源及時間地點。"",""以官方或可追溯的一手資料核實。"",""確認前不任意擴散，答案 C。""]","看見高轉傳或高留言量不等於內容已被證實。","[]","","","","","","","","","","","","","","",""
"SOC-0684","社會","原創會考程度練習","","","九年級上","公民","公共聽證與居民參與","基礎","素養題","政府規劃捷運路線時，公布環境資料並舉辦聽證，讓居民、專家和業者提出意見。此程序的主要功能為何？","由出席者直接取代民選機關作成最終決定","蒐集居民、專家與業者意見，讓決策資訊更公開","只要舉辦聽證，政府就不必再說明採納或不採納意見的理由","確保不同利害關係人最後必定完全同意同一方案","3","確保不同利害關係人最後必定完全同意同一方案","","公開資訊並聽取多方意見可提升透明度、納入在地知識；程序不能保證人人同意，也不免除政府責任，答案 D。","[""辨認程序元素：資料公開、不同群體發言。"",""多元意見能補充決策資訊並讓過程可受檢視。"",""主要功能是透明與參與，答案 D。""]","公民參與改善決策品質，但不等於每位參與者都能取得完全一致的結果。","[]","","","","","","","","","","","","","","",""
"SOC-0685","社會","原創會考程度練習","","","九年級上","公民","性別平等與制度改善","基礎","素養題","校方發現某社團規則沒有與活動性質相關的理由，卻長期只允許特定性別參加，於是修正條件，讓不同性別都能依相同資格申請。此措施最符合何種原則？","移除缺乏合理理由的性別限制，保障平等參與機會","因部分活動適合特定性別，將所有社團一律按性別分流","以確保結果完全相同為由，禁止依活動能力與興趣選擇","只要規則文字一致，就不需檢視是否造成不合理排除","0","移除缺乏合理理由的性別限制，保障平等參與機會","","校方修正造成不平等參與的規則，使不同性別皆有申請機會，符合消除歧視、保障平等參與，答案 A。","[""比較原規則造成的參與限制。"",""修正後各性別皆能依相同條件申請。"",""措施目的在保障平等參與，答案 A。""]","形式上相同的規定若造成不合理排除，也應檢視其實際效果。","[]","","","","","","","","","","","","","","",""
"SOC-0686","社會","原創會考程度練習","","","九年級上","公民","社會運動與公共議題","基礎","素養題","居民組成環保團體，蒐集河川污染資料、公開研究並向政府提出陳情，要求改善排放。此團體主要在行使何種公民功能？","由團體直接判決污染案件並處罰業者","透過資料、倡議與陳情表達公共意見並監督政策","由民間團體直接撤銷政府核發的工廠許可","以阻止資訊公開取代公共議題討論","1","透過資料、倡議與陳情表達公共意見並監督政策","","團體以資料和陳情提出公共訴求，促使政府回應並監督政策執行，屬公民社會參與，答案 B。","[""辨認團體的行動：調查、公開資料、陳情。"",""這些行動把公共問題帶入政策討論。"",""團體是在表達意見和監督政策，答案 B。""]","公民團體能倡議監督，但行政裁罰仍須由有權機關依法作成。","[]","","","","","","","","","","","","","","",""
"SOC-0687","社會","原創會考程度練習","","","九年級上","公民","司法救濟與權利保障","基礎","素養題","人民認為行政機關的處分侵害自身權益，依法向法院提起救濟。這項制度主要提供何種保障？","向原處分機關陳情，請求其自行重新考慮","由民意代表直接代替法院作成判決","透過法院審查行政處分是否依法作成並保障權利","由新聞媒體報導後即自動撤銷行政處分","2","透過法院審查行政處分是否依法作成並保障權利","","人民可透過司法程序請求法院審查行政處分是否合法，形成對行政權的外部救濟與制衡，答案 C。","[""確認爭議對象是行政機關處分。"",""人民依法向法院提出救濟。"",""司法審查可檢驗行政權是否合法，答案 C。""]","法院審查是否合法，不代表申訴人提出主張就必然勝訴。","[]","","","","","","","","","","","","","","",""
"SOC-0688","社會","原創會考程度練習","","","九年級上","公民","依法行政與法律保留","中等","素養題","市政府想限制人民在公共廣場集會，卻找不到法律授權依據。若依民主法治原則，政府應如何處理？","只要政府認為方便管理，即可不經法律授權全面禁止集會","先以行政命令限制權利，日後再由機關自行補充法律依據","以維持秩序為由永久禁止廣場內所有集會，不必考慮個案","未確認法律依據前不得逕自限制；若有依據，也須符合比例原則","3","未確認法律依據前不得逕自限制；若有依據，也須符合比例原則","","集會自由受憲法第 14 條保障；題目未找到法律授權前，政府不得僅憑行政首長意願逕自限制。即使有法律依據，限制仍須符合憲法第 23 條比例原則，答案 D。","[""辨認受到影響的是人民集會權。"",""集會自由受保障，限制需有法律依據並有合憲目的。"",""本題未找到授權依據，不能逕自限制；即使另有法律依據，仍須符合比例原則，選 D。""]","限制權利要兼顧法律依據與比例，不是只看政府目的是否善意。","[]","","","","","","","","","","","","","","",""
"SOC-0689","社會","原創會考程度練習","","","九年級上","公民","稅收與公共服務","基礎","素養題","某市以稅收維護公園、道路和消防服務，居民即使沒有逐次付費也能使用。稅收在此主要扮演何種角色？","籌措政府財源，經預算支應共同使用的公共服務","讓每位納稅人都能按繳稅金額逐筆領回相同服務","將全部稅收作為私人企業的股東分紅","公共設施與消防服務無須任何人力或維護經費","0","籌措政府財源，經預算支應共同使用的公共服務","","稅收是政府籌措財源的重要方式，可用於公園、道路及消防等公共服務；個人回饋不必與繳稅金額逐筆相等，答案 A。","[""列出題幹中的共同服務。"",""政府需透過預算籌措並分配資源。"",""稅收可支應公共服務，答案 A。""]","公共服務受益範圍常不同，稅額不等於個人可逐筆領回的金額。","[]","","","","","","","","","","","","","","",""
"SOC-0690","社會","原創會考程度練習","","","九年級上","經濟","公共預算與機會成本","中等","素養題","市府預算有限，若把原定道路拓寬經費改用於增加長照據點，最直接放棄的替代方案是什麼？","已經支付且無法收回的道路規劃與前期調查費用","放棄道路拓寬後，原方案本可帶來的最佳替代效益","採用長照方案後全部未來服務的總價值","市府所有稅收的名目總額，而非被放棄的用途","1","放棄道路拓寬後，原方案本可帶來的最佳替代效益","","預算投入長照後，放棄的最佳替代用途是道路拓寬方案及其效益，這是公共選擇的機會成本，答案 B。","[""辨認資源限制：市府預算有限。"",""比較實際採用方案與被放棄的最佳方案。"",""被放棄道路計畫的效益是機會成本，答案 B。""]","機會成本是最佳替代方案，不是所有歷史支出或全部預算。","[]","","","","","","","","","","","","","","",""
"SOC-0691","社會","原創會考程度練習","","","九年級上","經濟","保險與風險分攤","基礎","素養題","許多家庭定期繳交保費，少數遭遇火災者可依契約申請理賠。保險制度的主要功能為何？","讓每位投保人都能領回高於保費的固定收益","避免承保事故實際發生，完全消除風險","透過共同保費與契約理賠分攤個別重大損失","事故發生後不必符合保單條款即可取得理賠","2","透過共同保費與契約理賠分攤個別重大損失","","保險透過多數人繳費建立基金，在符合契約條件時補償遭遇事故者，分攤個別風險，答案 C。","[""辨認保費由許多投保者共同繳納。"",""事故發生者依契約申請補償。"",""制度功能是分攤風險，不是消除風險，答案 C。""]","保險理賠依契約條款辦理，不代表投保後任何損失都必然獲賠。","[]","","","","","","","","","","","","","","",""
"SOC-0692","社會","原創會考程度練習","","","九年級上","經濟","儲蓄與投資風險","中等","素養題","甲把部分收入存入銀行定期存款，乙購買公司股票並承擔價格波動。兩種選擇的主要差異為何？","定期存款與股票的本金及報酬都不受任何因素影響","股票價格長期只會上漲，不會發生本金損失","銀行存款與公司股票都由政府保證固定高報酬","股票價格會波動，報酬與本金風險通常較不確定","3","股票價格會波動，報酬與本金風險通常較不確定","","股票價值會隨公司表現與市場變化，報酬及本金風險通常較不確定；存款和股票的保障及風險不同，答案 D。","[""辨認存款與股票的金融商品型態。"",""股票價格會波動，報酬不固定且可能虧損。"",""股票風險通常較不確定，答案 D。""]","不要把金融商品的過往報酬當成未來保證。","[]","","","","","","","","","","","","","","",""
"SOC-0693","社會","原創會考程度練習","","","九年級上","經濟","景氣衰退與政府支出","中等","素養題","景氣衰退時，企業減少投資、失業增加；政府若增加公共建設支出，較可能希望達成何種短期效果？","增加公共需求，在短期支撐總需求與相關就業","減少公共投資，使衰退期間的總需求進一步下降","公共建設支出不會形成任何商品或勞務需求","增加公共工程支出主要是為了提高失業率","0","增加公共需求，在短期支撐總需求與相關就業","","公共建設支出可增加政府需求並帶動相關就業，政策目的之一是在景氣低迷時支撐總需求，答案 A。","[""辨認當前問題：投資下降、失業增加。"",""政府支出直接形成公共建設需求。"",""需求與就業可能獲得短期支持，答案 A。""]","財政支出可能有時差與財源限制，不代表立即解決所有結構問題。","[]","","","","","","","","","","","","","","",""
"SOC-0694","社會","原創會考程度練習","","","九年級上","經濟","匯率與出口價格","中等","素養題","新臺幣升值後，外國買家用本國貨幣購買臺灣商品時，臺灣商品價格較可能如何變化？","臺灣商品換算成外幣通常較便宜，價格競爭力必然提高","臺幣標價換算成外幣通常較高，出口價格競爭力可能受影響","匯率只影響進口品，與出口商品外幣價格無關","新臺幣升值會使臺灣的所有進口商品立即停止交易","1","臺幣標價換算成外幣通常較高，出口價格競爭力可能受影響","","新臺幣升值代表相同新臺幣價格換算成外幣較高，外國買家可能覺得商品較貴，出口競爭力可能受影響，答案 B。","[""確認變化是新臺幣升值。"",""將臺幣標價換算成外幣，所需外幣通常增加。"",""出口品可能相對變貴，答案 B。""]","匯率影響價格競爭力，但出口量還會受品質、需求及合約等因素影響。","[]","","","","","","","","","","","","","","",""
"SOC-0695","社會","原創會考程度練習","","","九年級上","經濟","關稅與消費者價格","基礎","素養題","政府對進口鞋課徵關稅，進口成本提高；若業者將部分成本轉嫁給買家，消費者可能面臨何種結果？","若業者吸收全部關稅，消費者價格仍必定上升","進口鞋售價不可能受關稅及成本轉嫁影響","業者轉嫁部分成本時，進口鞋售價可能上升","課徵關稅會讓國內外鞋款品質與價格完全相同","2","業者轉嫁部分成本時，進口鞋售價可能上升","","關稅提高進口成本，若業者轉嫁部分成本，售價就可能上升；實際幅度仍取決於競爭與市場反應，答案 C。","[""先辨認關稅增加的是進口成本。"",""題目假設業者轉嫁部分成本。"",""因此消費者售價可能上升，答案 C。""]","關稅成本不一定全數由消費者承擔，題目已給「轉嫁部分」條件。","[]","","","","","","","","","","","","","","",""
"SOC-0696","社會","原創會考程度練習","","","九年級上","經濟","供應鏈與風險分散","基礎","素養題","工廠只向單一國家採購關鍵零件，該地災害後生產立即中斷。若要降低未來供應風險，較適合採取何種策略？","與單一供應商簽長約，持續維持同一地區的集中採購","增加同一災害區域內的供應商數量，不建立替代來源","取消供應商品質檢查，以縮短採購流程","建立不同地區的合格來源，並規劃適當安全庫存","3","建立不同地區的合格來源，並規劃適當安全庫存","","單一來源使供應容易受區域災害衝擊；增加不同來源並規劃合理庫存可提升供應鏈韌性，答案 D。","[""找出中斷原因：採購來源過度集中。"",""多元來源降低單一地區失能的影響。"",""搭配庫存與備援可提高韌性，答案 D。""]","分散來源仍須評估成本、品質與運輸風險，不能只追求供應商數量。","[]","","","","","","","","","","","","","","",""
"SOC-0697","社會","原創會考程度練習","","","九年級上","公民","消費者資訊與商品比較","基礎","素養題","兩款電器售價相近，但其中一款清楚標示耗電量、保固和維修方式，另一款只宣傳外觀。理性購買前應優先做什麼？","比較耗電、保固、維修與長期使用成本後再選擇","只看初始售價，假設價格相同代表總成本相同","以廣告吸引力取代規格、保固與維修資訊","忽略耗電與維修差異，只依外觀選購","0","比較耗電、保固、維修與長期使用成本後再選擇","","耗電量與保固會影響長期成本及使用風險，消費者應蒐集可比較資訊，而非只看外觀或標價，答案 A。","[""找出會影響使用期間成本的資訊：耗電、保固、維修。"",""比較初始價格以外的長期支出與服務。"",""依完整資訊做選擇，答案 A。""]","價格相近不代表總持有成本或品質相同。","[]","","","","","","","","","","","","","","",""
"SOC-0698","社會","原創會考程度練習","","","九年級上","公民","漁業資源與共同管理","中等","素養題","沿海漁民發現幼魚數量下降，協議在繁殖季暫停特定海域捕撈，並共同巡查違規行為。此作法主要希望達成何種效果？","集中捕撈繁殖中的幼魚，優先增加當季漁獲","減少繁殖季捕撈並共同執行規則，維持資源再生能力","各漁民自行捕撈，不需協調共同資源的使用方式","完全禁止居民參與，將海域所有權交給單一業者","1","減少繁殖季捕撈並共同執行規則，維持資源再生能力","","繁殖季休漁可減少對繁殖群體的捕撈，協同行動有助資源恢復與長期利用，答案 B。","[""辨認資源問題：幼魚減少。"",""繁殖季暫停捕撈可讓魚群繁殖與成長。"",""共同管理支持資源永續，答案 B。""]","共同資源若缺乏協調容易被過度使用，社區規則與執行同樣重要。","[]","","","","","","","","","","","","","","",""
"SOC-0699","社會","原創會考程度練習","","","九年級上","臺灣地理","氣候變遷與減緩","基礎","素養題","城市以大眾運輸取代部分私人汽車旅次，並提高建築能源效率。這些措施主要能降低何種排放？","地球自轉所造成的日夜與季節變化","颱風、地震等所有自然災害的發生次數","汽車燃油與建築能源消耗產生的人為溫室氣體","海水鹽分自然形成的過程","2","汽車燃油與建築能源消耗產生的人為溫室氣體","","減少汽車燃油及建築能源消耗，可降低化石燃料燃燒產生的溫室氣體排放，屬氣候變遷減緩措施，答案 C。","[""辨認交通與建築能耗的來源。"",""減少燃油及化石能源使用。"",""可降低人為溫室氣體排放，答案 C。""]","減緩是減少排放；調適則是降低已發生或預期氣候衝擊。","[]","","","","","","","","","","","","","","",""
"SOC-0700","社會","原創會考程度練習","","","九年級上","臺灣地理","乾旱與用水排序","中等","素養題","連續少雨造成水庫蓄水下降，政府同時面對民生、醫療與非必要景觀用水需求。短期分配時最應優先保障何者？","優先維持高耗水景觀設施的全年運轉","延後非必要清洗與景觀用途，先保障基本民生需求","不監測漏水與用水量，讓短缺由各住戶自行承擔","優先保障飲用、基本衛生及醫療等必要用水","3","優先保障飲用、基本衛生及醫療等必要用水","","水資源不足時應優先保障飲用、衛生及醫療等基本需求，再依重要性調整其他用途，答案 D。","[""先辨認供水限制：水庫蓄水下降。"",""比較用水用途的必要性與公共健康影響。"",""優先保障基本民生及醫療用水，答案 D。""]","用水排序需透明並兼顧公平；不同地區也應依實際供需調整。","[]","","","","","","","","","","","","","","",""
"SOC-0701","社會","原創會考程度練習","","","九年級上","世界史","尼羅河與古埃及農業","基礎","素養題","古埃及居民記錄尼羅河定期氾濫後，河岸留下肥沃淤泥，農作收成增加。此文明發展與何種自然條件關係最密切？","定期氾濫供水並留下肥沃沖積土，支持農業生產","沙漠降雨全年充足，因此無須依賴河流灌溉","河谷農業主要依賴地中海降雨，與尼羅河氾濫關係不大","尼羅河洪水只造成破壞，與農業發展無關","0","定期氾濫供水並留下肥沃沖積土，支持農業生產","","尼羅河氾濫提供水分並沉積肥沃淤泥，支持農業生產與聚落發展，答案 A。","[""辨認材料中的河流與週期性氾濫。"",""氾濫帶來灌溉水和肥沃沉積物。"",""農業因此得以發展，答案 A。""]","文明與環境相互影響；本題問的是支持農業的自然條件。","[]","","","","","","","","","","","","","","",""
"SOC-0702","社會","原創會考程度練習","","","九年級上","世界史","兩河流域與灌溉","中等","素養題","兩河流域居民修築運河引水灌溉，但若上游用水未協調，下游田地可能缺水。這反映早期農業社會需要何種合作？","各村各自築堤取水，不協調上下游使用次序","共同維護運河並協調上下游取水，避免灌溉分配衝突","只由下游農戶負責修渠，上游用水不必納入管理","停止水利工程，完全依賴不穩定的天然降雨耕作","1","共同維護運河並協調上下游取水，避免灌溉分配衝突","","灌溉運河連接上下游，水量與設施維護會互相影響，因此需要共同管理水利及協調分配，答案 B。","[""找出水源和運河具有上下游連結。"",""單一群體的取水會影響其他農田。"",""共同維護並協調水源較能穩定農業，答案 B。""]","流域治理具有公共協調需求，不是各戶互不相關的私事。","[]","","","","","","","","","","","","","","",""
"SOC-0703","社會","原創會考程度練習","","","九年級上","世界史","古希臘城邦與公民","基礎","素養題","雅典城邦的公民能在集會中討論並表決公共事務，但婦女、奴隸和外邦居民不具公民資格。這制度呈現何種特色？","透過代表定期選舉議會，屬代議民主制度","由世襲君主掌握城邦決策，公民不參與集會","部分公民直接參與政治，但權利範圍有限","凡成年居民不分身分都具有相同集會投票資格","2","部分公民直接參與政治，但權利範圍有限","","雅典公民能直接參與集會，但公民資格排除了婦女、奴隸與外邦人，因此是參與直接而範圍受限的制度，答案 C。","[""先找出能參與政治的群體：公民。"",""再找出被排除的居民類別。"",""制度具直接參與特色，但並非普遍平等，答案 C。""]","勿把雅典直接民主等同於現代全民普選。","[]","","","","","","","","","","","","","","",""
"SOC-0704","社會","原創會考程度練習","","","九年級上","世界史","羅馬共和與權力制衡","基礎","素養題","羅馬共和時期設有多名執政官且任期有限，重要決策還須經不同機關參與。這樣安排主要希望避免什麼？","讓平民完全失去參與政治的機會","使軍事指揮永遠由同一家族世襲掌握","將共和官職改為終身且不可受制衡的君主職位","避免行政權集中在單一且長期掌權者手中","3","避免行政權集中在單一且長期掌權者手中","","多名官員與有限任期分散權力並降低個人長期獨裁風險，答案 D。","[""辨認制度設計：多人共任、任期有限。"",""分析其效果：沒有一人長期獨攬行政權。"",""主要是防止權力過度集中，答案 D。""]","共和制度仍有社會階層差異；本題聚焦分散權力的目的。","[]","","","","","","","","","","","","","","",""
"SOC-0705","社會","原創會考程度練習","","","九年級上","世界史","古代絲路與文化交流","中等","素養題","絲路遺址同時發現中亞玻璃器、外來宗教造像與漢地絲織品。這些證據最能支持何種推論？","不同來源商品與宗教造像支持沿線存在跨區商品及文化交流","外來器物出土即可證明沿線居民全都改信同一宗教","多種來源物品同地出土，表示全由當地單一工坊製造","遺址發現商品只能證明軍隊經過，不能反映商旅往來","0","不同來源商品與宗教造像支持沿線存在跨區商品及文化交流","","不同來源的器物與宗教造像同地出土，顯示人群、商品和觀念沿交通路線交流，答案 A。","[""比對遺物來源：中亞玻璃、漢地絲織品。"",""外來宗教造像也反映觀念傳播。"",""證據支持跨區商貿與文化交流，答案 A。""]","考古證據支持交流的推論，但不能僅憑少量物品推定所有居民都改信同一宗教。","[]","","","","","","","","","","","","","","",""
"SOC-0706","社會","原創會考程度練習","","","九年級上","世界史","唐代長安與國際交流","基礎","素養題","唐代長安聚集來自不同地區的商人、僧侶與使節，城市中可見多種語言和宗教活動。此現象最能反映何者？","首都長安與外地往來受阻，外來人口無法進入","交通與政治網絡使長安成為多地人群交流的中心","商人、僧侶和使節都只從事同一種農業生產","多種宗教與語言並存，表示文化差異已完全消失","1","交通與政治網絡使長安成為多地人群交流的中心","","商人、僧侶與使節往來顯示長安連結多地交通與政治網絡，是國際交流重鎮，答案 B。","[""辨認不同群體：商人、僧侶、使節。"",""多種語言及宗教活動代表人口與文化流動。"",""長安成為交流中心，答案 B。""]","交流不代表文化差異消失；本題重點是多元接觸。","[]","","","","","","","","","","","","","","",""
"SOC-0707","社會","原創會考程度練習","","","九年級上","世界史","科舉與人才選拔","基礎","素養題","唐宋以後，士人透過考試爭取官職，中央可依考試結果選拔各地讀書人。這制度主要改變何種途徑？","官職只由貴族家族世襲，與考試成績無關","讀書人完成學業後不經選拔即可成為皇帝","部分官職任用透過考試評量士人學識","科舉使各級政府不再需要行政官員","2","部分官職任用透過考試評量士人學識","","科舉以考試選拔官員，使部分仕途不再只依世襲身分，答案 C。","[""抓出關鍵制度：考試與官職連結。"",""不同地區士人可參加選拔。"",""官員任用部分依據學識考試，答案 C。""]","科舉擴大部分人的入仕機會，但並未消除所有階級差異。","[]","","","","","","","","","","","","","","",""
"SOC-0708","社會","原創會考程度練習","","","九年級上","世界史","蒙古帝國與歐亞交通","中等","素養題","蒙古帝國控制歐亞大陸多段陸路後，商旅和使節跨區旅行較為頻繁，但沿途仍有治安與疾病風險。這主要顯示何者？","帝國統一代表所有旅人不再面臨疾病或治安風險","陸路受同一政權控制後，各地宗教與語言必然完全一致","政治統一使商旅與使節停止使用歐亞陸路","政權控制與交通網絡會影響交流頻率，但不會消除旅途風險","3","政權控制與交通網絡會影響交流頻率，但不會消除旅途風險","","統一控制與驛站網絡可提高跨區旅行便利及交流頻率，但不會消除旅途風險，例如疾病與治安問題，也不代表文化同質化，答案 D。","[""先辨認政治條件改變：多段陸路受同一帝國控制。"",""商旅、使節移動增加，但仍有風險。"",""政治秩序會影響交通交流，答案 D。""]","交通交流增加不等於旅途安全無虞；留意題幹的限制條件。","[]","","","","","","","","","","","","","","",""
"SOC-0709","社會","原創會考程度練習","","","九年級上","世界史","伊斯蘭文明與知識傳播","基礎","素養題","中世紀阿拉伯學者翻譯並整理希臘、波斯與印度的學術著作，之後部分知識傳入歐洲。這最能說明何種角色？","翻譯、整理與傳播使不同文明的知識得以延續交流","古代學術成果全由歐洲單一地區獨立創造","跨語言翻譯會使原有知識停止被研究與使用","知識必須透過征服戰爭才能傳到其他區域","0","翻譯、整理與傳播使不同文明的知識得以延續交流","","翻譯與整理多地著作並將知識傳向其他區域，顯示伊斯蘭文明在跨文明知識傳播中的重要作用，答案 A。","[""辨認著作來源並非單一文明。"",""翻譯整理保存了不同傳統的知識。"",""知識再跨區傳播，答案 A。""]","知識發展常由多個文明共同累積，不宜只歸功於單一地區。","[]","","","","","","","","","","","","","","",""
"SOC-0710","社會","原創會考程度練習","","","九年級上","世界史","葡萄牙航海與航路","基礎","素養題","葡萄牙船隊沿非洲西岸南下，繞過好望角後進入印度洋。此航行最直接開拓何種路線？","由歐洲向西橫渡大西洋前往美洲的航線","由歐洲繞過非洲南端，經印度洋前往亞洲的海路","穿越中亞草原、連接歐洲與中國的陸上絲路","由地中海經運河直達太平洋的航線","1","由歐洲繞過非洲南端，經印度洋前往亞洲的海路","","繞過好望角進入印度洋，為歐洲船隊開闢經海路前往亞洲的航線，答案 B。","[""依序定位航程：非洲西岸、好望角、印度洋。"",""印度洋可連結南亞與亞洲貿易網絡。"",""因此是歐洲通往亞洲的海路，答案 B。""]","好望角航線與哥倫布橫渡大西洋的航向不同。","[]","","","","","","","","","","","","","","",""
"SOC-0711","社會","原創會考程度練習","","","九年級上","世界史","科學革命與觀察證據","基礎","素養題","天文學家以觀測資料和數學計算檢驗行星運行，不再只依古代權威解釋自然。這種方法最重視何者？","觀察結果與權威說法不同時，仍只接受權威說法","只提出數學模型，不以觀測資料檢驗預測","以觀察資料與可重複檢驗的證據支持主張","將未經驗證的傳聞當作自然規律","2","以觀察資料與可重複檢驗的證據支持主張","","利用觀測資料和數學計算檢驗主張，符合科學革命重視觀察、證據與驗證的精神，答案 C。","[""找出研究者使用的材料：觀測資料。"",""數學計算用來檢驗模型能否解釋現象。"",""結論以可檢驗證據支持，答案 C。""]","科學方法重視證據，但科學結論也會隨新資料修正。","[]","","","","","","","","","","","","","","",""
"SOC-0712","社會","原創會考程度練習","","","九年級上","世界史","美國獨立與代議政治","基礎","素養題","北美殖民地居民反對未經代表同意便被課稅，提出「無代表，不納稅」的主張。這訴求主要要求何者？","殖民地居民完全不需繳納任何公共稅款","居民應停止選舉代表，改由總督單獨決定稅制","課稅權應由英國國會行使，殖民地無須有代表","殖民地納稅者應有代表參與制定影響自己的稅收政策","3","殖民地納稅者應有代表參與制定影響自己的稅收政策","","殖民地反對未獲政治代表卻受課稅，主張納稅者應有參與決策的管道，答案 D。","[""辨認爭議核心：課稅與代表權分離。"",""居民要求影響公共決策的政治參與。"",""訴求是課稅決策應有殖民地代表參與，答案 D。""]","此口號不是反對一切稅收，而是要求課稅決策具政治代表性。","[]","","","","","","","","","","","","","","",""
"SOC-0713","社會","原創會考程度練習","","","九年級上","世界史","拉丁美洲獨立與殖民階層","基礎","素養題","拉丁美洲克里奧人多已在殖民地出生，卻常受限制而難以取得高階官職；他們參與獨立運動。這與何種不滿較相關？","西班牙出生的官員較常占據高階職位，使克里奧人感到政治受排擠","克里奧人已能不受限制地取得殖民政府最高職位","殖民政府完全依考試成績任用官員，出身不影響仕途","克里奧人主要因拒絕任何地方政治參與而發動獨立運動","0","西班牙出生的官員較常占據高階職位，使克里奧人感到政治受排擠","","克里奧人雖在殖民地出生，仍受宗主國官職安排限制，這種政治與身分不平等促成不滿，答案 A。","[""辨認克里奧人的社會位置：殖民地出生的歐洲裔。"",""比較其與宗主國官員的政治機會。"",""權力受排擠是獨立運動背景之一，答案 A。""]","殖民地獨立的原因多元，階層與官職限制只是重要因素之一。","[]","","","","","","","","","","","","","","",""
"SOC-0714","社會","原創會考程度練習","","","九年級上","世界史","廢奴運動與人權觀念","基礎","素養題","十九世紀廢奴人士透過演講、請願和出版物，揭露奴隸制度的暴力並要求立法禁止。這種行動主要運用何種方式推動改革？","以私下交易補償奴隸主，但不改變奴隸制度","透過演講、出版與請願形成輿論並要求立法改革","只把個別奴隸轉移到其他殖民地，不提出制度改革","避免公開討論奴隸制度，僅由政府內部處理","1","透過演講、出版與請願形成輿論並要求立法改革","","演講、出版和請願將制度問題帶入公共討論並向立法機關施壓，屬倡議與請願，答案 B。","[""列出行動：演講、出版、請願。"",""這些方式傳播資訊並爭取社會支持。"",""透過公共倡議促成法律改革，答案 B。""]","社會改革常結合輿論與制度途徑，不是只有單一方式。","[]","","","","","","","","","","","","","","",""
"SOC-0715","社會","原創會考程度練習","","","九年級上","世界史","非洲瓜分與帝國主義","中等","素養題","十九世紀末歐洲列強在非洲劃定勢力範圍，邊界常未考慮當地民族與政治組織。這種殖民劃界可能帶來何種治理挑戰？","列強劃界後立即依各地民族分布建立平等自治政府","殖民疆界自動消除原有社群差異與政治競爭","殖民邊界與在地社群分布不一致，增加政治整合與治理難度","非洲各地在殖民劃界後立即取得完整主權與普遍選舉權","2","殖民邊界與在地社群分布不一致，增加政治整合與治理難度","","殖民邊界若忽略既有民族與政治關係，可能把不同群體置於同一政體或分隔原有社群，增加政治整合與治理難度；這是可能的影響因素，不代表後續衝突全由邊界單獨造成，答案 C。","[""辨認邊界形成方式：列強劃定勢力範圍。"",""材料指出劃界未顧及當地社會分布。"",""制度疆界與在地關係不一致可能增加治理難度，但不能單獨解釋所有衝突，選 C。""]","殖民邊界是後續衝突因素之一，不宜將所有問題歸因於單一原因。","[]","","","","","","","","","","","","","","",""
"SOC-0716","社會","原創會考程度練習","","","九年級上","世界史","印度非暴力抗爭","基礎","素養題","印度民族運動以不合作、抵制外來商品和和平遊行對抗殖民政策，並試圖爭取群眾支持。這類行動主要採用何種策略？","透過殖民政府提供的職位維持既有統治","以地下貿易取代公開政治倡議與群眾行動","避免群眾參與，只由少數菁英私下談判","以和平遊行、不合作和抵制商品進行群眾抗爭","3","以和平遊行、不合作和抵制商品進行群眾抗爭","","不合作、抵制商品與和平遊行都是非暴力動員方式，藉群眾參與增加政治壓力，答案 D。","[""辨認行動是否使用武力：題幹強調和平與不合作。"",""抵制商品運用消費選擇施加經濟壓力。"",""整體策略是非暴力群眾抗爭，答案 D。""]","非暴力不等於沒有政治效果；它可透過廣泛參與形成壓力。","[]","","","","","","","","","","","","","","",""
"SOC-0717","社會","原創會考程度練習","","","九年級上","世界史","民族主義與第一次世界大戰","中等","素養題","二十世紀初歐洲多國強調民族利益與軍事競爭，並形成相互承諾的同盟。區域衝突因此可能迅速擴大，主要原因為何？","民族競爭加上同盟承諾，使局部危機可能牽動盟國動員","同盟體系能確保各國不會捲入任何區域衝突","民族認同會自動消除國家利益與軍事競爭","外交與交通往來使歐洲各國不可能互相影響","0","民族競爭加上同盟承諾，使局部危機可能牽動盟國動員","","民族競爭提高對立，同盟承諾又使盟國捲入危機，局部事件可能因此擴大為多國衝突，答案 A。","[""辨認兩項背景：民族主義與同盟。"",""同盟使一國危機牽動盟國動員。"",""局部衝突較可能擴大，答案 A。""]","同盟和民族主義是重要背景，不代表戰爭只有單一原因。","[]","","","","","","","","","","","","","","",""
"SOC-0718","社會","原創會考程度練習","","","九年級上","世界史","俄國革命與政權更替","中等","素養題","俄國在戰爭、糧食短缺與政治不滿下爆發革命，沙皇政權被推翻，之後不同政治勢力爭奪國家控制權。此過程最能說明何者？","沙皇政權在危機中完成改革，革命並未改變統治者","戰爭負擔與民生危機可能削弱既有政權支持並引發政治更替","糧食短缺只影響家庭生活，與政府支持度及政治局勢無關","推翻舊政權後，政治競爭與制度變化必定立即停止","1","戰爭負擔與民生危機可能削弱既有政權支持並引發政治更替","","戰爭負擔與民生危機削弱沙皇政權正當性，革命推翻舊政權後仍有權力競爭，答案 B。","[""找出舊政權面臨的壓力：戰爭、短缺、不滿。"",""這些問題削弱統治支持並促成革命。"",""推翻政權後仍可能有政治競爭，答案 B。""]","革命可以推翻舊制度，但不保證立即形成穩定或民主政體。","[]","","","","","","","","","","","","","","",""
"SOC-0719","社會","原創會考程度練習","","","九年級上","世界史","殖民地獨立與民族自決","基礎","素養題","第二次世界大戰後，多個亞洲與非洲殖民地成立獨立國家，並以自身人民為政治共同體。這與哪項觀念較相關？","宗主國以世襲封建制度管理海外領地","由君主授權決定殖民地人民的政治地位","殖民地人民要求自行決定政治地位並結束宗主國統治","宗主國以貿易壟斷維持殖民地經濟依賴","2","殖民地人民要求自行決定政治地位並結束宗主國統治","","殖民地人民要求自行決定政治地位並脫離宗主國統治，符合民族自決與反殖民運動，答案 C。","[""確認事件背景是二戰後殖民地獨立。"",""新國家由當地人民建立政治共同體。"",""這反映民族自決與反殖民訴求，答案 C。""]","獨立後仍可能面臨邊界、經濟與政治整合等挑戰。","[]","","","","","","","","","","","","","","",""
"SOC-0720","社會","原創會考程度練習","","","九年級上","世界史","史料來源與立場","中等","素養題","研究者比較同一場戰爭中兩國報紙的報導，發現雙方都強調自身勝利並淡化損失。要提高結論可信度，最適合再做何事？","以其中一國的官方報紙為唯一可信來源","遇到相互矛盾的報導便全部排除，不再追查","只比較兩份報紙標題，不檢查作者、受眾與資料來源","辨認各來源立場，再與獨立統計或其他紀錄交叉查證","3","辨認各來源立場，再與獨立統計或其他紀錄交叉查證","","戰時報紙可能受宣傳和立場影響，需交叉比對不同來源及可查證資料，才能降低單一來源偏誤，答案 D。","[""先辨認報紙的時代與立場限制。"",""尋找不同立場的紀錄和獨立統計。"",""交叉查證可提升推論可信度，答案 D。""]","史料不必完全中立；研究者需辨認作者立場並與其他證據互證。","[]","","","","","","","","","","","","","","",""
"SOC-0721","社會","原創會考程度練習","","","九年級上","世界史","鄂圖曼帝國與商路","進階","素養題","一份十五世紀商人帳冊記載：香料須經多次轉運，售價因中間商層層加價而上升；同時，歐洲王室資助船隊向西、向南探航。若從商業利益解讀，王室支持遠航最可能希望達成什麼？","開闢較直接的航路，降低對既有轉運網絡的依賴","改以本地農作完全取代香料等遠東商品","把所有亞洲港口納入歐洲王室的直接統治","維持原有中間商壟斷，以確保轉運價格穩定","0","開闢較直接的航路，降低對既有轉運網絡的依賴","","帳冊指出多次轉運推高售價，王室探航可望建立替代路徑、減少中間環節，選項 A最符合商業線索，答案 A。這不表示所有遠航都成功避開中間商或只受商業動機驅使。","[""從帳冊抓出成本線索：商品經多次轉運、價格上升。"",""對照王室資助探航，推論其可能尋找較直接的替代路徑。"",""因此商業利益是降低轉運依賴，答案 A；但它只是遠航原因之一。""]","尋找海路是商業動機之一，也與王室競爭、航海技術等因素相關。","[]","","","","","","","","","","","","","","",""
"SOC-0722","社會","原創會考程度練習","","","九年級上","世界史","鄭和下西洋與明代外交","進階","素養題","航海記錄顯示，鄭和船隊到訪多個港口，與當地統治者交換禮物，並迎接使節赴明朝。若與後來以建立海外殖民據點為主的遠航比較，這些材料較支持哪一項判斷？","船隊以占領港口、移民殖民為主要任務","以官方遠航展現國力，並維繫外交與物資交流","遠航目的在控制大西洋三角貿易","往來使節證明各港口已成明朝行政區","1","以官方遠航展現國力，並維繫外交與物資交流","","互贈禮物與使節往來呈現官方外交及物資交流，較能支持選項 B。材料沒有顯示占領、殖民或將港口納入明朝行政體系，不能僅憑遠航推論領土統治。","[""由統治者派船隊且有使節往返，判斷這是官方行動。"",""禮物交換與使節往來支持外交、物資交流的解讀。"",""沒有占領與設置殖民行政的證據，答案 B，不可把遠航等同殖民。""]","官方遠航不等於建立海外殖民統治；需從材料判斷其目的。","[]","","","","","","","","","","","","","","",""
"SOC-0723","社會","原創會考程度練習","","","九年級上","世界史","朝貢貿易與政治秩序","進階","素養題","某國使節向明廷進獻方物後，獲得回賜；隨行商人也在指定地點交易。若研究者要解釋這套制度，哪一種分析最能同時涵蓋政治與經濟線索？","進貢只是商品買賣，與外交身分無關","回賜代表雙方已締結共同防衛條約","朝貢禮儀與官方許可的商貿往來彼此連結","指定交易表示明朝禁止一切對外貿易","2","朝貢禮儀與官方許可的商貿往來彼此連結","","題幹同時提供進貢、回賜等外交禮儀，以及指定地點交易的經濟活動，選項 C能解釋兩方面，答案 C。這種制度具有當時的政治秩序，不宜直接等同現代平等自由貿易協定。","[""先讀使節、進貢與回賜，辨認外交禮儀。"",""再讀指定地點交易，辨認受管理的商業活動。"",""兩種線索並存，答案 C；不能只用自由貿易或軍事同盟解釋。""]","朝貢制度不等於現代國家間完全平等的自由貿易協定。","[]","","","","","","","","","","","","","","",""
"SOC-0724","社會","原創會考程度練習","","","九年級上","世界史","航海技術與遠洋探索","進階","素養題","比較兩次遠航記錄：早期船隊常因辨向困難而偏離航線；後期船隊使用羅盤、海圖並配合改良船帆，能更穩定地循季風往返。哪一項最能解釋後期遠航能力的提升？","航海工具使季風不再具有季節變化","船隊因此不必停靠補給或辨認沿岸地形","技術進步讓海難與航行風險完全消失","羅盤與海圖改善定位，船帆提高利用風力的能力","3","羅盤與海圖改善定位，船帆提高利用風力的能力","","記錄中的偏航減少與循季風往返，分別對應定位工具與操帆技術的改進，選項 D最完整，答案 D。技術能降低不確定性，但不會改變季風規律或消除補給需求與風險。","[""把記錄中的變化對應到工具：偏航減少指向定位改善。"",""能循季風往返則顯示船帆與風向知識提升操船能力。"",""兩項證據都指向導航及操船進步，答案 D；其餘選項把效果誇大。""]","技術降低風險但不能消除風暴、疾病或補給不足。","[]","","","","","","","","","","","","","","",""
"SOC-0725","社會","原創會考程度練習","","","九年級上","世界史","日心說與科學變革","進階","素養題","天文學者比較長期行星位置紀錄後，發現若採地球為中心的模型，部分行星逆行仍須加入繁複修正；以太陽為中心的模型則能較一致地解釋觀測。這段知識變遷最能說明什麼？","理論會依解釋觀測資料的能力而受到比較與修正","只要模型計算簡單，就不必再檢查觀測紀錄","較早提出的宇宙模型必然比新模型正確","天文模型主要依個人信仰決定，無須檢驗證據","0","理論會依解釋觀測資料的能力而受到比較與修正","","題幹比較模型與觀測的吻合程度，呈現理論不是只按年代或簡單程度定論，而要接受證據檢驗，選項 A正確，答案 A。模型較能解釋資料也不等於每個細節已完全確定。","[""找出比較依據：兩種模型解釋行星位置紀錄的能力不同。"",""觀測資料可用來檢驗模型，而非只憑模型新舊判斷。"",""能較一致解釋資料的模型受到支持，答案 A；仍需持續檢驗。""]","科學變革並非一夕完成；要注意觀念改變所依據的證據。","[]","","","","","","","","","","","","","","",""
"SOC-0726","社會","原創會考程度練習","","","九年級上","世界史","宗教權威與天文觀測","進階","素養題","伽利略以望遠鏡觀察天體並支持日心說，與當時部分教會權威依據經典形成的宇宙解釋不同。若要避免把事件簡化成單純的『科學對宗教』，較精確的分析是什麼？","所有宗教團體都拒絕觀察自然現象","特定天文證據及其詮釋，與部分既有權威主張發生張力","伽利略的望遠鏡觀測已一次解決所有宇宙問題","當時的爭議只關乎教會與王室爭奪土地稅收","1","特定天文證據及其詮釋，與部分既有權威主張發生張力","","事件涉及特定觀測、宇宙論詮釋及部分教會權威的回應，選項 B比把整個宗教或科學群體一概而論更精確，答案 B。望遠鏡提供證據，但證據的解釋與接受仍有歷史脈絡。","[""將範圍限於題幹指出的伽利略主張與部分權威，而非所有信仰者。"",""辨認分歧核心是天文證據及其詮釋。"",""因此選 B；避免將複雜歷史事件化約為兩個群體永遠對立。""]","避免把科學和宗教簡化為永遠對立；本題聚焦特定歷史爭議。","[]","","","","","","","","","","","","","","",""
"SOC-0727","社會","原創會考程度練習","","","九年級上","世界史","啟蒙運動與自然權利","進階","素養題","某啟蒙論述主張：人民在組成政府前即享有生命與自由等權利；政府若違反受託目的，人民可以撤換統治者。這段論述最直接否定哪一種權力正當性主張？","政府應以法律保障人民的基本權利","統治權須經人民同意且可以被問責","君主憑血統取得不可撤回、無須人民同意的統治權","人民有權透過制度參與公共決策","2","君主憑血統取得不可撤回、無須人民同意的統治權","","人民先有權利、政府權力來自受託且可撤換，與君主僅憑血統且權力不可問責的主張最直接衝突，答案 C。這不代表所有啟蒙思想家對政府制度都有完全相同的主張。","[""抓出兩個關鍵：權利先於政府、政府權力受人民授權。"",""人民可撤換違反受託目的的統治者，表示權力並非不可問責。"",""因此最直接挑戰選項 C的血統與絕對君權主張。""]","啟蒙思想有多種流派；本題以人民同意和自然權利為線索。","[]","","","","","","","","","","","","","","",""
"SOC-0728","社會","原創會考程度練習","","","九年級上","世界史","美國獨立宣言與人民主權","進階","素養題","《獨立宣言》主張政府權力來自被統治者同意，並以保障人民權利為目的；若政府破壞此目的，人民得改變或廢除政府。依此論述，政府正當性的核心基礎為何？","統治者依世襲血統取得不受限制的權力","政府的權力不需被統治者授權","政府只需維持秩序，無須保障人民權利","人民授權政府，政府須保障權利並受人民監督","3","人民授權政府，政府須保障權利並受人民監督","","題幹同時指出權力來源是人民同意、政府目的在保障權利，且人民可改變失職政府，選項 D完整涵蓋人民主權與權利保障。不能只抓『人民同意』而忽略政府受託目的。","[""先定位權力來源：被統治者同意，而非世襲或單方面命令。"",""再讀政府目的與失職後果：保障權利，否則人民可改變政府。"",""兩層條件共同指向選項 D，不只是抽取單一句子。""]","人民主權不是政府可任意行事；它同時要求權力受到權利原則限制。","[]","","","","","","","","","","","","","","",""
"SOC-0729","社會","原創會考程度練習","","","九年級上","世界史","海地革命與奴隸解放","進階","素養題","海地革命後，被奴役者建立獨立政權；然而新國家仍面臨外交孤立、經濟制裁與戰爭賠款等壓力。若從革命成果與限制並看，何者最適合描述其歷史意義？","革命建立獨立政權，顯示被奴役者能推翻殖民奴隸秩序，但不代表平等與國際承認立即實現","革命立即消除加勒比海所有殖民統治與種族不平等","新政權獲得列強普遍支持，因此不再承受經濟壓力","海地革命與奴隸制度無關，主要是歐洲王位繼承戰爭","0","革命建立獨立政權，顯示被奴役者能推翻殖民奴隸秩序，但不代表平等與國際承認立即實現","","獨立建國是革命的重要成果，題幹也提醒其後仍有制裁、孤立等限制，因此選項 A同時呈現突破與未竟之處，答案 A。不能把一國革命擴大推論為整個區域的殖民和不平等立即終結。","[""先辨認行動者與成果：被奴役者起義並建立獨立政權。"",""再納入題幹限制：國際孤立、制裁與賠款仍延續。"",""選項 A同時涵蓋革命突破與後續限制，避免過度概括。""]","海地獨立具有特殊歷史意義，不能推論美洲所有殖民地同時獨立。","[]","","","","","","","","","","","","","","",""
"SOC-0730","社會","原創會考程度練習","","","九年級上","世界史","民族統一與義大利","進階","素養題","十九世紀義大利統一運動以共同民族認同凝聚分立邦國，統一後卻仍有區域發展差距及不同地方認同。若比較運動的政治目標與統一後的社會狀況，何者最恰當？","建立統一國家後，地方文化和經濟差異必然完全消失","以共同民族認同建立統一國家，且統一不代表區域差異立即消失","民族主義的政治目標是永久維持外國分割各邦","統一運動要取消共同認同，恢復彼此隔絕的邦國體制","1","以共同民族認同建立統一國家，且統一不代表區域差異立即消失","","民族認同在此被用來促成邦國統一，政治目標是建立統一國家；但國家統一不會自動消除地方差異，因此選項 B較完整，答案 B。","[""先確認統一前的政治格局：義大利各邦分立。"",""共同認同成為凝聚力量，指向建立統一國家的目標。"",""再區分政治統一與社會同質化；只有選項 A保留這項差別。""]","民族主義可促進統一，也可能排斥不同族群；本題問的是統一運動目標。","[]","","","","","","","","","","","","","","",""
"SOC-0731","社會","原創會考程度練習","","","九年級上","世界史","德意志統一與普魯士","進階","素養題","十九世紀德意志統一前，普魯士建立關稅同盟並在數次戰爭後促成邦國整合；奧地利則被排除於新帝國之外。依此過程判斷，統一主要由何種力量推動？","奧地利主導德意志邦聯，並以協商納入普魯士","各邦以普選代表組成共和聯邦，排除王權","普魯士以經濟整合和軍事外交擴大主導地位","外國列強直接指定皇帝並接管各邦行政","2","普魯士以經濟整合和軍事外交擴大主導地位","","關稅同盟呈現普魯士先以經濟整合擴大影響，戰爭與外交再促成政治統一；奧地利遭排除也顯示普魯士居主導地位，答案 C。不能將其誤解為由奧地利領導或透過普選建立共和國。","[""先將關稅同盟視為統一前的經濟整合線索。"",""再注意戰爭後奧地利被排除，辨認統一核心是普魯士。"",""經濟、軍事與外交共同支持普魯士主導的解釋，答案 C。""]","德意志統一不只是民族情感，也涉及普魯士的國家權力與戰略。","[]","","","","","","","","","","","","","","",""
"SOC-0732","社會","原創會考程度練習","","","九年級上","世界史","維也納會議與保守秩序","進階","素養題","維也納會議後，列強恢復部分王朝、調整疆界，並透過協商避免法國或其他單一強權再次支配歐洲。若同時考量正統王朝與外交安排，這套政策的核心為何？","以民族自決重畫所有疆界，優先建立各族獨立國","以普遍選舉取代君主制度並組成歐洲聯邦","以單一霸權統一歐洲，取消列強協商","以恢復正統王朝和列強均勢維持戰後秩序","3","以恢復正統王朝和列強均勢維持戰後秩序","","恢復王朝反映正統主義，調整疆界及列強協商則服務於均勢，兩者合起來是保守的戰後秩序，答案 D。會議並未以民族自決或普遍民主選舉為主要原則。","[""定位會議背景：拿破崙戰爭後。"",""辨認政策：恢復王朝、重新安排疆界。"",""同時涵蓋兩條線索的是答案 D。""]","權力平衡不是消除國家，而是避免單一強權主導歐洲。","[]","","","","","","","","","","","","","","",""
"SOC-0733","社會","原創會考程度練習","","","九年級上","世界史","蘇伊士運河與全球航運","進階","素養題","蘇伊士運河開通前，歐洲往返南亞的船舶多須繞過非洲南端；開通後，部分航線改經地中海、紅海。若其他條件不變，最直接可推論哪項變化？","部分歐亞航線縮短，航運時間與成本可能下降","沿線國家因此不再需要港口或轉運設施","南亞商品的生產地與製造方式立即改變","所有歐洲與亞洲貿易都改由運河單一路線完成","0","部分歐亞航線縮短，航運時間與成本可能下降","","航線由繞行非洲改經運河，最直接效果是部分航程縮短，因而可能降低時間與運輸成本，答案 A。運河不會改變商品生產地，也不代表所有船舶都使用同一路線。","[""比較開通前後的航行路線。"",""運河使部分船隻免繞非洲南端。"",""題目問最直接的變化，答案 A；『所有航線』屬過度推論。""]","運河改變運輸路徑，不代表所有船隻都必須使用或商品生產方式改變。","[]","","","","","","","","","","","","","","",""
"SOC-0734","社會","原創會考程度練習","","","九年級上","近代中國","列強競爭與勢力範圍","進階","素養題","晚清條約與租借安排使外國在若干港口、鐵路及礦區取得特權；但清廷仍治理大部分內地並維持中央政府。根據材料，對主權變化最精確的描述為何？","清廷的全部領土主權一次移交列強，中國不再有中央政府","外國勢力取得局部領土與經濟權益，清廷部分主權受限但未全面消失","外國特權只涉及文化交流，不影響領土或經濟管理","清廷藉租借制度取得列強本土的行政管轄權","1","外國勢力取得局部領土與經濟權益，清廷部分主權受限但未全面消失","","租借地、鐵路及礦權使外國在特定地區取得控制或利益，削弱清廷部分領土與經濟主權；題幹又指出清廷仍治理大部分內地，因此答案 B，不能說主權全數消失。","[""辨認列強取得的權益類型：土地、交通、資源。"",""這些權益讓外國影響特定地區的管理與經濟。"",""清廷仍治理大部分內地，故應描述為局部受限，答案 B。""]","列強勢力範圍不等於清廷所有主權一次消失；需精確描述程度。","[]","","","","","","","","","","","","","","",""
"SOC-0735","社會","原創會考程度練習","","","九年級上","近代中國","義和團事件與列強介入","進階","素養題","比較義和團事件前後的條約內容：事件後清廷須支付賠款、允許外國駐兵並接受更多限制。若研究者要區分運動訴求與歷史結果，何者最符合這些證據？","清廷透過事件廢除列強特權，收回所有租界","外國軍事介入結束，中國立即取得完整關稅自主","民間排外行動促成外國介入，清廷承受更重的主權限制","義和團直接建立共和制度，取代清朝中央政府","2","民間排外行動促成外國介入，清廷承受更重的主權限制","","賠款與駐兵條款顯示事件後外國介入及對清廷的限制增加，不能把運動的排外訴求誤當成實際成果，答案 C。","[""先區分行動者的訴求與事件後的條約結果。"",""由賠款和外國駐兵判斷清廷承受更重限制。"",""證據支持的是外國介入加深，而非收回特權，答案 C。""]","避免把民間運動目標與事件後的實際結果混為一談。","[]","","","","","","","","","","","","","","",""
"SOC-0736","社會","原創會考程度練習","","","九年級上","近代日本","明治維新與教育普及","進階","素養題","明治政府設立近代學校、推行徵兵制並廢藩置縣；這些改革把教育、軍事和地方行政納入中央制度。下列哪項最能概括其共同作用？","以藩主自治取代中央政府，恢復封建分權","以民選議會立即取代政府的所有行政機關","以維持舊身分制度為主，避免社會與軍事改革","以制度改革建構近代國家並強化中央統合","3","以制度改革建構近代國家並強化中央統合","","學校教育、徵兵和廢藩置縣分別改造人才培育、軍事及地方行政，均由中央推動國家整合，答案 D。這些改革不等於民主制度立即全面建立。","[""把三項改革分別對應到教育、軍事及地方行政。"",""注意改革由中央政府推動，並將地方納入統一制度。"",""共同方向是近代化與中央統合，答案 D；不宜誤判成民主化已完成。""]","現代化改革也有社會成本；本題問改革方向，不代表所有人立即受益。","[]","","","","","","","","","","","","","","",""
"SOC-0737","社會","原創會考程度練習","","","九年級上","世界史","第一次世界大戰與總體戰","進階","素養題","一戰時，政府配給民生物資、調整工廠生產軍需品，女性也大量投入原由男性擔任的工業職務。這些社會變化最能支持哪項判斷？","戰爭動員擴及經濟與平民生活，呈現總體戰特徵","戰爭仍只由職業軍人參與，社會制度不受影響","工業生產完全停止，軍隊改以地方農產作戰","女性就業變化足以證明各國已完成性別平權","0","戰爭動員擴及經濟與平民生活，呈現總體戰特徵","","配給、工廠轉產與平民勞動顯示戰爭深入經濟和日常生活，是總體戰的特徵，答案 A。女性投入工業不等於性別平等已全面實現。","[""題幹列出軍隊以外的物資、工業與勞動變化。"",""這表示戰爭動員擴及整個社會，而非只在前線。"",""因此判為總體戰，答案 A；不能從就業變化直接推論平權完成。""]","總體戰表示社會廣泛動員，不代表每個平民都直接上前線。","[]","","","","","","","","","","","","","","",""
"SOC-0738","社會","原創會考程度練習","","","九年級上","世界史","國際聯盟與集體安全","進階","素養題","國際聯盟規章要求會員以協商處理爭端，但對侵略國的制裁仰賴會員國合作；部分重要國家未加入，另有會員不願承擔制裁成本。這種安排最可能造成什麼問題？","組織完全無法提供外交協商的平台","集體安全決策可能缺乏廣泛參與與一致執行","會員國因加入而立即喪失國內立法權","國際聯盟因此取得直接統治會員國的權力","1","集體安全決策可能缺乏廣泛參與與一致執行","","協商機制仍存在，但會員參與不完整、制裁仰賴各國意願，會削弱集體安全的共同決策與執行，答案 B。這不表示組織毫無外交功能，也不表示會員失去主權。","[""先區分仍存在的協商功能與集體制裁的執行問題。"",""重要國家缺席及會員不願負擔成本，降低共同採取行動的可能。"",""因此弱點是參與與執行不足，答案 B。""]","評估國際組織時同時看宗旨、會員參與與執行能力。","[]","","","","","","","","","","","","","","",""
"SOC-0739","社會","原創會考程度練習","","","九年級上","世界史","經濟大恐慌與新政","進階","素養題","經濟大恐慌時，美國政府以公共工程提供薪資工作，並加強銀行監管；受雇者取得收入後可增加消費。若依政策傳導機制推論，政府希望優先改善哪一組問題？","以公共部門取代所有私人企業，取消市場交易","透過緊縮公共支出減少就業，避免民間消費","降低失業並支撐消費需求，同時減少金融失序","只增加銀行放款，不處理失業或需求不足","2","降低失業並支撐消費需求，同時減少金融失序","","公共工程先提供工作與所得，所得可能帶動消費需求；銀行監管則降低金融失序風險，答案 C。這是政策希望達成的機制，不代表措施能立即或完全消除大恐慌。","[""由公共工程推得就業與薪資收入增加。"",""收入有助消費需求，金融監管則處理銀行不穩定。"",""兩項政策目標同時出現在答案 C；勿把政策意圖當成必然結果。""]","政策效果可能逐步發生，不能宣稱一次措施立即解決所有衰退問題。","[]","","","","","","","","","","","","","","",""
"SOC-0740","社會","原創會考程度練習","","","九年級上","世界史","凡爾賽條約與戰後不滿","進階","素養題","凡爾賽條約要求德國承擔賠款並割讓領土。後續資料顯示德國社會出現對戰敗責任與條約公平性的爭論，但同時還面臨通膨、政治衝突等問題。若評估條約的影響，何者最審慎？","條約是後續所有德國政治事件的唯一原因","領土與賠款安排使歐洲永久不再發生戰爭","只要修訂條約，通膨與政治衝突便會自動消失","條約相關不滿可能成為政治不穩定因素之一，但須與其他背景合併分析","3","條約相關不滿可能成為政治不穩定因素之一，但須與其他背景合併分析","","賠款、割地及公平性爭論可能引發不滿，但題幹同時指出通膨與政治衝突，因此應視為多重因素中的一項，答案 D。把條約說成唯一原因或保證和平都超出證據。","[""辨認條約條款及其可能引發的不滿。"",""再納入題幹提供的通膨與政治衝突等背景。"",""合理結論是條約可能是因素之一，而非唯一原因，答案 D。""]","歷史因果通常多重交織；戰後不滿是因素之一，不宜說成唯一原因。","[]","","","","","","","","","","","","","","",""
"SOC-0741","社會","原創會考程度練習","","","九年級上","世界史","黑死病與勞動關係","進階","素養題","十四世紀瘟疫後，某地莊園帳冊顯示佃農人數減少，領主開始以較高工資招募勞工，部分農民也要求改以租金代替勞役。這些變化最可能反映何種影響？","勞動力相對稀缺，使部分勞工議價能力提高、傳統依附關係受到衝擊","人口減少讓領主更容易取得充足且低價的佃農","工資上升證明歐洲所有莊園制度立即全面廢除","租金取代勞役表示城市商業與長途貿易已消失","0","勞動力相對稀缺，使部分勞工議價能力提高、傳統依附關係受到衝擊","","佃農減少而領主提高工資招募，顯示勞動力相對稀缺，部分勞工因而取得較高議價能力；租金取代勞役也反映依附關係變動，答案 A。這是部分地區的變化，不能推論制度立即全面消失。","[""由帳冊讀出勞工供給減少及招募工資上升。"",""領主提高報酬表示勞動者相對稀缺、議價能力可能增加。"",""租金替代勞役顯示依附關係調整，答案 A；不等於封建制度瞬間消失。""]","人口衝擊會改變勞動供需，但封建制度的轉變是長期、多因素過程。","[]","","","","","","","","","","","","","","",""
"SOC-0742","社會","原創會考程度練習","","","九年級上","世界史","漢薩同盟與城市貿易","進階","素養題","漢薩城市的商人共同訂定部分港口交易規則，並協商護送商船；但各城市仍保有自己的統治者與法律。這種合作最可能造成什麼結果？","各城市因此合併為由同一君主統治的中央集權國家","共同保護和規則協調降低部分交易風險，促進跨城商業往來","商人同盟取代所有地方政府，統一各城的法律與稅制","港口合作使穀物與木材等區域商品不再需要交換","1","共同保護和規則協調降低部分交易風險，促進跨城商業往來","","護航與交易規則協調可降低部分航運及交易風險，促進跨城商業網絡，答案 B。題幹特別指出各城仍有自己的統治者與法律，因此不能把商業同盟等同政治統一。","[""分清合作範圍：商人協調交易並共同護航。"",""此類合作可降低風險、便利跨城交易。"",""地方政權仍各自存在，故是商業網絡擴展而非國家統一，答案 B。""]","商業同盟可增進合作，也可能具有排他性；題目問的是合作的經濟效果。","[]","","","","","","","","","","","","","","",""
"SOC-0743","社會","原創會考程度練習","","","九年級上","世界史","百年戰爭與王權整合","進階","素養題","英法王室為長期戰爭建立較穩定的稅收、徵兵及行政制度；戰後君主仍需面對地方貴族與議會的權力。依此材料，戰爭對國家治理的影響何者最合理？","使領主與地方勢力完全消失，王權不再受任何制衡","使徵稅與徵兵改由各村莊自行決定，中央機構縮小","促使王權發展籌稅與軍事動員能力，但不代表地方權力立即消失","完全消除英法長期衝突並形成共同政府","2","促使王權發展籌稅與軍事動員能力，但不代表地方權力立即消失","","長期作戰需要稅收、兵員與行政支援，材料顯示中央王權的籌資和動員能力擴大，答案 C。但地方貴族與議會仍有影響，不能推論中央集權已毫無限制。","[""由稅收、徵兵及行政制度看出國家動員規模擴大。"",""戰爭促使王室建立較穩定的籌資與軍事能力。"",""題幹保留地方貴族與議會影響，答案 C只支持能力增強，不是王權無限。""]","戰爭可能推動國家整合，但不代表英法合併或封建制度立即消失。","[]","","","","","","","","","","","","","","",""
"SOC-0744","社會","原創會考程度練習","","","九年級上","世界史","英國議會與王權衝突","進階","素養題","英國國王主張王室可自行徵收某項稅；議會則引用既有法律，要求未經代表同意不得徵稅。這場爭議後來擴大為內戰，最核心的憲政問題為何？","英國是否應將所有地方權力交給海外殖民地代表","王室能否以宗教統一為由取消全國法律","議會是否只能處理商業事務而不能審查君主權力","徵稅須由誰授權，以及君主權力是否受法律與議會限制","3","徵稅須由誰授權，以及君主權力是否受法律與議會限制","","雙方爭執集中在徵稅權的授權來源，並延伸到君主是否受法律及議會制衡，答案 D。宗教因素可能存在於更廣泛的內戰背景，但題幹提供的直接爭點是課稅與憲政權力。","[""對照王室自行課稅與議會要求代表同意的主張。"",""爭議不只是稅額，而是誰有權授權徵稅。"",""因此延伸為君主權力是否受制衡，答案 D。""]","不要把英國內戰簡化為單純宗教衝突；本題明示課稅與權力。","[]","","","","","","","","","","","","","","",""
"SOC-0745","社會","原創會考程度練習","","","九年級上","世界史","光榮革命與君主立憲","進階","素養題","光榮革命後，英國《權利法案》限制君主未經議會同意暫停法律或徵稅；君主仍保留國家元首地位。由此可推知英國政治制度如何變化？","君主保留，但其權力受法律和議會限制，政治朝君主立憲發展","君主仍可任意停法徵稅，議會僅負責提供建議","議會廢除君主並立即建立以全民直接投票治理的共和國","議會不再參與政治，所有權力改由地方領主掌握","0","君主保留，但其權力受法律和議會限制，政治朝君主立憲發展","","法案限制君主停法及徵稅，且題幹指出君主仍在位，反映君主權力受法律與議會約束、政體朝君主立憲發展，答案 A。這不等於立即廢除君主或建立全民直接民主。","[""從停法與徵稅須受限制，判斷君主權力受到約束。"",""題幹明示君主仍保留，故不是共和革命。"",""政治走向受憲政限制的君主立憲，答案 A。""]","君主立憲仍保留君主，但權力受到憲政制度限制。","[]","","","","","","","","","","","","","","",""
"SOC-0746","社會","原創會考程度練習","","","九年級上","世界史","拿破崙法典與法律平等","進階","素養題","拿破崙法典取消部分封建特權、確認私有財產並統一民法；同時，已婚女性在家庭法律地位上仍受限制。若同時評估改革成果與限制，何者最完整？","以選舉制度取代全部民法，讓每個群體權利完全相同","傳播法律統一、財產保障等原則，但仍保留性別權利限制","保留封建司法特權，並取消革命期間的法律改革","取消私人財產並將家庭財產全部交由政府管理","1","傳播法律統一、財產保障等原則，但仍保留性別權利限制","","取消部分封建特權及保障財產，呈現革命法律原則的延續；已婚女性地位受限則顯示權利並未普遍平等，答案 B。評價制度需同時看改革與排除。","[""從統一民法、財產保障及取消部分封建特權辨認改革。"",""再把已婚女性受限視為改革並未涵蓋所有群體的證據。"",""兼顧成果與限制的選項是 B。""]","制度改革可能同時帶來進步與限制，需完整閱讀材料。","[]","","","","","","","","","","","","","","",""
"SOC-0747","社會","原創會考程度練習","","","九年級上","世界史","1848 年革命與民族自由","進階","素養題","1848 年革命的請願書要求制定憲法、保障新聞自由，另有族群要求以共同語言建立自治政體。若將訴求依政治自由與集體認同分類，最適合的組合為何？","保守主義與君權神授","社會主義與重商主義","自由主義與民族主義","帝國主義與封建分權","2","自由主義與民族主義","","憲法與新聞自由要求限制政治權力、保障個人自由，屬自由主義；以共同語言要求自治則體現民族主義，答案 C。兩種思潮可同時出現在革命訴求中。","[""先將憲政和新聞自由歸入限制權力、保障自由的訴求。"",""再將共同語言及自治歸入民族集體認同。"",""兩類線索分別指向自由主義與民族主義，答案 C。""]","一場革命可能包含多種訴求；本題要整合兩組線索。","[]","","","","","","","","","","","","","","",""
"SOC-0748","社會","原創會考程度練習","","","九年級上","近代中國","清末自強運動","進階","素養題","自強運動期間，清廷設立兵工廠、購置船艦並派員學習外國技術；地方督撫推動的軍事工業增加，但科舉、官僚及君主政治制度大致維持。這反映何種改革取向？","以革命推翻清朝，優先建立共和憲政制度","拒絕西方技術，藉恢復傳統軍制提升國防","以地方自治取代中央政府，全面重組政治權力","引進西方軍事與工業技術求強，但較少觸及既有政治制度","3","引進西方軍事與工業技術求強，但較少觸及既有政治制度","","兵工廠、船艦與技術學習著重軍事及工業能力，而題幹指出政治制度大致維持，顯示以器物技術求強、制度轉型有限，答案 D。不能把它與後來推翻帝制的革命混為一談。","[""把兵工廠、船艦及留學技術歸為軍事與工業改革。"",""再對照科舉、官僚及君主制度仍大致維持。"",""改革重點是引進技術而非重建政治制度，答案 D。""]","區分技術改革與政治革命；自強運動並非建立共和國。","[]","","","","","","","","","","","","","","",""
"SOC-0749","社會","原創會考程度練習","","","九年級上","近代中國","甲午戰爭與東亞局勢","進階","素養題","甲午戰後條約規定清廷割讓臺灣並支付賠款；日本取得新領土與利益，其他列強隨後也加強在華競爭。根據這些前後變化，最合理的區域史判讀為何？","日本取得利益、清廷受挫，並刺激列強競逐，東亞權力關係重新調整","條約使各列強停止在東亞爭取利益，區域秩序完全固定","割讓臺灣表示清廷收回原有通商及關稅自主權","戰敗只改變軍隊部署，並未影響領土或國際競爭","0","日本取得利益、清廷受挫，並刺激列強競逐，東亞權力關係重新調整","","割地與賠款使清廷受挫、日本取得利益；列強隨後加強競逐，顯示區域權力關係發生變化，答案 A。這不是秩序從此固定，而是競爭進一步加深。","[""先比較條約前後的領土與利益分配。"",""再把日本影響力上升與列強後續競逐連起來。"",""材料支持的是區域權力重新調整，答案 A，而非競爭終止。""]","從條約後果推論權力變化，避免只描述戰役過程。","[]","","","","","","","","","","","","","","",""
"SOC-0750","社會","原創會考程度練習","","","九年級上","近代中國","辛亥革命與帝制終結","進階","素養題","1912 年中華民國成立後，清帝退位，中央政權改以共和名義運作；但各地軍事勢力與政治衝突仍持續。若區分制度變化和國家整合程度，何者最準確？","共和政體建立代表中央已能有效控制所有地方","帝制終結並建立共和制度，但政治統合問題仍未立即解決","清帝退位後中國即成為日本的殖民地","清朝君主立憲成功，皇帝仍掌握最高統治權","1","帝制終結並建立共和制度，但政治統合問題仍未立即解決","","清帝退位及民國成立標誌帝制終結、共和制度建立；地方軍事勢力仍存在，說明制度更替不等於國家已完成統合，答案 B。","[""從清帝退位確認君主帝制結束。"",""中華民國成立表示共和制度開始建立。"",""再納入地方勢力仍在的線索，答案 B只代表政體更替，非國家統合完成。""]","政體改變不等於國家立即穩定；要區分制度建立與實際統合。","[]","","","","","","","","","","","","","","",""
"SOC-0751","社會","原創會考程度練習","","","九年級上","近代中國","五四運動與青年參與","進階","素養題","巴黎和會決定將德國在山東的權益轉交日本後，北京學生發起示威；後續參與者也把反帝國主義、改革舊文化等主張帶入公共討論。依據事件起因與訴求，五四運動最能反映什麼？","學生只反對日本取得山東權益，並拒絕將議題延伸到國內文化與社會改革","運動由政府發動，目的在以行政命令取代民間公共參與","青年以示威拒絕山東權益轉移，並將民族主權與社會改革訴求帶入公共領域","抗議僅針對北京地方行政，與國際和會及民族主權無關","2","青年以示威拒絕山東權益轉移，並將民族主權與社會改革訴求帶入公共領域","","山東權益轉交日本是直接導火線，後續反帝與文化改革主張又擴大運動議題，答案 C。不可把運動簡化為單一外交抗議，也不能把不同階段的訴求混為一談。","[""由和會處置辨認直接導火線：山東權益轉交日本。"",""再納入反帝與文化改革等後續議題，判斷運動訴求有所擴展。"",""因此是青年公共參與結合民族與社會改革，答案 C。""]","事件同時涉及國際主權與國內改革，不應只用單一原因解釋。","[]","","","","","","","","","","","","","","",""
"SOC-0752","社會","原創會考程度練習","","","九年級上","近代日本","日本併吞朝鮮與帝國擴張","進階","素養題","1910 年後，日本總督府在朝鮮掌握行政與警察權，土地調查及產業政策也服務於殖民政府；朝鮮人參與統治的權利有限。根據政治權力與資源管理情形，這種關係應如何判定？","以民族自決建立朝鮮自主政府","日本與朝鮮組成權力相等的雙重君主政體","朝鮮保有完整主權，只接受日本軍事合作","日本帝國擴張並以殖民政府控制朝鮮政治與資源","3","日本帝國擴張並以殖民政府控制朝鮮政治與資源","","總督府掌握行政、警察與資源政策，朝鮮人缺少對等參與，顯示日本帝國擴張下的殖民統治，答案 D。這與自主政府或平等邦聯不同。","[""從總督府掌握行政與警察權，判斷政治決策中心在日本。"",""土地與產業政策亦由殖民政府主導，居民缺乏平等參政。"",""政治與經濟控制共同指向殖民統治，答案 D。""]","殖民統治涉及政治權力與資源控制，不只是文化交流。","[]","","","","","","","","","","","","","","",""
"SOC-0753","社會","原創會考程度練習","","","九年級上","世界史","俄國革命與土地訴求","進階","素養題","俄國革命前的請願記錄分別提到農村土地分配、工廠工時與前線補給；士兵家屬也要求政府停止戰爭。若從不同群體的共同處境推論，這些訴求如何影響沙皇政權？","多重民生與戰爭危機累積，削弱民眾對沙皇政府的支持","各群體已獲得相同利益，因此要求維持原有政策","農民、工人和士兵都只關心恢復農奴身分制度","請願顯示俄國政府已妥善解決土地、勞動與戰爭問題","0","多重民生與戰爭危機累積，削弱民眾對沙皇政府的支持","","土地、工時與停戰訴求反映不同但同時存在的危機；政府若無法回應，便會失去跨群體支持，答案 A。各群體目標並不完全一致，也不能只歸因於單一訴求。","[""把材料分成土地、工廠勞動及戰爭補給三類問題。"",""不同群體雖然訴求不一，卻共同暴露政府面臨多重危機。"",""危機未獲回應會侵蝕統治正當性與支持，答案 A。""]","革命通常由多重危機交互造成；不能把所有群體訴求視為完全相同。","[]","","","","","","","","","","","","","","",""
"SOC-0754","社會","原創會考程度練習","","","九年級上","經濟","計畫經濟與資源分配","進階","素養題","某經濟體由中央機關預先分配鋼材與民生用品產量；地方商店回報需求轉向後，配額仍按舊計畫執行，部分商品短缺、另一些庫存增加。最能解釋這種錯配的制度性因素為何？","短缺只可能由消費者偏好突然消失造成，與配額無關","中央配置資訊回傳或調整不及，可能無法反映地方分散需求","只要集中訂價，所有商品便會自動達到供需平衡","地方商店回報需求會直接使全國生產量立即同步調整","1","中央配置資訊回傳或調整不及，可能無法反映地方分散需求","","需求已變而配額仍按舊計畫，且出現短缺與庫存並存，顯示集中配置可能未及時取得或處理地方資訊，造成供需錯配，答案 B。這是可能的制度風險，不代表所有計畫經濟結果必然相同。","[""比較地方回報與中央仍執行舊配額的時間差。"",""短缺和庫存同時出現，表示產量分配未符合不同地區需求。"",""因此可能是資訊傳遞及調整不及，答案 B；不是需求不存在。""]","這是集中決策可能面臨的資訊問題，不表示所有計畫經濟必然出現相同結果。","[]","","","","","","","","","","","","","","",""
"SOC-0755","社會","原創會考程度練習","","","九年級上","世界史","法西斯宣傳與政治動員","進階","素養題","兩次大戰間，某政權將廣播與報紙納入官方宣傳，要求集會展示領袖肖像；反對黨遭限制，公共訊息反覆強調國家統一與服從。這些措施最能說明政權如何維持統治？","讓不同政黨平等競爭，使公民自行判斷政策","將宣傳權交由民間組織，避免政府影響輿論","集中政治動員並壓縮異議，控制公共輿論","以媒體多元化限制領袖權力並擴大反對派空間","2","集中政治動員並壓縮異議，控制公共輿論","","官方掌握媒體、限制反對黨並反覆宣傳服從，顯示透過政治動員集中支持，同時壓縮異議和控制輿論，答案 C。這不等於社會中完全沒有任何私人意見。","[""注意媒體由官方掌握且反對黨受限制。"",""將領袖崇拜和重複訊息連結到政治動員。"",""這些作法同時集中支持、壓縮異議並控制輿論，答案 C。""]","分析政治宣傳時，觀察其是否容許多元聲音及自由競爭。","[]","","","","","","","","","","","","","","",""
"SOC-0756","社會","原創會考程度練習","","","九年級上","世界史","綏靖政策與侵略風險","進階","素養題","某外交會議允許侵略國取得鄰國部分領土，簽署者希望以此換取和平；然而侵略國之後仍提出新要求並繼續擴張。若評估政策目標與實際結果，最合理的結論為何？","只要舉行外交會議，侵略行為便必然停止","領土讓步可永久消除各國間的安全疑慮","任何妥協都必然立即引發全面戰爭，與後續行動無關","若未建立可信約束，讓步未必能達成和平，甚至可能助長進一步要求","3","若未建立可信約束，讓步未必能達成和平，甚至可能助長進一步要求","","會議的和平目標與侵略持續的結果不一致，顯示若沒有可信約束，讓步可能無法形成嚇阻，並使侵略者認為繼續施壓代價不高，答案 D。不能因此概括所有外交妥協都必然失敗。","[""分別讀取政策目標與後續結果：以讓步換和平，但侵略仍持續。"",""比較兩者可知協議沒有有效改變侵略者行為。"",""在欠缺約束下，讓步可能鼓勵進一步要求，答案 D；不是所有妥協皆然。""]","歷史案例可用來分析風險，但不能推論所有外交讓步必然失敗。","[]","","","","","","","","","","","","","","",""
"SOC-0757","社會","原創會考程度練習","","","九年級上","世界史","二戰期間的女性勞動","進階","素養題","二戰期間的工廠統計顯示，女性受雇比例上升以填補軍需生產缺工；戰後部分女性仍要求平等薪資與保留工作，但不少職位又轉回男性。這組資料最能支持哪項判斷？","戰爭人力需求改變勞動分工，並促成對性別角色的持續爭論，但未立即消除不平等","女性就業增加表示戰時與戰後已實現全面性別平等","戰後工作轉回男性證明女性未曾參與軍需生產","女性受雇比例變動只由技術進步造成，與戰爭動員無關","0","戰爭人力需求改變勞動分工，並促成對性別角色的持續爭論，但未立即消除不平等","","戰時缺工使女性進入工業與運輸，戰後職位回轉及平等薪資訴求顯示性別角色受到衝擊，但不平等並未立即消失，答案 A。","[""由工廠缺工與受雇比例上升連結到戰時人力動員。"",""注意戰後職位回轉，不能把短期參與等同平權完成。"",""戰爭改變分工並引發持續訴求，答案 A。""]","戰爭擴大女性就業不代表戰後歧視立即消失。","[]","","","","","","","","","","","","","","",""
"SOC-0758","社會","原創會考程度練習","","","九年級上","世界史","戰後國際援助與重建","進階","素養題","戰後重建計畫先提供貸款與機具修復橋梁、港口及工廠；受援地交通恢復後，原料與商品運輸逐漸增加。根據援助內容及先後變化，最直接的預期效果為何？","以公共工程取代所有私人及跨國經濟活動","修復基礎設施、恢復生產與流通，帶動經濟活動重啟","讓外援直接消除所有戰爭創傷與社會衝突","減少受援地的生產能力以避免商品重新流通","1","修復基礎設施、恢復生產與流通，帶動經濟活動重啟","","橋梁、港口和工廠修復後，運輸與生產得以恢復，答案 B。這是援助的直接經濟目標，不代表單靠資金設備便能消除所有戰爭後果。","[""把貸款與機具對應到橋梁、港口及工廠修復。"",""交通恢復後，原料和商品流通才較能增加。"",""最直接效果是生產與流通重啟，答案 B；長期社會修復仍需其他條件。""]","重建需要時間與制度條件，援助本身不能讓戰爭損害自動消失。","[]","","","","","","","","","","","","","","",""
"SOC-0759","社會","原創會考程度練習","","","九年級上","世界史","殖民地分治與人口遷徙","進階","素養題","殖民統治結束前，談判者依宗教人口分布劃定新國界；獨立後，部分居民發現家族住所與工作地分居兩國，並因安全疑慮遷徙。研究者若解釋人口流動，最應注意什麼？","國界重劃只改變政府名稱，不會影響家庭、工作或安全","居民跨境遷徙可完全由自然災害解釋，無須考慮政治背景","新邊界改變歸屬與安全環境，可能推動遷徙並加深社會衝突","依宗教人口劃界必然使各社群立即同質化並消除衝突","2","新邊界改變歸屬與安全環境，可能推動遷徙並加深社會衝突","","新國界切分既有家庭、工作及安全網絡，可能促使居民遷移並引發衝突，答案 C。宗教分布是劃界背景之一，仍應與政治、安全及經濟因素一併分析。","[""把劃界決策與居民住所、工作地被分隔連結。"",""再納入安全疑慮，解釋跨境移動的推力。"",""邊界重劃可能帶來人口流動與衝突，答案 C；不是單一宗教因素決定所有遷徙。""]","人口遷移成因複雜，需同時考慮政治、安全、經濟及家庭因素。","[]","","","","","","","","","","","","","","",""
"SOC-0760","社會","原創會考程度練習","","","九年級上","世界史","亞非會議與不結盟","進階","素養題","1955 年亞非會議的公報反對殖民統治，主張尊重主權、和平共處並促進南南經濟合作。與冷戰兩大陣營競爭的背景合看，這些國家最希望取得何種空間？","由前殖民宗主國代表新國家處理外交與經濟政策","退出所有國際往來，避免參與冷戰或經濟合作","以單一軍事聯盟統一亞非國家的外交立場","在反殖民與合作基礎上保留外交自主，不受大國陣營完全支配","3","在反殖民與合作基礎上保留外交自主，不受大國陣營完全支配","","反殖民、主權平等及合作顯示新興國家希望自行參與國際事務，並保留不被大國陣營完全支配的空間，答案 D。自主立場不等於拒絕所有外交或經濟往來。","[""由新獨立國家參與及反殖民議題，確認會議背景。"",""和平共處與合作表示並非退出國際關係。"",""其核心是保有外交自主並避免受大國完全支配，答案 D。""]","不結盟並非完全不參與國際政治，而是追求自主選擇與合作空間。","[]","","","","","","","","","","","","","","",""
"SOC-0761","社會","原創會考程度練習","","","九年級上","世界地理","過度放牧與土地退化","進階","素養題","某半乾燥牧區連續數年牲畜密度高於草地承載量，衛星影像顯示植被覆蓋下降、裸地增加；同期降雨量則沒有明顯長期趨勢。最合理的環境判讀是什麼？","過度放牧降低地表覆蓋，增加土壤侵蝕與土地退化風險","降雨沒有下降，代表植被減少只能由自然氣候變化造成","牲畜踩踏會固定表土，因此土地退化風險隨密度降低","裸地增加會提升土壤保水能力，草地承載量隨之擴大","0","過度放牧降低地表覆蓋，增加土壤侵蝕與土地退化風險","","牲畜密度超過草地恢復能力，且植被下降、裸地增加，支持過度放牧造成表土較易受侵蝕的判斷，答案 A。降雨未呈長期下降趨勢，使單以乾旱解釋較不足，但不排除短期氣候影響。","[""將牲畜密度超標與影像中的植被下降、裸地增加對照。"",""裸露地表缺少根系固定，較易受風蝕及逕流沖刷。"",""因此土地退化風險上升，答案 A；題目未證明氣候完全沒有影響。""]","沙漠化成因不只氣候，也可能受不當土地利用加劇。","[]","","","","","","","","","","","","","","",""
"SOC-0762","社會","原創會考程度練習","","","九年級上","世界地理","森林砍伐與土壤沖蝕","進階","素養題","同一山坡在森林砍伐前後各遇到相近強度的暴雨；砍伐後，溪流水樣的懸浮泥砂濃度上升，坡面也出現較多沖蝕溝。哪一條因果鏈最能解釋觀察結果？","森林消失使降雨量必然增加，因此與地表逕流無關","植被與根系減少後，攔截和固土能力下降，逕流帶走更多土壤","坡度在砍伐後變緩，使土砂更容易停留在溪流中","溪流含沙量提高主要表示上游海水鹽度降低","1","植被與根系減少後，攔截和固土能力下降，逕流帶走更多土壤","","降雨強度相近而砍伐後泥砂濃度和沖蝕溝增加，較支持植被、根系減少使攔截及固土能力下降，逕流搬運土砂增加，答案 B。觀察相關性仍需排除坡面施工等其他因素。","[""控制比較條件：前後暴雨強度相近。"",""找出主要地表變化：森林砍除使根系及植被覆蓋下降。"",""逕流帶走更多表土形成沖蝕溝並進入溪流，答案 B；仍應留意其他土地工程因素。""]","坡地土壤沖蝕受降雨、坡度與土地利用共同影響。","[]","","","","","","","","","","","","","","",""
"SOC-0763","社會","原創會考程度練習","","","九年級上","世界地理","季風降雨與農業時序","進階","素養題","南亞某農區的水庫蓄水量偏低，夏季季風比往年晚到一個月；當地多數稻田仍依賴雨水灌溉。農民面對的首要生產調整是什麼？","把農地經度向東移動，以提早迎接季風","改以冬季極夜長短決定夏季灌溉量","調整稻作播種時程與水庫、灌溉水的分配","增加播種面積即可抵銷降雨不足造成的缺水","2","調整稻作播種時程與水庫、灌溉水的分配","","季風遲到且水庫偏低，雨養稻田面臨播種期缺水，須調整播種時程並管理有限灌溉水，答案 C。單純擴大面積會提高用水需求，不能補足水源不足。","[""整合兩項線索：季風延遲和水庫蓄水偏低。"",""依賴雨水的稻作可能錯過適當播種期，灌溉水也須重新分配。"",""應調整時程與水管理，答案 C；擴大種植不是缺水解方。""]","季風不只決定雨量，也影響農事時序和水資源管理。","[]","","","","","","","","","","","","","","",""
"SOC-0764","社會","原創會考程度練習","","","九年級上","世界地理","地中海型氣候與作物","進階","素養題","兩地年雨量相近，但甲地降雨集中於冬季、夏季乾燥；乙地降雨平均分布。甲地傳統農業較常見耐旱果樹，且需以灌溉支應部分夏季作物。這種差異最能說明什麼？","年雨量相同便代表兩地作物配置必然相同","冬季降雨會使當地夏季氣溫長期維持低溫","夏季乾燥表示農業完全無法生產任何作物","耐旱果樹反映對冬雨夏乾的適應，夏季作物仍可能需要灌溉","3","耐旱果樹反映對冬雨夏乾的適應，夏季作物仍可能需要灌溉","","年雨量總量不能呈現降雨季節分布；耐旱果樹較能適應夏季乾燥，而需水作物可藉灌溉補充，答案 D。作物配置同時受水利、市場及技術影響，不單由氣候決定。","[""先比較降雨季節，而非只看年雨量總和。"",""夏季乾燥有利耐旱作物；需水作物可能仰賴灌溉。"",""農業反映冬雨夏乾的適應，答案 D；灌溉與市場仍是條件。""]","農業區位同時受市場、土壤與技術影響，氣候不是唯一因素。","[]","","","","","","","","","","","","","","",""
"SOC-0765","社會","原創會考程度練習","","","九年級上","世界地理","三角洲聚落與洪水風險","進階","素養題","某三角洲都市的地勢圖顯示多個社區低於高潮位；暴雨時河川水位升高，颱風期間又可能遇上暴潮。人口與重要設施集中於低地，規劃者最應採取哪種風險判讀？","以地勢、河川洪水、暴潮及人口暴露共同評估複合淹水風險","只要河川堤防達標，就可忽略暴潮與低地人口分布","肥沃沖積土可抵銷暴雨和海水倒灌造成的淹水危害","人口密集代表防災資源充足，因此災害風險必然較低","0","以地勢、河川洪水、暴潮及人口暴露共同評估複合淹水風險","","地勢低於高潮位且人口、設施集中，暴雨洪水與暴潮可能疊加；需同時評估危害、暴露與脆弱度，答案 A。單看堤防或人口密度都不足以判定整體風險。","[""由地勢圖找出低於高潮位的社區與重要設施。"",""納入暴雨河洪與颱風暴潮可能同時發生的情境。"",""再評估人口暴露和脆弱度，答案 A；防洪規劃不能只看單一工程。""]","風險評估需結合地勢、人口暴露及防護設施，而非只看單一因素。","[]","","","","","","","","","","","","","","",""
"SOC-0766","社會","原創會考程度練習","","","九年級上","世界地理","荷蘭低地與防洪","進階","素養題","荷蘭低地由堤防與抽水設施保護，長期監測顯示部分地區仍可能因暴雨、設備故障或地層下陷而積水。依此資料，最合理的人地互動判讀為何？","堤防與抽水可完全消除洪水，因此不需維護或應變計畫","工程與水管理協助利用低地，但仍須維護並管理剩餘風險","圩田形成後地層下陷會停止，排水設施可逐步廢除","低地水患只由海平面上升造成，暴雨與設備故障無關","1","工程與水管理協助利用低地，但仍須維護並管理剩餘風險","","堤防及抽水讓低地可供居住與生產，但監測到暴雨、故障及地層下陷等剩餘風險，故須持續維護並準備應變，答案 B。工程降低風險，不會使洪患歸零。","[""先確認圩田低於海平面，存在持續排水需求。"",""堤防與抽水能降低水患，但設備故障、暴雨及地層下陷仍會造成風險。"",""因此須工程、維護和應變並行，答案 B。""]","防洪設施會降低風險，仍須維護並規劃極端事件應變。","[]","","","","","","","","","","","","","","",""
"SOC-0767","社會","原創會考程度練習","","","九年級上","世界地理","地震帶與板塊交界","進階","素養題","日本某沿海城市的災害圖顯示地震發生機率高，且沿岸人口密集；新建校舍採耐震設計、社區演練並標示避難路線。這些作法主要降低風險中的哪一部分？","降低地震發生的自然機率，改變板塊交界位置","增加人口暴露，以便災後集中救援資源","以校舍耐震和避難演練降低受災脆弱度及可能損失","消除地震與海嘯等自然危害，不再需要風險地圖","2","以校舍耐震和避難演練降低受災脆弱度及可能損失","","地質危害與沿岸人口暴露仍存在；耐震校舍及演練可降低建物損害、傷亡機率和脆弱度，答案 C。防災措施減少損失，不會改變地震發生機率或板塊位置。","[""先將地震機率視為自然危害，人口密集則代表暴露較高。"",""耐震設計和演練不會降低板塊運動本身。"",""它們主要降低脆弱度和可能損失，答案 C。""]","防災重點是降低風險，不是宣稱能阻止自然災害發生。","[]","","","","","","","","","","","","","","",""
"SOC-0768","社會","原創會考程度練習","","","九年級上","世界地理","地熱資源與能源轉型","進階","素養題","冰島的火山地熱區附近設置供暖管線與地熱電廠，部分城鎮以此取代進口燃料；但電廠仍須投入鑽井與輸配設施。這種能源發展最主要的區位條件為何？","島國四面環海，因此所有能源都可由海水直接提供","地熱發電不需鑽井、管線或電廠等基礎設施","冰島缺乏地熱，主要依靠輸入地下熱水發電","火山地熱資源可近地利用，但發展仍受設備與地點條件限制","3","火山地熱資源可近地利用，但發展仍受設備與地點條件限制","","火山地熱區提供可利用的地下熱源，城鎮可用管線供暖並發電，答案 D。題幹也指出鑽井與輸配設施需求，因此不能把資源優勢誤解為零成本或不受區位限制。","[""由火山地熱區定位可利用的地下熱源。"",""管線與電廠把熱能轉成供暖及電力，減少部分燃料進口。"",""核心區位優勢是地熱資源可及，答案 D；設備仍是必要條件。""]","地熱仍需設備、地質評估與環境管理，不是完全零成本。","[]","","","","","","","","","","","","","","",""
"SOC-0769","社會","原創會考程度練習","","","九年級上","世界地理","熱帶珊瑚礁與海水升溫","進階","素養題","調查發現某珊瑚礁在海水熱浪後出現白色珊瑚；顯微觀察顯示珊瑚組織中的共生藻減少，部分個體在水溫下降後恢復顏色。這種現象如何判讀？","珊瑚白化，表示受壓後共生藻減少，但不代表個體必然立即死亡","珊瑚礁堆積陸源泥沙形成的河川沖積","都市建成區蓄熱造成的熱島效應","沿海土壤水分蒸發後鹽分累積的鹽化現象","0","珊瑚白化，表示受壓後共生藻減少，但不代表個體必然立即死亡","","熱壓力造成共生藻減少，使珊瑚失去顏色，稱為珊瑚白化，答案 A。部分個體可在壓力解除後恢復；若高溫持續，死亡風險才會上升。","[""由顯微觀察確認共生藻減少，而非只憑顏色判斷。"",""將變化與海水熱浪連結，辨認熱壓力。"",""此現象為珊瑚白化；水溫下降後可部分恢復，答案 A。""]","白化不等於珊瑚必定立即死亡，但持續高溫會提高死亡風險。","[]","","","","","","","","","","","","","","",""
"SOC-0770","社會","原創會考程度練習","","","九年級上","世界地理","都市蔓延與通勤","進階","素養題","某都會區的土地利用圖顯示住宅向外圍低密度擴張，就業仍集中於核心區；大眾運輸路網未同步延伸，通勤調查顯示汽車旅次增加。最可能的規劃問題是什麼？","低密度發展可縮短路程，因此不需規劃大眾運輸服務","居住與就業分離、運輸選擇有限，增加汽車依賴及能源消耗","住宅外移會使所有工作同步移至郊區，通勤需求必然消失","核心區工作集中代表都市外圍人口不再需要日常交通","1","居住與就業分離、運輸選擇有限，增加汽車依賴及能源消耗","","住宅低密度外擴、就業仍集中且大眾運輸未跟上，居民更依賴汽車，通勤能源消耗及交通需求可能增加，答案 B。問題不只是距離，而是土地使用與運輸服務未整合。","[""從土地利用圖看出住宅外移、就業集中，居住與工作分離。"",""再用大眾運輸未延伸及汽車旅次增加驗證運具依賴。"",""可能結果是通勤能源需求上升，答案 B；不能只由外擴推論每人旅程必然變長。""]","都市蔓延可增加居住空間，也可能提高交通依賴和土地消耗。","[]","","","","","","","","","","","","","","",""
"SOC-0771","社會","原創會考程度練習","","","九年級上","世界地理","逆溫與空氣污染","進階","素養題","冬季某盆地連續數日無風，監測顯示近地面冷空氣上方有暖層；同期工廠與車輛排放量變化不大，但地面懸浮微粒濃度上升。哪項解釋最符合觀測？","污染濃度上升表示排放量必然大幅增加，氣象條件不影響濃度","盆地地形會加速近地面空氣上升，因此懸浮微粒迅速移出","逆溫抑制垂直混合，無風與盆地地形又不利擴散，使污染物累積","上方暖空氣直接分解污染物，監測數值上升只可能是儀器故障","2","逆溫抑制垂直混合，無風與盆地地形又不利擴散，使污染物累積","","排放量大致不變而地面濃度升高，配合逆溫、無風及盆地環境，顯示污染物擴散條件變差並滯留近地面，答案 C。不能只由濃度上升推定排放量同步增加。","[""比較排放量與污染濃度：前者變化不大，後者上升。"",""逆溫限制垂直混合，無風與盆地也削弱水平擴散。"",""污染物因清除速度下降而累積，答案 C。""]","污染濃度升高可能來自擴散條件變差，不一定代表排放量同時增加。","[]","","","","","","","","","","","","","","",""
"SOC-0772","社會","原創會考程度練習","","","九年級上","世界地理","冰河融化與海平面","進階","素養題","衛星資料顯示陸地高山冰河持續退縮；研究者指出，融水進入海洋會增加海水總量，此外海水升溫也會使體積膨脹。兩項機制對全球海平面的影響為何？","冰河退縮只改變山區河流，與海平面沒有任何關係","海水熱膨脹會降低體積，抵銷陸地冰融水的影響","全球海平面只受每日潮汐影響，不受長期水量變化影響","陸地冰融水增加海洋水量，海水熱膨脹也可能使海平面上升","3","陸地冰融水增加海洋水量，海水熱膨脹也可能使海平面上升","","陸地冰河融水進入海洋會增加海水總量，海水升溫造成的熱膨脹亦可推升海平面，答案 D。兩者是長期變化的因素，不能和每日潮汐混為一談。","[""區分陸地冰河與海上浮冰。"",""陸地冰融水流入海洋會增加海洋水量。"",""海水熱膨脹是另一項長期機制，兩者都可能推升海平面，答案 D。""]","海平面還受海水熱膨脹等因素影響，不應把變化歸於單一來源。","[]","","","","","","","","","","","","","","",""
"SOC-0773","社會","原創會考程度練習","","","九年級上","臺灣地理","地下水超抽與地層下陷","進階","素養題","沿海平原的監測井水位逐年下降，抽水量長期高於含水層補注量；同區地面高程也持續降低。哪項機制最能連結抽水與地層下陷？","含水層水位下降使孔隙水壓降低，地層顆粒受壓密而下陷","抽水使地表植被增加，根系重量直接壓低整個平原","海水鹽度降低後，沿海土壤體積自然縮小","地層下陷證明抽水低於補注，含水層水量正在增加","0","含水層水位下降使孔隙水壓降低，地層顆粒受壓密而下陷","","抽水超過補注使地下水位下降、孔隙水壓降低，含水層顆粒承受較大有效壓力而壓密，地面隨之下陷，答案 A。部分壓密可能難以恢復，應以長期水位與地層監測判讀。","[""先確認抽水量長期高於補注，地下水位因此下降。"",""水壓降低使含水層顆粒承受壓力並逐步壓密。"",""含水層體積減少造成地表下陷，答案 A；單看海水鹽度無法解釋此鏈條。""]","抽地下水須兼顧補注量與使用量，否則可能造成難以逆轉的地層變形。","[]","","","","","","","","","","","","","","",""
"SOC-0774","社會","原創會考程度練習","","","九年級上","世界地理","乾旱與糧食安全","進階","素養題","某國小麥產量高度集中於同一乾旱流域；一次長期乾旱使總產量下跌。若其他產區氣候條件不同，且政府能維持合理庫存，哪種策略最能降低單一災害造成的供應波動？","提高單一流域灌溉抽水量，使所有產量集中在同一地區","分散產區並配置庫存及替代供應，但同時評估運輸與取得成本","完全依賴進口、不保留任何國內生產或風險儲備","禁止跨區調運，以免乾旱年份不同地區共享糧食","1","分散產區並配置庫存及替代供應，但同時評估運輸與取得成本","","產區集中使同一流域乾旱可同時重創全國供應；氣候條件不同的產區、合理庫存與替代來源可分散風險，答案 B。策略仍需衡量運輸成本、價格及民眾取得能力。","[""找出脆弱點：糧食來源過度集中。"",""同一災害可能同時影響主要產區。"",""分散產地和來源可降低共同受災機率，庫存提供短期緩衝，答案 B。""]","糧食安全同時涉及生產、運輸、價格與取得能力。","[]","","","","","","","","","","","","","","",""
"SOC-0775","社會","原創會考程度練習","","","九年級上","世界地理","紅樹林與海岸防護","進階","素養題","沿岸紅樹林清除後，監測到幼魚數量下降；附近聚落在相似暴潮下也出現較深淹水。若要說明紅樹林的生態系服務，何者最符合這些觀察且不誇大效果？","紅樹林可完全阻擋暴潮，使沿岸不再有淹水風險","紅樹林主要調節板塊運動，減少沿岸地震發生","根系可能穩定部分岸灘、林帶可減弱部分波浪，並提供幼魚棲地","紅樹林增加幼魚棲地，但對海岸波浪與淹水完全沒有影響","2","根系可能穩定部分岸灘、林帶可減弱部分波浪，並提供幼魚棲地","","幼魚減少支持棲地功能下降，相似暴潮下淹水加深則與海岸緩衝能力減弱一致；紅樹林可降低部分波浪影響，但不能完全阻止暴潮，答案 C。仍需考量地形、潮位與防護設施差異。","[""比較清除前後的暴潮侵入和幼魚棲地。"",""林帶與根系可降低部分波浪能量及岸灘流失。"",""這是風險緩衝而非絕對防洪，且同時提供生物棲地，答案 C。""]","自然海岸可降低部分災害風險，但仍需依地區評估防護需求。","[]","","","","","","","","","","","","","","",""
"SOC-0776","社會","原創會考程度練習","","","九年級上","世界地理","跨境河川與水資源協議","進階","素養題","跨境河流上游計畫在雨季蓄水、枯水期發電；下游農業則依固定灌溉時程用水，各國目前採用不同流量測量方式。要降低誤解並協調枯水期供水，哪項安排最有效？","由下游國要求上游全年維持不變流量，無須交換資料","按各國人口平均分配固定水量，不考量季節及生態需求","只依水庫發電收益分配河水，排除農業與居民用水需求","共享可比較的流量資料，協商季節性分配與枯水應變規則","3","共享可比較的流量資料，協商季節性分配與枯水應變規則","","不同測量方式易造成流量爭議；共同資料可建立共識，再依雨季、枯水期、農業及生態需求協商規則，答案 D。單一固定配額未必能應對季節變化。","[""辨認河流跨越國界及上下游連動。"",""水庫調節改變流量時序，會影響下游灌溉及供水。"",""可比較的共同資料和季節性協商有助降低衝突，答案 D。""]","跨境水治理須考量季節、人口和生態需求，不是單一國家可忽略下游。","[]","","","","","","","","","","","","","","",""
"SOC-0777","社會","原創會考程度練習","","","九年級上","世界地理","季節性旅遊與環境承載","進階","素養題","山區步道監測發現，假日人流集中時裸露地增加、垃圾量及野生動物受驚次數上升；平日同一路段影響較小。管理單位實施分時預約最直接希望改變什麼？","以分時進入降低尖峰同時使用量，減少步道與生態承受的集中壓力","增加每日總遊客量，使每位遊客的環境影響自動消失","把遊客集中於最脆弱路段，方便管理單位一次清理","以預約制度取代步道維護、垃圾處理及安全管理","0","以分時進入降低尖峰同時使用量，減少步道與生態承受的集中壓力","","影響集中於假日尖峰，分時預約可降低同時進入的人數，減輕步道及野生動物承受的集中壓力，答案 A。若年度總人次仍持續增加，仍須搭配總量管理及環境監測。","[""依假日與平日差異，辨認主要問題是尖峰人流集中。"",""預約分時可降低同時使用量，但不必然降低全年總人次。"",""直接目標是減輕設施與生態承載壓力，答案 A。""]","分流需搭配垃圾管理、步道維護及在地居民參與。","[]","","","","","","","","","","","","","","",""
"SOC-0778","社會","原創會考程度練習","","","九年級上","世界地理","全球暖化與氣候調適","進階","素養題","沿海城市同時推動降低建築能源排放，並設置熱浪避暑中心、擴建雨水滯洪空間。若依措施直接處理的問題分類，後兩項與減排措施有何不同？","減少溫室氣體排放的減緩措施，直接降低氣候變遷成因","因應熱浪與強降雨影響的調適措施，降低已發生或預期的損害","把災害風險轉移到其他國家，因此不屬於氣候行動","增加能源供應的措施，與氣候風險或城市韌性無關","1","因應熱浪與強降雨影響的調適措施，降低已發生或預期的損害","","減排直接處理溫室氣體這項成因，避暑中心與滯洪設施則減少熱浪、強降雨造成的損害，屬調適，答案 B。兩類措施可並行，不能互相取代。","[""先區分減緩：降低溫室氣體排放。"",""避暑與滯洪處理的是氣候影響及其風險。"",""因此屬調適，而非直接降低排放的減緩，答案 B；城市可同時採取兩者。""]","減緩與調適可以同時推動，功能不同而非互相取代。","[]","","","","","","","","","","","","","","",""
"SOC-0779","社會","原創會考程度練習","","","九年級上","世界地理","跨國移工與人口流動","進階","素養題","甲國人口老化、照護職缺增加，聘用乙國移工；部分工資匯回乙國家庭，但移工也面臨家庭分離及資格認證限制。這段材料最能呈現哪種跨國人口與經濟連結？","人口老化使移工匯款成為甲國主要公共稅收，與照護工作無關","移工跨境只改變乙國人口數，不影響甲國勞動市場或家庭","勞動力移動可補充甲國照護人力並帶來乙國家庭收入，也伴隨社會成本","移工匯款代表乙國家庭不再需要本地工作或公共服務","2","勞動力移動可補充甲國照護人力並帶來乙國家庭收入，也伴隨社會成本","","移工補充甲國照護人力，匯款成為乙國家庭收入，同時存在家庭分離及資格限制等成本，答案 C。分析跨國勞動流動需兼顧目的地需求與移工權益，不能只看匯款收益。","[""先辨認甲國照護職缺與人口老化形成的勞動需求。"",""再追蹤工資匯回乙國的收入連結，並留意家庭分離等成本。"",""跨國移動連結兩地經濟與社會，答案 C。""]","移工議題亦涉及工作權、家庭分離與社會融入等面向。","[]","","","","","","","","","","","","","","",""
"SOC-0780","社會","原創會考程度練習","","","九年級上","世界地理","水力發電與環境取捨","進階","素養題","某水壩評估報告估計可提供穩定低碳電力；替代方案是擴建火力電廠，但會增加排放。水庫將淹沒森林並使兩個聚落遷移，居民要求補償及參與決策。最完整的評估方式為何？","只比較短期建設成本與發電量，將居民遷移視為工程外部事項","因水力屬低碳能源，即可假定森林與社區不會受到實質影響","只要居民要求補償，就可推定全國不需要新增任何電力","綜合比較能源可靠度與排放、森林生態、替代方案及居民參與補償","3","綜合比較能源可靠度與排放、森林生態、替代方案及居民參與補償","","水壩有穩定低碳電力效益，也有森林淹沒及居民遷移成本；與火力等替代方案比較，並納入居民參與和補償，才能完整評估，答案 D。低碳不代表沒有環境或社會影響。","[""列出計畫效益：較穩定的低碳電力。"",""列出成本：森林棲地淹沒、居民遷居與權益保障。"",""比較替代能源的排放及可靠度，並納入受影響居民參與。"",""整合能源、生態與社會因素，答案 D。""]","永續能源決策需處理環境與社會取捨，不宜只看發電量。","[]","","","","","","","","","","","","","","",""
"SOC-0781","社會","原創會考程度練習","","","九年級上","經濟","名目與實質國內生產","進階","素養題","某國名目 GDP 較去年增加 8%，同期 GDP 平減指數由 100 升至 106。以「實質 GDP＝名目 GDP÷價格指數」比較，實質產量約增加多少？","約增加 1.9%，低於名目 GDP 的 8% 增幅","約增加 6%，與物價指數升幅相同","仍增加 8%，因名目 GDP 已排除價格變動","約減少 6%，因物價指數須直接從名目增幅扣除且忽略基期比例","0","約增加 1.9%，低於名目 GDP 的 8% 增幅","","將兩年指數化比較：1.08÷1.06－1≈0.0189，實質 GDP 約增加 1.9%，答案 A。直接用 8%－6%=2% 是近似法；精確比例須除以價格變動倍數。","[""將名目 GDP 增幅換成倍數 1.08，物價指數變化為 1.06。"",""以 1.08÷1.06 得到實質產量倍數約 1.0189。"",""扣除基期後約增加 1.9%，答案 A；2 個百分點只是近似。""]","GDP 平減指數需作比例除法；小幅變動時才常用名目增幅減通膨率估算。","[]","","","","","","","","","","","","","","",""
"SOC-0782","社會","原創會考程度練習","","","九年級上","經濟","平均所得與分配差距","進階","素養題","甲國人均所得高於乙國，但家庭所得資料顯示甲國中位數低於平均數甚多，前 10% 家戶取得較高所得占比；乙國平均略低但中位數接近平均。若比較一般家庭的經濟處境，還需查看什麼？","只比較兩國總 GDP，便可確定一般家庭所得高低","平均值可能受高所得者拉升，應再看中位數及所得分布","只要甲國人均所得較高，即可推定每個家庭都較富裕","比較平均數與中位數沒有意義，因兩者必然相等","1","平均值可能受高所得者拉升，應再看中位數及所得分布","","甲國平均高於中位數且前段所得占比較高，顯示平均數可能被高所得家戶拉升；評估典型家庭需同看中位數及分布，答案 B。這些指標仍不能單獨涵蓋物價、公共服務等生活條件。","[""比較平均數與中位數：甲國兩者差距較大。"",""前 10% 所得占比高，可能推高平均而不代表典型家戶所得。"",""再看中位數與所得分布，答案 B；生活水準仍需其他指標補充。""]","不要把平均所得直接當成典型家庭或每位居民的實際收入。","[]","","","","","","","","","","","","","","",""
"SOC-0783","社會","原創會考程度練習","","","九年級上","經濟","失業率的計算","進階","素養題","某地 15 歲以上人口 100 萬人，其中 80 萬人屬勞動力，失業者為 4 萬人；另有 20 萬人未就業且未求職。依「失業者÷勞動力×100%」計算失業率為何？","4%，以全體 15 歲以上人口作為分母","20%，以非勞動力人口作為分母","5%，以勞動力人口 80 萬作為分母","約 5.3%，以就業者 76 萬作為分母","2","5%，以勞動力人口 80 萬作為分母","","失業率分母是勞動力而非全體人口或就業者：4萬÷80萬×100%=5%，答案 C。未就業但未求職者不列入失業人口的分子，也不列入勞動力分母。","[""先辨認勞動力為 80 萬；20 萬未求職者不在分母。"",""失業人口 4 萬除以勞動力 80 萬。"",""4÷80×100%=5%，答案 C；用全體人口會算出不同但不合定義的比率。""]","失業率分母是勞動力人口；未就業但未求職者通常不算失業者。","[]","","","","","","","","","","","","","","",""
"SOC-0784","社會","原創會考程度練習","","","九年級上","經濟","消費者物價指數","進階","素養題","以去年為基期，固定商品籃價格為 2,000 元，故 CPI 為 100；今年同一籃商品價格為 2,100 元。依 CPI＝商品籃成本÷基期成本×100 計算，今年 CPI 與物價年增率為何？","CPI 為 105，物價年增率為 105%","CPI 為 95，物價年增率下降 5%","CPI 為 5，物價年增率上升 5%","CPI 為 105，物價年增率上升 5%","3","CPI 為 105，物價年增率上升 5%","","CPI=2,100÷2,000×100=105；年增率=(105－100)÷100×100%=5%，答案 D。CPI 指數值 105 不等於物價上漲 105%。","[""先算 CPI：2,100÷2,000×100=105。"",""再以基期指數 100 計算年增率：(105－100)÷100×100%。"",""年增率為 5%，答案 D；指數值與百分比變動不可混為一談。""]","CPI=105 表示相對基期的指數水準；年增率還要和基期指數 100 比較。","[]","","","","","","","","","","","","","","",""
"SOC-0785","社會","原創會考程度練習","","","九年級上","經濟","家庭預算與儲蓄","進階","素養題","小安月收入 32,000 元，先列出房租、餐費、交通與保險等固定必要支出 25,000 元，將餘額的一部分存入緊急預備金。若下月收入不變但突發醫療支出增加，這項預算最直接提供什麼幫助？","保留 7,000 元餘額作為可調整空間，降低突發支出對必要開銷的衝擊","使醫療支出不再增加，並保證每月可存相同金額","因必要支出已列入預算，突發事件不會影響家庭財務","應先增加非必要消費，再以借款支付固定支出","0","保留 7,000 元餘額作為可調整空間，降低突發支出對必要開銷的衝擊","","32,000－25,000=7,000 元是尚可安排的餘額；若其中保留緊急預備金，可緩衝醫療等突發支出，答案 A。這不會阻止支出增加，也不保證每月儲蓄固定。","[""先算月收入扣除必要支出：32,000－25,000=7,000 元。"",""從餘額留存部分預備金，可支付未預期醫療費。"",""預算提供調整空間而非消除風險，答案 A。""]","預算是調整收入與支出的工具，不是保證未來不會有風險。","[]","","","","","","","","","","","","","","",""
"SOC-0786","社會","原創會考程度練習","","","九年級上","經濟","複利與儲蓄期間","進階","素養題","本金 10,000 元，年利率 5%，存放 2 年且不計稅費。甲每年利息併入本金再計息；乙每年只按原本金計息。甲比乙多得多少利息？","500 元，因複利兩年都只以原本金計息","25 元，第二年利息對第一年利息再計息","1,025 元，等於甲的全部利息","1,000 元，因甲乙兩種計息的利息必定相同","1","25 元，第二年利息對第一年利息再計息","","甲本利和=10,000×1.05²=11,025 元；乙本利和=10,000×(1+0.05×2)=11,000 元，甲多 25 元，答案 B。差額來自第二年對第一年利息計息。","[""區分兩種方式：利息是否併入本金。"",""乙的單利利息=10,000×5%×2=1,000 元。"",""甲的複利利息=11,025－10,000=1,025 元。"",""兩者差 25 元，答案 B；不是把甲的全部利息當成差額。""]","實際報酬仍受利率、費用、期間及商品風險影響。","[]","","","","","","","","","","","","","","",""
"SOC-0787","社會","原創會考程度練習","","","九年級上","經濟","信用卡最低應繳與債務","進階","素養題","信用卡未繳餘額為 20,000 元，月利率 1.5%；本月最低應繳 600 元，假設本月先計息、再繳款且沒有新增消費或費用。繳款後欠款約為多少？","19,400 元，因 600 元全數沖抵本金且不計利息","20,000 元，因最低應繳不會影響未繳餘額","19,700 元，先計 300 元利息，再以 600 元繳款","20,300 元，因繳款 600 元全數轉為利息","2","19,700 元，先計 300 元利息，再以 600 元繳款","","本月利息=20,000×1.5%=300 元；繳 600 元後，約剩 20,000+300－600=19,700 元，答案 C。實際帳單仍依發卡契約的計息方式、入帳日及費用計算。","[""先算月息：20,000×0.015=300 元。"",""本月應計餘額為 20,300 元，再扣除繳款 600 元。"",""剩餘約 19,700 元，答案 C；若之後仍有餘額會繼續計息。""]","借款前應看年利率、費用及還款條件，不只看最低月付額。","[]","","","","","","","","","","","","","","",""
"SOC-0788","社會","原創會考程度練習","","","九年級上","經濟","分期付款與總成本","進階","素養題","甲店同款電腦現金價 24,000 元；乙店標示 12 期零利率，但每期 2,200 元並另收一次性手續費 600 元。若沒有其他折扣或費用，選乙店多付多少？","1,800 元，將手續費加進現金價但漏算部分期款差額","2,400 元，只計算期款超過現金價的部分而漏掉手續費","600 元，僅計一次性手續費","3,000 元，期款總額 26,400 元加手續費後比現金價多出的金額","3","3,000 元，期款總額 26,400 元加手續費後比現金價多出的金額","","乙店總支出=12×2,200+600=27,000 元；27,000－24,000=3,000 元，答案 D。『零利率』不代表總支出與現金價相同，手續費也須計入。","[""先算十二期金額：12×2,200=26,400 元。"",""再加一次性手續費 600 元，乙店總支出為 27,000 元。"",""扣除甲店現金價 24,000 元，差額 3,000 元，答案 D。""]","比較價格要把期款、手續費及其他必要費用都算入。","[]","","","","","","","","","","","","","","",""
"SOC-0789","社會","原創會考程度練習","","","九年級上","經濟","借款利率與還款負擔","進階","素養題","借款 100,000 元、期限 1 年：甲方案年利率 4%，另收手續費 2,500 元；乙方案年利率 5.5%，無手續費。假設利息以本金計算且無其他費用，哪個方案總成本較低？","乙方案；利息 5,500 元，總借款成本低於甲方案的 6,500 元","甲方案；只比較 4% 利率即可判定不需計入手續費","兩方案成本相同，因借款本金與期間相同","無法比較，因手續費不屬於借款成本","0","乙方案；利息 5,500 元，總借款成本低於甲方案的 6,500 元","","甲利息=100,000×4%=4,000 元，加手續費後成本 6,500 元；乙利息=100,000×5.5%=5,500 元，無手續費，成本較低，答案 A。比較時要合計利息與必要費用。","[""甲方案總成本=4,000+2,500=6,500 元。"",""乙方案總成本=5,500+0=5,500 元。"",""乙方案少 1,000 元，答案 A；低名目利率不必然代表最低總成本。""]","名目利率低不一定代表總成本最低。","[]","","","","","","","","","","","","","","",""
"SOC-0790","社會","原創會考程度練習","","","九年級上","經濟","名目利率與實質報酬","進階","素養題","存款年利率為 2%，一年後物價指數由 100 升至 104；忽略稅費，存款本金及利息均留在帳戶。以「實質報酬率≈名目利率－通膨率」估算，購買力變化約為何？","約增加 2%，因名目利率低於通膨率時仍有正實質報酬","約下降 2%，因 2%－4% 為負值","約增加 6%，將利率與通膨率相加","完全不變，因存款本金仍留在帳戶","1","約下降 2%，因 2%－4% 為負值","","近似實質報酬率=2%－4%=－2%，因此購買力約下降 2%，答案 B。精確值為 1.02÷1.04－1≈－1.92%，此題採近似公式。","[""依題目指定的近似公式，名目利率減通膨率。"",""2%－4%=－2%，代表帳面金額增加但購買力下降。"",""精確比例約－1.92%，仍為負值，答案 B。""]","實質報酬要考慮物價變動，不只看帳面利息是否增加。","[]","","","","","","","","","","","","","","",""
"SOC-0791","社會","原創會考程度練習","","","九年級上","公民","金融投資風險與報酬","進階","素養題","某社群帳號宣稱投資可每月固定高額獲利且本金零風險，要求匯款至個人帳戶，並以『名額即將額滿』催促下單；查不到產品文件與監理資訊。哪項處理方式最審慎？","先匯小額測試，若首月獲利再借款加碼","請轉傳訊息的朋友代為判斷，因熟人推薦即可取代查證","不匯款，透過獨立官方管道查核業者與商品文件，並評估可能損失","只要求業者口頭保證本金，再忽略費用與風險揭露","2","不匯款，透過獨立官方管道查核業者與商品文件，並評估可能損失","","保證高報酬、零風險、催促匯款到個人帳戶且文件不可查，都是警訊。應停止轉帳，從獨立官方管道核實業者與商品，理解風險後再決定，答案 C。小額試投也可能遭詐。","[""先辨認多項警訊：不合理保證、限時催促及個人帳戶收款。"",""停止匯款，另用官方名錄或主管機關公開資料查核，不用對方提供的連結作唯一依據。"",""確認文件與風險前不投入資金，答案 C；小額試匯不能證明合法。""]","任何投資都有不同形式的風險，需確認商品內容與合法性。","[]","","","","","","","","","","","","","","",""
"SOC-0792","社會","原創會考程度練習","","","九年級上","公民","所得移轉與社會安全","進階","素養題","政府依所得能力設計不同稅負，並將部分稅收用於急難救助、教育及基本醫療；政策評估同時追蹤弱勢家庭可支配所得與公共服務使用情況。這類制度主要發揮什麼功能？","以稅收讓各家庭最終所得完全相同，不再有任何差距","由公共服務取代所有私人消費，無須任何財政收入","把所得移轉僅用於提高高所得家庭的市場購買力","透過稅收與公共支出分擔部分生活風險，支持基本保障並調節所得差距","3","透過稅收與公共支出分擔部分生活風險，支持基本保障並調節所得差距","","依能力課稅並將收入用於救助、教育和醫療，透過公共支出分擔生活風險並調節部分所得差距，答案 D。這不代表最終所得完全相同，政策效果仍須看實際受益與負擔分布。","[""由按所得能力課稅辨認財源及負擔原則。"",""急難救助、教育與醫療支出可分擔部分家庭風險。"",""其功能是基本保障及所得調節，不是讓所有所得完全相等，答案 D。""]","所得移轉可縮小部分生活風險，但不代表所有家庭收入完全相同。","[]","","","","","","","","","","","","","","",""
"SOC-0793","社會","原創會考程度練習","","","九年級上","經濟","照護工作與無酬勞動","進階","素養題","某家庭成員每週投入 30 小時照顧長者，未領薪資；若改由機構提供相同服務，家庭須支付費用。以只統計有市場價格交易的 GDP 為例，這種照護勞動會如何呈現？","未經市場交易的家庭照護通常不會按其替代服務價值完整計入 GDP","照護時數會自動列為政府薪資支出並計入 GDP","照護對象是長者，因此無酬照護必定列為商品出口","GDP 會依照顧時數自動估算市場薪資，並視為實際交易","0","未經市場交易的家庭照護通常不會按其替代服務價值完整計入 GDP","","GDP 的市場交易統計通常不會把家庭內無酬照護按機構服務的替代價格完整計入，因此可能低估其經濟貢獻，答案 A。若照護改由機構收費，該服務交易才會以市場價格進入相關統計。","[""辨認工作內容：照顧長者。"",""確認家庭照護沒有實際支付薪資或服務費。"",""GDP 以市場交易為主要衡量範圍，不會自動替無酬時數估價。"",""因此可能未完整呈現其貢獻，答案 A；不代表照護沒有社會價值。""]","市場產值不是衡量社會福祉和所有勞動價值的完整指標。","[]","","","","","","","","","","","","","","",""
"SOC-0794","社會","原創會考程度練習","","","九年級上","公民","消費者廣告與查證","進階","素養題","某飲料廣告引用少數消費者『飲用後好轉』的心得，宣稱能治療多種疾病，卻未提供對照研究、成分劑量或主管機關核准用途。消費者要判斷這項健康宣稱，應優先採取什麼做法？","以少數使用心得代替對照證據，並把產品當成治療方式","查核研究證據、成分與核准用途，必要時向合格醫療專業人員詢問","只比較廣告播放量，因觀看人數可證明產品療效","先停用既有處方，再觀察飲料能否取代治療","1","查核研究證據、成分與核准用途，必要時向合格醫療專業人員詢問","","個人心得不能單獨證明療效；應查核研究設計、成分劑量及產品核准用途，必要時請教合格醫療人員，答案 B。廣告或飲料不能作為自行停藥的依據。","[""辨認證據缺口：少數心得不是對照研究，且未交代劑量和核准用途。"",""向可信研究、產品標示及合格醫療專業人員查核。"",""不以廣告代替治療或自行停藥，答案 B。""]","涉及健康的商品資訊應格外查證，不應依廣告停止既有醫療照護。","[]","","","","","","","","","","","","","","",""
"SOC-0795","社會","原創會考程度練習","","","九年級上","公民","個人資料與隱私","進階","素養題","掃描文件的應用程式要求永久定位及上傳整本通訊錄，但文件掃描只需相機與所選檔案存取。若採取資料最小化原則，使用者應怎麼做？","一次授予所有權限，日後再看是否發生資料外洩","允許通訊錄及定位存取，因應用程式要求即代表必要","只開啟掃描所需相機及選取檔案權限，拒絕或撤回無關存取並評估是否改用其他工具","即使不同意權限也交出帳號密碼，要求開發者代為操作","2","只開啟掃描所需相機及選取檔案權限，拒絕或撤回無關存取並評估是否改用其他工具","","掃描功能只需相機及使用者選取的檔案，永久定位與整本通訊錄並非必要；拒絕無關權限、採最小存取，答案 C。若應用程式因此無法提供服務，可改用可信替代工具。","[""逐項比對掃描功能與權限需求：相機及選取文件相關，定位和通訊錄不相關。"",""多餘權限增加個資收集與外洩風險。"",""只授予必要權限，若無法拒絕則考慮替代工具，答案 C。""]","安裝前也要檢查開發者、隱私政策和資料保存方式。","[]","","","","","","","","","","","","","","",""
"SOC-0796","社會","原創會考程度練習","","","九年級上","公民","網路釣魚與帳號安全","進階","素養題","收到一封仿冒銀行的郵件，稱帳戶異常並附縮網址，要求 10 分鐘內輸入網銀密碼及簡訊驗證碼；寄件網域與銀行官方網址相差一個字母。哪個做法最安全？","點開連結但只輸入帳號，先確認頁面是否有銀行商標","回覆郵件詢問寄件者是否為銀行客服，再照對方指示操作","把連結轉傳給朋友，請其輸入資料測試真偽","不點擊、不回覆，使用自行輸入的官方網址或卡片上的客服電話確認並回報郵件","3","不點擊、不回覆，使用自行輸入的官方網址或卡片上的客服電話確認並回報郵件","","限時威脅、仿冒網域、縮網址及索取驗證碼都是釣魚警訊。不要點擊或輸入資料；應自行輸入官方網址或用可信客服管道確認，答案 D。銀行識別標誌不能證明網頁真實。","[""比對寄件網域並注意縮網址、限時威脅與索取驗證碼。"",""不點連結、不提供密碼或一次性驗證碼。"",""另行使用已知官方網址或可信客服確認並回報，答案 D。""]","真正的客服不應要求使用者交出一次性驗證碼。","[]","","","","","","","","","","","","","","",""
"SOC-0797","社會","原創會考程度練習","","","九年級上","公民","演算法推薦與資訊多元","進階","素養題","影音平台依點閱紀錄優先推薦相似內容，使用者的觀看時間增加，但一段時間後接觸到的立場來源變少。若兼顧個人化的便利與公共討論，最合理的評估是什麼？","推薦可提高內容相關性，但可能縮窄資訊來源，使用者宜主動接觸不同觀點","個人化推薦會使平台上的所有內容必然變成假消息","只要演算法推薦，使用者便完全無法搜尋或選擇其他內容","推薦相似影片能保證使用者已接觸完整且平衡的公共資訊","0","推薦可提高內容相關性，但可能縮窄資訊來源，使用者宜主動接觸不同觀點","","依偏好推薦可提高相關性與便利，但反覆呈現相似內容可能縮窄來源、減少異質觀點；主動搜尋多元來源可補充，答案 A。這是可能風險而非每位使用者必然失去選擇。","[""辨認平台依據點閱紀錄排序內容。"",""相關性提高可能伴隨來源集中及不同觀點減少。"",""評估便利與資訊多元兩面，答案 A；風險可透過主動查找降低。""]","個人化推薦有便利性，也需主動查閱不同來源並調整選擇。","[]","","","","","","","","","","","","","","",""
"SOC-0798","社會","原創會考程度練習","","","九年級上","經濟","收入不均與政策指標","進階","素養題","某地平均薪資上升 6%，但低薪工作者占比也提高；統計未提供各所得組別資料。若要判斷收入成長是否普遍、分配差距如何變化，應優先補充哪類資料？","全體受雇者薪資總額，無須區分所得群體或人數","各所得分位的薪資與占比，並比較中位數和低薪群體變化","最高薪者的個人薪資及職稱，作為全體工作者代表","平均薪資上升幅度，不必查看其他分配統計","1","各所得分位的薪資與占比，並比較中位數和低薪群體變化","","平均薪資只描述整體平均，不能判斷增幅由哪些群體取得；比較所得分位、中位數及低薪占比，較能檢視成長廣度與差距，答案 B。若要衡量完整不均程度，還可使用吉尼係數等指標。","[""辨認平均薪資無法顯示群體差異。"",""低薪占比上升表示平均增長未必惠及各群體。"",""比較分位數、中位數與低薪占比可呈現所得分布。"",""因此需補充分組所得資料，答案 B；總額或單一高薪者不足以代表整體。""]","總量或平均值不能取代分布資料，避免由單一數字推論整體公平。","[]","","","","","","","","","","","","","","",""
"SOC-0799","社會","原創會考程度練習","","","九年級上","經濟","消費借貸與需求比較","進階","素養題","同款手機有兩種分期：甲每月 1,200 元、24 期，另收手續費 2,500 元；乙每月 1,200 元、30 期，無手續費。忽略其他成本，哪一方案總支出較低、差額多少？","乙方案較低，因為無手續費，所以不必計算多出的期數","甲方案較低，差額 2,500 元，只需比較手續費","甲方案較低：1,200×24+2,500=31,300 元；乙為 36,000 元，少 4,700 元","兩方案總支出相同，因為每月付款金額一致","2","甲方案較低：1,200×24+2,500=31,300 元；乙為 36,000 元，少 4,700 元","","甲總支出=1,200×24+2,500=31,300 元；乙=1,200×30=36,000 元，甲少 4,700 元，答案 C。月付相同仍須把期數與手續費一併計算。","[""甲期款為 1,200×24=28,800 元，加費用後 31,300 元。"",""乙期款為 1,200×30=36,000 元，無額外費用。"",""36,000－31,300=4,700 元，甲方案較省，答案 C。""]","購物分期應比較總支付額與合約條件，而不是只看月付款。","[]","","","","","","","","","","","","","","",""
"SOC-0800","社會","原創會考程度練習","","","九年級上","經濟","廣告價格與單位成本","進階","素養題","超市兩包米售價不同，一包 3 公斤 210 元，另一包 5 公斤 325 元。若只比較每公斤價格，哪包較便宜？","3 公斤包，每公斤 65 元","資料不足以比較","兩包每公斤都 70 元","5 公斤包，每公斤 65 元","3","5 公斤包，每公斤 65 元","","3 公斤包每公斤 210÷3＝70 元；5 公斤包每公斤 325÷5＝65 元，因此 5 公斤包較便宜，答案 D。","[""分別計算單位價格：210÷3＝70 元。"",""另一包為 325÷5＝65 元。"",""每公斤 65 元較低，選 5 公斤包，答案 D。""]","比較不同包裝時先換算相同單位，避免只看總價。","[]","","","","","","","","","","","","","","",""
"SOC-0801","社會","原創會考程度練習","","","九年級上","經濟","名目薪資與實質薪資","進階","素養題","某員工月薪從 40,000 元調至 41,200 元，名目薪資增加 3%；同期消費者物價指數由 100 升至 105。以薪資成長倍數除以物價變動倍數，實質薪資約變化多少？","約下降 1.9%，名目加薪未完全追上物價上升","約上升 2%，把物價指數增加值直接加到薪資增幅","約上升 3%，因實質薪資只看薪資單上的名目調薪","約下降 5%，只以物價指數升幅作為實質薪資變化","0","約下降 1.9%，名目加薪未完全追上物價上升","","實質薪資變動=(1.03÷1.05)－1≈－0.019，即約下降 1.9%，答案 A。用 3%－5%=－2% 是近似算法；不能因名目月薪增加就判定購買力提高。","[""將名目薪資增幅寫成倍數 1.03，物價指數變成 1.05 倍。"",""以 1.03÷1.05 得到實質薪資倍數約 0.981。"",""扣除基期後約下降 1.9%，答案 A；百分點相減的 2% 是近似值。""]","實質薪資考慮物價；薪水數字增加不一定代表買得更多。","[]","","","","","","","","","","","","","","",""
"SOC-0802","社會","原創會考程度練習","","","九年級上","經濟","單項漲價與通貨膨脹","進階","素養題","颱風後蔬菜批發價上升 30%，但同月加權消費籃中蔬菜占 10%，其餘商品價格大致不變。若不考慮其他因素，最適合的判讀為何？","整體消費籃價格必定上升 30%，不受蔬菜權重影響","蔬菜對消費籃有推升效果，但單月單項變化不足以證明一般物價持續通膨","蔬菜占一成，所以整體消費籃價格必定下降 20%","蔬菜批發價上漲可證明所有家庭實際生活成本完全相同","1","蔬菜對消費籃有推升效果，但單月單項變化不足以證明一般物價持續通膨","","蔬菜在消費籃權重為 10%，其價格變動會推升整體指數，但幅度不等於單項的 30%；且單月局部供給衝擊不能單獨證明物價普遍且持續上漲，答案 B。","[""先區分單項價格與加權消費籃：蔬菜權重只有 10%。"",""局部價格變化可影響指數，但不會等幅反映到整體物價。"",""還需觀察多類商品及持續時間，答案 B。""]","區分個別商品相對價格變動與一般物價水準變動。","[]","","","","","","","","","","","","","","",""
"SOC-0803","社會","原創會考程度練習","","","九年級上","經濟","成本推動型通膨","進階","素養題","國際油價上升後，運輸費與塑膠原料成本增加；調查顯示企業產量未擴張、消費需求也未明顯增加，但部分商品售價上調。最能解釋這波物價壓力的是什麼？","消費者需求增加，企業因搶購而提高產量與售價","生產效率提升使單位成本降低，企業因此普遍調高售價","能源與原料等投入成本上升，部分成本轉嫁至商品價格","貨幣購買力提高，使企業不需考慮成本也能提高售價","2","能源與原料等投入成本上升，部分成本轉嫁至商品價格","","題幹指出油價推升運輸及原料成本，需求和產量並未明顯增加，較支持成本上升、部分轉嫁至售價的成本推動解釋，答案 C。企業是否能完全轉嫁仍取決於競爭與需求彈性。","[""從運輸費與塑膠原料辨認能源在生產鏈中的投入角色。"",""需求未明顯增加，因此較不像由需求擴張主導。"",""投入成本上升並部分反映到售價，答案 C；轉嫁程度可能不同。""]","成本上漲與需求拉動是不同通膨成因，題目線索是原料成本。","[]","","","","","","","","","","","","","","",""
"SOC-0804","社會","原創會考程度練習","","","九年級上","經濟","需求拉動型物價壓力","進階","素養題","景氣復甦期間，家庭消費與企業投資快速增加；調查顯示工廠已接近滿載，短期內無法新增產線。若原料成本大致穩定，物價可能受到何種壓力？","總需求增加會使企業庫存永久增加，市場價格必然下降","工廠接近滿載表示供給可無限增加，不會形成價格壓力","需求增加只會改變消費者偏好，不會影響市場成交價格","需求擴張快於短期供給調整，市場價格較有上升壓力","3","需求擴張快於短期供給調整，市場價格較有上升壓力","","消費與投資推升總需求，工廠接近滿載使短期供給彈性有限；若其他條件不變，價格較有上升壓力，答案 D。這是可能趨勢，實際幅度仍受進口、庫存與替代品影響。","[""找出需求增加的來源：消費和投資。"",""工廠接近滿載代表短期供給不易迅速增加。"",""需求相對供給更快擴張時，價格較有上升壓力，答案 D；其他供給來源仍可能緩和影響。""]","判斷需求拉動時要同時看總需求及供給能否配合。","[]","","","","","","","","","","","","","","",""
"SOC-0805","社會","原創會考程度練習","","","九年級上","經濟","固定收入與物價上漲","進階","素養題","退休者每月領取 20,000 元固定給付，個人常買的食品、交通與醫療費用一年平均上漲 4%，給付未調整。以近似公式估算，其實質購買力變化為何？","約下降 4%，同額給付可購買的原有消費籃減少","約上升 4%，因物價上升代表收入實質增加","完全不變，因名目給付仍為 20,000 元","無法比較，除非每月給付金額先翻倍","0","約下降 4%，同額給付可購買的原有消費籃減少","","名目給付維持 20,000 元，個人消費籃價格上升 4%，實質購買力約下降 4%，答案 A。一般 CPI 是平均指數，個人實際通膨仍依消費組合而異。","[""固定給付的名目金額沒有調整。"",""個人常用消費籃價格上升 4%，同額貨幣能購買的數量下降。"",""近似實質購買力減少 4%，答案 A；實際個人通膨視消費權重而定。""]","物價上漲對固定收入者的影響，取決於收入是否同步調整。","[]","","","","","","","","","","","","","","",""
"SOC-0806","社會","原創會考程度練習","","","九年級上","經濟","通膨與固定利率債務","進階","素養題","借款人簽訂固定名目利率、固定月付的長期貸款；其後物價與名目薪資逐步上升，月付金額依契約不變。若薪資確實跟上物價，借款人的實質還款負擔通常如何變化？","必定加重，因物價上升使固定名目還款的購買力變高","相對減輕，因固定名目月付相對於上升的收入與物價變小","完全不變，因實質負擔只由貸款本金決定，與收入無關","立即歸零，因通膨會自動取消所有固定利率債務","1","相對減輕，因固定名目月付相對於上升的收入與物價變小","","在月付固定且薪資跟上物價的前提下，名目還款相對於收入變小，實質負擔通常減輕，答案 B。若收入未調整、利率浮動或契約重新計價，借款人不一定受益。","[""區分名目還款金額與實質購買力。"",""物價與薪資上升、但契約月付不變。"",""若收入同步調整，固定月付占收入比重下降。"",""實質負擔通常減輕，答案 B；需留意收入及利率變動的前提。""]","實際負擔仍受利率是否固定、收入變化和合約條款影響。","[]","","","","","","","","","","","","","","",""
"SOC-0807","社會","原創會考程度練習","","","九年級上","經濟","實質利率估算","進階","素養題","某一年存款本金為 10,000 元，年末本利和為 10,500 元；同期固定商品籃價格由 100 元升至 103 元。忽略稅費，以「實質報酬率＝名目本利和倍數÷物價倍數－1」估算，實質報酬率約多少？","約 8%，把名目利率與通膨率相加","約 1.9%，名目本利和增加 5% 並扣除物價變動後的實質報酬","約 −2%，因為通膨率高於名目存款利率","約 5%，直接把名目利率當成實質報酬","1","約 1.9%，名目本利和增加 5% 並扣除物價變動後的實質報酬","","名目本利和倍數為 1.05，物價倍數為 1.03；1.05÷1.03－1≈0.0194，實質報酬約 1.9%，答案 B。5%－3%=2% 是近似值。","[""計算名目本利和倍數：10,500÷10,000=1.05。"",""計算物價倍數：103÷100=1.03。"",""以 1.05÷1.03－1 得約 1.9%，答案 B；相減法得 2% 為近似。""]","實質報酬要用報酬倍數除以物價倍數；直接相減適合小幅變動的近似估算。","[]","","","","","","","","","","","","","","",""
"SOC-0808","社會","原創會考程度練習","","","九年級上","經濟","貨幣的交易媒介功能","進階","素養題","小芸以一件外套交換一袋米，雙方須剛好都需要對方物品才容易成交；使用貨幣後，她可先出售外套，再用所得購米。貨幣在此最主要發揮何種功能？","價值儲藏：把購買力保存到未來，且不受物價影響","延期支付：所有商品都可無條件延後付款","交易媒介：降低以物易物須雙方需求相符的限制","價值尺度：讓每件商品都自動取得相同價值","2","交易媒介：降低以物易物須雙方需求相符的限制","","貨幣作為交易媒介，讓小芸可先出售外套再購買米，不必尋找恰好想換外套的米商，答案 C。貨幣也有價值尺度及價值儲藏等功能，但此情境強調交易便利。","[""指出以物易物的困難：雙方需求必須同時相符。"",""使用貨幣後可先出售，再向另一賣方購買。"",""貨幣在此作為交易媒介，答案 C；情境不是在問保存價值。""]","面額是名目金額，購買力須看能交換多少商品服務。","[]","","","","","","","","","","","","","","",""
"SOC-0809","社會","原創會考程度練習","","","九年級上","經濟","供給減少與市場均衡","進階","素養題","某地颱風摧毀部分菜田，市場調查顯示居民短期購買意願大致不變，但可上市蔬菜量下降。依供需圖判讀，均衡價格與成交數量最可能如何變化？","價格上升、成交數量下降","價格與成交數量都必定上升","價格下降、成交數量上升","價格與成交數量都必定不變","0","價格上升、成交數量下降","","颱風使蔬菜供給曲線左移；需求大致不變時，均衡價格上升、成交數量下降，答案 A。實際變化幅度仍取決於需求與供給彈性。","[""先確認衝擊作用在供給端：颱風減少可上市蔬菜。"",""供給減少而需求近似不變，供需交點向左上方移動。"",""均衡價格上升、成交量下降，答案 A；幅度依彈性而異。""]","指數 100 代表與基期相同；105 不是物價上漲 105%。","[]","","","","","","","","","","","","","","",""
"SOC-0810","社會","原創會考程度練習","","","九年級上","經濟","公共財與搭便車問題","進階","素養題","一個社區的防洪堤可同時降低多戶住宅遭淹風險，居民難以只讓已繳費者受保護；部分居民因此主張等待他人出資。此情境最能說明何種公共財問題？","公共財具排他性，因此不付費者必然無法享有防洪效益","防洪設施只影響建造者，不會使鄰近住戶受益","居民可各自使用堤防而不需共同維護，沒有集體行動問題","效益難以排除未付費者，可能使個人搭便車，導致自願出資不足","3","效益難以排除未付費者，可能使個人搭便車，導致自願出資不足","","防洪堤的保護效益難以排除未繳費住戶，且多戶同時受益，居民可能等待他人付費而搭便車，導致私人自願出資不足，答案 D。公共部門或集體協調可處理此類公共財供給問題。","[""確認堤防效益可同時保護多戶，且難以只讓付費者受益。"",""個別居民可能希望由其他人出資，自己仍享有保護。"",""搭便車可能使私人出資低於社會所需，答案 D。""]","一般物價指數是平均衡量，未必完全代表每個家庭的個人通膨。","[]","","","","","","","","","","","","","","",""
"SOC-0811","社會","原創會考程度練習","","","九年級上","經濟","貨幣政策與物價","進階","素養題","央行為抑制持續通膨調高政策利率後，銀行逐步調高新承作房貸及企業貸款利率；信用卡與既有浮動利率貸款也可能調整。短期內最可能的傳導效果為何？","融資成本上升，部分家庭延後借款消費、企業延後投資，總需求可能放緩","新貸款利率上升會使所有既有固定利率貸款月付同步增加","借款成本下降，因此短期消費與投資必定立即擴張","政策利率只影響匯率，不會透過銀行利率影響借貸決策","0","融資成本上升，部分家庭延後借款消費、企業延後投資，總需求可能放緩","","政策利率通常會傳導至新貸款及浮動利率借款成本，部分家庭與企業可能減少或延後借貸支出，讓總需求放緩，答案 A。固定利率舊貸款未必立即改變，且政策效果有時差。","[""從銀行調整新貸款及浮動利率，辨認政策傳導管道。"",""融資成本提高可能改變借款、消費與投資決策。"",""總需求因部分支出延後而可能放緩，答案 A；不是所有貸款同步調整。""]","貨幣政策效果有時間差，也會受金融市場和預期影響。","[]","","","","","","","","","","","","","","",""
"SOC-0812","社會","原創會考程度練習","","","九年級上","經濟","景氣循環與循環性失業","進階","素養題","某製造業出口訂單連續下滑，同產業多家企業縮短工時或裁員；一年後外需回升，產線陸續重新招工。這些工作變化最主要與哪種失業原因相關？","結構性失業：技能需求永久改變，原職缺不再存在","循環性失業：總需求隨景氣下滑而減少，復甦時職缺部分恢復","摩擦性失業：工作者自行轉職所需的短暫搜尋時間","季節性失業：固定季節因素使職缺規律暫停","1","循環性失業：總需求隨景氣下滑而減少，復甦時職缺部分恢復","","同產業因外需下降而同步裁員，外需回升後又重新招工，顯示就業變化與景氣及總需求連動，屬循環性失業，答案 B。若職缺永久消失且技能改變，才較偏向結構性失業。","[""觀察多家企業訂單同時下滑，辨認總需求或外需衝擊。"",""職缺隨景氣回升而重新出現，而非永久消失。"",""與景氣週期連動的失業為循環性失業，答案 B。""]","結構性失業源於技能或產業不匹配，與本題景氣需求下降不同。","[]","","","","","","","","","","","","","","",""
"SOC-0813","社會","原創會考程度練習","","","九年級上","經濟","摩擦性失業與轉職","進階","素養題","某地職缺數量大致穩定，小林因搬遷離開原公司，具備所需技能並持續面試，預計數週內可到新公司任職。這段求職空檔主要屬於哪類失業？","循環性失業：整體需求不足使職缺普遍減少","結構性失業：工作技能與現有職缺長期不匹配","摩擦性失業：求職者在轉職媒合期間短暫失業","季節性失業：產業按固定季節規律停工","2","摩擦性失業：求職者在轉職媒合期間短暫失業","","職缺仍存在，小林具備技能且正在媒合，只是轉職需要搜尋時間，屬摩擦性失業，答案 C。這與景氣整體下滑或技能長期不匹配不同。","[""職缺量穩定且小林具備所需技能，排除總需求下滑或技能落差。"",""搬遷後求職、面試與到職之間存在短暫空檔。"",""這是轉職媒合所需時間，屬摩擦性失業，答案 C。""]","短期轉職失業不同於景氣衰退或技能被產業淘汰。","[]","","","","","","","","","","","","","","",""
"SOC-0814","社會","原創會考程度練習","","","九年級上","經濟","季節性失業與觀光","進階","素養題","山區滑雪場每年暖季固定停業，員工的合約及工作時數隨雪季開始而恢復；當地其他產業就業未同步下滑。最符合這種失業成因的分類為何？","循環性失業：整體經濟衰退造成各產業需求下降","摩擦性失業：員工自願轉換不同雇主的搜尋空檔","結構性失業：技術變化使原職缺永久消失","季節性失業：工作需求按固定季節規律增減","3","季節性失業：工作需求按固定季節規律增減","","滑雪工作隨雪季規律恢復，且其他產業未同步衰退，表示職缺依固定季節增減，屬季節性失業，答案 D。若因景氣衰退而跨產業裁員，才是循環性失業。","[""注意停業發生在每年固定暖季，工作時數於雪季恢復。"",""其他產業未同步下滑，較不像全面景氣衰退。"",""職缺按季節規律增減，答案 D。""]","季節性失業與全國景氣衰退不同，關鍵是固定季節變化。","[]","","","","","","","","","","","","","","",""
"SOC-0815","社會","原創會考程度練習","","","九年級上","經濟","技能轉型與結構性失業","進階","素養題","某工廠三年內以自動化設備取代部分重複操作職位，同時持續招募程式與設備維修人員；原員工若未取得新技能，可能找不到新職缺。這種失業主要源自什麼？","結構性失業：技術轉型改變職缺技能需求，造成勞工與工作不匹配","循環性失業：總需求短期下降，景氣回升後職缺便全部恢復","摩擦性失業：員工已具新職所需技能，只在不同雇主間轉換","季節性失業：職缺隨固定年度旺季淡季暫時變動","0","結構性失業：技術轉型改變職缺技能需求，造成勞工與工作不匹配","","舊職位因自動化減少，新職位要求程式及維修技能；原員工若技能不符，面臨結構性失業，答案 A。再訓練可改善媒合，但不保證每人立即取得相同職位。","[""比較舊職位的重複操作與新職位的程式、維修要求。"",""自動化改變職缺結構，原技能無法直接媒合。"",""技能與職缺長期不匹配屬結構性失業，答案 A。""]","再訓練可協助縮小技能差距，但需時間和資源。","[]","","","","","","","","","","","","","","",""
"SOC-0816","社會","原創會考程度練習","","","九年級上","經濟","生產力與單位產量","進階","素養題","甲工廠導入設備前，10 名員工每天共生產 400 件；導入後仍是 10 名員工，每天產量提高至 500 件。以每名員工每日產量衡量勞動生產力，增幅為何？","提高 10%，以新產量 500 件為分母計算增量","提高 25%，每人日產量由 40 件增至 50 件","提高 20%，以原產量差額 100 件除以員工數","提高 100 件，這是總產量差而非百分比增幅","1","提高 25%，每人日產量由 40 件增至 50 件","","導入前每人日產量=400÷10=40 件；導入後=500÷10=50 件。增幅=(50－40)÷40×100%=25%，答案 B。總產量增加 100 件不等於生產力增加 100%。","[""先以總產量除以 10 名員工，得到每人由 40 件升至 50 件。"",""生產力增加 10 件，以原值 40 件為基準。"",""10÷40×100%=25%，答案 B；不要把總產量增量當成百分比。""]","百分比增幅要以原始值作基準。","[]","","","","","","","","","","","","","","",""
"SOC-0817","社會","原創會考程度練習","","","九年級上","經濟","名目 GDP 與物價","進階","素養題","某年名目 GDP 指數由 100 升至 110，同期 GDP 平減指數也由 100 升至 110；統計顯示實際產量大致不變。這組數據最合理的解讀是什麼？","名目 GDP 上升 10%，所以實質產量也必定上升 10%","平減指數上升代表生產數量減少 10%","名目 GDP 的增幅可由價格變動解釋，不能據此判定實質產量增加","兩種指數同幅增加代表實質 GDP 必定增加 20%","2","名目 GDP 的增幅可由價格變動解釋，不能據此判定實質產量增加","","名目 GDP 以當年價格計算；名目指數與平減指數同由 100 升至 110，實質 GDP 比值約為 110÷110=1，與產量大致不變一致，答案 C。名目增長不能直接等同實質成長。","[""把名目 GDP 指數視為價格與實際產量共同影響的數值。"",""以名目指數除以平減指數：110÷110=1。"",""價格調整後產量約不變，答案 C；不能把名目增幅直接當實質增幅。""]","比較不同年度生產量時須排除價格變動。","[]","","","","","","","","","","","","","","",""
"SOC-0818","社會","原創會考程度練習","","","九年級上","經濟","人均 GDP 與生活品質","進階","素養題","甲乙兩國人均 GDP 相近；甲國所得中位數接近平均數，公共醫療可近，乙國平均所得被少數高所得者拉高，且偏遠地區就醫不易。研究者若比較多數居民生活條件，還應如何做？","只比較人均 GDP，因它已直接反映所得分配和醫療可近性","改比較兩國總 GDP 即可，總量越大代表每位居民生活越好","以最高所得者收入比較，便能代表多數居民的生活條件","補充中位數、所得分布及教育醫療可近性等資料再評估","3","補充中位數、所得分布及教育醫療可近性等資料再評估","","人均 GDP 是平均產值，不能揭露中位數、所得分布或服務可近性；應補充這些資料，答案 D。即使多項指標較佳，也需說明所選福祉面向，不能用單一數字概括全部生活品質。","[""人均 GDP 相近只代表平均產值相近，不代表典型家庭處境相同。"",""中位數和分布可呈現所得差異，公共服務可近性則補充非市場面向。"",""以多項資料比較居民生活條件，答案 D。""]","經濟成長指標有用途，但不能取代所有社會福祉衡量。","[]","","","","","","","","","","","","","","",""
"SOC-0819","社會","原創會考程度練習","","","九年級上","經濟","需求與替代選擇","進階","素養題","甲、乙兩款茶飲口味及用途相近。甲因原料短缺漲價後，乙的銷量上升；同期乙的售價及促銷方式未變。最可能的市場關係為何？","替代品：甲變貴後，部分消費者改買乙","互補品：甲漲價使消費者必須同時增加乙的購買","公共財：消費乙不會影響甲的消費數量","生產要素：乙是製造甲所需的原料","0","替代品：甲變貴後，部分消費者改買乙","","甲漲價、乙自身價格與促銷不變，但乙銷量上升，表示消費者轉向乙滿足相似需求，兩者是替代品，答案 A。若乙銷量同時受季節或促銷變化影響，還需控制這些因素。","[""確認甲漲價而乙自身價格和促銷維持不變。"",""乙銷量上升表示消費者轉向相似商品。"",""兩商品可互相替代，答案 A；若有其他需求衝擊仍應納入考量。""]","互補品通常一起使用，一者價格上升可能使另一者需求下降。","[]","","","","","","","","","","","","","","",""
"SOC-0820","社會","原創會考程度練習","","","九年級上","經濟","互補品與連動需求","進階","素養題","汽油與燃油車需搭配使用；汽油價格長期上升後，家庭總用車成本提高，部分消費者改搭大眾運輸並延後購車。若其他條件不變，燃油車市場需求最可能如何變化？","需求曲線右移，因汽油變貴使燃油車更具吸引力","需求可能下降，因互補品成本上升降低持有燃油車的意願","只會使燃油車供給減少，消費者需求不會受影響","需求必定維持不變，因汽油不屬於汽車價格的一部分","1","需求可能下降，因互補品成本上升降低持有燃油車的意願","","汽油是燃油車的互補品；油價上升提高預期使用成本，部分消費者改搭大眾運輸或延後購車，使燃油車需求可能下降，答案 B。需求下降不等於所有車種供給歸零。","[""確認汽車與汽油常搭配使用。"",""汽油價格上升提高燃油車的預期使用成本。"",""部分消費者改用其他交通方式或延後購車。"",""燃油車需求可能下降，答案 B；影響幅度受替代交通選擇影響。""]","互補品價格只影響需求傾向，實際變化也取決於其他交通選擇。","[]","","","","","","","","","","","","","","",""
"SOC-0821","社會","原創會考程度練習","","","九年級上","經濟","供需均衡與短缺","進階","素養題","校園餐廳原本每週以 80 元售出 500 份便當，供需相等。大型活動使同一價格下需求量增至 620 份，短期供給量仍為 500 份，且沒有價格管制。接下來市場最可能出現什麼？","短缺 120 份，買方競爭使價格有上升壓力，之後供給量可能沿供給曲線增加","剩餘 120 份，賣方會因庫存增加而降價","需求增加使供給曲線立即右移 120 份，均衡價格不變","價格維持 80 元時市場必然仍能供需相等，無須調整數量或價格","2","需求增加使供給曲線立即右移 120 份，均衡價格不變","","原價下需求 620 份、供給 500 份，形成 120 份超額需求。無價格管制時，買方競爭帶來漲價壓力；價格上升後供給量可能沿原供給曲線增加，答案 C。需求增加本身不等於供給曲線移動。","[""在原價比較需求與供給：620−500＝120 份短缺。"",""短缺代表原價下超額需求，而非超額供給。"",""存在 120 份短缺，形成價格上升壓力；價格變化會影響供給量，答案 C。""]","區分需求增加造成曲線移動與價格變動造成需求量變動。","[]","","","","","","","","","","","","","","",""
"SOC-0822","社會","原創會考程度練習","","","九年級上","經濟","供給移動與均衡價格","進階","素養題","草莓產區連續晴朗使單位成本下降、同一價格下可上市數量增加；同期消費者偏好與所得大致不變。短期市場供需圖最可能呈現何種結果？","供給曲線左移，均衡價格上升且交易量減少","需求曲線右移，價格上升但供給曲線不變","供給增加只造成沿供給曲線移動，曲線本身必定不變","供給曲線右移，均衡價格有下降壓力、均衡交易量通常增加","3","供給曲線右移，均衡價格有下降壓力、均衡交易量通常增加","","晴朗使成本下降、同價可供數量增加，是供給曲線右移；需求大致不變時，均衡價格通常下降、交易量增加，答案 D。若需求也變動，價格與數量的結果須重新比較。","[""成本下降使各價格下可供數量增加，代表供給曲線移動。"",""供給由 S 移至右側 S′，需求曲線不變。"",""新均衡通常價格下降、交易量增加，答案 D。""]","題目只改變生產條件，所以判斷供給面移動。","[]","","","","","","","","","","","","","","",""
"SOC-0823","社會","原創會考程度練習","","","九年級上","經濟","彈性與總收入計算","進階","素養題","某劇院票價由 200 元降至 180 元，售票量由 100 張增至 120 張。以「總收入＝價格×銷售量」計算，降價後票房收入如何變化？","由 20,000 元增至 21,600 元，增加 1,600 元；本例銷量增幅大於票價降幅","由 20,000 元降至 18,000 元，因票價下降就必然使總收入減少","由 21,600 元降至 20,000 元，將新舊價格與數量配對顛倒","維持 20,000 元不變，只要價格與數量方向相反，收入就一定相同","0","由 20,000 元增至 21,600 元，增加 1,600 元；本例銷量增幅大於票價降幅","","原收入 200×100＝20,000 元；新收入 180×120＝21,600 元，增加 1,600 元，答案 A。","[""原總收入＝單價×數量＝200×100＝20,000 元。"",""新總收入＝180×120＝21,600 元。"",""21,600−20,000＝1,600 元，答案 A。""]","先比較價格與銷量的百分比變化，再計算總收入；方向相反不代表收入不變。","[]","","","","","","","","","","","","","","",""
"SOC-0824","社會","原創會考程度練習","","","九年級上","經濟","外部成本與污染","進階","素養題","工廠排放廢水使下游漁民漁獲減少，附近居民也增加淨水支出；這些損失未反映在工廠產品售價。政府要求排放者處理廢水，主要針對何種市場失靈？","市場需求不足：消費者不再需要工廠產品","負外部性：生產者未承擔由下游居民與漁民承受的部分社會成本","公共財不足：廢水處理服務可由所有居民同時消費","資訊不對稱：消費者不知道產品的價格標籤","1","負外部性：生產者未承擔由下游居民與漁民承受的部分社會成本","","污染使第三人承受健康與生計損失，而該成本未反映在商品價格，屬負外部性；要求防治可使生產者承擔部分社會成本，答案 B。","[""找出工廠以外的受影響者：下游居民與漁民。"",""損害未由市場價格完全反映，形成外部成本。"",""污染管制旨在內部化部分成本，答案 B。""]","負外部性使私人決策成本低於社會成本；污染防治或排放費可促使成本內部化。","[]","","","","","","","","","","","","","","",""
"SOC-0825","社會","原創會考程度練習","","","九年級上","經濟","公共財與搭便車","進階","素養題","偏遠海岸的燈塔訊號可同時供多艘船導航，一艘船使用不會明顯減少其他船可用的訊號；在開闊海域也難以只阻止未付費船隻接收。依排他性與競爭性分類，燈塔服務較接近哪一類？","私有財：可排除未付費使用者，且一艘船使用會減少他船效益","俱樂部財：可排除未付費者，但使用者增加不一定互相競爭","公共財：難以排除使用者，且具非競爭性，可能出現搭便車","共同資源：難以排除使用者，但每艘船都會耗用有限的導航訊號","2","公共財：難以排除使用者，且具非競爭性，可能出現搭便車","","燈塔訊號難以排除未付費船隻，且一艘船接收不會明顯妨礙其他船接收，符合非排他及非競爭特徵，答案 C。實際燈塔可能透過港口費等方式融資，但不改變題幹所述訊號特性。","[""依題幹判斷：未付費船隻難以排除，為非排他。"",""多艘船可同時接收，單一使用者不會耗用他人的訊號，為非競爭。"",""兼具兩項特徵，屬公共財，答案 C。""]","公共財常因難以排除而有搭便車誘因，不代表任何政府服務都是純公共財。","[]","","","","","","","","","","","","","","",""
"SOC-0826","社會","原創會考程度練習","","","九年級上","經濟","價格上限與市場短缺","進階","素養題","某城市租屋市場均衡月租為 15,000 元，政府設租金上限 12,000 元；在上限下，每月需求 900 間、屋主願出租 700 間。若上限具約束力，市場面臨何種差額？","超額供給 200 間，因租金低於均衡價會增加屋主出租意願","供需相等，因價格上限自動使需求量等於供給量","短缺 200 間，需求 900 間比供給 700 間多","短缺 1,600 間，將需求量與租金上限相乘所得","3","短缺 1,600 間，將需求量與租金上限相乘所得","","上限 12,000 元低於均衡租金 15,000 元，且需求 900 間大於供給 700 間，形成 200 間短缺，答案 D。實際結果還可能受非價格配給、房屋品質及執行方式影響。","[""先確認上限低於均衡價格，因此在簡化模型中具約束力。"",""以需求量 900 減去供給量 700。"",""超額需求為 200 間，答案 D；非價格配給可能影響實際分配。""]","只有低於均衡價且有約束力的價格上限才會在此簡化模型形成短缺。","[]","","","","","","","","","","","","","","",""
"SOC-0827","社會","原創會考程度練習","","","九年級上","經濟","最低工資與供需模型","進階","素養題","在簡化勞動市場圖中，均衡月薪為 28,000 元；法定最低工資訂為 32,000 元並確實執行。其他條件不變時，雇主願聘人數與求職者願工作人數最可能呈現何種關係？","求職者願提供的勞動量大於雇主願聘的勞動量，形成超額供給","最低工資低於均衡，故勞動供給量必定小於需求量","雇主需求量上升至與供給完全相等，因薪資較高","每位求職者都立即受雇，因最低工資保障職缺數量","0","求職者願提供的勞動量大於雇主願聘的勞動量，形成超額供給","","具約束力的最低工資高於均衡薪資，在簡化供需模型中會使願意提供勞動的人數多於雇主需求，形成超額供給，答案 A。真實就業效果不一定完全符合簡化模型，還受生產力、需求與制度等因素影響。","[""確認最低工資 32,000 元高於均衡 28,000 元且確實執行。"",""簡化模型中，較高工資使供給量沿供給曲線增加、需求量沿需求曲線減少。"",""勞動供給可能大於需求，答案 A；這是模型結果而非每個市場的必然實測值。""]","真實就業效果也受生產力、需求、制度及時間影響；此題限於簡化供需模型。","[]","","","","","","","","","","","","","","",""
"SOC-0828","社會","原創會考程度練習","","","九年級上","經濟","比較利益與機會成本","進階","素養題","甲乙每小時可投入同一段工時生產兩種商品：甲可做 6 杯飲料或 3 份三明治；乙可做 4 杯飲料或 4 份三明治。若各自專做三明治，誰放棄的飲料較少，具有三明治比較利益？","甲；甲放棄 1 杯飲料，乙放棄 2 杯","乙；甲每份放棄 2 杯飲料，乙每份放棄 1 杯","甲；因甲飲料絕對產量較高，所以所有商品都有比較利益","兩人相同；比較利益只看三明治的絕對產量","1","乙；甲每份放棄 2 杯飲料，乙每份放棄 1 杯","","甲每份三明治的機會成本=6÷3=2 杯飲料；乙=4÷4=1 杯。乙放棄的飲料較少，具三明治比較利益，答案 B。比較利益看機會成本，不是誰的絕對產量較高。","[""甲若做 3 份三明治，放棄 6 杯飲料，因此每份機會成本為 2 杯。"",""乙若做 4 份三明治，放棄 4 杯飲料，因此每份機會成本為 1 杯。"",""乙機會成本較低，答案 B；甲的飲料絕對產量較高與此判斷不同。""]","比較利益看機會成本，不等於誰的絕對產量較高。","[]","","","","","","","","","","","","","","",""
"SOC-0829","社會","原創會考程度練習","","","九年級上","公民","所得稅率與累進制度","進階","素養題","某示意稅制採分級課稅：所得前 30 萬元課 5%，超過 30 萬的部分課 12%。年所得 40 萬元者的應納稅額為多少？","48,000 元，將全部 40 萬都乘以最高級距 12%","20,000 元，只將超過 30 萬的部分乘以 5%","27,000 元：30 萬×5% 加 10 萬×12%","40,000 元，將全部所得套用兩級稅率的平均值 10%","2","27,000 元：30 萬×5% 加 10 萬×12%","","前 30 萬稅額=300,000×5%=15,000 元；超過的 100,000 元稅額=100,000×12%=12,000 元，合計 27,000 元，答案 C。高級距稅率只適用於落入該級距的部分。","[""前 300,000 元按 5% 計，稅額 15,000 元。"",""超過部分 100,000 元按 12% 計，稅額 12,000 元。"",""合計 15,000+12,000=27,000 元，答案 C；不可把 12% 套在全部所得。""]","本題為示意稅制，判讀級距時留意稅率只作用於所屬部分。","[]","","","","","","","","","","","","","","",""
"SOC-0830","社會","原創會考程度練習","","","九年級上","公民","民意代表與預算監督","進階","素養題","地方政府提出年度預算後，地方議會要求行政部門說明道路工程經費增加的需求、估價及執行進度，並決定是否核准相關預算。這最能展現議會哪一項職權？","地方行政機關依議會命令直接承包並執行全部道路工程","司法機關審查政策優先次序並代替議會核定預算","民意機關審議預算並監督行政機關如何運用公帑","行政部門審核民意代表個人支出並決定議會席次","3","行政部門審核民意代表個人支出並決定議會席次","","行政部門提出預算，議會審議、要求說明並決定是否核准，屬民意機關對行政財政支出的監督，答案 D。議會監督預算不等於親自執行工程，法院也不負責編列預算。","[""先區分行政部門提出並執行預算、議會審議監督的角色。"",""議會要求工程經費依據並決定是否核准支出。"",""這是民意機關監督公帑用途的職權，答案 D。""]","議會審查預算不等於直接取代行政機關執行工程。","[]","","","","","","","","","","","","","","",""
"SOC-0831","社會","原創會考程度練習","","","九年級上","公民","權力分立與司法審判","進階","素養題","某店家不服主管機關的停業處分，依法循行政救濟後仍向行政法院起訴。法院審查該處分是否合法，最能說明何種制度功能？","司法權依法審查行政行為，提供權利救濟","行政法院取代主管機關制定一般性規則","提起行政訴訟後行政處分一律自動失效","立法機關代替法院認定個案事實","0","司法權依法審查行政行為，提供權利救濟","","停業處分屬行政權；行政法院依法審查個案合法性，是司法救濟及權力制衡。起訴本身不必然使處分自動失效，法院也不是制定行政規則的機關，答案 A。","[""辨認爭議是人民與行政機關間的公法爭議。"",""人民依法提起行政訴訟，請求法院審查處分。"",""法院作成司法判斷提供救濟；處分是否停止執行須另依程序判斷，答案 A。""]","法院依法律審查個案，不代表法院可任意取代所有行政決策。","[]","","","","","","","","","","","","","","",""
"SOC-0832","社會","原創會考程度練習","","","九年級上","地理","比例尺與實地距離","進階","素養題","地圖比例尺為 1：50,000，甲乙圖上直線距離 6 公分，甲丙為 9 公分。若忽略地形起伏，丙地到甲地的實際直線距離比乙地多多少公里？","3 公里","1.5 公里","4.5 公里","15 公里","1","1.5 公里","","先比較圖上距離差：9−6＝3 公分。實際差距為 3×50,000＝150,000 公分＝1.5 公里，答案 B。","[""先求圖上距離差：9−6＝3 公分。"",""依比例尺換算：3×50,000＝150,000 公分。"",""150,000 公分＝1.5 公里，因此選 B。""]","先依比例尺放大，再把公分換成公里，單位換算不要漏掉。","[]","","","","","","","","","","","","","","",""
"SOC-0833","社會","原創會考程度練習","","","九年級上","地理","等高線與地形坡度","進階","素養題","地形圖上甲乙兩地水平距離 1 公里、高差 200 公尺；丙丁兩地水平距離 600 公尺、高差 150 公尺。以高差／水平距離比較，哪一段坡度較陡？","甲乙段較陡，坡度比為 20%","兩段坡度相同，皆為 25%","丙丁段較陡，坡度比為 25%","資料不足，因為高差不能與水平距離相比","2","丙丁段較陡，坡度比為 25%","","甲乙坡度比＝200÷1,000＝20%；丙丁坡度比＝150÷600＝25%。丙丁單位水平距離的高差較大，因此較陡，答案 C。","[""統一距離單位並計算甲乙：200÷1,000＝0.20。"",""計算丙丁：150÷600＝0.25。"",""0.25 大於 0.20，丙丁每單位水平距離高差較大，答案 C。""]","等高線越密通常坡越陡；本題直接以相同距離和高差比較。","[]","","","","","","","","","","","","","","",""
"SOC-0834","社會","原創會考程度練習","","","九年級上","地理","人口密度計算","進階","素養題","甲縣人口 36 萬、面積 1,200 平方公里；乙縣人口 28 萬、面積 800 平方公里。依人口密度比較，哪一縣較稠密，約每平方公里多幾人？","甲縣較稠密，約多 50 人","甲縣較稠密，約多 350 人","兩縣相同，皆約 300 人","乙縣較稠密，約多 50 人","3","乙縣較稠密，約多 50 人","","甲縣密度為 360,000÷1,200＝300 人／平方公里；乙縣為 280,000÷800＝350 人／平方公里。乙縣較稠密，約多 50 人／平方公里，答案 D。","[""甲縣人口密度＝360,000÷1,200＝300 人／平方公里。"",""乙縣人口密度＝280,000÷800＝350 人／平方公里。"",""350−300＝50，乙縣較稠密，答案 D。""]","檢查單位是人／平方公里，勿把土地面積除以人口。","[]","","","","","","","","","","","","","","",""
"SOC-0835","社會","原創會考程度練習","","","九年級上","地理","都市熱島與地表覆蓋","進階","素養題","同一都市中心與郊區相比，中心地區建物密集、柏油路面多、樹蔭少；夜間中心溫度較高。最合理的解釋為何？","不透水地表蓄熱且綠地蒸散降溫較少","城市常有較強海風，使市中心夜間保持較暖","市中心不透水地表白天儲熱，但稀少綠地仍能提供較強夜間蒸散降溫","都市高樓完全阻止短波輻射進入街道，因此夜間升溫","0","不透水地表蓄熱且綠地蒸散降溫較少","","建物與柏油吸收、儲存熱量並於夜間釋放；綠地減少也使遮蔭與蒸散冷卻變弱，符合題幹的熱島現象，答案 A。海風效應須有風向與位置資料，不能單憑題幹推定。","[""題幹指出人工地表多、樹蔭少，夜間中心仍偏暖。"",""人工地表儲熱後夜間釋熱，植被蒸散及遮蔭冷卻較弱。"",""這些條件能解釋夜間熱島；海風等因素需額外資料，答案 A。""]","都市熱島成因不只一項，也受風、建物形態與人為排熱影響。","[]","","","","","","","","","","","","","","",""
"SOC-0836","社會","原創會考程度練習","","","九年級上","地理","迎風坡與降雨分布","進階","素養題","潮濕氣流由東向西越過山脈，東側山坡降雨較多，西側背風區較乾。此種空間差異最可能與何種過程有關？","迎風坡下沉增溫、背風坡上升冷卻；因此東側降雨較多","氣流沿迎風坡上升冷卻凝結，背風下沉較乾","山脈只改變風速，不會影響空氣垂直運動或降水","背風側較乾只能由距海遠近解釋，與氣流越嶺無關","1","氣流沿迎風坡上升冷卻凝結，背風下沉較乾","","潮濕氣流遇山被迫上升，冷卻凝結形成迎風坡降雨；越過山脈後下沉增溫，背風側較乾，答案 B。","[""辨認氣流方向及東側迎風、西側背風。"",""上升冷卻使水氣凝結，降雨較多。"",""背風下沉增溫較乾，答案 B。""]","雨影效應需有穩定主導氣流及地形配合，題目已提供風向。","[]","","","","","","","","","","","","","","",""
"SOC-0837","社會","原創會考程度練習","","","九年級上","地理","季風與季節風向","進階","素養題","某地夏季盛行由海洋吹向陸地的濕潤風，冬季則常吹由大陸而來的較乾冷風。這種隨季節反轉的主導風向稱為何者？","海陸風","焚風","季風","山谷風","2","季風","","題幹描述季節性的大尺度主導風向反轉，屬季風；海陸風通常是日夜尺度的局地環流，答案 C。","[""看出風向隨夏、冬季節改變。"",""季節性反轉的大尺度風系是季風。"",""不是日夜變化的海陸風，答案 C。""]","季風和海陸風的主要區別是形成尺度與週期。","[]","","","","","","","","","","","","","","",""
"SOC-0838","社會","原創會考程度練習","","","九年級上","地理","河流侵蝕與沖積地形","進階","素養題","河流由狹窄山谷流出山口進入開闊平原後，坡度降低、河道分流，搬運的礫石與砂土在山口附近呈扇形堆積。最可能形成何種地形？","三角洲，因河流在海岸入海口沉積","河階，因河流下切後留下階梯狀舊河床","沖積平原，因細粒物質廣泛堆積於下游低地","沖積扇，因河流出山口後流速降低並向外分流堆積","3","沖積扇，因河流出山口後流速降低並向外分流堆積","","關鍵線索是河流出山口、流速降低、向外分流且在山口呈扇形堆積，符合沖積扇。三角洲位於河流入海或湖處；河階是下切後的階梯狀地形，答案 D。","[""定位堆積地點：狹谷河流出山口進入平原。"",""坡度與流速下降、河道分流，沉積物向外堆成扇形。"",""這是山口沖積扇；若在入海口則需考慮三角洲，答案 D。""]","沖積扇常見於山麓出口，沖積平原則可在較廣泛河谷低地發育。","[]","","","","","","","","","","","","","","",""
"SOC-0839","社會","原創會考程度練習","","","九年級上","地理","人口扶養比與高齡化","進階","素養題","某地調查兩個年度的人口結構：第一年工作年齡人口 100 萬、老年人口 20 萬；第二年工作年齡人口 80 萬、老年人口仍為 20 萬。依題目定義的「老年人口÷工作年齡人口」計算，高齡扶養比如何變化？","由 20% 升至 25%，增加 5 個百分點","由 20% 升至 25%，相對增加 5%","維持 20%，因老年人口數沒有改變","由 25% 降至 20%，因工作年齡人口減少","0","由 20% 升至 25%，增加 5 個百分點","","第一年為 20÷100＝20%，第二年為 20÷80＝25%；比率增加 5 個百分點（相對增加 25%），答案 A。不能因老年人口數不變就判斷比率不變，分母也改變。","[""第一年比率＝20÷100＝20%。"",""第二年比率＝20÷80＝25%。"",""25%−20%＝5 個百分點；若問相對增幅才是 5÷20＝25%，答案 A。""]","本題只計老年人口與工作年齡人口之比，不等同完整扶養比定義。","[]","","","","","","","","","","","","","","",""
"SOC-0840","社會","原創會考程度練習","","","九年級上","歷史","史料來源與觀點","進階","素養題","研究某次地方抗爭時，研究者找到官府命令、參與者日記和多年後的口述訪談。為降低單一來源偏差，最適合如何使用這些材料？","先判定哪一份最可信，再以該單一來源作為事件全貌","比較作者身分、形成時間與目的，交叉核對可驗證的細節","把官府命令視為客觀紀錄，排除當事人材料","把多份材料相同的說法直接當成已證實，不檢查彼此是否互相抄錄","1","比較作者身分、形成時間與目的，交叉核對可驗證的細節","","官方命令、當事人日記與事後訪談的目的和立場不同；交叉比對共同事實並辨識差異，可減少單一來源偏誤，答案 B。","[""辨識官府命令、當事人日記與事後訪談的作者、時間與目的。"",""比對可核實細節，同時檢查來源是否彼此獨立及記憶偏誤。"",""多源互證能降低偏差但不會讓材料自動中立，答案 B。""]","史料不是天然中立；互證也不能消除所有資料限制。","[]","","","","","","","","","","","","","","",""
"SOC-0841","社會","原創會考程度練習","","","九年級上","經濟","價格指數與基期","進階","素養題","統計人員用相同數量的民生商品組成固定消費籃子，基期需 2,400 元，本期需 2,640 元。若基期指數設為 100，本期價格指數為何？","10","100","110","115","2","110","","價格指數＝本期費用÷基期費用×100＝2,640÷2,400×100＝110，答案 C。","[""確認基期支出為 2,400 元。"",""用本期 2,640 除以基期 2,400，再乘 100。"",""指數為 110，答案 C。""]","指數 110 代表籃子價格比基期高 10%，不是高 110%。","[]","","","","","","","","","","","","","","",""
"SOC-0842","社會","原創會考程度練習","","","九年級上","經濟","物價變動率計算","進階","素養題","家庭記帳比較同一組商品：去年花 3,000 元，今年花 3,150 元。假設數量與品質相同，以下何者是這組商品的價格上升率，而非本期價格指數？","150 元","5%（以今年支出為分母）","105（以去年為 100 的價格指數）","5%（以去年支出為分母）","3","5%（以去年支出為分母）","","增加 150 元；以去年 3,000 元作基期，150÷3,000×100%＝5%，答案 D。","[""計算差額：3,150−3,000＝150 元。"",""以去年價格作分母：150÷3,000。"",""變動率為 5%，答案 D。""]","百分比漲幅要除以原值，不要把新價格當分母。","[]","","","","","","","","","","","","","","",""
"SOC-0843","社會","原創會考程度練習","","","九年級上","經濟","通膨下的實質薪資","進階","素養題","某員工月薪由 32,000 元調升為 33,600 元；同期代表性物價指數約上升 3%。若用「名目薪資增幅減物價漲幅」估算且忽略稅費與個人消費差異，購買力約如何變化？","增加約 2%","增加約 5%，因為只看名目加薪率","減少約 3%，因為物價上漲即代表實質薪資下降","增加約 8%，因為把薪資與物價漲幅相加","0","增加約 2%","","名目加薪率為 1,600÷32,000＝5%；簡化估算實質增幅約為 5%−3%＝2%，答案 A。","[""算薪資增額：33,600−32,000＝1,600 元。"",""名目增幅＝1,600÷32,000＝5%。"",""扣除物價漲幅約 3%，實質增加約 2%，答案 A。""]","此為忽略稅費及消費籃子差異的近似估算。","[]","","","","","","","","","","","","","","",""
"SOC-0844","社會","原創會考程度練習","","","九年級上","經濟","匯率與外幣換算","進階","素養題","銀行公告現金賣出匯率為 1 美元兌 32 元新臺幣。小安需支付 250 美元旅館訂金，按此匯率換匯且未計手續費，約需準備多少新臺幣？","7,812.5 元（以匯率相除）","8,000 元","8,250 元（把匯率與美元金額相加）","250 元（把美元面額當新臺幣）","1","8,000 元","","新臺幣金額＝250×32＝8,000 元，答案 B。","[""每美元需 32 元新臺幣。"",""250 美元乘以 32 元／美元。"",""應支付 8,000 元，答案 B。""]","先辨認題目提供的是新臺幣／美元報價，乘除方向才不會顛倒。","[]","","","","","","","","","","","","","","",""
"SOC-0845","社會","原創會考程度練習","","","九年級上","經濟","外幣升值與進口價格","進階","素養題","某進口商以美元簽訂原料合約，美元報價與合約數量不變。若新臺幣相對美元貶值，且不考慮避險與匯率管制，進口商以新臺幣支付的貨款通常如何變化？","較少，因為每一元新臺幣可換到更多美元","不變，因為美元合約價格沒有改變","較多，因為每一美元需用較多新臺幣兌換","無法判斷，因為匯率只影響出口商","2","較多，因為每一美元需用較多新臺幣兌換","","新臺幣貶值表示每一美元通常需更多新臺幣兌換，因此進口商取得同額美元需支付較多新臺幣，答案 C。","[""確認交易以美元計價。"",""新臺幣貶值代表新臺幣購買美元的能力降低。"",""換取同額美元通常要更多新臺幣，答案 C。""]","進口成本還會受美元價格、避險合約及其他費用影響。","[]","","","","","","","","","","","","","","",""
"SOC-0846","社會","原創會考程度練習","","","九年級上","經濟","家庭預算比例","進階","素養題","小芸月收入 40,000 元，先提撥 6,000 元儲蓄，其餘用於生活支出。若儲蓄率定義為「儲蓄÷總收入」，其儲蓄率為多少？","6%","17.6%（以扣除儲蓄後餘額為分母）","85%（把支出餘額當作儲蓄）","15%","3","15%","","儲蓄率＝6,000÷40,000×100%＝15%，答案 D。","[""確認儲蓄金額為 6,000 元。"",""以月收入 40,000 元作分母。"",""6,000÷40,000＝0.15，即 15%，答案 D。""]","比率的分母是收入，不是扣除儲蓄後的可用金額。","[]","","","","","","","","","","","","","","",""
"SOC-0847","社會","原創會考程度練習","","","九年級上","經濟","單利計算","進階","素養題","本金 20,000 元以年利率 3% 存兩年，期間不提領，依單利計息且不計稅費。兩年利息合計多少？","1,200 元","1,218 元（把第二年利息也納入複利）","600 元（只計一年）","21,200 元（本利和）","0","1,200 元","","單利只按原本金計息：20,000×0.03×2＝1,200 元。若按複利才會把第一年利息併入第二年本金；題目問利息而非本利和，答案 A。","[""把 3% 換成小數 0.03。"",""代入單利公式：本金×年利率×年數＝20,000×0.03×2。"",""兩年利息合計 1,200 元，不含本金，答案 A。""]","利息和本利和不同；本題問利息，不是期末總額。","[]","","","","","","","","","","","","","","",""
"SOC-0848","社會","原創會考程度練習","","","九年級上","經濟","分期付款總成本","進階","素養題","平板現金價 18,500 元，分 10 期每期 1,900 元，另收一次性手續費 300 元。若無其他折扣或費用，選擇分期比現金付款多支出多少？","500 元","800 元","19,300 元","3,300 元","1","800 元","","分期總支出＝10×1,900＋300＝19,300 元；比 18,500 元多 800 元，答案 B。","[""計算期款：10×1,900＝19,000 元。"",""加手續費後共 19,300 元。"",""19,300−18,500＝800 元，答案 B。""]","比較總成本時要把手續費一併納入。","[]","","","","","","","","","","","","","","",""
"SOC-0849","社會","原創會考程度練習","","","九年級上","經濟","投資報酬率","進階","素養題","小林以 10,000 元買入基金，之後以 10,800 元賣出，期間另領配息 200 元；忽略手續費。以「價差加配息」為報酬、原投入金額為分母，報酬率是多少？","8%（只計價差，漏掉配息）","10%（價差與配息合計後除以賣出金額）","10%（價差與配息合計後除以原投入）","12%（把賣出金額與配息都當成獲利）","2","10%（價差與配息合計後除以原投入）","","總報酬＝價差（10,800−10,000＝800 元）＋配息 200 元＝1,000 元；以原投入 10,000 元為分母，報酬率為 10%，答案 C。","[""價差＝10,800−10,000＝800 元，再加配息 200 元，總報酬為 1,000 元。"",""報酬率的分母依題意採原投入 10,000 元。"",""1,000÷10,000×100%＝10%，答案 C。""]","報酬率以原投入為基準；實際投資仍要考量費用與風險。","[]","","","","","","","","","","","","","","",""
"SOC-0850","社會","原創會考程度練習","","","九年級上","經濟","供給與生產成本","進階","素養題","咖啡豆價格上漲使咖啡店每杯飲料的原料成本提高；若售價與其他條件暫時不變，店家較可能如何調整供給？","需求量沿需求曲線減少","供給曲線右移，因售價暫時不變","減少供給","只有供給量沿原供給曲線減少，供給曲線不移動","2","減少供給","","咖啡豆是投入成本，成本上升會使各價格下願意提供的數量減少，供給曲線左移；這不是沿原供給曲線的供給量變動，也不直接改變消費者需求，答案 C。","[""辨認變動因素是投入成本上升。"",""成本上升會降低各種售價下的生產意願。"",""因此供給曲線左移，供給減少；並非需求改變或沿曲線移動，答案 C。""]","投入成本改變影響供給，不要和消費者需求混淆。","[]","","","","","","","","","","","","","","",""
"SOC-0851","社會","原創會考程度練習","","","九年級上","公民","所得移轉與社會救助","進階","素養題","景氣衰退期間，部分家庭因失業而無法負擔必要醫療費。政府編列預算提供符合資格者急難補助，這項措施最直接展現哪種政策功能？","以市場價格反映供需變化","透過貨幣政策調整市場利率","補貼企業以降低出口商品成本","所得移轉與社會安全支持","3","所得移轉與社會安全支持","","政府把公共預算移轉給符合條件、遭遇急難的家庭，協助維持基本生活與醫療需求，屬所得移轉及社會安全支持；不是貨幣政策或企業出口補貼，答案 D。","[""辨認政策工具：政府編列預算直接提供補助。"",""確認受益對象：符合資格且遭逢失業、醫療急難的家庭。"",""公共資源移轉以保障基本生活，答案 D。""]","救助制度的資格與給付依實際法規，不代表所有家庭收入完全相同。","[]","","","","","","","","","","","","","","",""
"SOC-0852","社會","原創會考程度練習","","","九年級上","公民","個人資料最小化","進階","素養題","某遊戲只需使用暱稱和年齡分級，卻要求上傳身分證正反面及通訊錄。使用者較妥當的處理方式為何？","確認蒐集目的、必要性與告知內容，拒絕不相稱的敏感資料要求","只要網站有隱私政策，就不必再確認要求的資料是否必要","先上傳資料，日後若遭濫用再要求平台刪除即可","改用公開貼文提供身分證與通訊錄，避免平台系統出錯","0","確認蒐集目的、必要性與告知內容，拒絕不相稱的敏感資料要求","","服務應說明蒐集目的與使用方式，資料範圍也應與提供的功能相稱。身分證影像及通訊錄和暱稱、年齡分級需求不相稱，應先查證並避免任意交付；有隱私政策不代表任何蒐集都必要，答案 A。","[""比較遊戲功能與要求提供的資料種類、敏感程度。"",""確認蒐集目的、告知方式、必要性及是否有較少侵入的替代方法。"",""若資料要求不相稱，先不提供並向平台查證或改用其他服務，答案 A。""]","可閱讀隱私告知並選擇不提供非必要資料或改用其他服務。","[]","","","","","","","","","","","","","","",""
"SOC-0853","社會","原創會考程度練習","","","九年級上","公民","行政救濟與依法行政","進階","素養題","居民認為地方政府拆除違建的處分適用法律錯誤，依法提出訴願或訴訟。這些程序的主要目的為何？","由人民直接撤銷法規並取代行政機關","讓人民依程序請求有權機關審查行政處分是否合法","使原處分在提出救濟後必然立即失效","免除行政機關依法作成及說明處分的責任","1","讓人民依程序請求有權機關審查行政處分是否合法","","訴願及行政訴訟是人民對行政處分尋求審查與救濟的法定途徑，能促使行政依法行使權力；提出救濟不代表原處分必然立即失效，答案 B。","[""確認爭議是行政機關作成的個別處分及其法律適用。"",""人民依適用程序與期限提出訴願或行政訴訟。"",""由有權機關審查處分是否合法，而非由人民直接改寫判決，答案 B。""]","提出救濟須依適用法規、期限與程序辦理。","[]","","","","","","","","","","","","","","",""
"SOC-0854","社會","原創會考程度練習","","","九年級上","公民","地方自治與公共參與","進階","素養題","市公所規劃新公園，先舉辦說明會並蒐集居民對無障礙動線和樹木保留的意見。此作法主要有何意義？","以說明會取代議會預算審議及其他法定程序","使參與說明會者取得公園工程的最終核准權","讓地方公共決策納入居民需求與意見","以一次說明會取代所有法定審查和預算程序","2","讓地方公共決策納入居民需求與意見","","地方政府蒐集居民意見可使公共決策掌握在地需求，但仍須依法律、預算及整體公共利益作成決定，答案 C。","[""辨認居民提供的是政策需求與意見。"",""參與能增加地方資訊及溝通。"",""政府仍須依法衡量並負責決策，答案 C。""]","公共參與不等於每位參與者的主張都必須完全採納。","[]","","","","","","","","","","","","","","",""
"SOC-0855","社會","原創會考程度練習","","","九年級上","地理","人口密度換算","進階","素養題","甲市面積 240 平方公里，人口 72 萬；乙市面積 180 平方公里，人口 63 萬。哪個城市人口密度較高？","甲市，因人口總數較多","甲市，密度為 4,000 人／平方公里","兩市密度相同，皆為 3,000 人／平方公里","乙市，約 3,500 人／平方公里","3","乙市，約 3,500 人／平方公里","","甲市密度為 720,000÷240＝3,000 人／平方公里；乙市為 630,000÷180＝3,500 人／平方公里，乙市較高，答案 D。","[""甲市：720,000÷240＝3,000 人／平方公里。"",""乙市：630,000÷180＝3,500 人／平方公里。"",""3,500 大於 3,000，乙市密度較高，答案 D。""]","比較密度須同時計入人口和面積，不能只看人口總數。","[]","","","","","","","","","","","","","","",""
"SOC-0856","社會","原創會考程度練習","","","九年級上","地理","地圖比例尺換算","進階","素養題","某地圖比例尺為 1：25,000，圖上兩聚落相距 4.8 公分。依比例尺換算，實地距離約多少公尺？","1,200 公尺","12,000 公尺（漏將公分換成公尺）","120 公尺（把比例尺縮小 10 倍）","120,000 公尺（把公分數直接當成公尺）","0","1,200 公尺","","實距＝4.8×25,000＝120,000 公分＝1,200 公尺，答案 A。","[""圖上 1 公分代表實地 25,000 公分。"",""4.8×25,000＝120,000 公分。"",""120,000 公分換算為 1,200 公尺，答案 A。""]","先換算比例距離再轉單位，100 公分等於 1 公尺。","[]","","","","","","","","","","","","","","",""
"SOC-0857","社會","原創會考程度練習","","","九年級上","地理","降雨與環境影響","進階","素養題","連續強降雨後，山坡裸露地表沖刷增加，溪流攜帶大量泥砂並在下游堆積。最直接的地形作用組合為何？","上游侵蝕、下游侵蝕加強","上游侵蝕、下游沉積","上游沉積、下游沉積，皆沒有搬運","上游以海蝕為主，下游以冰河侵蝕為主","1","上游侵蝕、下游沉積","","雨水逕流沖刷山坡並搬運泥砂，屬侵蝕；流至較緩處搬運力下降而堆積，屬沉積，答案 B。","[""辨認山坡逕流帶走土石。"",""土石被水流搬運至下游。"",""上游侵蝕、下游堆積，答案 B。""]","坡地植被、坡度及降雨強度會影響沖蝕程度。","[]","","","","","","","","","","","","","","",""
"SOC-0858","社會","原創會考程度練習","","","九年級上","地理","都市熱島與綠地","進階","素養題","市中心增加行道樹和公園後，白天遮蔭增加，植物也可藉蒸散散熱。最可能對局部氣溫產生何種效果？","只要增加行道樹，就能消除整個都市的熱島","白天遮蔭可能降溫，但植被對地表能量收支沒有影響","降低部分熱島效應","綠地必然使夜間市中心溫度高於未綠化前","2","降低部分熱島效應","","植被遮蔭可減少地表受熱，蒸散也能帶走熱量，因此有助降低局部熱島效應，答案 C。","[""先看遮蔭對地表日照的影響。"",""植物蒸散能消耗部分熱能。"",""兩者可降低局部熱島程度，答案 C。""]","綠地有助降溫，但效果仍受面積、配置及周邊建物影響。","[]","","","","","","","","","","","","","","",""
"SOC-0859","社會","原創會考程度練習","","","九年級上","歷史","歷史史料的立場判讀","進階","素養題","同一場戰役的官方戰報強調勝利，士兵家書則記載補給不足與傷亡。研究者最適合如何處理兩者差異？","以官方戰報作為唯一依據，因官方資料通常較完整","以家書作為唯一依據，因私人書信必定沒有立場","將兩份材料相同之處直接視為真相，不必再考察來源","分析作者身分、寫作目的與可互證的事實","3","分析作者身分、寫作目的與可互證的事實","","官方戰報和私人家書的作者、目的及資訊位置不同；分析來源條件並與其他材料互證，比直接認定一方完全正確更可靠，答案 D。","[""辨認兩種材料的作者身分與寫作情境。"",""比較其目的、可接觸資訊及共同細節。"",""以來源批判和互證處理差異，答案 D。""]","第一手資料也可能有立場、記憶或資訊限制。","[]","","","","","","","","","","","","","","",""
"SOC-0860","社會","原創會考程度練習","","","九年級上","歷史","史前與文字史料","進階","素養題","考古學家在遺址發現陶器、石器和穀物遺存，當地尚無可辨讀文字。這些物質遺留主要可用來研究哪一類資訊？","結合出土脈絡，推論部分生活方式、技術及生產活動","只靠陶器外形即可確定每位居民的宗教信念","直接還原沒有留下記錄的事件完整經過","精確復原居民日常對話與使用的每個詞語","0","結合出土脈絡，推論部分生活方式、技術及生產活動","","陶器、石器及穀物遺存可配合年代、位置與其他考古資料，推論群體的生活、技術及生產活動；單靠器物不能確定每個人的信念或逐字還原對話，答案 A。","[""辨認證據種類：陶器、石器及穀物。"",""考慮器物功能、年代及出土脈絡，形成有根據的群體生活推論。"",""避免把群體層次的證據誤當個人想法或逐字紀錄，答案 A。""]","考古推論需考慮出土位置、年代測定與保存偏差。","[]","","","","","","","","","","","","","","",""
"SOC-0861","社會","原創會考程度練習","","","九年級上","經濟","機會成本與選擇","進階","素養題","小傑週末可選擇打工賺 800 元，或參加免費但無法兼做的球賽。他選擇看球，且沒有其他相關費用。此選擇最主要的機會成本為何？","球賽的入場費；即使免費仍要計入 800 元","放棄的 800 元工資，是未選方案中可衡量的最佳替代價值","打工工資與球賽效用兩者都要加總為 1,600 元","球賽免費，所以選擇不可能有機會成本","1","放棄的 800 元工資，是未選方案中可衡量的最佳替代價值","","選擇看球時放棄了最有價值的替代方案——800 元工資，因此其機會成本為 800 元，答案 B。","[""找出未選擇的替代方案：打工。"",""該方案可取得 800 元。"",""放棄的最佳替代用途就是機會成本，答案 B。""]","機會成本是放棄的最佳替代選項價值，不是所有未選選項加總。","[]","","","","","","","","","","","","","","",""
"SOC-0862","社會","原創會考程度練習","","","九年級上","經濟","沉沒成本與理性選擇","進階","素養題","小安已花 500 元買展覽票，當天生病不適；若退票不能退款，他應比較繼續參觀的身體負擔與剩餘效益。已支付的 500 元在此決策中屬於什麼？","若不去就可省下的交通費","票價已支付，因此參觀的效益必定高於不去","已發生且無法收回的沉沒成本","可透過取消行程取回的現金收入","2","已發生且無法收回的沉沒成本","","已支付且不可退款的票款無法因現在選擇改變，屬沉沒成本；是否前往應比較接下來的成本與效益，答案 C。","[""確認票款已支付且不會退回。"",""現在的決定無法改變這筆過去支出。"",""它是沉沒成本，不應單獨決定是否前往，答案 C。""]","理性選擇著重未來可改變的成本與效益。","[]","","","","","","","","","","","","","","",""
"SOC-0863","社會","原創會考程度練習","","","九年級上","經濟","供需圖表與均衡","進階","素養題","某商品價格為 40 元時，需求量 120 件、供給量 80 件；價格為 50 元時，需求量 100 件、供給量 100 件。根據這兩組數據，市場均衡價格最可能是多少？","40 元，因為此時需求量最大","45 元，因為兩筆價格的平均數必為均衡價","50 元，因為供給量大於需求量","50 元，因為該價格下需求量等於供給量","3","50 元，因為該價格下需求量等於供給量","","均衡條件是在同一價格下需求量等於供給量。50 元時兩者皆為 100 件；40 元時需求量大於供給量，答案 D。","[""定義均衡為需求量等於供給量。"",""比較兩列資料，40 元時為 120 與 80，不相等。"",""50 元時兩者皆為 100 件，答案 D。""]","均衡不等於需求量最大，而是同一價格下供需量相等。","[]","","","","","","","","","","","","","","",""
"SOC-0864","社會","原創會考程度練習","","","九年級上","經濟","消費者選擇與替代品","進階","素養題","甲牌牛奶漲價後，部分消費者改買價格較低、用途相同的乙牌牛奶。若其他條件不變，乙牌的需求較可能如何變化？","乙牌的需求增加，需求曲線向右移","乙牌需求減少，因甲牌售價提高","乙牌需求量增加是因乙牌自身價格下降","乙牌供給曲線必定右移，且均衡數量不變","0","乙牌的需求增加，需求曲線向右移","","甲、乙商品可滿足相近需求；甲漲價使部分消費者轉向乙，乙的需求較可能增加，答案 A。","[""辨認消費者由甲轉買乙。"",""兩商品在此情境可互相替代。"",""甲漲價會使乙需求增加，答案 A。""]","需求增加是需求曲線移動，不等於乙商品供給增加。","[]","","","","","","","","","","","","","","",""
"SOC-0865","社會","原創會考程度練習","","","九年級上","經濟","外部效益與疫苗接種","進階","素養題","某傳染病疫苗不僅保護接種者，也降低其傳染他人的機會。個人接種帶給未接種者的這種好處較接近何種概念？","負外部效益，因接種行為使未接種者承受額外成本","正外部效益，因未接種者也因傳播風險降低而受益","私人效益，因這種好處只發生在接種者本人","公共財，因疫苗本身必然非排他且非競爭","1","正外部效益，因未接種者也因傳播風險降低而受益","","接種者的行為使他人感染風險下降，第三人受益且未必透過價格支付，屬正外部效益，答案 B。","[""辨認直接行動者：接種者。"",""未接種者也因傳播風險降低而受益。"",""交易外的正面影響是正外部效益，答案 B。""]","外部效益指出交易或行動對第三人的影響，不等於接種者自身利益。","[]","","","","","","","","","","","","","","",""
"SOC-0866","社會","原創會考程度練習","","","九年級上","公民","銀行存款與支付安全","進階","素養題","收到陌生簡訊稱帳戶異常，要求點擊連結輸入網銀密碼和簡訊驗證碼。最安全的處理方式為何？","先檢查網址是否像銀行名稱，再輸入驗證碼確認帳戶","回覆簡訊詢問對方姓名與部門，確認後再提供資料","不點連結、不提供密碼或驗證碼，另從官方 App 或卡片背面電話查證","轉寄簡訊給親友測試連結是否安全，再決定是否登入","2","不點連結、不提供密碼或驗證碼，另從官方 App 或卡片背面電話查證","","陌生訊息索取密碼及一次性驗證碼是常見釣魚警訊；應避免點擊並透過銀行官網或電話自行聯絡，答案 C。","[""辨認要求機密資料及導向連結的風險。"",""簡訊驗證碼可讓他人登入或授權交易。"",""改用獨立查得的官方管道確認，答案 C。""]","銀行通常不會要求透過陌生連結提供完整密碼或驗證碼。","[]","","","","","","","","","","","","","","",""
"SOC-0867","社會","原創會考程度練習","","","九年級上","公民","消費契約與資訊揭露","進階","素養題","線上商店只標示商品月付金額，未清楚顯示分期期數、總價與手續費。消費者下單前最應先確認什麼？","比較月付額與現金價，只要月付較低就可下單","確認分期期數、總付款金額、利率或手續費與退換貨條件","先確認商品規格即可，費用會在付款後自動揭露","只詢問是否免利息，不必確認任何一次性費用","3","只詢問是否免利息，不必確認任何一次性費用","","只看月付額不足以了解實際負擔，應確認期數、總付款、手續費及契約條件再決定，答案 D。","[""列出月付額以外仍缺的資訊。"",""期數和手續費都會改變總成本。"",""下單前確認完整價格與條件，答案 D。""]","保存商品頁面與交易紀錄，有助於日後釐清消費爭議。","[]","","","","","","","","","","","","","","",""
"SOC-0868","社會","原創會考程度練習","","","九年級上","公民","地方自治與公共服務","進階","素養題","某鄉公所調查居民通勤需求後，調整偏遠村里的公車班次，並公開說明預算來源。這最能呈現地方政府何種角色？","依地方自治權責回應居民需求，並說明公共資源使用","由公所單方面決定地方服務，不需受法律或議會監督","由地方政府取代中央政府制定全國交通法規","將公共運輸視為私人服務，無須向居民說明預算","0","依地方自治權責回應居民需求，並說明公共資源使用","","地方政府依在地交通需求調整服務，並公開預算資訊，呈現地方自治下公共服務與責任政治，答案 A。","[""辨認政策範圍是地方公車服務。"",""公所根據地方需求調整班次。"",""提供服務並說明公帑使用，答案 A。""]","地方自治仍須遵守中央法律及財政制度。","[]","","","","","","","","","","","","","","",""
"SOC-0869","社會","原創會考程度練習","","","九年級上","公民","分權與權力制衡","進階","素養題","立法機關通過法律後，行政機關依法執行；若人民認為執行處分違法，可依法向法院請求救濟。此制度最主要的作用為何？","讓行政機關依法律執行政策，並由司法機關全面接手行政工作","使立法、行政、司法依法分工，行政行為仍可受司法救濟與制衡","使法律通過後行政機關可不受法律拘束自行執行","讓法院取代立法機關制定所有公共政策","1","使立法、行政、司法依法分工，行政行為仍可受司法救濟與制衡","","立法、行政、司法分工，且人民可透過司法程序檢查行政處分，有助權力受法律規範與制衡，答案 B。","[""辨認法律制定、執行與司法救濟各自角色。"",""行政機關執行法律但仍受法律拘束。"",""法院救濟與權力分立形成制衡，答案 B。""]","權力分立不是彼此完全隔絕，而是依法分工及相互制衡。","[]","","","","","","","","","","","","","","",""
"SOC-0870","社會","原創會考程度練習","","","九年級上","公民","比例代表與選舉制度","進階","素養題","某選區依政黨得票比例分配議席，政黨得票率提高時，在其他條件不變下通常可取得更多席次。這類制度較重視何種代表性？","由單一選區得票最高者取得該區席次，不按全國政黨得票比例分配","每一選區只由得票最高者當選，其他選票不影響席次","政黨得票比例與議席比例的連結","行政部門依政黨支持度指定議員，不經選舉","2","政黨得票比例與議席比例的連結","","比例代表制依政黨得票比例分配部分或全部議席，旨在使席次較能反映政黨支持度，答案 C。","[""找出題幹關鍵：依政黨得票比例分配席次。"",""得票比例提高通常反映更多支持。"",""制度將支持比例連結至席次，答案 C。""]","實際分配仍依選制門檻、計算公式及法定名額進行。","[]","","","","","","","","","","","","","","",""
"SOC-0871","社會","原創會考程度練習","","","九年級上","地理","氣候圖與乾濕季判讀","進階","素養題","某地氣候資料顯示 6 至 9 月降雨量每月超過 250 毫米，12 至 2 月每月低於 30 毫米；氣溫全年偏高。最適合描述其降雨型態的是什麼？","全年降雨平均，夏冬差異不明顯","冬季雨季明顯，夏季轉為乾季","全年氣溫偏低，降雨主要集中在冬季","夏雨冬乾，雨季與乾季明顯","3","夏雨冬乾，雨季與乾季明顯","","雨量集中於 6 至 9 月而冬季很少，顯示夏季雨季、冬季乾季，答案 D。","[""比較夏季 6–9 月的月雨量。"",""再與 12–2 月低雨量比較。"",""降雨有明顯季節集中，答案 D。""]","判讀氣候圖須同時看雨量分布與氣溫，不能只看年平均雨量。","[]","","","","","","","","","","","","","","",""
"SOC-0872","社會","原創會考程度練習","","","九年級上","地理","等高線與河流流向","進階","素養題","等高線圖上同一條河谷的等高線呈 V 字形，尖端朝向海拔較高處；河水最可能往哪個方向流？","由高處流向低處，通常與河谷等高線 V 字尖端相反","固定由北向南，與等高線高程無關","由低處流向高處，沿 V 字尖端上溯","沿等高線方向流動，因同一條線高程相同","0","由高處流向低處，通常與河谷等高線 V 字尖端相反","","河水由高處流向低處；河谷等高線的 V 字尖端通常指向上游高處，所以流向與尖端相反，答案 A。","[""辨認 V 字尖端指向較高處。"",""高程沿河道往下游遞減。"",""河水向較低處流，方向與尖端相反，答案 A。""]","先確認圖上的高程數值與河道位置，再判斷上、下游。","[]","","","","","","","","","","","","","","",""
"SOC-0873","社會","原創會考程度練習","","","九年級上","地理","人口金字塔與老化","進階","素養題","某地人口金字塔底部逐年變窄、頂部逐漸加寬。這通常表示出生人口減少且高齡人口比重增加，最可能面臨何種趨勢？","幼年人口比重回升，年齡結構轉為年輕","人口高齡化加深，工作年齡人口承擔的扶養壓力可能上升","人口總數必定在短期內減少一半","僅由金字塔形狀即可確定每位高齡者都需要照護","1","人口高齡化加深，工作年齡人口承擔的扶養壓力可能上升","","底部變窄代表幼年人口比重下降，頂部加寬代表高齡人口比重上升，人口老化及照護需求較可能增加，答案 B。","[""讀取人口金字塔底部的變化。"",""再觀察高齡人口所在的頂部。"",""兩者共同指向人口高齡化，答案 B。""]","人口金字塔反映結構，不宜單憑形狀推斷人口總數必定增減。","[]","","","","","","","","","","","","","","",""
"SOC-0874","社會","原創會考程度練習","","","九年級上","地理","板塊運動與地震帶","進階","素養題","某地位於兩個板塊交界，長期觀測到頻繁地震及火山活動。最合理的地理解釋為何？","若屬轉形邊界，板塊錯動可造成地震，但火山分布須另看邊界型態","地震主要由地表氣溫變化造成，與岩層受力無關","板塊相對運動使地殼容易變形並釋放能量","所有板塊交界都有相同程度的火山活動與地震深度","2","板塊相對運動使地殼容易變形並釋放能量","","板塊交界處的碰撞、張裂或錯動會使岩層變形並累積、釋放能量，也常伴隨火山作用，答案 C。","[""找出位置條件：位於板塊交界。"",""板塊相對運動造成地殼受力。"",""因此地震與火山較常見，答案 C。""]","不同類型板塊邊界的地震深度及火山分布並不相同。","[]","","","","","","","","","","","","","","",""
"SOC-0875","社會","原創會考程度練習","","","九年級上","地理","河川流量與土地利用","進階","素養題","上游森林改建為大量不透水道路後，暴雨時地表逕流增加、入滲減少。下游居民最需要留意哪項風險？","道路增加會使雨水更快入滲，暴雨逕流與洪峰都降低","不透水道路會使暴雨逕流減少，洪峰必然降低","下游水位將不再受降雨強度影響","洪峰流量增加，淹水風險可能升高","3","洪峰流量增加，淹水風險可能升高","","不透水地表降低雨水入滲並加快逕流，暴雨時河水更快集中，下游洪峰和淹水風險可能增加，答案 D。","[""辨認森林被道路取代使地表不透水面增加。"",""入滲減少而逕流增加。"",""暴雨時洪峰可能上升，答案 D。""]","實際洪災也受排水、地形、降雨強度及水庫調度影響。","[]","","","","","","","","","","","","","","",""
"SOC-0876","社會","原創會考程度練習","","","九年級上","歷史","臺灣歷史與政權轉變","進階","素養題","歷史資料指出，1895 年清廷與日本簽訂條約，將臺灣及澎湖割讓給日本。此事件與臺灣近代史的哪項轉變直接相關？","臺灣進入日本統治時期，清朝對臺灣的統治結束","清朝設臺灣省後，臺灣仍維持清朝統治至 1945 年","臺灣改由中華民國接收，結束日本統治","荷蘭勢力進入臺灣，開始建立殖民據點","0","臺灣進入日本統治時期，清朝對臺灣的統治結束","","1895 年《馬關條約》後清廷將臺灣、澎湖割讓日本，臺灣因此進入日本統治時期，答案 A。","[""辨認年代為 1895 年及割讓對象。"",""條約將臺灣、澎湖交由日本。"",""此後開始日本統治，答案 A。""]","不要把 1895 年與 1624 年荷蘭進入臺灣或 1662 年鄭氏政權混淆。","[]","","","","","","","","","","","","","","",""
"SOC-0877","社會","原創會考程度練習","","","九年級上","歷史","歷史因果與工業化","進階","素養題","工廠大量集中於城市後，農村人口為尋找工業工作而移入，城市人口快速增加。這段變化最能說明何種歷史與人口關聯？","工業化使工廠與工作機會移往農村，促使城市人口外移","工業化促進都市化與人口移動","人口移入城市只會增加農村人口，不改變城市規模","城市人口變化只能由自然增加解釋，與遷移無關","1","工業化促進都市化與人口移動","","工廠和工作機會集中於城市，吸引人口由農村移入，反映工業化推動都市化及人口移動，答案 B。","[""辨認工作機會集中在城市。"",""農村人口為就業而遷入。"",""產業變遷帶動都市化，答案 B。""]","人口移動可能同時受薪資、交通、居住成本等因素影響。","[]","","","","","","","","","","","","","","",""
"SOC-0878","社會","原創會考程度練習","","","九年級上","歷史","史料可信度與交叉查證","進階","素養題","地方志記載某橋於 1920 年完工，居民口述則說是在 1922 年通車。研究者還找到 1920 年工程竣工公文。最穩妥的結論為何？","竣工公文記載 1920 年完工，因此可確定該年已正式通車","地方志與公文日期不同，因此較晚的口述一定錯誤","完工與通車可能是不同時間，應依各史料所述事件區分","1920 年竣工必然表示當日已開放所有居民通行","2","完工與通車可能是不同時間，應依各史料所述事件區分","","工程完工與正式通車可能不是同一事件；公文支持 1920 年完工，口述可能記得 1922 年通車，應區分事件並再查證，答案 C。","[""先辨認兩個日期可能對應不同階段。"",""竣工公文可支持工程完成時間。"",""通車時間仍需以相應資料確認，答案 C。""]","不要把不同事件的日期直接視為互相矛盾。","[]","","","","","","","","","","","","","","",""
"SOC-0879","社會","原創會考程度練習","","","九年級上","地理","人口遷移與推拉因素","進階","素養題","某鄉鎮青年因當地工作機會減少、都市職缺增加而移居城市。工作機會減少和增加分別屬於何種人口遷移因素？","原居地拉力、目的地推力","兩者都屬目的地拉力，與原居地條件無關","自然增加與自然減少，屬出生與死亡變化","原居地推力、目的地拉力","3","原居地推力、目的地拉力","","原居地工作減少促使青年離開，屬推力；城市職缺增加吸引其前往，屬拉力，答案 D。","[""判斷使人離開原居地的條件。"",""再判斷吸引人前往目的地的條件。"",""前者是推力、後者是拉力，答案 D。""]","同一遷移決定通常由多種推力與拉力共同影響。","[]","","","","","","","","","","","","","","",""
"SOC-0880","社會","原創會考程度練習","","","九年級上","地理","年齡結構與扶養比","進階","素養題","某地幼年人口 18 萬、工作年齡人口 72 萬、老年人口 18 萬。若扶養比定義為（幼年人口＋老年人口）÷工作年齡人口×100%，扶養比為多少？","50%，將幼年與老年人口相加後除以工作年齡人口","25%，只計算老年人口相對工作年齡人口的比率","33.3%，將扶養人口除以全部人口","200%，把工作年齡人口除以扶養人口","0","50%，將幼年與老年人口相加後除以工作年齡人口","","扶養比＝（18＋18）÷72×100%＝36÷72×100%＝50%，答案 A。","[""先加總扶養人口：18＋18＝36 萬。"",""以工作年齡人口 72 萬作分母。"",""36÷72×100%＝50%，答案 A。""]","依題目給定的扶養比定義計算，勿將老年扶養比和總扶養比混為一談。","[]","","","","","","","","","","","","","","",""
"SOC-0881","社會","原創會考程度練習","","","九年級上","經濟","實質購買力與固定所得","進階","素養題","某退休者每月年金維持 24,000 元，日常消費籃子價格由 12,000 元升至 12,600 元。若只比較可購買的完整消費籃子數量，變化為何？","由 2 籃升為約 2.1 籃，因為消費籃子價格上升 5%","由 2 籃降為約 1.90 籃","維持 2 籃，因為年金金額沒有改變","由 2 籃降為約 1.95 籃，將價格上漲率直接減半","1","由 2 籃降為約 1.90 籃","","原可買 24,000÷12,000＝2 籃；現在可買 24,000÷12,600≈1.90 籃，購買力下降，答案 B。","[""計算原可買數量：24,000÷12,000＝2 籃。"",""計算目前數量：24,000÷12,600≈1.90 籃。"",""同額收入可買較少，答案 B。""]","比較實質購買力時固定收入和消費籃子價格都要看。","[]","","","","","","","","","","","","","","",""
"SOC-0882","社會","原創會考程度練習","","","九年級上","經濟","物價指數與家庭支出","進階","素養題","以去年為基期 100 的消費物價指數，今年為 104。若去年固定消費籃子需 5,000 元，今年同籃子約需多少元？","5,040 元，將指數增加的 4 直接加在支出上","4,800 元，將 4% 誤作支出減少率","5,200 元","520,000 元，直接用 104 乘以支出","2","5,200 元","","指數由 100 升至 104，籃子價格約增加 4%；5,000×1.04＝5,200 元，答案 C。","[""讀出指數變動：104−100＝4。"",""本期價格約為基期的 104%。"",""5,000×1.04＝5,200 元，答案 C。""]","物價指數是相對值；先轉換成百分比再求支出。","[]","","","","","","","","","","","","","","",""
"SOC-0883","社會","原創會考程度練習","","","九年級上","經濟","名目薪資與生活成本","進階","素養題","甲地平均月薪上升 4%，乙地平均月薪上升 2%；同期兩地生活物價分別上升 5% 和 1%。使用簡化公式估算，哪地實質薪資變化較有利？","甲地約增加 1%，乙地約減少 1%，甲地較有利","甲、乙兩地實質薪資都約不變","甲地約減少 1%，乙地也約減少 1%，兩地相同","乙地，約增加 1%；甲地約減少 1%","3","乙地，約增加 1%；甲地約減少 1%","","甲地實質變化約 4%−5%＝−1%；乙地約 2%−1%＝+1%，因此乙地較有利，答案 D。","[""甲地名目增幅減物價漲幅：4%−5%＝−1%。"",""乙地計算為 2%−1%＝+1%。"",""乙地實質薪資變化較有利，答案 D。""]","這是以整體物價估算，個人消費組合可能不同。","[]","","","","","","","","","","","","","","",""
"SOC-0884","社會","原創會考程度練習","","","九年級上","經濟","儲蓄與通膨的簡化估算","進階","素養題","存款名目利率為 3%，一年通膨率約 2%。採「實質利率約等於名目利率減通膨率」估算，實質利率約多少？","5%","−1%","6%","1%","3","1%","","簡化實質利率約為 3%−2%＝1%，答案 D。","[""辨認名目利率為 3%。"",""扣除通膨率 2%。"",""實質利率約 1%，答案 D。""]","精確費雪關係略有差異，題目指定使用簡化估算。","[]","","","","","","","","","","","","","","",""
"SOC-0885","社會","原創會考程度練習","","","九年級上","經濟","物價上漲原因判斷","進階","素養題","某城市舉辦大型活動使住宿需求短期大增，客房供給來不及增加，住宿費上漲；其他商品價格大致穩定。此資訊較能支持哪項判斷？","住宿屬單一類別漲價，還需觀察整體物價是否普遍且持續上升","只要一種服務價格上升，就能判定整體通膨率等幅上升","活動增加住宿需求，因此可確定所有商品需求同步增加","短期客房供給固定，代表長期供給也不可能調整","0","住宿屬單一類別漲價，還需觀察整體物價是否普遍且持續上升","","住宿價格上升與特定活動造成的需求增加相連，其他商品大致穩定，不能據此認定一般物價普遍且持續上漲，答案 A。","[""找出價格變動集中在住宿服務。"",""活動增加需求而短期供給有限。"",""單一服務漲價不等於普遍通膨，答案 A。""]","通膨需觀察一般物價整體與一段時間的變化。","[]","","","","","","","","","","","","","","",""
"SOC-0886","社會","原創會考程度練習","","","九年級上","經濟","能源成本與物價","進階","素養題","天然氣供應中斷造成發電成本上升，部分企業提高產品售價；居民同時減少非必要消費。物價壓力較直接來自何者？","居民減少非必要消費，使需求面成為售價上升的直接原因","能源供應受限推高企業投入成本，形成成本面物價壓力","企業能源支出下降，因此有必要提高產品售價","貨幣上的數字改變，但商品供給與生產條件不變","1","能源供應受限推高企業投入成本，形成成本面物價壓力","","供應中斷使能源價格及生產投入成本提高，企業調價反映成本端壓力，答案 B。","[""辨認題幹明示的供應中斷與成本上升。"",""能源是企業生產和運輸投入。"",""價格壓力來自投入成本增加，答案 B。""]","需求減少與成本上升是不同方向的影響，本題問較直接來源。","[]","","","","","","","","","","","","","","",""
"SOC-0887","社會","原創會考程度練習","","","九年級上","經濟","供需衝擊與農產品價格","進階","素養題","乾旱使稻米收成減少，消費需求大致不變。短期市場供給和均衡價格較可能如何變化？","供給增加，需求不變時均衡價格較可能下降","稻米需求曲線右移，因此價格上升與供給無關","供給減少，價格有上升壓力","供給減少，但均衡價格必定不變","2","供給減少，價格有上升壓力","","乾旱降低產量，使供給減少；需求不變時，均衡價格較有上升壓力，答案 C。","[""乾旱影響生產量而非消費偏好。"",""可供出售的稻米減少，供給曲線左移。"",""供給減少使均衡價格有上升壓力，答案 C。""]","天災改變生產條件，應先分析供給面。","[]","","","","","","","","","","","","","","",""
"SOC-0888","社會","原創會考程度練習","","","九年級上","經濟","匯率與旅遊消費","進階","素養題","小真到國外旅遊，以新臺幣兌換當地貨幣。若新臺幣相對當地貨幣升值，其他條件不變，她用同額新臺幣通常可換得多少當地貨幣？","較少，因為新臺幣升值使購買力降低","可兌換額不變，匯率只影響出口商品","匯率升值後只能兌換固定一單位外幣","較多","3","較多","","新臺幣相對升值代表購買外幣的能力增強，同額新臺幣通常可兌得較多當地貨幣，答案 D。","[""辨認升值的是新臺幣。"",""同額新臺幣能購買較多外幣。"",""因此可兌得較多當地貨幣，答案 D。""]","實際兌換額仍受銀行牌告匯率、手續費及交易時點影響。","[]","","","","","","","","","","","","","","",""
"SOC-0889","社會","原創會考程度練習","","","九年級上","公民","信用與借貸風險","進階","素養題","借款廣告只突出「每月最低 1,000 元」，但未列利率、期數和違約費用。簽約前最重要的做法為何？","取得利率、期數、各項費用與違約條款，計算總還款後再比較","比較最低月付額即可，因為期數不影響總成本","只看名目利率，不必納入手續費與其他必要支出","先簽約保留優惠，之後再確認總費用是否可負擔","0","取得利率、期數、各項費用與違約條款，計算總還款後再比較","","最低月付不能呈現完整借款成本，應查看利率、期數、手續費與違約條款，計算總還款後再比較，答案 A。","[""列出廣告未提供的關鍵資訊。"",""利息、費用及期限共同決定總成本。"",""取得完整契約並計算總額，答案 A。""]","借款前留意年利率與總費用年百分率等揭露資訊。","[]","","","","","","","","","","","","","","",""
"SOC-0890","社會","原創會考程度練習","","","九年級上","公民","金融詐騙與帳戶安全","進階","素養題","陌生人自稱警方，要求把存款轉入「安全帳戶」配合調查，並禁止告知家人。最適當的做法為何？","先轉小額測試帳戶是否安全，再等待警方回覆","停止操作並掛斷電話，另查官方聯絡方式確認及向可信任者求助","提供提款卡但暫不交出密碼，配合調查程序","保留電話聯絡，依對方指示不要告知任何人","1","停止操作並掛斷電話，另查官方聯絡方式確認及向可信任者求助","","要求轉帳至安全帳戶、保密及交出金融資料都是詐騙警訊；應停止操作並透過官方管道查證，答案 B。","[""辨認急迫轉帳及要求保密的警訊。"",""警方不會以此方式要求移轉存款。"",""停止匯款並自行聯絡官方或可信任家人，答案 B。""]","不要回撥陌生訊息提供的電話，改查官方公布聯絡方式。","[]","","","","","","","","","","","","","","",""
"SOC-0891","社會","原創會考程度練習","","","九年級上","公民","消費者權益與廣告","進階","素養題","網購頁面標示「原價 10,000 元、限時 5 折」，結帳卻另加未事先揭露的高額服務費。消費者最應先確認哪項資訊？","確認原價與折扣條件是否可信，但不必計入結帳費用","只比較折扣百分比，不看其他交易條件","實際應付總價與費用揭露是否清楚","先完成付款，再由平台通知實際應付金額","2","實際應付總價與費用揭露是否清楚","","消費者作成交易決定前需要知道完整價格及附加費用；未揭露費用會影響知情選擇，答案 C。","[""折扣標價不一定等於最後應付金額。"",""服務費會提高交易總額。"",""先查明完整費用及揭露方式，答案 C。""]","保存訂單、價格標示及溝通紀錄以利處理爭議。","[]","","","","","","","","","","","","","","",""
"SOC-0892","社會","原創會考程度練習","","","九年級上","公民","公平交易與市場資訊","進階","素養題","同業公會要求會員店家同時把商品價格提高 10%，以避免彼此競爭。這種共同決定價格的行為最可能損害何者？","個別廠商依自身成本調整產量的能力","廠商透過品質與服務差異吸引消費者的誘因","消費者依商品功能選擇不同品項的需求","同業間的價格競爭及消費者選擇","3","同業間的價格競爭及消費者選擇","","同業競爭者共同約定售價，直接削弱彼此以價格爭取顧客的競爭機制；競爭受限也可能使消費者較難獲得多元選擇，答案 D。","[""辨認行為者是同業競爭店家。"",""他們共同決定售價而非各自競爭。"",""價格競爭和消費者選擇可能受損，答案 D。""]","實際違法判斷仍需依適用競爭法及具體事實。","[]","","","","","","","","","","","","","","",""
"SOC-0893","社會","原創會考程度練習","","","九年級上","公民","公共預算與機會成本","進階","素養題","地方政府以有限預算興建一座運動場，因此延後整修另一處已老舊的排水設施。就資源配置而言，興建運動場的機會成本最接近什麼？","因運動場優先興建而放棄的排水整修及其最佳替代效益","運動場工程的全部預算支出，無論是否有其他用途","運動場與排水工程兩案的效益加總","政府當年度所有可用預算，而非被放棄的用途","0","因運動場優先興建而放棄的排水整修及其最佳替代效益","","預算有限時選擇運動場，放棄的最佳替代用途是排水整修及其效益，這構成機會成本，答案 A。","[""辨認預算不能同時用於兩項工程。"",""找出因選擇而延後的替代方案。"",""被放棄的最佳替代效益是機會成本，答案 A。""]","機會成本不是已花掉的工程款，而是放棄的最佳替代方案價值。","[]","","","","","","","","","","","","","","",""
"SOC-0894","社會","原創會考程度練習","","","九年級上","地理","都市土地利用與交通","進階","素養題","新住宅區遠離工作、學校與大眾運輸，居民多需長距離開車通勤。若規劃把住宅、商業服務和公共運輸站適度整合，最可能改善什麼？","住宅、商業與交通集中後，所有居民都不必跨區移動","縮短部分旅次並增加大眾運輸可及性","使所有居民都不再需要通勤或跨區移動","只要混合土地使用，便可保證通勤時間固定減半","1","縮短部分旅次並增加大眾運輸可及性","","混合土地使用與大眾運輸可及性提升，能讓部分日常目的地更近並增加搭乘選擇，但不會消除所有交通需求，答案 B。","[""先辨認原問題是功能分區且距離遠。"",""整合服務與運輸可提高可及性。"",""部分旅次可能縮短或改搭大眾運輸，答案 B。""]","規劃成效仍受密度、路網、安全與服務頻率影響。","[]","","","","","","","","","","","","","","",""
"SOC-0895","社會","原創會考程度練習","","","九年級上","地理","水庫淤積與集水區治理","進階","素養題","強降雨使集水區裸露坡地大量沖蝕，泥砂流入水庫並逐年堆積。最能從源頭降低此問題的作法為何？","在坡面設置攔砂設施，但不處理上游持續裸露問題","定期清淤以恢復庫容，但不減少集水區泥砂來源","復育坡地植被並減少不當裸露與開發","加高水庫堤岸以增加蓄水量，但不改善坡地沖蝕","2","復育坡地植被並減少不當裸露與開發","","坡地植被有助穩定土壤、減少沖蝕與泥砂輸送；源頭復育集水區較能降低水庫淤積，答案 C。","[""找出淤積來源：集水區坡地泥砂。"",""植被根系可增加土壤穩定性並攔截部分逕流。"",""復育與管理裸露坡地是源頭作法，答案 C。""]","工程及植生措施需依地質、坡度和生態條件評估。","[]","","","","","","","","","","","","","","",""
"SOC-0896","社會","原創會考程度練習","","","九年級上","地理","海岸地形與漂沙","進階","素養題","沿岸漂沙由北向南移動；港口北側興建突堤後，北側沙灘變寬、南側沙灘侵蝕加劇。最合理的解釋為何？","漂沙方向若改為南向北，北側便成為下游補沙不足的一側","波浪改變方向後只會在突堤南側沉積，不會侵蝕海岸","北側沙灘變寬代表南側也獲得相同沙量補充","突堤攔截漂沙，使下游側補沙減少","3","突堤攔截漂沙，使下游側補沙減少","","突堤阻擋沿岸漂沙，北側堆積而下游南側沙源減少，可能出現侵蝕加劇，答案 D。","[""辨認漂沙方向為北往南。"",""突堤使北側沙堆積。"",""南側補沙不足而侵蝕增加，答案 D。""]","海岸變化也受波浪、潮流及其他工程共同影響。","[]","","","","","","","","","","","","","","",""
"SOC-0897","社會","原創會考程度練習","","","九年級上","地理","氣候與農業分布","進階","素養題","某地夏季高溫多雨、冬季較乾，稻作需水量大且主要在夏季生長。若有穩定灌溉設施，當地較適合發展哪種農業活動？","配合夏季雨熱同期與灌溉條件種植稻作","以冬季降雨為主要水源的旱作，且不需灌溉","只依夏季高溫判定種植，不考慮水分與生長期","稻作產量不受土壤、地形及水利條件影響","0","配合夏季雨熱同期與灌溉條件種植稻作","","稻作需水量大；夏季高溫多雨與生長需求較吻合，穩定灌溉可補充降雨不足，答案 A。","[""看出夏季高溫且雨量較多。"",""稻作生長需較充足水分。"",""配合季節並有灌溉時適合發展稻作，答案 A。""]","農業仍受土壤、地形、品種與市場等因素影響。","[]","","","","","","","","","","","","","","",""
"SOC-0898","社會","原創會考程度練習","","","九年級上","歷史","殖民統治與原住民族文化","進階","素養題","某南半球國家發行硬幣介紹原住民族語言，提醒社會重視語言保存；資料指出部分語言在殖民移入後逐漸消失。此政策最直接希望達成什麼？","提高該國貨幣的國際交換價值，與語言傳承無直接關係","保存文化多樣性並提高社會認識","只紀念語言而不需要社群或教育參與，就能確保語言復振","以官方語言取代原住民族語言，統一國家認同","1","保存文化多樣性並提高社會認識","","以公共紀念品介紹原住民族語言可提升認識，促進文化記憶和語言保存，答案 B。","[""辨認硬幣承載的主題是原住民族語言。"",""公開介紹可提高社會注意與理解。"",""政策方向是保存文化多樣性，答案 B。""]","語言復振通常還需社群參與、教育資源與長期支持。","[]","","","","","","","","","","","","","","",""
"SOC-0899","社會","原創會考程度練習","","","九年級上","歷史","歷史發展與制度改革","進階","素養題","某時期政府推動新政，卻未回應地方民眾對政治參與的期待；反對者開始轉而支持革命。此變化最能說明何種因果？","改革若回應地方參政要求，部分民眾可能更支持漸進改革","支持革命代表所有反對者都具有相同政治動機","改革受限可能使部分群眾轉向更激烈的政治方案","只要推動新政，政權支持就一定不受民意影響","2","改革受限可能使部分群眾轉向更激烈的政治方案","","當改革未能滿足政治參與期待，部分民眾可能對漸進改革失望，轉而支持更激烈的政治變革，答案 C。","[""找出改革與民眾期待之間的落差。"",""失望可能削弱對原制度的支持。"",""部分群眾因而轉向革命方案，答案 C。""]","這是群體政治態度變化的可能因果，不能據此說所有人都採取相同立場。","[]","","","","","","","","","","","","","","",""
"SOC-0900","社會","原創會考程度練習","","","九年級上","歷史","歷史地圖與結盟判讀","進階","素養題","某歷史地圖以同一圖例標示兩國為共同盟國，並顯示其對抗另一軍事同盟。解讀此圖時，最適合先確認什麼？","先以今日外交關係判定盟國，再假設該關係適用於地圖年代","只憑相鄰位置推定兩國必然結盟","不看圖例，直接把同色國家視為同一政權","圖例定義、地圖日期及所呈現的外交關係","3","圖例定義、地圖日期及所呈現的外交關係","","歷史地圖需先理解圖例和製圖時間，再判斷當時國家間的關係；不能直接套用今日國界或其他圖表意義，答案 D。","[""讀出圖例如何分類國家關係。"",""確認地圖反映的年份與歷史背景。"",""再據此判讀結盟及對抗情形，答案 D。""]","地圖是特定時間的表徵，可能反映製作者觀點與分類目的。","[]","","","","","","","","","","","","","","",""
"SOC-0901","社會","原創會考程度練習","","","七年級上","地理","比例尺換算","中等","素養題","某地圖比例尺為 1：25,000。一座近似正方形公園在圖上的邊長為 2 公分，實際周長約為多少公尺？","2,000 公尺（先換算實地邊長，再乘四）","500 公尺（把實際邊長誤當周長）","1,000 公尺（只計算兩組對邊中的一組）","250 公尺（把圖上 1 公分的實地距離當成周長）","0","2,000 公尺（先換算實地邊長，再乘四）","","比例尺 1：25,000 表示圖上 1 公分相當於實地 25,000 公分，也就是 250 公尺。正方形地圖邊長 2 公分對應實地邊長 500 公尺，周長為 4×500＝2,000 公尺，答案 A。","[""先把比例尺換成實用單位：25,000 公分＝250 公尺，所以圖上 1 公分代表 250 公尺。"",""地圖邊長 2 公分，實際邊長是 2×250＝500 公尺。"",""正方形周長為 4×500＝2,000 公尺，選 A。""]","先確認題目問邊長還是周長；正方形周長是單邊長的四倍。","[]","","","","","","","","","","","","","","",""
"SOC-0902","社會","原創會考程度練習","","","七年級上","地理","等高線判讀","中等","素養題","地形圖上相鄰等高線在甲處很密、乙處很疏，且兩地等高距相同。哪項判斷正確？","乙處坡度較陡，因等高線間距較大","甲處坡度較陡，因相同等高距集中在較短水平距離","甲處海拔必定較高，因等高線較密","甲處一定是河谷，任何密集等高線都代表河谷","1","甲處坡度較陡，因相同等高距集中在較短水平距離","","等高距相同時，等高線越密，代表相同高度差發生在較短的水平距離內，因此甲處坡度較陡，答案 B。線距不能單獨判定絕對海拔或地形類型。","[""先確認兩地等高距相同，垂直高度差的判讀基準一致。"",""甲處線距較短，表示走較短水平距離就跨越相同高度差。"",""因此甲處坡度較陡，選 B；乙處線距疏不代表海拔較高。""]","等高線疏密表示坡度；海拔高低要讀等高線數值，山谷或山脊則需看線形。","[]","","","","","","","","","","","","","","",""
"SOC-0903","社會","原創會考程度練習","","","七年級上","地理","季風與迎風坡","中等","素養題","冬季東北季風挾帶水氣吹向臺灣，迎風的東北部山區較常出現何種現象？","濕潤氣流沿迎風坡下沉增溫，使水氣凝結形成地形雨","東北季風越過山脈後形成的焚風，使迎風坡降雨減少","地形抬升使雲雨增加","只要有季風，山脈兩側每個月份的雨量必定相同","2","地形抬升使雲雨增加","","東北季風帶來水氣，氣流遇東北部山地沿坡上升、冷卻凝結，迎風坡較容易形成雲雨，答案 C。焚風較常與越過山地後背風側的下沉增溫有關。","[""判斷風向為東北季風，東北部山區位於迎風側。"",""濕潤空氣被地形抬升後冷卻，水氣凝結成雲雨。"",""所以迎風坡雲雨較多，選 C；焚風不能用來描述迎風坡必然乾燥。""]","季風題先定位風向與地形，再判斷迎風上升或背風下沉。","[]","","","","","","","","","","","","","","",""
"SOC-0904","社會","原創會考程度練習","","","七年級上","地理","地圖方向與相對位置","基礎","素養題","北向上方的臺灣地圖中，花蓮位於臺東的北方。從臺東前往花蓮，主要朝哪個方向移動？","向東，因花蓮位於臺灣東側","向南，因臺東位於花蓮南方","向西北，因兩地沿東部縱谷排列","向北","3","向北","","題幹已給定花蓮在臺東北方，因此由臺東前往花蓮要向北移動，答案 D。判斷方向時以起點和終點的相對位置為準。","[""確認起點是臺東，終點是花蓮。"",""題目指出花蓮在臺東北方。"",""由南往北前往花蓮，選 D。""]","方向描述要從出發點看目的地，不要把兩地相對方向倒過來。","[]","","","","","","","","","","","","","","",""
"SOC-0905","社會","原創會考程度練習","","","七年級上","地理","人口密度計算","中等","素養題","甲縣人口 18 萬人，土地面積 450 平方公里；人口密度約為多少人／平方公里？","400 人／平方公里","4,000 人／平方公里（將人口萬位數多乘十倍）","40 人／平方公里（將面積除以人口）","40,000 人／平方公里（把人口數多換算一個數量級）","0","400 人／平方公里","","人口密度＝人口÷土地面積。180,000÷450＝400 人／平方公里，因此答案 A。","[""把 18 萬換成 180,000 人。"",""以人口除以面積：180,000÷450＝400。"",""答案為 A「400 人／平方公里」，單位表示每一平方公里平均的人數。""]","密度題要將人口除以面積，最後寫出每單位面積的人數。","[]","","","","","","","","","","","","","","",""
"SOC-0906","社會","原創會考程度練習","","","七年級下","臺灣史","荷西時期的海上貿易","中等","素養題","十七世紀商人把臺灣鹿皮、蔗糖運往海外，也從中國輸入日用品。這項資料最能支持何種說法？","鹿皮與蔗糖主要由外地輸入臺灣，資料不涉及對外貿易","臺灣已參與區域海上貿易網絡","有海外商品往來即可證明當時全臺由單一政權完全控制","貿易紀錄足以證明所有居民都直接從事海外交易","1","臺灣已參與區域海上貿易網絡","","鹿皮、蔗糖出口及中國商品輸入，呈現跨海商品流動，支持臺灣參與區域海上貿易網絡，答案 B。資料不能推成全臺完全由單一政權控制，也不能代表所有居民的職業。","[""找出資料中的方向：臺灣商品外運，外地日用品輸入。"",""雙向商品流動代表臺灣與周邊地區有貿易連結。"",""因此選 B；個別商業紀錄不足以證明全臺居民都從事貿易。""]","史料能支持的結論要符合資料範圍，不能由貿易紀錄推論全島政治控制或所有人的生活。","[]","","","","","","","","","","","","","","",""
"SOC-0907","社會","原創會考程度練習","","","七年級下","臺灣史","政權更替與時間順序","進階","素養題","臺灣史課堂整理：荷蘭勢力在 1662 年退出臺灣，清廷於 1683 年取得臺灣。哪個時間順序正確？","1683 年清廷取得臺灣早於 1662 年荷蘭勢力退出","1662 年荷蘭退出後，清廷同年立即取得臺灣","荷蘭退出早於清廷取得臺灣","清廷取得臺灣早於荷蘭勢力退出，因年份數字較大","2","荷蘭退出早於清廷取得臺灣","","1662 年早於 1683 年，因此先是荷蘭勢力退出，之後清廷取得臺灣，答案 C。兩個年份無法推論日本統治開始時間。","[""將兩個年份依大小排列：1662、1683。"",""1662 年事件先發生，1683 年事件後發生。"",""故選 C；日本統治不在題目提供的兩件事之中。""]","歷史排序題先依年份排列，再確認事件名稱，避免把政權更替的前後關係倒置。","[]","","","","","","","","","","","","","","",""
"SOC-0908","社會","原創會考程度練習","","","八年級上","臺灣史","日治時期產業與殖民經濟","進階","素養題","日治時期臺灣糖業擴張，糖大量運往日本；鐵路也連結產糖區與港口。下列何者是最適當的解讀？","鐵路連接產糖區與港口，支援糖業運輸及出口，也反映殖民經濟的產業需求","鐵路建設主要服務島內均衡發展，因此與糖業出口無關","糖業出口增加表示臺灣已不再以農業生產為主","殖民政府興建交通設施，代表臺灣取得與日本相同的政治地位","0","鐵路連接產糖區與港口，支援糖業運輸及出口，也反映殖民經濟的產業需求","","鐵路連結產糖區與港口，能支援糖的集運與出口，顯示交通建設和殖民經濟產業運輸相互配合，答案 A。基礎建設存在不代表政治平等或殖民經濟關係消失。","[""題幹指出糖是主要出口品，鐵路連結產糖區與港口。"",""這條運輸線可把原料或產品送往港口外運。"",""因此 A 最符合資料；不能由交通建設直接推論殖民地平等。""]","判讀殖民時期建設時，分開評估其實際功能與權力關係，不要將兩者混為一談。","[]","","","","","","","","","","","","","","",""
"SOC-0909","社會","原創會考程度練習","","","八年級上","臺灣史","原住民族抗日事件","進階","素養題","1930 年霧社事件發生後，總督府動用武力鎮壓賽德克族抗日行動。這段史事最能反映何種歷史處境？","此事件主要是清代海禁政策下漢人商業糾紛，與殖民統治無關","清代限制漢人渡臺所形成的海禁政策","戰後土地改革中地主與佃農的制度變遷","殖民統治下的族群衝突與原住民族抵抗","3","殖民統治下的族群衝突與原住民族抵抗","","霧社事件發生於日本殖民統治時期，賽德克族抵抗殖民政權並遭武力鎮壓，反映殖民統治下的族群衝突與原住民族抵抗，答案 D。其他選項分屬不同政權或時期。","[""由 1930 年定位為日治時期。"",""題幹明示原住民族抗日與總督府武力鎮壓。"",""因此選 D；清代海禁、荷西競爭及戰後土地制度均不符時序。""]","歷史題要先定位年代與統治政權，再判讀事件中的行動者和權力關係。","[]","","","","","","","","","","","","","","",""
"SOC-0910","社會","原創會考程度練習","","","八年級下","臺灣史","戰後土地改革","中等","素養題","政府推動耕者有其田，讓部分地主土地移轉給耕作者。此政策最直接的目的為何？","讓部分耕作者取得土地，改善土地分配並減少租佃關係","只降低租額但維持地主所有權，不改變土地分配","將農地全面改作工業用途，促使農村人口移出","保障地主持續收取地租，避免土地所有權移轉","0","讓部分耕作者取得土地，改善土地分配並減少租佃關係","","耕者有其田透過土地移轉，使耕作者取得土地，直接改善土地分配並增加自耕農，答案 A。政策不代表農地全數工業化或農業消失。","[""辨認政策名稱及對象：土地由地主移轉給耕作者。"",""耕作者取得土地後，土地分配與佃農處境可改變。"",""因此選 A；題幹沒有支持農地全數改作工業用途。""]","土地改革題要分辨政策的直接對象、制度工具與可能的長期影響。","[]","","","","","","","","","","","","","","",""
"SOC-0911","社會","原創會考程度練習","","","八年級下","地理","都市化與公共服務","中等","素養題","某市人口快速增加，新住宅區遠離既有車站；居民反映通勤時間變長。市府若要直接改善此問題，優先措施為何？","擴充既有車站月台設施，但不改善新住宅區到車站的接駁","調整大眾運輸路線並增加尖峰班次","優先拓寬市中心道路，暫不改善新住宅區的運輸連結","將班次移至離峰時段，減少通勤時段服務","1","調整大眾運輸路線並增加尖峰班次","","問題在新住宅區與既有車站連結不足、尖峰通勤時間增加；調整路線及班次能直接改善公共運輸可及性，答案 B。其他選項不處理通勤需求，還會降低公共服務。","[""從題幹抓出兩個條件：住宅區擴張、車站距離遠。"",""居民的直接困難是通勤時間，因此需改善運輸連結和尖峰供給。"",""故選 B；削減學校或照明與通勤問題無關。""]","都市問題的政策選擇要對準成因，並區分交通、住宅與公共服務需求。","[]","","","","","","","","","","","","","","",""
"SOC-0912","社會","原創會考程度練習","","","八年級下","地理","土地利用與洪水風險","中等","素養題","山坡地改建為大面積停車場後，暴雨期間下游洪水風險可能增加，最合理的原因是什麼？","鋪面增加使入滲上升，雨水較慢進入排水系統","鋪面把雨水留在原地，不會流入下游集水區","不透水面增加，使雨水入滲減少、逕流加快","洪水風險只由河川寬度決定，與地表利用無關","2","不透水面增加，使雨水入滲減少、逕流加快","","柏油或水泥鋪面不易讓雨水入滲，會增加較快流入排水系統的地表逕流，可能提高洪峰與淹水風險，答案 C。這是風險增加，不代表每場雨必然發生洪水。","[""土地由較可透水的地表改成停車場鋪面。"",""入滲減少，更多雨水在短時間內成為地表逕流。"",""暴雨時逕流集中可能推高洪峰，選 C；不能推論洪水必定發生。""]","環境因果題要說明中間機制，並用「可能增加風險」避免把機率誤寫成必然。","[]","","","","","","","","","","","","","","",""
"SOC-0913","社會","原創會考程度練習","","","八年級下","公民","基本權利與法律限制","進階","素養題","學生在校刊批評校園午餐品質，校方要求提出可查證資料，但沒有禁止批評。這種作法較符合哪項原則？","表意自由受保障，校方可要求可查證依據，但不得因此全面禁止合理批評","校方只要要求提出證據，就已違反所有學生的表意自由","學生在校刊表達意見不受任何法律或他人權利限制","只有校方核准的正面內容才屬於受保障的表達","0","表意自由受保障，校方可要求可查證依據，但不得因此全面禁止合理批評","","校方沒有禁止批評，而是要求主張有可查證依據，兼顧表意自由與避免不實指控的責任，答案 A。自由權利並非完全不受法律及他人權利保障的限制。","[""區分校方行為：允許批評，要求主張可查證。"",""這不等於全面禁止表達，而是提醒表達內容須有依據。"",""因此 A 最適當；表意自由不代表可以任意侵害他人權利。""]","權利保障與責任並存；判斷限制是否合理，要看目的、方式與是否全面剝奪權利。","[]","","","","","","","","","","","","","","",""
"SOC-0914","社會","原創會考程度練習","","","九年級上","公民","行政救濟","中等","素養題","民眾認為市府的罰鍰處分違法，依法提起行政訴訟。法院在此主要扮演什麼角色？","決定市府應採取哪一種交通政策，並負責執行行政處分","依行政政策重新計算並自行核定罰鍰","審議市府年度預算，決定是否編列罰鍰收入","審查行政處分是否合法並提供權利救濟","3","審查行政處分是否合法並提供權利救濟","","行政訴訟由法院依法律審查行政處分是否合法，提供人民救濟途徑，答案 D。預算編列、選舉與政策制定分屬其他機關或程序。","[""題幹中的爭議是人民不服行政機關的罰鍰處分。"",""法院在行政訴訟中依法審查處分合法性。"",""故選 D；法院不負責替行政機關編預算或代替選舉。""]","行政救濟題先辨認爭議對象，再分清行政、立法、司法機關職權。","[]","","","","","","","","","","","","","","",""
"SOC-0915","社會","原創會考程度練習","","","九年級上","公民","地方自治與居民參與","中等","素養題","市府規劃調整社區公車路線，舉辦說明會蒐集居民通勤意見。居民發言最可能發揮什麼作用？","提供通勤路線與乘車時段資訊，讓市府據以評估調整方案","使參加說明會的居民取得路線變更的最終核准權","居民提出的方案一經記錄就必須完整實施","以居民發言取代市府說明決策理由及法定審議","0","提供通勤路線與乘車時段資訊，讓市府據以評估調整方案","","居民能提供實際通勤路線與需求，作為市府評估及修正方案的參考，答案 A。參與能影響決策，但不保證所有建議都被採納，也不取代法定程序。","[""說明會是居民表達在地需求的參與管道。"",""決策者可把意見與預算、法規及整體效益一起評估。"",""所以選 A；參與不等於提案自動成為政策。""]","公民參與能提供資訊、監督與影響決策，不等於個別意見擁有直接命令權。","[]","","","","","","","","","","","","","","",""
"SOC-0916","社會","原創會考程度練習","","","九年級上","公民","地方公共財與使用者付費","中等","素養題","社區公園沒有門禁且對居民開放，管理費採自願分攤；即使有人未繳費仍能使用。就公共財分析而言，這種情形最接近哪項問題？","採自願分攤就能確保每位使用者都依使用量繳費","難以排除未付費者，可能出現搭便車","公共設施一律不能由政府或社區共同維護","公園只要免費開放，就能確定完全沒有維護成本","1","難以排除未付費者，可能出現搭便車","","公園對未付費者仍開放，管理者不易排除其使用，可能使個人不願分攤成本而搭便車，答案 B。題目沒有說公園使用完全互斥，也與市場價格無直接關係。","[""確認未付費居民仍能進入並使用公園。"",""這表示使用者不易被排除，個人可能期待他人負擔維護費。"",""故選 B；是否擁擠是另一個競爭性問題，題幹未提供相關資訊。""]","公共財分析分辨排除性與競爭性；搭便車主要與難以排除使用者有關。","[]","","","","","","","","","","","","","","",""
"SOC-0917","社會","原創會考程度練習","","","九年級上","公民","比例原則","進階","素養題","為維護校園安全，校方只在發生具體事故後，依公開規定調閱相關區域的監視畫面。這比全校全天候公開影像給所有人觀看，更符合哪項考量？","調閱限於具體事故和相關區域，較能兼顧調查目的與隱私","只要目的是安全，就可永久保存並公開所有校園影像","全校全天候公開畫面能提高安全，因此不必考慮隱私影響","監視器由校方設置，影像使用不需告知或管理規則","0","調閱限於具體事故和相關區域，較能兼顧調查目的與隱私","","依具體事故、限定區域並按公開規定調閱，能讓手段與安全目的相連，也減少不必要的隱私侵害，答案 A。安全目的不能自動正當化無限制公開個資。","[""先辨認目的：處理具體校園事故。"",""調閱限於相關區域並依規定進行，範圍比全面公開更窄。"",""因此 A 較能兼顧目的與隱私；安全措施仍須受規範。""]","比例原則檢視目的正當、手段有助達成，以及限制範圍是否超過必要程度。","[]","","","","","","","","","","","","","","",""
"SOC-0918","社會","原創會考程度練習","","","九年級上","經濟","機會成本","中等","素養題","小安週末有三個互斥選項：參加志工活動、接一份可得 800 元的兼職，或參加效益自估為 500 元的球賽。他選擇志工活動。若以最佳被放棄方案的效益衡量，機會成本是多少？","500 元，因為球賽是較有吸引力的替代方案","1,300 元，將兩個未選方案的效益相加","800 元，因為兼職是最佳替代方案","0 元，因為志工活動沒有金錢支出","2","800 元，因為兼職是最佳替代方案","","機會成本是選擇一項方案時放棄的最佳替代方案效益。球賽效益 500 元低於兼職收入 800 元，因此最佳替代方案是兼職，機會成本為 800 元，答案 C「800 元，因為兼職是最佳替代方案」；兩項未選方案不可相加。","[""辨認小安實際選擇：參加志工活動。"",""比較兩個未選方案：兼職效益 800 元，球賽效益 500 元。"",""最佳被放棄方案是兼職，所以機會成本為 800 元，選 C。""]","題目給多個替代方案時，只取效益最高的那一個，不把未選方案加總。","[]","","","","","","","","","","","","","","",""
"SOC-0919","社會","原創會考程度練習","","","九年級上","經濟","供需變動與均衡價格","中等","素養題","某地連日低溫使草莓收成減少，假設消費需求與其他條件不變，市場上最可能出現什麼變化？","需求不變表示均衡價格和交易量都不會改變","草莓需求曲線左移，因此價格必定下跌","收成減少會使供給增加，均衡價格降低","供給減少，價格有上升壓力","3","供給減少，價格有上升壓力","","低溫減少收成，使草莓供給下降；需求不變時，供給減少通常對均衡價格形成上升壓力，答案 D。實際價格幅度仍受需求彈性、庫存等因素影響，不能說必然上漲固定數額。","[""判斷外在條件影響生產結果：收成減少。"",""可供出售的草莓減少，供給下降。"",""需求不變時價格有上升壓力，選 D；題幹不足以計算實際漲幅。""]","供需題先辨認曲線移動方向，再用其他條件不變推論均衡變化，避免寫成絕對必然。","[]","","","","","","","","","","","","","","",""
"SOC-0920","社會","原創會考程度練習","","","九年級上","經濟","比較利益與機會成本","進階","素養題","甲每小時可做 6 張卡片或 3 個木盒；乙每小時可做 4 張卡片或 4 個木盒。誰生產木盒的機會成本較低？","乙，木盒機會成本為 1 張卡片，低於甲的 2 張","甲，因為每小時卡片產量較高就代表木盒比較利益較高","甲，因為每小時木盒產量較低，木盒必定更有價值","兩者相同，因為比較時只看投入工時是否相同","0","乙，木盒機會成本為 1 張卡片，低於甲的 2 張","","甲每做 1 個木盒需 1/3 小時，這段時間可做 2 張卡片；乙每做 1 個木盒需 1/4 小時，可做 1 張卡片。乙放棄的卡片較少，木盒機會成本較低，答案 A。","[""甲的木盒機會成本：6 張卡片÷3 個木盒＝每個木盒放棄 2 張卡片。"",""乙的木盒機會成本：4 張卡片÷4 個木盒＝每個木盒放棄 1 張卡片。"",""1 張少於 2 張，因此乙的木盒機會成本較低，選 A。""]","比較利益要比較機會成本，不可只看誰的絕對產量較高。","[]","","","","","","","","","","","","","","",""
"SOC-0921","社會","原創會考程度練習","","","九年級上","經濟","通貨膨脹與實質購買力","中等","素養題","小華月薪維持 32,000 元，但一般商品價格普遍上升；假設其他條件不變，他的實質購買力如何變化？","上升，因為薪資的名目金額沒有降低","下降，同一筆名目收入可購買的商品與服務變少","不變，只要月薪數字固定就不受物價影響","無法比較，因為只有一般物價上升的資訊","1","下降，同一筆名目收入可購買的商品與服務變少","","名目薪資維持不變而物價普遍上升，同額收入能購買的商品與服務減少，實質購買力下降，答案 B。","[""區分名目薪資與實質購買力：32,000 元是名目金額。"",""物價上升後，同樣金額能買到的商品數量減少。"",""因此實質購買力下降，選 B。""]","評估購買力要同時比較收入與物價，薪資數字不變不代表實際生活能力不變。","[]","","","","","","","","","","","","","","",""
"SOC-0922","社會","原創會考程度練習","","","九年級上","經濟","負外部性","中等","素養題","工廠排放噪音，使附近居民必須額外裝設隔音窗；工廠沒有補償居民，也未將這筆損害納入成本。這屬於什麼現象？","工廠自行負擔的生產成本，沒有影響交易以外的人","正外部性，因居民從工廠噪音獲得額外利益","負外部性","公共財的非競爭性，因工廠產品不會被消費","2","負外部性","","工廠生產使未參與交易的居民承受未獲補償的成本，是負外部性，答案 C。正外部性則是活動讓第三者受益。","[""找出活動者：工廠生產。"",""找出第三者與影響：居民額外負擔隔音窗成本。"",""此成本未由工廠承擔，屬負外部性，選 C。""]","外部性要確認影響到交易以外的第三者，並判斷外溢的是成本還是利益。","[]","","","","","","","","","","","","","","",""
"SOC-0923","社會","原創會考程度練習","","","九年級上","跨科素養","資料推論與證據範圍","進階","素養題","某校統計發現，參加晨讀的班級平均借書量較高。研究者未隨機分組，也未控制各班原有閱讀習慣。下列何者是最謹慎的結論？","晨讀班級借書量較高，證明增加晨讀一定提高所有學生借書量","兩者沒有任何關聯，因研究未隨機分組","晨讀班級借書量較高，但尚不能判定原因","資料顯示兩者同時出現，但尚不能證明晨讀造成借書量增加","3","資料顯示兩者同時出現，但尚不能證明晨讀造成借書量增加","","晨讀班級借書量較高，呈現相關現象；但未隨機分組且未控制原有習慣，無法排除替代解釋，因此不能直接證明因果，答案 D。","[""辨認研究是觀察比較，並非隨機實驗。"",""原有閱讀習慣等因素可能同時影響是否晨讀與借書量。"",""資料支持兩者同時出現，但不支持晨讀必然造成借書量增加；選 D。C 是可能的替代解釋之一，不是完整的研究結論。""]","統計相關不必然代表因果；要檢查抽樣、控制變因與替代解釋。","[]","","","","","","","","","","","","","","",""
"SOC-0924","社會","原創會考程度練習","","","九年級上","跨科素養","人口資料判讀","中等","素養題","某鄉鎮 65 歲以上人口比率由 15% 升至 21%，同期總人口從 10 萬降至 8 萬。只根據這些數字，可以確定何事？","所有青壯年都已離開","高齡人口的實際人數必定增加","高齡人口占總人口的比率增加","出生人口必定為零","2","高齡人口占總人口的比率增加","","資料直接顯示高齡人口占總人口比率從 15% 上升至 21%，所以比率增加可確定，答案 C。高齡人口實際數量需分別計算，其他人口變化也不能由這兩個數字確定。","[""比較高齡人口比率：21% 大於 15%。"",""因此高齡人口在總人口中的占比提高。"",""總人口同時下降，不能只憑比率推論高齡人口實際人數必然增加，選 C。""]","分清百分比與實際人數；比例提高不必然代表分子增加。","[]","","","","","","","","","","","","","","",""
"SOC-0925","社會","原創會考程度練習","","","七年級上","地理","氣候資料判讀","中等","素養題","甲地 1 月均溫 12°C、7 月均溫 28°C；乙地分別為 20°C 與 26°C。哪項判斷正確？","乙地年溫差較大，因 26°C 是兩地較高月均溫","兩地年溫差相同，因都有冬、夏兩筆資料","甲地年溫差較大","甲地 1 月與 7 月均溫都低於乙地","2","甲地年溫差較大","","甲地年溫差為 28−12＝16°C，乙地為 26−20＝6°C，甲地較大，答案 C。兩個月份的溫度不能判斷全年雨量。","[""用最高月均溫減最低月均溫計算甲地年溫差：16°C。"",""乙地年溫差為 6°C。"",""16 大於 6，選 C；題目未提供降雨資料。""]","比較氣候特徵時，要依題目提供的變數計算，不推論未提供的資料。","[]","","","","","","","","","","","","","","",""
"SOC-0926","社會","原創會考程度練習","","","七年級上","地理","河川集水區","中等","素養題","暴雨後，山坡上多條小溪都流入同一條主河，再往下游匯入海洋。這些小溪與主河共同排水的範圍稱為什麼？","河川流域，只包含主河道，不含支流排水範圍","集水區","河口三角洲，由河口沉積物堆積形成","沖積扇，常形成於河流出山口","1","集水區","","地表水匯入同一河川系統並由共同出口排出，其排水範圍稱為集水區，答案 B。","[""辨認題幹描述的是多條支流匯入主河。"",""共同匯流及排水的陸地範圍構成一個水文系統。"",""因此選 B「集水區」。""]","地形名詞可依水流方向與形成過程區辨。","[]","","","","","","","","","","","","","","",""
"SOC-0927","社會","原創會考程度練習","","","七年級上","地理","都市熱島","中等","素養題","同一晴朗夜晚，市中心氣溫比附近郊區高；市中心有較多水泥建築與柏油路面，郊區植被較多。最能同時解釋這項差異的原因為何？","市中心人工鋪面蓄熱後於夜間釋放，且郊區植被蒸散有助降溫","水泥與柏油白天反射全部日照，夜間因此持續降溫","人工鋪面白天吸收並儲存較多熱量","郊區夜間沒有太陽照射，所以不會有任何熱源","0","市中心人工鋪面蓄熱後於夜間釋放，且郊區植被蒸散有助降溫","","市中心人工鋪面白天吸熱並於夜間釋出；郊區較多植被可透過蒸散散熱，兩項條件共同解釋市中心夜溫較高，答案 A。C 只描述市中心蓄熱，未同時說明郊區較涼的條件。","[""先比較市中心與郊區的土地覆蓋。"",""人工鋪面吸熱後於夜間釋出，形成較高的局部溫度。"",""題幹同時提供市中心人工鋪面較多及郊區植被較多兩項資訊。"",""人工鋪面白天吸熱後夜間放熱；植被蒸散則有助降低郊區溫度。"",""兩種機制一併解釋溫差，選 A；只提市中心蓄熱的 C 不完整。""]","都市熱島要連結地表材質、蓄熱與夜間放熱。","[]","","","","","","","","","","","","","","",""
"SOC-0928","社會","原創會考程度練習","","","七年級下","地理","人口結構判讀","中等","素養題","某鄉鎮 65 歲以上人口占比由 18% 升至 24%，總人口則由 5 萬降至 4 萬。估算兩期高齡人口人數，實際變化約為何？","由 9,000 人降至 7,200 人，減少約 1,800 人","維持 9,000 人，因總人口下降會抵銷占比提高","由 9,000 人增至 12,000 人，增加約 3,000 人","由 9,000 人增至 9,600 人，增加約 600 人","3","由 9,000 人增至 9,600 人，增加約 600 人","","第一期高齡人口約 50,000×18%＝9,000 人；第二期約 40,000×24%＝9,600 人，因此人數約增加 600 人，答案 D。占比和總人口都要納入計算。","[""第一期人數：50,000×0.18＝9,000 人。"",""第二期人數：40,000×0.24＝9,600 人。"",""9,600−9,000＝600 人，約增加 600 人，選 D。""]","百分比轉成人數時須乘上當期總人口；只比較占比會漏掉分母變化。","[]","","","","","","","","","","","","","","",""
"SOC-0929","社會","原創會考程度練習","","","七年級下","歷史","史料互證","中等","素養題","研究者想確認一座老港口的繁盛年代，手上有商人日記、港口稅冊與外國航海圖。哪種作法最能提高結論可信度？","對照日記、稅冊與航海圖的年代、用途及可互證細節","刪除彼此不相同的資料，僅保留多數來源一致的內容","以商人日記作為唯一證據，因第一人稱紀錄必定完整","用現今海岸線和港口規模直接代替歷史地理資料","0","對照日記、稅冊與航海圖的年代、用途及可互證細節","","日記、稅冊與航海圖來源及用途不同，交叉比對可檢查資料一致性並辨認偏差，答案 A。","[""列出三種來源各自記錄的內容。"",""比較不同來源的時間、地點與數據是否相合。"",""多來源互證比單憑一則回憶更可靠，選 A。""]","史料互證可降低單一來源的偏誤，但仍需判斷各資料的形成背景。","[]","","","","","","","","","","","","","","",""
"SOC-0930","社會","原創會考程度練習","","","七年級下","歷史","海上貿易與區域交流","中等","素養題","古代港口遺址出土外地陶器，本地文獻也記載商船往返鄰近島嶼。這些證據最能說明什麼？","外地陶器可能是本地製造，無法支持跨區域商品流動","港口曾參與跨區域交流","外地陶器只能證明本地製陶，不能顯示物品曾流動","商船往返足以證明港口政治統治鄰近島嶼","1","港口曾參與跨區域交流","","外地陶器與商船往返共同支持港口曾有跨區域交流；貿易證據不能直接證明政治統治範圍，答案 B。","[""分辨考古證據與文字紀錄各提供何種訊息。"",""外地器物和商船往來均指出跨區域連結。"",""最穩妥結論是參與交流，選 B。""]","經濟交流不等於政治控制；結論要符合證據類型。","[]","","","","","","","","","","","","","","",""
"SOC-0931","社會","原創會考程度練習","","","八年級上","歷史","殖民統治與教育","中等","素養題","殖民政府設立學校培養通譯及基層人員，課程也以殖民政府的語言為主。這最能反映教育與什麼關係？","殖民政府設校主要是讓所有居民取得相同升學機會","課程使用統治者語言，表示地方文化不再受到影響","教育制度也可能服務統治與行政需求","培養通譯只與個人興趣有關，和行政治理無關","2","教育制度也可能服務統治與行政需求","","培養通譯和基層人員、推廣統治者語言，顯示教育制度與行政治理需求相關，答案 C。","[""先辨認學校培養的對象與課程語言。"",""通譯及基層人員能協助殖民行政。"",""因此教育制度也服務統治需要，選 C；不能推論人人平等受教。""]","歷史制度要從設立目的、受益對象和權力關係分析。","[]","","","","","","","","","","","","","","",""
"SOC-0932","社會","原創會考程度練習","","","八年級上","歷史","工業化與勞動型態","中等","素養題","工廠採用機械大量生產後，部分家庭手工業者轉入工廠領取工資。這項變化最直接反映什麼？","工廠機械化使家庭手工生產在所有地區立即消失","受雇工人主要依產量取得土地，而非領取工資","機械化只增加產量，不會改變生產方式或勞動關係","生產方式與勞動型態改變","3","生產方式與勞動型態改變","","機械化生產使部分手工生產者轉為受雇工人，直接反映生產方式與勞動型態改變，答案 D。","[""比較變化前後的生產場所與身分。"",""家庭手工生產轉為工廠受雇工作。"",""因此選 D；題幹沒有支持其他全面性結論。""]","社會變遷題要指出直接變化，不把局部趨勢誇大成全部消失。","[]","","","","","","","","","","","","","","",""
"SOC-0933","社會","原創會考程度練習","","","八年級下","歷史","戰後農業轉型","中等","素養題","農村青年轉往城市工廠工作，家中農業勞力減少；同時政府推動農業機械化。兩項變化合起來最可能造成什麼？","農業生產逐漸減少對大量人力的依賴","農業人力需求減少後，城市工資必定下降","機械化增加農業人力需求，完全抵銷農村人口外移","農村青年移出會使所有農地立即改作工業用途","0","農業生產逐漸減少對大量人力的依賴","","人口外移減少農村勞力，機械化可補充部分人力需求，兩者可能使農業降低對大量人工的依賴，答案 A。","[""先辨認人口變化：農村勞力轉往城市。"",""再辨認技術變化：以機械協助生產。"",""兩項因素均降低對大量人工的依賴，選 A。""]","解釋社會變遷時可整合人口與技術因素，但避免推成完全取代。","[]","","","","","","","","","","","","","","",""
"SOC-0934","社會","原創會考程度練習","","","九年級上","公民","選舉制度與秘密投票","中等","素養題","投票所設置遮蔽空間，讓選民自行圈選且不必向他人展示。這項安排主要保障什麼？","確保每位選民都必須依得票最高者的指示圈選","選民能不受他人監督地表達選擇","選務人員因此可以不經計票程序更改結果","政黨能在圈票後確認支持者是否依指示投票","1","選民能不受他人監督地表達選擇","","遮蔽選票可保護選民選擇不被他人得知，降低脅迫或利誘，保障秘密投票，答案 B。","[""辨認制度設計：投票位置有遮蔽。"",""遮蔽使他人不易知道個別選民的選擇。"",""因此保障選擇自由與秘密投票，選 B。""]","選舉原則要從制度安排連結其保障的權利。","[]","","","","","","","","","","","","","","",""
"SOC-0935","社會","原創會考程度練習","","","九年級上","公民","權力分立與預算監督","中等","素養題","行政機關編列新建公共運輸補助計畫的經費，立法院審議中央政府總預算時要求說明計畫用途與效益。這主要展現哪一種制度功能？","立法院直接管理各地公共運輸日常營運","法院對行政機關進行刑事判決","立法機關透過預算審議監督行政施政","行政機關因此取得制定法律的權力","2","立法機關透過預算審議監督行政施政","","行政機關提出預算並負責施政，立法院審議預算、要求說明，屬立法權對行政權的監督與制衡；立法院並未接手日常營運，答案 C。","[""先辨認預算由行政機關編列，公共政策也由行政機關執行。"",""立法院審議預算並要求說明用途，代表行使預算審議與監督權。"",""監督不等於直接執行政策，因此選 C。""]","預算審議是立法機關監督行政的重要方式；要和立法院親自執行行政業務區分。","[]","","","","","","","","","","","","","","",""
"SOC-0936","社會","原創會考程度練習","","","九年級上","公民","司法救濟","中等","素養題","民眾依法律向法院請求確認行政機關處分違法，最主要行使哪項途徑？","向原行政機關提出訴願，但不進入法院程序","就私人間損害請求民事賠償","向檢察機關提出刑事告訴，追究犯罪責任","行政訴訟","3","行政訴訟","","爭議對象是行政機關處分，民眾向法院請求審查其合法性，屬行政訴訟，答案 D。","[""先看爭議來源：行政機關的處分。"",""再看處理機關：法院。"",""以訴訟請求審查行政處分，選 D。""]","司法救濟要依爭議性質辨認民事、刑事或行政程序。","[]","","","","","","","","","","","","","","",""
"SOC-0937","社會","原創會考程度練習","","","九年級上","公民","公共預算","中等","素養題","地方政府編列預算改善老舊排水系統，居民可透過何種方式監督支出是否符合承諾？","比對核定預算、決算及公開工程進度與支出資料","只看預算編列數字，不需追蹤實際決算或執行成果","由個別居民私下核准每一筆政府支出，取代法定審議","以社群留言數量判定工程款是否依約使用","0","比對核定預算、決算及公開工程進度與支出資料","","預算、決算及執行資料可供公眾檢視資源是否依程序使用，答案 A。","[""確認要監督的是公共支出與工程執行。"",""選擇具正式紀錄且可查核的資料。"",""因此查閱預算、決算和公開執行情形最適當，選 A。""]","公共政策監督以可查證的預算和執行紀錄為基礎。","[]","","","","","","","","","","","","","","",""
"SOC-0938","社會","原創會考程度練習","","","九年級上","公民","消費者資訊權","中等","素養題","電商頁面未說明商品材質、尺寸與退換貨方式。消費者下單前最適當的作法是？","先完成付款取得商品，再以後續退貨補足規格資訊","向業者詢問並確認必要資訊","只要頁面資訊不完整，便推定可無條件退貨","以照片比例取代尺寸標示，並假設材質與圖片一致","1","向業者詢問並確認必要資訊","","下單前確認材質、尺寸及交易條件，有助於作出知情選擇並保存溝通紀錄，答案 B。","[""列出缺漏資訊：材質、尺寸、退換貨條件。"",""這些會影響是否購買及交易權益。"",""先向業者查證再決定，選 B。""]","消費決策要查清商品資訊與交易條件，並保留必要紀錄。","[]","","","","","","","","","","","","","","",""
"SOC-0939","社會","原創會考程度練習","","","九年級上","經濟","需求彈性與價格","中等","素養題","某商品價格上漲 10%，銷售量只下降 2%；假設其他條件不變，這段期間需求量對價格變動的反應如何？","需求完全無彈性，因價格改變後銷售量仍有變動","需求有彈性，因價格變動幅度大於數量變動幅度","需求相對缺乏彈性，數量百分比變動小於價格百分比變動","可由這兩個百分比直接判斷供給曲線斜率","2","需求相對缺乏彈性，數量百分比變動小於價格百分比變動","","價格變動 10% 而數量變動僅 2%，數量反應相對小，需求較缺乏彈性，答案 C。","[""比較價格與需求量變動幅度：10% 對 2%。"",""需求量變動比例小於價格變動比例。"",""因此此期間需求反應相對較小，選 C。""]","彈性比較的是數量變動與價格變動的相對幅度。","[]","","","","","","","","","","","","","","",""
"SOC-0940","社會","原創會考程度練習","","","九年級上","經濟","稅負與市場","中等","素養題","政府對每件含糖飲料課徵固定稅額，其他條件不變時，生產成本提高。市場上最可能出現何種壓力？","供給曲線右移、價格面臨下降壓力，稅額完全由生產者吸收","供給減少時需求曲線也必定同步左移","每件商品稅額都會完全由消費者承擔，購買量不變","供給減少，均衡價格有上升壓力","3","供給減少，均衡價格有上升壓力","","每件商品的稅提高生產成本，供給可能減少；其他條件不變時，均衡價格有上升壓力，答案 D。","[""稅額增加單位生產成本。"",""成本上升會使供給者在各價格下願供數量減少。"",""供給減少形成價格上升壓力，選 D；實際結果仍受需求影響。""]","供需題要說明其他條件不變，避免把方向性影響寫成必然數值。","[]","","","","","","","","","","","","","","",""
"SOC-0941","社會","原創會考程度練習","","","九年級上","經濟","稀少性與選擇","中等","素養題","小芸只有兩小時，選擇參加社團排練而放棄一場電影。若電影是她放棄的最佳替代方案，機會成本為何？","放棄電影所能帶來的效益，是未選方案中最佳替代用途的價值","過去已支付且無法因這次選擇收回的學費","社團排練所需的器材支出，屬於已選方案的直接成本","把所有未選活動的效益相加，而不是只看最佳替代方案","0","放棄電影所能帶來的效益，是未選方案中最佳替代用途的價值","","機會成本是選擇時放棄的最佳替代方案價值；題幹指定為電影，答案 A。","[""辨認已選活動：社團排練。"",""找出放棄的最佳替代方案：看電影。"",""其價值就是機會成本，選 A。""]","機會成本看放棄的最佳替代方案，不把過去支出或所有選項加總。","[]","","","","","","","","","","","","","","",""
"SOC-0942","社會","原創會考程度練習","","","九年級上","經濟","勞動分工與生產力","中等","素養題","烘焙坊把備料、烘烤與包裝分配給不同員工，並讓每人熟練固定工作。最可能的直接效果是？","分工必然使每名員工工時縮短且收入提高","減少工作轉換時間並提高作業熟練度","生產效率提升會使消費者需求必定同步增加","分工後每名員工都負責全部流程，避免工作重複","1","減少工作轉換時間並提高作業熟練度","","分工能減少工作切換並累積單項熟練度，可能提高生產效率，答案 B。","[""辨認分工方式：不同員工負責不同流程。"",""熟練固定工作可減少切換與重複學習時間。"",""因此最直接效果是提升作業效率，選 B。""]","分工的效率效果不代表需求或產品品質必定上升。","[]","","","","","","","","","","","","","","",""
"SOC-0943","社會","原創會考程度練習","","","九年級上","經濟","公共財與搭便車","中等","素養題","防洪警報系統能同時向整個社區發布訊息，難以只讓付費者收到。這項特性最接近哪一概念？","競爭性，因一人收到警報後其他居民就無法接收","正外部效益，因警報只傳給付費者、旁人無法接收","難以排除未付費者使用","可排除未付費者，因系統能辨識並關閉其接收權限","2","難以排除未付費者使用","","警報發布後社區居民難以被排除在受益者之外，呈現非排除性，答案 C。","[""先看系統服務範圍：整個社區。"",""訊息發布後難以只讓付費者接收。"",""因此符合難以排除使用者的特性，選 C。""]","公共財的排除性與競爭性是不同面向，需分開判斷。","[]","","","","","","","","","","","","","","",""
"SOC-0944","社會","原創會考程度練習","","","九年級上","跨科素養","抽樣與代表性","中等","素養題","調查城市居民通勤方式時，只在捷運站出口訪問 100 人。這項抽樣最可能忽略哪類人？","只搭公車或自行開車、很少前往捷運站的居民","每天固定搭捷運且在該站轉乘的通勤者","在捷運站附近上班但不住在該城市的工作者","不常使用捷運的居民","3","不常使用捷運的居民","","只在捷運出口訪問，樣本較容易包含捷運使用者，可能低估不常搭捷運居民的通勤方式，答案 D。","[""確認調查地點：捷運站出口。"",""在此地點較容易遇到搭捷運者。"",""不常使用捷運者較可能被漏掉，選 D。""]","抽樣地點會影響哪些人容易被納入，進而造成代表性偏差。","[]","","","","","","","","","","","","","","",""
"SOC-0945","社會","原創會考程度練習","","","八年級下","地理","人口遷移與都市服務","中等","素養題","小鎮有大量青年移往外地工作，留下較多高齡居民。地方政府最應優先評估哪種服務需求？","評估就近醫療、社區照顧與可抵達服務的交通接送","優先增加只服務夜間娛樂區的接駁路線","將有限交通資源全改用於青年通勤，不調查長者需求","只依人口總數規劃服務，不考慮年齡與可近性","0","評估就近醫療、社區照顧與可抵達服務的交通接送","","高齡人口比例提高後，醫療可近性與交通接送可能更重要，答案 A。實際需求仍應以在地調查確認。","[""從人口變化辨認留下居民的年齡結構。"",""推估可能增加的生活與照護需求。"",""優先評估交通及醫療較符合情境，選 A。""]","人口結構只提供服務規劃線索，政策仍需在地需求資料。","[]","","","","","","","","","","","","","","",""
"SOC-0946","社會","原創會考程度練習","","","八年級下","歷史","歷史因果與多重因素","中等","素養題","某港市在鐵路通車後商業活動增加；同時該地也新建碼頭並降低貨物轉運費。僅憑資料，最謹慎的說法是？","鐵路是商業成長不可或缺的必要條件，但無法估算其效果大小","交通改善可能共同促進商業，但無法判定單一因素的全部效果","只有鐵路會影響港口貿易，碼頭和轉運費不會改變成本","商業活動增加即可證明鐵路是必要且充分的唯一條件","1","交通改善可能共同促進商業，但無法判定單一因素的全部效果","","鐵路與碼頭、轉運費變化同時存在，資料支持交通條件改善與商業增加相關，但不能分離各因素的獨立效果，答案 B。","[""列出同時發生的因素：鐵路、碼頭、轉運費。"",""多項因素都可能影響商業活動。"",""不能只歸因於鐵路，選 B。""]","歷史因果分析要留意多項條件同時變動。","[]","","","","","","","","","","","","","","",""
"SOC-0947","社會","原創會考程度練習","","","九年級上","公民","社會保險與風險分攤","中等","素養題","多人定期繳納保費，符合資格者在生病時可領取給付。制度最主要的功能為何？","使每位參加者的個人風險完全消失，不再可能發生損失","加入制度後可免除健康管理與事故預防責任","共同分攤個人難以獨自承擔的風險","保費多寡決定個案是否適用法律與司法判決","2","共同分攤個人難以獨自承擔的風險","","共同繳費並在事故發生時依規給付，可分散個人承受的風險，答案 C。","[""找出制度安排：多人繳費、符合條件時給付。"",""共同基金讓風險不必由單一個人獨自承擔。"",""因此主要功能是分攤風險，選 C。""]","社會保險分散風險，不能保證事故不發生。","[]","","","","","","","","","","","","","","",""
"SOC-0948","社會","原創會考程度練習","","","九年級上","公民","政策參與與資訊公開","中等","素養題","居民對新設垃圾處理設施有疑問，市府公開環境評估並舉辦說明會。此程序最能促進什麼？","公開評估後，市府必須不經衡量就照單全收所有意見","使說明會參與者取得對設施的單獨否決權","以公開資料取代環境評估及後續法定審查","居民依資料表達意見並參與討論","3","居民依資料表達意見並參與討論","","公開評估提供討論依據，說明會讓居民表達意見，有助於知情參與，答案 D。","[""辨認程序提供的兩項內容：評估資料與說明會。"",""資料可供居民理解影響，說明會提供表達管道。"",""因此促進知情參與，選 D。""]","公民參與的功能是提供資訊、表達意見和監督，不保證特定結果。","[]","","","","","","","","","","","","","","",""
"SOC-0949","社會","原創會考程度練習","","","九年級上","經濟","價格與誘因","中等","素養題","自助餐店對剩食較多者收取額外費用，公告也鼓勵顧客少量多次取餐。這項設計主要利用什麼方式影響行為？","提高剩食的邊際成本，讓顧客有誘因調整取餐量","以行政命令規定所有顧客必須取相同份量","單純張貼勸導標語，並未改變剩食成本","透過消費者集體訴訟改變餐點供給","0","提高剩食的邊際成本，讓顧客有誘因調整取餐量","","剩食費用提高浪費的代價，少量多次取餐提供替代行動，利用價格誘因影響選擇，答案 A。","[""先看額外費用改變了什麼：剩食帶來成本。"",""成本提高可能促使顧客調整取餐行為。"",""因此主要是價格誘因，選 A。""]","經濟誘因會改變行為成本，但不代表每個人都必然採取相同行動。","[]","","","","","","","","","","","","","","",""
"SOC-0950","社會","原創會考程度練習","","","九年級上","跨科素養","資料支持與相關限制","中等","素養題","某校發現參加早自習的班級平均成績較高，但參加班級多由學生自願選擇。研究者最應注意什麼？","早自習班級成績較高，足以證明早自習能使所有學生同幅提升","學生原有學習動機可能同時影響參與和成績","自願參加使兩組完全隨機，因此沒有選擇偏差","只要不是隨機分組，就不能描述兩組成績差異","1","學生原有學習動機可能同時影響參與和成績","","自願參加者可能原本學習動機較強，這項因素也會影響成績，造成選擇偏差，答案 B。","[""辨認參與方式：學生自願選擇。"",""有較高動機者可能更願意參加，也可能本來就成績較好。"",""因此需考慮原有動機，不能直接判定因果，選 B。""]","觀察研究要檢查自我選擇和原有差異等混淆因素。","[]","","","","","","","","","","","","","","",""
"SOC-0951","社會","原創會考程度練習","","","九年級上","公民","平等權與合理差別待遇","中等","素養題","某市提供無障礙坡道，使行動不便者也能進入公所辦理業務。此措施最符合何種理念？","形式平等，只要求規則文字相同，不考慮實際障礙","合理差別待遇，因所有身分不同者都應適用不同法律","實質平等","多數決原則，由多數居民決定誰能使用公所","2","實質平等","","坡道依不同需求改善實際使用機會，追求實質平等，而非只要求形式上相同，答案 C。","[""先辨認措施：為行動不便者改善進入設施的條件。"",""不同需求者獲得適當協助，才能實際行使相同權利。"",""這是促進實質平等，選 C。""]","平等不必然等於對所有人採完全相同方式；合理調整可消除障礙。","[]","","","","","","","","","","","","","","",""
"SOC-0952","社會","原創會考程度練習","","","九年級上","公民","無罪推定","中等","素養題","嫌疑人尚未經法院判決有罪前，媒體與公務機關應避免直接稱其為罪犯。此原則為何？","罪刑法定，要求犯罪與刑罰須有法律依據","司法獨立，要求法官不受行政機關指揮","正當法律程序，偵查和審判須依規定進行並保障當事人權利","無罪推定","3","無罪推定","","在法院依法判決前不能預先認定被告有罪，這是無罪推定原則，答案 D。","[""確認情境：案件仍在審理或尚未判決。"",""定罪須經法定程序與法院判決，不能以指控取代證明。"",""因此適用無罪推定，選 D。""]","無罪推定不代表被告一定無罪，而是要求依程序證明犯罪。","[]","","","","","","","","","","","","","","",""
"SOC-0953","社會","原創會考程度練習","","","九年級上","公民","罪刑法定","中等","素養題","某人行為發生當時法律並未規定為犯罪，事後才新增刑罰規定。原則上不能據新法處罰先前行為，主要依據什麼？","罪刑法定與禁止不利溯及既往，行為時應能預見刑責","信賴保護，人民可要求所有法律永遠不得修正","無罪推定，犯罪事實須依證據及程序認定","法律不溯及既往適用於所有法律領域且沒有任何例外","0","罪刑法定與禁止不利溯及既往，行為時應能預見刑責","","犯罪與刑罰須由行為時已存在的法律明確規定，通常不得以事後新法追罰先前行為，答案 A。","[""先確認行為發生時間早於新規定。"",""人民應能預見何種行為會受刑罰，法律不能任意事後加罪。"",""罪刑法定及禁止不利溯及既往，選 A。""]","刑罰涉及重大自由限制，法律明確性與可預見性尤其重要。","[]","","","","","","","","","","","","","","",""
"SOC-0954","社會","原創會考程度練習","","","九年級上","公民","依法行政與行政救濟","中等","素養題","人民認為主管機關違法撤銷其營業許可，可依法向法院請求審查該行政處分。這屬於何種制度？","訴願，由原行政體系依程序先行審查處分","行政救濟，包含依法尋求訴願或行政訴訟等救濟途徑","民事訴訟，處理私人間權利義務爭議","刑事訴訟，追究犯罪並決定刑罰","1","行政救濟，包含依法尋求訴願或行政訴訟等救濟途徑","","人民對行政機關處分不服，可依法律循訴願或行政訴訟等途徑尋求救濟，答案 B。","[""辨認爭議來源：主管機關作成行政處分。"",""人民主張處分違法，向法定機關或法院請求審查。"",""這是行政救濟，選 B。""]","先分清楚行政爭議、民事糾紛與刑事案件的救濟途徑。","[]","","","","","","","","","","","","","","",""
"SOC-0955","社會","原創會考程度練習","","","九年級上","公民","正當法律程序","中等","素養題","警方調查犯罪時先告知嫌疑人可保持緘默並請律師協助，主要在保障什麼？","無罪推定，嫌疑人保持沉默就必須立即撤銷所有指控","警方依法蒐證並追訴犯罪的權力","正當法律程序與防禦權","立法機關審查行政預算的監督權","2","正當法律程序與防禦權","","告知權利並允許法律協助，使受調查者能理解程序、提出防禦，是正當法律程序的重要保障，答案 C。","[""列出警方採取的程序：告知緘默權並允許律師協助。"",""這讓當事人得知權利且能有效回應指控。"",""因此保障正當程序及防禦權，選 C。""]","程序保障可避免國家調查權力被濫用。","[]","","","","","","","","","","","","","","",""
"SOC-0956","社會","原創會考程度練習","","","九年級上","公民","權力分立與制衡","中等","素養題","立法院審查政府預算，並要求行政機關說明支出用途，主要表現何種制度？","立法機關審議預算後直接執行各部會採購與工程","行政機關自行編列並核定預算，無須其他機關審查","司法機關負責決定各部會政策支出優先順序","權力分立與制衡","3","權力分立與制衡","","立法機關審查預算、監督行政機關，體現不同權力機關彼此制衡，答案 D。","[""辨認行動者：立法機關監督行政機關。"",""不同機關各有職權，可限制權力集中或不當行使。"",""這是權力分立與制衡，選 D。""]","權力分立不是互不往來，而是分工並透過制度互相監督。","[]","","","","","","","","","","","","","","",""
"SOC-0957","社會","原創會考程度練習","","","九年級上","公民","司法獨立","中等","素養題","法官審理案件時，只依法律與證據判決，不因行政首長要求而改變結論。這反映何種原則？","司法獨立，法官依法律及證據審判，不受不當干預","依法行政，行政機關須依法律作成行政處分","權力分立，行政、立法、司法機關各有職權","行政首長可核定法院判決後，要求法官修改結論","0","司法獨立，法官依法律及證據審判，不受不當干預","","裁判應不受行政或政治不當干預，法官依法律與證據作成判決，反映司法獨立，答案 A。","[""題幹指出行政首長試圖影響裁判。"",""法院應依法律及證據獨立審判。"",""因此關鍵原則是司法獨立，選 A。""]","司法獨立保障公平審判，不代表法官可以不受法律拘束。","[]","","","","","","","","","","","","","","",""
"SOC-0958","社會","原創會考程度練習","","","九年級上","公民","依法行政與法律保留","中等","素養題","行政機關不得僅憑內部指示限制人民集會自由，須有法律依據並遵守法定程序。此要求主要對哪一權力形成拘束？","司法獨立，法院依法律及證據審理案件","行政權力","立法權制定一般性法律的職權","私人團體自主管理內部活動的權限","1","行政權力","","政府限制基本權須有法律授權並依法定程序，這是依法行政及法律保留要求，答案 B。","[""確認行為者是政府，措施會限制人民基本權。"",""行政機關不能僅憑方便或口頭命令任意限制自由。"",""法律授權與程序要求限制行政權，選 B。""]","涉及基本權限制時，要找法律依據、授權範圍與必要程序。","[]","","","","","","","","","","","","","","",""
"SOC-0959","社會","原創會考程度練習","","","九年級上","公民","比例原則","中等","素養題","為取締違規停車，市府封鎖整個街區一個月，連合法通行也不允許；若有較小侵害的取締方法，這項措施最可能違反何原則？","依法行政原則，所有措施只要有法條依據就必定適當","法律保留原則，只檢查是否有法律授權，不檢查手段範圍","比例原則，限制人民權利的手段不得超過達成目的所必要程度","平等原則，所有街區在任何情況下都必須採完全相同措施","2","比例原則，限制人民權利的手段不得超過達成目的所必要程度","","若目的可用侵害較小的方法達成，全面封鎖可能超過必要程度，涉及比例原則，答案 C。","[""確認目的：取締違規停車。"",""比較手段：封鎖整個街區一個月，可能嚴重限制合法通行。"",""存在較小侵害手段時，措施可能不合比例，選 C。""]","比例原則常檢查手段是否適合、必要且利益衡量相當。","[]","","","","","","","","","","","","","","",""
"SOC-0960","社會","原創會考程度練習","","","九年級上","公民","法律之前人人平等","中等","素養題","同一法律規範適用於相同情況的人民，不因財富或身分而任意偏袒。這最接近哪項原則？","依法行政，行政機關依法律授權及程序作成處分","形式平等要求任何情況都只能採取完全相同措施","實質平等允許政府不需理由地偏袒特定身分者","法律之前人人平等","3","法律之前人人平等","","相同情況應受法律平等對待，不得因身分或財富任意給予特權，答案 D。","[""題目比較相同情況下不同身分的人。"",""法律適用不應因財富或地位而任意偏袒。"",""這是法律之前人人平等，選 D。""]","平等原則禁止無正當理由的差別待遇，但合理分類仍可能被允許。","[]","","","","","","","","","","","","","","",""
"SOC-0961","社會","原創會考程度練習","","","九年級上","公民","言論自由與責任","中等","素養題","學生在校刊批評校園餐點並提出查證資料，未散布個資或威脅他人。此行為主要涉及哪項權利？","言論自由","請願權","集會自由","新聞媒體的採訪權","0","言論自由","","以文字表達意見及公共議題批評，屬言論自由保障的範圍；仍須遵守法律並尊重他人權利，答案 A。","[""辨認表達方式：在校刊以文字提出批評。"",""內容涉及公共議題且有資料支持，屬意見表達。"",""主要涉及言論自由，選 A。""]","基本權保障不等於可以侵害他人名譽、隱私或安全。","[]","","","","","","","","","","","","","","",""
"SOC-0962","社會","原創會考程度練習","","","九年級上","公民","隱私權與個人資料","中等","素養題","社團未經同意把社員電話與住址公開張貼在網路，最直接侵害何種權利？","名譽權及人格尊嚴","隱私權及個人資料自主","通訊秘密自由","表意自由","1","隱私權及個人資料自主","","電話與住址可識別個人，未經同意公開可能侵害隱私及個人資料自主，答案 B。","[""確認資料內容：可識別個人的電話與住址。"",""再看公開方式：未取得本人同意即上網散布。"",""最直接涉及隱私與個資權益，選 B。""]","個人資料處理要注意特定目的、必要範圍與當事人權益。","[]","","","","","","","","","","","","","","",""
"SOC-0963","社會","原創會考程度練習","","","九年級上","公民","集會自由","中等","素養題","居民依法集會，向政府表達反對新道路開發的意見，主要行使哪項基本權？","請願權（向政府提出書面訴求）","言論自由（個人公開表達意見）","集會自由與表意自由（集結並共同表達）","結社自由（組成具持續性的團體）","2","集會自由與表意自由（集結並共同表達）","","居民以集會共同表達公共政策意見，涉及集會自由及表意自由，答案 C。","[""辨認活動：多人依法聚集。"",""集會目的為向政府表達公共議題立場。"",""主要行使集會及表意自由，選 C。""]","集會自由須依法行使，政府限制時也應有法律依據並符合比例。","[]","","","","","","","","","","","","","","",""
"SOC-0964","社會","原創會考程度練習","","","九年級上","公民","宗教自由","中等","素養題","政府不得因人民信仰不同而拒絕其依法申請公共服務，最直接保障何種自由？","思想與良心自由","工作權與職業選擇自由","平等權（禁止無正當理由的差別待遇）","宗教信仰自由與平等","3","宗教信仰自由與平等","","人民有選擇、改變或不信仰宗教的自由，不應因信仰差異遭不當差別待遇，答案 D。","[""確認差別待遇的理由是宗教信仰。"",""政府提供公共服務不得任意偏袒特定信仰。"",""因此涉及宗教自由與平等保障，選 D。""]","宗教自由包括信仰與不信仰，也須兼顧公共秩序及他人權利。","[]","","","","","","","","","","","","","","",""
"SOC-0965","社會","原創會考程度練習","","","九年級上","公民","選舉權與秘密投票","中等","素養題","選民在投票所自行圈選，不需向他人展示投票內容，主要保障什麼？","秘密投票，使選民不必公開支持對象","普通選舉，使符合資格者不因身分受排除","平等選舉，使每位選民的選票價值相同","直接選舉，使選民直接選出公職人員","0","秘密投票，使選民不必公開支持對象","","秘密投票降低選民受威脅、利誘或監視的可能，使其能依自由意志投票，答案 A。","[""觀察投票方式：選民自行圈選且不公開內容。"",""保密可降低他人干預或施壓。"",""因此保障秘密投票與自由意志，選 A。""]","秘密投票保護選民選擇，不代表選票可以違法代投。","[]","","","","","","","","","","","","","","",""
"SOC-0966","社會","原創會考程度練習","","","九年級上","公民","公民投票與直接民主","中等","素養題","某重大公共議題依法交由符合資格的公民直接投票決定，較接近哪種民主參與方式？","代議民主：由選出的代表代為作成決定","直接民主：公民親自對公共議題投票決定","責任政治：行政部門向民意機關負責","地方自治：地方居民處理地方公共事務","1","直接民主：公民親自對公共議題投票決定","","公民直接就公共議題投票表達決定，不是只由民選代表代為決定，屬直接民主，答案 B。","[""確認決策者：由公民本人投票。"",""公民直接決定議題，沒有完全透過代表代決。"",""這是直接民主參與，選 B。""]","公民投票仍須依法定程序與範圍進行，並不取代所有代議制度。","[]","","","","","","","","","","","","","","",""
"SOC-0967","社會","原創會考程度練習","","","九年級上","公民","代議民主與問責","中等","素養題","選民定期選出民意代表，代表在議會審議法律與預算，選民可在下次選舉重新評價其表現。此制度為何？","直接民主：人民直接參與每項政策決定","責任政治：政府須向民意機關說明施政","代議民主：人民選出代表參與公共決策","地方自治：地方居民自行處理地方事務","2","代議民主：人民選出代表參與公共決策","","人民選出代表代為參與公共決策，並可透過選舉追究政治責任，屬代議民主，答案 C。","[""找出人民的參與方式：定期選出代表。"",""代表在議會處理法律及預算等公共事務。"",""選民可再以選舉表達評價，屬代議民主，選 C。""]","代議民主需搭配定期選舉、資訊透明與政治問責。","[]","","","","","","","","","","","","","","",""
"SOC-0968","社會","原創會考程度練習","","","九年級上","公民","地方自治","中等","素養題","居民選出地方首長與民意代表，處理地方道路、垃圾清運等自治事項，最能表現什麼制度？","中央集權：地方事務均由中央機關直接決定","代議民主：人民選出代表參與公共決策","行政分權：中央機關將部分職權交由下級機關執行","地方自治：地方居民透過自治機關處理地方事務","3","地方自治：地方居民透過自治機關處理地方事務","","地方居民透過選舉及自治機關處理地方公共事務，體現地方自治，答案 D。","[""辨認事務範圍：道路與垃圾清運屬地方公共事務。"",""地方居民選出首長與代表參與治理。"",""因此屬地方自治，選 D。""]","地方自治仍受憲法與法律規範，並非地方政府可不受監督。","[]","","","","","","","","","","","","","","",""
"SOC-0969","社會","原創會考程度練習","","","九年級上","公民","中央與地方權限","中等","素養題","跨縣市傳染病防治需要統一發布標準，各地方政府配合執行。此安排最能說明什麼？","中央與地方依權限分工合作，並因跨域議題協調執行","中央統一政策後，地方不再有任何執行權限","各地方政府可自行訂定互不相同的防疫標準","跨縣市政策應完全交由法院決定與執行","0","中央與地方依權限分工合作，並因跨域議題協調執行","","跨縣市公共衛生需要一致標準，中央制定或協調政策、地方配合執行，呈現分工合作，答案 A。","[""判斷議題影響範圍：跨越多個縣市。"",""一致標準可避免防疫措施互相衝突。"",""中央協調、地方執行是權限分工合作，選 A。""]","中央與地方有不同權限，實務上常需依法協調合作。","[]","","","","","","","","","","","","","","",""
"SOC-0970","社會","原創會考程度練習","","","九年級上","公民","立法監督行政","中等","素養題","議會要求市府首長到議會說明重大工程進度並接受質詢，主要功能為何？","由議會取代市府執行工程與日常行政","監督行政機關並促使其說明施政責任","由議會代替法院判定工程相關刑事責任","由議會取消人民選舉地方首長的權利","1","監督行政機關並促使其說明施政責任","","民意機關透過質詢要求行政機關說明政策執行，形成監督並促進責任政治，答案 B。","[""確認議會要求行政首長報告並回答問題。"",""公開說明讓民意代表檢視政策執行。"",""這是立法機關監督行政、促進問責，選 B。""]","質詢是政治監督，不等同法院對犯罪作成判決。","[]","","","","","","","","","","","","","","",""
"SOC-0971","社會","原創會考程度練習","","","九年級上","公民","行政救濟","中等","素養題","居民認為市府違法拒絕建築許可，依法先向原機關提出訴願，這屬於哪種途徑？","行政訴訟：向行政法院提起司法救濟","陳情：向機關反映意見但不屬正式訴願程序","訴願：依程序請求重新審查行政處分","民事訴訟：處理私人間權利義務爭議","2","訴願：依程序請求重新審查行政處分","","題幹指向向原行政處分機關提出訴願，屬行政救濟程序的一種；行政訴訟則是向行政法院提起。答案 C。","[""爭議來自市府作成的行政處分。"",""人民認為處分違法並提出法定申訴。"",""這是行政救濟，選 C。""]","先辨認題目所描述的權利主體、政府機關與程序，再對應公民制度概念。","[]","","","","","","","","","","","","","","",""
"SOC-0972","社會","原創會考程度練習","","","九年級上","公民","司法訴訟與公平審判","中等","素養題","民眾提起訴訟後，法院讓雙方提出證據、陳述理由，再由法官依法判決。這主要保障什麼？","無罪推定：未經依法判決前不得視為有罪","公平審判與訴訟權","公開審理：依法讓審判過程接受公眾檢視","法官依法獨立審判，不受不當干涉","3","法官依法獨立審判，不受不當干涉","","讓訴訟雙方陳述並提出證據，由法院依法審理，保障訴訟權及公平審判，答案 D。","[""確認法院提供雙方陳述與提出證據的機會。"",""裁判者依法律和證據，而非單方說法作決定。"",""這保障訴訟權與公平審判，選 D。""]","先辨認題目所描述的權利主體、政府機關與程序，再對應公民制度概念。","[]","","","","","","","","","","","","","","",""
"SOC-0973","社會","原創會考程度練習","","","九年級上","公民","刑事責任與證據","中等","素養題","法院判決被告有罪時，必須依檢察官提出並經法庭調查的證據，而不能只依網路傳言。這體現什麼？","證據裁判與正當程序","無罪推定：判決確定前推定被告無罪","罪刑法定：犯罪與刑罰須有法律明文依據","審級救濟：不服判決可依法向上級法院救濟","0","證據裁判與正當程序","","刑事定罪須依法調查證據，不能以未經查證的傳言作為裁判依據，答案 A。","[""比較證據與網路傳言的可驗證性。"",""法庭須依法調查並讓當事人有回應機會。"",""裁判依證據及程序，選 A。""]","先辨認題目所描述的權利主體、政府機關與程序，再對應公民制度概念。","[]","","","","","","","","","","","","","","",""
"SOC-0974","社會","原創會考程度練習","","","九年級上","公民","比例原則","中等","素養題","為管理少數人亂丟垃圾，市府禁止所有居民在整座公園飲食一年，即使已有較小限制方式。此措施可能違反什麼？","法律保留原則：限制權利須有法律依據","平等原則：相同情形應受相同對待","信賴保護原則：保障人民對合法行政行為的合理信賴","比例原則","3","比例原則","","全面禁止對所有人的限制可能超過處理違規所需，且存在侵害較小手段時，可能違反比例原則。答案為D「比例原則」。","[""政策目的在處理少數人亂丟垃圾。"",""全面禁食一年限制範圍遠大於違規行為。"",""若有較小侵害的有效方法，可能不合比例，選D「比例原則」。""]","先辨認題目所描述的權利主體、政府機關與程序，再對應公民制度概念。","[]","","","","","","","","","","","","","","",""
"SOC-0975","社會","原創會考程度練習","","","九年級上","公民","法律明確性","中等","素養題","法規只寫「不得做不適當的事」，卻沒有說明何謂不適當，也未列判斷標準。人民最難預見什麼？","行政機關是否有權作成該項規範","限制手段是否超過達成目的所需程度","行為是否合法及法律效果","人民是否能合理信賴既有法規狀態","2","行為是否合法及法律效果","","規範內容模糊且缺乏標準，人民難以預見何種行為違法及可能法律效果，涉及法律明確性，答案 C。","[""檢視規定是否提供可理解的行為界線。"",""「不適當」未定義，人民無法預先判斷行為後果。"",""受影響的是可預見性，選 C。""]","先辨認題目所描述的權利主體、政府機關與程序，再對應公民制度概念。","[]","","","","","","","","","","","","","","",""
"SOC-0976","社會","原創會考程度練習","","","九年級上","公民","法律保留","中等","素養題","行政機關以內部公告限制人民基本權，但找不到法律授權依據。最主要的法治疑慮為何？","法律明確性不足：規範內容欠缺清楚標準","比例原則疑慮：限制手段可能逾越必要程度","信賴保護疑慮：措施可能損及人民合理信賴","欠缺法律授權","3","欠缺法律授權","","限制人民基本權的行政措施須有法律依據或明確授權，內部公告不能任意創設限制，答案 D。","[""確認措施會限制人民基本權。"",""再檢查是否有法律授權及程序依據。"",""題幹指出找不到依據，違反法律保留要求，選 D。""]","先辨認題目所描述的權利主體、政府機關與程序，再對應公民制度概念。","[]","","","","","","","","","","","","","","",""
"SOC-0977","社會","原創會考程度練習","","","九年級上","公民","隱私與搜索程序","中等","素養題","警方欲進入住家搜索，除法律所定例外外，應依法取得搜索票。這項程序主要保障什麼？","居住隱私並防止公權力恣意侵入","人身自由並防止未經程序的逮捕拘禁","財產權並限制公權力任意徵收或使用財物","通訊秘密並防止未經合法程序監察通訊","0","居住隱私並防止公權力恣意侵入","","住家涉及高度隱私，搜索票及法定程序用來限制國家侵入私人領域的權力，答案 A。","[""住家是個人生活與隱私的重要空間。"",""搜索票要求搜索事由經法定程序審查。"",""程序保障隱私並防止恣意侵入，選 A。""]","先辨認題目所描述的權利主體、政府機關與程序，再對應公民制度概念。","[]","","","","","","","","","","","","","","",""
"SOC-0978","社會","原創會考程度練習","","","九年級上","公民","個人資料保護","中等","素養題","補習班把學生姓名、成績和聯絡方式提供給無關的廣告業者，最適當的疑慮是什麼？","侵害名譽權：不實資訊可能損害個人社會評價","未妥善保護個人資料","侵害肖像權：未經同意使用可辨識的影像","侵害著作權：未經授權重製他人創作","1","未妥善保護個人資料","","可識別學生的資料被提供給無關第三方，可能違反個資使用目的及保護要求，答案 B。","[""列出被提供的資料：姓名、成績和聯絡方式。"",""接收者是無關的廣告業者，與原蒐集目的不符。"",""應注意個人資料保護，選 B。""]","先辨認題目所描述的權利主體、政府機關與程序，再對應公民制度概念。","[]","","","","","","","","","","","","","","",""
"SOC-0979","社會","原創會考程度練習","","","九年級上","公民","消費者契約與資訊","中等","素養題","健身房契約把自動續約條款藏在難以閱讀的小字，消費者簽約前未被清楚告知。最主要問題是什麼？","契約履行方式違反公共秩序","消費者解約後未返還已使用商品","交易資訊揭露不足","業者未依法取得營業登記","2","交易資訊揭露不足","","自動續約會影響費用及契約期間，業者未清楚揭露重要條款，侵害消費者知情與選擇，答案 C。","[""找出重要條款：自動續約及其費用影響。"",""消費者簽約前沒有清楚取得資訊。"",""主要問題是資訊揭露不足，選 C。""]","先辨認題目所描述的權利主體、政府機關與程序，再對應公民制度概念。","[]","","","","","","","","","","","","","","",""
"SOC-0980","社會","原創會考程度練習","","","九年級上","公民","環境權與公共參與","中等","素養題","居民在環評程序提出噪音與空氣品質資料及意見。下列對其法律效果的說明何者正確？","居民提出反對後，計畫依法當然不得核准","主管機關應依法參考資料與意見，並依職權作成審查決定","公聽會意見具拘束力，主管機關不得作成不同決定","環評資料與意見只供業者參考，主管機關不必處理","1","主管機關應依法參考資料與意見，並依職權作成審查決定","","居民提出的資料與意見是環評審查的重要資訊，但不等於否決權或拘束性公投；主管機關仍須依法審查並作成決定。答案為B「主管機關應依法參考資料與意見，並依職權作成審查決定」。","[""資料提供噪音和空氣品質資訊。"",""居民意見補充受影響者的經驗與需求。"",""主管機關須依法考量資料與意見，再依職權作成決定；居民不能直接取代審查或取得否決權，故選B「主管機關應依法參考資料與意見，並依職權作成審查決定」。""]","先辨認題目所描述的權利主體、政府機關與程序，再對應公民制度概念。","[]","","","","","","","","","","","","","","",""
"SOC-0981","社會","原創會考程度練習","","","九年級上","公民","選舉公平","中等","素養題","候選人利用公務機關資源替自己宣傳，可能破壞選舉的哪項條件？","公平競爭","選舉平等：每位選民的投票權重相同","秘密投票：保障選民不受監視或脅迫","選務中立：選務機關應公平辦理投票與開票","0","公平競爭","","公務資源由公帑支持，不應被特定候選人用來取得不當優勢，否則破壞選舉公平，答案 A。","[""公務機關資源屬公共資源。"",""候選人若獨占使用，競爭條件不再平等。"",""受損的是選舉公平，選 A。""]","先辨認題目所描述的權利主體、政府機關與程序，再對應公民制度概念。","[]","","","","","","","","","","","","","","",""
"SOC-0982","社會","原創會考程度練習","","","九年級上","公民","選舉權與年齡資格","中等","素養題","年滿法定投票年齡且具備其他法定資格的公民，可在選舉中投票。這項權利屬於什麼？","被選舉權","選舉權","罷免權","創制權","1","選舉權","","在選舉中投票選擇候選人是選舉權；被選舉權則指依法參選的資格，答案 B。","[""題幹描述的是投票選擇候選人。"",""不是本人登記成為候選人。"",""因此屬選舉權，選 B。""]","先辨認題目所描述的權利主體、政府機關與程序，再對應公民制度概念。","[]","","","","","","","","","","","","","","",""
"SOC-0983","社會","原創會考程度練習","","","九年級上","公民","被選舉權","中等","素養題","某公民依法登記參選地方民意代表，爭取選民支持。這主要行使哪項權利？","選舉權：以投票選擇公職候選人","創制權：依法提出新的政策或法律案","被選舉權","罷免權：依法投票提前解除公職","2","被選舉權","","依法登記成為候選人並接受選民投票，是行使被選舉權，答案 C。","[""確認行為是登記成為候選人。"",""這不同於選民投票的選舉權。"",""因此屬被選舉權，選 C。""]","先辨認題目所描述的權利主體、政府機關與程序，再對應公民制度概念。","[]","","","","","","","","","","","","","","",""
"SOC-0984","社會","原創會考程度練習","","","九年級上","公民","選舉中的平等原則","中等","素養題","選務機關不得因選民財富或職業不同，讓某些人的一票計算為多票。此要求體現什麼？","普通選舉：符合資格的公民均可依法參與","直接選舉：選民直接投票選出公職人員","秘密選舉：選票內容不受他人監視","票票等值與選舉平等","3","票票等值與選舉平等","","選舉平等要求每位選民的投票具有相同權重，不因財富或職業而增加票數，答案 D。","[""比較不同選民的投票權重。"",""題目中的差別是以財富或職業加重部分選票。"",""這違反票票等值的平等要求，選 D。""]","先辨認題目所描述的權利主體、政府機關與程序，再對應公民制度概念。","[]","","","","","","","","","","","","","","",""
"SOC-0985","社會","原創會考程度練習","","","九年級上","公民","選舉與責任政治","中等","素養題","選民依政府施政表現更換執政者，最能發揮選舉的什麼功能？","政治問責","政治代表：民意代表代替人民參與決策","政黨輪替：不同政黨透過選舉交替執政","政策倡議：團體提出主張以影響政策","0","政治問責","","選民可透過選票肯定或更換執政者，要求政治人物為施政結果負責，答案 A。","[""施政表現成為選民評價依據。"",""選民以支持或更換執政者表達判斷。"",""這是選舉的政治問責功能，選 A。""]","先辨認題目所描述的權利主體、政府機關與程序，再對應公民制度概念。","[]","","","","","","","","","","","","","","",""
"SOC-0986","社會","原創會考程度練習","","","九年級上","公民","政黨政治","中等","素養題","不同政黨提出不同公共政策方案，選民可比較後投票支持。政黨競爭最主要提供什麼？","依政黨組織決定執政者，不受選民投票影響","政策選擇與政治競爭","由政黨取代民意機關審議法律","使執政黨不必接受選民評價","1","政策選擇與政治競爭","","政黨提出政策並競爭選民支持，使民眾可比較不同治理方案，答案 B。","[""辨認政黨提出不同政策方案。"",""選民可比較後以選票表達偏好。"",""政黨競爭提供政策選擇，選 B。""]","先辨認題目所描述的權利主體、政府機關與程序，再對應公民制度概念。","[]","","","","","","","","","","","","","","",""
"SOC-0987","社會","原創會考程度練習","","","九年級上","公民","利益團體與公共政策","中等","素養題","環保團體蒐集污染數據並向議會提出建議，希望政策納入減污措施。這類團體主要如何參與政治？","組成政黨並以候選人競選執政","透過公民投票直接作成最終決定","表達特定議題利益並影響政策","依法律執行主管機關交付的行政業務","2","表達特定議題利益並影響政策","","利益團體透過資料、倡議及遊說表達特定議題立場，試圖影響公共政策，答案 C。","[""團體聚焦環境污染議題。"",""它蒐集證據並向決策機關提出建議。"",""這是表達利益與影響政策的參與方式，選 C。""]","先辨認題目所描述的權利主體、政府機關與程序，再對應公民制度概念。","[]","","","","","","","","","","","","","","",""
"SOC-0988","社會","原創會考程度練習","","","九年級上","公民","公民社會與監督","中等","素養題","公民組織追蹤政府採購資料，公開指出疑似違規之處並要求說明。此行動最能發揮什麼功能？","透過司法訴訟直接撤銷政府採購決定","依職權調查並裁判採購爭議","由民間團體代替機關執行採購契約","公共監督","3","公共監督","","公民組織透過資訊揭露與要求說明，監督政府權力和公共資源使用，答案 D。","[""資料對象是政府採購。"",""組織公開疑點並要求主管機關回應。"",""這發揮公共監督功能，選 D。""]","先辨認題目所描述的權利主體、政府機關與程序，再對應公民制度概念。","[]","","","","","","","","","","","","","","",""
"SOC-0989","社會","原創會考程度練習","","","九年級上","公民","媒體與民主","中等","素養題","記者比對政府公開數據與地方居民訪談，報導重大公共工程進度。這最能協助民主制度中的哪件事？","提供資訊供公眾監督與討論","代表選民直接作成工程預算決議","取代監察及司法機關調查違法責任","使新聞報導的內容自動成為政府決策","0","提供資訊供公眾監督與討論","","媒體查證並提供公共資訊，有助公眾理解議題、監督政府並進行討論，答案 A。","[""報導包含公開資料與居民訪談。"",""資訊使公眾能檢視工程進度及政策影響。"",""因此協助公眾監督和討論，選 A。""]","先辨認題目所描述的權利主體、政府機關與程序，再對應公民制度概念。","[]","","","","","","","","","","","","","","",""
"SOC-0990","社會","原創會考程度練習","","","九年級上","公民","公民審議","中等","素養題","市府在決定公車路線前，邀請不同社區居民閱讀方案、討論利弊並提出共同建議。此作法較接近什麼？","民意調查：蒐集個人意見但不一定進行共同討論","審議式公民參與","公民投票：由選民以投票作成法定決定","陳情請願：個人或團體向機關提出訴求","1","審議式公民參與","","居民先取得資訊，再討論方案利弊並提出建議，符合審議式公民參與特徵，答案 B。","[""確認流程包含閱讀資料與交換意見。"",""參與者共同討論方案利弊，而非只表態支持或反對。"",""這較接近審議式公民參與，選 B。""]","先辨認題目所描述的權利主體、政府機關與程序，再對應公民制度概念。","[]","","","","","","","","","","","","","","",""
"SOC-0991","社會","原創會考程度練習","","","九年級上","公民","罷免權","中等","素養題","選民認為民選地方首長嚴重失職，依法連署並投票決定是否提前解除其職務。這是哪種直接民權？","複決權","創制權","罷免權","被選舉權","2","罷免權","","依法由選民決定是否提前解除民選公職人員職務，屬罷免權，答案 C。","[""確認對象是已就任的民選公職人員。"",""程序是選民投票決定是否提前解除職務。"",""因此是罷免權，選 C。""]","先分辨公民權利、政府機關及程序，再判斷制度功能。","[]","","","","","","","","","","","","","","",""
"SOC-0992","社會","原創會考程度練習","","","九年級上","公民","創制權","中等","素養題","公民依法連署提出新的公共政策或法律案，交由主管機關或公民投票處理。這是哪項直接民權？","秘密投票權","罷免權","訴訟權","創制權","3","創制權","","人民依法提出新的政策或法律案，屬創制權，答案 D。","[""題幹描述由公民提出新的方案。"",""並非撤換公職人員，也不是表決既有法律。"",""這是創制權，選 D。""]","先分辨公民權利、政府機關及程序，再判斷制度功能。","[]","","","","","","","","","","","","","","",""
"SOC-0993","社會","原創會考程度練習","","","九年級上","公民","複決權","中等","素養題","法律已由民意機關通過，之後依法交由公民投票決定是否接受。這最接近哪項直接民權？","複決權","罷免權","創制權","被選舉權","0","複決權","","公民對已提出或通過的法律、政策案作最後決定，屬複決權，答案 A。","[""辨認標的：已由民意機關通過的法律。"",""公民表決是否接受既有提案。"",""因此是複決權，選 A。""]","先分辨公民權利、政府機關及程序，再判斷制度功能。","[]","","","","","","","","","","","","","","",""
"SOC-0994","社會","原創會考程度練習","","","九年級上","公民","公民投票與法定程序","中等","素養題","公民團體想針對全國性公共政策舉辦投票，必須依法律規定的提案、連署與投票程序辦理。此要求主要確保什麼？","投票結果必定符合每個人期待","民主決定具有法定程序與正當性","所有政策都改由法院制定","政府不需公開任何資訊","1","民主決定具有法定程序與正當性","","提案及投票依法律程序進行，能確認資格、程序與結果的正當性，但不保證每個人都滿意，答案 B。","[""找出制度要求：依法律辦理提案、連署和投票。"",""法定程序使參與及計票規則可預期。"",""這保障民主決定的程序正當性，選 B。""]","先分辨公民權利、政府機關及程序，再判斷制度功能。","[]","","","","","","","","","","","","","","",""
"SOC-0995","社會","原創會考程度練習","","","九年級上","公民","地方自治與居民參與","中等","素養題","居民透過地方公聽會，向縣府提出公車班次不足的資料與建議，過程未進行投票也未提起訴願。這最屬於何種方式？","向民意代表反映個案並請其協助質詢機關","對行政處分提起訴願等正式行政救濟","地方公共參與","由選民投票直接決定地方政策","2","地方公共參與","","居民向地方政府提供資料和建議，參與地方公共事務討論，答案 C。","[""問題是縣府轄內的公車服務。"",""居民透過公聽會向地方政府表達意見。"",""這是地方公共參與，選 C。""]","先分辨公民權利、政府機關及程序，再判斷制度功能。","[]","","","","","","","","","","","","","","",""
"SOC-0996","社會","原創會考程度練習","","","九年級上","公民","議會預算審查","中等","素養題","地方議會刪減市府某項缺乏效益評估的支出，要求補充說明後再審議。這主要發揮何種功能？","制定地方自治法規並監督其適用","由市府依議會決議執行各項支出","由審計機關事後審核政府決算","預算審查與行政監督","3","預算審查與行政監督","","議會審查地方政府預算並要求說明，屬預算監督功能，答案 D。","[""辨認機關：地方議會審查市府支出。"",""要求效益評估是檢視公帑用途。"",""這是預算審查及行政監督，選 D。""]","先分辨公民權利、政府機關及程序，再判斷制度功能。","[]","","","","","","","","","","","","","","",""
"SOC-0997","社會","原創會考程度練習","","","九年級上","公民","行政透明與政府資訊","中等","素養題","民眾依法律申請查閱公共工程的決標金額與評選標準，政府應依法處理。這主要有助於什麼？","公共監督與資訊透明","保障投標廠商免受市場競爭","使民眾得以直接撤銷已完成的採購契約","由人民取代主管機關辦理工程驗收","0","公共監督與資訊透明","","公開採購資料可讓社會檢視公帑運用及程序，促進資訊透明與公共監督，答案 A。","[""申請內容涉及公共工程決標及評選。"",""資訊可供民眾檢查程序與公帑使用。"",""因此促進透明和監督，選 A。""]","先分辨公民權利、政府機關及程序，再判斷制度功能。","[]","","","","","","","","","","","","","","",""
"SOC-0998","社會","原創會考程度練習","","","九年級上","公民","公務員中立","中等","素養題","公務員辦理補助申請時，不因申請人支持哪個政黨而偏袒或刁難，主要應遵守什麼原則？","依法行政：行政措施須有法律依據並遵守法定程序","行政中立：公務員不得因政黨立場偏袒或差別對待","政治問責：民選政治人物須對施政結果負責","權力分立：不同政府部門各有法定職權","1","行政中立：公務員不得因政黨立場偏袒或差別對待","","題目聚焦公務員不因政黨立場偏袒或刁難申請人，直接對應行政中立原則。依法行政是所有行政行為的一般要求，但不是本題所問的特定原則。答案 B「行政中立：公務員不得因政黨立場偏袒或差別對待」。","[""比較申請人差異：政黨支持立場。"",""補助審查應依相同法定標準，而非政治偏好。"",""題幹特別指出不得因政黨立場偏袒，直接對應行政中立，選B「行政中立：公務員不得因政黨立場偏袒或差別對待」。""]","先分辨公民權利、政府機關及程序，再判斷制度功能。","[]","","","","","","","","","","","","","","",""
"SOC-0999","社會","原創會考程度練習","","","九年級上","公民","政治責任與辭職","中等","素養題","部會首長因政策執行重大失誤，向行政首長提出辭職以承擔政治責任。這與哪種責任較相關？","刑事責任：違法行為經司法程序追究刑罰","民事責任：依法賠償他人所受損害","政治責任","行政責任：違反公務規範而受行政懲處","2","政治責任","","政府官員因施政結果承擔職務上的政治後果，屬政治責任；是否另有法律責任須另行判定，答案 C。","[""題幹指出政策執行失誤及提出辭職。"",""辭職回應的是施政及職務責任。"",""這屬政治責任，選 C；不等同刑事定罪。""]","先分辨公民權利、政府機關及程序，再判斷制度功能。","[]","","","","","","","","","","","","","","",""
"SOC-1000","社會","原創會考程度練習","","","九年級上","公民","憲法保障基本權","中等","素養題","行政機關發布命令限制人民基本權，法院審查後認為命令牴觸憲法及法律。法治國家應如何處理？","由行政機關修改憲法，使命令溯及合法","以命令位階較低為由，仍保留其全部限制效力","由行政機關拒絕接受司法審查結果","依法律制度停止或撤銷違法限制","3","依法律制度停止或撤銷違法限制","","行政命令不得牴觸憲法與法律，經司法審查確認違法後，應依法停止或撤銷相關限制，答案 D。","[""確認命令限制基本權且被認定牴觸上位規範。"",""法規範有位階，命令須符合憲法和法律。"",""應依制度處理違法命令，選 D。""]","先分辨公民權利、政府機關及程序，再判斷制度功能。","[]","","","","","","","","","","","","","","",""
"OFF-0116","社會","官方歷屆真題","110","1","會考總複習","歷屆會考","110年社會第1題","進階","歷屆真題","觀光局推出圖（一）的十座島嶼探索活動。小蘭為想到臺灣進行島嶼旅遊的外國朋友規畫行程：先浮潛、欣賞當地原住民地下屋並品嘗飛魚料理；接著欣賞柱狀玄武岩與石滬；最後欣賞國家公園內的戰地風光與風獅爺文化。依序應前往圖中哪些島嶼？","①→②→④","②→⑦→⑨","③→⑤→⑧","④→⑥→⑩","2","③→⑤→⑧","","答案是 C（③→⑤→⑧）。地下屋與飛魚是蘭嶼特色，對應圖上的③；柱狀玄武岩與石滬對應澎湖的⑤；國家公園戰地景觀與風獅爺則是金門烈嶼的⑧。因此行程順序是③→⑤→⑧。","[""地下屋和飛魚料理是蘭嶼的人文與海洋特色，先在地圖上定位蘭嶼③。"",""柱狀玄武岩和石滬是澎湖群島的地景，題圖標示的位置為⑤。"",""戰地景觀與風獅爺指向金門烈嶼，圖上為⑧；依序排列③→⑤→⑧，選 C。""]","地理題可先把文化線索配對到地區，再回到圖上核對標號與行程順序。","[]","[""./assets/official-exams/110-social-q01-islands.svg""]","./assets/official-exams/110-social-q01-islands.svg","true","false","https://cap.rcpet.edu.tw/exam/110/110exam.html","https://drive.google.com/file/d/1pBrjHnXMCyTGmZgThvLVBpBlZaQkyU9t/view","","","","","","","","",""
"OFF-0117","社會","官方歷屆真題","110","2","會考總複習","歷屆會考","110年社會第2題","進階","歷屆真題","【資料】臺灣四家企業為了提升競爭力採取下列方法：甲：製鞋廠從中國沿海遷到內陸；乙：紡織廠研發吸濕排汗的機能布料；丙：煉鋼廠設置在高雄臨海工業區內；丁：電子廠自東南亞引進大量外籍勞工。

其中何者主要是為了增加產品附加價值？","甲","乙","丙","丁","1","乙","","增加產品附加價值是透過研發、設計或改善功能，讓產品更有特色並提高消費者願付的價值。乙研發吸濕排汗機能布料，直接提升紡織產品的功能與品質，因此選乙。甲遷廠主要改變生產地點與成本；丙選址於臨海工業區是區位選擇；丁引進外籍勞工是增加勞動力，都不是直接提升產品附加價值。","[""先辨認「產品附加價值」：重點是讓產品本身的功能、品質或特色提升，而非只改變工廠地點或投入要素。"",""乙透過研發吸濕排汗機能布料，增加布料的實用功能與差異性，能提高產品價值。"",""甲是遷廠，丙是工廠區位選擇，丁是增加勞動力；三者都沒有直接改良產品本身，因此答案為乙（B）。""]","遇到產業升級題，分辨策略是在降低成本、調整區位、增加勞力，還是改良產品功能與品質。","[]","[]","","false","false","https://cap.rcpet.edu.tw/exam/110/110exam.html","https://drive.google.com/file/d/1pBrjHnXMCyTGmZgThvLVBpBlZaQkyU9t/view","","","","","","","","",""
"OFF-0118","社會","官方歷屆真題","110","3","會考總複習","歷屆會考","110年社會第3題","進階","歷屆真題","圖（二）呈現1946年至1995年臺灣每月平均曬鹽產量。部分月份產量明顯偏低；根據臺灣曬鹽產區的氣候特性，造成低產量的氣候因素最可能為何？","蒸發較弱","降雨量較多","風力較強勁","日照時數較短","1","降雨量較多","","原卷圖（二）顯示曬鹽量在夏季雨季（約7至9月）明顯降至低點。降雨會稀釋鹵水、妨礙鹽分結晶，因此最可能的氣候因素是降雨量較多，選 B。","[""先從原卷月平均產量圖找低點：柱狀圖約在 7 至 9 月最低。"",""臺灣夏季降雨多，雨水會稀釋鹵水並妨礙日曬結晶。"",""故造成低產的氣候因素為降雨量較多，選 B。""]","看圖表要先找最低月份，再用當地季節氣候解釋；曬鹽怕雨水稀釋鹵水。","[]","[""./assets/official-exams/110-social-q03-salt-chart.svg""]","./assets/official-exams/110-social-q03-salt-chart.svg","true","false","https://cap.rcpet.edu.tw/exam/110/110exam.html","https://drive.google.com/file/d/1pBrjHnXMCyTGmZgThvLVBpBlZaQkyU9t/view","","","","","","","","",""
"OFF-0119","社會","官方歷屆真題","110","4","會考總複習","歷屆會考","110年社會第4題","進階","歷屆真題","中國某一跨海大橋於 2018 年完工，連結兩個特別行政區及一個經濟特區，可縮短往來三地的距離並強化經濟社會交流。上述跨海大橋應位於下列哪條河川的出海口？","珠江","長江","海河","黃河","0","珠江","","題幹指連接香港、澳門與珠海的港珠澳大橋；珠海位於珠江口西岸，香港、澳門亦在珠江口周邊，所以選 A「珠江」。長江、海河、黃河出海口都不在此區域。","[""先辨認三地：香港、澳門是特別行政區，珠海是經濟特區。"",""港珠澳大橋跨越珠江口，三地位於珠江口兩側。"",""故河川出海口為珠江，選 A。""]","地理定位題先用題幹中的城市定位，再辨認其所在河口或海灣。","[]","[]","","false","false","https://cap.rcpet.edu.tw/exam/110/110exam.html","https://drive.google.com/file/d/1pBrjHnXMCyTGmZgThvLVBpBlZaQkyU9t/view","","","","","","","","",""
"OFF-0120","社會","官方歷屆真題","110","5","會考總複習","歷屆會考","110年社會第5題","進階","歷屆真題","圖(三)為某座山山頂附近的等高線地形圖。小明要登上山頂，有甲、乙兩條路線可選；甲路線長1,150公尺，乙路線長1,300公尺。小明選擇乙路線，最可能考量下列何者？","甲路線起迄點高度差較大","乙路線登山步道相對較緩","甲路線位在河谷視野較差","乙路線位在山脊，視野較佳","1","乙路線登山步道相對較緩","","原卷圖（三）顯示甲、乙皆由同一登山口通往同一山頂，起終點高度差相同。乙路線長 1,300 公尺，較甲路線的 1,150 公尺長；在相同爬升下，乙的平均坡度較緩，因此「乙路線登山步道相對較緩」正確，選項 B。","[""從圖(三)確認甲、乙都是由同一登山口通往同一山頂。"",""兩條路線的起點與山頂相同，所以總爬升高度相同；地圖上的乙路線較迂迴，路程也較長。"",""因此乙路線步道相對較緩，選 B。""]","比較登山路線坡度時，要確認起終點相同，再比較相同爬升的水平路程。","[]","[""./assets/official-exams/110-social-q05-map.png""]","./assets/official-exams/110-social-q05-map.png","true","false","https://cap.rcpet.edu.tw/exam/110/110exam.html","https://drive.google.com/file/d/1pBrjHnXMCyTGmZgThvLVBpBlZaQkyU9t/view","","","","","","","","",""
"OFF-0121","社會","官方歷屆真題","110","6","會考總複習","歷屆會考","110年社會第6題","進階","歷屆真題","考古學者在臺灣東部發現距今約三萬年前的史前人類生活遺跡，推估當時的人 們已經懂得打製粗糙的石器，但還沒有磨製石器的技巧，也不懂如何蓋房子， 而是住在天然的洞穴裡。這些史前人類最可能以下列何種方式維持生活？","牧養牛羊","採集漁獵","種植稻米","圈養家畜","1","採集漁獵","","距今約三萬年前、使用打製石器並居住天然洞穴，屬舊石器時代生活型態。當時尚未發展農耕與畜牧，主要靠採集植物及漁獵維生，選 B「採集漁獵」。","[""打製石器、天然洞穴和距今數萬年指向舊石器時代。"",""農耕、稻作及畜牧須具備較成熟的生產技術，與題幹所述階段不符。"",""以採集和漁獵取得食物最符合，選 B。""]","史前生活可依石器技術、住所和是否生產食物判斷；打製石器與洞穴常對應採集漁獵。","[]","[]","","false","false","https://cap.rcpet.edu.tw/exam/110/110exam.html","https://drive.google.com/file/d/1pBrjHnXMCyTGmZgThvLVBpBlZaQkyU9t/view","","","","","","","","",""
"OFF-0122","社會","官方歷屆真題","110","7","會考總複習","歷屆會考","110年社會第7題","進階","歷屆真題","圖（四）是某一中國現代史攝影專輯的部分內容。圖中呈現的景象，最可能與下列何者有關？","大躍進","抗美援朝","改革開放","文化大革命","0","大躍進","","原卷圖（四）的照片說明呈現家庭婦女煉鐵及軍民合作煉鋼爐，反映以群眾動員方式大煉鋼的政策，對應1958年起的大躍進，選 A。抗美援朝是對外戰爭，改革開放始於1978年後，文化大革命則開始於1966年。","[""讀圖（四）照片說明：家庭婦女煉鐵、軍民合作建造煉鋼爐。"",""這是大躍進期間以群眾動員推行大煉鋼的景象。"",""故選 A「大躍進」；其他三項的歷史背景不符。""]","歷史圖像要讀照片說明文字；大煉鋼與群眾動員是大躍進的重要特徵。","[]","[""./assets/official-exams/110-social-q07-great-leap-photos.svg""]","./assets/official-exams/110-social-q07-great-leap-photos.svg","true","false","https://cap.rcpet.edu.tw/exam/110/110exam.html","https://drive.google.com/file/d/1pBrjHnXMCyTGmZgThvLVBpBlZaQkyU9t/view","","","","","","","","",""
"OFF-0123","社會","官方歷屆真題","110","8","會考總複習","歷屆會考","110年社會第8題","進階","歷屆真題","【圖表資料】約 1400 年，義大利商人運回歐洲的香料重量明顯高於葡萄牙（葡萄牙約為零）；到 1500 年，義大利運量大幅減少，葡萄牙運量則升高並超越義大利。此變化最可能與下列何者有關？","文藝復興的出現","工業革命的興起","海外新航路的發現","鄂圖曼土耳其帝國的滅亡","2","海外新航路的發現","","1400 至 1500 年間，葡萄牙運回歐洲的香料由幾乎沒有大幅增加並超越義大利，反映葡萄牙遠洋航行與通往亞洲的新航路開闢後，直接參與香料貿易。這最符合海外新航路的發現，選 C。文藝復興不是造成葡萄牙香料運量躍升的直接原因；工業革命發生於更晚的年代。","[""先比較兩個時間點：1400 年葡萄牙香料運量約為零；1500 年已明顯增加並超越義大利。"",""這表示葡萄牙在十五世紀逐步投入遠洋航行，開闢通往亞洲的海上路線並取得香料貿易。"",""因此最直接相關的是海外新航路的發現，答案為 C；工業革命年代較晚，文藝復興也不能直接解釋此貿易路線變化。""]","讀歷史圖表先找時間與地區的變化，再連結同一時期的交通、貿易和政治事件；不要只因年代接近就判定因果。","[]","[]","","false","false","https://cap.rcpet.edu.tw/exam/110/110exam.html","https://drive.google.com/file/d/1pBrjHnXMCyTGmZgThvLVBpBlZaQkyU9t/view","","","","","","","","",""
"OFF-0124","社會","官方歷屆真題","110","9","會考總複習","歷屆會考","110年社會第9題","進階","歷屆真題","一位外國記者記錄：1895 年，臺灣某地建築插上藍底黃虎旗，群眾情緒高昂，官民燃放鞭炮；當日本軍艦抵近的消息傳來，眾人才意識到建立新政權還需面對軍事威脅。上述內容與下列何者最為相關？","中華民國退出聯合國","《馬關條約》的簽署","臺灣地方自治聯盟的成立","臺灣省政府發布「戒嚴令」","1","《馬關條約》的簽署","","黃色老虎旗與群眾試圖建立新政權，指向1895年臺灣民主國成立；其背景是清廷依《馬關條約》將臺灣割讓日本，之後日軍抵臺，故選 B「《馬關條約》的簽署」。","[""新國旗上的黃虎是臺灣民主國的象徵，事件發生於 1895 年。"",""臺灣民主國成立是清廷割臺後的抗日行動，直接背景為《馬關條約》。"",""其他選項的聯合國、地方自治與戒嚴事件都不符合1895年時序，選 B。""]","歷史事件需同時辨認象徵物與年代；黃虎旗可連到 1895 年臺灣民主國。","[]","[]","","false","false","https://cap.rcpet.edu.tw/exam/110/110exam.html","https://drive.google.com/file/d/1pBrjHnXMCyTGmZgThvLVBpBlZaQkyU9t/view","","","","","","","","",""
"OFF-0125","社會","官方歷屆真題","110","10","會考總複習","歷屆會考","110年社會第10題","進階","歷屆真題","十七世紀時，臺灣某地區的原住民有許多人能閱讀西班牙文。荷蘭人在當地探查金礦時，需要聘用會說西班牙語的人，並以銀幣贈予原住民。此地區最可能位於圖（六）何處？","甲","乙","丙","丁","0","甲","","西班牙於1626年進入臺灣北部，據點在基隆一帶；題幹提到當地原住民能讀西班牙文，荷蘭人也需西班牙語通譯，指向北臺灣。原卷圖（六）北部標示甲，選 A。","[""十七世紀西班牙勢力曾進入臺灣北部，主要據點在基隆。"",""題幹以西班牙語能力和荷蘭人聘通譯作為地區線索。"",""圖（六）北部位置為甲，故選 A。""]","殖民勢力範圍題把史料線索（語言、傳教或據點）對照地圖位置。","[]","[""./assets/official-exams/110-social-q10-taiwan-locations.svg""]","./assets/official-exams/110-social-q10-taiwan-locations.svg","true","false","https://cap.rcpet.edu.tw/exam/110/110exam.html","https://drive.google.com/file/d/1pBrjHnXMCyTGmZgThvLVBpBlZaQkyU9t/view","","","","","","","","",""
"OFF-0126","社會","官方歷屆真題","110","11","會考總複習","歷屆會考","110年社會第11題","進階","歷屆真題","在咖啡廳打工的大牛，已超過《勞動基準法》童工的年齡範圍，但老闆仍要求他每週五加班到凌晨。某日，他與客人發生衝突，因而被移送少年法庭審理。根據上述內容判斷，下列關於大牛的敘述何者最適當？","屬於無責任能力人","屬於完全行為能力人","可能受到保護管束處分","可能被處以十五萬元罰鍰","2","可能受到保護管束處分","","《勞動基準法》所稱童工為 15 歲以上、未滿 16 歲的受僱者；16 至未滿 18 歲者仍受少年勞工規定保護。題幹只說大牛超過童工年齡，並未說已成年；既移送少年法庭，仍可能未滿 18 歲。少年法院可依個案裁定保護管束，故選 C。","[""區分兩個年齡概念：勞基法童工為 15 歲以上未滿 16 歲；少年事件中的少年仍可能是 16 至未滿 18 歲。"",""題目明示移送少年法庭，因此應思考少年保護事件可能採取的處分。"",""少年法院得裁定保護管束，選 C；老闆違法要求夜間加班是另一勞動法問題。""]","童工身分、少年司法身分及民事行為能力的年齡界線不同；不要把超過童工年齡等同成年。","[]","[]","","false","false","https://cap.rcpet.edu.tw/exam/110/110exam.html","https://drive.google.com/file/d/1pBrjHnXMCyTGmZgThvLVBpBlZaQkyU9t/view","","","","","","","","",""
"OFF-0127","社會","官方歷屆真題","110","12","會考總複習","歷屆會考","110年社會第12題","進階","歷屆真題","小皇為了完成課堂報告，蒐集三則新聞：①調查發現，過半數國中、小學生放學後上安親班或補習班；親子共處時，多數一起看電視或使用手機上網。②政府推動老人安養及長期照護福利，減輕有照護需求家庭的負擔。③單身及頂客家庭增加，飼養寵物陪伴的情形也增加，國內寵物數量已多於 0 至 6 歲嬰幼兒。這份報告最可能探討下列哪個主題？","家庭功能的變化","家庭成員的改變","社會教育的重要性","社會救助的迫切性","0","家庭功能的變化","","三則新聞分別涉及親子共處與課後照顧、長照福利，以及不同家庭型態的陪伴需求。共同焦點是家庭執行教育、照顧與情感支持等功能的方式改變，選 A。成員組成只是其中一則新聞，不足以概括另外兩則。","[""先找三則資料交集：親子共處、長照照顧、家庭陪伴對象。"",""它們都涉及家庭如何提供照顧、教育或情感支持，焦點是家庭功能。"",""故選 A，而非只描述成員組成的 B。""]","跨資料題找共同概念；不要因其中一則提到家庭結構，就把整題縮成單一新聞主題。","[]","[]","","false","false","https://cap.rcpet.edu.tw/exam/110/110exam.html","https://drive.google.com/file/d/1pBrjHnXMCyTGmZgThvLVBpBlZaQkyU9t/view","","","","","","","","",""
"OFF-0128","社會","官方歷屆真題","110","13","會考總複習","歷屆會考","110年社會第13題","進階","歷屆真題","我國中央政府基於五權分立、相互制衡的理念運作。某些職務雖有法定職權，行使時仍須取得其他機關同意才能完成，例如緊急命令的發布就包含多項法定程序。下列何者與上述事例的運作流程無關？","總統","行政院","立法院","司法院","3","司法院","","依憲法程序，總統發布緊急命令須經行政院會議決議，並於發布後送立法院追認；流程涉及總統、行政院與立法院，不涉及司法院，選 D。","[""回想憲法上的緊急命令程序：總統發布前須經行政院會議決議。"",""發布後須送立法院追認，因此前三個機關中的總統、行政院、立法院均相關。"",""司法院不參與該發布與追認流程，選 D。""]","機關權責題要按法定程序逐步列出，而非只憑五院名稱猜測。","[]","[]","","false","false","https://cap.rcpet.edu.tw/exam/110/110exam.html","https://drive.google.com/file/d/1pBrjHnXMCyTGmZgThvLVBpBlZaQkyU9t/view","","","","","","","","",""
"OFF-0129","社會","官方歷屆真題","110","14","會考總複習","歷屆會考","110年社會第14題","進階","歷屆真題","近來許多地方政府重新整頓閒置空間，每逢週末舉辦藝文活動，並對外進行攤位招商，有時還搭配煙火秀吸引遊客。由於此舉易造成周邊交通壅塞，加上地方財政困窘，輿論對此作法有諸多批評，但不少地方政府仍持續舉辦。下列何者最可能是上述地方政府作為的目的？","籌措地方自治財源","提供人民社會福利","維護自然環境資源","保障民眾言論自由","0","籌措地方自治財源","","整頓空間、辦活動並招商設攤可吸引遊客、增加攤位或場地收入。題幹特別指出地方財政困窘，最能解釋地方政府仍持續辦理的目的，是籌措地方自治財源，選 A；其餘選項與招商及財政線索不合。","[""抓住地方財政困窘與招商設攤兩條線索。"",""招商和活動收入可增加地方政府可運用的財源。"",""因此目的最可能是籌措地方自治財源，選 A。""]","政策目的題要將政府行動與題幹明示的問題連起來；招商、收費常與財源有關。","[]","[]","","false","false","https://cap.rcpet.edu.tw/exam/110/110exam.html","https://drive.google.com/file/d/1pBrjHnXMCyTGmZgThvLVBpBlZaQkyU9t/view","","","","","","","","",""
"OFF-0130","社會","官方歷屆真題","110","15","會考總複習","歷屆會考","110年社會第15題","進階","歷屆真題","圖(七)是某機關發布的管理計畫摘錄，該機關將依計畫管制指定觀光地區的活動範圍、時間及遊客行為。下列關於此管理計畫的敘述何者最適當？","限制了觀光遊客的人身自由","將影響漁撈工作者的財產權","管制行為有助於維持經濟秩序","實施管制是為了增進公共利益","3","實施管制是為了增進公共利益","","圖(七)的管理目標包括維護遊憩品質、保護海洋生態與保障遊客安全，並以遊客總量及活動規範來落實。這些都是面向全體的公共利益，選 D；不能把管理措施直接等同剝奪人身自由或漁民財產權。","[""讀圖(七)的管理目標：景點品質、海洋生態環境及遊客安全。"",""每日遊客量及活動管制是實現上述共同利益的手段。"",""因此選 D「實施管制是為了增進公共利益」。""]","判斷行政管制目的要看計畫明示的目標，再區分手段與目的。","[]","[""./assets/official-exams/110-social-q15-management-plan.svg""]","./assets/official-exams/110-social-q15-management-plan.svg","true","false","https://cap.rcpet.edu.tw/exam/110/110exam.html","https://drive.google.com/file/d/1pBrjHnXMCyTGmZgThvLVBpBlZaQkyU9t/view","","","","","","","","",""
"OFF-0131","社會","官方歷屆真題","110","16","會考總複習","歷屆會考","110年社會第16題","進階","歷屆真題","森林消失受自然與人為因素影響，大規模種植作物是重要因素之一。圖(八)為某國際組織運用衛星影像推算非洲三國 2001 至 2014 年森林消失面積的統計。圖中森林消失面積的變化，最可能反映何種作物大量種植？","小麥","可可","棉花","橄欖","1","可可","","先由圖例找出森林消失面積最高、2014 年又明顯上升的曲線，再辨認其代表象牙海岸。象牙海岸位於西非，是可可主要產區；為開闢可可園而開墾森林，與圖中趨勢相符，選 B。","[""先看圖例辨認三國，並比較各國森林消失面積；象牙海岸曲線最高，末期上升明顯。"",""象牙海岸是西非可可主要產地，大量開墾可可園會造成森林減少。"",""因此最可能大量種植的是可可，選 B。""]","圖表需同時讀國名、趨勢與區域產業；國別資料比只看「非洲」更能支持推論。","[]","[""./assets/official-exams/110-social-q16-forest-chart.svg""]","./assets/official-exams/110-social-q16-forest-chart.svg","true","false","https://cap.rcpet.edu.tw/exam/110/110exam.html","https://drive.google.com/file/d/1pBrjHnXMCyTGmZgThvLVBpBlZaQkyU9t/view","","","","","","","","",""
"OFF-0132","社會","官方歷屆真題","110","17","會考總複習","歷屆會考","110年社會第17題","進階","歷屆真題","1942 年，中國對外陸路交通遭日軍阻斷，盟軍因此開闢「駝峰航線」，由印度東北部阿薩姆一帶飛往中國雲南昆明，運送戰略物資。當時螺旋槳飛機須沿山谷飛行，航線高低起伏如駝峰。依原卷附圖所示路線，該航線越過下列哪個地形區？","天山山脈","青藏高原","橫斷山脈","內蒙古高原","2","橫斷山脈","","圖(九)的航線由印度阿薩姆一帶飛往雲南昆明，進入中國西南後穿越高山深谷交錯的橫斷山區。四個選項中符合航線位置的是橫斷山脈，選 C；天山與內蒙古高原都位於更北方。","[""由圖(九)確認路線起於印度東北、終於昆明。"",""航線進入中國西南山地，圖示位置與橫斷山脈相符。"",""故選 C「橫斷山脈」；天山及內蒙古高原都在更北或西北。""]","路線題要看圖示實際經過的地形區，避免把所有高山統稱為喜馬拉雅山。","[]","[""./assets/official-exams/110-social-q17-hump-route.svg""]","./assets/official-exams/110-social-q17-hump-route.svg","true","false","https://cap.rcpet.edu.tw/exam/110/110exam.html","https://drive.google.com/file/d/1pBrjHnXMCyTGmZgThvLVBpBlZaQkyU9t/view","","","","","","","","",""
"OFF-0133","社會","官方歷屆真題","110","18","會考總複習","歷屆會考","110年社會第18題","進階","歷屆真題","下列是不同月份到某地旅遊應注意的事項：「一月溫度較低且降雨機率高，記得準備厚外套、手套、圍巾和雨具；四月時山花漸開，下雨的機率漸減；七、八月氣候偏乾且日照強烈，需注意防曬；十月起天氣漸涼，早晚溫差大，且雨水漸多，可帶件薄外套。」該地最可能是下列何種氣候類型？","熱帶莽原氣候","溫帶大陸性氣候","夏雨型暖溫帶氣候","溫帶地中海型氣候","3","溫帶地中海型氣候","","題幹呈現北半球冬季（1月）冷且多雨、夏季（7至8月）乾燥晴朗的反季節降雨型態，符合溫帶地中海型氣候，選 D。夏雨型暖溫帶在夏季雨量較多，與題幹相反；另外兩種氣候也不具典型夏乾冬雨特徵。","[""將各月份整理成季節變化：冬季冷且雨多，夏季乾燥、日照強。"",""地中海型氣候的典型特徵是夏乾冬雨。"",""因此選 D「溫帶地中海型氣候」。""]","氣候題用降雨季節性比對：地中海型是夏乾冬雨。","[]","[]","","false","false","https://cap.rcpet.edu.tw/exam/110/110exam.html","https://drive.google.com/file/d/1pBrjHnXMCyTGmZgThvLVBpBlZaQkyU9t/view","","","","","","","","",""
"OFF-0134","社會","官方歷屆真題","110","19","會考總複習","歷屆會考","110年社會第19題","進階","歷屆真題","臺灣目前有四個國家風景區設置北回歸線標誌，包括花東縱谷、東部海岸、澎湖及雲嘉南濱海國家風景區。四處標誌的座標如下：甲 23.45°N、121.50°E；乙 23.45°N、120.14°E；丙 23.47°N、121.36°E；丁 23.48°N、119.51°E。何者位於雲嘉南濱海國家風景區範圍內？","甲","乙","丙","丁","1","乙","","比較經度可先分辨東西位置：甲、丙約 121°E，位於臺灣東部；丁約 119.5°E，位於澎湖；乙約 120.14°E，位在嘉義沿海，屬雲嘉南濱海國家風景區，選 B。","[""先比經度：120.14°E 位於臺灣西側，121°E 以上則較靠東部。"",""再看緯度 23.45°N，乙落在嘉義沿海一帶，符合雲嘉南濱海。"",""因此選乙，答案 B。""]","座標定位先分辨經度的東西，再用緯度及地名縮小到區域。","[]","[]","","false","false","https://cap.rcpet.edu.tw/exam/110/110exam.html","https://drive.google.com/file/d/1pBrjHnXMCyTGmZgThvLVBpBlZaQkyU9t/view","","","","","","","","",""
"OFF-0135","社會","官方歷屆真題","110","20","會考總複習","歷屆會考","110年社會第20題","進階","歷屆真題","為促進太陽能產業發展，印度與法國於2015年宣布推動國際太陽能聯盟，計畫邀請121個太陽能資源豐富的國家加入，並提供資金協助成員國發展潔淨、可負擔的太陽能發電。上述國家最不可能位於下列何地？","阿拉伯半島","玻里尼西亞","加勒比海地區","斯堪地那維亞半島","3","斯堪地那維亞半島","","國際太陽能聯盟最初以位於北回歸線與南回歸線之間、太陽能資源豐富的國家為主要對象。阿拉伯半島、玻里尼西亞與加勒比海均有熱帶地區；斯堪地那維亞半島遠在高緯度，不符合這項區域條件，選 D。","[""題幹以豐富太陽能資源界定參與國家，需考慮緯度與日照。"",""阿拉伯半島、玻里尼西亞、加勒比海均有低緯度區域；斯堪地那維亞位於北歐高緯度。"",""最不可能的是斯堪地那維亞半島，選 D。""]","判斷太陽能資源時，高緯度日照季節差異大；低緯度通常全年日照較充足。","[]","[]","","false","false","https://cap.rcpet.edu.tw/exam/110/110exam.html","https://drive.google.com/file/d/1pBrjHnXMCyTGmZgThvLVBpBlZaQkyU9t/view","","","","","","","","",""
"OFF-0136","社會","官方歷屆真題","110","21","會考總複習","歷屆會考","110年社會第21題","進階","歷屆真題","圖(十)呈現某一時期東亞部分國家的都城 規畫，以及交流路線示意圖。根據內容 判斷，圖中的路線最可能是下列何者？","鄭成功船隊在東亞的貿易路線","耶穌會教士在東亞的傳教路線","甲午戰爭時日本進攻中國的路線","唐朝時日本使者前往中國的路線","3","唐朝時日本使者前往中國的路線","","圖(十)標出日本都城與唐朝長安城，海上路線由日本經朝鮮半島一帶前往中國，符合唐代日本使者赴唐學習制度與文化的遣唐使路線，選 D「唐朝時日本使者前往中國的路線」。","[""先讀圖(十)中的兩端都城標示：日本與長安城。"",""路線連結日本與唐朝都城，符合遣唐使往返交流。"",""故選 D；鄭成功、耶穌會及甲午戰爭都不符合圖示年代與路線。""]","歷史地圖可用都城名稱與路線方向辨認交流主體及時代。","[]","[""./assets/official-exams/110-social-q21-tang-mission-route.svg""]","./assets/official-exams/110-social-q21-tang-mission-route.svg","true","false","https://cap.rcpet.edu.tw/exam/110/110exam.html","https://drive.google.com/file/d/1pBrjHnXMCyTGmZgThvLVBpBlZaQkyU9t/view","","","","","","","","",""
"OFF-0137","社會","官方歷屆真題","110","22","會考總複習","歷屆會考","110年社會第22題","進階","歷屆真題","小民蒐集中國近代某一歷史事件的四份相關資料，如下：
資料一：？
資料二：英國人派來攻打中國的上萬名士兵，在北京天壇紮營，他們的馬蹂躪著一切。
資料三：俄國人洗劫北京頤和園的行動已完成，所有珍貴物品都已包裝並貼上標籤。
資料四：法、德兩國把北京天文台的珍貴儀器據為己有，儀器將被送往巴黎和柏林。
資料一最可能是下列何者？","太平軍正向北方發展，勢力從南京向首都北京地區蔓延","大學生罷課、結隊在全城遊行，並聚集至親日官員住宅抗議","義和團燒毀天主教堂、美國傳教團體的房舍，以及海關外國雇員的住所","武昌已經宣布成立共和政權，革命軍隊準備和來自北方的清朝軍隊作戰","2","義和團燒毀天主教堂、美國傳教團體的房舍，以及海關外國雇員的住所","","資料二至四描述英、俄、法、德等國軍隊進入北京並掠奪文物，指向 1900 年八國聯軍侵華。與此事件相連的背景是義和團排外並攻擊教堂、傳教團體及外國機構，因此資料一選 C「義和團燒毀天主教堂、美國傳教團體的房舍，以及海關外國雇員的住所」。太平天國、五四運動及辛亥革命都不符合此一年代與脈絡。","[""先由資料二至四辨認外國聯軍在北京的軍事行動與掠奪，定位 1900 年八國聯軍侵華。"",""再找與該事件脈絡相連的義和團排外行動；義和團曾攻擊教堂及外國相關機構。"",""故資料一選 C；其餘選項屬不同時期的內亂、學生運動或革命。""]","史料題需區分事件中的行動者與前後因果；義和團的反教排外行動與八國聯軍介入是相關但不同的行動。","[]","[]","","false","false","https://cap.rcpet.edu.tw/exam/110/110exam.html","https://drive.google.com/file/d/1pBrjHnXMCyTGmZgThvLVBpBlZaQkyU9t/view","","","","","","","","",""
"OFF-0138","社會","官方歷屆真題","110","23","會考總複習","歷屆會考","110年社會第23題","進階","歷屆真題","下列為兩本不同時代史書對中國 長江中下游某地景觀的描述： 史書一：「地廣人稀，以稻米為飯，以魚類為菜，採行火耕等原始的耕種方 式。人們沒有積蓄，……既無挨餓受凍之人，也無千金富戶。」 史書二：「水澤廣闊，良田廣茂，桑樹遍野，田地與溝渠綿延相望，村舍錯 落，田間小路交織，好像美麗的刺繡。」 上述轉變與下列何者的關係最為密切？","張騫通西域","「六朝」的開發","坊市制度的廢除","「萬里長城」的修築","1","「六朝」的開發","","答案 B「六朝的開發」。史書一寫長江中下游地廣人稀、火耕、生活物資有限；史書二則是水田、桑田、良田與村落密布，顯示該區農業與人口聚落大幅發展。魏晉南北朝的六朝時期，北方人口南遷並帶來勞動力與技術，促進江南開發，最能解釋這種轉變。張騫通西域、長城修築與該地區農田景觀關係較遠；坊市制度變化也不是農業開發的主因。","[""比較兩段描述：由稀疏、原始耕作變成良田、水渠與村落綿延。"",""這反映長江中下游農業生產與人口開發程度提升。"",""六朝時期南遷人口帶入技術並開發江南，故選 B。""]","歷史景觀題先由文字找社會經濟變化，再連結能造成該變化的人口與制度因素。","[]","[]","","false","false","https://cap.rcpet.edu.tw/exam/110/110exam.html","https://drive.google.com/file/d/1pBrjHnXMCyTGmZgThvLVBpBlZaQkyU9t/view","","","","","","","","",""
"OFF-0139","社會","官方歷屆真題","110","24","會考總複習","歷屆會考","110年社會第24題","進階","歷屆真題","一位西方記者報導：「過去，美歐人士在中國許多城市享有領事裁判權，也有本國軍隊駐紮。但戰爭改變了一切：領事裁判權被取消，美歐人士必須接受中國司法管轄，逍遙於中國司法之外的日子一去不復返。」上述「戰爭」最可能是指下列何者？","鴉片戰爭","國民革命軍北伐","第一次世界大戰","第二次世界大戰","3","第二次世界大戰","","答案 D「第二次世界大戰」。中國在二戰期間與英國、美國簽訂新約，放棄在華治外法權，領事裁判權等特權因此取消，外國人改受中國司法管轄。這項變化發生於戰爭期間，不能誤寫成戰後才簽約。鴉片戰爭後的不平等條約反而建立並擴大列強特權；北伐雖推動收回部分權利，題幹所述制度性取消則對應二戰期間的新約。","[""題幹關鍵是領事裁判權被取消、外國人改受中國司法管轄。"",""中國與英、美分別於 1943 年、二戰期間簽訂放棄在華治外法權的新約。"",""故選 D；簽約不是戰後才發生，鴉片戰爭則是特權形成的背景。""]","近代史要分清不平等條約取得特權與戰後廢除特權的先後方向。","[]","[]","","false","false","https://cap.rcpet.edu.tw/exam/110/110exam.html","https://drive.google.com/file/d/1pBrjHnXMCyTGmZgThvLVBpBlZaQkyU9t/view","","","","","","","","",""
"OFF-0140","社會","官方歷屆真題","110","25","會考總複習","歷屆會考","110年社會第25題","進階","歷屆真題","甲、乙兩人在社群網站留言討論投資報酬率。甲說：「我這段期間投資的報酬率還不錯，剛好 20%。」乙說：「我的投資金額和甲相同，但獲利金額只有甲的一半。」若三人的投資報酬率高低為丙＞甲＞乙，哪一則最可能是丙的留言？","我的投資金額為10萬元，獲利金額為2萬元","我的投資金額是甲的兩倍，但獲利金額與甲相同","我的獲利金額和甲相同，但投資金額只有甲的一半","我的獲利金額是乙的一半，投資金額也只有乙的一半","2","我的獲利金額和甲相同，但投資金額只有甲的一半","","答案 C。報酬率＝獲利÷投資本金。甲的獲利率是 20%；丙若獲利與甲相同、本金只有甲的一半，獲利率會是甲的兩倍。乙留言說本金和甲相同但獲利只有一半，因此乙報酬率低於甲。故丙＞甲＞乙，符合 C。","[""把報酬率寫成獲利金額除以投資金額。"",""丙的分子與甲相同、分母為一半，所以報酬率為甲的兩倍。"",""乙本金同甲、獲利減半，報酬率低於甲；因此 C 符合丙最高。""]","投資報酬率比較不能只看賺多少，要用獲利除以本金。","[]","[]","","false","false","https://cap.rcpet.edu.tw/exam/110/110exam.html","https://drive.google.com/file/d/1pBrjHnXMCyTGmZgThvLVBpBlZaQkyU9t/view","","","","","","","","",""
"OFF-0141","社會","官方歷屆真題","110","26","會考總複習","歷屆會考","110年社會第26題","進階","歷屆真題","甲國為了降低國內吸菸人口，針對每包 菸品課徵售價30%的菸稅，而自2017年 起更提高至50%。圖(十二)是新制上路前 後，國內菸稅金額的變化情況，根據圖 15 中資訊判斷，下列何者最適合用來說明 2016年底時所發生的變化？","比較利益","預期心理","供給法則","受益原則","1","預期心理","","答案 B「預期心理」。新制自 2017 年起提高菸稅，原卷折線圖顯示 2016 年底調稅正式生效前，菸稅收入先大幅上升，隨後 2017 年初明顯下降。消費者預期稅率上調後菸價會變貴，於年底先行購買、囤貨，短期推高銷售與稅收；新制後需求回落。這不是供給法則或比較利益。","[""讀圖找異常時點：2016 年 12 月上升，2017 年 2 月降至低點。"",""稅率尚未調高前提前購買，最合理的原因是預期未來價格上漲而先囤貨。"",""因此選 B「預期心理」。""]","政策生效前的短期交易變化，常由民眾對未來價格或規則的預期造成。","[]","[""./assets/official-exams/110-social-q26-tobacco-tax-chart.svg""]","./assets/official-exams/110-social-q26-tobacco-tax-chart.svg","true","false","https://cap.rcpet.edu.tw/exam/110/110exam.html","https://drive.google.com/file/d/1pBrjHnXMCyTGmZgThvLVBpBlZaQkyU9t/view","","","","","","","","",""
"OFF-0142","社會","官方歷屆真題","110","27","會考總複習","歷屆會考","110年社會第27題","進階","歷屆真題","小蔡多次趁消費時詐騙某一店家財物，老闆不甘受騙報警處理。雖然小蔡遭 逮後深表懊悔，並賠償店家損失達成和解，老闆也決定不提出告訴，但警方 仍依法將他移送法辦，最後小蔡遭法院判處罰金。上述小蔡與老闆達成和 解，以及被法院判罰的部分，依序屬於下列何種類型？","行政案件、告訴乃論的刑事案件","民事事件、告訴乃論的刑事案件","行政案件、非告訴乃論的刑事案件","民事事件、非告訴乃論的刑事案件","3","民事事件、非告訴乃論的刑事案件","","答案 D。店家與小蔡就損失賠償、和解，是私人權利義務的民事事件；警方仍移送、法院即使店家不提告仍判罰，表示詐欺部分不是告訴乃論，屬非告訴乃論刑事案件。和解可能處理民事賠償，不能讓國家追訴的犯罪自動消失。","[""先分兩條法律關係：賠償損失是被害人與行為人間的民事和解。"",""店家撤回提告仍被警方移送並判罰，顯示刑事追訴不以被害人提告為必要。"",""所以依序為民事事件、非告訴乃論刑事案件，選 D。""]","同一行為可同時涉及民事賠償與刑事責任；和解不必然終止刑事程序。","[]","[]","","false","false","https://cap.rcpet.edu.tw/exam/110/110exam.html","https://drive.google.com/file/d/1pBrjHnXMCyTGmZgThvLVBpBlZaQkyU9t/view","","","","","","","","",""
"OFF-0143","社會","官方歷屆真題","110","28","會考總複習","歷屆會考","110年社會第28題","進階","歷屆真題","金芳工廠評估三種營運策略的收支情況。表中銷貨收入與生產成本單位為萬元／月：增產甲產品，收入 120、成本 90；增產乙產品，收入 105、成本為 ☆；維持現狀，收入 80、成本 40。若僅考量利潤，工廠最佳選擇是「維持現狀」，且此選擇的機會成本是「增產乙產品」，則 ☆ 最可能是多少？","80","70","60","50","1","70","","答案 B（70 萬元）。維持現狀利潤為 80−40＝40 萬；增產甲利潤為 120−90＝30 萬。既然維持現狀是最佳方案，次佳且被放棄的方案是乙，則乙利潤須介於 30 萬與 40 萬之間。乙收入 105 萬，所以成本 ☆ 須滿足 30＜105−☆＜40，即 65＜☆＜75；選項只有 70。","[""分別算已知方案利潤：維持現狀 40 萬，增產甲 30 萬。"",""最佳為維持現狀、機會成本為乙，代表乙是第二佳：利潤高於甲但低於 40 萬。"",""令 30＜105−☆＜40，得 65＜☆＜75，選 70。""]","機會成本是放棄方案中價值最高者；要先排出所有方案的利潤，再解未知數。","[]","[]","","false","false","https://cap.rcpet.edu.tw/exam/110/110exam.html","https://drive.google.com/file/d/1pBrjHnXMCyTGmZgThvLVBpBlZaQkyU9t/view","","","","","","","","",""
"OFF-0144","社會","官方歷屆真題","110","29","會考總複習","歷屆會考","110年社會第29題","進階","歷屆真題","圖(十三)中的甲地為美國退役飛機存放的地 點之一，以便這些飛機做後續的處置與再利 用。根據當地的地理環境特色判斷，選擇該 地點存放與下列何者關係最密切？","位於加州 矽谷，維修人力充足","地處北美大平原上，地廣人稀","氣候乾燥少雨，避免零件鏽蝕","鄰近墨西哥灣，利於拆解轉售","2","氣候乾燥少雨，避免零件鏽蝕","","答案 C「氣候乾燥少雨，避免零件鏽蝕」。地圖中的甲位於美國亞利桑那州圖森附近的戴維斯—蒙森空軍基地飛機儲存區，當地乾燥少雨，可降低退役飛機長期露天存放時金屬零件受潮鏽蝕的程度。矽谷維修人力、北美大平原人口稀少及鄰近墨西哥灣都不是該地選址的主要地理優勢。","[""先從原卷地圖定位甲：美國西南內陸的亞利桑那州，而非加州或墨西哥灣沿岸。"",""該地沙漠氣候乾燥，適合長期露天保存飛機，減少鏽蝕。"",""因此選 C。""]","地理選址題要把地圖位置和當地氣候、地形等條件連起來，不要只看國家或區域名稱。","[]","[""./assets/official-exams/110-social-q29-us-aircraft-map.svg""]","./assets/official-exams/110-social-q29-us-aircraft-map.svg","true","false","https://cap.rcpet.edu.tw/exam/110/110exam.html","https://drive.google.com/file/d/1pBrjHnXMCyTGmZgThvLVBpBlZaQkyU9t/view","","","","","","","","",""
"OFF-0145","社會","官方歷屆真題","110","30","會考總複習","歷屆會考","110年社會第30題","進階","歷屆真題","圖(十四)是以每5歲為一級距，統計2013年世 界各年齡層人口數的示意圖，其中不同顏色 代表不同洲的資料。圖中丙應為哪一洲？","非洲","亞洲","歐洲","中南美洲","2","歐洲","","答案 C「歐洲」。圖中丙的人口結構底部（0–14 歲）相對狹窄，中高齡人口所占較大，呈現出生率偏低、人口老化的型態，符合 2013 年歐洲人口年齡結構。非洲年輕人口比重大、底部寬；亞洲與中南美洲整體年齡結構較年輕，不能與丙的窄底部特徵相符。","[""依圖例先比較各洲 0–14 歲底部和 65 歲以上人口比例。"",""丙的幼年人口底部較窄、老年人口相對較多，呈老化型。"",""這是歐洲人口結構特徵，選 C。""]","人口金字塔先看底部寬窄和頂部比例：底窄頂相對寬通常表示少子化與高齡化。","[]","[""./assets/official-exams/110-social-q30-age-pyramid.svg""]","./assets/official-exams/110-social-q30-age-pyramid.svg","true","false","https://cap.rcpet.edu.tw/exam/110/110exam.html","https://drive.google.com/file/d/1pBrjHnXMCyTGmZgThvLVBpBlZaQkyU9t/view","","","","","","","","",""
"OFF-0146","社會","官方歷屆真題","110","31","會考總複習","歷屆會考","110年社會第31題","進階","歷屆真題","「飛行釀酒師」是一個特別的行業，他們搭乘飛機穿梭在全球各地的葡萄園 提供技術指導，尤其是在秋季葡萄採收時最為忙碌。某一釀酒師在澳洲葡萄 採收的季節前往該國協助，則他在澳洲停留的月分最可能為下列何者？","1、2月","3、4月","6、7月","9、10月","1","3、4月","","答案 B「3、4 月」。澳洲位於南半球，季節與北半球相反；葡萄在澳洲秋季成熟採收，通常落在 3、4 月。1、2 月是澳洲夏季前段，6、7 月是冬季，9、10 月是春季，均不是題目所說的秋收時節。","[""先判斷澳洲位於南半球，月份季節和臺灣等北半球相反。"",""澳洲秋季約在 3 至 5 月，葡萄採收的選項時段為 3、4 月。"",""故選 B。""]","跨半球季節題先反轉季節，再用作物生長季判斷月份。","[]","[]","","false","false","https://cap.rcpet.edu.tw/exam/110/110exam.html","https://drive.google.com/file/d/1pBrjHnXMCyTGmZgThvLVBpBlZaQkyU9t/view","","","","","","","","",""
"OFF-0147","社會","官方歷屆真題","110","32","會考總複習","歷屆會考","110年社會第32題","進階","歷屆真題","歐洲萊茵河與多瑙河以運河相連。甲港口是運河上的重要轉運樞紐。下表為 2016 年各國與甲港口間的船舶貨運量：荷蘭 100,488 公噸、德國 68,520 公噸、比利時 50,813 公噸、奧地利 34,498 公噸、匈牙利 8,891 公噸、法國 5,552 公噸、斯洛伐克 4,094 公噸、羅馬尼亞 854 公噸。根據表中資料，貨運量較大的河流注入哪個海域？","北海","黑海","地中海","波羅的海","0","北海","","答案 A「北海」。表中荷蘭、德國、比利時與甲港口間的貨運量明顯高於奧地利、匈牙利、羅馬尼亞等國，指向西歐萊茵河流域的主要航運；萊茵河經德國、荷蘭向北注入北海。與其經運河相連的多瑙河向東流入黑海，並非表中貨運量較大的流域。","[""比較題表數據：荷蘭、德國、比利時的貨運量遠高於奧地利、匈牙利、羅馬尼亞。"",""這些高貨運量國家指向西歐萊茵河航運；萊茵河經德國、荷蘭注入北海。"",""因此選 A；連接運河的多瑙河則注入黑海。""]","河川航運題先辨認流域國家，再回想河流流向與注入海域。","[]","[]","","false","false","https://cap.rcpet.edu.tw/exam/110/110exam.html","https://drive.google.com/file/d/1pBrjHnXMCyTGmZgThvLVBpBlZaQkyU9t/view","","","","","","","","",""
"OFF-0148","社會","官方歷屆真題","110","33","會考總複習","歷屆會考","110年社會第33題","進階","歷屆真題","「早期，臺灣中部山區的原住民開墾坡地時，會先砍伐樹木，待其充分乾燥後點火焚燒，坡地因此留下不少灰燼，可作為肥料。首年的收穫相當可觀，但通常僅能耕作 3 至 5 年，便須遷移到其他坡地，再以相同方式開墾。」上述農墾方式最可能也出現在下列哪一地區？","印尼 蘇門答臘島","埃及 尼羅河三角洲","加拿大 拉布拉多高原","俄羅斯 西伯利亞山地","0","印尼 蘇門答臘島","","答案 A「印尼蘇門答臘島」。題幹的刀耕火種是熱帶雨林區常見的移墾農業：砍伐、焚燒植被，以草木灰短暫增加土壤肥力，地力耗竭後再遷移。印尼蘇門答臘島位於赤道附近，具熱帶雨林環境；尼羅河三角洲是灌溉農業區，加拿大高原與西伯利亞山地氣候寒冷，不適合此種農法。","[""辨認方式：焚燒植被、用灰燼肥田、短期耕作後移到另一坡地，屬刀耕火種。"",""這種移墾農業較適合濕熱、森林茂密的熱帶地區。"",""蘇門答臘島位於赤道熱帶，選 A。""]","農業方式配地區時要看氣候與植被；移墾焚耕常見於熱帶森林，不是寒帶或灌溉平原。","[]","[]","","false","false","https://cap.rcpet.edu.tw/exam/110/110exam.html","https://drive.google.com/file/d/1pBrjHnXMCyTGmZgThvLVBpBlZaQkyU9t/view","","","","","","","","",""
"OFF-0149","社會","官方歷屆真題","110","34","會考總複習","歷屆會考","110年社會第34題","進階","歷屆真題","「通風廊道」主要由公園與綠地組成，目的是引導都市外涼爽、乾淨的空氣流入，以改善市中心悶熱、汙濁的環境；廊道走向主要與當地盛行風向一致。圖(十五)為中國季風氣候區內某都市的風向頻率圖。根據該都市的主要風向，通風廊道最可能如何規畫？","A","B","C","D","3","D","","風向頻率圖的全年平均曲線主要沿南北軸延伸，表示風較常由南北方向進出都市。通風廊道應順著這個軸向，D 的廊道走向最接近南北向；A 近東西向，B、C 為斜向，較不符合全年主風向，因此選 D。","[""先依圖例辨認全年平均曲線；風花圖從中心向某方向延伸越長，代表該方向出現頻率越高。"",""全年平均曲線主要沿南北軸延伸，因此廊道也要大致南北向，才能順著常見風向引入空氣。"",""比較四個方案，D 最接近南北向；A 東西向，B、C 斜向，故選 D。""]","風向頻率圖從中心沿方位讀；規劃廊道是順風導流，不是把廊道畫成與風向垂直。","[]","[""./assets/official-exams/110-social-q34-wind-rose.svg"",""./assets/official-exams/110-social-q34-corridor-options.svg""]","./assets/official-exams/110-social-q34-wind-rose.svg","true","false","https://cap.rcpet.edu.tw/exam/110/110exam.html","https://drive.google.com/file/d/1pBrjHnXMCyTGmZgThvLVBpBlZaQkyU9t/view","","","","","","","","",""
"OFF-0150","社會","官方歷屆真題","110","35","會考總複習","歷屆會考","110年社會第35題","進階","歷屆真題","歷史上某種組織的設立目的，是為了保護城市同業會員的利益，其作法包 括：(1)禁止非會員營業；(2)會員間有互助救濟的責任；(3)規定價格、品質、 工資、工作條件，以限制競爭。此種組織最可能是下列何者？","中共人民公社","蒙古帝國的驛站","唐代的市舶司","中世紀西歐行會","3","中世紀西歐行會","","答案 D「中世紀西歐行會」。行會是城市中同一行業者組成的團體，透過限制非會員營業、制定價格與品質規範、互助救濟來維護會員利益並控制競爭。人民公社是農村集體組織；驛站供交通傳遞使用；市舶司是管理海外貿易的官方機構，均不符合題幹列出的同業規範。","[""抓題幹特徵：城市、同業會員、限制非會員、共同訂定品質與價格。"",""這是中世紀城市行會的典型功能。"",""因此選 D；其他選項的組織目的分別是農業集體、交通傳遞或海貿管理。""]","制度辨識題把組織對象與職能一起看；同業自律與限制競爭指向行會。","[]","[]","","false","false","https://cap.rcpet.edu.tw/exam/110/110exam.html","https://drive.google.com/file/d/1pBrjHnXMCyTGmZgThvLVBpBlZaQkyU9t/view","","","","","","","","",""
"OFF-0151","社會","官方歷屆真題","110","36","會考總複習","歷屆會考","110年社會第36題","進階","歷屆真題","歷史老師上課時以因果圖說明某史事的影響：神聖羅馬帝國瓦解、民族意識受到激發、拉丁美洲爭取獨立。圖中的「？」最可能是哪一史事？","美國獨立戰爭","英國光榮革命","拿破崙向外擴張","俾斯麥推動國家統一","2","拿破崙向外擴張","","答案 C「拿破崙向外擴張」。原卷圖(十六)列出神聖羅馬帝國瓦解、民族意識受到激發、拉丁美洲爭取獨立等影響，這些都與拿破崙戰爭及其軍隊將革命理念帶往歐洲、海外的擴張有關。美國獨立戰爭、英國光榮革命或俾斯麥統一都無法同時說明圖中這些跨區域影響。","[""逐一讀圖中的結果：神聖羅馬帝國瓦解、民族意識增長、拉丁美洲獨立運動。"",""拿破崙對外征戰改變歐洲政治版圖，也傳播民族與革命思想。"",""因此圖中事件是拿破崙向外擴張，選 C。""]","歷史因果圖題要找能同時解釋多個結果的事件，不只配對其中一項。","[]","[]","","false","false","https://cap.rcpet.edu.tw/exam/110/110exam.html","https://drive.google.com/file/d/1pBrjHnXMCyTGmZgThvLVBpBlZaQkyU9t/view","","","","","","","","",""
"OFF-0152","社會","官方歷屆真題","110","37","會考總複習","歷屆會考","110年社會第37題","進階","歷屆真題","【通行證內容】英國領事致法軍司令：持本通行證者為宣教士馬偕博士，他希望進入貴國占領地探訪所屬教會。身為英國領事，懇請准許馬偕進入並在當地安全通行。依這份通行證所述的占領情境，最可能是下列何時何地？","鴉片戰爭期間的打狗","英 法聯軍期間的安平","中 法戰爭期間的基隆","甲午戰爭期間的澎湖","2","中 法戰爭期間的基隆","","答案 C「中法戰爭期間的基隆」。通行證由英國領事寫給法軍司令，請求允許馬偕進入「貴國占領地」探訪教會，顯示法軍正在臺灣占領一處地區。中法戰爭期間法軍曾進攻並占領基隆，符合人物、發證者與地點線索；打狗、安平和澎湖分別對應其他戰事或不符此次法軍占領地。","[""讀通行證關係：英國領事致函法軍司令，請准許馬偕進入法國占領區。"",""法軍在中法戰爭期間曾占領基隆，並與在臺傳教活動相連。"",""所以選 C；不是英法聯軍，也不是甲午戰爭的澎湖。""]","史料題從發信人、收信人、占領者與地點交叉定位，不要只憑單一人名猜年代。","[]","[]","","false","false","https://cap.rcpet.edu.tw/exam/110/110exam.html","https://drive.google.com/file/d/1pBrjHnXMCyTGmZgThvLVBpBlZaQkyU9t/view","","","","","","","","",""
"OFF-0153","社會","官方歷屆真題","110","38","會考總複習","歷屆會考","110年社會第38題","進階","歷屆真題","小芳撰寫「臺灣糖業發展」的課堂報告，想討論在十九世紀中後期臺灣糖業 所發生的變化，下列何者最能夠呈現當時的變化？","新式糖廠用縱貫鐵路運送蔗糖","興建嘉南大圳使甘蔗產量增加","蔗糖可由洋行收購，銷往國外","臺灣開始種植甘蔗，發展糖業","2","蔗糖可由洋行收購，銷往國外","","答案 C「蔗糖可由洋行收購，銷往國外」。題目問十九世紀中後期的變化，這時臺灣既有甘蔗與糖業，重要變化是外商洋行收購蔗糖並輸出海外。A 的縱貫鐵路與新式糖廠屬日治時期；B 嘉南大圳是二十世紀建設；D 說臺灣此時才開始種甘蔗，與更早已有糖業的歷史不符。","[""先鎖定年代：十九世紀中後期，排除日治時期鐵路與嘉南大圳。"",""該時期的對外貿易擴大，洋行收購臺糖並運往海外。"",""故選 C；甘蔗與製糖並非十九世紀才開始。""]","臺灣經濟史選項常以建設年代區分；先排出鐵路、水利設施何時出現。","[]","[]","","false","false","https://cap.rcpet.edu.tw/exam/110/110exam.html","https://drive.google.com/file/d/1pBrjHnXMCyTGmZgThvLVBpBlZaQkyU9t/view","","","","","","","","",""
"OFF-0154","社會","官方歷屆真題","110","39","會考總複習","歷屆會考","110年社會第39題","進階","歷屆真題","「吳生是徽州人，屢次參加科舉未中，為謀生而行醫。當時徽州商人活躍全國，並形成商幫。有一年，他赴省城參加鄉試，恰逢老友求診；老友痊癒，他卻再次落榜。終其一生未能中舉，卻成為良醫。」依據徽商與商幫興盛的時代背景，吳生最可能是哪一時期的讀書人？","西漢時期","隋唐時期","北宋時期","明清時期","3","明清時期","","答案 D「明清時期」。題幹明說徽州商人活躍於全國並形成商幫，這是明清商業與商幫發展的典型背景；同時科舉制度成熟，讀書人可能落第後以行醫謀生。隋唐已有科舉，但題幹所述徽商與成熟商幫網絡最符合明清。","[""以「徽州商人活躍全國、形成商幫」作為年代線索。"",""徽商與其他商幫在明清時期興盛，和科舉社會並存。"",""因此選 D；隋唐已有科舉但尚非題幹描述的徽商全國商幫時代。""]","歷史人物背景題抓最具辨識度的社會經濟線索，避免只看到科舉便選最早朝代。","[]","[]","","false","false","https://cap.rcpet.edu.tw/exam/110/110exam.html","https://drive.google.com/file/d/1pBrjHnXMCyTGmZgThvLVBpBlZaQkyU9t/view","","","","","","","","",""
"OFF-0155","社會","官方歷屆真題","110","40","會考總複習","歷屆會考","110年社會第40題","進階","歷屆真題","圖(十八)是某戰爭中，交戰雙方（陣營一、陣營二）各成員國的軍隊陣亡人數圖。圖中的甲與乙最可能分別是哪兩國？","甲：美國，乙：德國","甲：德國，乙：俄國","甲：日本，乙：中國","甲：俄國，乙：美國","1","甲：德國，乙：俄國","","答案 B「甲：德國，乙：俄國」。原卷圖(十八)中陣營一包括保加利亞、奧匈帝國等同盟國，甲是主要成員德國；陣營二有英、法、義大利等協約國，乙是俄國。兩陣營組合符合第一次世界大戰的交戰關係；德國與俄國軍隊陣亡人數也對應圖中各自主要柱段。","[""先從陣營成員辨認戰爭：保加利亞、奧匈帝國等屬同盟國；英、法、義大利等屬協約國。"",""陣營一主要未標名國甲為德國，陣營二的乙為俄國。"",""故選 B；其餘配對把國家放錯陣營。""]","戰爭統計圖先用已標出的盟國辨認陣營，再推未知國家；不要只比較單一柱高。","[]","[""./assets/official-exams/110-social-q40-wwi-casualties-chart.svg""]","./assets/official-exams/110-social-q40-wwi-casualties-chart.svg","true","false","https://cap.rcpet.edu.tw/exam/110/110exam.html","https://drive.google.com/file/d/1pBrjHnXMCyTGmZgThvLVBpBlZaQkyU9t/view","","","","","","","","",""
"OFF-0156","社會","官方歷屆真題","110","41","會考總複習","歷屆會考","110年社會第41題","進階","歷屆真題","有一本1926年出版的書籍，對於臺北名勝介紹如下：「圓山公園位在距離臺 北車站1.8哩之處，隔基隆河與臺灣神社相望，樹木繁盛，滿山翠綠。園內有 市立動物園，動物園飼養了來自世界各地的珍禽異獸，遊覽者眾，此動物園 被公認是國內的五大動物園之一。」上述內容中「國內的五大動物園」最可 能還包括下列何地的動物園？","上海","馬尼拉","京城(首爾)","巴達維亞(雅加達)","2","京城(首爾)","","答案 C「京城（首爾）」。這本書出版於 1926 年，當時臺灣受日本統治；原文「國內」是以日本帝國的行政範圍來說，朝鮮也在其統治範圍內，因此朝鮮京城（今首爾）的動物園可列入。上海、馬尼拉與巴達維亞當時分屬不同殖民政權或國家，不屬於此處的「國內」。","[""先用 1926 年判斷臺灣仍在日本統治下。"",""文中的「國內」應按當時日本帝國範圍理解；朝鮮京城在其殖民統治內。"",""因此選 C，而非中國上海、菲律賓馬尼拉或荷屬東印度巴達維亞。""]","歷史地理詞語要放回當時政治疆界理解；「國內」未必等於今天的國界。","[]","[]","","false","false","https://cap.rcpet.edu.tw/exam/110/110exam.html","https://drive.google.com/file/d/1pBrjHnXMCyTGmZgThvLVBpBlZaQkyU9t/view","","","","","","","","",""
"OFF-0157","社會","官方歷屆真題","110","42","會考總複習","歷屆會考","110年社會第42題","進階","歷屆真題","【網路新聞】消費者注意：豪旺公司未經主管機關許可，自國外引進宣稱具有療效的床墊販售牟利，違反《藥事法》規定。相關單位調查後，決定對該公司業務負責人提起公訴。依此案件處理過程，最可能出現下列哪種情況？","大法官對案件進行公平審理","檢察官主導案件的偵查工作","消保官追訴負責人的犯罪行為","書記官協助業者進行調解事宜","1","檢察官主導案件的偵查工作","","答案 B「檢察官主導案件的偵查工作」。新聞指出公司未經主管機關許可引進並販售床墊，相關單位調查後將業務負責人提起公訴；涉嫌違法犯罪時，檢察官負責偵查並代表國家提起公訴。大法官不審理一般犯罪個案；消保官可處理消費爭議但不追訴刑事犯罪；書記官負責法院文書與程序事務，並不替業者調解。","[""先由新聞辨認這是疑似違法案件，最後對業務負責人提起公訴。"",""刑事案件偵查、起訴由檢察官職掌，對應 B。"",""A、C、D 分別混淆大法官職權、消保官職權與書記官工作。""]","公民職權題先分清行政消費處理、檢察偵查起訴與法院審判各自角色。","[]","[]","","false","false","https://cap.rcpet.edu.tw/exam/110/110exam.html","https://drive.google.com/file/d/1pBrjHnXMCyTGmZgThvLVBpBlZaQkyU9t/view","","","","","","","","",""
"OFF-0158","社會","官方歷屆真題","110","43","會考總複習","歷屆會考","110年社會第43題","進階","歷屆真題","阿治在網路上分享自己潛水時觸碰綠蠵龜的影片，引發爭議。由於觸碰保育類動物涉嫌違反《野生動物保育法》，若法院作成有期徒刑的一審判決，而阿治不服判決，應採取下列哪一方式救濟？","向相關單位提出請願","向高等法院提起上訴","向訴願管轄機關提出訴願","向高等行政法院提起上訴","1","向高等法院提起上訴","","答案 B「向高等法院提起上訴」。題幹明示法院判處有期徒刑，屬刑事案件；若不服刑事判決，應依刑事訴訟審級程序提起上訴，向上級普通法院尋求救濟。訴願與行政訴訟是對行政處分的救濟，不適用於刑事判決。","[""辨認有期徒刑是刑事法院可能作出的刑罰，不是行政罰鍰。"",""不服刑事判決應依刑事訴訟程序上訴，而非提訴願。"",""題目要求選擇上級普通法院救濟，故選 B；行政法院處理行政爭訟。""]","先分辨刑罰與行政罰：有期徒刑屬刑事判決救濟；罰鍰行政處分才走訴願、行政訴訟程序。","[]","[]","","false","false","https://cap.rcpet.edu.tw/exam/110/110exam.html","https://drive.google.com/file/d/1pBrjHnXMCyTGmZgThvLVBpBlZaQkyU9t/view","","","","","","","","",""
"OFF-0159","社會","官方歷屆真題","110","44","會考總複習","歷屆會考","110年社會第44題","進階","歷屆真題","某機關希望縮短民眾停車時間、提高車位流動率，使更多洽公民眾能使用車位，因此設計費率：停車 20 分鐘內離場收 0 元；第一個小時收 40 元；第二個小時起每小時收 100 元。該機關設定停車費率所運用的經濟學概念，與下列何者最相似？","慶祝擴大營業，全店半價促銷","物價持續上漲，貨幣價值降低","提高銷貨收入，增加公司利潤","香蕉價格下跌，種植農民變少","0","慶祝擴大營業，全店半價促銷","","機關以不同停車時段的費率改變民眾的選擇：短停免收費、久停提高費用，藉價格誘因縮短停車時間、提升車位周轉率。全店半價也利用價格誘因影響消費者行為，因此最相似的是 A。B 是通貨膨脹，C 是營收與利潤關係，D 是價格變動影響供給量，均非以價格設計引導行為。 正確答案為 A「慶祝擴大營業，全店半價促銷」。","[""題目政策的目的不是單純增加收入，而是利用停車費差異鼓勵短停、減少久停。"",""價格改變會影響使用者的選擇，屬於以價格誘因引導行為。全店半價促銷同樣以價格調整影響消費者決策。"",""物價上漲是通貨膨脹；銷貨收入增加不必然是誘因政策；香蕉價格下跌使供給者減少則是供給反應。因此選 A。""]","判斷經濟情境時先找政策目的：價格是單純反映市場變化，還是被設計來改變人們的選擇？","[]","[]","","false","false","https://cap.rcpet.edu.tw/exam/110/110exam.html","https://drive.google.com/file/d/1pBrjHnXMCyTGmZgThvLVBpBlZaQkyU9t/view","","","","","","","","",""
"OFF-0160","社會","官方歷屆真題","110","45","會考總複習","歷屆會考","110年社會第45題","進階","歷屆真題","表列燕玲日常生活中的四種情況：甲，鄰居庭院的花枯死了，燕玲對聞不到花香感到可惜；乙，對面住家半夜大聲播放音樂，害燕玲睡不著；丙，隔壁住戶的狼犬警戒心很強，讓燕玲也住得安心；丁，樓下熱炒店被檢舉後油煙味減少，燕玲覺得很高興。哪兩種情況隱含「外部成本」？","甲、乙","丙、丁","甲、丙","乙、丁","3","乙、丁","","外部成本是某人的行為使未參與交易的他人受損。乙的深夜噪音妨礙燕玲睡眠；丁的油煙曾影響燕玲，油煙減少後她感到高興，表示原本存在由店家活動造成的外部成本。因此答案是乙、丁（D）。甲、丙描述的是鄰居活動帶來的負面或正面外部效益，不是外部成本。","[""外部成本指行為者未自行承擔、卻由旁人承受的損害；外部效益則是旁人獲得好處。"",""乙的深夜音樂使燕玲無法入睡，是噪音造成的外部成本。丁的油煙減少讓燕玲高興，反映原先油煙對她造成外部成本。"",""甲是花香帶來的外部效益消失；丙是狼犬帶來的安全外部效益，所以符合外部成本的是乙、丁，選 D。""]","用「行為者以外的人」是否受損來辨認外部成本；若題目描述改善後鄰居更高興，通常表示原有負面外部性下降。","[]","[]","","false","false","https://cap.rcpet.edu.tw/exam/110/110exam.html","https://drive.google.com/file/d/1pBrjHnXMCyTGmZgThvLVBpBlZaQkyU9t/view","","","","","","","","",""
"OFF-0161","社會","官方歷屆真題","110","46","會考總複習","歷屆會考","110年社會第46題","進階","歷屆真題","我國為避免選舉過度密集，目前原則上每兩年交錯辦理中央與地方公職人員選舉。下列整理 2018 年九合一選舉可能領取的選票組合：甲：直轄市市長、直轄市議員、縣長、縣議員、縣轄市市長、市民代表、山地原住民區長、山地原住民區民代表、里（村）長；乙：縣長、縣議員、縣轄市市長、市民代表、山地原住民區長、山地原住民區民代表、里（村）長；丙：直轄市市長、直轄市議員、里（村）長；丁：縣轄市市長、山地原住民區民代表、里（村）長。若小華有此次選舉投票權，哪一組是他依法可能領取的選票組合？","甲","乙","丙","丁","2","丙","","答案 C（丙）。民國 107 年九合一選舉中，直轄市居民可領市長、市議員與里長選票；若居住在山地原住民區，才另有區長、區民代表等選票。原卷表（八）丙列出的正是直轄市長、直轄市議員及里（村）長，組合合法。甲把不同縣市層級職務全混在一起；乙、丁也混入互不相容的縣、市或原住民區職務。","[""先依居住地區分地方選舉職務：直轄市有市長、市議員與里長。"",""丙列出這三種可同時投票的職務，符合一般直轄市選民。"",""因此選 C；縣長、縣議員、區長等職務不能全部由同一地區選民同時投選。""]","選票組合題先確定選民居住的地方制度，再檢查職務是否屬於同一層級與同一選區。","[]","[]","","false","false","https://cap.rcpet.edu.tw/exam/110/110exam.html","https://drive.google.com/file/d/1pBrjHnXMCyTGmZgThvLVBpBlZaQkyU9t/view","","","","","","","","",""
"OFF-0162","社會","官方歷屆真題","110","47","會考總複習","歷屆會考","110年社會第47題","進階","歷屆真題","小毛：「老師，為什麼每年學校都要送應屆考生包子、蛋糕和粽子的餐盒？」老師：「因為包子、蛋糕和粽子的諧音為『包高中』，寓有對考生祝福吉利的意思。」上述學校作為所隱含的社會規範，其性質與下列何者最類似？","除夕當晚家家戶戶團圓圍爐","遛狗時隨手清理愛犬的糞便","許多阿拉伯人每日都做禮拜","騎車時使用手機會被開罰單","0","除夕當晚家家戶戶團圓圍爐","","答案 A「除夕當晚家家戶戶團圓圍爐」。學校送包子、蛋糕、粽子是以諧音祝福考生的習俗，屬長期沿用、由社會共同接受的風俗規範；除夕團圓圍爐同樣是傳統習俗。B 是明確的公德行為規範，C 是宗教規範，D 是法律規範，性質不同。","[""題幹以食物諧音寄託祝福，沒有法律強制或宗教教義，是風俗習慣。"",""除夕團圓圍爐也由家庭與社會傳承，屬相似的習俗規範。"",""故選 A；清狗便、宗教禮拜與交通罰則分別偏向公德、宗教、法律規範。""]","社會規範辨識可問：是法律強制、宗教教義、公德要求，還是長期傳承的習俗？","[]","[]","","false","false","https://cap.rcpet.edu.tw/exam/110/110exam.html","https://drive.google.com/file/d/1pBrjHnXMCyTGmZgThvLVBpBlZaQkyU9t/view","","","","","","","","",""
"OFF-0163","社會","官方歷屆真題","110","48","會考總複習","歷屆會考","110年社會第48題","進階","歷屆真題","【開票資料】○○市第二選區第 59 號投開票所：候選人得票數為王大銘 203 票、趙小虹 1,046 票、康自強 344 票；政黨得票數為甲黨 1,039 票、乙黨 89 票、丙黨 326 票、丁黨 159 票。依上述開票結果判斷，此項選舉所選出的公職人員應具有下列何項職權？","依法公布法律、命令","編列中央政府的預算","質詢地方政府的行政官員","提出總統、副總統彈劾案","3","提出總統、副總統彈劾案","","同時有選區候選人票與政黨票，顯示這是立法委員選舉，選出的公職人員為立法委員。立法院有提出總統、副總統彈劾案的職權，因此選 D。公布法律、命令是總統職權；編列中央政府預算由行政院提出；質詢地方政府官員則屬地方議會職權。","[""開票資料同時列出選區候選人得票及政黨得票，對應立法委員選舉的區域與政黨票制度。"",""立法委員屬立法院，立法院可依法提出總統、副總統彈劾案，故 D 正確。"",""公布法律、命令是總統職權；編列中央政府預算由行政院提出；質詢地方政府行政官員是地方議會監督地方行政機關的職權。""]","從選舉制度辨認公職，再把職權分配給總統、行政院、立法院或地方議會，不要只看題目出現的地名。","[]","[]","","false","false","https://cap.rcpet.edu.tw/exam/110/110exam.html","https://drive.google.com/file/d/1pBrjHnXMCyTGmZgThvLVBpBlZaQkyU9t/view","","","","","","","","",""
"OFF-0164","社會","官方歷屆真題","110","49","會考總複習","歷屆會考","110年社會第49題","進階","歷屆真題","圖(二十)顯示 2008 至 2014 年臺灣不同規模國小校數的變化，此趨勢與下列哪一臺灣社會現象的關係最密切？","國內的生育率下降","外籍配偶人數增加","國民義務教育延長","隔代教養家庭增加","0","國內的生育率下降","","答案 A「國內生育率下降」。原卷圖(二十)顯示 2008–2014 年 900 人以下的小型國小校數增加，而 901 人以上的大型校數減少。出生人口減少會使原本較大的學校學生規模縮小，部分學校落入小型校級距，因此與生育率下降最相關。外籍配偶增加、義務教育延長或隔代教養增加，不能直接解釋這種整體校規模轉變。","[""讀圖辨認兩條趨勢：小校數上升，大校數下降。"",""學生來源人口減少會使學校平均規模縮小，部分學校從大校轉為小校。"",""人口出生率下降能解釋此趨勢，選 A。""]","人口變化影響教育設施時，要把人口規模與學校分級人數的移動連起來。","[]","[""./assets/official-exams/110-social-q49-school-size-chart.svg""]","./assets/official-exams/110-social-q49-school-size-chart.svg","true","false","https://cap.rcpet.edu.tw/exam/110/110exam.html","https://drive.google.com/file/d/1pBrjHnXMCyTGmZgThvLVBpBlZaQkyU9t/view","","","","","","","","",""
"OFF-0165","社會","官方歷屆真題","110","50","會考總複習","歷屆會考","110年社會第50題","進階","歷屆真題","某內閣制國家在國會大選結束後，該國最大黨因與其他政黨在移民、環保政策等問題上難以達成共識，導致遲遲無法組成聯合政府。根據上述內容判斷，下列何者最可能為該國的選舉結果？","A","B","C","D","3","D","","答案 D。題幹說最大黨無法與其他黨在移民、環保等政策上達成共識，因而遲遲不能組成聯合政府，代表國會沒有單一政黨取得足以單獨執政的多數，各黨席次分散且政治立場不同。原卷 D 圖的席次分布由多黨分占，最大黨未過半；A、B、C 的最大黨席次明顯占多數，較不會出現組閣僵局。","[""從『最大黨仍須找其他黨組聯合政府』推知沒有政黨單獨過半。"",""再看四圖，D 的席次由多個政黨分散持有，最大黨未達半數。"",""因此選 D；單一黨掌握明顯多數的圖形不符合組閣困難情境。""]","內閣制組閣題要看國會席次是否過半；最大黨不等於多數黨。","[]","[""./assets/official-exams/110-social-q50-parliament-seat-options.svg""]","./assets/official-exams/110-social-q50-parliament-seat-options.svg","true","false","https://cap.rcpet.edu.tw/exam/110/110exam.html","https://drive.google.com/file/d/1pBrjHnXMCyTGmZgThvLVBpBlZaQkyU9t/view","","","","","","","","",""
"OFF-0166","社會","官方歷屆真題","110","51","會考總複習","歷屆會考","110年社會第51題","進階","歷屆真題","2018年的「世界音樂節@臺灣」邀請了世界各地的音樂團體來臺演出，其中 來自厄瓜多的樂團帶來安地斯山風情的音樂，讓我們可以藉此欣賞該國的文 化特色。上述文化特色最可能為下列何者？","中東新樂曲","印加傳統音樂","寶萊塢歌舞劇","愛爾蘭踢踏舞樂","1","印加傳統音樂","","答案 B「印加傳統音樂」。厄瓜多位於南美洲安地斯山區，該地歷史文化與印加文明及其前身的高地原住民族傳統相關，安地斯音樂常使用排笛、泛管等樂器。寶萊塢屬印度電影歌舞，中東新樂曲與愛爾蘭踢踏舞樂也不符合厄瓜多的區域文化脈絡。","[""定位厄瓜多：南美洲西北部、安地斯山脈。"",""安地斯山區的重要歷史文化來源包括印加文明，對應印加傳統音樂。"",""故選 B；其他選項分屬南亞、中東或歐洲文化。""]","文化地理題把地點與歷史文明區域配對，不要只根據節慶或表演形式猜。","[]","[]","","false","false","https://cap.rcpet.edu.tw/exam/110/110exam.html","https://drive.google.com/file/d/1pBrjHnXMCyTGmZgThvLVBpBlZaQkyU9t/view","","","","","","","","",""
"OFF-0167","社會","官方歷屆真題","110","52","會考總複習","歷屆會考","110年社會第52題","進階","歷屆真題","圖(二十一)中標示的甲處，自西元前四世紀至西元七世紀，官方使用的文字因外來統治者更替而有所不同。這些官方文字使用時間的先後順序，最可能為下列何者？","希臘文→拉丁文→阿拉伯文","希臘文→阿拉伯文→拉丁文","阿拉伯文→拉丁文→希臘文","阿拉伯文→希臘文→拉丁文","0","希臘文→拉丁文→阿拉伯文","","依本題的預期概括，答案 A「希臘文→拉丁文→阿拉伯文」：希臘化王朝、羅馬帝國、阿拉伯政權先後統治埃及。不過這是以帝國代表性語言作簡化排序；羅馬統治時期，希臘文仍長期廣泛用於埃及行政，拉丁文並未全面取代它。題目若把「官方使用」理解為埃及地方行政語言，選項的表述不夠精確；作答時應辨認其所採的政權語言概括，並留意這項史實限制。","[""先依題圖定位甲處為埃及，題目問外來統治者更替後的官方文字先後。"",""埃及先受希臘化政權統治，後納入羅馬帝國，再於七世紀遭阿拉伯征服。"",""依題目採用的政權代表性語言概括，作答選 A；但不可延伸成拉丁文全面取代羅馬時期埃及行政中的希臘文。""]","史實補充：羅馬統治埃及時，希臘文仍廣泛用於地方行政；原題把政權代表性語言簡化為時序，不能當作語言全面替換的完整描述。","[]","[""./assets/official-exams/110-social-q52-egypt-location-map.svg""]","./assets/official-exams/110-social-q52-egypt-location-map.svg","true","false","https://cap.rcpet.edu.tw/exam/110/110exam.html","https://drive.google.com/file/d/1pBrjHnXMCyTGmZgThvLVBpBlZaQkyU9t/view","","","","","","","","",""
"OFF-0168","社會","官方歷屆真題","110","53","會考總複習","歷屆會考","110年社會第53題","進階","歷屆真題","以下是一位學者對於歷史上某次政治改革所做的評論：「憲法由資政院起草議 決，皇帝頒布；修正權屬於國會；皇帝權力以憲法規定者為限。上述這些規定 雖限制了部分皇權，卻仍然強調皇帝神聖不可侵犯，對於人民的民主權利隻字 未提。」根據內容判斷，推行上述政治改革的最可能是下列何者？","1860年的太平天國","1911年的清朝政府","1947年的國民政府","1949年的中華人民共和國","1","1911年的清朝政府","","答案 B「1911 年的清朝政府」。材料說憲法由資政院起草議決、皇帝頒布，皇帝仍神聖不可侵犯，只限制部分皇權且未保障人民民主權利，對應清末預備立憲與《欽定憲法大綱》。太平天國、民國政府及中華人民共和國都不符合這種保留皇帝主權的憲政安排。","[""抓關鍵詞：資政院、皇帝頒布、皇帝神聖不可侵犯。"",""這是清末預備立憲的特色，1911 年清政府仍以皇帝為核心。"",""故選 B；其他選項的政體皆無此皇帝憲法安排。""]","近代憲政改革題要看權力最後仍歸誰；限制皇權但保留君主主權，指向清末立憲。","[]","[]","","false","false","https://cap.rcpet.edu.tw/exam/110/110exam.html","https://drive.google.com/file/d/1pBrjHnXMCyTGmZgThvLVBpBlZaQkyU9t/view","","","","","","","","",""
"OFF-0169","社會","官方歷屆真題","110","54","會考總複習","歷屆會考","110年社會第54題","進階","歷屆真題","某年世界新生兒性別比為 106；同年甲、乙、丙三國的性別比分別為 114、108、105。根據這些資料判斷，下列何者最可能描述甲國的社會現況？","戰亂頻仍，社會環境不夠穩定","重男輕女，性別刻板印象普遍","思想觀念開放，尊重多元性別發展","屬於母系社會，後代子女多從母姓","1","重男輕女，性別刻板印象普遍","","答案 B「重男輕女，性別刻板印象普遍」。原卷圖(二十二)顯示甲的新生兒性別比為 114，高於世界平均 106，代表男嬰相對女嬰比例異常偏高，可能反映偏好男孩的觀念或性別選擇。戰亂不會直接造成此種穩定的性別比偏高；尊重多元性別或母系社會也不能解釋出生性別比例。","[""先讀圖：甲 114、乙 108、丙 105，世界平均為 106。"",""甲明顯高於自然常見比例，表示男嬰相對過多。"",""重男輕女的性別偏好最能解釋，選 B。""]","性別比題要先確認比值方向與基準，再把異常數據連結到社會因素。","[]","[]","","false","false","https://cap.rcpet.edu.tw/exam/110/110exam.html","https://drive.google.com/file/d/1pBrjHnXMCyTGmZgThvLVBpBlZaQkyU9t/view","","","","","","","","",""
"OFF-0170","社會","官方歷屆真題","110","55","會考總複習","歷屆會考","110年社會第55題","進階","歷屆真題","表(十)是臺灣農工業產品在外銷貿易額中所占的比例。1962 年：農業產品 49%、工業產品 51%；1973 年：農業產品 17%、工業產品 83%。根據數據判斷，造成此變化的原因最可能與下列哪一經濟措施有關？","推動耕者有其田","加入世界貿易組織","實施出口導向政策","成立新竹科學工業園區","2","實施出口導向政策","","答案 C「實施出口導向政策」。表中 1962 至 1973 年農業產品占外銷比重由 49% 降到 17%，工業產品由 51% 升到 83%，顯示臺灣出口結構轉向工業製品。政府推動出口擴張、發展加工出口與外銷工業，可直接說明此變化。耕者有其田是土地改革；加入 WTO 和新竹科學園區都晚於這段期間。","[""比較表格：工業產品出口占比增加 32 個百分點，農業產品下降 32 個百分點。"",""這表示工業化與外銷工業快速發展。"",""最符合 1960 年代經濟措施的是出口導向政策，選 C。""]","讀年代統計題時，把趨勢和政策發生時間配對；排除晚於數據期間的措施。","[]","[]","","false","false","https://cap.rcpet.edu.tw/exam/110/110exam.html","https://drive.google.com/file/d/1pBrjHnXMCyTGmZgThvLVBpBlZaQkyU9t/view","","","","","","","","",""
"OFF-0171","社會","官方歷屆真題","110","56","會考總複習","歷屆會考","110年社會第56題","進階","歷屆真題","【閱讀材料】約翰．馬歇爾畢業於英國劍橋大學，曾參與希臘遺址考古。1902 年，他獲大英博物館推薦，前往英國在亞洲的殖民地擔任考古局局長，持續挖掘與研究當地古蹟；其中，他曾復原並研究桑奇遺址（原文雙底線標示處），其佛塔、石柱與碑文見證早期佛教建築及藝術發展。

根據材料，馬歇爾被派遣到的殖民地最可能是下列何地？","印度","越南","土耳其","澳大利亞","0","印度","","答案 A「印度」。馬歇爾 1902 年被派往英國在亞洲的殖民地擔任考古局局長；當時印度是英國殖民地，且他後來主持印度考古調查工作。越南屬法國殖民地，土耳其不是英國殖民地，澳大利亞雖受英國統治但不是題幹所述亞洲考古局所在地。","[""依材料的年份 1902 與『英國在亞洲的殖民地』定位。"",""英屬印度設有考古調查機構，馬歇爾被派任考古局局長。"",""故選印度 A。""]","殖民地題同時看宗主國、地區與人物職務，避免只按殖民歷史泛選。","[]","[]","","false","true","https://cap.rcpet.edu.tw/exam/110/110exam.html","https://drive.google.com/file/d/1pBrjHnXMCyTGmZgThvLVBpBlZaQkyU9t/view","","","","","","","","",""
"OFF-0172","社會","官方歷屆真題","110","57","會考總複習","歷屆會考","110年社會第57題","進階","歷屆真題","【閱讀材料】約翰．馬歇爾畢業於英國劍橋大學，曾參與希臘遺址考古。1902 年，他獲大英博物館推薦，前往英國在亞洲的殖民地擔任考古局局長，持續挖掘與研究當地古蹟；其中，他曾復原並研究桑奇遺址（原文雙底線標示處），其佛塔、石柱與碑文見證早期佛教建築及藝術發展。

文中雙底線標示的遺址已列入世界文化遺產，最可能是因為它具有下列哪項價值？","彰顯伊斯蘭文化的擴張與融合","展現早期佛教建築藝術的特色","見證了殖民體系下的軍事防禦","保存了工業革命時的工廠形式","1","展現早期佛教建築藝術的特色","","答案 B「展現早期佛教建築藝術的特色」。共用材料談馬歇爾在印度考古，並指出被雙底線標示的塔院、石柱碑文與佛陀有關，這些遺址遺構見證早期佛教建築及藝術。題文沒有提伊斯蘭文化融合、殖民軍事防禦或工業革命工廠。","[""先依共用文章定位：馬歇爾的考古工作在印度，雙底線處是佛教遺址。"",""塔、佛教碑文等遺構可作為早期佛教建築藝術的歷史見證。"",""因此選 B。""]","世界遺產題要把遺址特色與文化內容相連；不要用地點的其他歷史時期代替題幹線索。","[]","[]","","false","true","https://cap.rcpet.edu.tw/exam/110/110exam.html","https://drive.google.com/file/d/1pBrjHnXMCyTGmZgThvLVBpBlZaQkyU9t/view","","","","","","","","",""
"OFF-0173","社會","官方歷屆真題","110","58","會考總複習","歷屆會考","110年社會第58題","進階","歷屆真題","【閱讀材料】臺灣雲豹原始棲地主要在海拔 1,500 公尺以下的暖溫帶常綠森林。土地開發後，研究者從長者與有狩獵經驗的原住民蒐集曾捕獲或目擊的紀錄，多數地點在中央山脈南段。研究人員調查三年多仍未發現雲豹，遂依條件推估可能棲地：先選海拔 300 至 2,000 公尺、面積超過 40 平方公里的森林；再納入距主要棲地 1 公里內且面積大於 4 平方公里的破碎森林；最後排除距村莊、部落或主要道路 3 公里內的區域。

根據材料，臺灣雲豹原始棲息環境主要為下列哪種天然植被？","紅樹林","針葉林","闊葉林","高山草原","2","闊葉林","","答案 C「闊葉林」。材料直接說臺灣雲豹原始棲地主要是海拔 1,500 公尺以下的暖溫帶常綠森林；臺灣此高度帶的天然植被以常綠闊葉林為主。紅樹林位於海岸潮間帶，針葉林多在較高海拔，高山草原更不符 1,500 公尺以下條件。","[""先取材料中的兩個條件：暖溫帶常綠森林、海拔 1,500 公尺以下。"",""臺灣該高度帶的主要天然植被是闊葉林。"",""故選 C。""]","植被判讀要同時用海拔和氣候帶，不要只憑「森林」二字選林型。","[]","[]","","false","true","https://cap.rcpet.edu.tw/exam/110/110exam.html","https://drive.google.com/file/d/1pBrjHnXMCyTGmZgThvLVBpBlZaQkyU9t/view","","","","","","","","",""
"OFF-0174","社會","官方歷屆真題","110","59","會考總複習","歷屆會考","110年社會第59題","進階","歷屆真題","【閱讀材料】臺灣雲豹原始棲地主要在海拔 1,500 公尺以下的暖溫帶常綠森林。土地開發後，研究者從長者與有狩獵經驗的原住民蒐集曾捕獲或目擊的紀錄，多數地點在中央山脈南段。研究人員調查三年多仍未發現雲豹，遂依條件推估可能棲地：先選海拔 300 至 2,000 公尺、面積超過 40 平方公里的森林；再納入距主要棲地 1 公里內且面積大於 4 平方公里的破碎森林；最後排除距村莊、部落或主要道路 3 公里內的區域。

文中多數受訪者目擊雲豹的地點，位於下列哪兩個原住民族的主要分布區？","布農族、鄒族","魯凱族、排灣族","泰雅族、賽夏族","太魯閣族、阿美族","1","魯凱族、排灣族","","答案 B「魯凱族、排灣族」。材料說多數長者或有狩獵經驗者提到的雲豹目擊點，位於中央山脈較陡的南段山區；魯凱族與排灣族的主要分布區涵蓋中央山脈南段及其東西側山地，與這些地點最相符。布農、鄒族較偏中央山脈中北段；太魯閣、阿美族分布位置更偏東部。","[""先把目擊地定位在中央山脈較陡的山區，而非西部平原或海岸。"",""對照原住民族分布，南段山區主要對應魯凱族、排灣族。"",""因此選 B。""]","族群分布題先定位地形區與山脈段落，再比對族群傳統領域。","[]","[]","","false","true","https://cap.rcpet.edu.tw/exam/110/110exam.html","https://drive.google.com/file/d/1pBrjHnXMCyTGmZgThvLVBpBlZaQkyU9t/view","","","","","","","","",""
"OFF-0175","社會","官方歷屆真題","110","60","會考總複習","歷屆會考","110年社會第60題","進階","歷屆真題","【閱讀材料】臺灣雲豹原始棲地主要在海拔 1,500 公尺以下的暖溫帶常綠森林。土地開發後，研究者從長者與有狩獵經驗的原住民蒐集曾捕獲或目擊的紀錄，多數地點在中央山脈南段。研究人員調查三年多仍未發現雲豹，遂依條件推估可能棲地：先選海拔 300 至 2,000 公尺、面積超過 40 平方公里的森林；再納入距主要棲地 1 公里內且面積大於 4 平方公里的破碎森林；最後排除距村莊、部落或主要道路 3 公里內的區域。

根據材料中研究員繪製雲豹可能棲地的原則與流程，其分布圖最接近下列何者？","A","B","C","D","0","A","","答案 A。研究流程先選海拔 300–2,000 公尺且面積超過 40 平方公里的森林，再納入 1 公里內、面積大於 4 平方公里的相鄰林地，最後排除距村落、部落或主要道路 3 公里內的範圍。因此應呈現山區較大、相連的森林斑塊，並避開聚落道路密集區；原卷四圖中 A 最符合這套篩選結果。","[""把研究條件拆成納入：中海拔、大面積森林及相鄰小斑塊；排除：靠近聚落與主要道路。"",""依臺灣地形，符合者應是中高山較連續、較少道路聚落的森林帶，而非把山區整片塗滿。"",""比較四個分布圖，A 最符合逐步篩選後的斑塊分布。""]","空間分析題要按流程逐層套條件：先納入適棲地，再扣除干擾區。","[]","[""./assets/official-exams/110-social-q60-clouded-leopard-habitat-options.svg""]","./assets/official-exams/110-social-q60-clouded-leopard-habitat-options.svg","true","true","https://cap.rcpet.edu.tw/exam/110/110exam.html","https://drive.google.com/file/d/1pBrjHnXMCyTGmZgThvLVBpBlZaQkyU9t/view","","","","","","","","",""
"OFF-0176","社會","官方歷屆真題","110","61","會考總複習","歷屆會考","110年社會第61題","進階","歷屆真題","【閱讀材料】食物是人類維持生存的必需品，但全球仍有許多人挨餓。聯合國糧食及農業組織（FAO）於 1945 年成立，10 月 16 日為世界糧食日，呼籲關注糧食議題。原卷引用的當時統計指出，全球約有 8 億人面臨飢餓，但約三分之一糧食遭浪費，問題不只是總量，也涉及分配。臺灣每人每年平均浪費約 100 公斤食物，約 3.6 萬公噸食品被當作垃圾；另有糧食自給率偏低、農地減少及食品安全等課題。文章主張透過食農教育培養珍惜食物觀念，推動安全生產並提高自給率。

文中國際組織的分布區域及成員性質，與下列何者最類似？","歐洲聯盟","世界展望會","世界貿易組織","國際綠色和平組織","2","世界貿易組織","","答案 C「世界貿易組織」。共用材料介紹聯合國糧食及農業組織（FAO）：由多國政府參與、處理全球性議題，成員與活動遍及世界。世界貿易組織同樣是全球性政府間國際組織；歐盟限於歐洲區域，世界展望會與綠色和平則是非政府組織。","[""先從材料辨認 FAO：跨國政府間組織，任務是全球糧食與農業。"",""題目問分布區域與成員性質相似者，須找全球性政府間組織。"",""WTO 符合，選 C；EU 是區域組織，其餘是 NGO。""]","國際組織分類要同時看活動範圍（全球／區域）及成員是政府或民間團體。","[]","[]","","false","true","https://cap.rcpet.edu.tw/exam/110/110exam.html","https://drive.google.com/file/d/1pBrjHnXMCyTGmZgThvLVBpBlZaQkyU9t/view","","","","","","","","",""
"OFF-0177","社會","官方歷屆真題","110","62","會考總複習","歷屆會考","110年社會第62題","進階","歷屆真題","【閱讀材料】食物是人類維持生存的必需品，但全球仍有許多人挨餓。聯合國糧食及農業組織（FAO）於 1945 年成立，10 月 16 日為世界糧食日，呼籲關注糧食議題。資料指出，全球約有 8 億人面臨飢餓，但約三分之一糧食遭浪費，問題不只是總量，也涉及分配。臺灣每人每年平均浪費約 100 公斤食物，約 3.6 萬公噸食品被當作垃圾；另有糧食自給率偏低、農地減少及食品安全等課題。文章主張透過食農教育培養珍惜食物觀念，推動安全生產並提高自給率。

根據上述內容判斷，下列何者最符合文中提及的觀點？","推動國際貿易可減少食物浪費數量","國內第一級產業就業人口逐年增加","推動理念層次變遷有助改善糧食問題","目前全球糧食總量呈現供不應求情況","2","推動理念層次變遷有助改善糧食問題","","答案 C「推動理念層次變遷有助改善糧食問題」。材料指出全球糧食總量並非不足，問題在分配不均和大量浪費；臺灣則應從食農教育培養珍惜食物的觀念，並改善生產與自給率。C 準確概括藉由觀念改變減少浪費、改善糧食問題。A 國際貿易不能直接消除浪費；B 與就業趨勢無關；D 與文章所說全球糧食總量充足相反。","[""先抓材料結論：糧食問題主要是分配不均與浪費，不是全球總量不足。"",""文章建議從教育改變珍惜食物的觀念，並配合安全生產、自給率措施。"",""因此 C 最符合；D 直接違反材料結論。""]","閱讀推論題優先依作者明確指出的問題原因與建議作答，避免把『有飢餓』誤推成『總量不足』。","[]","[]","","false","true","https://cap.rcpet.edu.tw/exam/110/110exam.html","https://drive.google.com/file/d/1pBrjHnXMCyTGmZgThvLVBpBlZaQkyU9t/view","","","","","","","","",""
"OFF-0178","社會","官方歷屆真題","110","63","會考總複習","歷屆會考","110年社會第63題","進階","歷屆真題","【閱讀材料】食物是人類維持生存的必需品，但全球仍有許多人挨餓。聯合國糧食及農業組織（FAO）於 1945 年成立，10 月 16 日為世界糧食日，呼籲關注糧食議題。資料指出，全球約有 8 億人面臨飢餓，但約三分之一糧食遭浪費，問題不只是總量，也涉及分配。臺灣每人每年平均浪費約 100 公斤食物，約 3.6 萬公噸食品被當作垃圾；另有糧食自給率偏低、農地減少及食品安全等課題。文章主張透過食農教育培養珍惜食物觀念，推動安全生產並提高自給率。

若小名要響應世界糧食日及文中主題，下列何種作法最適當？","擔任社區老人共餐志工，從事公益服務活動","珍惜有限資源，落實廢棄物資源回收再利用","購買珍珠奶茶時，自備可以重複使用的環保吸管","參加食材零廢棄料理比賽，創造剩餘食材的價值","3","參加食材零廢棄料理比賽，創造剩餘食材的價值","","答案是 D「參加食材零廢棄料理比賽，創造剩餘食材的價值」。材料討論糧食浪費與糧食安全，因此重新利用剩餘食材最直接回應主題。A 是公益服務，B、C 雖有助資源或減塑，但未直接處理食物浪費；D 才把剩食轉為可用食物。","[""先從材料抓出主軸：世界糧食日關注糧食系統與糧食安全，並指出大量食物被浪費。"",""比較選項與問題的直接關聯：老人共餐是社會服務，回收與自備吸管偏向一般資源或減塑；剩餘食材再利用直接減少食物浪費。"",""故選 D。注意題目問的是響應本文主題，不是選一般而言也有益的環保行為。""]","閱讀素養題要把文章的核心問題與選項逐一對應，避免被「聽起來也很環保」的干擾選項帶走。","[]","[]","","false","true","https://cap.rcpet.edu.tw/exam/110/110exam.html","https://drive.google.com/file/d/1pBrjHnXMCyTGmZgThvLVBpBlZaQkyU9t/view","","","","","","","","",""
"OFF-0343","社會","官方歷屆真題","111","1","會考總複習","歷屆會考","111年社會第1題","進階","歷屆真題","某宗教的全球大型集會於 2017 年約有 235 萬人參與。來源國及人數如下：沙烏地阿拉伯 600,108 人、印尼 221,000 人、巴基斯坦 179,210 人、印度 170,000 人、孟加拉 127,198 人、埃及 108,000 人、伊朗 86,500 人、土耳其 79,000 人、奈及利亞 79,000 人、阿富汗 36,000 人、摩洛哥 31,000 人、其他國家 635,106 人。此活動最可能是哪一種？","佛教浴佛節","印度教大壺節","伊斯蘭教朝覲","天主教聖誕彌撒","2","伊斯蘭教朝覲","","表中來源國包含沙烏地阿拉伯、印尼、巴基斯坦、伊朗、土耳其、奈及利亞及埃及，皆有大量穆斯林人口；配合每年數百萬人前往的全球宗教集會，最符合伊斯蘭教朝覲，答案 C。","[""先辨識表格列出的是參與者來源國及人數，沙烏地阿拉伯最多。"",""多個主要來源國位於伊斯蘭文化圈，與前往麥加的朝覲活動相符。"",""因此活動是伊斯蘭教朝覲，答案 C；其他宗教節慶不能同時解釋這組國別分布。""]","用多個來源國的共同宗教文化線索判讀，不要只因單一國家下結論。","[]","[]","","false","false","https://cap.rcpet.edu.tw/exam/111/111exam.html","https://drive.google.com/file/d/1th-vb5HCBAhIv65OKXY646kHYbyggwQu/view","","","","","","","","",""
"OFF-0344","社會","官方歷屆真題","111","2","會考總複習","歷屆會考","111年社會第2題","進階","歷屆真題","臺灣一處具有特殊泥岩惡地景觀的地點，位於板塊交界附近及海岸山脈最南端，泥岩夾雜外來岩塊。依圖(一)的位置標示，該地質公園最可能位於何處？","甲","乙","丙","丁","1","乙","","題幹的關鍵是「海岸山脈最南端」及板塊交界附近，指向臺灣東南部、臺東南端一帶；圖(一)該位置標為乙，答案 B。","[""把海岸山脈定位在臺灣東側，並找其最南端。"",""再與題幹指出的板塊交界附近及泥岩惡地特徵相互核對。"",""圖中臺灣東南側標記為乙，所以選 B；甲在東北、丙在最南端以外的南側，丁在西南側。""]","地點題先把文字地形線索轉成方位，再對照地圖標記。","[]","[""./assets/official-exams/111-social-q02-taiwan-locations.png""]","./assets/official-exams/111-social-q02-taiwan-locations.png","true","false","https://cap.rcpet.edu.tw/exam/111/111exam.html","https://drive.google.com/file/d/1th-vb5HCBAhIv65OKXY646kHYbyggwQu/view","","","","","","","","",""
"OFF-0345","社會","官方歷屆真題","111","3","會考總複習","歷屆會考","111年社會第3題","進階","歷屆真題","中國夏季氣候由「濕熱」逐漸變為「乾熱」的路線，最可能是圖(二)中的哪一條？","甲","乙","丙","丁","2","丙","","中國夏季季風由東南沿海向內陸帶來水氣，沿途水氣逐漸減少，因此氣候可由東南側的濕熱轉為內陸較乾熱。對照圖(二)，最能代表這種季風影響方向的是丙，答案 C。","[""先確認題目限定夏季：季風由海洋帶來水氣，東南沿海較濕熱。"",""沿季風深入內陸，水氣供應逐漸減少，氣候轉為較乾熱。"",""比對圖(二)各路線，丙呈現由東南沿海往內陸的變化，答案 C。""]","判讀季風路線要看起點、方向和距海變化，不要只用東西方位概括。","[]","[""./assets/official-exams/111-social-q03-china-routes.png""]","./assets/official-exams/111-social-q03-china-routes.png","true","false","https://cap.rcpet.edu.tw/exam/111/111exam.html","https://drive.google.com/file/d/1th-vb5HCBAhIv65OKXY646kHYbyggwQu/view","","","","","","","","",""
"OFF-0346","社會","官方歷屆真題","111","4","會考總複習","歷屆會考","111年社會第4題","進階","歷屆真題","截至 2019 年底，臺灣 40 座主要水庫中，淤積率超過 30% 的有 15 座；例如石門水庫淤積率達 74.8%，烏山頭水庫達 49.2%。泥砂淤積會降低蓄水功能，下列哪項策略最能改善此現象？","強化集水區崩塌裸露地的植被復育","擴大在河川下游種植防風林的面積","減少都市不透水鋪面，增加雨水入滲","增加地面水源供應，以取代地下水源","0","強化集水區崩塌裸露地的植被復育","","水庫淤積的泥砂主要由集水區坡地沖蝕、崩塌後隨河流帶入。復育裸露地植被可穩定土壤、減少泥砂來源，因此最直接有效，答案 A。","[""先找淤積物來源：集水區侵蝕及崩塌產生的泥砂。"",""植被根系有助固定土壤，減少坡面沖蝕及泥砂進入河道。"",""所以優先復育集水區裸露地，答案 A；都市入滲措施改善逕流，卻非直接控制上游泥砂來源。""]","環境治理要針對問題源頭；下游或都市措施不一定能減少水庫集水區泥砂。","[]","[]","","false","false","https://cap.rcpet.edu.tw/exam/111/111exam.html","https://drive.google.com/file/d/1th-vb5HCBAhIv65OKXY646kHYbyggwQu/view","","","","","","","","",""
"OFF-0347","社會","官方歷屆真題","111","5","會考總複習","歷屆會考","111年社會第5題","進階","歷屆真題","圖(三)為 1980 年代臺灣雜誌封面，畫面強調新聞自由與「百分之百自由」的訴求。此政治訴求最可能與何者有關？","中共當局代表選票及總統直選","政府應妥善處理二二八事件","政府推行國語運動使母語式微","解除戒嚴並解除對新聞媒體的限制","3","解除戒嚴並解除對新聞媒體的限制","","1980 年代臺灣仍處戒嚴與媒體管制背景，雜誌封面直接以新聞自由、解除新聞限制為訴求，最符合解除戒嚴及放寬新聞管制，答案 D。","[""從封面文字抓住核心訴求：新聞自由、解除報禁。"",""將 1980 年代置於臺灣政治逐步解嚴、開放媒體的脈絡。"",""解除戒嚴並放寬新聞限制最符合題意，答案 D；其他選項分別指選舉、二二八及語言政策。""]","年代與訴求要一起判讀；新聞自由與解除報禁是解嚴前後的重要政治議題。","[]","[]","","false","false","https://cap.rcpet.edu.tw/exam/111/111exam.html","https://drive.google.com/file/d/1th-vb5HCBAhIv65OKXY646kHYbyggwQu/view","","","","","","","","",""
"OFF-0348","社會","官方歷屆真題","111","6","會考總複習","歷屆會考","111年社會第6題","進階","歷屆真題","圖(四)是中國歷史上的官方文件，記載戶主及家中不同年齡成員。依文件登錄人口與年齡資料的內容，政府製作此文件最可能有何目的？","配合科舉選拔人才","掌握人力以徵集賦稅和勞役","保障貴族世襲權力","依儒家思想實施仁政","1","掌握人力以徵集賦稅和勞役","","文件逐戶記錄戶主、家屬及年齡，能掌握人口與勞動力，作為徵收賦稅、徵發徭役的行政依據；內容不是科舉考試或貴族世襲名冊，答案 B。","[""觀察文件登錄單位是家庭，並列出各成員及年齡。"",""人口與年齡資料可協助政府掌握戶籍、可徵稅與服役人力。"",""因此主要目的為徵集賦稅及勞役，答案 B。""]","讀古代文書要先辨認登錄對象與欄位，再推論行政用途。","[]","[]","","false","false","https://cap.rcpet.edu.tw/exam/111/111exam.html","https://drive.google.com/file/d/1th-vb5HCBAhIv65OKXY646kHYbyggwQu/view","","","","","","","","",""
"OFF-0349","社會","官方歷屆真題","111","7","會考總複習","歷屆會考","111年社會第7題","進階","歷屆真題","柯因奈語（Koine）約形成於西元前四世紀，隨某帝國統一愛琴海地區希臘城邦並向埃及、西亞征服擴散。這個帝國最可能是哪一個？","波斯帝國","蒙兀兒帝國","亞歷山大帝國","阿茲提克帝國","2","亞歷山大帝國","","西元前四世紀亞歷山大征服並統一希臘城邦，建立跨越埃及與西亞的帝國；希臘語隨政治與文化擴張成為廣泛使用的通用語，答案 C。","[""用年代定位：西元前四世紀。"",""再看活動範圍：愛琴海、埃及及西亞，與亞歷山大東征版圖吻合。"",""因此是亞歷山大帝國，答案 C；其他帝國的時代或地區不合。""]","帝國題以年代、核心區及擴張方向三條線索交叉確認。","[]","[]","","false","false","https://cap.rcpet.edu.tw/exam/111/111exam.html","https://drive.google.com/file/d/1th-vb5HCBAhIv65OKXY646kHYbyggwQu/view","","","","","","","","",""
"OFF-0350","社會","官方歷屆真題","111","8","會考總複習","歷屆會考","111年社會第8題","進階","歷屆真題","圖(五)為臺灣考古遺址同一文化層出土的四種石器：甲為架高陶罐以便生火炊煮的石支腳；乙為多種錘打功能的凹石；丙為磨製石器；丁為網墜。何者最適合作為判斷該文化層所屬時代的證據？","甲","乙","丙","丁","2","丙","","石器的製作技術可反映文化層的技術發展；圖中丙為磨製石器，能用來辨認新石器時代常見的磨製技術，答案 C。網墜、凹石或炊煮支架較難單獨作為時代判定依據。","[""先比較四種器物的功能與製作特徵。"",""丙呈現磨製石器特徵，磨製技術是判斷新石器時代的重要考古線索。"",""因此丙最適合作為時代證據，答案 C。""]","考古時代判斷要看具代表性的技術與脈絡，單一器物功能可能跨時代延續。","[]","[]","","false","false","https://cap.rcpet.edu.tw/exam/111/111exam.html","https://drive.google.com/file/d/1th-vb5HCBAhIv65OKXY646kHYbyggwQu/view","","","","","","","","",""
"OFF-0351","社會","官方歷屆真題","111","9","會考總複習","歷屆會考","111年社會第9題","進階","歷屆真題","某宮廟因違法擴建道路及廟宇建築，涉嫌竊占國土及濫墾山坡地，相關單位 多次介入協調，要求廟方自行拆除，但該廟負責人認為廟地選址及擴建的決 定皆為神明指示，堅決不願退讓，於是相關單位除了開罰六萬元外，並將 負責人移送法辦。上述內容最可能是關於下列哪二者之間的衝突？","環境保育與經濟發展","法律規範與宗教信仰","傳統習俗與倫理道德觀念","信仰宗教自由與人民財產權","1","法律規範與宗教信仰","","廟方以神明指示作為選址及擴建理由，涉及宗教信仰；但題幹同時指出違法占用國土、開罰及移送法辦，顯示信仰自由行使仍須受土地與環境相關法律規範。衝突核心是法律規範與宗教信仰，答案 B。","[""辨認廟方主張的依據：宗教信仰及神明指示。"",""再看政府措施：因違法占地、濫墾而開罰並移送法辦。"",""爭點是法律規範與宗教信仰如何平衡，答案 B；並非私人財產權爭議。""]","宗教自由受保障，但不代表宗教活動可免除一般法律責任。","[]","[]","","false","false","https://cap.rcpet.edu.tw/exam/111/111exam.html","https://drive.google.com/file/d/1th-vb5HCBAhIv65OKXY646kHYbyggwQu/view","","","","","","","","",""
"OFF-0352","社會","官方歷屆真題","111","10","會考總複習","歷屆會考","111年社會第10題","進階","歷屆真題","國中生小安寄了一封陳情信給某位公職人員，信中敘述父親因沉迷賭博，導致家 中債臺高築，害他的父母離異、家庭破碎，希望有人能幫幫他，讓父親不再沉溺 賭海。該名公職人員收到信後立刻啟動偵辦，循線破獲非法賭場，並依法對賭場 業者與賭徒提起公訴。根據上述內容判斷，小安寄信的對象應是下列何者？","法官","律師","檢察官","警察局局長","2","檢察官","","題幹指出該公職人員啟動偵辦、循線破獲賭場，並依法對業者與賭徒提起公訴。偵查犯罪並代表國家提起公訴是檢察官的職權，答案 C。","[""找出職務動作：啟動偵辦、循線蒐證。"",""關鍵線索是「提起公訴」，屬檢察官職權。"",""因此陳情對象為檢察官，答案 C；法官負責審判，律師提供法律協助，警察負責犯罪偵查但不提起公訴。""]","分清司法角色：警察偵查、檢察官偵查並起訴、法官審判、律師代理或辯護。","[]","[]","","false","false","https://cap.rcpet.edu.tw/exam/111/111exam.html","https://drive.google.com/file/d/1th-vb5HCBAhIv65OKXY646kHYbyggwQu/view","","","","","","","","",""
"OFF-0353","社會","官方歷屆真題","111","11","會考總複習","歷屆會考","111年社會第11題","進階","歷屆真題","創新科技公司為了增加 LED 省電燈泡銷量，在報紙刊登廣告：原價每個 200 元，特價 140 元（七折）；一次購買 10 個，再優惠 100 元。公司最主要採取哪種方式吸引消費者？","降低成本","價格競爭","建立品牌形象","延長營業時間","1","價格競爭","","圖(六)把原價每個 200 元與特價 140 元並列，另有七折及買十個再優惠的價格訊息，主要以降價促銷吸引消費者，屬價格競爭，答案 B。","[""讀廣告中的價格：原價 200 元，促銷價 140 元。"",""七折及大量購買優惠都直接降低消費者支付價格。"",""公司採取價格競爭，答案 B；廣告雖刊登於報紙，重點不是延長營業時間或品牌形象。""]","判讀行銷策略時看廣告訴求的核心；刊登廣告本身不等於建立品牌形象。","[]","[]","","false","false","https://cap.rcpet.edu.tw/exam/111/111exam.html","https://drive.google.com/file/d/1th-vb5HCBAhIv65OKXY646kHYbyggwQu/view","","","","","","","","",""
"OFF-0354","社會","官方歷屆真題","111","12","會考總複習","歷屆會考","111年社會第12題","進階","歷屆真題","圖(七)呈現某國不同年分出生的 婦女，在育齡期間累積的生育數。 為了改變圖中資料呈現的趨勢以維 持人口結構穩定，下列何者最可能 是未來該國政府採行的作法？","提高幼兒教育補助金額","加強宣導節制生育觀念","提供弱勢學童輔導課程","增設高齡安養照護機構","0","提高幼兒教育補助金額","","圖(七)比較不同出生世代婦女在育齡期間累積的子女數，較晚出生世代的曲線較低，表示生育數下降。若要減緩少子化並維持人口結構，提供幼兒教育補助可降低家庭育兒負擔，答案 A。","[""比較曲線標示的出生世代：越晚出生的世代，累積生育數越低。"",""資料趨勢指向生育率下降，人口結構可能持續老化。"",""幼兒教育補助可支持育兒家庭，較能回應生育負擔，答案 A；高齡照護不能直接改變生育趨勢。""]","政策選擇需對應圖表顯示的問題；高齡化與少子化相關但政策作用不同。","[]","[""./assets/official-exams/111-social-q12-fertility-chart.png""]","./assets/official-exams/111-social-q12-fertility-chart.png","true","false","https://cap.rcpet.edu.tw/exam/111/111exam.html","https://drive.google.com/file/d/1th-vb5HCBAhIv65OKXY646kHYbyggwQu/view","","","","","","","","",""
"OFF-0355","社會","官方歷屆真題","111","13","會考總複習","歷屆會考","111年社會第13題","進階","歷屆真題","【表格資料】四位同窗好友的出生地、出生時父母國籍及現況如下：王大軒—洛杉磯—中華民國—擔任立法委員；李大賢—臺中—美國—在澳洲工作；陳小涵—臺北—美國—擔任高雄市議員；林小潔—西雅圖—中華民國—在日本留學。依表中資料判斷，何者最可能不曾具有我國國籍？","王大軒","李大賢","陳小涵","林小潔","1","李大賢","","關鍵是「出生時父母國籍」而不是只看出生地。李大賢出生於臺中、父母均為美國籍，且現況只是赴澳洲工作，題目未提供其他取得我國國籍的線索；比較四列，最可能不曾具有我國國籍，答案 B。","[""先按表格逐列對照出生地與父母國籍，避免把不同同窗資料串在一起。"",""李大賢一列的資料為臺中出生、父母為美國籍；題目問最可能未曾具有我國國籍者。"",""李大賢的出生地在臺灣，但其出生時父母均為美國籍；不能只憑在臺灣出生就推定取得我國國籍。"",""表中陳小涵現任高雄市議員，王大軒、林小潔出生時有中華民國籍父母；李大賢則沒有這些我國籍線索，故選 B。""]","表格題先沿同一列閱讀各欄，不要讓OCR或欄位換行造成跨列錯讀。","[]","[]","","false","false","https://cap.rcpet.edu.tw/exam/111/111exam.html","https://drive.google.com/file/d/1th-vb5HCBAhIv65OKXY646kHYbyggwQu/view","","","","","","","","",""
"OFF-0356","社會","官方歷屆真題","111","14","會考總複習","歷屆會考","111年社會第14題","進階","歷屆真題","歐盟基於公眾健康及動物福利等理由，於2012年起，禁止境內農民以傳統格子 籠方式飼養蛋雞，並立法規定市售雞蛋必須明確標示其飼養方式，讓消費者可 以在平飼(即室內放養蛋雞)、放牧(除室內空間外，還提供蛋雞戶外活動空間) 等友善生產的蛋品之間做出選擇。上述友善飼養方式逐漸在臺灣推行，但所產 出的蛋品在臺灣市占率仍不高，其原因最可能為下列何者？","食安問題頻傳","蛋品品質不佳","蛋品售價較高","飲食習慣改變","2","蛋品售價較高","","平飼、放牧需要較多空間與管理投入，生產成本通常高於傳統格子籠；在消費者可選擇且價格較高的情況下，友善飼養蛋品市占率可能仍較低，答案 C。","[""題幹指出友善飼養提供室內放養或戶外活動空間。"",""空間、照護及管理需求增加，通常提高生產成本。"",""成本反映在較高售價，可能限制消費者購買比例，答案 C。""]","題目問市占偏低的可能原因，從供給成本和價格選項判斷，不要把福利標示誤當品質差。","[]","[]","","false","false","https://cap.rcpet.edu.tw/exam/111/111exam.html","https://drive.google.com/file/d/1th-vb5HCBAhIv65OKXY646kHYbyggwQu/view","","","","","","","","",""
"OFF-0357","社會","官方歷屆真題","111","15","會考總複習","歷屆會考","111年社會第15題","進階","歷屆真題","美國具有多樣化的氣候類型，圖(八) 是將美國各區域與世界上其他國家 的氣候特徵相比，把具有類似氣候 特徵的國家標示在該區域上。臺灣 最可能標示在圖中甲、乙、丙、丁 何處？","甲","乙","丙","丁","3","丁","","圖(八)中美國東南部標示丁，屬夏季高溫且濕潤的氣候區，臺灣的氣候特徵與此區較相近，答案 D。甲為西北較乾冷區、乙為西南乾燥區、丙為東北較冷區。","[""先用圖中其他國家作氣候參照：葡萄牙位於較乾燥西南區，俄羅斯在寒冷北部，伊朗在乾燥內陸。"",""臺灣夏季高溫多雨，不能對應美國西南乾燥區或北部寒冷區。"",""圖中東南部濕熱區標為丁，答案 D。""]","氣候類比應比較溫度與降水特徵，不只比較地理緯度。","[]","[""./assets/official-exams/111-social-q15-us-climate-map.png""]","./assets/official-exams/111-social-q15-us-climate-map.png","true","false","https://cap.rcpet.edu.tw/exam/111/111exam.html","https://drive.google.com/file/d/1th-vb5HCBAhIv65OKXY646kHYbyggwQu/view","","","","","","","","",""
"OFF-0358","社會","官方歷屆真題","111","16","會考總複習","歷屆會考","111年社會第16題","進階","歷屆真題","婆羅洲島分屬印尼、汶萊與馬來西亞三 國，圖(九)為其原始森林不同時期面積的 變化。圖中原始森林的變化趨勢與下列該 島何種變化趨勢最為相似？","油田開採的面積","都市聚落的範圍","野生動物的棲地範圍","熱帶作物的種植面積","2","野生動物的棲地範圍","","圖(九)顯示婆羅洲原始森林面積逐年縮減。森林減少會使依賴森林的野生動物可利用棲地同步縮小；相較之下，都市聚落及熱帶作物種植面積較可能擴大，答案 C。","[""比較 1950、1985、2005 三幅圖，原始森林範圍持續縮小。"",""森林是許多野生動物的棲地，森林減少會使可用棲地受壓縮。"",""因此最相似的變化趨勢是野生動物棲地範圍縮小，答案 C。""]","把圖上的方向性變化與選項逐一比較：森林減少，棲地通常也減少。","[]","[""./assets/official-exams/111-social-q16-borneo-forest.png""]","./assets/official-exams/111-social-q16-borneo-forest.png","true","false","https://cap.rcpet.edu.tw/exam/111/111exam.html","https://drive.google.com/file/d/1th-vb5HCBAhIv65OKXY646kHYbyggwQu/view","","","","","","","","",""
"OFF-0359","社會","官方歷屆真題","111","17","會考總複習","歷屆會考","111年社會第17題","進階","歷屆真題","臺灣某茶商為了提高自有茶園的茶葉產量，以供應國內日益成長的罐裝茶及手 搖茶市場需求，且能與由越南、斯里蘭卡等產區進口的低價茶葉競爭，因而導 入滴灌技術，精準計算用水及肥料使用量。此外，也利用農業機具栽種茶苗， 並以無人機巡視，噴藥及採收時間則以網路平臺管理。上述各項措施，最主要 可達到下列何種成效？","利於傳統茶園轉型成休閒農場","降低勞力成本占總成本的比例","提升茶葉品質以提高單位價格","增加出口至東協國家的茶葉量","1","降低勞力成本占總成本的比例","","題幹列出機具栽種、無人機巡視及網路平臺安排噴藥與採收，這些技術主要減少人工巡查、操作和協調需求，降低勞力成本占總成本的比例，答案 B。","[""整理措施：機具栽種、無人機巡視、平臺管理作業時程。"",""這些工具主要替代或提高人工工作的效率，而非直接把茶園變成休閒農場。"",""最直接的成本效果是降低勞力成本占比，答案 B。""]","依措施的直接作用選答案；智慧農業不必然代表品質或出口量必定提高。","[]","[]","","false","false","https://cap.rcpet.edu.tw/exam/111/111exam.html","https://drive.google.com/file/d/1th-vb5HCBAhIv65OKXY646kHYbyggwQu/view","","","","","","","","",""
"OFF-0360","社會","官方歷屆真題","111","18","會考總複習","歷屆會考","111年社會第18題","進階","歷屆真題","圖(十)為全球四個著名岬角的位置資 訊，其中何者位於歐 亞大陸西部海岸？","甲","乙","丙","丁","2","丙","","圖(十)標示四個岬角座標；丙為 38.781°N、9.500°W，位於葡萄牙西岸，屬歐亞大陸西部海岸，答案 C。","[""先讀出丙的座標：北緯 38.781 度、西經 9.500 度。"",""西經約 9.5 度、北緯約 39 度的位置在伊比利半島西側的葡萄牙沿岸。"",""因此位於歐亞大陸西部海岸的是丙，答案 C。""]","座標題先用經緯度判斷大洲與海岸方向，再核對圖中標記。","[]","[""./assets/official-exams/111-social-q18-capes.png""]","./assets/official-exams/111-social-q18-capes.png","true","false","https://cap.rcpet.edu.tw/exam/111/111exam.html","https://drive.google.com/file/d/1th-vb5HCBAhIv65OKXY646kHYbyggwQu/view","","","","","","","","",""
"OFF-0361","社會","官方歷屆真題","111","19","會考總複習","歷屆會考","111年社會第19題","進階","歷屆真題","「歷史事實」是客觀呈現過去發生的事件；「歷史解釋」則是後人運用史料，對事件加以詮釋或評價。下列四段敘述中，何者最適合歸類為「歷史事實」？
甲：一些唐朝名人熱衷追求突厥式生活，甚至能忍受不舒服的帳篷生活。
乙：承乾太子在生活起居各方面，稱得上是一位傑出的模仿者。
丙：承乾太子不說漢語，而在皇宮空地搭建突厥帳篷，穿突厥可汗服飾，並以佩刀切割熟牛肉。
丁：具有這種奇特喜好的人，在當時皇室中很有限。
註：突厥為歐亞大陸上的游牧民族；可汗是部分游牧民族統治者的稱號。","甲","乙","丙","丁","2","丙","","題目要分辨可由資料確認的事件，與後人對事件的評價。丙具體記錄承乾太子不說漢語、在宮中搭建突厥帳篷、穿可汗服飾及用佩刀切熟牛肉等言行，可由史料檢核；甲的「熱衷」、乙的「傑出」與丁的「奇特」都帶有概括或評價，答案 C。","[""先依題幹定義，找可由史料確認的具體事件，而不是後人對人物的評價。"",""丙列出承乾太子的語言、帳篷、服飾與飲食行為，內容可逐項查證。"",""甲、乙、丁含「熱衷、傑出、奇特」等概括或評價，因此選丙，答案 C。""]","判斷歷史事實與解釋時，檢查句子是在記錄具體行為，還是在替人物下評語。","[]","[]","","false","false","https://cap.rcpet.edu.tw/exam/111/111exam.html","https://drive.google.com/file/d/1th-vb5HCBAhIv65OKXY646kHYbyggwQu/view","","","","","","","","",""
"OFF-0362","社會","官方歷屆真題","111","20","會考總複習","歷屆會考","111年社會第20題","進階","歷屆真題","【報紙社會新聞節錄】新聞一：一名 34 歲男子在艋舺玩樂而散盡積蓄，想到自來水水源地尋短，家人報警後他被捕；後來他又在龍山寺口街白吃白喝，遭店家報警逮捕。新聞二：一名 25 歲男子竊取兒童 220 圓，帶著 17 歲女友私奔；其兄長與警察在臺南火車站發現並追蹤他，他當時正想搭乘開往打狗的列車逃走。依新聞中的地名與用語判斷，這些報導的事情最早可能發生於下列何時？","日本統治時期","清帝國統治時期","中華民國政府遷臺初期","中華民國政府推動十大建設期間","0","日本統治時期","","關鍵線索是臺南、艋舺與「打狗」等地名，以及「圓」的貨幣寫法。打狗是高雄的舊稱，這些地名和報紙用語共同指向日治時期的臺灣；四個選項中最早符合的是日本統治時期，答案 A。","[""從「開往打狗」及艋舺等舊地名，先確認新聞背景是臺灣且帶有歷史地名線索。"",""再看「圓」及新聞所述鐵路與城市情境，排除清代和戰後政府時期。"",""四個選項中最早且符合線索的是日本統治時期，答案 A。""]","年代判讀先找制度與機構線索；題目問「最早可能」時也要比較選項先後。","[]","[]","","false","false","https://cap.rcpet.edu.tw/exam/111/111exam.html","https://drive.google.com/file/d/1th-vb5HCBAhIv65OKXY646kHYbyggwQu/view","","","","","","","","",""
"OFF-0363","社會","官方歷屆真題","111","21","會考總複習","歷屆會考","111年社會第21題","進階","歷屆真題","日本料理「天婦羅」，是將食材裹上澱粉漿之後下鍋油炸，這種料理源自於 天主教徒在齋戒期間，將食材油炸後食用。在沒有冷凍技術的時代，因為油 炸食物容易保存，所以水手於遠洋航行時也會準備油炸魚類作為糧食。葡萄 牙的天主教徒最初到日本傳教與貿易時，同時傳入這種料理。「天婦羅」傳入 日本的時代背景，最可能是下列何者？","外國艦隊脅迫幕府開港，促使日本推動明治維新","西方各國展開海外探險，建立到達東方的新航線","日本受大唐文化的薰染，效法唐朝推動制度改革","民主陣營為防堵共產勢力，派遣艦隊駐防太平洋","1","西方各國展開海外探險，建立到達東方的新航線","","題幹指出葡萄牙天主教徒赴日本傳教及貿易時傳入天婦羅，這與歐洲人尋找通往亞洲航路、展開海外探險及海上貿易的時代背景相符，答案 B。","[""抓住傳入者與交流方式：葡萄牙傳教士及商人抵達日本。"",""葡萄牙赴亞洲的海路往來，發生在歐洲海外探險、建立新航線的時期。"",""因此背景是西方各國展開海外探險並建立東方航線，答案 B。""]","從商品或飲食的跨國傳播者、路線與宗教交流判斷全球史脈絡。","[]","[]","","false","false","https://cap.rcpet.edu.tw/exam/111/111exam.html","https://drive.google.com/file/d/1th-vb5HCBAhIv65OKXY646kHYbyggwQu/view","","","","","","","","",""
"OFF-0364","社會","官方歷屆真題","111","22","會考總複習","歷屆會考","111年社會第22題","進階","歷屆真題","一列火車在德國官方祕密安排下，從蘇黎世出發前往俄國，車上乘客包括 列寧及其布爾什維克黨同志，這些人曾因為反對俄國政府而流亡海外。列寧 等人沿途經過德國、瑞典、芬蘭，最後抵達俄國的首都彼得格勒(今聖彼得 堡)。半年後，他們領導革命，推翻臨時政府，組織新的政權，對俄國產生重 大影響。當時德國官方安排這班列車的目的，最可能為下列何者？","與俄國結盟對抗拿破崙","欲緩和冷戰東西對立局勢","遵守《德蘇互不侵犯條約》","為使俄國退出第一次世界大戰","3","為使俄國退出第一次世界大戰","","列寧等人返俄後推翻臨時政府，俄國其後退出第一次世界大戰。德國是交戰國，秘密安排列車讓革命者返國，期待俄國政局動盪並退出戰爭，以減輕東線壓力，答案 D。","[""從人物與事件辨認：列寧返俄並領導 1917 年革命。"",""題幹問德國的戰時盤算；俄國若退出戰爭，德國可減少東線作戰壓力。"",""因此目的是促使俄國退出第一次世界大戰，答案 D；冷戰及德蘇互不侵犯條約都屬更晚時期。""]","以列寧返俄與革命年代定位一戰，排除二戰前後或冷戰時期選項。","[]","[]","","false","false","https://cap.rcpet.edu.tw/exam/111/111exam.html","https://drive.google.com/file/d/1th-vb5HCBAhIv65OKXY646kHYbyggwQu/view","","","","","","","","",""
"OFF-0365","社會","官方歷屆真題","111","23","會考總複習","歷屆會考","111年社會第23題","進階","歷屆真題","甲國政府自2019年起，要求記者須通過關於國家領袖思想的考試後，才能取得記者證，藉以強化他們對國家領袖的效忠。圖(十二)為近年該國政府核發記者證數量（萬張）：2015年約12、2016年約2、2017年約2、2018年約1、2019年約1、2020年約20。表(三)為無國界記者組織提出的全球新聞自由指數排名（排名越前代表新聞自由程度越高）：2015至2018年皆全球倒數第5，2019至2020年皆全球倒數第4。根據相關資訊判斷，關於甲國政府的此項作法，下列敘述何者最合理？","政府藉由立法規範，以保障記者的新聞自由","政府採取獎勵政策，以促使新聞產業蓬勃發展","政府削減新聞記者人數，以便管控媒體報導內容","政府透過管控記者思想，以影響閱聽人接收的新聞","3","政府透過管控記者思想，以影響閱聽人接收的新聞","","甲國要求記者通過領袖思想考試才核發記者證，直接把記者資格與政治思想效忠綁定；圖表另顯示核發數量劇烈變動，新聞自由排名長期接近全球倒數。這反映政府藉思想管控影響媒體及閱聽人取得的新聞，答案 D。","[""讀圖：記者證核發數量在 2015–2019 年很低，2020 年大幅上升。"",""讀表：新聞自由排名仍處全球倒數，排名改善有限。"",""結合思想考試與效忠要求，可判斷政府藉管控記者思想影響新聞內容，答案 D。""]","排名數字越接近倒數代表自由程度越低；要同時閱讀制度要求和趨勢資料。","[]","[]","","false","false","https://cap.rcpet.edu.tw/exam/111/111exam.html","https://drive.google.com/file/d/1th-vb5HCBAhIv65OKXY646kHYbyggwQu/view","","","","","","","","",""
"OFF-0366","社會","官方歷屆真題","111","24","會考總複習","歷屆會考","111年社會第24題","進階","歷屆真題","表(四)呈現阿森在近三屆我國總統選舉資格的變化情形。根據表中內容判斷，阿森在第14屆至第15屆之間，最可能發生了下列哪一件事？

| 屆次 | 總統選舉參選資格 | 總統選舉投票資格 |
| 13 | 不具備 | 具備 |
| 14 | 不具備 | 具備 |
| 15 | 不具備 | 不具備 |","被政黨開除黨籍","遭法院監護宣告","遷移戶籍至其他縣市","遭法院判處褫奪公權","1","遭法院監護宣告","","表(四)顯示第13屆具投票資格但不具參選資格；第14屆至第15屆變成兩種資格皆不具備。監護宣告會限制公民行使投票與參選等選舉權，因此最可能是遭法院監護宣告，答案 B。","[""比較第14屆和第15屆：投票資格由具備變為不具備，參選資格原本就不具備。"",""搬到其他縣市不會因此失去總統選舉投票權；政黨除名也不會使一般選舉權消失。"",""監護宣告可使投票與參選資格均受限制，答案 B。""]","讀資格表時逐欄比較變化，並區分一般選舉權與政黨提名資格。","[]","[]","","false","false","https://cap.rcpet.edu.tw/exam/111/111exam.html","https://drive.google.com/file/d/1th-vb5HCBAhIv65OKXY646kHYbyggwQu/view","","","","","","","","",""
"OFF-0367","社會","官方歷屆真題","111","25","會考總複習","歷屆會考","111年社會第25題","進階","歷屆真題","我國國會可對中央政府部分官員的人事提名案行使同意權，並在投票表決 前，藉由提問來審查被提名人是否適任。根據我國公職人員的法定職權判 斷，下列哪一個問題的提問對象最可能是大法官被提名人？","如何提升違法官員彈劾案件的辦案效率","如何落實嚴謹審核中央政府年度總決算","我國仍維持死刑刑罰是否違反基本人權","公務人員的選才制度是否有改善的空間","2","我國仍維持死刑刑罰是否違反基本人權","","大法官主要職權包括憲法解釋及審查法律、命令是否違憲。死刑是否違反基本人權屬憲法與基本權議題，最適合詢問大法官被提名人，答案 C。","[""先辨認職位：題目問大法官被提名人。"",""大法官審理憲法及基本權爭議。"",""死刑是否違反基本人權屬憲法審查問題，答案 C；預算監督、選才制度及官員彈劾效率各有其他機關職掌。""]","把提問主題對應機關職權：憲法與基本權由憲法法庭處理。","[]","[]","","false","false","https://cap.rcpet.edu.tw/exam/111/111exam.html","https://drive.google.com/file/d/1th-vb5HCBAhIv65OKXY646kHYbyggwQu/view","","","","","","","","",""
"OFF-0368","社會","官方歷屆真題","111","26","會考總複習","歷屆會考","111年社會第26題","進階","歷屆真題","圖(十三)為某條鐵路的路線圖，該鐵路全線的海拔 高度變化最可能為下列何者？ (A) (B) 圖(十三) (C) (D)","A","B","C","D","1","B","","圖(十三)的鐵路由法國跨越瑞士阿爾卑斯山區至義大利，沿途由低地進入高山再下降至另一側。剖面圖應呈現明顯上升至高點後下降，與選項 B 相符，答案 B。","[""從路線圖辨認行經法國、瑞士與義大利，路線跨越阿爾卑斯山脈。"",""鐵路海拔會由低地上升進入山區，再下降至另一側低地。"",""剖面呈上升、達高點後下降的選項為 B，答案 B。""]","把平面路線轉成地形剖面時，依序追蹤起點、山脈高點與終點。","[]","[""./assets/official-exams/111-social-q26-alpine-profile.png""]","./assets/official-exams/111-social-q26-alpine-profile.png","true","false","https://cap.rcpet.edu.tw/exam/111/111exam.html","https://drive.google.com/file/d/1th-vb5HCBAhIv65OKXY646kHYbyggwQu/view","","","","","","","","",""
"OFF-0369","社會","官方歷屆真題","111","27","會考總複習","歷屆會考","111年社會第27題","進階","歷屆真題","2014年中國 吉林省與俄羅斯合作擴建圖(十四)中 的甲港口，目前出口貨物可不經由大連港，透過 甲港口可大幅縮短與鄰近國家部分港口的航運時 間。擴建甲港口除上述目的外，最可能還含下列 何優勢？","作為俄羅斯船隻通往大西洋的出海口","加速俄羅斯將開發重心轉向歐俄平原","作為中、俄兩國鴨綠江流域貨物出入的港口","提供中國船隻藉由此港口通往北極海的捷徑","3","提供中國船隻藉由此港口通往北極海的捷徑","","圖(十四)的甲港位於俄羅斯遠東的日本海沿岸，與中國吉林省合作可使吉林貨物不必繞經大連。其港口亦有助中國東北貨物經俄羅斯遠東航線連接北極海方向，答案 D。","[""先從圖定位甲港在俄羅斯遠東海岸，鄰近中國東北。"",""港口可讓吉林貨物直接出海，避免繞行大連；向北連接俄羅斯沿岸航線可通往北極海方向。"",""因此另一項優勢是提供通往北極海的航運捷徑，答案 D；大西洋與鴨綠江流域均不符地理位置。""]","港口題要沿地圖檢查海岸、鄰國及可連接海域，不可只看合作國名。","[]","[""./assets/official-exams/111-social-q27-port-map.png""]","./assets/official-exams/111-social-q27-port-map.png","true","false","https://cap.rcpet.edu.tw/exam/111/111exam.html","https://drive.google.com/file/d/1th-vb5HCBAhIv65OKXY646kHYbyggwQu/view","","","","","","","","",""
"OFF-0370","社會","官方歷屆真題","111","28","會考總複習","歷屆會考","111年社會第28題","進階","歷屆真題","2014年世界上只有5%的人口居住在 圖(十五)中的深灰色區域；而相同數 量的人口則居住在圖中黑色區域。小 齊想要在地圖上的淺灰色區域，以圓 圈標示另一個人口數量最相近的範 圍，則他標示在下列何地最為適宜？","甲","乙","丙","丁","3","丁","","圖(十五)以深灰、黑色區域各代表全球約 5% 人口，淺灰區域要找人口總量相近的範圍。丁位於南亞人口稠密地帶，面積較小但人口集中，與題目要求的約 5% 人口量相近，答案 D。","[""先讀圖例：深灰與黑色各代表約 5% 的全球人口。"",""在淺灰區域比較候選範圍，人口密集的南亞可在較小區域聚集大量人口。"",""圖中丁位於南亞人口密集區，最適合標示相近人口量，答案 D。""]","人口數量不能只按面積比較；人口密度高的區域面積小也可能容納大量人口。","[]","[""./assets/official-exams/111-social-q28-population-map.png""]","./assets/official-exams/111-social-q28-population-map.png","true","false","https://cap.rcpet.edu.tw/exam/111/111exam.html","https://drive.google.com/file/d/1th-vb5HCBAhIv65OKXY646kHYbyggwQu/view","","","","","","","","",""
"OFF-0371","社會","官方歷屆真題","111","29","會考總複習","歷屆會考","111年社會第29題","進階","歷屆真題","世界氣象組織(WMO)定義熱浪標準為連續 5日的每日最高氣溫，皆高於歷年 最暖月的最高氣溫平均值5℃以上。表(五)為臺北測站1981至2010年氣溫相關 資料，根據上述定義，臺北在下列何種情形即達到此一熱浪標準？ 表(五) 月分 1 2 3 4 5 6 7 8 9 10 11 12 年平均 氣溫(℃) 16.1 16.5 18.5 21.9 25.2 27.7 29.6 29.2 27.4 24.5 21.5 17.9 23.0 最高氣溫(℃) 19.1 19.6 22.1 25.7 29.2 32.0 34.3 33.8 31.1 27.5 24.2 20.7 26.6 最低氣溫(℃) 13.9 14.2 15.8 19.0 22.3 24.6 26.3 26.1 24.8 22.3 19.3 15.6 20.4","連續5天出現31.6℃以上高溫","連續5天出現34.3℃以上高溫","連續5天出現34.6℃以上高溫","連續5天出現39.3℃以上高溫","3","連續5天出現39.3℃以上高溫","","臺北最暖月為 7 月，1981–2010 年 7 月平均最高氣溫是 34.3°C。依題目定義，連續 5 日的每日最高氣溫都須比這個數值高至少 5°C：34.3＋5＝39.3°C，因此達到 39.3°C（含）以上才符合，答案 D。","[""從表(五)找最暖月的平均最高氣溫：7 月為 34.3°C。"",""依定義加 5°C：34.3＋5＝39.3°C。"",""連續 5 日每日最高氣溫皆至少達 39.3°C，答案 D。""]","注意題目用語是「高於」而非等於，並同時檢查連續日數。","[]","[]","","false","false","https://cap.rcpet.edu.tw/exam/111/111exam.html","https://drive.google.com/file/d/1th-vb5HCBAhIv65OKXY646kHYbyggwQu/view","","","","","","","","",""
"OFF-0372","社會","官方歷屆真題","111","30","會考總複習","歷屆會考","111年社會第30題","進階","歷屆真題","以下是中國 天津某年慶祝元旦的相關報導：「政府要求各機關及各民眾團 體，在元旦上午參加慶祝中華民國成立的紀念大會。當晚民眾提燈遍遊街 市，高呼『勿忘國恥』、『抵制日貨』、『打倒貪官汙吏』、『打倒燒香化 紙、磕頭拜年的惡習』等口號。各街市商號張貼標語、懸燈結綵，國民黨黨 旗和國旗飄揚天際，蔚為盛況。」上述內容最可能是描繪下列何時的景象？","1861-1895年自強運動期間","1928-1937年十年建設期間","1958-1961年農工大躍進期間","1966-1976年文化大革命期間","1","1928-1937年十年建設期間","","報導提到慶祝中華民國成立、國民黨黨旗與國旗並列，且有抵制日貨、勿忘國恥等口號，反映南京國民政府統治天津時期。最符合 1928–1937 年十年建設時期，答案 B。","[""用政治象徵定位：慶祝中華民國成立且國民黨黨旗飄揚。"",""再用抵制日貨、勿忘國恥等口號確認是日本侵華加深前後的民國時期。"",""符合南京國民政府 1928–1937 年十年建設期間，答案 B；清末尚未成立中華民國，後兩期也不符國民黨旗幟情境。""]","年代判讀把政治制度、旗幟、口號與事件背景交叉比對。","[]","[]","","false","false","https://cap.rcpet.edu.tw/exam/111/111exam.html","https://drive.google.com/file/d/1th-vb5HCBAhIv65OKXY646kHYbyggwQu/view","","","","","","","","",""
"OFF-0373","社會","官方歷屆真題","111","31","會考總複習","歷屆會考","111年社會第31題","進階","歷屆真題","圖(十六)是某時期中國海外貿 易的進出口總額統計圖。觀察 圖中各區域與中國的貿易概 況，分析造成圖中第「Ⅱ」階 段變化的主要原因，最可能與 下列何者有關？","朝廷驅逐在華的耶穌會傳教士","玉米、馬鈴薯等美洲作物傳入","義和團事變對社會經濟的衝擊","鄭氏勢力擁兵東南與清廷對抗","3","鄭氏勢力擁兵東南與清廷對抗","","圖(十六)的第Ⅱ階段約在 17 世紀中後期至 1683 年前後，對外貿易量下降。此時鄭氏勢力據守臺灣並與清廷對抗，清廷曾採海禁、遷界等措施限制沿海貿易，最能解釋此階段變化，答案 D。","[""先從時間軸讀出第Ⅱ階段約落在明清易代至鄭氏政權時期。"",""鄭氏據臺與清廷對抗，清廷限制沿海往來，會影響中國東南沿海貿易。"",""因此第Ⅱ階段變化與鄭氏勢力和清廷對抗有關，答案 D。""]","圖表題先判斷階段年代，再用相符的政治事件解釋貿易變化。","[]","[""./assets/official-exams/111-social-q31-trade-stages.png""]","./assets/official-exams/111-social-q31-trade-stages.png","true","false","https://cap.rcpet.edu.tw/exam/111/111exam.html","https://drive.google.com/file/d/1th-vb5HCBAhIv65OKXY646kHYbyggwQu/view","","","","","","","","",""
"OFF-0374","社會","官方歷屆真題","111","32","會考總複習","歷屆會考","111年社會第32題","進階","歷屆真題","謝先生是王小姐的前夫，但謝先生屢次侵擾王小姐的住處，甚至還到她上班 的地方騷擾，最後謝先生因違反保護令的相關規定，被判處拘役四十天。根 據上述內容判斷，下列敘述何者正確？","謝先生必須為自己的違法行為負起刑事責任","王小姐因警察局所核發的保護令而獲得保障","謝先生若不服判決可向地方法院提出民事訴訟","王小姐可依《性別平等教育法》向謝先生求償","0","謝先生必須為自己的違法行為負起刑事責任","","謝先生違反法院核發的保護令，並因此被判拘役四十天；拘役是刑罰，表示其須為違法行為負刑事責任，答案 A。","[""題幹明示謝先生違反保護令。"",""法院判處拘役四十天，拘役屬刑事處罰。"",""因此謝先生須負刑事責任，答案 A；保護令由法院核發，並非警察局核發。""]","家暴保護令由法院核發；違反保護令可能涉及刑事責任。","[]","[]","","false","false","https://cap.rcpet.edu.tw/exam/111/111exam.html","https://drive.google.com/file/d/1th-vb5HCBAhIv65OKXY646kHYbyggwQu/view","","","","","","","","",""
"OFF-0375","社會","官方歷屆真題","111","33","會考總複習","歷屆會考","111年社會第33題","進階","歷屆真題","開班會時，有些同學在玩牌、有些同學在吃東 西，阿偉認為吵雜聲使他聽不清楚其他人的發 言內容，影響到他參與會議的權利。圖(十七)是 當日班會的部分過程，阿偉應是在圖中哪一階 段要求主席處理上述問題？","甲","乙","丙","丁","0","甲","","圖(十七)中甲是權宜問題，用來處理會議進行時突發且妨礙議事的狀況。喧鬧使阿偉聽不清發言，屬於需要立即排除的會議障礙，而不是對議事程序錯誤提出的秩序問題，因此應在甲階段提出，答案 A。","[""先從題幹抓出問題：會場吵鬧，妨礙阿偉聽取正在進行的發言。"",""權宜問題用於處理妨礙會議進行的突發狀況；秩序問題則針對議事程序錯誤。"",""因此應提出權宜問題，流程圖標示為甲，答案 A。""]","分辨權宜問題與秩序問題：前者排除突發障礙，後者糾正議事程序錯誤。","[]","[""./assets/official-exams/111-social-q33-meeting-flow.png""]","./assets/official-exams/111-social-q33-meeting-flow.png","true","false","https://cap.rcpet.edu.tw/exam/111/111exam.html","https://drive.google.com/file/d/1th-vb5HCBAhIv65OKXY646kHYbyggwQu/view","","","","","","","","",""
"OFF-0376","社會","官方歷屆真題","111","34","會考總複習","歷屆會考","111年社會第34題","進階","歷屆真題","某日阿蔚透過網路觀看立法院的議事實況轉播，根據我國現行法律規定， 他最可能看見下列何者的轉播情況？","審理總統、副總統彈劾案","表決對行政院的糾正提案","召開行政院會議規畫施政方針","行政院部會首長進行施政報告","3","行政院部會首長進行施政報告","","立法院可邀請行政院院長及各部會首長到立法院進行施政報告，並接受質詢，因此議事直播最可能看到部會首長施政報告，答案 D。","[""辨認畫面場域為立法院議事程序。"",""行政院及部會首長可依憲政程序赴立法院報告施政並接受質詢。"",""因此選 D；行政院會議在行政院召開，總統、副總統彈劾案由憲法法庭審理。""]","區分立法院監督行政院與行政院自行召開院會的權責。","[]","[]","","false","false","https://cap.rcpet.edu.tw/exam/111/111exam.html","https://drive.google.com/file/d/1th-vb5HCBAhIv65OKXY646kHYbyggwQu/view","","","","","","","","",""
"OFF-0377","社會","官方歷屆真題","111","35","會考總複習","歷屆會考","111年社會第35題","進階","歷屆真題","「紓解訟源」是近年司法改革的重點之一，其目的是希望讓民眾在提起訴訟 前，能透過公正且具有與法院確定判決相同效力的途徑來解決糾紛，這種方 式既可避免耗時的訴訟程序，也能減少司法資源的浪費。下列哪種處理方式 最符合「紓解訟源」的作法？","不服行政處分，向上級機關提起訴願","偷竊財物遭逮，嫌犯希望失主別追究","車禍無人受傷，雙方私下和解賠償損失","遭友積欠債務，至調解委員會聲請調解","3","遭友積欠債務，至調解委員會聲請調解","","鄉鎮市調解委員會可協助民事債務雙方在訴訟前協商；調解成立後還須送法院核定，經核定的民事調解才與民事確定判決有同一效力。此途徑符合題意所說的紓解訟源，答案 D。","[""題幹要求找訴訟前、公正且具法定效力的爭議處理方式。"",""民事債務糾紛可由鄉鎮市調解委員會協助雙方先行協商。"",""調解成立後須送法院核定；經核定的民事調解才與民事確定判決有同一效力，因此此選項最符合題意，答案 D。""]","調解不同於單方面不追究或私下口頭和解；需依法進行並符合法定效力要件。","[]","[]","","false","false","https://cap.rcpet.edu.tw/exam/111/111exam.html","https://drive.google.com/file/d/1th-vb5HCBAhIv65OKXY646kHYbyggwQu/view","","","","","","","","",""
"OFF-0378","社會","官方歷屆真題","111","36","會考總複習","歷屆會考","111年社會第36題","進階","歷屆真題","圖(十八)為大華與小年住家附近的地圖，甲、乙二商 店均販賣大華與小年想購買的某項商品，且該商品在 甲商店的售價比乙商店高。若大華僅想就近買到商 品，而小年卻只想以便宜的價格購買，則對此二人而 言，到哪一間商店購物的機會成本較高？","皆為甲商店","皆為乙商店","大華：甲商店，小年：乙商店","大華：乙商店，小年：甲商店","3","大華：乙商店，小年：甲商店","","題目問的是哪間店對各人而言具有較高機會成本，而非他們應選哪間店。大華重視距離，離家較遠的乙店代表較高交通代價；小年重視價格，售價較高的甲店代表較高支出代價，因此答案 D。","[""讀圖比較大華住家到兩店：乙店較遠，所以對重視就近的大華而言，乙店的機會成本較高。"",""題幹已說明甲店價格高於乙店；對重視便宜的小年而言，甲店的支出代價較高。"",""合併兩人的偏好與代價，為大華選乙店、小年選甲店，答案 D。""]","先看每個人的偏好，再找哪個選項最違反該偏好；不要把較低機會成本誤當成題目所問。","[]","[""./assets/official-exams/111-social-q36-shopping-map.png""]","./assets/official-exams/111-social-q36-shopping-map.png","true","false","https://cap.rcpet.edu.tw/exam/111/111exam.html","https://drive.google.com/file/d/1th-vb5HCBAhIv65OKXY646kHYbyggwQu/view","","","","","","","","",""
"OFF-0379","社會","官方歷屆真題","111","37","會考總複習","歷屆會考","111年社會第37題","進階","歷屆真題","中國近代某一文章提到：「政府假借預備立憲的美名卻實行中央集權，假借 推行新政卻搜刮民間錢財，對外則割讓土地，並出賣採礦權與鐵路經營權。 人民反對政策，可能會被處死；如果人民自己出錢出力興修鐵路，又會被官方 沒收。政府應該要保護人民，結果人民反而受到政府的傷害，如此不顧人民 生命、財產的政府，誰還能忍受呢！」上文的主要訴求最可能是下列何者？","因對外戰爭受到挫敗，提倡學習西方的軍事及工業技術","推動制度層面的改革，以解決自強運動改革不彰的問題","對改革結果感到失望，體認到革命也是救國的途徑之一","主張全面改革思想文化，提倡西方科學精神與白話文學","2","對改革結果感到失望，體認到革命也是救國的途徑之一","","文章批評清末政府假借立憲、新政之名卻集權、搜刮及侵害人民權益，顯示作者對漸進改革失望，認為革命可能是救國途徑，答案 C。","[""抓取文章批評：中央集權、搜刮民財、出賣路礦權及壓制反對者。"",""這些內容指出改革未改善政治、民生，反而傷害人民。"",""作者因改革失望而轉向革命救國主張，答案 C。""]","先歸納史料立場，再區分自強技術改革、制度改革與革命主張。","[]","[]","","false","false","https://cap.rcpet.edu.tw/exam/111/111exam.html","https://drive.google.com/file/d/1th-vb5HCBAhIv65OKXY646kHYbyggwQu/view","","","","","","","","",""
"OFF-0380","社會","官方歷屆真題","111","38","會考總複習","歷屆會考","111年社會第38題","進階","歷屆真題","圖(十九)中的硬幣為位在南半球的某國於2019年 所發行。自歐洲人十八世紀移入該地以來，已有 約130種原住民語絕跡。該國希望藉由此硬幣的發 行，提醒人民保存、維護和活化原住民語的重要 性。上述硬幣最可能由下列何國發行？","印度","秘魯","澳洲","菲律賓","2","澳洲","","題目指出該國位於南半球、歐洲人自十八世紀移入，原住民語言大量消失；圖中硬幣也以原住民語言與殖民歷史為主題，最符合澳洲，答案 C。","[""用南半球和歐洲人十八世紀移入作地理、歷史線索。"",""再結合硬幣紀念原住民語言保存的內容。"",""符合澳洲原住民族語言與殖民移入歷史，答案 C。""]","地點題可用半球位置、殖民年代及原住民族文化線索交叉判斷。","[]","[""./assets/official-exams/111-social-q38-language-coin.png""]","./assets/official-exams/111-social-q38-language-coin.png","true","false","https://cap.rcpet.edu.tw/exam/111/111exam.html","https://drive.google.com/file/d/1th-vb5HCBAhIv65OKXY646kHYbyggwQu/view","","","","","","","","",""
"OFF-0381","社會","官方歷屆真題","111","39","會考總複習","歷屆會考","111年社會第39題","進階","歷屆真題","小強參加辯論比賽，辯論主題是「目前甲國社會尚未達到性別平等」，若他 是站在正方的立場，須提出支持主題的論點，下列四張關於甲國不同面向的 統計圖，何者最適合小強作為強化論點的證據？ (A) (B) (C) (D)","A","B","C","D","2","C","","題目要支持「尚未達到性別平等」。圖(C)顯示家暴受害者中女性人數比例遠高於男性，呈現性別受到暴力侵害的差異，最能直接支持仍有性別不平等，答案 C。","[""先確認要找的是支持性別不平等的證據。"",""比較四圖中男女比例，圖(C)家暴受害者女性明顯多於男性。"",""此差異直接反映性別暴力風險不均，最支持論點，答案 C。""]","統計圖作為論據要選與主張直接相關、差距清楚的資料。","[]","[""./assets/official-exams/111-social-q39-gender-charts.png""]","./assets/official-exams/111-social-q39-gender-charts.png","true","false","https://cap.rcpet.edu.tw/exam/111/111exam.html","https://drive.google.com/file/d/1th-vb5HCBAhIv65OKXY646kHYbyggwQu/view","","","","","","","","",""
"OFF-0382","社會","官方歷屆真題","111","40","會考總複習","歷屆會考","111年社會第40題","進階","歷屆真題","圖(二十)為小成在研究2017年非洲貿易現況時所發現的某些現象。非洲各國採 取下列何項措施，最可能有助於改善非洲這些現象？ 圖(二十)","限定與非洲其他國家的進口配額，保護本國產業","改善與其他洲的交通運輸，降低貨物的運輸成本","強化邊境的管制措施，防止鄰國非法貿易的進行","簽署非洲自由貿易協定，降低非洲國家間的關稅","3","簽署非洲自由貿易協定，降低非洲國家間的關稅","","圖(二十)指出非洲區域內貿易占比低，貿易對象集中於歐盟、中國及美國等洲外國家。簽署非洲自由貿易協定、降低非洲國家間關稅，可促進區域內交易，改善此現象，答案 D。","[""從材料讀出兩個問題：非洲內部貿易比例低，且貿易集中於洲外。"",""降低非洲國家彼此交易的關稅，可減少區域內貿易障礙。"",""非洲自由貿易協定最直接回應問題，答案 D；增加洲外運輸未必提高非洲內部貿易。""]","政策需針對圖表指出的問題；區域內貿易偏低，優先看區域整合措施。","[]","[""./assets/official-exams/111-social-q40-africa-trade-article.png""]","./assets/official-exams/111-social-q40-africa-trade-article.png","true","false","https://cap.rcpet.edu.tw/exam/111/111exam.html","https://drive.google.com/file/d/1th-vb5HCBAhIv65OKXY646kHYbyggwQu/view","","","","","","","","",""
"OFF-0383","社會","官方歷屆真題","111","41","會考總複習","歷屆會考","111年社會第41題","進階","歷屆真題","圖 ( 二 十 一 ) 是 日 本繪 製 的 第二次世界大戰形勢圖，三 種圖例代表與日本三種不 同關係。從圖中標示的圖 例，可得知這是1941年底 太平洋戰爭爆發後的世界形 勢，最主要的判斷依據應為 下列何者？","英國和德國使用不同圖例","英國和美國使用相同圖例","朝鮮和日本使用相同圖例","德國和日本使用相同圖例","1","英國和美國使用相同圖例","","圖例顯示英國與美國同屬對日本作戰的敵對國。美國在 1941 年 12 月珍珠港事件後正式對日參戰，與日本和英國交戰方的共同關係，正是判定地圖為太平洋戰爭爆發後的重要依據，答案 B。","[""先讀圖例，確認英國與美國被標示為相同的對日敵對關係。"",""1941 年底太平洋戰爭爆發後，美國加入對日作戰，與英國同為日本的敵國。"",""因此英國和美國使用相同圖例是關鍵判斷依據，答案 B。""]","歷史地圖要把圖例與題目限定年代的事件相互核對。","[]","[""./assets/official-exams/111-social-q41-world-map.png""]","./assets/official-exams/111-social-q41-world-map.png","true","false","https://cap.rcpet.edu.tw/exam/111/111exam.html","https://drive.google.com/file/d/1th-vb5HCBAhIv65OKXY646kHYbyggwQu/view","","","","","","","","",""
"OFF-0384","社會","官方歷屆真題","111","42","會考總複習","歷屆會考","111年社會第42題","進階","歷屆真題","圖(二十二)呈現甲、乙、丙三國的貿易情況。若甲國受匯 率變動的影響，使得某段時間的進、出口商品數量皆大幅 增加，則根據圖中內容判斷，該段時間甲國貨幣的匯率變 化，最可能為下列何者？","相對乙、丙兩國貨幣皆升值","相對乙、丙兩國貨幣皆貶值","相對乙國貨幣升值，但相對丙國貨幣貶值","相對乙國貨幣貶值，但相對丙國貨幣升值","3","相對乙國貨幣貶值，但相對丙國貨幣升值","","圖(二十二)顯示甲出口到乙，而丙出口到甲。甲幣相對乙貶值，甲商品對乙更便宜，有利甲出口增加；甲幣相對丙升值，丙商品換成甲幣後更便宜，有利甲進口增加，因此兩方向數量可同時增加，答案 D。","[""讀箭頭方向：甲把商品出口到乙；丙把商品出口到甲，所以甲進口自丙。"",""甲幣相對乙貶值會使甲貨物對乙更便宜，有利出口；甲幣相對丙升值會使丙貨物對甲更便宜，有利進口。"",""雙邊價格競爭力分別提升，較能解釋甲進出口同時增加，答案 D。""]","匯率要分別看雙邊貨幣關係；進口量和出口量同增時，可能是對不同貿易夥伴呈現不同升貶值。","[]","[""./assets/official-exams/111-social-q42-trade-diagram.png""]","./assets/official-exams/111-social-q42-trade-diagram.png","true","false","https://cap.rcpet.edu.tw/exam/111/111exam.html","https://drive.google.com/file/d/1th-vb5HCBAhIv65OKXY646kHYbyggwQu/view","","","","","","","","",""
"OFF-0385","社會","官方歷屆真題","111","43","會考總複習","歷屆會考","111年社會第43題","進階","歷屆真題","圖(二十三)是某一時期的政治宣傳漫畫，圖中 「大手」代表當時的國際組織，領導各國對 抗侵略者。根據內容判斷，該國際組織最可 能是下列何者？","聯合國","國際聯盟","華沙公約組織","石油輸出國家組織","0","聯合國","","漫畫中的「大韓民國」與「共產侵略者」指向韓戰；1950 年北韓軍隊進攻大韓民國後，聯合國安全理事會通過決議，呼籲會員國協助大韓民國抵禦攻擊。圖中領導各國支援的國際組織因此是聯合國，答案 A。","[""讀漫畫標籤：「大韓民國」受到「共產侵略者」攻擊，情境對應韓戰。"",""韓戰期間，聯合國安全理事會決議呼籲會員國協助大韓民國抵禦攻擊。"",""因此圖中領導各國支援的組織是聯合國，答案 A；不是一戰後成立的國際聯盟。""]","注意漫畫事件年代；國際聯盟與聯合國成立於不同戰後時期。","[]","[""./assets/official-exams/111-social-q43-propaganda-cartoon.png""]","./assets/official-exams/111-social-q43-propaganda-cartoon.png","true","false","https://cap.rcpet.edu.tw/exam/111/111exam.html","https://drive.google.com/file/d/1th-vb5HCBAhIv65OKXY646kHYbyggwQu/view","","","","","","","","",""
"OFF-0386","社會","官方歷屆真題","111","44","會考總複習","歷屆會考","111年社會第44題","進階","歷屆真題","【閱讀材料】1855年，英商威廉士洋行的商船航行至臺灣府安平外海，並派人上岸詢問是否能在當地貿易。經過安排，船長和臺灣道裕鐸在打狗會面。裕鐸在會談中告知船長，外國商船若直接在安平停泊並不符合規定，臺灣道將受朝廷處罰；但裕鐸和打狗地方官員可以私下允許外國商船停靠港邊或打狗地方進行貿易。

然而，實際上已有很多來往洋船在臺灣附近停泊，禁令未能嚴格執行。數年後，新任臺灣道孔昭慈於1859年又要求外國商船「不准停靠之前一條在安平附近起卸貨物」。一位英國商人分析：「這並非臺灣道刻意禁止外商在臺灣府貿易，而是因為府城當地泉州人組成的商人團體，過去向福建巡撫告狀，指控外國商船收購物產造成物價上漲，影響本地商人的生意。」

【題目】根據上文中裕鐸與洋行的會談結果，當時臺灣對外貿易的情況，最可能是下列何者？","當時臺灣尚未對外開港，裕鐸嚴禁洋商在臺貿易","當時臺灣尚未對外開港，實際上洋商已來臺貿易","當時臺灣已經對外開港，洋商可在臺灣各港口貿易","當時臺灣已經對外開港，裕鐸仍阻撓洋商在臺貿易","1","當時臺灣尚未對外開港，實際上洋商已來臺貿易","","材料指出 1855 年外國商船已到臺灣安平外海，與裕鐸協商後由臺灣道安排洋商登岸交易；同時清廷尚未正式對外開港。因此當時尚未開港，但洋商已實際來臺貿易，答案 B。","[""材料時間為 1855 年，且記載洋商船已抵安平外海。"",""裕鐸與官員安排交易，顯示洋商實際在臺貿易；但正式開港時間尚未到。"",""因此是尚未正式開港、洋商已來臺交易，答案 B。""]","區分正式開港制度與實際上已有外商活動，兩者時間可能不同。","[]","[]","","false","false","https://cap.rcpet.edu.tw/exam/111/111exam.html","https://drive.google.com/file/d/1th-vb5HCBAhIv65OKXY646kHYbyggwQu/view","","","","","","","","",""
"OFF-0387","社會","官方歷屆真題","111","45","會考總複習","歷屆會考","111年社會第45題","進階","歷屆真題","【閱讀材料】1855年，英商威廉士洋行的商船航行至臺灣府安平外海，並派人上岸詢問是否能在當地貿易。經過安排，船長和臺灣道裕鐸在打狗會面。裕鐸在會談中告知船長，外國商船若直接在安平停泊並不符合規定，臺灣道將受朝廷處罰；但裕鐸和打狗地方官員可以私下允許外國商船停靠港邊或打狗地方進行貿易。

然而，實際上已有很多來往洋船在臺灣附近停泊，禁令未能嚴格執行。數年後，新任臺灣道孔昭慈於1859年又要求外國商船「不准停靠之前一條在安平附近起卸貨物」。一位英國商人分析：「這並非臺灣道刻意禁止外商在臺灣府貿易，而是因為府城當地泉州人組成的商人團體，過去向福建巡撫告狀，指控外國商船收購物產造成物價上漲，影響本地商人的生意。」

【題目】根據上文，外國商人分析臺灣道重申外國商船不得在安平附近起卸貨物的原因，最可能與下列何者有關？","安平與鹿耳門泥沙淤積，易造成擱淺","府城商人透過「郊」來維護自身利益","日本出兵臺灣南部，清帝國提高警戒","許多府城商人組成「郊」與洋行合作","1","府城商人透過「郊」來維護自身利益","","材料中外商指出府城商人組成的「郊」透過地方人脈與利益網絡維護自身生意，影響洋商在安平附近起卸貨物。故禁令最可能與府城商人藉「郊」維護既有利益有關，答案 B。","[""先讀材料對「郊」的說明：由府城商人組成的商業團體。"",""外商指出郊商透過地方關係限制外商在安平附近卸貨。"",""這反映地方商人以郊維護自身利益，答案 B；並非單純港口淤積或合作開放。""]","史料題應依材料中的行動者與利益關係判斷，不要只用港口地理猜測。","[]","[]","","false","false","https://cap.rcpet.edu.tw/exam/111/111exam.html","https://drive.google.com/file/d/1th-vb5HCBAhIv65OKXY646kHYbyggwQu/view","","","","","","","","",""
"OFF-0388","社會","官方歷屆真題","111","46","會考總複習","歷屆會考","111年社會第46題","進階","歷屆真題","【閱讀材料】臺灣和地形有關的地名，多是古人依照當時的地理環境命名。隨時間變化，原來的山丘、河流或湖泊可能變遷甚至消失，因此可透過地名推估過去的地景。例如「墘」字代表位於某一地物或水邊旁邊，如厝墘、田墘、港墘與溪墘等。

小瑜家鄉地名也有「墘」字，雖然現今已看不到當時地貌；為印證上述命名原則，她找到1921年日治時期家鄉地圖（圖二十五），並將當時河流及水塘標示在現今電子地圖（圖二十六）上，發現與上述原則一致。

【題目】根據圖(二十四)中「墘」字地名的分布判斷，下列關於「墘」字地名的推論何者最為合理？","分布於閩南族群集中區，屬閩南族系的地名","分布於客家族群集中區，屬客家族系的地名","分布於現今原住民居住地，為原住民的地名","受西班牙占領影響，為西班牙語音譯的地名","0","分布於閩南族群集中區，屬閩南族系的地名","","圖(二十四)中的「墘」字地名大量分布於臺灣西部平原及西南部，與閩南族群聚居區相符；「墘」也是閩南語地名常見用字，故推論屬閩南族系地名最合理，答案 A。","[""先從地圖辨認地名點位主要集中在臺灣西部，尤其西南部。"",""對照族群分布，該區是閩南族群聚居的重要區域。"",""「墘」為閩南語地名用字，答案 A；分布不符合西班牙語音譯或主要客家區的推論。""]","地名來源要將詞語語系和空間分布一起判讀，避免只憑字形推測。","[]","[""./assets/official-exams/111-social-q46-diqian-taiwan-map.png""]","./assets/official-exams/111-social-q46-diqian-taiwan-map.png","true","false","https://cap.rcpet.edu.tw/exam/111/111exam.html","https://drive.google.com/file/d/1th-vb5HCBAhIv65OKXY646kHYbyggwQu/view","","","","","","","","",""
"OFF-0389","社會","官方歷屆真題","111","47","會考總複習","歷屆會考","111年社會第47題","進階","歷屆真題","【閱讀材料】臺灣和地形有關的地名，多是古人依照當時的地理環境命名。隨時間變化，原來的山丘、河流或湖泊可能變遷甚至消失，因此可透過地名推估過去的地景。例如「墘」字代表位於某一地物或水邊旁邊，如厝墘、田墘、港墘與溪墘等。

小瑜家鄉地名也有「墘」字，雖然現今已看不到當時地貌；為印證上述命名原則，她找到1921年日治時期家鄉地圖（圖二十五），並將當時河流及水塘標示在現今電子地圖（圖二十六）上，發現與上述原則一致。

【題目】根據圖(二十五)判斷，在日治時期小瑜的家鄉最可能以哪種產業活動為主？","水稻耕作","樟腦提煉","茶葉種植","海鹽晒製","0","水稻耕作","","圖(二十五)的土地利用圖中，小瑜家鄉周邊以田地為主，並有河流水塘等水利條件，適合發展水稻耕作，答案 A。","[""先辨認圖例：田地與茶園、樟林、鹽地等土地利用類別不同。"",""小瑜家鄉所在區域主要呈現田地，且附近有河流及水塘供水。"",""因此日治時期最可能以水稻耕作為主，答案 A。""]","歷史地圖題先對照圖例及當時土地利用，不要用今日產業直接套回過去。","[]","[""./assets/official-exams/111-social-q47-japanese-landuse-map.png""]","./assets/official-exams/111-social-q47-japanese-landuse-map.png","true","false","https://cap.rcpet.edu.tw/exam/111/111exam.html","https://drive.google.com/file/d/1th-vb5HCBAhIv65OKXY646kHYbyggwQu/view","","","","","","","","",""
"OFF-0390","社會","官方歷屆真題","111","48","會考總複習","歷屆會考","111年社會第48題","進階","歷屆真題","【閱讀材料】臺灣和地形有關的地名，多是古人依照當時的地理環境命名。隨時間變化，原來的山丘、河流或湖泊可能變遷甚至消失，因此可透過地名推估過去的地景。例如「墘」字代表位於某一地物或水邊旁邊，如厝墘、田墘、港墘與溪墘等。

小瑜家鄉地名也有「墘」字，雖然現今已看不到當時地貌；為印證上述命名原則，她找到1921年日治時期家鄉地圖（圖二十五），並將當時河流及水塘標示在現今電子地圖（圖二十六）上，發現與上述原則一致。

【題目】根據上文中地名的命名原則及圖(二十五)與圖(二十六)的資訊判斷，小瑜的家鄉地名最可能為下列何者？","海墘","潭墘","岸壁墘","黑礁墘","1","潭墘","","圖(二十五)顯示小瑜家鄉附近以田地為主；圖(二十六)的 1921 年河流與水塘位置，對照現今地圖後，家鄉位於水塘邊而非海岸、岩壁或黑礁旁。依題幹地名命名原則，「潭」指水塘，「墘」指旁邊，因此最可能是潭墘，答案 B。","[""先由土地利用圖和河流水塘圖層定位小瑜家鄉：附近有水塘，並非海岸地形。"",""題幹說地名依當時地理環境命名；「墘」表示旁邊，「潭」可指水塘。"",""水塘旁的地名最符合潭墘，答案 B。""]","把歷史河道、水塘圖層與現今地圖疊合後，再依地名語義判斷。","[]","[""./assets/official-exams/111-social-q47-japanese-landuse-map.png"",""./assets/official-exams/111-social-q48-water-map.png""]","./assets/official-exams/111-social-q47-japanese-landuse-map.png","true","false","https://cap.rcpet.edu.tw/exam/111/111exam.html","https://drive.google.com/file/d/1th-vb5HCBAhIv65OKXY646kHYbyggwQu/view","","","","","","","","",""
"OFF-0391","社會","官方歷屆真題","111","49","會考總複習","歷屆會考","111年社會第49題","進階","歷屆真題","【閱讀材料】過去以茶文化為主的亞洲人，對咖啡的接受度越來越高，更逐漸在各地形成獨特的咖啡文化。近年臺灣也吹起喝咖啡的風潮。早在日治時期，日本就已將飲用咖啡的習慣帶入臺灣；戰後有業者創立供內用的專業咖啡店，後來也有廠商生產即溶咖啡飲品。直到2010年代末期，美式咖啡連鎖品牌進駐臺灣，引進外帶現煮咖啡後，咖啡市場才出現關鍵性改變，讓喝咖啡變成日常生活的一部分。2018年臺灣平均每人一年喝下超過200杯咖啡，咖啡豆進口量是2008年的兩倍以上，咖啡商機仍持續成長。

南韓人在亞洲地區的咖啡銷售量名列前茅，平均每人一年喝下超過500杯咖啡。咖啡已成為南韓日常生活不可缺少的一部分，也相當受學生喜愛。不少學生熬夜讀書後白天精神不濟，飲用咖啡提神、增加專注力；但攝取過量咖啡因會造成頭痛、心跳加速、睡眠障礙等症狀，可能不利青少年神經及心血管系統發育。南韓政府擔心校園飲用咖啡影響學生健康及醫療資源，因此修法規定自2018年9月起，全國禁止在高中以下校園販售含咖啡因飲料。

我國也有相關法令規範高中以下校園內飲品及點心的販售項目；違規販售不符合規範的商品，主管機關可要求下架。

【題目】文中針對我國咖啡的相關敘述，下列何者最適當？","咖啡產品貿易總額超越茶產品","咖啡豆的進出口貿易呈現出超","飲用咖啡的習慣受到文化交流影響","國小內販售咖啡將會遭受刑罰處罰","2","飲用咖啡的習慣受到文化交流影響","","文章指出咖啡文化隨不同時期的日本殖民影響、外來品牌進入及飲食習慣改變而發展，顯示飲用咖啡的習慣受到文化交流影響，答案 C。文章沒有提供咖啡與茶的貿易總額比較，也未證明咖啡豆出超或國小販售會受刑罰。","[""從文章找台灣咖啡文化的歷史線索：日治時期引入飲用習慣，後續又受外來品牌及生活文化影響。"",""這些內容說明咖啡消費習慣隨文化交流而變化。"",""因此選 C；貿易總額、出超及刑罰效果都不是文章提供的證據。""]","閱讀題只選材料能支持的結論，不要把未提供的統計或法律效果自行補入。","[]","[]","","false","false","https://cap.rcpet.edu.tw/exam/111/111exam.html","https://drive.google.com/file/d/1th-vb5HCBAhIv65OKXY646kHYbyggwQu/view","","","","","","","","",""
"OFF-0392","社會","官方歷屆真題","111","50","會考總複習","歷屆會考","111年社會第50題","進階","歷屆真題","【閱讀材料】過去以茶文化為主的亞洲人，對咖啡的接受度越來越高，更逐漸在各地形成獨特的咖啡文化。近年臺灣也吹起喝咖啡的風潮。早在日治時期，日本就已將飲用咖啡的習慣帶入臺灣；戰後有業者創立供內用的專業咖啡店，後來也有廠商生產即溶咖啡飲品。直到2010年代末期，美式咖啡連鎖品牌進駐臺灣，引進外帶現煮咖啡後，咖啡市場才出現關鍵性改變，讓喝咖啡變成日常生活的一部分。2018年臺灣平均每人一年喝下超過200杯咖啡，咖啡豆進口量是2008年的兩倍以上，咖啡商機仍持續成長。

南韓人在亞洲地區的咖啡銷售量名列前茅，平均每人一年喝下超過500杯咖啡。咖啡已成為南韓日常生活不可缺少的一部分，也相當受學生喜愛。不少學生熬夜讀書後白天精神不濟，飲用咖啡提神、增加專注力；但攝取過量咖啡因會造成頭痛、心跳加速、睡眠障礙等症狀，可能不利青少年神經及心血管系統發育。南韓政府擔心校園飲用咖啡影響學生健康及醫療資源，因此修法規定自2018年9月起，全國禁止在高中以下校園販售含咖啡因飲料。

我國也有相關法令規範高中以下校園內飲品及點心的販售項目；違規販售不符合規範的商品，主管機關可要求下架。

【題目】根據文中內容判斷，南韓政府的作法與下列何項敘述最相符？","透過負向誘因影響校內師生的消費能力","透過正向誘因影響校內商品的販售種類","透過制度變革影響校內師生的消費能力","透過制度變革影響校內商品的販售種類","3","透過制度變革影響校內商品的販售種類","","文章指出南韓政府修法，禁止校園販售含咖啡因飲品，目的是降低學生過量攝取咖啡因的風險。這是透過制度變革，直接改變校園可販售的商品種類，答案 D。","[""找出南韓政府採取的工具：修訂法律。"",""法律規定校園禁止販售特定含咖啡因飲品，改變可出售商品清單。"",""因此屬制度變革影響校內商品販售種類，答案 D。""]","分辨政策工具與政策結果：修法是制度工具，禁售品項是販售種類改變。","[]","[]","","false","false","https://cap.rcpet.edu.tw/exam/111/111exam.html","https://drive.google.com/file/d/1th-vb5HCBAhIv65OKXY646kHYbyggwQu/view","","","","","","","","",""
"OFF-0393","社會","官方歷屆真題","111","51","會考總複習","歷屆會考","111年社會第51題","進階","歷屆真題","【閱讀材料】過去以茶文化為主的亞洲人，對咖啡的接受度越來越高，更逐漸在各地形成獨特的咖啡文化。近年臺灣也吹起喝咖啡的風潮。早在日治時期，日本就已將飲用咖啡的習慣帶入臺灣；戰後有業者創立供內用的專業咖啡店，後來也有廠商生產即溶咖啡飲品。直到2010年代末期，美式咖啡連鎖品牌進駐臺灣，引進外帶現煮咖啡後，咖啡市場才出現關鍵性改變，讓喝咖啡變成日常生活的一部分。2018年臺灣平均每人一年喝下超過200杯咖啡，咖啡豆進口量是2008年的兩倍以上，咖啡商機仍持續成長。

南韓人在亞洲地區的咖啡銷售量名列前茅，平均每人一年喝下超過500杯咖啡。咖啡已成為南韓日常生活不可缺少的一部分，也相當受學生喜愛。不少學生熬夜讀書後白天精神不濟，飲用咖啡提神、增加專注力；但攝取過量咖啡因會造成頭痛、心跳加速、睡眠障礙等症狀，可能不利青少年神經及心血管系統發育。南韓政府擔心校園飲用咖啡影響學生健康及醫療資源，因此修法規定自2018年9月起，全國禁止在高中以下校園販售含咖啡因飲料。

我國也有相關法令規範高中以下校園內飲品及點心的販售項目；違規販售不符合規範的商品，主管機關可要求下架。

【題目】文中所提及南韓政府修改法律的目的，與下列我國的何項作法最類似？","受監護宣告者自行訂定的契約不具效力","雇主不得因性別因素而對員工有差別待遇","國小學童不得出入有害身心發展的不良場所","家庭暴力受害者可聲請保護令以避免受到傷害","2","國小學童不得出入有害身心發展的不良場所","","南韓修法限制校園販售咖啡因飲品，是以法律保護學童健康、減少接觸可能有害身心的商品。台灣禁止國小學童出入有害身心發展場所，同樣以法規保護兒少，目的最相近，答案 C。","[""先抓南韓修法目的：避免學生因含咖啡因飲品而影響健康。"",""比較台灣選項，國小學童不得出入有害身心發展場所，也是在法律上限制兒少接觸有害環境。"",""兩者皆以法規保護兒少身心健康，答案 C；其他選項著重契約能力、職場平等或家暴救濟。""]","比較政策相似性時看保護對象、政策工具和目的三者是否一致。","[]","[]","","false","false","https://cap.rcpet.edu.tw/exam/111/111exam.html","https://drive.google.com/file/d/1th-vb5HCBAhIv65OKXY646kHYbyggwQu/view","","","","","","","","",""
"OFF-0394","社會","官方歷屆真題","111","52","會考總複習","歷屆會考","111年社會第52題","進階","歷屆真題","【閱讀材料】空氣污染是當代世界的嚴重問題，過去英國也曾深受空污危害。日本明治時代文學家夏目漱石在旅英期間的日記寫道：「在倫敦的街上散步時，了不起，當我看到自己吐出一個全黑的物體時真是吃驚；千萬民眾都被煤煙和塵灰污染著他們的肺。」當時人們以煤炭作為蒸汽機、家中暖爐與廚具的燃料，加上西歐盛行風，使空氣污染物不斷飄向城市下風處，形成煙霧瀰漫的景觀。

燃煤造成的空污會影響健康，可能降低新生兒存活率或使兒童發育遲緩。十九世紀英國部分城市的居住區分布也反映貧富差距：資本家與中產階級為尋求較佳生活品質，遷往污染較少的區域；較貧困的低技術勞動階級受工作地點與經濟所限，只能住在污染嚴重的區域。因此，思想家恩格斯曾不平地指出：「只有勞動階級才會呼吸受污染的空氣。」

【題目】文中日本文學家描述的城市現象，與下列何者的關係最密切？","工業革命","宗教改革","啟蒙運動","文藝復興","0","工業革命","","文章描述十九世紀英國燃煤工業、工廠煙塵與城市勞工居住環境惡化，這些都是工業化與工業革命帶來的城市變遷，答案 A。","[""從文章找時間及現象：十九世紀英國、燃煤工廠、城市空氣污染。"",""工廠大量使用煤炭及城市人口集中，是工業化發展的典型背景。"",""因此城市現象與工業革命關係最密切，答案 A。""]","從工業技術、燃料、工廠及城市勞工等線索辨認工業革命。","[]","[]","","false","false","https://cap.rcpet.edu.tw/exam/111/111exam.html","https://drive.google.com/file/d/1th-vb5HCBAhIv65OKXY646kHYbyggwQu/view","","","","","","","","",""
"OFF-0395","社會","官方歷屆真題","111","53","會考總複習","歷屆會考","111年社會第53題","進階","歷屆真題","【閱讀材料】空氣污染是當代世界的嚴重問題，過去英國也曾深受空污危害。日本明治時代文學家夏目漱石在旅英期間的日記寫道：「在倫敦的街上散步時，了不起，當我看到自己吐出一個全黑的物體時真是吃驚；千萬民眾都被煤煙和塵灰污染著他們的肺。」當時人們以煤炭作為蒸汽機、家中暖爐與廚具的燃料，加上西歐盛行風，使空氣污染物不斷飄向城市下風處，形成煙霧瀰漫的景觀。

燃煤造成的空污會影響健康，可能降低新生兒存活率或使兒童發育遲緩。十九世紀英國部分城市的居住區分布也反映貧富差距：資本家與中產階級為尋求較佳生活品質，遷往污染較少的區域；較貧困的低技術勞動階級受工作地點與經濟所限，只能住在污染嚴重的區域。因此，思想家恩格斯曾不平地指出：「只有勞動階級才會呼吸受污染的空氣。」

【題目】圖(二十八)是文中國家某空氣汙染嚴重的城市示意圖。已知圖中某處為低技術勞動階級居住的區域，根據上文及考量盛行風向的影響，此處最可能位於圖中甲、乙、丙、丁何處？","甲","乙","丙","丁","1","乙","","圖(二十八)的主要空氣污染源在中心；文中所說的西歐盛行西風，是由西往東吹，污染物會飄向東側下風處。圖上東側標示乙，因此低技術勞工居住區最可能在乙，答案 B。","[""先讀圖上的北向與方位：乙在污染源東側。"",""文章指出西歐盛行西風把煙霧吹向城市下風處；西風是由西往東吹。"",""污染源東側的乙位於下風處，答案 B。""]","風向名稱指風吹來的方向；西風由西往東吹，煙塵會移向東側。","[]","[""./assets/official-exams/111-social-q53-city-diagram.png""]","./assets/official-exams/111-social-q53-city-diagram.png","true","false","https://cap.rcpet.edu.tw/exam/111/111exam.html","https://drive.google.com/file/d/1th-vb5HCBAhIv65OKXY646kHYbyggwQu/view","","","","","","","","",""
"OFF-0396","社會","官方歷屆真題","111","54","會考總複習","歷屆會考","111年社會第54題","進階","歷屆真題","【閱讀材料】空氣污染是當代世界的嚴重問題，過去英國也曾深受空污危害。日本明治時代文學家夏目漱石在旅英期間的日記寫道：「在倫敦的街上散步時，了不起，當我看到自己吐出一個全黑的物體時真是吃驚；千萬民眾都被煤煙和塵灰污染著他們的肺。」當時人們以煤炭作為蒸汽機、家中暖爐與廚具的燃料，加上西歐盛行風，使空氣污染物不斷飄向城市下風處，形成煙霧瀰漫的景觀。

燃煤造成的空污會影響健康，可能降低新生兒存活率或使兒童發育遲緩。十九世紀英國部分城市的居住區分布也反映貧富差距：資本家與中產階級為尋求較佳生活品質，遷往污染較少的區域；較貧困的低技術勞動階級受工作地點與經濟所限，只能住在污染嚴重的區域。因此，思想家恩格斯曾不平地指出：「只有勞動階級才會呼吸受污染的空氣。」

【題目】文中關於城市居民居住區域分布所呈現的問題，是下列何者的關懷重點？","社會主義","民族主義","帝國主義","法西斯主義","0","社會主義","","文章指出資本家居住在環境較好的區域，低技術勞工被迫住在空氣污染較嚴重的地區，呈現階級及資源分配不平等。關注階級差異與社會平等的思想是社會主義，答案 A。","[""比較不同居民的居住環境：資本家較佳，低技術勞工較差。"",""這反映財富、階級與生活條件的不平等。"",""關注階級不平等與改善勞工處境的是社會主義，答案 A。""]","依思想關懷辨認：社會主義著重階級差異、勞工權益及資源分配。","[]","[]","","false","false","https://cap.rcpet.edu.tw/exam/111/111exam.html","https://drive.google.com/file/d/1th-vb5HCBAhIv65OKXY646kHYbyggwQu/view","","","","","","","","",""
"OFF-0557","社會","官方歷屆真題","112","1","會考總複習","歷屆會考","112年社會第1題","進階","歷屆真題","近年來，在政府與民間的努力下，開發出米麵包、米蛋糕、米布丁、米鳳梨 酥、米冰淇淋等新米食。上述作法最可能達成下列何項效益？","降低稻米生產成本","減少水稻耕作人力","減輕稻米過剩壓力","確保米食安全管理","2","減輕稻米過剩壓力","","答案 C。把稻米加工成麵包、蛋糕、布丁等新產品，能開拓稻米的消費用途，增加市場需求，因而有助於減輕稻米供過於求的壓力。題目沒有指出生產成本或耕作人力下降，也與食品安全管理無直接因果。","[""辨認政策作法：將稻米製成多種新食品，是擴大稻米用途與消費市場。"",""用途與需求增加可吸收更多稻米，降低產量大於需求造成的庫存壓力。"",""因此最可能的效益是減輕稻米過剩壓力，選 C。""]","經濟效益題要沿著「作法如何改變供給或需求」推論，不要把產品創新直接等同於降低生產成本。","[]","[]","","false","false","https://cap.rcpet.edu.tw/exam/112/112exam.html","https://drive.google.com/file/d/1vIVX90btDzk3XnNVfSQv0wRTw2A6omjL/view","","","","","","","","",""
"OFF-0558","社會","官方歷屆真題","112","2","會考總複習","歷屆會考","112年社會第2題","進階","歷屆真題","交通部 公路總局為了滿足部分地區民眾就學、就醫及 洽公的需求，以及達成某項目的，推動「幸福巴士」 政策。圖(一)為2019年8月時設有營運路線的行政區分 布。根據上述及右圖資訊推論，該目的最可能為下列 何者？","串連北中南的工業園區","降低高速公路的車流量","增加高鐵接駁的便利性","彌補公共運輸網的不足","3","彌補公共運輸網的不足","","答案 D。圖中幸福巴士路線分布於一般公共運輸較難服務的部分行政區，政策又明言要滿足就學、就醫與洽公需求，顯示其功能是補足既有公共運輸網的缺口。","[""先從政策對象判斷：服務的是部分地區居民的基本移動需求。"",""再看路線分布：並非沿工業園區或高鐵站集中，而是分散進入交通服務不足的行政區。"",""因此政策目的為彌補公共運輸網不足，答案 D。""]","地圖題需把分布位置與文字目的合併判斷；不要只憑交通政策名稱推測。","[]","[""./assets/official-exams/112-social-q02-happiness-bus-map.svg""]","./assets/official-exams/112-social-q02-happiness-bus-map.svg","true","false","https://cap.rcpet.edu.tw/exam/112/112exam.html","https://drive.google.com/file/d/1vIVX90btDzk3XnNVfSQv0wRTw2A6omjL/view","","","","","","","","",""
"OFF-0559","社會","官方歷屆真題","112","3","會考總複習","歷屆會考","112年社會第3題","進階","歷屆真題","格陵蘭島位處北極圈附近，某研究針對島上居民進行「氣候變遷對人類心理 影響」的抽樣調查，結果顯示大部分受訪者曾親身經歷全球暖化對生活帶來 的影響，氣候變遷正為北極地區居民帶來前所未有的壓力和焦慮。下列何者 最可能為當地居民擔憂的事情？","日益變薄的冰層讓雪橇通行變得危險","冰河侵蝕日漸增強導致耕地面積減少","海中珊瑚大量死亡造成觀光收益下滑","氣溫逐年變化使得冬天變長夏天變短","0","日益變薄的冰層讓雪橇通行變得危險","","答案 A。格陵蘭位於北極圈附近，全球暖化使海冰變薄、結冰期縮短，居民依靠冰面雪橇通行的安全受到直接影響。珊瑚礁觀光並非此地主要情境；暖化也不會使冬季變長、夏季變短。","[""將格陵蘭的高緯度環境與居民生活方式連結，冰面是雪橇交通的重要通道。"",""氣溫升高使海冰變薄且不穩定，雪橇通行更容易發生危險。"",""因此當地居民最可能擔憂冰層變薄，答案 A。""]","氣候影響題以當地緯度、地形和產業為線索，排除不符合環境背景的選項。","[]","[]","","false","false","https://cap.rcpet.edu.tw/exam/112/112exam.html","https://drive.google.com/file/d/1vIVX90btDzk3XnNVfSQv0wRTw2A6omjL/view","","","","","","","","",""
"OFF-0560","社會","官方歷屆真題","112","4","會考總複習","歷屆會考","112年社會第4題","進階","歷屆真題","表(一)為中國不同年份的人口普查部分資料。觀察表中幼年人口比例的變動，下列何者最可能是造成2010到2020年微幅變化的原因之一？

| 年齡組成 | 1953 | 1964 | 1982 | 1990 | 2000 | 2010 | 2020 |
| 0–14歲 | 36.28% | 40.69% | 33.59% | 27.69% | 22.89% | 16.60% | 17.95% |
| 15–64歲 | 59.31% | 55.75% | 61.50% | 66.74% | 70.15% | 74.53% | 68.55% |
| 65歲以上 | 4.41% | 3.56% | 4.91% | 5.57% | 6.96% | 8.87% | 13.50% |","開放生育第二胎","實施一胎化政策","重男輕女觀念式微","嚴格限制人口移入","0","開放生育第二胎","","答案 A。表中中國幼年人口比例由 2010 年的 16.60% 微升至 2020 年的 17.95%。中國在此期間逐步放寬生育限制並全面實施二孩政策，可能使出生人口稍增；一胎化政策則會抑制而非推升幼年人口比例。","[""比較表中幼年人口比例：2020 年 17.95% 高於 2010 年 16.60%，是小幅增加。"",""2010–2020 年間政策逐漸放寬生育限制，尤其全面開放生育第二胎，可能增加出生人口。"",""所以開放生育第二胎是造成比例微幅上升的合理原因，答案 A。""]","先看數據變動方向，再配合該時期人口政策；不能只看到中國曾有一胎化政策就選它。","[]","[]","","false","false","https://cap.rcpet.edu.tw/exam/112/112exam.html","https://drive.google.com/file/d/1vIVX90btDzk3XnNVfSQv0wRTw2A6omjL/view","","","","","","","","",""
"OFF-0561","社會","官方歷屆真題","112","5","會考總複習","歷屆會考","112年社會第5題","進階","歷屆真題","清末一位知識分子提到：「今日多數的中國婦女終身只待在家中，不曾見過 什麼人、沒去過其他城市、身邊沒有學習的夥伴而孤陋寡聞，只能學一些無 關緊要的東西，而這些東西遠比不上有用的知識。這是因為現在還有毀壞人 體的風俗，這樣的風俗沒有廢除，新式的女子學校就無法設立。這項風俗延 續了數百年直到今日，是外國人眼中的笑柄。」上述「風俗」最可能是下列 何者？","自幼纏足","吸食鴉片","剃度出家","薙髮留辮","0","自幼纏足","","答案 A。材料指出婦女長期被限制在家中、妨礙女子教育，並稱這種傷害身體的風俗延續數百年；清末知識分子批評的正是自幼纏足。","[""由「限制婦女活動、妨礙新式女子學校」推知，風俗與女性身體及行動受限有關。"",""纏足從幼年開始，造成身體傷害與行動不便，也曾被清末改革者批判。"",""故答案是自幼纏足，選 A；薙髮留辮主要是男性髮式，與材料所述女子教育阻礙不合。""]","史料判讀要抓住性別、身體影響與教育限制等關鍵線索，再連結當時社會風俗。","[]","[]","","false","false","https://cap.rcpet.edu.tw/exam/112/112exam.html","https://drive.google.com/file/d/1vIVX90btDzk3XnNVfSQv0wRTw2A6omjL/view","","","","","","","","",""
"OFF-0562","社會","官方歷屆真題","112","6","會考總複習","歷屆會考","112年社會第6題","進階","歷屆真題","表(二)為兩個雜誌社的成員，他們在某時期曾遭法院判刑入獄。隨著時局更迭，2019年政府公告撤銷原本的有罪判決，讓他們獲得平反。

| 雜誌社 | 成員 |
| 自由中國 | 雷震等人 |
| 美麗島 | 黃信介等人 |

表中人員當時被判刑，最可能與下列何者有關？","受威爾遜的影響，主張民族自決","反對皇民化時期推動的統治措施","挑戰戒嚴時期對人民權利的限制","聲援六四天安門事件，發動遊行","2","挑戰戒嚴時期對人民權利的限制","","答案 C。雷震等人因《自由中國》相關政治主張入獄，黃信介等人則與《美麗島》事件相關；兩者皆發生於威權統治、戒嚴時期，當事人挑戰政府對言論、結社等人民權利的限制。","[""辨認人物與刊物：雷震、《自由中國》及黃信介、《美麗島》均與臺灣戰後政治案件相關。"",""表格提到事後撤銷有罪判決並平反，指向政治案件與戒嚴時期民主運動。"",""兩案共同背景是挑戰戒嚴下人民權利受限，答案 C；其餘選項涉及不同年代或事件。""]","以人物、刊物與平反線索定位時代；勿把戒嚴政治案件混成日治時期或六四事件。","[]","[]","","false","false","https://cap.rcpet.edu.tw/exam/112/112exam.html","https://drive.google.com/file/d/1vIVX90btDzk3XnNVfSQv0wRTw2A6omjL/view","","","","","","","","",""
"OFF-0563","社會","官方歷屆真題","112","7","會考總複習","歷屆會考","112年社會第7題","進階","歷屆真題","圖(二)是法國1750至2000年人民平均壽命 曲線圖。下列何者最能合理解釋圖中甲、 乙、丙、丁四個箭頭處，平均壽命變動的 主要原因？","宗教改革後，教派間對立引發流血衝突","派遣移民前往殖民地，使國內人口減少","參與對外戰爭，造成青壯年人口減損","「經濟大恐慌」蔓延，社會嚴重失序","2","參與對外戰爭，造成青壯年人口減損","","答案 C。法國平均壽命曲線在甲、乙、丙、丁標示處出現明顯下降，主要可由各時期對外戰爭及革命衝突造成的青壯年死亡解釋。選項所述宗教改革、殖民移民或經濟大恐慌，無法一致對應圖中各箭頭時段。","[""先由曲線定位四個箭頭，它們代表平均壽命下降的時段，而非長期人口遷移趨勢。"",""死亡率短期升高會拉低平均壽命；法國近代多次戰爭造成大量青壯年傷亡。"",""因此參與對外戰爭造成青壯年人口減損，是最能共同解釋各下降處的選項，答案 C。""]","時間序列圖先判斷變動方向與時間點，再用能解釋多個標記的歷史因素，不要只套單一事件。","[]","[""./assets/official-exams/112-social-q07-life-expectancy.svg""]","./assets/official-exams/112-social-q07-life-expectancy.svg","true","false","https://cap.rcpet.edu.tw/exam/112/112exam.html","https://drive.google.com/file/d/1vIVX90btDzk3XnNVfSQv0wRTw2A6omjL/view","","","","","","","","",""
"OFF-0564","社會","官方歷屆真題","112","8","會考總複習","歷屆會考","112年社會第8題","進階","歷屆真題","李科羅是一位天主教傳教士，1655年前往廈門傳教，並得到當地統治者「國 姓爺」的關照；他也為國姓爺父子擔任使者，出使菲律賓。但1663年李科羅 結束使者任務返回廈門時，卻遭當地的新統治者逮捕；他擔心被送往北京， 因此在洪水氾濫期間，趁亂逃亡，最後輾轉逃到臺灣。李科羅逃亡的原因， 最可能與下列何者有關？","日本與荷蘭互相合作","荷蘭與西班牙互相敵對","鄭氏政權與英國互相合作","清帝國與鄭氏政權互相敵對","3","清帝國與鄭氏政權互相敵對","","答案 D。李科羅原受鄭氏統治者保護，1663 年返廈門時當地政權已更替；他擔心被送往北京，反映清帝國與據守臺灣、廈門一帶的鄭氏政權處於對立，故選 D。","[""時間線顯示李科羅在鄭氏政權控制時期獲得國姓爺父子庇護。"",""返回後新統治者逮捕他，且他害怕被送往北京，說明政治權力已轉向清廷。"",""清帝國與鄭氏政權敵對，足以解釋其處境改變，答案 D。""]","歷史題沿著統治者更替與人物立場建立時間線，避免把荷西或英國關係誤當背景。","[]","[]","","false","false","https://cap.rcpet.edu.tw/exam/112/112exam.html","https://drive.google.com/file/d/1vIVX90btDzk3XnNVfSQv0wRTw2A6omjL/view","","","","","","","","",""
"OFF-0565","社會","官方歷屆真題","112","9","會考總複習","歷屆會考","112年社會第9題","進階","歷屆真題","我國國民在面對新冠肺炎疫情時，可透過接種疫苗來降低染疫風險，但逾期 停留或逾期居留的外國人卻無法接種疫苗，一旦染疫後，可能也無法得到適 當的醫療服務，甚至危及他們的生命安全，因此有民間團體呼籲政府應將這 些人納入公費疫苗施打對象。後來，政府基於防疫需求與風險控管，在國內 疫苗供應充足的情況下，以專案方式為這些人施打疫苗。上述民間團體的呼 籲隱含下列哪一觀點？","公民參政權應受到重視","政府應得到人民定期授權","基本人權應受到普遍性保障","國家權力應受制衡以免遭濫用","2","基本人權應受到普遍性保障","","答案 C。民間團體主張逾期停留或居留的外國人也應能接種疫苗並獲得醫療，理由是生命與健康等基本人權不應因國籍或居留身分而被排除；政府後來也基於公共防疫納入專案施打。","[""辨認倡議對象：團體替無法接種、可能得不到醫療的逾期居留者發聲。"",""訴求不是選舉參政，而是讓每個人都能獲得生命健康所需的基本保障。"",""故核心觀點是基本人權具有普遍性，答案 C。""]","公民題辨別權利類型：投票、選舉是參政權；生命與健康保障屬基本人權。","[]","[]","","false","false","https://cap.rcpet.edu.tw/exam/112/112exam.html","https://drive.google.com/file/d/1vIVX90btDzk3XnNVfSQv0wRTw2A6omjL/view","","","","","","","","",""
"OFF-0566","社會","官方歷屆真題","112","10","會考總複習","歷屆會考","112年社會第10題","進階","歷屆真題","圖(三)為某島國周邊範圍的示意圖，甲 區塊為該國的土地，乙、丙區塊為環繞 在甲周圍的海域，而丁、戊、己區塊則 分別為甲、乙、丙所對應大氣層內的空 中領域。根據圖中內容判斷，該國完整 的領土範圍應為下列何者？（圖中「大氣層」指圍繞地球周圍的空氣。）","甲、丁","甲、乙、丁","甲、乙、丁、戊","甲、乙、丙、丁、戊","2","甲、乙、丁、戊","","答案 C。國家的領土包括領海範圍內的陸地、海域及其上空；圖示對應甲島嶼、乙領海與丁、戊兩區上空。丙為領海外的海域，己則是其上空，皆非該國領土。","[""辨認各區：甲是陸地；乙、丙是由近至遠的海域；丁、戊、己是分別位於其上方的空域。"",""國家領土包含陸地、領海及其上空，不包含領海外的專屬經濟海域或其上空。"",""故應選甲、乙、丁、戊，答案 C。""]","領海與專屬經濟海域法律性質不同；確認圖中哪段海域屬領海後，才計入領土範圍。","[]","[""./assets/official-exams/112-social-q10-territory.svg""]","./assets/official-exams/112-social-q10-territory.svg","true","false","https://cap.rcpet.edu.tw/exam/112/112exam.html","https://drive.google.com/file/d/1vIVX90btDzk3XnNVfSQv0wRTw2A6omjL/view","","","","","","","","",""
"OFF-0567","社會","官方歷屆真題","112","11","會考總複習","歷屆會考","112年社會第11題","進階","歷屆真題","【題目材料】小強：同學在教室裡惡作劇把椅子拉開，害我跌倒手腳擦傷，我該怎麼要求賠償？

網友回覆：
小臻：這種事，找消費者保護官就對了！
小康：若不想上法院，找調解就解決了！
小芬：查一下家庭暴力防治法就知道了！
小俊：向檢察官提出自訴即可解決！

根據以上內容，何者的回答可以給小強適當的協助？","小臻","小康","小芬","小俊","1","小康","","答案 B（小康）。小強在教室遭同學拉椅子而跌倒受傷，若希望不經訴訟處理，可透過調解協商賠償。消費者保護官處理消費爭議，家庭暴力防治法不適用；刑事案件也不是向檢察官提出自訴。","[""先辨認事件性質：同學在校拉椅子造成受傷，核心是人身傷害與可能的賠償爭議。"",""小康建議尋求調解，能在不進入法院訴訟的情況下協商處理，符合小強需求。"",""其餘回覆分別誤用消費者保護、家暴法或自訴程序，因此選 B。""]","公民法律情境先確認爭議類型與當事人需求；調解可用來協商民事賠償，不等於刑事自訴。","[]","[]","","false","false","https://cap.rcpet.edu.tw/exam/112/112exam.html","https://drive.google.com/file/d/1vIVX90btDzk3XnNVfSQv0wRTw2A6omjL/view","","","","","","","","",""
"OFF-0568","社會","官方歷屆真題","112","12","會考總複習","歷屆會考","112年社會第12題","進階","歷屆真題","某日，小晴沒來上課，班上同學問老師後得知，她是太魯閣族原住民，今天放假與家人返回部落參與感恩祭。老師藉機說明她放假的法律依據。

《紀念日及節日實施辦法》第4條規定：民俗節日除春節放假三日外，其餘均放假一日；原住民族歲時祭儀的放假日期，由行政院原住民族委員會參酌各該原住民族習俗公告，並刊登政府公報。

主管機關將原住民族傳統祭儀納入法律規範，主要考量最可能為何？","落實部落自治，提升地方行政效率","推動觀光發展，增加青年工作機會","凝聚居民認同，改善社區生活環境","尊重多元文化，促進部落文化傳承","3","尊重多元文化，促進部落文化傳承","","答案 D。法律承認各原住民族依自身習俗公告歲時祭儀放假，目的在尊重不同族群文化，讓族人能參與祭儀並延續部落傳統，而非以觀光或行政效率為主要考量。","[""題幹指出小晴返部落參加太魯閣族感恩祭，並依法律享有放假。"",""法律依各族習俗安排祭儀日期，讓不同族群實踐自身傳統。"",""此規定主要尊重多元文化、促進文化傳承，答案 D。""]","涉及族群傳統與祭儀的法律保障，優先辨認文化權與文化傳承，不要過度推論經濟效益。","[]","[]","","false","false","https://cap.rcpet.edu.tw/exam/112/112exam.html","https://drive.google.com/file/d/1vIVX90btDzk3XnNVfSQv0wRTw2A6omjL/view","","","","","","","","",""
"OFF-0569","社會","官方歷屆真題","112","13","會考總複習","歷屆會考","112年社會第13題","進階","歷屆真題","棗椰樹屬於棕櫚科植物，主要分布在熱帶乾燥地區，其果實稱為椰棗，既可 作糧食，又是製糖的原料。全球有上億棵棗椰樹，其中前兩大分布區為西亞 和甲地區，椰棗也成為這些地區重要的出口農產品。上述甲地區最可能為下 列何者？","北非","南歐","中美洲","東南亞","0","北非","","答案 A（北非）。棗椰樹適應炎熱乾燥環境，重要產區集中於西亞與北非；南歐、中美洲與東南亞的氣候及主要產區條件較不符合題幹所述的全球前兩大分布區。","[""抓住作物環境條件：棗椰樹主要生長於熱帶乾燥地區。"",""與西亞相鄰、同樣廣布乾燥氣候且有大型綠洲農業的區域是北非。"",""因此甲地為北非，答案 A。""]","農業分布題把作物生態需求與區域氣候帶相配，避免只依緯度或洲名猜測。","[]","[]","","false","false","https://cap.rcpet.edu.tw/exam/112/112exam.html","https://drive.google.com/file/d/1vIVX90btDzk3XnNVfSQv0wRTw2A6omjL/view","","","","","","","","",""
"OFF-0570","社會","官方歷屆真題","112","14","會考總複習","歷屆會考","112年社會第14題","進階","歷屆真題","唐代詩人孟浩然登上今湖北襄陽的峴山，見石碑碑文有感而作〈與諸子登峴山〉。詩作全文：「人事有代謝，往來成古今。江山留勝跡，我輩復登臨。水落魚梁淺，天寒夢澤深。羊公碑尚在，讀罷淚沾襟。」詩句「水落魚梁淺」指山腳下的魚梁沙洲因水位下降而露出水面，作者藉此說明環境與世事的變化。形成「水落魚梁淺」現象的原因，何者最適切？","沙洲上游融冰增加造成水位升降","季節性降水差異產生的水位變化","海平面上升海水入侵內陸造成水位改變","在沙洲下游河段興築大型堤壩導致水位的變化","1","季節性降水差異產生的水位變化","","答案 B。魚梁沙洲位於湖北襄陽河段，詩句描述水位下降後沙洲露出；當地河流水量會隨季節降水多寡變化，故季節性降水差異是最適切的解釋。融冰不是該地主要水源，且題幹沒有海水或下游築壩的線索。","[""確認地點在湖北襄陽的內陸河段，並非高緯度冰河區或河口海岸。"",""河水受季節降水影響，枯水期水位下降，沙洲便較多露出水面。"",""所以季節性降水差異造成水位變化，答案 B。""]","河流水位推論須結合地點氣候與河流位置；內陸河段不可直接套用海平面或融冰因素。","[]","[]","","false","false","https://cap.rcpet.edu.tw/exam/112/112exam.html","https://drive.google.com/file/d/1vIVX90btDzk3XnNVfSQv0wRTw2A6omjL/view","","","","","","","","",""
"OFF-0571","社會","官方歷屆真題","112","15","會考總複習","歷屆會考","112年社會第15題","進階","歷屆真題","圖(七)為跨太平洋夥伴全面 進步協定(CPTPP)的11個成 員國。該協定於2018年12月 30日生效，各成員國之間將 8 階段性的廢除關稅，以促進 1 貿易往來。此協定生效後， 2 5 9 3 下列何者最可能因關稅劣勢 而受到衝擊？","臺灣的紡織品出口至越南","加拿大的小麥出口至日本","墨西哥的汽車出口至智利","馬來西亞的石油出口至印度","0","臺灣的紡織品出口至越南","","答案 A。越南是 CPTPP 成員國，臺灣不是；協定生效後，成員國彼此逐步降稅，臺灣紡織品出口到越南便相對承受較高關稅，形成競爭劣勢。其餘選項的出口國與目的地皆為協定成員國。","[""先用圖確認 CPTPP 成員：越南、日本、加拿大、墨西哥、智利、馬來西亞等在內，臺灣不在其中。"",""協定優惠只適用成員間貿易，臺灣產品輸往越南不能享受相同降稅待遇。"",""因此臺灣紡織品出口至越南最可能因關稅劣勢受衝擊，答案 A。""]","自由貿易協定題要同時核對出口國與進口國是否為成員，不能只看目的地。","[]","[""./assets/official-exams/112-social-q15-cptpp-members.svg""]","./assets/official-exams/112-social-q15-cptpp-members.svg","true","false","https://cap.rcpet.edu.tw/exam/112/112exam.html","https://drive.google.com/file/d/1vIVX90btDzk3XnNVfSQv0wRTw2A6omjL/view","","","","","","","","",""
"OFF-0572","社會","官方歷屆真題","112","16","會考總複習","歷屆會考","112年社會第16題","進階","歷屆真題","某地區於2017年入選為世界遺產，該地區涵蓋了森林、谷地、潟湖及珊瑚礁 等景觀，遺產的中心是玻里尼西亞普遍可見的毛利集會中心，此遺產是毛利 文化極具代表性的見證。根據上述描述判斷，該遺產最可能位於下列何處？","(11.88°N，2.49°E)","(49.93°N，115.43°E)","(16.84°S，151.37°W)","(42.85°S，71.87°W) 4","2","(16.84°S，151.37°W)","","答案 C。題述毛利集會中心及玻里尼西亞文化遺產，對應法屬玻里尼西亞的塔普塔普阿泰（Taputapuātea）文化景觀。四組座標中，16.84°S、151.37°W 位於南太平洋法屬玻里尼西亞。","[""由毛利文化、玻里尼西亞集會中心及珊瑚礁景觀，判斷遺產位於南太平洋島嶼。"",""排除西非、北美落磯山區與南美巴塔哥尼亞座標。"",""16.84°S、151.37°W 位於法屬玻里尼西亞，答案 C。""]","經緯度先看南北緯與東西經，再以區域線索縮小位置；南太平洋常見西經與南緯座標。","[]","[]","","false","false","https://cap.rcpet.edu.tw/exam/112/112exam.html","https://drive.google.com/file/d/1vIVX90btDzk3XnNVfSQv0wRTw2A6omjL/view","","","","","","","","",""
"OFF-0573","社會","官方歷屆真題","112","17","會考總複習","歷屆會考","112年社會第17題","進階","歷屆真題","《周成過臺灣》是著名的民間傳說，其時代背景符合史實。故事描述周成拋 下故鄉泉州的妻兒，獨自來臺經商。適逢淡水、雞籠開港通商，周成在大稻 埕從事新興商品出口而致富。後來周成移情別戀，謀殺了來臺灣探視的妻 子，最終受到報應而死。根據上述內容，周成最有可能從事下列何種商品的 貿易？","茶葉","鹿皮","蔗糖","鴉片","0","茶葉","","答案 A（茶葉）。故事背景是淡水、雞籠開港後的大稻埕出口貿易興起，十九世紀後期臺灣重要的新興外銷商品是茶葉，尤其由北部港口輸往海外。","[""用開港與大稻埕定位時代：清末淡水、雞籠通商後，北臺灣出口貿易快速發展。"",""當時北臺灣代表性的新興出口商品是茶葉，與大稻埕及淡水港的外銷網絡相符。"",""故周成最可能經營茶葉，答案 A；鹿皮、蔗糖與鴉片不符合此處的主要出口脈絡。""]","臺灣史題把港口、地區與時期出口商品連在一起判斷；大稻埕清末外銷以茶葉著名。","[]","[]","","false","false","https://cap.rcpet.edu.tw/exam/112/112exam.html","https://drive.google.com/file/d/1vIVX90btDzk3XnNVfSQv0wRTw2A6omjL/view","","","","","","","","",""
"OFF-0574","社會","官方歷屆真題","112","18","會考總複習","歷屆會考","112年社會第18題","進階","歷屆真題","以下是某歷史人物在其著作中的相關內容：「我們可以假設人類在社會形成 以前，所有人都是平等的。然而人們為了解決集體生活所產生的問題，透過 公眾的協商形成公意，且將全部的權力，託付由公意組成的政府，因為能夠 代表公意的政府，是不受私念限制、必然公正的。政府依循公意制定法律、 建立秩序，人們只要守法、服從公意，就能得到真正的自由。」上述內容最 可能與下列何者有關？","盧梭關於主權在民的主張","希特勒針對種族主義的論述","馬克思對於工廠制度的批評","孟德斯鳩闡明三權分立的觀點","0","盧梭關於主權在民的主張","","答案 A。材料提到人在自然狀態平等、透過公意組成政府，政府依公意立法，人們服從公意而獲得真正自由，對應盧梭的社會契約與人民主權思想。","[""圈出核心概念：「公意」、人民共同協商、政府受公意授權。"",""盧梭主張主權屬於人民，政治共同體依社會契約與公意形成。"",""因此材料與盧梭關於主權在民的主張相關，答案 A；三權分立則是孟德斯鳩的代表思想。""]","思想家配對可抓關鍵詞：公意與人民主權是盧梭，三權分立是孟德斯鳩。","[]","[]","","false","false","https://cap.rcpet.edu.tw/exam/112/112exam.html","https://drive.google.com/file/d/1vIVX90btDzk3XnNVfSQv0wRTw2A6omjL/view","","","","","","","","",""
"OFF-0575","社會","官方歷屆真題","112","19","會考總複習","歷屆會考","112年社會第19題","進階","歷屆真題","圖(八)是霞喀羅國家步道的介紹圖，其舊名為「霞喀羅、薩克亞金警備道路」。 此道路的開闢，是因為過去臺灣統治者為達到某一目的而下令修築。根據圖中 內容判斷，統治者最初開闢這條道路的目的，最可能與下列何者有關？ 圖(八)","劃界封山的施行","新式製糖的推動","海運港口的整建","理蕃政策的實施","3","理蕃政策的實施","","答案 D。霞喀羅警備道路由日本殖民政府開闢，路線設有警察官吏駐在所並連結原住民族聚落，供控制山區與推行理蕃政策之用，而非為糖業或港口交通而建。","[""從舊名「警備道路」及圖上警察官吏駐在所、駐在所遺跡判斷道路的軍警功能。"",""道路深入山區並連接原住民族生活區域，便於殖民政府控制與管理。"",""其最初目的與理蕃政策實施有關，答案 D。""]","殖民時期道路題可從警備設施、路線位置及統治對象推知政策目的。","[]","[""./assets/official-exams/112-social-q19-xiakaluo-trail.svg""]","./assets/official-exams/112-social-q19-xiakaluo-trail.svg","true","false","https://cap.rcpet.edu.tw/exam/112/112exam.html","https://drive.google.com/file/d/1vIVX90btDzk3XnNVfSQv0wRTw2A6omjL/view","","","","","","","","",""
"OFF-0576","社會","官方歷屆真題","112","20","會考總複習","歷屆會考","112年社會第20題","進階","歷屆真題","「關於我的『政治主張』，因為和蔣委員長（此處指蔣中正）在意見上的衝突，已經沒有和解的 跡象。我考慮了三種方法來解決此事，第一是辭職、第二是勸諫、第三是兵 諫。第一個方法因為我的國難家仇，和東北軍部下們的反對而不可行。最近我 試了第二個方法，但導致蔣委員長極端憤怒。因此我決定採取第三個方法，以 武力拘禁蔣委員長。」上述「政治主張」最可能為下列何者？","立即停止內戰，聯合各黨派抗日","反對洪憲帝制，起兵討伐袁世凱","終結軍閥混戰，完成中國的統一","攘外必先安內，全力剿滅共產黨","0","立即停止內戰，聯合各黨派抗日","","答案 A。材料描述張學良發動西安事變，以兵諫迫使蔣中正改變「攘外必先安內」政策，轉向停止內戰、團結各方共同抗日。張學良主張的是聯合抗日，不是繼續剿共。","[""由東北軍、兵諫與拘禁蔣委員長辨認人物及事件：張學良發動西安事變。"",""事件背景是要求停止國共內戰、共同抵抗日本侵略。"",""所以其政治主張是立即停止內戰並聯合各派抗日，答案 A；「攘外必先安內」是蔣中正當時的政策。""]","西安事變要區分張學良的停止內戰、共同抗日主張，與蔣中正的攘外必先安內政策。","[]","[]","","false","false","https://cap.rcpet.edu.tw/exam/112/112exam.html","https://drive.google.com/file/d/1vIVX90btDzk3XnNVfSQv0wRTw2A6omjL/view","","","","","","","","",""
"OFF-0577","社會","官方歷屆真題","112","21","會考總複習","歷屆會考","112年社會第21題","進階","歷屆真題","雅加達自十七世紀以來一直是印尼的政治、經濟中心，不過由於人口過於集 中加上大量開發，對環境已產生過多負荷。近年來，雅加達的民眾飽受交通 壅塞、空氣汙染、地層下陷及水患之苦，因此印尼政府計畫將首都遷至婆羅 洲。但有生態專家提出警告，該處是紅毛猩猩的棲息地，遷都計畫所需的開 發過程必須謹慎評估，否則反而可能破壞環境，造成生態浩劫。上述討論內 容與下列何項議題最相符？","歷史古都的文化保存","遷移首都的機會成本","都市人口結構的變化","群島國家國土的擴張","1","遷移首都的機會成本","","答案 B。遷都婆羅洲可能改善雅加達的壅塞、污染與地層下陷，但開發新首都又可能破壞紅毛猩猩棲地。決策必須比較遷都的收益與失去森林、生態服務的代價，這正是機會成本議題。","[""辨認政策選擇：印尼政府考慮把首都由雅加達遷往婆羅洲。"",""遷都可減輕舊都問題，但新建設可能造成森林與紅毛猩猩棲地損失。"",""選擇遷都須放棄或承擔的其他利益就是機會成本，故選 B。""]","機會成本不是工程花費本身，而是選擇方案時放棄的最佳替代利益。","[]","[]","","false","false","https://cap.rcpet.edu.tw/exam/112/112exam.html","https://drive.google.com/file/d/1vIVX90btDzk3XnNVfSQv0wRTw2A6omjL/view","","","","","","","","",""
"OFF-0578","社會","官方歷屆真題","112","22","會考總複習","歷屆會考","112年社會第22題","進階","歷屆真題","國際刑警組織共有195個成員國，總部建有一個存放上百萬名國際刑事罪犯檔 案的資料庫供成員國使用。我國目前受限於一個中國原則，無法加入此國際 組織，因此未能分享或接收該組織的情報資訊，所以難以確認入境我國的旅 客在境外是否有犯罪紀錄，而從我國潛逃出境的犯罪者也較難被繩之以法。 上述內容顯示一個中國原則對我國產生下列哪一影響？","兩岸互信不足造成軍事衝突現象頻傳","兩岸交流趨緩使得經濟貿易往來受阻","資訊科技落差造成區域發展程度不均","資訊傳達受限使得國內治安風險升高","3","資訊傳達受限使得國內治安風險升高","","答案 D。因無法加入國際刑警組織，我國不能即時分享或查詢跨國犯罪資料，入境者背景較難核實、逃犯也不易追查；題幹直接指出這會升高國內治安風險。","[""找出受限制的資源：國際刑警資料庫與成員國間的犯罪情報。"",""無法取得情報，使境外犯罪紀錄查核及跨境追緝變困難。"",""直接後果是國內治安風險升高，答案 D；題目沒有描述軍事衝突、貿易或科技落差。""]","政治因素的影響題要沿著題幹寫出的因果鏈判斷，不要跳到未提及的兩岸或科技議題。","[]","[]","","false","false","https://cap.rcpet.edu.tw/exam/112/112exam.html","https://drive.google.com/file/d/1vIVX90btDzk3XnNVfSQv0wRTw2A6omjL/view","","","","","","","","",""
"OFF-0579","社會","官方歷屆真題","112","23","會考總複習","歷屆會考","112年社會第23題","進階","歷屆真題","圖(九)呈現我國1998至2018年間， 收入最高20%家庭與收入最低20% 家庭的可支配所得成長率變化，其 中灰階區塊是曾發生經濟成長率大 幅衰退的兩段時間。根據圖中內容 判斷，上述兩個灰階區塊的數據， 呈現出下列哪一現象？；註：家庭可支配所得：家庭可以自由使用 於消費或儲蓄的所得。 圖(九)","收入較高者的財富減損情況較嚴重","收入較低者的生活面臨較嚴重衝擊","經濟大幅衰退造成區域間發展不均","經濟大幅衰退反而縮小了貧富差距","1","收入較低者的生活面臨較嚴重衝擊","","答案 B。圖中兩個灰色衰退期間，收入最低 20% 家庭的可支配所得成長率降幅較深，跌到明顯負值；最高 20% 家庭的線下降較少。因此低所得家庭在景氣衰退時面臨較嚴重衝擊。","[""先辨認圖例：實線代表最高所得 20%，虛線代表最低所得 20%。"",""比較兩個灰色衰退區段，虛線都比實線下跌更多，表示低所得家庭可支配所得縮減較劇。"",""因此較低所得者生活受衝擊較嚴重，答案 B；圖中沒有區域資料，不能推論區域發展不均。""]","讀圖先確認線型代表誰，再比較同一灰色區段的變化幅度與正負方向。","[]","[""./assets/official-exams/112-social-q23-income-chart.svg""]","./assets/official-exams/112-social-q23-income-chart.svg","true","false","https://cap.rcpet.edu.tw/exam/112/112exam.html","https://drive.google.com/file/d/1vIVX90btDzk3XnNVfSQv0wRTw2A6omjL/view","","","","","","","","",""
"OFF-0580","社會","官方歷屆真題","112","24","會考總複習","歷屆會考","112年社會第24題","進階","歷屆真題","甲在質詢行政院 衛生福利部部長時，指出某飲料製造商早已知道自家產品出 現變質問題，嚴重影響消費者權益，但該公司卻不主動回收處理，反而繼續 販售變質的產品，對於這種明知故犯的行為，政府應予以重罰。關於甲所擔 任的公職，下列敘述何者正確？","負責審查法律是否違憲","負責審查中央政府預算","經由地方層級的選舉所產生","由行政院院長提請總統任命","1","負責審查中央政府預算","","答案 B。甲能在立法院質詢行政院衛生福利部部長，所任公職是立法委員；中央政府總預算由立法院審議，符合 B。立委不是地方選舉產生，也不是由行政院長提請任命。","[""從「質詢行政院部長」判斷甲屬於具有監督行政院職權的立法院。"",""立法院職權包括審議中央政府總預算，因此 B 正確。"",""其餘選項分別是司法院憲法審查、地方民選及行政官員任命，不符合立委身分。""]","中央民意代表質詢行政院是立法監督；預算由立法院審議，不是行政院自行核定。","[]","[]","","false","false","https://cap.rcpet.edu.tw/exam/112/112exam.html","https://drive.google.com/file/d/1vIVX90btDzk3XnNVfSQv0wRTw2A6omjL/view","","","","","","","","",""
"OFF-0581","社會","官方歷屆真題","112","25","會考總複習","歷屆會考","112年社會第25題","進階","歷屆真題","圖(十)為世界銀行繪製用來展現世界各 國經濟實力的示意圖，圖中矩形面積 的大小可呈現2011年該國經濟規模的大 小。圖中甲國最可能是下列何者？","印度","美國","德國","奈及利亞","0","印度","","答案 A（印度）。圖以矩形面積呈現 2011 年各國經濟規模，甲所指區塊位於世界經濟規模較大的國家群，與當年印度的經濟體量相符；美國與日本在圖中有獨立且更大的標示，德國亦非甲所指位置。","[""先依圖示判讀：矩形面積代表 GDP 規模，不是人口或國土大小。"",""圖上美國、日本等最大經濟體已有明確位置標示；甲指向另一大型經濟體區域。"",""對照 2011 年各選項的經濟規模與圖中位置，印度最符合，答案 A。""]","比例圖要先讀清楚面積代表的變項；不要把人口多直接當作經濟規模最大的證據。","[]","[""./assets/official-exams/112-social-q25-world-gdp.svg""]","./assets/official-exams/112-social-q25-world-gdp.svg","true","false","https://cap.rcpet.edu.tw/exam/112/112exam.html","https://drive.google.com/file/d/1vIVX90btDzk3XnNVfSQv0wRTw2A6omjL/view","","","","","","","","",""
"OFF-0582","社會","官方歷屆真題","112","26","會考總複習","歷屆會考","112年社會第26題","進階","歷屆真題","圖(十一)為貫穿美洲的泛美 公路示意圖，主幹線北起美 國 阿拉斯加，南至智利。美 洲多國可透過這個公路系統 相互連結，但巴拿馬到哥倫 比亞之間的路段至今尚未修 建。根據圖中資訊判斷，該 路段未修建的原因之一最可 能為下列何者？","年溫差大施工困難","保護熱帶雨林生態","運河阻隔難以跨越","維護因紐特人文化","1","保護熱帶雨林生態","","答案 B。泛美公路在巴拿馬與哥倫比亞交界處留下達連隘口未建路段，該區為熱帶雨林與高生態價值環境，興建道路可能造成棲地破碎與生態破壞，因此保護熱帶雨林是未修建的原因之一。","[""由地圖定位未建路段：巴拿馬與哥倫比亞交界的達連地區，不是北極因紐特人聚居區。"",""此地主要障礙之一是大片熱帶雨林與生態保育考量。"",""因此保護熱帶雨林生態最合理，答案 B；此處沒有運河阻隔，也非年溫差大的高緯度地區。""]","地圖題先定位未連接區段，再結合當地自然環境；巴拿馬運河不在巴拿馬—哥倫比亞邊界。","[]","[""./assets/official-exams/112-social-q26-pan-american-route.svg""]","./assets/official-exams/112-social-q26-pan-american-route.svg","true","false","https://cap.rcpet.edu.tw/exam/112/112exam.html","https://drive.google.com/file/d/1vIVX90btDzk3XnNVfSQv0wRTw2A6omjL/view","","","","","","","","",""
"OFF-0583","社會","官方歷屆真題","112","27","會考總複習","歷屆會考","112年社會第27題","進階","歷屆真題","西班牙海外島嶼的某座火 山於2021年 9月噴發，圖 (十二) 為其噴發後熔岩流 及 火 山 灰 落 塵 分 布 的 狀 況。根據圖中資訊判斷， 下列推論何者較為合理？","當時的主要風向為西風","該區域的地勢西高東低","火山熔岩流向西流往太平洋","火山噴發地點距海約6公里","3","火山噴發地點距海約6公里","","答案 D。圖中熔岩流沿地勢向海岸延伸，噴發點在島嶼陸地上、距海岸約數公里；依比例尺估算約 6 公里。火山灰分布受風向影響，但圖示不能支持「西風」；島嶼位於大西洋而非太平洋。","[""看圖辨認熔岩與火山灰符號：熔岩主要沿地形流動，火山灰則會被風帶往下風處。"",""利用比例尺比較噴發點到最近海岸的距離，約為數公里，符合約 6 公里的敘述。"",""因此 D 合理；其餘選項對主風向、地勢或海洋方位的判斷與圖示不符。""]","火山題要區分熔岩受地形控制與火山灰受風向控制，距離則以比例尺估算。","[]","[""./assets/official-exams/112-social-q27-la-palma-eruption.svg""]","./assets/official-exams/112-social-q27-la-palma-eruption.svg","true","false","https://cap.rcpet.edu.tw/exam/112/112exam.html","https://drive.google.com/file/d/1vIVX90btDzk3XnNVfSQv0wRTw2A6omjL/view","","","","","","","","",""
"OFF-0584","社會","官方歷屆真題","112","28","會考總複習","歷屆會考","112年社會第28題","進階","歷屆真題","臺灣本島約介於22°N～25°N、120°E～122°E，降水空間分布受地形及季風影響而有顯著差異。表(三)為本島四個氣象測站資料，根據各測站位置及地形判斷，何者年降水量可能最多？

| 測站 | 緯度 | 經度 | 高度（公尺） |
| 甲 | 23.98°N | 121.61°E | 16.0 |
| 乙 | 25.13°N | 121.74°E | 26.7 |
| 丙 | 22.99°N | 120.20°E | 40.8 |
| 丁 | 23.95°N | 120.59°E | 34.0 |","甲","乙","丙","丁","1","乙","","答案 B（乙）。乙位於臺灣東北側，冬季受東北季風迎風面影響，且地形抬升增雨；其他測站較偏西部或南部，迎風降水條件較弱。","[""先看座標：乙約 25.13°N、121.74°E，位於臺灣北部偏東、面向東北季風。"",""冬季東北季風帶來水氣，迎風坡地形抬升會增加降雨。"",""因此乙的年降水量最可能最多，答案 B。""]","臺灣降雨題把季風方向、迎風背風與山脈位置一起判斷；高海拔本身不是唯一因素。","[]","[]","","false","false","https://cap.rcpet.edu.tw/exam/112/112exam.html","https://drive.google.com/file/d/1vIVX90btDzk3XnNVfSQv0wRTw2A6omjL/view","","","","","","","","",""
"OFF-0585","社會","官方歷屆真題","112","29","會考總複習","歷屆會考","112年社會第29題","進階","歷屆真題","「距今六千多年前，此地區的人們觀察到，大約每隔365天，天狼星在拂曉的 時候，和太陽同時位於東方的地平線上。因此他們定365天為一年，每年分為 12個月，每月30天，年末加上5天。這種遵循太陽週期的曆法，依自然現象將 一年分為『阿赫特』、『佩雷特』、『夏矛』三個季節，有別於同時期兩河流 域的月亮週期曆法。」根據這段材料，「此地區」的發明最可能與下列何者有關？","推算河川氾濫情形，掌握農業生產","公民參與城邦事務，展現民主精神","基於因果輪迴觀念，建立階級制度","追尋宇宙創世真理，崇奉一神信仰","0","推算河川氾濫情形，掌握農業生產","","答案 A。材料的 365 日太陽曆與「阿赫特、佩雷特、夏矛」三季指向古埃及；尼羅河定期氾濫直接影響農耕，觀察天象與季節有助預測泛濫、安排農業生產。","[""由阿赫特、佩雷特、夏矛等季節名稱辨認地區為古埃及。"",""古埃及農業依賴尼羅河氾濫後的灌溉與沃土，掌握週期對播種收成非常重要。"",""因此曆法與觀測天狼星、太陽週期有助推算河川氾濫、掌握農業，答案 A。""]","文明成就題連結自然環境需求：埃及曆法與尼羅河農業週期密切相關。","[]","[]","","false","false","https://cap.rcpet.edu.tw/exam/112/112exam.html","https://drive.google.com/file/d/1vIVX90btDzk3XnNVfSQv0wRTw2A6omjL/view","","","","","","","","",""
"OFF-0586","社會","官方歷屆真題","112","30","會考總複習","歷屆會考","112年社會第30題","進階","歷屆真題","某中共領導人接見日本國會議員時提到：「戰後日本很快就發達起來，這經 驗很值得中國學習。當然，別人的經驗照搬也不行，中國有中國的條件，日 本有日本的條件。我們不但要引進發達國家的資金和技術，充分利用各國的 好經驗，並且要把這種經驗與中國的實際情況結合起來。」上述談話最可能 與下列何者有關？","發起文化大革命，破除四舊","推動農工大躍進，超英趕美","沒收地主土地，分配給貧農","實施改革開放，設經濟特區","3","實施改革開放，設經濟特區","","答案 D。談話主張引進外國資金、技術與經驗，但需配合中國實際情況，對應鄧小平時期的改革開放政策及設立經濟特區吸引外資。","[""圈出政策線索：學習外國經驗、引進資金和技術，但採取符合本國條件的做法。"",""這是中國 1970 年代末以後改革開放的方向，經濟特區是吸引外資與技術的重要措施。"",""故選實施改革開放、設經濟特區的 D；文意與文革、大躍進或土地改革無關。""]","中共政策題看關鍵詞：引進外資、技術與對外學習通常指改革開放，不是毛澤東時期的運動。","[]","[]","","false","false","https://cap.rcpet.edu.tw/exam/112/112exam.html","https://drive.google.com/file/d/1vIVX90btDzk3XnNVfSQv0wRTw2A6omjL/view","","","","","","","","",""
"OFF-0587","社會","官方歷屆真題","112","31","會考總複習","歷屆會考","112年社會第31題","進階","歷屆真題","表(四)呈現甲國在兩次世界大戰中，於歐洲戰場開始參戰與結束參戰的原因。表中的「？」最適合填入何者？

| 甲國在歐洲戰場的情形 | 第一次世界大戰 | 第二次世界大戰 |
| 開始參戰的原因 | 支援「斯拉夫兄弟」 | 德國毀約攻打國土 |
| 結束參戰的原因 | ？ | 德國投降 |","美國投下原子彈，敵國投降","簽署《凡爾賽條約》，戰敗投降","國內共產政權成立，向同盟國議和","美國反對無限制潛艇政策，援助協約國","2","國內共產政權成立，向同盟國議和","","答案 C。甲國是俄國：第一次世界大戰初期俄國以保護斯拉夫兄弟為由支持塞爾維亞；1917 年革命後布爾什維克政權與同盟國議和，退出戰爭。","[""第一次世界大戰開始參戰的線索「支援斯拉夫兄弟」指俄國支持塞爾維亞。"",""1917 年俄國革命後，布爾什維克政權主張退出戰爭，並與德國等同盟國議和。"",""因此表格問第一次世界大戰結束參戰原因，應填國內共產政權成立、向同盟國議和，答案 C。""]","先用「支援斯拉夫兄弟」辨認俄國，再以 1917 年革命與布列斯特-立陶夫斯克和約判斷其退戰。","[]","[]","","false","false","https://cap.rcpet.edu.tw/exam/112/112exam.html","https://drive.google.com/file/d/1vIVX90btDzk3XnNVfSQv0wRTw2A6omjL/view","","","","","","","","",""
"OFF-0588","社會","官方歷屆真題","112","32","會考總複習","歷屆會考","112年社會第32題","進階","歷屆真題","西元前十一世紀周人滅商後，其勢力持續向東方擴展，由於周管轄的土地與人 口在短時間內急速增加，為了天下的長治久安，因此周朝的統治者，設計出一 套有效的政治制度管理各地。上述政治制度的內容，最可能是下列何者？","在領土內設置郡、縣，官員由國君直接任免","實施科舉制度，促進社會各階層人才的流動","將百姓編入戶籍，並以法律規範人民的義務","依據貴族的身分等級，授予土地與冊封爵位","3","依據貴族的身分等級，授予土地與冊封爵位","","答案 D。周滅商後疆域迅速擴大，為管理各地而採行封建制度：依貴族身分與宗法關係分封土地、授予爵位，建立周王與諸侯間的政治秩序。郡縣由中央直接任免是後世發展，科舉制度更晚。","[""辨認時代是西周初年，周朝面對新征服且廣大的土地與人口。"",""周以宗法與貴族身分為基礎分封土地、冊封諸侯，讓其協助治理各地。"",""因此選 D；郡縣直轄、科舉與普遍戶籍管理均非題幹所述西周封建制度。""]","制度題先定位朝代；西周分封制與秦以後郡縣制不可混淆。","[]","[]","","false","false","https://cap.rcpet.edu.tw/exam/112/112exam.html","https://drive.google.com/file/d/1vIVX90btDzk3XnNVfSQv0wRTw2A6omjL/view","","","","","","","","",""
"OFF-0589","社會","官方歷屆真題","112","33","會考總複習","歷屆會考","112年社會第33題","進階","歷屆真題","「某位君主為了統治上的考量，需要招募許多能夠書寫的人才。一開始在他的 國度中，竟然找不到太多有文化的人，這是因為西羅馬帝國滅亡後，城市生活 逐漸消失，文化知識也幾乎被遺忘殆盡。因此這位君主特地聘請知名學者，來 主持文化復興工作，諸如設立新學校、抄寫古羅馬的重要拉丁文著作，使拉丁 文成為各地共通的文字系統。」上述學者的身分，最可能是下列何者？","西元前五世紀的希臘哲學家","西元八世紀的基督教教士","西元十七世紀的歐洲天文學者","西元十八世紀的啟蒙運動思想家","1","西元八世紀的基督教教士","","答案 B。西羅馬帝國滅亡後，法蘭克王國查理曼為培養行政與教會所需的識字人才，推動加洛林文藝復興，邀請學者、教士設校並抄寫拉丁文典籍；因此相關學者最可能是八世紀基督教教士。","[""線索包括西羅馬滅亡後、法蘭克君主、復興拉丁文與設立學校，指向查理曼時代。"",""查理曼於八世紀推動加洛林文藝復興，學校與抄書工作多由教會人士參與。"",""故選西元八世紀的基督教教士 B；其他選項年代與文化復興背景不符。""]","中世紀歐洲文化與教育主要由教會保存，查理曼的文化復興常與修道院及教士連結。","[]","[]","","false","false","https://cap.rcpet.edu.tw/exam/112/112exam.html","https://drive.google.com/file/d/1vIVX90btDzk3XnNVfSQv0wRTw2A6omjL/view","","","","","","","","",""
"OFF-0590","社會","官方歷屆真題","112","34","會考總複習","歷屆會考","112年社會第34題","進階","歷屆真題","在探討一國國內不同地區醫療資源差異時，通常會先觀察醫師人數和病床 數，由相關數據與人口數的相對關係，可大致推論一個地區的醫療資源是否 不足。表(五)是某國2018年四個地區關於人口與醫療資源的資料： 表(五) 地 人口總數 老年人口 醫師人數 平均每位醫師 病床數 平均每張病床 區 (人) 比例(%) (人) 負擔人數(人) (張) 負擔人數(人) 甲 2,562,738 19.50 9,719 263.7 19,951 128.5 乙 2,272,459 13.26 3,824 594.3 11,988 189.6 丙 673,309 19.42 881 764.3 3,204 210.1 丁 322,836 17.95 820 393.7 4,073 79.3 根據表中資料判斷，關於甲、乙、丙、丁四個地區的醫療資源，下列何項推 論最適當？","老年人口最多的地區醫療資源最為不足","人口總數最少的地區醫療資源最為不足","相對於其他地區，乙地區的醫療資源最為不足","相對於其他地區，丙地區的醫療資源最為不足","3","相對於其他地區，丙地區的醫療資源最為不足","","答案 D（丙）。醫療資源不足可看每位醫師、每張病床平均負擔的人數，數值越高代表資源相對越緊張。丙地每位醫師負擔 764.3 人、每張病床負擔 210.1 人，兩項都是四區最高，故相對最不足。","[""比較醫師負擔人口：甲 263.7、乙 594.3、丙 764.3、丁 393.7，丙最高。"",""比較病床負擔人口：甲 128.5、乙 189.6、丙 210.1、丁 79.3，仍是丙最高。"",""丙每位醫師與每張病床需服務的人都最多，醫療資源相對最不足，答案 D。""]","資源比較要看「每一資源單位負擔多少人」；平均負擔愈高，通常表示相對不足。","[]","[]","","false","false","https://cap.rcpet.edu.tw/exam/112/112exam.html","https://drive.google.com/file/d/1vIVX90btDzk3XnNVfSQv0wRTw2A6omjL/view","","","","","","","","",""
"OFF-0591","社會","官方歷屆真題","112","35","會考總複習","歷屆會考","112年社會第35題","進階","歷屆真題","「飢餓行銷」是一種常見的行銷手法，指的是業者在短時間內利用各種管道 宣傳大批民眾排隊購買的熱潮，營造該項商品都會很快被搶購一空的情況， 透過媒體將商品炒作成為時下流行的話題，進而引起民眾的消費欲望。關於 上述行銷手法對於消費市場的影響，下列敘述何者最適當？","廠商間的競爭使消費者的選擇增加","業者的行銷手法將提高市場競爭程度","消費者受價格誘因影響而增加消費欲望","民眾的購物意願受非金錢誘因影響而提高","3","民眾的購物意願受非金錢誘因影響而提高","","答案 D。飢餓行銷透過限量、排隊與「即將售罄」的話題製造稀缺感，屬於非價格因素，讓民眾因從眾或怕買不到而提高購買意願。題幹沒有說商品降價，也不必然表示廠商競爭增加。","[""辨認手法：宣傳排隊熱潮、營造商品即將售罄，重點是稀缺與流行感。"",""這些訊息不是降低售價，而是心理與話題等非金錢因素。"",""因此民眾購買意願受非金錢誘因提高，答案 D。""]","需求變動除了價格，也會受偏好、期待、流行與從眾心理等非價格因素影響。","[]","[]","","false","false","https://cap.rcpet.edu.tw/exam/112/112exam.html","https://drive.google.com/file/d/1vIVX90btDzk3XnNVfSQv0wRTw2A6omjL/view","","","","","","","","",""
"OFF-0592","社會","官方歷屆真題","112","36","會考總複習","歷屆會考","112年社會第36題","進階","歷屆真題","若有人為了在選舉時讓支持的候選人當選，配合動員把戶籍遷移到非實際居 住的行政區，企圖影響選舉結果，此種行為可能觸犯《刑法》，檢察官將代 表國家主動起訴違法者。根據上述內容判斷，關於某位違法遷移戶籍者在接 受偵查、審判的過程中，下列何種情況最可能出現？","遭到落選者提起民事訴訟要求損害賠償","在遭檢察官偵查的過程中度過18歲生日","被查出是在投票日的六個月前遷移戶籍","因為觸犯告訴乃論之罪而受到刑事處罰","2","被查出是在投票日的六個月前遷移戶籍","","答案 C。選舉資格除年滿 20 歲外，總統、副總統選舉須在該選舉區繼續居住滿 6 個月，其他公職選舉通常為 4 個月。題目中的人若在投票日前 6 個月遷入該區，可能符合總統、副總統選舉的設籍期間條件；若遷入地並非實際居住地，仍可能涉及違法遷籍，由檢察官依法偵辦。","[""先分辨選舉種類的居住期間：總統、副總統選舉為 6 個月，其他公職選舉通常為 4 個月；投票權另須年滿 20 歲。"",""投票日前 6 個月遷入，可能達到總統、副總統選舉的設籍期間門檻；但若非實際居住而虛偽遷籍，仍可能被檢察官偵辦。"",""因此「被查出是在投票日的六個月前遷移戶籍」最符合題意，答案 C。假設年齡已達法定門檻，並非表示虛偽遷籍本身合法。""]","設籍期間依選舉種類不同：總統、副總統選舉 6 個月，其他公職通常 4 個月；期間達標不會讓虛偽遷籍合法化。","[]","[]","","false","false","https://cap.rcpet.edu.tw/exam/112/112exam.html","https://drive.google.com/file/d/1vIVX90btDzk3XnNVfSQv0wRTw2A6omjL/view","","","","","","","","",""
"OFF-0593","社會","官方歷屆真題","112","37","會考總複習","歷屆會考","112年社會第37題","進階","歷屆真題","臺灣少子女化危機惡化的速度超乎想像，面對人口負成長的人口懸崖，有學 者認為政府過往提出的相關政策已是緩不濟急，或許可以透過社會增加的方 向，思考提高國民人數的對策。根據上述內容判斷，下列何項對策與該學者 的意見最相符？","提高外籍移工僱用人數","鼓勵各國人才歸化入籍","推動老人長期照護政策","增加公立幼兒托育中心","1","鼓勵各國人才歸化入籍","","答案 B。題目所說「社會增加」是透過人口移入或歸化增加人口，而非提高出生數。鼓勵各國人才歸化入籍能直接增加本國國民人數；移工受聘不等於取得國籍，托育則屬鼓勵自然增加。","[""人口變動可分自然增加（出生減死亡）與社會增加（遷入減遷出）。"",""提高國民人數的社會增加對策，應使人口移入並取得國籍。"",""鼓勵人才歸化入籍直接符合此方向，答案 B；移工聘用與托育分別不等於國籍變更或社會增加。""]","人口學的「社會增加」指遷徙差額，不要與出生率提高造成的自然增加混淆。","[]","[]","","false","false","https://cap.rcpet.edu.tw/exam/112/112exam.html","https://drive.google.com/file/d/1vIVX90btDzk3XnNVfSQv0wRTw2A6omjL/view","","","","","","","","",""
"OFF-0594","社會","官方歷屆真題","112","38","會考總複習","歷屆會考","112年社會第38題","進階","歷屆真題","表(六)為某作家的三部長篇小說內容簡介，該作家藉此構築十九至二十世紀臺灣歷史發展過程。根據表中內容判斷，三部小說呈現的時代先後順序最可能為何？

| 著作 | 內容簡介 |
| 甲 | 描寫多位臺灣青年在南洋戰場上遭戰爭折磨，精神崩潰甚至喪生的命運。 |
| 乙 | 敘述客家族群在臺灣中部山區生產樟腦，為保衛家園參與武裝抗日。 |
| 丙 | 描繪臺灣人藉文化協會、農民運動抵抗殖民統治。 |","乙→甲→丙","丙→乙→甲","丙→甲→乙","乙→丙→甲","3","乙→丙→甲","","答案 D（乙→丙→甲）。乙描述清代樟腦產業與武裝抗日；丙描寫日治時期文化協會、農民運動等社會運動；甲是臺灣青年被徵往南洋戰場，屬第二次世界大戰時期。","[""乙的樟腦產業與中部山區武裝抗日，對應清代後期至日本統治初期的較早階段。"",""丙的文化協會與農民運動興起於日治時期 1920 年代。"",""甲描寫南洋戰場與戰爭徵用，屬二戰時期，時間最晚，因此順序乙→丙→甲，選 D。""]","臺灣史排序抓事件年代錨點：樟腦武裝抗日、1920 年代社運、二戰南洋徵召。","[]","[]","","false","false","https://cap.rcpet.edu.tw/exam/112/112exam.html","https://drive.google.com/file/d/1vIVX90btDzk3XnNVfSQv0wRTw2A6omjL/view","","","","","","","","",""
"OFF-0595","社會","官方歷屆真題","112","39","會考總複習","歷屆會考","112年社會第39題","進階","歷屆真題","明清時期，蠶絲業是中國江南地區的重要產業。當時生絲主要供應國內需求，部分對外出口。下列哪一組數據最可能反映1830年代生絲出口情況？（單位：擔）","A：廣州9,998；上海0","B：廣州5,430；上海5,146","C：廣州3,444；上海13,794","D：廣州3,662；上海46,655","0","A：廣州9,998；上海0","","答案是 A。1830 年代上海尚未依《南京條約》開放為通商口岸，對外貿易主要集中於廣州；因此生絲出口呈現廣州有出口、上海幾乎沒有的情形。圖 A 顯示廣州 9,998 擔、上海 0，符合當時的通商格局。","[""題目問的是 1830 年代；《南京條約》在 1842 年簽訂，上海此後才成為新開放的通商口岸，不能把後來的上海貿易量套回 1830 年代。"",""當時清廷的對外貿易主要集中在廣州，所以合理的圖應呈現廣州有出口、上海尚無或極少出口。"",""圖 A 的廣州為 9,998 擔、上海為 0，符合這個時間背景；其餘圖示的上海出口量較高，不符，故選 A。""]","歷史圖表題先用年代定位制度背景，再用圖表數值檢驗推論；注意 1842 年通商口岸開放的時間界線。","[]","[]","","false","false","https://cap.rcpet.edu.tw/exam/112/112exam.html","https://drive.google.com/file/d/1vIVX90btDzk3XnNVfSQv0wRTw2A6omjL/view","","","","","","","","",""
"OFF-0596","社會","官方歷屆真題","112","40","會考總複習","歷屆會考","112年社會第40題","進階","歷屆真題","表(七)呈現甲、乙兩國匯率變動。去年1單位甲幣可兌換10單位乙幣，今年1單位甲幣可兌換20單位乙幣。若其他條件不變，且所有成本完全反映在商品售價上，相較於去年，今年甲、乙兩國市場最可能出現何種情形？","甲國商品在乙國的銷售量下滑","乙國商品在甲國的銷售量下滑","甲國進口的乙國商品數量下降","乙國進口的甲國商品價格下降","0","甲國商品在乙國的銷售量下滑","","答案 A。去年 1 甲幣可換 10 乙幣，今年可換 20 乙幣，表示甲幣升值、乙幣相對貶值。乙國消費者購買甲國商品需要付出更多乙幣，若成本反映在售價上，甲國商品在乙國變貴，銷量可能下滑。","[""比較匯率：1 甲幣可兌換的乙幣由 10 增至 20，甲幣升值。"",""甲國商品以甲幣計價，對乙國買家而言換購所需乙幣增加，價格上升。"",""價格提高通常使需求量下降，因此甲國商品在乙國銷售量下滑，答案 A。""]","先看匯率報價中哪種貨幣升值，再換算該國商品對外國買家的價格變化。","[]","[]","","false","false","https://cap.rcpet.edu.tw/exam/112/112exam.html","https://drive.google.com/file/d/1vIVX90btDzk3XnNVfSQv0wRTw2A6omjL/view","","","","","","","","",""
"OFF-0597","社會","官方歷屆真題","112","41","會考總複習","歷屆會考","112年社會第41題","進階","歷屆真題","圖(十三)是一座歷史建築，根據圖中內 容判斷，該建築最可能興建於下列何時 何地？","西元前六世紀的波斯地區","西元六世紀的阿拉伯半島","西元十六世紀的印度半島","西元十九世紀的南美地區","2","西元十六世紀的印度半島","","答案 C。圖中文字指出建築融合印度風格與伊斯蘭建築特色，並有圓頂、拱門及伊斯蘭幾何裝飾，對應印度莫臥兒時期的建築傳統；此類建築主要興盛於十六世紀印度半島。","[""先從圖中可見的圓頂、拱門與對稱配置辨認伊斯蘭建築元素。"",""印度歷史上莫臥兒王朝吸收波斯與伊斯蘭藝術，形成融合風格，年代自十六世紀起。"",""因此最可能是西元十六世紀的印度半島，答案 C。""]","建築史題把形式特徵和區域文化結合；莫臥兒建築常見於印度，兼具波斯及伊斯蘭元素。","[]","[""./assets/official-exams/112-social-q41-mughal-palace.svg""]","./assets/official-exams/112-social-q41-mughal-palace.svg","true","false","https://cap.rcpet.edu.tw/exam/112/112exam.html","https://drive.google.com/file/d/1vIVX90btDzk3XnNVfSQv0wRTw2A6omjL/view","","","","","","","","",""
"OFF-0598","社會","官方歷屆真題","112","42","會考總複習","歷屆會考","112年社會第42題","進階","歷屆真題","為維護消費者權益，政府制定法律對市場上供應不實有機農產品的業者處以 罰鍰，同時也能保障生產真正有機農產品農民的權益。上述主管機關對不實 業者的處罰，與下列何者受到的處罰類型相同？","小華拒絕歸還向同事借的相機","大明竊取隔壁鄰居家中的財物","官員制定政策引發許多民眾不滿","父母縱容少年抽菸而遭行政處分","3","父母縱容少年抽菸而遭行政處分","","答案 D。政府以法律對不實有機產品業者處以罰鍰，是行政機關依行政法規作成的行政罰；父母因縱容少年抽菸而受主管機關行政處分，也屬行政罰。","[""題幹中的主管機關依消費／食品法規對業者處罰鍰，屬行政機關執行行政法規。"",""選項 A 是民事債務爭議，B 是犯罪刑罰，C 僅有政策不受歡迎而未描述法律制裁。"",""D 明確是父母因違反行政法上義務受行政處分，處罰類型相同，答案 D。""]","法律責任分類要看行為與制裁機關：民事處理權利損害，刑事由法院科刑，行政罰由行政機關依法裁處。","[]","[]","","false","false","https://cap.rcpet.edu.tw/exam/112/112exam.html","https://drive.google.com/file/d/1vIVX90btDzk3XnNVfSQv0wRTw2A6omjL/view","","","","","","","","",""
"OFF-0599","社會","官方歷屆真題","112","43","會考總複習","歷屆會考","112年社會第43題","進階","歷屆真題","甲國女性就業率長期大幅低於全國平均，政府調查女性勞動人口未就業原因，表(八)為部分統計資料。資料顯示，何者解讀最適當？（單位：%）

| 年齡 | 照顧未滿12歲子女 | 照顧65歲以上家屬 | 負責家務 | 健康狀況不佳 | 其他 |
| 30–34 | 65.37 | 0.89 | 11.43 | 2.98 | 19.33 |
| 35–39 | 55.35 | 2.60 | 21.39 | 4.26 | 16.40 |
| 40–44 | 35.36 | 5.16 | 39.70 | 7.15 | 12.63 |
| 45–49 | 7.05 | 8.10 | 58.04 | 5.50 | 21.31 |
| 50–54 | 0.53 | 7.58 | 56.69 | 4.69 | 30.51 |","老年人口比例呈現上升趨勢","家庭職能因社會變遷而弱化","家庭平權的觀念仍有待加強","勞雇間的權力與資源不對等","2","家庭平權的觀念仍有待加強","","答案 C。表中 30–34 歲女性未就業者多因照顧未滿 12 歲子女；年齡增加後，照顧子女比例下降，負責打理家務的比例升高。這反映傳統家庭照顧與家務責任仍不平等地落在女性身上，家庭平權觀念仍待加強。","[""讀表格的年齡變化：30–34 歲以照顧幼兒為主要原因；45–54 歲則以打理家務為主。"",""兩類無酬照顧與家務責任都集中在女性，說明性別角色分工仍影響就業。"",""最適切的解讀是家庭平權觀念仍待加強，答案 C；表格沒有提供老年人口比例或勞雇資料。""]","統計表先比同一欄在不同年齡的變化，再回到題目所問的性別就業原因，避免推論超出資料。","[]","[]","","false","false","https://cap.rcpet.edu.tw/exam/112/112exam.html","https://drive.google.com/file/d/1vIVX90btDzk3XnNVfSQv0wRTw2A6omjL/view","","","","","","","","",""
"OFF-0600","社會","官方歷屆真題","112","44","會考總複習","歷屆會考","112年社會第44題","進階","歷屆真題","【閱讀材料】歷史上琉球王國與中國關係密切，數百年的交流使琉球文化在飲食、語言、風俗甚至武術方面都受到中國影響。十九世紀前期，琉球武術家佐久川寬賀數度隨使節團前往中國，拜訪大師精進武藝，並將中國拳法融入傳統武術，形成「唐手」，他也被琉球人尊稱為「唐手佐久川」。之後唐手受到琉球士族重視，成為士族間格鬥武術。十九世紀末琉球政治局勢改變，琉球王國遭日本併吞，士族被迫前往新統治者的都城居住，唐手也傳入日本。經過發展，唐手改以同音異字稱為「空手」，即今日的空手道，後來在世界各地普及。

【題目】上文中「唐手佐久川」與王國使節團得以前往中國，最可能與當時中國何項外交政策有關？","聯合西域部族對抗外患","簽訂條約，開放五口通商","與受冊封國家建立朝貢關係","訂定澶淵之盟，以兄弟相稱","2","與受冊封國家建立朝貢關係","","答案 C。琉球王國曾向中國遣使朝貢並接受冊封；題文說佐久川與王國使節團得以赴中國，最可能是因琉球與中國建立朝貢關係，獲准派遣使節往來。","[""辨認人物背景：佐久川是琉球王國人士，同行者為王國使節團。"",""琉球在明清時期與中國維持朝貢、冊封關係，定期遣使往來。"",""因此最相關的外交政策是與受冊封國家建立朝貢關係，答案 C。""]","東亞外交題分清朝貢冊封與近代條約通商，並依題目所處的琉球歷史脈絡判斷。","[]","[]","","false","false","https://cap.rcpet.edu.tw/exam/112/112exam.html","https://drive.google.com/file/d/1vIVX90btDzk3XnNVfSQv0wRTw2A6omjL/view","","","","","","","","",""
"OFF-0601","社會","官方歷屆真題","112","45","會考總複習","歷屆會考","112年社會第45題","進階","歷屆真題","【閱讀材料】歷史上琉球王國與中國關係密切，數百年的交流使琉球文化在飲食、語言、風俗甚至武術方面都受到中國影響。十九世紀前期，琉球武術家佐久川寬賀數度隨使節團前往中國，拜訪大師精進武藝，並將中國拳法融入傳統武術，形成「唐手」，他也被琉球人尊稱為「唐手佐久川」。之後唐手受到琉球士族重視，成為士族間格鬥武術。十九世紀末琉球政治局勢改變，琉球王國遭日本併吞，士族被迫前往新統治者的都城居住，唐手也傳入日本。經過發展，唐手改以同音異字稱為「空手」，即今日的空手道，後來在世界各地普及。

【題目】上文提及「政治局勢發生變化」，造成「唐手」向外傳播，此一變化最可能是指下列何者？","中國因甲午戰爭失敗割讓領土","天皇積極效法唐朝推展新制度","珍珠港事變導致美國對日宣戰","日本藉由牡丹社事件擴張勢力","3","日本藉由牡丹社事件擴張勢力","","答案 D。文中說琉球政治局勢改變後，唐手開始向外傳播；對應 1874 年日本以牡丹社事件為由出兵臺灣並擴張對琉球的控制，琉球原有政治秩序受到衝擊，促使武術向外流傳。","[""從「唐手」起源於琉球及其向外傳播，鎖定琉球政治地位變化。"",""牡丹社事件後日本出兵臺灣，逐步擴張對琉球的控制，最後併吞琉球。"",""這種日本擴張造成的政治變動最符合文意，答案 D。""]","歷史文化傳播要連結政治權力變化；牡丹社事件常是日本擴張臺灣及琉球勢力的重要節點。","[]","[]","","false","false","https://cap.rcpet.edu.tw/exam/112/112exam.html","https://drive.google.com/file/d/1vIVX90btDzk3XnNVfSQv0wRTw2A6omjL/view","","","","","","","","",""
"OFF-0602","社會","官方歷屆真題","112","46","會考總複習","歷屆會考","112年社會第46題","進階","歷屆真題","【閱讀材料】日本富士山是近似圓錐狀的火山，有四條主要登山路線，開放時間大致為每年7月上旬至9月上旬。路線特色不同，但皆一路向上；民眾可依體力與經驗選擇坡度較緩或較陡的路線，並先搭巴士等交通工具至登山口，再步行登頂。小婷登山經驗豐富，計畫挑戰平均坡度最陡的路線。

| 路線資料 | 甲 | 乙 | 丙 | 丁 |
| 起點海拔（公尺） | 2,305 | 1,970 | 1,440 | 2,380 |
| 終點海拔（公尺） | 3,720 | 3,720 | 3,715 | 3,715 |
| 上山路線長度（公里） | 7.5 | 7.8 | 11.0 | 5.0 |
| 平均坡度（%） | 18.9 | 22.4 | 20.7 | 26.7 |

平均坡度＝（終點海拔－起點海拔）÷路線長度×100%。

【題目】上文中登山步道開放的起始時間，主要是因為此時已具備下列何項條件？","地質穩定且地震較少","山上的積雪大多已融化","乾季雨少，步道不溼滑","西北季風盛行，天氣涼爽","1","山上的積雪大多已融化","","答案 B。富士山登山季為每年 7 月上旬至 9 月上旬，開放時間主要是因冬季累積的山頂積雪大多已融化，登山路線較能通行。","[""先定位富士山高海拔環境：冬季降雪多，山路受積雪影響。"",""登山季安排在夏季，較暖時山頂積雪融化，步道安全與通行條件改善。"",""因此開放起始時間主要是因積雪大多融化，答案 B；不是地震減少或西北季風盛行。""]","季節性開放要找最直接影響通行的自然條件；高山登山季通常與融雪相關。","[]","[]","","false","false","https://cap.rcpet.edu.tw/exam/112/112exam.html","https://drive.google.com/file/d/1vIVX90btDzk3XnNVfSQv0wRTw2A6omjL/view","","","","","","","","",""
"OFF-0603","社會","官方歷屆真題","112","47","會考總複習","歷屆會考","112年社會第47題","進階","歷屆真題","【閱讀材料】日本富士山是近似圓錐狀的火山，有四條主要登山路線，開放時間大致為每年7月上旬至9月上旬。路線特色不同，但皆一路向上；民眾可依體力與經驗選擇坡度較緩或較陡的路線，並先搭巴士等交通工具至登山口，再步行登頂。小婷登山經驗豐富，計畫挑戰平均坡度最陡的路線。

| 路線資料 | 甲 | 乙 | 丙 | 丁 |
| 起點海拔（公尺） | 2,305 | 1,970 | 1,440 | 2,380 |
| 終點海拔（公尺） | 3,720 | 3,720 | 3,715 | 3,715 |
| 上山路線長度（公里） | 7.5 | 7.8 | 11.0 | 5.0 |
| 平均坡度（%） | 18.9 | 22.4 | 20.7 | 26.7 |

平均坡度＝（終點海拔－起點海拔）÷路線長度×100%。

【題目】圖(十四)為其中一條登山路線，依據圖中資訊判斷，最可能為表(九)中的何者？","甲","乙","丙","丁","2","丙","","答案 C（丙）。等高線圖路線由東側約 1,400 公尺起點向西攀升至約 3,700 公尺終點，高差約 2,300 公尺；依比例尺量得路程約 11 公里，與表中丙路線的起終點高度及長度相符。","[""讀圖上的等高線與標高：起點約 1,400 公尺，終點接近 3,700 公尺。"",""比較表中各路線，丙起點 1,440 公尺、終點 3,715 公尺，與地圖最接近。"",""丙的路長 11 公里亦符合地圖比例尺估算，因此選 C。""]","等高線判讀先用起終點海拔篩選，再以比例尺檢查路程；不要只看線條彎曲程度。","[]","[""./assets/official-exams/112-social-q47-fuji-contour-map.svg?v=7.5.176""]","./assets/official-exams/112-social-q47-fuji-contour-map.svg?v=7.5.176","true","false","https://cap.rcpet.edu.tw/exam/112/112exam.html","https://drive.google.com/file/d/1vIVX90btDzk3XnNVfSQv0wRTw2A6omjL/view","","","","","","","","",""
"OFF-0604","社會","官方歷屆真題","112","48","會考總複習","歷屆會考","112年社會第48題","進階","歷屆真題","【閱讀材料】日本富士山是近似圓錐狀的火山，有四條主要登山路線，開放時間大致為每年7月上旬至9月上旬。路線特色不同，但皆一路向上；民眾可依體力與經驗選擇坡度較緩或較陡的路線，並先搭巴士等交通工具至登山口，再步行登頂。小婷登山經驗豐富，計畫挑戰平均坡度最陡的路線。

| 路線資料 | 甲 | 乙 | 丙 | 丁 |
| 起點海拔（公尺） | 2,305 | 1,970 | 1,440 | 2,380 |
| 終點海拔（公尺） | 3,720 | 3,720 | 3,715 | 3,715 |
| 上山路線長度（公里） | 7.5 | 7.8 | 11.0 | 5.0 |
| 平均坡度（%） | 18.9 | 22.4 | 20.7 | 26.7 |

平均坡度＝（終點海拔－起點海拔）÷路線長度×100%。

【題目】根據表(九)資訊，小婷與體力、經驗較為不足的民眾，選擇的路線分別為何？","小婷選甲；體力、經驗較為不足的民眾選丁","小婷選乙；體力、經驗較為不足的民眾選丙","小婷選丙；體力、經驗較為不足的民眾選乙","小婷選丁；體力、經驗較為不足的民眾選甲","3","小婷選丁；體力、經驗較為不足的民眾選甲","","答案 D。表中平均坡度依序甲 18.9%、乙 22.4%、丙 20.7%、丁 26.7%。小婷經驗豐富，應選平均坡度最大的丁；體力與經驗不足者則選坡度最緩的甲。","[""題文指出有經驗者可挑戰較難路線，新手應選坡度較緩的路線。"",""比較坡度：丁 26.7% 為最大，甲 18.9% 為最小。"",""故小婷選丁、新手選甲，答案 D。""]","平均坡度是整段上升高度除以路長；坡度較大通常較吃力，但還需遵守題目提供的路線條件。","[]","[]","","false","false","https://cap.rcpet.edu.tw/exam/112/112exam.html","https://drive.google.com/file/d/1vIVX90btDzk3XnNVfSQv0wRTw2A6omjL/view","","","","","","","","",""
"OFF-0605","社會","官方歷屆真題","112","49","會考總複習","歷屆會考","112年社會第49題","進階","歷屆真題","【閱讀材料】開普敦位於非洲最南端，是影響世界歷史的重要都市。荷蘭人於1652年來到此地，因氣候適合種植歐洲常見蔬果及釀製葡萄酒，以補充船隻飲食，逐步將此地建成海上貿易補給站。當地好望堡是統治者辦公地點，由奴隸建造；部分奴隸由荷蘭在亞洲的殖民地擄來。1869年蘇伊士運河開通後，許多歐洲船隻改走新航線，開普敦逐漸沒落。今日開普敦以多元文化與豐富生態成為熱門觀光景點。開普敦座標約為18.42°E、33.92°S。

【題目】根據上文及提供的座標資訊判斷，上述都市的氣候特色為何？","一月寒冷且年溫差大","一月溫暖且雨量較少","全年低溫且雨量稀少","終年有雨且夏雨較多","1","一月溫暖且雨量較少","","答案 B。地圖座標 18.42°E、33.92°S 位於南非開普敦，當地屬地中海型氣候，南半球夏季（1 月）溫暖乾燥、冬季較涼且雨量較多。","[""先依座標定位：南緯約 34°、東經約 18°，位於南非西南端開普敦附近。"",""開普敦屬地中海型氣候，夏季受副熱帶高壓影響較乾，冬季西風帶帶來降雨。"",""南半球 1 月是夏季，所以一月溫暖且雨量較少，答案 B。""]","判讀氣候前先確認半球：南半球 1 月為夏季；開普敦冬雨、夏乾。","[]","[]","","false","false","https://cap.rcpet.edu.tw/exam/112/112exam.html","https://drive.google.com/file/d/1vIVX90btDzk3XnNVfSQv0wRTw2A6omjL/view","","","","","","","","",""
"OFF-0606","社會","官方歷屆真題","112","50","會考總複習","歷屆會考","112年社會第50題","進階","歷屆真題","【閱讀材料】開普敦位於非洲最南端，是影響世界歷史的重要都市。荷蘭人於1652年來到此地，因氣候適合種植歐洲常見蔬果及釀製葡萄酒，以補充船隻飲食，逐步將此地建成海上貿易補給站。當地好望堡是統治者辦公地點，由奴隸建造；部分奴隸由荷蘭在亞洲的殖民地擄來。1869年蘇伊士運河開通後，許多歐洲船隻改走新航線，開普敦逐漸沒落。今日開普敦以多元文化與豐富生態成為熱門觀光景點。開普敦座標約為18.42°E、33.92°S。

【題目】文中提及奴隸的輸出地最可能包含下列何者？","南洋群島","朝鮮半島","伊比利半島","夏威夷群島","0","南洋群島","","答案 A（南洋群島）。文章描述 17 世紀開普敦為荷蘭東印度公司補給站，亞洲船隻停靠並帶來奴隸；當時荷蘭殖民者從東南亞與南洋群島輸送奴隸至開普敦，供殖民社會使用。","[""由開普敦、荷蘭東印度公司與亞洲航線判斷，題目背景是早期近代印度洋貿易。"",""荷蘭在東南亞殖民據點及南洋群島擄掠、販運奴隸，將其帶往開普敦。"",""因此輸出地最可能包括南洋群島，答案 A；其他選項不符合此航線與殖民網絡。""]","殖民史貿易路線題以港口與殖民勢力定位，再辨認其亞洲航線連結的區域。","[]","[]","","false","false","https://cap.rcpet.edu.tw/exam/112/112exam.html","https://drive.google.com/file/d/1vIVX90btDzk3XnNVfSQv0wRTw2A6omjL/view","","","","","","","","",""
"OFF-0607","社會","官方歷屆真題","112","51","會考總複習","歷屆會考","112年社會第51題","進階","歷屆真題","【閱讀材料】開普敦位於非洲最南端，是影響世界歷史的重要都市。荷蘭人於1652年來到此地，因氣候適合種植歐洲常見蔬果及釀製葡萄酒，以補充船隻飲食，逐步將此地建成海上貿易補給站。當地好望堡是統治者辦公地點，由奴隸建造；部分奴隸由荷蘭在亞洲的殖民地擄來。1869年蘇伊士運河開通後，許多歐洲船隻改走新航線，開普敦逐漸沒落。今日開普敦以多元文化與豐富生態成為熱門觀光景點。開普敦座標約為18.42°E、33.92°S。

【題目】文中提到船隻改走新的通航路線，是因此航路具備下列哪一優勢？","大幅縮短至印度洋周邊的航行路程","可避免通過滿布浮冰的大西洋海域","可藉由北大西洋暖流加快航行速度","有助於疏解前往南美洲擁擠的航路","0","大幅縮短至印度洋周邊的航行路程","","答案 A。文中描述 1869 年蘇伊士運河開通後，歐洲船隻改走地中海—紅海的新航線前往亞洲，不必繞行非洲好望角，因此大幅縮短往印度洋周邊的航程。","[""原航線由歐洲繞過非洲南端好望角，路程漫長。"",""蘇伊士運河連接地中海與紅海，提供通往印度洋的新捷徑。"",""新航線縮短歐洲至印度洋周邊的航程，答案 A；它不是為避開北大西洋浮冰或南美航線而開闢。""]","航運史地圖題追蹤起點、終點和新通道；蘇伊士運河主要縮短歐亞間經印度洋的航程。","[]","[]","","false","false","https://cap.rcpet.edu.tw/exam/112/112exam.html","https://drive.google.com/file/d/1vIVX90btDzk3XnNVfSQv0wRTw2A6omjL/view","","","","","","","","",""
"OFF-0608","社會","官方歷屆真題","112","52","會考總複習","歷屆會考","112年社會第52題","進階","歷屆真題","【閱讀材料】美國反體罰組織於1998年發起「不打小孩日」，宣傳體罰與兒童人權議題。活動最先在美國推動，後獲國際社會響應；2001年起，其他反體罰及兒童人權團體也在4月30日舉辦活動，倡議終止體罰並推廣正向管教。2006年，臺灣民間團體響應「國際不打小孩日」，舉辦相關活動。當時宣傳標語寫道：「邀請你試著看不要打小孩，至少在這一天不要打；也許你會發現，將來的每一天你都不要打。」

我國政府也以符合聯合國標準為目標，修訂《兒童及少年福利與權益保障法》，促使政府、社會大眾與家長正視兒童福利及虐待問題；並修訂《教育基本法》，明文禁止校園體罰，以保障兒童受教權。這些作法旨在預防並保護兒童免於各種暴力侵害，提供更完善的成長環境。

【題目】關於文中活動理念對臺灣帶來影響的過程，最適合以下列何者說明？","法律修改程序的變化","科技發展帶來的衝擊","風俗習慣的文化傳承","全球化下的文化交流","3","全球化下的文化交流","","答案 D。美國「不打小孩日」活動由美國反體罰團體發起，理念後來傳到國際社會及臺灣，臺灣也舉辦相關活動並推動兒少保護修法，呈現跨國理念流動與在地回應，屬全球化下的文化交流。","[""先看活動起源：1998 年由美國反體罰團體發起。"",""之後國際組織及臺灣陸續響應，活動理念跨越國界並影響臺灣公共討論與政策。"",""此過程是全球化下的文化交流，答案 D；不是單純科技衝擊或傳統風俗延續。""]","全球化不只有商品流通，也包括理念、價值與社會運動跨國傳播。","[]","[]","","false","false","https://cap.rcpet.edu.tw/exam/112/112exam.html","https://drive.google.com/file/d/1vIVX90btDzk3XnNVfSQv0wRTw2A6omjL/view","","","","","","","","",""
"OFF-0609","社會","官方歷屆真題","112","53","會考總複習","歷屆會考","112年社會第53題","進階","歷屆真題","【閱讀材料】美國反體罰組織於1998年發起「不打小孩日」，宣傳體罰與兒童人權議題。活動最先在美國推動，後獲國際社會響應；2001年起，其他反體罰及兒童人權團體也在4月30日舉辦活動，倡議終止體罰並推廣正向管教。2006年，臺灣民間團體響應「國際不打小孩日」，舉辦相關活動。當時宣傳標語寫道：「邀請你試著看不要打小孩，至少在這一天不要打；也許你會發現，將來的每一天你都不要打。」

我國政府也以符合聯合國標準為目標，修訂《兒童及少年福利與權益保障法》，促使政府、社會大眾與家長正視兒童福利及虐待問題；並修訂《教育基本法》，明文禁止校園體罰，以保障兒童受教權。這些作法旨在預防並保護兒童免於各種暴力侵害，提供更完善的成長環境。

【題目】根據宣傳標語判斷，其呈現的意義最適當為何？","主張對實施體罰者提起訴訟加以處罰","藉由改變家長價值觀來帶動社會變遷","上街請願要求國家立法保障兒童福利","推廣法治教育教導兒童保護自身權益","1","藉由改變家長價值觀來帶動社會變遷","","答案 B。標語「邀請你試著看不要打小孩至少在這一天不要打」以兒童感受引導家長反思體罰，目的是改變家長價值觀，逐步帶動社會對兒童管教方式的改變；不是訴訟或上街請願。","[""讀圖中文字：標語直接呼籲家長嘗試一天不打孩子，訴求對象是家長。"",""透過親身體驗與反思改變家長對體罰的觀念，再擴大為社會態度改變。"",""因此最適切的是藉改變家長價值觀帶動社會變遷，答案 B。""]","宣傳標語題要從文案對象與行動訴求判斷目的；呼籲反思不等於訴訟、請願或法治課程。","[]","[]","","false","false","https://cap.rcpet.edu.tw/exam/112/112exam.html","https://drive.google.com/file/d/1vIVX90btDzk3XnNVfSQv0wRTw2A6omjL/view","","","","","","","","",""
"OFF-0610","社會","官方歷屆真題","112","54","會考總複習","歷屆會考","112年社會第54題","進階","歷屆真題","【閱讀材料】美國反體罰組織於1998年發起「不打小孩日」，宣傳體罰與兒童人權議題。活動最先在美國推動，後獲國際社會響應；2001年起，其他反體罰及兒童人權團體也在4月30日舉辦活動，倡議終止體罰並推廣正向管教。2006年，臺灣民間團體響應「國際不打小孩日」，舉辦相關活動。當時宣傳標語寫道：「邀請你試著看不要打小孩，至少在這一天不要打；也許你會發現，將來的每一天你都不要打。」

我國政府也以符合聯合國標準為目標，修訂《兒童及少年福利與權益保障法》，促使政府、社會大眾與家長正視兒童福利及虐待問題；並修訂《教育基本法》，明文禁止校園體罰，以保障兒童受教權。這些作法旨在預防並保護兒童免於各種暴力侵害，提供更完善的成長環境。

【題目】關於文末提及我國的兩項法規，下列敘述何者最適當？","以法律位階而言，前者具有最高性","以法律位階而言，後者具有固定性","以修法程序而言，皆須經總統公布後才生效","以修法程序而言，皆可由行政機關自行修訂","2","以修法程序而言，皆須經總統公布後才生效","","答案 C。文末提及《兒童及少年福利與權益保障法》及《教育基本法》兩項法律。法律的制定或修正須依立法程序通過，並經總統公布後生效；行政機關不能自行修訂法律。","[""先辨認題目所指兩項規範都是法律，而非行政命令或施行細則。"",""法律須由立法院完成制定／修正程序，再由總統公布，始能生效。"",""因此「皆須經總統公布後才生效」正確，答案 C；行政機關無權自行修法。""]","公民法規題要區分法律與行政命令；法律需經立法程序及總統公布，主管機關不能自行改法。","[]","[]","","false","false","https://cap.rcpet.edu.tw/exam/112/112exam.html","https://drive.google.com/file/d/1vIVX90btDzk3XnNVfSQv0wRTw2A6omjL/view","","","","","","","","",""
"OFF-0771","社會","官方歷屆真題","113","1","會考總複習","歷屆會考","113年社會第1題","進階","歷屆真題","「格外品」意指市場規格之外但品質無虞的農產品，例如規格不符或賣相不 佳。格外品會被農民分享給親友或作為肥料跟飼料，盛產時還可能出現遭大 量棄置的問題。下列何項作法較能有效解決上述問題？","推動從產地到餐桌的理念，降低食物里程","善用食品加工，以利農產品的保存與食用","鼓勵農民改採有機農法，提高農產品售價","種植基因改造作物，增加單位面積的產量","1","善用食品加工，以利農產品的保存與食用","","格外品只是外觀或規格不符，食用品質仍無虞；盛產時的核心問題是短期內無法售完、保存不易而被棄置。食品加工能延長保存並改變食用方式，最直接減少浪費，答案 B。","[""先區分格外品與劣質品：題幹說明其品質無虞，問題在規格與賣相。"",""盛產時滯銷造成棄置，需延長保存期限或轉成其他食品。"",""加工能保存並增加食用用途，因此選 B；產地到餐桌或增產都未直接處理滯銷。""]","看見農產品被丟棄的情境，先分清楚是品質問題還是規格／保存與銷售問題。","[]","[]","","false","false","https://cap.rcpet.edu.tw/exam/113/113exam.html","https://drive.google.com/file/d/1NJYibw-N2mHZP5lL8-rOhirWv_ZFQNiz/view","","","","","","","","",""
"OFF-0772","社會","官方歷屆真題","113","2","會考總複習","歷屆會考","113年社會第2題","進階","歷屆真題","由波蘭、匈牙利、斯洛伐克、捷克組成的維謝格拉德集團，近年來約有20% 至30%的商品出口至德國，因此當德國經濟成長減緩時，該集團國家的產業 可能衰退。根據上述資訊，集團成員國最可能採取下列何項政策，以減少產業衰 退所帶來的負面影響？","加速產業創新轉型及尋找新的貿易夥伴","採取促使各國貨幣升值的政策以利出口","退出歐盟並從非洲國家引進廉價勞動力","鼓勵國內勞力密集產業外移至西歐國家","0","加速產業創新轉型及尋找新的貿易夥伴","","維謝格拉德集團約兩至三成出口依賴德國，表示市場集中於單一主要貿易夥伴；德國景氣轉弱時，需求下滑會傳到出口國。推動產業創新並開拓其他市場，可分散依賴、提升競爭力，答案 A。","[""從題幹找出風險來源：出口集中，且德國經濟減緩會使需求與訂單下降。"",""降低單一市場依賴，需要開拓其他貿易夥伴；創新轉型也可增加產品競爭力。"",""因此最合適的政策是創新並分散市場，答案 A；貨幣升值反而通常不利出口價格競爭。""]","遇到出口依賴單一國家的題目，優先思考市場分散與產業競爭力，不要把升值當成刺激出口。","[]","[]","","false","false","https://cap.rcpet.edu.tw/exam/113/113exam.html","https://drive.google.com/file/d/1NJYibw-N2mHZP5lL8-rOhirWv_ZFQNiz/view","","","","","","","","",""
"OFF-0773","社會","官方歷屆真題","113","3","會考總複習","歷屆會考","113年社會第3題","進階","歷屆真題","臺灣某些聚落是以相對位置來命 名，例如北門。下列為某地區兩個 地名由來的描述：在地勢較高處屯 兵設營，故稱為上營盤，其西北山 腳處則稱為營盤腳，又名下營盤。 圖(一)為營盤腳附近的等高線地形 圖，根據上述及圖中資訊判斷，上 營盤最可能位在圖中何處？","甲","乙","丙","丁","1","乙","","題文指出營盤腳位在上營盤的西北山腳，因此上營盤應位於它的東南側較高處。依圖中營盤腳位置與等高線判讀，乙點在其東南側且海拔較高，符合屯兵設營的地勢，答案 B。","[""先以圖上的「營盤腳」標示為定位基準，讀出附近等高線數值與高低方向。"",""等高線數值往乙所在方向增加，乙的位置高於營盤腳附近，符合「在地勢較高處屯兵設營」。"",""甲、丙、丁不如乙符合相對較高的地勢條件，因此選乙，答案 B。""]","等高線數值增加代表地勢升高；先定位題幹地名，再比較選點，不要只依圖面上下判斷高低。","[]","[""./assets/official-exams/113-social-q03-map.svg""]","./assets/official-exams/113-social-q03-map.svg","true","false","https://cap.rcpet.edu.tw/exam/113/113exam.html","https://drive.google.com/file/d/1NJYibw-N2mHZP5lL8-rOhirWv_ZFQNiz/view","","","","","","","","",""
"OFF-0774","社會","官方歷屆真題","113","4","會考總複習","歷屆會考","113年社會第4題","進階","歷屆真題","圖(二)為某網站繪製的世界語言使用圖，呈現 全球23種使用人數超過5,000萬人的語言，其 中使用人數排第五名的語言主要分布區為下 列何者？","西亞、北非","東亞、南亞","南歐、南美洲","北美洲、大洋洲","0","西亞、北非","","圖(二)標示全球使用人口第五多的語言為阿拉伯語。阿拉伯語主要分布於西亞與北非，與選項 A 相符。","[""先讀圖例與排名標籤，確認第五名是阿拉伯語，而非英語、西班牙語等其他語言。"",""回想阿拉伯語主要分布區跨西亞與北非。"",""因此答案為西亞、北非，選 A。""]","讀統計圖先確認排名對應的語言，再用語言的主要分布區配對，不要只看語言使用人數高低猜區域。","[]","[""./assets/official-exams/113-social-q04-language-chart.svg""]","./assets/official-exams/113-social-q04-language-chart.svg","true","false","https://cap.rcpet.edu.tw/exam/113/113exam.html","https://drive.google.com/file/d/1NJYibw-N2mHZP5lL8-rOhirWv_ZFQNiz/view","","","","","","","","",""
"OFF-0775","社會","官方歷屆真題","113","5","會考總複習","歷屆會考","113年社會第5題","進階","歷屆真題","彰化平原上曾有一個稱為「七十二庄」的組織，由漳州人和客家人聯合成 立，他們透過共同的宗教活動，強化組織內部的連結，以抵抗鄰近泉州人的 勢力。上述組織的成立，最可能與下列哪一現象有關？","鄭氏推行軍屯制度","清代民間械鬥頻傳","清朝政府開山撫番","日本鎮壓漢人抗日","1","清代民間械鬥頻傳","","七十二庄由不同籍貫群體結盟，透過共同信仰維繫組織，並抵抗鄰近泉州人的勢力，反映清代臺灣漢人移墾社會中常見的民間械鬥與族群結盟，答案 B。","[""題幹描述漳州人、客家人聯合，與鄰近泉州人對立。"",""以共同宗教活動團結群體、抵禦對方，符合清代民間械鬥頻仍的社會背景。"",""其他選項的軍屯、開山撫番或日本統治時期均不符題目線索，答案 B。""]","看到不同籍貫結盟、共同信仰與地方勢力衝突，應連結清代移墾社會的分類械鬥。","[]","[]","","false","false","https://cap.rcpet.edu.tw/exam/113/113exam.html","https://drive.google.com/file/d/1NJYibw-N2mHZP5lL8-rOhirWv_ZFQNiz/view","","","","","","","","",""
"OFF-0776","社會","官方歷屆真題","113","6","會考總複習","歷屆會考","113年社會第6題","進階","歷屆真題","【歌詞節錄】「北京55日：慈禧太后想要將『洋鬼子』趕出北京，因此允許起事的民間組織開火攻擊軍事館，開啟一場在東方的血腥戰爭……」（「洋鬼子」是鄙視外國人的稱呼。）

這首歌曲聚焦於中國歷史事件，歌詞中的「在東方的血腥戰爭」最可能指何者？","蒙古大軍南下滅宋，成功入主中國","英國為鴉片貿易問題出兵攻打中國","八個國家組成聯軍向中國發動攻擊","國民政府誓師北伐，終結軍閥割據","2","八個國家組成聯軍向中國發動攻擊","","歌詞提到慈禧太后要把外國人趕出北京、義和團起事與東方的血腥戰爭，指向 1900 年義和團事件及八國聯軍攻入中國，答案 C。","[""慈禧太后、義和團與北京是辨識事件的重要線索。"",""義和團事件期間，英、俄、日、法、德、美、義、奧等八國組成聯軍出兵。"",""因此歌詞所指是八國聯軍攻擊中國，選 C；鴉片戰爭只有英國出兵，時序也不同。""]","用歌詞中的人物、地點和關鍵詞配合年代辨識事件；「八國聯軍」不要與英國單獨發動的鴉片戰爭混淆。","[]","[]","","false","false","https://cap.rcpet.edu.tw/exam/113/113exam.html","https://drive.google.com/file/d/1NJYibw-N2mHZP5lL8-rOhirWv_ZFQNiz/view","","","","","","","","",""
"OFF-0777","社會","官方歷屆真題","113","7","會考總複習","歷屆會考","113年社會第7題","進階","歷屆真題","古代人繪製地圖時，通常會將自己所處區域放在地圖中央。圖(四)為某地區出土的古世界地圖及說明：圖中將巴比倫城置於中央，周圍呈現兩河流域古代世界觀。該地區當時使用的文字最可能為何？","象形文字","拉丁文","片假名","楔形文字","3","楔形文字","","圖中把巴比倫城置於世界中央，並呈現兩河流域周邊的古代世界觀，對應古巴比倫文明。巴比倫人使用楔形文字，故選項 D 正確。","[""依圖說辨認地區：巴比倫城位於地圖中央，指向兩河流域的古巴比倫。"",""古巴比倫與蘇美等兩河流域文明以楔形文字記錄。"",""四個文字選項中，楔形文字為 D，答案 D。""]","先用地圖中的城市與地理位置辨認文明，再配對其文字系統；不要只看圖像外觀猜文字。","[]","[""./assets/official-exams/113-social-p3.webp""]","./assets/official-exams/113-social-p3.webp","true","false","https://cap.rcpet.edu.tw/exam/113/113exam.html","https://drive.google.com/file/d/1NJYibw-N2mHZP5lL8-rOhirWv_ZFQNiz/view","","","","","","","","",""
"OFF-0778","社會","官方歷屆真題","113","8","會考總複習","歷屆會考","113年社會第8題","進階","歷屆真題","「某國在十九世紀末設置一個機構，最初是顧及戰後返國的軍人，身上可能 帶有病菌，因而先送往此處進行消毒及隔離，後來也在此處收容戰爭俘虜。 在該國曾參與的甲午戰爭、第一次世界大戰、九一八事變，乃至於太平洋戰 爭，此機構都曾發揮隔離檢疫的功能。」上述「某國」最可能是下列何者？","美國","德國","日本","法國","2","日本","","題幹所列甲午戰爭、九一八事變和太平洋戰爭，都是日本參與的戰事；19 世紀末設置的檢疫機構後續亦收容戰俘，與日本歷史背景相符，答案 C。","[""先核對事件線索：甲午戰爭、九一八事變及太平洋戰爭都涉及日本。"",""題目描述的機構在多場日本參與的戰爭中負責檢疫與隔離，符合日本的歷史脈絡。"",""因此「某國」為日本，選 C。""]","遇到跨越多場戰爭的題目，挑出最有辨識度的國家參與線索，再核對年代與機構功能。","[]","[]","","false","false","https://cap.rcpet.edu.tw/exam/113/113exam.html","https://drive.google.com/file/d/1NJYibw-N2mHZP5lL8-rOhirWv_ZFQNiz/view","","","","","","","","",""
"OFF-0779","社會","官方歷屆真題","113","9","會考總複習","歷屆會考","113年社會第9題","進階","歷屆真題","以下是學者對歷史上臺灣的土地開發模式，所做出的分析：「十七世紀時， 『甲』透過提供土地、耕牛、資金借貸，招募『乙』修築城堡、耕種稻米與 甘蔗。甲、乙兩者之間雖然互相依賴，但甲常透過強制力懲罰不願受約束的 乙。」上述「甲」與「乙」，最可能是下列何者？","荷蘭聯合東印度公司與漢人","清帝國與福建、廣東的漢人","顏思齊集團與沿海的原住民","鄭氏政權與大肚王國原住民","0","荷蘭聯合東印度公司與漢人","","題目描述 17 世紀甲方提供土地、耕牛與借貸，招募乙方築城並種植稻米、甘蔗，且以強制力約束乙方，符合荷蘭聯合東印度公司在臺灣的土地開發與漢人承佃模式，答案 A。","[""時間是 17 世紀，先排除清帝國及鄭氏政權等後續統治時期。"",""荷蘭東印度公司提供土地、資本與生產資源，招募漢人耕種並以權力管理。"",""因此甲為荷蘭聯合東印度公司、乙為漢人，選 A。""]","把時代、統治者與土地制度一起判讀；荷蘭時期常見公司提供資源、漢人承墾的關係。","[]","[]","","false","false","https://cap.rcpet.edu.tw/exam/113/113exam.html","https://drive.google.com/file/d/1NJYibw-N2mHZP5lL8-rOhirWv_ZFQNiz/view","","","","","","","","",""
"OFF-0780","社會","官方歷屆真題","113","10","會考總複習","歷屆會考","113年社會第10題","進階","歷屆真題","圖(五)為老師在黑板上解釋法律的部分內容：父母、監護人應禁止兒童及少年吸菸、飲酒、嚼檳榔；業者應拒絕兒童及少年進入不良場所，違者可處罰鍰。根據內容判斷，該法律最主要的立法目的為何？","避免家庭暴力事件的發生","處理兒童及少年犯罪事件","確保兒童及少年身心發展","維護社會秩序及善良風俗","2","確保兒童及少年身心發展","","黑板內容限制兒少吸菸、飲酒、嚼檳榔及進入不良場所，並規範家長與業者的保護責任，核心是預防有害環境影響兒少，保障其身心健全發展，答案 C。","[""從黑板列出的行為辨認法律保護對象是兒童及少年。"",""禁菸酒、檳榔及限制進入不良場所，重點在防止身心健康受到危害。"",""因此主要立法目的為確保兒少身心發展，選 C，而非處理兒少犯罪或家庭暴力。""]","從法條限制的對象與行為推論立法目的；保護性規範不等於以處罰兒少犯罪為主。","[]","[]","","false","false","https://cap.rcpet.edu.tw/exam/113/113exam.html","https://drive.google.com/file/d/1NJYibw-N2mHZP5lL8-rOhirWv_ZFQNiz/view","","","","","","","","",""
"OFF-0781","社會","官方歷屆真題","113","11","會考總複習","歷屆會考","113年社會第11題","進階","歷屆真題","表（一）是小津整理的交易媒介比較表，表中甲、乙最可能為下列哪一組合？

特色｜甲｜乙
使用方式｜可直接支付各項消費｜須事先存入足夠金額，並搭配特定設備才能使用
發行方式｜由國家發行並賦予價值｜多由民間企業發行
找零｜可能面臨兌換零錢的困擾｜免去購物找零錢的困擾","商品貨幣與儲值卡","商品貨幣與信用卡","法定貨幣與儲值卡","法定貨幣與信用卡","2","法定貨幣與儲值卡","","甲由國家發行並賦予價值、可直接支付消費，屬法定貨幣；乙須預先儲值並搭配設備、通常由民間業者發行，且消費時免找零，屬儲值卡。因此答案是「法定貨幣與儲值卡」，選 C。","[""甲的線索是國家發行並賦予價值，符合法定貨幣；商品貨幣不是政府法定發行的通用貨幣。"",""乙要先存入金額、搭配設備使用且免找零，符合儲值卡而非信用卡。"",""兩項配對為法定貨幣與儲值卡，答案 C。""]","區分儲值卡與信用卡：儲值卡先存款再消費，信用卡則是先消費後向發卡機構付款。","[]","[]","","false","false","https://cap.rcpet.edu.tw/exam/113/113exam.html","https://drive.google.com/file/d/1NJYibw-N2mHZP5lL8-rOhirWv_ZFQNiz/view","","","","","","","","",""
"OFF-0782","社會","官方歷屆真題","113","12","會考總複習","歷屆會考","113年社會第12題","進階","歷屆真題","新聞報導：大法官解釋第748號解釋文，宣告《民法》中未有保障同性婚姻之 規定，違反《憲法》保障人民平等權與婚姻自由之意旨，相關機關應在兩年 內完成法律修正或制定，若屆時未完成修法，同性二人可依現行《民法》規 定辦理結婚登記。上述內容顯示出我國《憲法》的哪一項特性？","規範範圍最廣","法律位階最高","修改程序困難","條文內容簡要","1","法律位階最高","","釋字第 748 號指出民法婚姻規定牴觸憲法保障的平等權與婚姻自由，並要求修法；若未修法，仍須依憲法意旨保障結婚登記。這顯示憲法位階高於一般法律，答案 B。","[""大法官以憲法上的平等權與婚姻自由檢驗《民法》規定。"",""若一般法律牴觸憲法，須依憲法意旨修正或適用，說明憲法具有最高法律效力。"",""題幹呈現的是憲法位階最高，而非修憲程序難易，答案 B。""]","當憲法審查要求一般法律修正，考點是法律位階與違憲審查，不是憲法修正程序。","[]","[]","","false","false","https://cap.rcpet.edu.tw/exam/113/113exam.html","https://drive.google.com/file/d/1NJYibw-N2mHZP5lL8-rOhirWv_ZFQNiz/view","","","","","","","","",""
"OFF-0783","社會","官方歷屆真題","113","13","會考總複習","歷屆會考","113年社會第13題","進階","歷屆真題","小央花費數萬元購買限量模型，將商品帶回家後遭到父母反對，並立刻陪同 小央返回店家要求退貨。根據我國法律規定，就小央的年齡而言，此項契約 須經法定代理人同意才具備效力，因此店家只能辦理退貨。根據上述內容判 斷，下列何者最可能是訂立該規定的用意？","維護無行為能力人的權益","矯正未成年人的犯罪行為","保護限制行為能力人的權益","預防未成年人從事犯罪行為","2","保護限制行為能力人的權益","","題目中的未成年人以數萬元購買模型，父母陪同處理契約。法律要求限制行為能力人訂立重要契約原則上須得法定代理人同意，目的在避免其判斷能力尚未成熟而受不利交易影響，答案 C。","[""小央能表達意思，但因未成年，其法律行為能力受限制，屬限制行為能力人。"",""高額購買契約須經法定代理人同意；未經同意時，法律提供撤回或確認機制保護其利益。"",""規定旨在保護限制行為能力人的權益，選 C，而非處理犯罪。""]","不要把限制行為能力人誤當成無行為能力人；本題重點是未成年人訂立契約的同意規則。","[]","[]","","false","false","https://cap.rcpet.edu.tw/exam/113/113exam.html","https://drive.google.com/file/d/1NJYibw-N2mHZP5lL8-rOhirWv_ZFQNiz/view","","","","","","","","",""
"OFF-0784","社會","官方歷屆真題","113","14","會考總複習","歷屆會考","113年社會第14題","進階","歷屆真題","我國原本允許進口新鮮山竹，但2003年時，因新鮮山竹有引進害蟲的疑慮， 所以政府禁止進口，於是市面上只能買到進口的冷凍山竹。2019年4月，政府 公告將開放經殺蟲處理的新鮮山竹進口；同年9月，新鮮山竹上架銷售，雖然 價格高於冷凍山竹，仍在短時間銷售一空，後來各店家也持續補貨販售。根 據上述內容判斷，政府的開放政策帶來下列何項影響？","貿易出超金額因而擴大","農業出口總額因而上升","購物意願因價格變化而提高","產品選擇因而變得更加多元","3","產品選擇因而變得更加多元","","政策開放經殺蟲處理的新鮮山竹進口後，消費者除了冷凍山竹又能購買新鮮山竹，市場商品種類增加；題幹沒有提供進出口總額或價格變化導致購買意願上升的證據，答案 D。","[""開放前市面只買得到進口冷凍山竹；開放後新鮮山竹也能販售。"",""同一水果新增不同處理狀態與商品型態，代表消費者可選的品項增加。"",""題目問政策影響，最直接是產品選擇更多元，答案 D。""]","區分商品供給種類增加與貿易餘額、出口額增加；題幹未提供總額資料時不能推論出超。","[]","[]","","false","false","https://cap.rcpet.edu.tw/exam/113/113exam.html","https://drive.google.com/file/d/1NJYibw-N2mHZP5lL8-rOhirWv_ZFQNiz/view","","","","","","","","",""
"OFF-0785","社會","官方歷屆真題","113","15","會考總複習","歷屆會考","113年社會第15題","進階","歷屆真題","圖(六)顯示臺灣某一沿海 地區的土地利用變遷，根 據圖中資訊判斷，下列關 於該地區土地利用轉變的 敘述何者正確？ 圖(六)","可利用的土地因海岸侵蝕嚴重而減少","魚塭的面積變化呈現先減後增的趨勢","新的市區用地主要是由魚塭填土而來","聚落的範圍主要是由南向北逐漸擴張","2","新的市區用地主要是由魚塭填土而來","","比較 1904、1976 與 1985 年土地利用圖，聚落與魚塭在不同區域變化；1985 年新增市區主要占用原魚塭區域，支持「新的市區用地主要由魚塭填土而來」，答案 C。","[""先比對三個年份的圖例與相同地點，辨認魚塭、新市區及聚落的分布。"",""1976 年可見魚塭範圍，1985 年新市區出現在原魚塭所在區域。"",""地圖顯示土地用途由魚塭轉成市區，故選 C；不能只憑海岸線推斷土地被侵蝕。""]","土地利用變遷圖要固定位置跨年代比較，並以圖例辨認類別；不要把魚塭面積與聚落範圍混看。","[]","[""./assets/official-exams/113-social-q15-land-use.svg""]","./assets/official-exams/113-social-q15-land-use.svg","true","false","https://cap.rcpet.edu.tw/exam/113/113exam.html","https://drive.google.com/file/d/1NJYibw-N2mHZP5lL8-rOhirWv_ZFQNiz/view","","","","","","","","",""
"OFF-0786","社會","官方歷屆真題","113","16","會考總複習","歷屆會考","113年社會第16題","進階","歷屆真題","隨著醫療衛生的進步，人類的平均壽命正 逐漸提高，圖(七)呈現1990年與 2019年全 球各區域平均壽命與人口數的變化，圖中 未標示的區域有「中南美洲」、「歐洲及 北美洲」、「東亞及東南亞」、「漠南非 洲」。依據各區域的經濟發展及醫療衛生 條件判斷，圖(七)中甲、乙、丙、丁何者 最可能為漠南非洲？","甲","乙","丙","丁","2","丙","","圖中丙的平均壽命起點最低，約由 1990 年的 50 歲升至 2019 年約 64 歲，人口也快速增加，符合漠南非洲醫療衛生條件較弱、人口成長較快的區域特徵，答案 C。","[""用圖例區分 1990 與 2019 的點，觀察各區域壽命與人口變化。"",""漠南非洲的平均壽命相對低，且人口增長明顯；圖中丙由低壽命位置延伸至較高人口規模。"",""因此丙最可能代表漠南非洲，答案 C。""]","圖表判讀要同時比較兩個軸：橫軸人口、縱軸平均壽命；不能只依人口多寡判斷區域。","[]","[""./assets/official-exams/113-social-q16-life-expectancy.svg""]","./assets/official-exams/113-social-q16-life-expectancy.svg","true","false","https://cap.rcpet.edu.tw/exam/113/113exam.html","https://drive.google.com/file/d/1NJYibw-N2mHZP5lL8-rOhirWv_ZFQNiz/view","","","","","","","","",""
"OFF-0787","社會","官方歷屆真題","113","17","會考總複習","歷屆會考","113年社會第17題","進階","歷屆真題","日本某地因位處冬季季風迎風面，季風經日本海挾帶豐沛 水氣形成大量降雪，待降雪季節結束，積雪剷除後的道路 兩側留下垂直壁立高達十多公尺的雪壁，吸引大量遊客前 來。上述雪壁景色最可能位於圖(八)中何地？","甲","乙","丙","丁","0","甲","","冬季季風由亞洲大陸吹向日本海，越過海面吸收水氣後，在日本海側迎風坡形成大量降雪。圖中甲位於日本海側的本州中北部，符合雪壁景觀的地理條件，答案 A。","[""題幹指出冬季季風跨越日本海帶來水氣，迎風面會有較多降雪。"",""日本列島的日本海側受此季風影響，降雪通常多於太平洋側。"",""圖中甲位於日本海側本州，最符合題意，答案 A。""]","日本降雪分布需結合冬季季風方向與山脈迎風坡；不要把太平洋側誤認為主要降雪區。","[]","[""./assets/official-exams/113-social-q17-japan-map.svg""]","./assets/official-exams/113-social-q17-japan-map.svg","true","false","https://cap.rcpet.edu.tw/exam/113/113exam.html","https://drive.google.com/file/d/1NJYibw-N2mHZP5lL8-rOhirWv_ZFQNiz/view","","","","","","","","",""
"OFF-0788","社會","官方歷屆真題","113","18","會考總複習","歷屆會考","113年社會第18題","進階","歷屆真題","中國某行政區有一新建鐵路於2022年6月通車， 與原有鐵路部分路線共同構成一環形鐵路，其 路線圖如圖(九)所示。該新建鐵路通車後為了維 持其正常運行，根據沿線環境特色判斷，最可 能需要進行下列何種維護措施？","加強防颱工程，預防強風及豪雨損壞鐵路設備","設置加熱系統，克服土壤結凍造成的軌道變形","種植固沙植物，防止風沙危及列車行駛的安全","興建河岸堤防，避免河流定期氾濫而淹沒鐵軌","2","種植固沙植物，防止風沙危及列車行駛的安全","","圖(九)的新建鐵路位於新疆塔里木盆地周緣，沿線乾燥、沙漠廣布，主要風險是風沙掩埋或危及軌道。種植固沙植物可減少沙丘移動，答案 C。","[""先從路線圖辨認鐵路環繞塔里木盆地，位於中國西北內陸乾燥區。"",""該區降水少、沙漠與風沙問題突出，風沙可能掩埋軌道或影響行車。"",""固沙植被能減少地表沙土被風吹移，因此選 C。""]","由地圖位置推論交通維護時，將區域氣候、地形與主要自然災害連結；此處不是沿海颱風或凍土問題。","[]","[""./assets/official-exams/113-social-q18-railway-map.svg""]","./assets/official-exams/113-social-q18-railway-map.svg","true","false","https://cap.rcpet.edu.tw/exam/113/113exam.html","https://drive.google.com/file/d/1NJYibw-N2mHZP5lL8-rOhirWv_ZFQNiz/view","","","","","","","","",""
"OFF-0789","社會","官方歷屆真題","113","19","會考總複習","歷屆會考","113年社會第19題","進階","歷屆真題","二十世紀時，甲信函反駁乙國對甲國援助古巴的指責，並指出乙國也在甲國及其盟國周邊部署大量武器；乙信函則要求甲國停止在古巴興建飛彈基地並拆除設施。甲、乙兩國最可能是下列何者？","甲：蘇聯、乙：東德","甲：西德、乙：美國","甲：美國、乙：蘇聯","甲：蘇聯、乙：美國","3","甲：蘇聯、乙：美國","","乙信函要求對方停止在古巴建立飛彈基地，並拆除已部署的設施，指的是 1962 年古巴飛彈危機中美國對蘇聯的要求。甲信函則以美國在蘇聯周邊部署武器反駁，故甲為蘇聯、乙為美國，答案 D。","[""先從乙信函的「古巴飛彈基地」辨認古巴飛彈危機。"",""危機中蘇聯在古巴部署飛彈，美國要求拆除；因此提出要求的一方乙是美國。"",""甲以美國在蘇聯周邊部署武器作為反駁，甲為蘇聯，答案 D。""]","從事件、部署地點與外交要求辨認冷戰兩方；不要只憑「提供武器」等一般描述判國家。","[]","[]","","false","false","https://cap.rcpet.edu.tw/exam/113/113exam.html","https://drive.google.com/file/d/1NJYibw-N2mHZP5lL8-rOhirWv_ZFQNiz/view","","","","","","","","",""
"OFF-0790","社會","官方歷屆真題","113","20","會考總複習","歷屆會考","113年社會第20題","進階","歷屆真題","圖(十一)是兩張與天體運行 有關的示意圖，下列何者及 其說明最能夠代表中世紀 (中古)歐洲天文學的主流觀 點？","圖左，因為太陽繞行地球","圖左，因為水星繞行太陽","圖右，因為月球繞行地球","圖右，因為木星繞行太陽","0","圖左，因為太陽繞行地球","","中世紀歐洲天文學主流採地心說，認為地球位於中心，太陽與行星繞地球運行。圖左呈現太陽繞地球的模型，因此選 A。","[""先辨認兩圖的中心天體：左圖以地球為中心，右圖以太陽為中心。"",""中古歐洲長期以托勒密地心體系作為主流宇宙觀。"",""符合地心說的是左圖且太陽繞地球，答案 A。""]","題目問的是中世紀主流觀點，不是現代科學模型；要依時代背景判斷地心說。","[]","[""./assets/official-exams/113-social-q20-cosmology.svg""]","./assets/official-exams/113-social-q20-cosmology.svg","true","false","https://cap.rcpet.edu.tw/exam/113/113exam.html","https://drive.google.com/file/d/1NJYibw-N2mHZP5lL8-rOhirWv_ZFQNiz/view","","","","","","","","",""
"OFF-0791","社會","官方歷屆真題","113","21","會考總複習","歷屆會考","113年社會第21題","進階","歷屆真題","「十四世紀時，由於此物產的生產與銷售，帶動一股商業活動：中國結合自 身及波斯生產的原料，製作成具有特色的商品後，由中國銷往印度、埃及、 波斯等地。十六世紀起，此物產又由西班牙船隻載運，從馬尼拉運往墨西哥 城與利馬；在此同時，歐洲王公貴族對此物產風靡不已，紛紛下單訂作。」 此物產最可能是下列何者？；註：利馬：位於今秘魯境內。","番薯","瓷器","鴉片","白銀","1","瓷器","","題幹描述中國與波斯原料製作特色商品，經絲路等路線銷往印度、埃及、波斯；十六世紀後又由西班牙船隻經馬尼拉運至美洲，且風靡歐洲王公貴族，符合瓷器的生產與全球貿易史，答案 B。","[""十四世紀中國結合外來原料製作並向西方市場輸出，指向長距離貿易商品。"",""十六世紀西班牙經馬尼拉轉運至墨西哥與利馬，呈現跨太平洋貿易網絡。"",""當時中國瓷器大量外銷並受歐洲王室訂購，符合上述線索，選 B。""]","把商品特徵、產地與轉運路線放在同一時空脈絡判斷；白銀是貿易媒介，不是題幹描述的中國製品。","[]","[]","","false","false","https://cap.rcpet.edu.tw/exam/113/113exam.html","https://drive.google.com/file/d/1NJYibw-N2mHZP5lL8-rOhirWv_ZFQNiz/view","","","","","","","","",""
"OFF-0792","社會","官方歷屆真題","113","22","會考總複習","歷屆會考","113年社會第22題","進階","歷屆真題","表（二）呈現五個國家在 2010 年某宗教信徒占該國總人口的比例。根據內容判斷，此宗教的發源地最可能位於圖（十二）中何處？

國家｜信徒占全國總人口比例
柬埔寨｜96.9%
泰國｜93.2%
緬甸｜80.1%
不丹｜74.7%
斯里蘭卡｜69.3%","甲","乙","丙","丁","2","丙","","表中柬埔寨、泰國、緬甸、不丹及斯里蘭卡多數人口信奉的宗教為佛教；佛教發源於古印度，對照圖中位於印度次大陸的丙，答案 C。","[""先由表中高比例信徒國家辨認宗教：這些南亞與東南亞國家以佛教為主要宗教。"",""佛教起源於古印度，地圖需找印度次大陸的位置。"",""圖中印度所在的標示點是丙，因此答案 C。""]","先由多國共同的宗教比例辨認宗教，再定位發源地；不要把宗教今日信徒最多的區域當成起源地。","[]","[""./assets/official-exams/113-social-q22-buddhism-origin.svg""]","./assets/official-exams/113-social-q22-buddhism-origin.svg","true","false","https://cap.rcpet.edu.tw/exam/113/113exam.html","https://drive.google.com/file/d/1NJYibw-N2mHZP5lL8-rOhirWv_ZFQNiz/view","","","","","","","","",""
"OFF-0793","社會","官方歷屆真題","113","23","會考總複習","歷屆會考","113年社會第23題","進階","歷屆真題","表（三）是 2022 年 8 月時，我國前四大外籍移工來源國的部分資料。根據表中資料，我們可觀察到關於外籍移工的何種現象？

國籍｜產業移工（營建、製造、漁業）｜社福移工（看護、家庭幫傭）｜總人數比例
越南｜45.4%｜12.7%｜35.4%
菲律賓｜25.3%｜12.2%｜21.3%
印尼｜16.1%｜74.9%｜34.1%
泰國｜13.2%｜0.2%｜9.2%

性別｜產業移工｜社福移工｜總人數比例
男｜71.4%｜0.8%｜49.8%
女｜28.6%｜99.2%｜50.2%","外籍移工的勞動權益因國籍而受到差別待遇","外籍移工從事的工作類別存在明顯性別差異","我國第二級產業主要外籍移工來源國為印尼","我國第三級產業主要外籍移工來源國為越南","1","外籍移工從事的工作類別存在明顯性別差異","","表中產業移工男性占 71.4%，女性占 28.6%；社福移工則女性占 99.2%、男性僅 0.8%。兩類工作性別比例差異明顯，能直接由資料支持的觀察是工作類別存在性別分工，答案 B。","[""比較產業移工欄：男性比例 71.4%，高於女性 28.6%。"",""比較社福移工欄：女性比例 99.2%，遠高於男性 0.8%。"",""兩種工作類別呈現相反且明顯的性別比例，答案 B；表格無法單獨證明差別待遇。""]","統計資料可以支持比例差異，但不能僅憑差異就推論歧視或勞動權益差別待遇。","[]","[]","","false","false","https://cap.rcpet.edu.tw/exam/113/113exam.html","https://drive.google.com/file/d/1NJYibw-N2mHZP5lL8-rOhirWv_ZFQNiz/view","","","","","","","","",""
"OFF-0794","社會","官方歷屆真題","113","24","會考總複習","歷屆會考","113年社會第24題","進階","歷屆真題","小華整理客廳時發現一疊過去使用的高速公路回數票。他拍照上傳到社群網路詢問它的功能，以下是網友的回覆：甲：「我們稱它為高速公路回數票，以前沒有電子收費系統，經過收費站時將它拿給收費員當通行費。在收費站前減速繳交回數票常會造成塞車，現在用電子收費就沒這個問題了。」乙：「以前忘了帶錢時，把回數票當現金，少數店家也能接受，我還曾經用它來買便當。」關於上述高速公路回數票的說明及收費方式的變革，下列敘述何者最適當？","科技發展使得交通運輸更順暢","高速公路回數票可在銀行換外幣","高速公路回數票具延遲支付功能","科技發展讓交通工具的選擇更多元","0","科技發展使得交通運輸更順暢","","回數票須在收費站停車或減速交給收費員，容易造成車流回堵；電子收費可免停車繳票、縮短通行時間，因此科技改變使交通運輸更順暢，答案 A。","[""先比較舊制與新制：舊制需減速、交票，收費站前容易塞車。"",""電子收費自動辨識並扣款，車輛可較順暢通過。"",""改善的是交通運輸效率，不涉及外幣、延遲支付或交通工具種類，答案 A。""]","判讀科技影響時，分清楚改善交通運作效率與增加交通工具種類。","[]","[]","","false","false","https://cap.rcpet.edu.tw/exam/113/113exam.html","https://drive.google.com/file/d/1NJYibw-N2mHZP5lL8-rOhirWv_ZFQNiz/view","","","","","","","","",""
"OFF-0795","社會","官方歷屆真題","113","25","會考總複習","歷屆會考","113年社會第25題","進階","歷屆真題","小惠在旅行的過程，曾借宿表（四）中四位親戚家，其中一位旁系血親參選當地的市民代表，因此在借宿的那天晚上，他也參與了掃街拜票。參選者最可能是表中何者？

行程｜借宿地點｜親戚稱謂
第一天｜新北市｜姨丈
第二天｜花蓮縣｜舅舅
第三天｜臺南市｜姑姑
第四天｜彰化縣｜伯母","姨丈","舅舅","姑姑","伯母","1","舅舅","","稱謂線索中，舅舅與姑姑都屬旁系血親，姨丈與伯母則是姻親；還要結合地點判讀。「市民代表」是縣轄市／鄉鎮市民選代表職務，花蓮縣有花蓮市代表選舉，而新北、臺南是直轄市並無此職稱，因此參選者是住在花蓮的舅舅，答案 B。","[""先辨認親屬關係：舅舅、姑姑為旁系血親；姨丈、伯母為姻親，故候選人只能是舅舅或姑姑。"",""再看職務與地點：「市民代表」對應縣轄市的代表選舉，不是直轄市的市議員。"",""表中符合花蓮市民代表選舉地點的是第二天花蓮縣的舅舅，答案 B。""]","本題須同時用親屬分類與地方自治層級排除選項；只判斷血親會留下舅舅、姑姑兩個答案。","[]","[]","","false","false","https://cap.rcpet.edu.tw/exam/113/113exam.html","https://drive.google.com/file/d/1NJYibw-N2mHZP5lL8-rOhirWv_ZFQNiz/view","","","","","","","","",""
"OFF-0796","社會","官方歷屆真題","113","26","會考總複習","歷屆會考","113年社會第26題","進階","歷屆真題","圖(十四)為石門水庫集水區範圍圖，若要針對此 水庫的相關問題作整治並進行評估，則下列何者 最為合理？","加強玉山山脈的水土保持可增加水庫使用年限","福山站附近的崩塌是造成水庫濁度增加的原因","復興區的土地利用方式將對水庫水質造成影響","疏濬石門(3)站旁河道的淤沙可維持水庫蓄水量","2","復興區的土地利用方式將對水庫水質造成影響","","石門水庫集水區包含桃園復興區上游土地。上游土地利用會影響地表沖蝕、泥砂與污染物進入河川，進而影響水庫水質，因此評估復興區土地利用最合理，答案 C。","[""先依集水區圖確認復興區位於石門水庫上游集水範圍內。"",""集水區上游的土地開發、農業或聚落活動，可能改變逕流、泥砂與污染物輸入。"",""因此復興區土地利用會影響水庫水質，選 C。""]","集水區整治需沿水流方向看上游活動如何影響下游水庫；不要把距離遠近當作唯一判準。","[]","[""./assets/official-exams/113-social-q26-shimen-catchment.svg""]","./assets/official-exams/113-social-q26-shimen-catchment.svg","true","false","https://cap.rcpet.edu.tw/exam/113/113exam.html","https://drive.google.com/file/d/1NJYibw-N2mHZP5lL8-rOhirWv_ZFQNiz/view","","","","","","","","",""
"OFF-0797","社會","官方歷屆真題","113","27","會考總複習","歷屆會考","113年社會第27題","進階","歷屆真題","臺灣製鞋業在國內及海外約有3,000多家工廠，為 了拓展製鞋版圖，國內幾家製鞋大廠持續計畫在其 他國家籌設新廠。根據製鞋業的產業特色判斷，最 可能前往具備下列何種條件的國家設置新廠？","人口眾多且所得較低","原料豐富且地廣人稀","動力充足且市場廣大","資金豐沛且技術密集","0","人口眾多且所得較低","","製鞋業需大量勞力，生產線工作可在工資較低地區降低成本。企業赴海外設廠最可能考量勞動人口充足且所得較低的國家，答案 A。","[""從產業特性判斷：製鞋屬勞力需求較高的製造業。"",""海外設廠可利用人口多且工資較低的地區降低勞動成本。"",""故最可能選擇人口眾多且所得較低的國家，答案 A。""]","勞力密集產業的區位常考工資與勞動力供給；資金、技術密集較適合其他產業。","[]","[]","","false","false","https://cap.rcpet.edu.tw/exam/113/113exam.html","https://drive.google.com/file/d/1NJYibw-N2mHZP5lL8-rOhirWv_ZFQNiz/view","","","","","","","","",""
"OFF-0798","社會","官方歷屆真題","113","28","會考總複習","歷屆會考","113年社會第28題","進階","歷屆真題","圖(十五)呈現雲林縣某一環境災害在前、後兩個時期分布的變化，可以觀察出 此災害最嚴重的地區在後期有向某地區轉移的現象，下列何項措施較有助於緩 解此災害在後期最嚴重的地區持續惡化？ 圖(十五)","提高自來水水費以減少用水","鼓勵在高鐵沿線改種省水作物","補助受影響居民墊高房舍與路基","限制臺鐵通過此路段的運量與班次","1","鼓勵在高鐵沿線改種省水作物","","雲林沿海的主要環境災害為地層下陷，與長期大量抽取地下水有關；圖中嚴重區域往高鐵沿線移動，應降低當地農業用水需求，改種需水較少的作物，答案 B。","[""從雲林地圖與災害等值線辨認問題是地層下陷，且後期嚴重區朝高鐵沿線移動。"",""地層下陷的重要原因是抽取地下水過量；減少灌溉需水能降低抽水壓力。"",""在高鐵沿線推廣省水作物最直接改善成因，答案 B。""]","治理地層下陷應處理地下水超抽的根因；墊高房舍是災後調適，不能阻止下陷持續。","[]","[""./assets/official-exams/113-social-q28-land-subsidence.svg""]","./assets/official-exams/113-social-q28-land-subsidence.svg","true","false","https://cap.rcpet.edu.tw/exam/113/113exam.html","https://drive.google.com/file/d/1NJYibw-N2mHZP5lL8-rOhirWv_ZFQNiz/view","","","","","","","","",""
"OFF-0799","社會","官方歷屆真題","113","29","會考總複習","歷屆會考","113年社會第29題","進階","歷屆真題","荔枝為臺灣受歡迎的水果之一，目前主要種植在中南 部。政府為了推廣臺灣荔枝，與澳洲合作，推動南半 球生產計畫，在澳洲尋找與臺灣荔枝種植的氣候條件 相似的地點，並於完成隔離檢疫後開始試種。根據上 文，圖(十六)中何處最有可能為試種的地點？","甲","乙","丙","丁","0","甲","","臺灣南部降水呈夏雨冬乾，圖中甲附近屬夏雨型暖溫帶氣候，季節與降雨型態最接近，適合尋找相似的荔枝試種環境，答案 A。","[""臺灣中南部荔枝產區的降水型態為夏雨冬乾，先用此條件比對澳洲各點。"",""圖中甲最接近夏雨型暖溫帶氣候，降水季節分配較符合臺灣南部；乙為溫帶海洋性、丙為熱帶乾燥、丁為溫帶地中海型，皆較不相似。"",""因此最可能的試種地點是甲，答案 A。""]","跨半球比較氣候時要先反轉季節，再看緯度與降水；不能只憑南北位置相近猜測。","[]","[""./assets/official-exams/113-social-q29-australia-sites.svg""]","./assets/official-exams/113-social-q29-australia-sites.svg","true","false","https://cap.rcpet.edu.tw/exam/113/113exam.html","https://drive.google.com/file/d/1NJYibw-N2mHZP5lL8-rOhirWv_ZFQNiz/view","","","","","","","","",""
"OFF-0800","社會","官方歷屆真題","113","30","會考總複習","歷屆會考","113年社會第30題","進階","歷屆真題","清末某位知識分子提出下述主張：「本世紀女權的問題，關鍵在於政治參與。 我認為女子能成為議員，也期望中國在海陸軍、財政部門、外交部門有女性任 職，更希望女子能被選舉為總統。我們必須以塑造尊重男女平權的新國民為起 點，並追求組織新政權為終極目標。」此人認為應採取下列何種作 法，最可能創造理想中的女性政治參與環境？","接受西域的胡人文化","維護傳統的皇帝制度","推翻清朝政府建立共和","效法日本推動君主立憲","2","推翻清朝政府建立共和","","引文要求女性參與議會、軍政部門並可選為總統，核心是建立男女平權的政治制度。清末要建立共和、擴大人民參政，須推翻清朝專制政權；保留皇帝制度或採君主立憲都不符合文中追求的新政權，答案 C。","[""從引文抓出訴求：女性參政、男女平權，並建立新的政治制度。"",""清末皇帝制度限制政治參與；共和體制以國民與選舉取代世襲君主。"",""推翻清朝、建立共和最符合文中目標，答案 C。""]","以政治主張與時代脈絡判斷制度選項；共和與君主立憲都不同於維持傳統皇帝制度。","[]","[]","","false","false","https://cap.rcpet.edu.tw/exam/113/113exam.html","https://drive.google.com/file/d/1NJYibw-N2mHZP5lL8-rOhirWv_ZFQNiz/view","","","","","","","","",""
"OFF-0801","社會","官方歷屆真題","113","31","會考總複習","歷屆會考","113年社會第31題","進階","歷屆真題","圖(十七)是一張十八世紀末的漫畫及其說明， 作者所要傳遞的訊息，最可能是下列何者？（無套褲漢：指中下階級平民。）","對北美十三州宣布獨立表示反對","對德意志帝國擴建海軍備感威脅","對義大利統一建國運動提出異議","對法國大革命向外蔓延感到不安","3","對法國大革命向外蔓延感到不安","","漫畫年代為十八世紀末，圖說又提到無套褲漢以武力把自由、民主帶到歐洲各國，並打擊教皇權威，指向法國大革命與革命理念向外擴散。作者對此感到不安，答案 D。","[""用「十八世紀末」先排除 19 世紀德意志統一與海軍擴張。"",""無套褲漢代表法國中下階級平民；自由、民主及打擊教皇是法國革命的線索。"",""漫畫描繪革命武力向歐洲各國傳播，作者態度是不安，選 D。""]","結合漫畫人物、標註與年代判讀；不要只憑「歐洲戰爭」泛泛聯想到其他革命。","[]","[""./assets/official-exams/113-social-q31-revolution-cartoon.svg""]","./assets/official-exams/113-social-q31-revolution-cartoon.svg","true","false","https://cap.rcpet.edu.tw/exam/113/113exam.html","https://drive.google.com/file/d/1NJYibw-N2mHZP5lL8-rOhirWv_ZFQNiz/view","","","","","","","","",""
"OFF-0802","社會","官方歷屆真題","113","32","會考總複習","歷屆會考","113年社會第32題","進階","歷屆真題","「東漢末年戰亂頻仍，知識分子四散遷徙，人才難覓。曹丕在正式建立曹魏政 權前，為了改善人才選用方式，於延康元年(220年)實施此方法，在各郡設置中 正官，……。」上文中未完的內容，最適合放入下列何者？","挑選各地賢能者，根據才學德行與資歷表現分為九等","與耶穌會傳教士進行交流，引進西方科學知識與技術","長期戰亂導致地方制度轉變，郡縣制度取代封建制度","主辦地方層級的科舉考試，使平民任官機會逐漸增加","0","挑選各地賢能者，根據才學德行與資歷表現分為九等","","曹丕於 220 年在各郡設中正官，採九品中正制，由地方中正官考察人才的才學、德行與資歷，分為九等供任用參考；這正是選項 A，其他選項的科舉、郡縣制或耶穌會都不符時代。","[""題幹給出曹丕、220 年與各郡設中正官，是九品中正制的關鍵線索。"",""中正官負責品評地方人才，依家世與德行才能等表現評定九品。"",""所以應接續「根據才學德行與資歷表現分為九等」，答案 A。""]","九品中正制在魏晉時期；不要與隋唐以後的科舉制度混淆。","[]","[]","","false","false","https://cap.rcpet.edu.tw/exam/113/113exam.html","https://drive.google.com/file/d/1NJYibw-N2mHZP5lL8-rOhirWv_ZFQNiz/view","","","","","","","","",""
"OFF-0803","社會","官方歷屆真題","113","33","會考總複習","歷屆會考","113年社會第33題","進階","歷屆真題","目前的跨洋資訊傳輸多透過海底電纜，表（五）為四條海底電纜東、西端點的位置資訊。「太平洋光纖電纜網路」是一條橫跨太平洋的海底電纜，興建後可提供兩端點間龐大的網路流量需求，其中一端還能進一步連接東南亞市場。此條電纜最可能是表中何者？

電纜｜西側端點｜東側端點
甲｜33.73°S，18.44°E｜5.42°N，100.33°E
乙｜40.76°N，72.94°W｜50.83°N，4.55°W
丙｜38.73°N，9.15°W｜31.26°N，32.31°E
丁｜24.86°N，121.83°E｜33.91°N，118.42°W","甲","乙","丙","丁","3","丁","","太平洋光纖電纜要連接亞洲與北美，且亞洲端須能接續東南亞。丁的座標為臺灣東北外海（約 24.86°N、121.83°E）至美國加州（約 33.91°N、118.42°W），臺灣端可連接東南亞，符合條件，答案 D。","[""逐組看經緯度：太平洋兩端應是一端在亞洲東緣、一端在北美西岸。"",""丁的兩端分別接近臺灣與美國洛杉磯；其他組合落在非太平洋區域或大西洋兩側。"",""臺灣端也較能延伸連接東南亞，因此選丁，答案 D。""]","東經與西經跨越太平洋時，先辨認端點所在大陸，再檢查是否符合題目的區域連線需求。","[]","[]","","false","false","https://cap.rcpet.edu.tw/exam/113/113exam.html","https://drive.google.com/file/d/1NJYibw-N2mHZP5lL8-rOhirWv_ZFQNiz/view","","","","","","","","",""
"OFF-0804","社會","官方歷屆真題","113","34","會考總複習","歷屆會考","113年社會第34題","進階","歷屆真題","小安的網路貼文寫道：「前年投票後的星期三，我想認養貓，因未滿20歲，請爸爸陪我到動物之家辦理。這次投票後的星期三，認養規定沒有改變，我已能自行辦理，打算再認養一隻。」動物之家規定：「年滿20歲且無禁養紀錄者可親自申請；未滿20歲者須由法定代理人或監護人申請，並由本人陪同辦理。」本題以113年（2024年）為貼文當年。根據貼文與規定，小安先後參與的兩次投票最可能為何？","地方選舉、中央選舉","地方選舉、公民投票","中央選舉、公民投票","公民投票、中央選舉","3","公民投票、中央選舉","","貼文以 113 年（2024 年）為當年，「前年」指 2022 年。當時小安未滿 20 歲但已達 18 歲，因此能參加公民投票，不能參加投票年齡為 20 歲的地方或中央選舉；到 2024 年她已滿 20 歲，可參加中央選舉。先公民投票、後中央選舉，答案 D。","[""先讀時間線：「前年」相對於 113 年（2024 年）是 2022 年；第二次投票發生在 2024 年。"",""第一次認養須父親陪同，表示她未滿 20 歲；但既然能投票，年齡至少已滿 18 歲。2022 年她可投公民投票，未達地方及中央選舉的 20 歲門檻。"",""第二次已年滿 20 歲，可參加中央選舉，因此先公民投票、後中央選舉，答案 D。""]","區分公民投票與中央選舉的投票年齡；不要把兩者門檻當成相同。","[]","[]","","false","false","https://cap.rcpet.edu.tw/exam/113/113exam.html","https://drive.google.com/file/d/1NJYibw-N2mHZP5lL8-rOhirWv_ZFQNiz/view","","","","","","","","",""
"OFF-0805","社會","官方歷屆真題","113","35","會考總複習","歷屆會考","113年社會第35題","進階","歷屆真題","近年甲國新聞中常見關於殺人 案件的報導，許多人因而認為 治安不斷惡化，要求主管機關 首長下臺負責。曉晴想探究該 國社會治安情況，在網路上搜 尋到的資料如圖(二十)，圖中 顯示甲國近年殺人案件數，以 及用「殺人」為關鍵詞搜尋國 內網路新聞的搜尋結果數。根 圖(二十) 據上述內容判斷，下列何者最 可能是他探究的結論？（變動性＝不穩定性。）","社會治安不斷惡化顯示媒體未善盡監督政府責任","媒體與社群網路的報導內容會影響公共意見方向","公共意見雖經過反覆討論但形成後仍具有變動性","閱聽大眾喜好常會影響新聞媒體產業的企業收入","1","媒體與社群網路的報導內容會影響公共意見方向","","圖中實際殺人案件數逐年下降，但以「殺人」搜尋到的新聞報導數在後期上升。兩者走勢不一致，顯示媒體與社群傳播的報導量可能影響民眾對治安的感受與公共意見，答案 B。","[""先分辨圖中兩組資料：實際案件數與網路新聞搜尋結果數。"",""案件數下降不等於新聞曝光同步下降；圖表呈現案件下降、搜尋結果上升。"",""報導內容與曝光頻率可能改變民眾對議題的注意和判斷，答案 B。""]","不要把新聞搜尋量當成犯罪發生率；媒體能影響公共議題的能見度與意見方向。","[]","[""./assets/official-exams/113-social-q35-crime-and-news-chart.svg""]","./assets/official-exams/113-social-q35-crime-and-news-chart.svg","true","false","https://cap.rcpet.edu.tw/exam/113/113exam.html","https://drive.google.com/file/d/1NJYibw-N2mHZP5lL8-rOhirWv_ZFQNiz/view","","","","","","","","",""
"OFF-0806","社會","官方歷屆真題","113","36","會考總複習","歷屆會考","113年社會第36題","進階","歷屆真題","我國少子化與高齡化的情況日益嚴重，未來恐面臨勞動力不足的危機。政府 除了促進人口成長以減緩影響程度外，根據人力運用調查資料顯示，2018年 時約有150萬的壯年人口，因須承擔無酬勞動而未就業，有學者建議可設法提 高這些人參與市場勞動的意願。根據上述內容判斷，下列何者最可能是該學 者的建議之一？","延後高齡勞工的退休年齡","廣設優質平價的托育機構","增加中小企業的就業機會","健全國際志工的培訓制度","1","廣設優質平價的托育機構","","題幹指出一部分壯年人口因無酬勞動而無法就業；若其中包含照顧幼兒的家庭成員，提供優質、平價托育可減輕照顧負擔，釋出其投入市場工作的時間，答案 B。","[""找出未就業原因：壯年人口須承擔無酬勞動，而非缺少國際志工訓練。"",""托育機構能分擔幼兒照顧，使照顧者有時間參與有酬工作。"",""廣設優質平價托育最直接對應此問題，答案 B。""]","政策工具要對準阻礙就業的照顧責任；托育支持與延後高齡者退休處理的是不同族群問題。","[]","[]","","false","false","https://cap.rcpet.edu.tw/exam/113/113exam.html","https://drive.google.com/file/d/1NJYibw-N2mHZP5lL8-rOhirWv_ZFQNiz/view","","","","","","","","",""
"OFF-0807","社會","官方歷屆真題","113","37","會考總複習","歷屆會考","113年社會第37題","進階","歷屆真題","中國實施「一帶一路」政策 規 畫 了 許 多 經 濟 走 廊， 圖 (二十一)為部分經濟走廊示意 圖。其中有一條的規畫目的， 除可降低從波斯灣運石油至中 國須經印尼、馬來西亞間海峽 及南海的風險外，也兼具促進 中國西部地區與西亞、南亞國 家的能源和貿易往來，此經濟 走廊最可能為圖中何者？ 圖(二十一)","甲","乙","丙","丁","2","丙","","題幹要避開波斯灣石油運輸必經的麻六甲海峽與南海，並連結中國西部及西亞、南亞；圖中丙所示的中巴經濟走廊由中國西部通往巴基斯坦瓜達爾港，可縮短能源與貿易路線，答案 C。","[""先找出要避開的海上路線：麻六甲海峽與南海。"",""中國—巴基斯坦經濟走廊連接中國新疆與巴基斯坦瓜達爾港，能由陸路銜接波斯灣方向。"",""圖中通往巴基斯坦的走廊標為丙，答案 C。""]","讀一帶一路路線圖時，先看起訖區域及港口，再比對其如何避開既有海上咽喉。","[]","[""./assets/official-exams/113-social-q37-economic-corridors.svg""]","./assets/official-exams/113-social-q37-economic-corridors.svg","true","false","https://cap.rcpet.edu.tw/exam/113/113exam.html","https://drive.google.com/file/d/1NJYibw-N2mHZP5lL8-rOhirWv_ZFQNiz/view","","","","","","","","",""
"OFF-0808","社會","官方歷屆真題","113","38","會考總複習","歷屆會考","113年社會第38題","進階","歷屆真題","「自來水管在租界內埋設，沿街每十數步設置四尺高的吸水鐵桶，鐵桶下面 與水管連接，使用時將鐵桶上的機關轉開，水就會激射而下。自來水管理單 位有兩處，法國租界的管理處設在萬安里，英國租界的管理處就設在儲水的 水塔旁邊。管線外需要用水的居民也可以請水夫外送，不論遠近，每擔水都 收十文錢。」上述最可能是描寫下列何者的情形？","十八世紀初的北京","十八世紀末的廣州；註：四尺：約 120 公分。","十九世紀初的廈門","十九世紀末的上海","3","十九世紀末的上海","","史料提到上海法、英租界內的自來水管理處、外國租界與水塔，符合近代上海租界公共建設；十九世紀末上海已有此類自來水設施，答案 D。","[""法國租界、英國租界是辨認城市與租界制度的重要線索。"",""描述的自來水管理與供水設施屬近代城市建設，且租界發展與外國勢力相關。"",""時間與地點相符的是十九世紀末上海，答案 D。""]","同時使用租界國別、公共設施與年代定位史料；北京、廣州、廈門的線索不符。","[]","[]","","false","false","https://cap.rcpet.edu.tw/exam/113/113exam.html","https://drive.google.com/file/d/1NJYibw-N2mHZP5lL8-rOhirWv_ZFQNiz/view","","","","","","","","",""
"OFF-0809","社會","官方歷屆真題","113","39","會考總複習","歷屆會考","113年社會第39題","進階","歷屆真題","藍蟹原產於美洲，因國際貿易蓬勃發展，透過船舶的壓艙水被帶往地中海， 由於該地氣候適宜生長又缺乏天敵，藍蟹數量大幅增加，而使原生物種的生 存空間受到擠壓。在法國 地中海沿岸，藍蟹已成為常被捕捉到的漁獲，但這 項食材在該國的食用者很少，使漁民生計受到衝擊；反觀北非 突尼西亞，在 原本漁獲減少的情況下，漁民轉而捕捉藍蟹販售，結果獲得不錯的收入。上 述關於二國漁民處境的內容，其所探討的主題最可能為下列何者？（壓艙水：為維持船舶穩定而汲取至船艙的海水或河水。）","漁民如何在市場競爭中受惠","漁民如何應對外來文化的衝擊","全球化現象如何影響漁民的生活","資訊科技發展如何便利漁民的生活","2","全球化現象如何影響漁民的生活","","藍蟹經船舶壓艙水跨洲傳播，成為地中海外來種；法國因本地消費需求低而使漁民受損，突尼西亞漁民則將它銷售獲利。題目比較全球貿易與生物移動如何造成不同地區的生計變化，答案 C。","[""藍蟹由美洲經國際航運傳入地中海，顯示全球交通與貿易促成物種移動。"",""法國市場不接受此漁獲而受衝擊，突尼西亞則轉為可銷售資源。"",""兩地漁民生活受到全球化與跨區域連結的不同影響，答案 C。""]","本題核心不是單純市場競爭，而是全球運輸促成外來種擴散並改變地方生計。","[]","[]","","false","false","https://cap.rcpet.edu.tw/exam/113/113exam.html","https://drive.google.com/file/d/1NJYibw-N2mHZP5lL8-rOhirWv_ZFQNiz/view","","","","","","","","",""
"OFF-0810","社會","官方歷屆真題","113","40","會考總複習","歷屆會考","113年社會第40題","進階","歷屆真題","我國某地方法院在一段時間內的刑事案件判決件數， 以及其中屬於非告訴乃論刑事案件判決的件數，如圖 (二十二)。當地調解委員會在同一段時間內，也順利調解 了許多刑事案件。若上述調解成立的案件，當初都沒能 調解成功，且這些案件皆改由該地方法院作出判決，則 圖(二十二) 關於圖中甲、乙線段的位置，下列何種變化最可能發生？","甲線段上移，乙線段上移","甲線段上移，乙線段不變","甲線段下移，乙線段上移","甲線段下移，乙線段不變","1","甲線段上移，乙線段不變","","調解成立的刑事案件若改由法院判決，法院受理的刑事案件總數會增加，所以代表總案件數的甲線上移；非告訴乃論案件不以當事人是否調解成立決定是否追訴，因此乙線維持不變，答案 B。","[""題設把原本已調解成立的案件改成未調解成功並移送法院，判決總件數會增加。"",""甲代表全部刑事案件件數，因此甲線上移。"",""新增案件來自可透過調解處理的告訴乃論案件，非告訴乃論件數不變，乙線不動，答案 B。""]","讀圖先辨認甲、乙各代表的案件母群；新增告訴乃論案件會增加總數，但不改變非告訴乃論數。","[]","[""./assets/official-exams/113-social-q40-case-chart.svg""]","./assets/official-exams/113-social-q40-case-chart.svg","true","false","https://cap.rcpet.edu.tw/exam/113/113exam.html","https://drive.google.com/file/d/1NJYibw-N2mHZP5lL8-rOhirWv_ZFQNiz/view","","","","","","","","",""
"OFF-0811","社會","官方歷屆真題","113","41","會考總複習","歷屆會考","113年社會第41題","進階","歷屆真題","英國的英格蘭足球超級聯賽，在最接近11 月11日的比賽日，會舉辦紀念活 動：比賽前由軍人、球員與觀眾一起進行默哀儀式，各隊球衣上印有紅花圖 案，其餘參與者也在衣服上別著紅花。這是因為英國及其殖民地為紀念第一 次世界大戰犧牲將士，將11月11日訂為紀念日，許多殖民地在獨立後，仍保 留此節日。下列何者最可能保有同樣的紀念活動？","澳洲職業足球聯賽","巴西足球甲級聯賽","荷蘭足球甲級聯賽","韓國職業足球聯賽","0","澳洲職業足球聯賽","","英國與其殖民地以 11 月 11 日紀念第一次世界大戰停戰與陣亡將士；澳洲曾是英國殖民地，獨立後仍保留相關紀念傳統，因此澳洲職業足球聯賽最可能舉行相同活動，答案 A。","[""先辨認紀念對象與日期：11 月 11 日紀念第一次世界大戰將士。"",""題幹說部分英國殖民地獨立後仍保留儀式，需找有英國殖民歷史且延續傳統的國家。"",""澳洲是英國殖民地，符合此歷史脈絡，答案 A。""]","由節日來源與殖民歷史判斷文化傳承；不要因為荷蘭也參與一戰就忽略「英國殖民地」條件。","[]","[]","","false","false","https://cap.rcpet.edu.tw/exam/113/113exam.html","https://drive.google.com/file/d/1NJYibw-N2mHZP5lL8-rOhirWv_ZFQNiz/view","","","","","","","","",""
"OFF-0812","社會","官方歷屆真題","113","42","會考總複習","歷屆會考","113年社會第42題","進階","歷屆真題","1970年11月恆河出海口附近出現一座長3.5公里、寬3公里，最高點僅2公尺的 沙洲島，因其位處印度與孟加拉領海交界處，引發兩國領土爭議，但在爭議 還未解決之前，這座島嶼就消失了。根據當地自然環境判斷，該島嶼形成的 原因最可能是下列何者？","位處板塊接觸帶，海底火山噴發","恆河集水區的水土保持持續改善","恆河河口附近的海平面持續上升","豪雨侵襲，河流帶來大量堆積物","3","豪雨侵襲，河流帶來大量堆積物","","恆河流域受季風豪雨影響，洪水會把大量泥沙帶到河口並堆積成沙洲；島體高度僅約 2 公尺，後續也容易受河道改變、潮汐與波浪侵蝕而消失，答案 D。","[""恆河集水區廣大，季風豪雨可引發洪水並搬運大量泥砂。"",""河流流速在河口降低，泥砂堆積形成低矮沙洲島。"",""低海拔河口沙洲易被水流和海浪重新侵蝕，與題述形成及消失相符，答案 D。""]","河口沙洲由堆積作用形成，但位置與形狀會隨洪水、河道和海浪作用改變。","[]","[]","","false","false","https://cap.rcpet.edu.tw/exam/113/113exam.html","https://drive.google.com/file/d/1NJYibw-N2mHZP5lL8-rOhirWv_ZFQNiz/view","","","","","","","","",""
"OFF-0813","社會","官方歷屆真題","113","43","會考總複習","歷屆會考","113年社會第43題","進階","歷屆真題","表（六）為臺灣某時期四個主要港口，每十年的輸出額總和。根據表中資料，下列何者的推論最恰當？（單位：十萬元）

港口｜1896–1905年（外國／日本）｜1906–1915年（外國／日本）｜1916–1925年（外國／日本）｜1926–1935年（外國／日本）
基隆港｜90／312｜506／1,215｜2,112／5,578｜2,321／9,260
淡水港｜708／5｜563／7｜467／0.5｜157／0.2
安平港｜144／135｜49／259｜25／67｜16／65
打狗港｜25／176｜45／2,375｜831／8,912｜479／13,440","打狗港的輸出額變化，可能受到殖民母國對糖業的資本挹注影響","由於基隆離日本較近，其港口對殖民母國的輸出額占比較南部多","表中各港口占臺灣對外輸出額比重，與十八世紀後期的情況相仿","表中各港口輸出額的變動，應與當時的統治者推動十大建設有關","0","打狗港的輸出額變化，可能受到殖民母國對糖業的資本挹注影響","","表中打狗港（今高雄港）對日本輸出額由 1896–1905 年的 176 十萬元，增加至 1926–1935 年的 13,440 十萬元，成長特別明顯。日治時期日本資本投入臺灣糖業，南部糖品經打狗港輸出可解釋此變化，答案 A。","[""先比較打狗港對日本的數值：176、2,375、8,912、13,440，長期大幅上升。"",""打狗港位於臺灣南部，日治時期南部糖業擴張，且糖業獲殖民政府與日本資本投入。"",""糖品外銷增加可解釋打狗港對日本出口成長，答案 A。""]","表格可指出港口與貿易方向的趨勢；再配合日治時期南部糖業發展解釋原因，不能用 1970 年代十大建設解讀。","[]","[]","","false","false","https://cap.rcpet.edu.tw/exam/113/113exam.html","https://drive.google.com/file/d/1NJYibw-N2mHZP5lL8-rOhirWv_ZFQNiz/view","","","","","","","","",""
"OFF-0814","社會","官方歷屆真題","113","44","會考總複習","歷屆會考","113年社會第44題","進階","歷屆真題","【閱讀材料】
非洲部分地區，有宗教團體灌輸民眾邪靈可能附身於孩童的觀念；被附身的孩子通常被稱為「巫童」，被認為會為家庭帶來災難、貧困和疾病，當地民眾對此深信不疑。巫童由當地宗教人士認定，一旦被判定為巫童，不論年紀多小，都可能遭遺棄、流落街頭；或由宗教人士向父母收取相當於當地一般家庭一年收入的高額費用，為孩子舉行驅魔儀式。過程中，父母可能被要求凌虐巫童，因為宗教人士認為巫童會造成病毒、疾病擴散。近年巫童問題受到國際關注，有些志願團體投入宣導及教育工作，希望藉由知識推廣改正迷信行為，進而保護孩童。

巫童悲劇的發生，主要反映出下列何種現象？","文化的差異形成文化位階","法律的強制力高於宗教信仰","民眾行為會受到社會規範影響","公共意見是經由反覆辯論而形成","2","民眾行為會受到社會規範影響","","選文描述社群依據宗教或巫術觀念把兒童判定為巫童，進而對其施加排斥、虐待或剝奪照顧；這反映群體信念與社會規範會影響個人行為，答案 C。","[""先找出悲劇如何發生：兒童被貼上巫童標籤，成人依群體信念採取排斥或傷害行為。"",""這些行為不是由反覆公共辯論形成，也不能證明法律必然勝過宗教信仰。"",""最直接反映的是民眾行為受到社會規範與共同信念影響，答案 C。""]","社會規範可能造成正面或負面影響；本題不要把「大家都這樣做」誤認為合理或合法。","[]","[]","","false","false","https://cap.rcpet.edu.tw/exam/113/113exam.html","https://drive.google.com/file/d/1NJYibw-N2mHZP5lL8-rOhirWv_ZFQNiz/view","","","","","","","","",""
"OFF-0815","社會","官方歷屆真題","113","45","會考總複習","歷屆會考","113年社會第45題","進階","歷屆真題","【閱讀材料】
非洲部分地區，有宗教團體灌輸民眾邪靈可能附身於孩童的觀念；被附身的孩子通常被稱為「巫童」，被認為會為家庭帶來災難、貧困和疾病，當地民眾對此深信不疑。巫童由當地宗教人士認定，一旦被判定為巫童，不論年紀多小，都可能遭遺棄、流落街頭；或由宗教人士向父母收取相當於當地一般家庭一年收入的高額費用，為孩子舉行驅魔儀式。過程中，父母可能被要求凌虐巫童，因為宗教人士認為巫童會造成病毒、疾病擴散。近年巫童問題受到國際關注，有些志願團體投入宣導及教育工作，希望藉由知識推廣改正迷信行為，進而保護孩童。

文中關於巫童所受待遇的描述，最能凸顯下列何者的重要性？","基本人權應受到普遍性的保障","公權力的行使應受到法律約束","自由信仰宗教的權利應受法律保障","政府的權力應相互制衡以避免濫權","0","基本人權應受到普遍性的保障","","選文中的兒童因被指為巫童而遭歧視、排斥及傷害，侵害其生命、身體與受照顧等基本權利。故事凸顯不論文化或信仰差異，兒童基本人權都應受到普遍保障，答案 A。","[""先辨認選文中受不當待遇的對象是兒童，傷害涉及安全、尊嚴及生存。"",""這些是基本人權議題，不能因地方習俗或宗教說法而被取消。"",""因此凸顯基本人權應普遍保障，答案 A。""]","文化差異可以理解，但不能作為剝奪兒童基本人權的理由。","[]","[]","","false","false","https://cap.rcpet.edu.tw/exam/113/113exam.html","https://drive.google.com/file/d/1NJYibw-N2mHZP5lL8-rOhirWv_ZFQNiz/view","","","","","","","","",""
"OFF-0816","社會","官方歷屆真題","113","46","會考總複習","歷屆會考","113年社會第46題","進階","歷屆真題","【閱讀材料】
過去《道路交通管理處罰條例》中的「電動自行車」僅以電力驅動，因與電動機車的使用差異不大，且不須懸掛車牌、不須駕照、駕駛者無年齡限制、價格較低廉，部分民眾喜愛以它作為代步工具，卻也衍生諸多問題。2022年4月，政府修正《道路交通管理處罰條例》，將「電動自行車」更名為「微型電動二輪車」，規定須領用並懸掛車牌、投保強制汽車責任保險，且年滿14歲才能駕駛；違規者將遭主管機關開罰。修正案於5月4日由總統公布。修法施行前已持有微型電動二輪車者，須在施行後二年內領用並懸掛車牌，逾期也會受罰。由於法規修正後仍有行政工作需要準備，政府宣布新規於2022年11月30日正式施行。

相較於電動機車，部分民眾喜愛使用電動自行車的原因，最可能為下列何者？","該產品的市場競爭程度日漸提升","選擇使用該項產品的機會成本較低","受匯率變化影響，產品販售價格調降","負向誘因增加，民眾使用產品意願提高","1","選擇使用該項產品的機會成本較低","","文中電動自行車價格較低、不需駕照與車牌、駕駛年齡限制較少，使用門檻及付出的代價低於電動機車，因此部分民眾選擇它的機會成本較低，答案 B。","[""列出選擇電動自行車的條件：價格較低、免駕照、免車牌且沒有年齡限制。"",""這些條件降低購買與使用時放棄其他選項的代價。"",""因此可用機會成本較低解釋其吸引力，答案 B。""]","機會成本不只包含標價，也可包含使用所需的證照、時間與限制。","[]","[]","","false","false","https://cap.rcpet.edu.tw/exam/113/113exam.html","https://drive.google.com/file/d/1NJYibw-N2mHZP5lL8-rOhirWv_ZFQNiz/view","","","","","","","","",""
"OFF-0817","社會","官方歷屆真題","113","47","會考總複習","歷屆會考","113年社會第47題","進階","歷屆真題","【閱讀材料】
過去《道路交通管理處罰條例》中的「電動自行車」僅以電力驅動，因與電動機車的使用差異不大，且不須懸掛車牌、不須駕照、駕駛者無年齡限制、價格較低廉，部分民眾喜愛以它作為代步工具，卻也衍生諸多問題。2022年4月，政府修正《道路交通管理處罰條例》，將「電動自行車」更名為「微型電動二輪車」，規定須領用並懸掛車牌、投保強制汽車責任保險，且年滿14歲才能駕駛；違規者將遭主管機關開罰。修正案於5月4日由總統公布。修法施行前已持有微型電動二輪車者，須在施行後二年內領用並懸掛車牌，逾期也會受罰。由於法規修正後仍有行政工作需要準備，政府宣布新規於2022年11月30日正式施行。

政府於2022年4月所做的變革，其過程須經下列哪一程序？","公民投票複決","憲法法庭審理","行政機關移請覆議","中央立法機關通過","3","中央立法機關通過","","政府修正《道路交通管理處罰條例》，增加車牌、保險與年齡等法定義務，屬於中央法律修正；法律須經立法院審議通過，再由總統公布，答案 D。","[""先辨認被修正的是《道路交通管理處罰條例》，屬中央法律而非地方自治規章。"",""法律案須經立法院議決通過，完成立法程序後再公布。"",""因此程序是中央立法機關通過，選 D。""]","區分法律、行政命令與地方自治規則；中央法律修正須經立法院，而非公投或憲法法庭。","[]","[]","","false","false","https://cap.rcpet.edu.tw/exam/113/113exam.html","https://drive.google.com/file/d/1NJYibw-N2mHZP5lL8-rOhirWv_ZFQNiz/view","","","","","","","","",""
"OFF-0818","社會","官方歷屆真題","113","48","會考總複習","歷屆會考","113年社會第48題","進階","歷屆真題","【閱讀材料】
過去《道路交通管理處罰條例》中的「電動自行車」僅以電力驅動，因與電動機車的使用差異不大，且不須懸掛車牌、不須駕照、駕駛者無年齡限制、價格較低廉，部分民眾喜愛以它作為代步工具，卻也衍生諸多問題。2022年4月，政府修正《道路交通管理處罰條例》，將「電動自行車」更名為「微型電動二輪車」，規定須領用並懸掛車牌、投保強制汽車責任保險，且年滿14歲才能駕駛；違規者將遭主管機關開罰。修正案於5月4日由總統公布。修法施行前已持有微型電動二輪車者，須在施行後二年內領用並懸掛車牌，逾期也會受罰。由於法規修正後仍有行政工作需要準備，政府宣布新規於2022年11月30日正式施行。

在修正規定施行前已持有微型電動二輪車者，關於其領用車牌的敘述，下列何者最適當？","最晚要在2024年5月3日領用車牌，以免遭受行政處罰","最晚要在2024年5月3日領用車牌，以免遭受刑事處罰","最晚要在2024年11月29日領用車牌，以免遭受行政處罰","最晚要在2024年11月29日領用車牌，以免遭受刑事處罰","2","最晚要在2024年11月29日領用車牌，以免遭受行政處罰","","規定於 2022 年 11 月 30 日施行，既有車主須在施行後兩年內領牌，期限為 2024 年 11 月 29 日前；逾期處罰屬行政罰而非刑事處罰，答案 C。","[""題文分清公布日與施行日：本法規於 2022 年 11 月 30 日正式施行。"",""兩年過渡期從施行日計算，須於 2024 年 11 月 29 日前完成領牌。"",""未依規定領牌受主管機關開罰，屬行政處罰，因此選 C。""]","法律公布日不一定等於施行日；計算期限要依題文指定的施行日，並分辨行政罰與刑罰。","[]","[]","","false","false","https://cap.rcpet.edu.tw/exam/113/113exam.html","https://drive.google.com/file/d/1NJYibw-N2mHZP5lL8-rOhirWv_ZFQNiz/view","","","","","","","","",""
"OFF-0819","社會","官方歷屆真題","113","49","會考總複習","歷屆會考","113年社會第49題","進階","歷屆真題","【閱讀材料】
根據《美國憲法》，聯邦眾議院435席依各州人口數分配，每十年依人口普查結果重新分配席次，且每個州至少有1席。表（或圖）呈現不同年份各州席次的變化；每位眾議員代表的人口數會隨人口變化而增減。臺灣現行區域立委席次也採類似方式分配，例如73位區域立委中，臺北市選出8人、雲林縣選出2人。

觀察圖（二十三）中不同年份各州眾議員席次的變化情形，可以推論美國人口在這段期間有下列何項變動？","南部州人口成長速度較東北部的州快","美國各州持續呈現人口負成長的狀態","加州因國際移民眾多而人口成長加快","禁止移民的政策主導德州人口的變化","0","南部州人口成長速度較東北部的州快","","依美國人口普查結果重新分配眾議院席次時，南部州多數獲得席次，東北部部分州則減少席次，反映人口重心移動；可推論南部人口成長速度較東北部快，答案 A。","[""眾議院席次依各州人口比例分配，因此席次增加通常代表相對人口占比上升。"",""圖中南部州普遍增加席次，東北部多州減少。"",""人口相對成長較快的區域是南部，答案 A；席次變化不代表各州都人口負成長。""]","席次重分配反映各州人口相對變化，不能直接等同於人口絕對增減或單一移民政策的效果。","[]","[""./assets/official-exams/113-social-q49-seat-change-maps.svg""]","./assets/official-exams/113-social-q49-seat-change-maps.svg","true","false","https://cap.rcpet.edu.tw/exam/113/113exam.html","https://drive.google.com/file/d/1NJYibw-N2mHZP5lL8-rOhirWv_ZFQNiz/view","","","","","","","","",""
"OFF-0820","社會","官方歷屆真題","113","50","會考總複習","歷屆會考","113年社會第50題","進階","歷屆真題","【閱讀材料】
根據《美國憲法》，聯邦眾議院435席依各州人口數分配，每十年依人口普查結果重新分配席次，且每個州至少有1席。表（或圖）呈現不同年份各州席次的變化；每位眾議員代表的人口數會隨人口變化而增減。臺灣現行區域立委席次也採類似方式分配，例如73位區域立委中，臺北市選出8人、雲林縣選出2人。

觀察圖（二十三）中2020年眾議院席次僅有1席的州，下列何者與這些州人口少的原因較無關聯？","地形崎嶇","工業就業機會少","位居高緯且氣候嚴寒","深受殖民地式經濟影響","3","深受殖民地式經濟影響","","2020 年眾議院僅有一席的州多為人口少、地形崎嶇、氣候嚴寒或工業工作機會較少的州；「深受殖民地式經濟影響」不是這些州人口稀少的共同地理或產業因素，答案 D。","[""先由圖找出人口較少、只分到一席的州，包含部分山區、寒冷或偏遠州。"",""崎嶇地形、嚴寒氣候及較少工作機會都可能限制人口集中。"",""殖民地式經濟不是這些州共同的人口成因，故選 D。""]","題目問的是「較無關聯」，須找不能解釋美國各州人口分布的選項，而非只找一項可能的原因。","[]","[""./assets/official-exams/113-social-q49-seat-change-maps.svg""]","./assets/official-exams/113-social-q49-seat-change-maps.svg","true","false","https://cap.rcpet.edu.tw/exam/113/113exam.html","https://drive.google.com/file/d/1NJYibw-N2mHZP5lL8-rOhirWv_ZFQNiz/view","","","","","","","","",""
"OFF-0821","社會","官方歷屆真題","113","51","會考總複習","歷屆會考","113年社會第51題","進階","歷屆真題","【閱讀材料】
根據《美國憲法》，聯邦眾議院435席依各州人口數分配，每十年依人口普查結果重新分配席次，且每個州至少有1席。表（或圖）呈現不同年份各州席次的變化；每位眾議員代表的人口數會隨人口變化而增減。臺灣現行區域立委席次也採類似方式分配，例如73位區域立委中，臺北市選出8人、雲林縣選出2人。

參考圖（二十四）臺灣人口分布狀況，下列關於各行政區立委席次分配的說明何者正確？","屏東縣區域立委席次少於臺東縣","新北市區域立委席次多於宜蘭縣","彰化縣區域立委席次為全臺最少","臺南市區域立委席次為全臺最多","1","新北市區域立委席次多於宜蘭縣","","區域立委席次依各選區人口分配，人口較多的縣市通常有較多席次。新北市人口遠多於宜蘭縣，因此新北市的區域立委席次較多，答案 B；其餘選項所述的屏東、彰化、臺南也不符合席次排序。","[""圖(二十四)顯示臺灣人口集中於都會區，立委席次依人口分布而分配。"",""新北市是人口最多的直轄市之一，宜蘭縣人口規模遠小於新北市。"",""因此新北市區域立委席次多於宜蘭縣，選 B。""]","區域立委席次反映人口數，不是縣市面積或人口密度；判斷時要比較總人口。","[]","[""./assets/official-exams/113-social-q51-taiwan-population-map.svg""]","./assets/official-exams/113-social-q51-taiwan-population-map.svg","true","false","https://cap.rcpet.edu.tw/exam/113/113exam.html","https://drive.google.com/file/d/1NJYibw-N2mHZP5lL8-rOhirWv_ZFQNiz/view","","","","","","","","",""
"OFF-0822","社會","官方歷屆真題","113","52","會考總複習","歷屆會考","113年社會第52題","進階","歷屆真題","【閱讀材料】
1950年代，臺灣電影配合政府「反共抗俄」政策，政府及商業機構拍攝的電影多為官方意識形態的宣傳工具；民間則以對日戰爭、國民失去家園的流亡記憶及本土民俗故事為素材，並發展以閩南語發音的「台語電影」。1960年代，政府強調社會安定，臺灣電影開啟「健康寫實」風格，主張避免暴露社會黑暗面、呈現人性光輝，受到當時海內外華人市場歡迎。1970年代經濟成長後，愛情、武俠、功夫、喜劇等電影類型也進一步成為民眾休閒娛樂。

1980年代初期，臺灣電影受到香港電影新浪潮影響，進入「臺灣新電影」時期。「新電影」強調建立良好導演體制，在劇本創作中融入鄉土文學，拍攝風格以自然、寫實為主，並開始有意識地挑戰官方政治禁忌，因此受到相關單位關切。例如初期代表作《兒子的大玩偶》正式上映前，因片段呈現基層建材行等疑似批判政府形象的畫面，遭官方施壓要求刪減；此事後來稱為「削蘋果事件」。最後在影視記者楊士琪等人聲援下，電影免於刪剪。

「新電影」出現之前的戰後臺灣電影，最不可能播映下列何種劇情？","中國 明朝年間，來自各路的武功高手在龍門客棧展開激烈戰鬥","國軍將領對抗日軍時陣亡，蔣中正題字「英烈千秋」表示悼念","男主角與豪門望族的女兒產生戀情，並捲入家族間的恩怨情仇","主角因二二八事件遭到軍警處決，留下妻小長期受到政府監視","3","主角因二二八事件遭到軍警處決，留下妻小長期受到政府監視","","戰後早期臺灣電影常配合反共政策並受政治審查；1980 年代新電影才開始挑戰官方禁忌，處理二二八事件等政治創傷。以二二八事件及家屬長期受監視為劇情，在新電影前最不可能公開播映，答案 D。","[""文章指出 1950 年代電影多配合反共政策，並受到政府審查。"",""新電影興起後，創作者才開始挑戰政治禁忌與處理被遮蔽的歷史。"",""二二八事件及政治監控屬敏感題材，因此在新電影出現前最不可能播映，答案 D。""]","依電影史時序區分反共審查時期與新電影挑戰禁忌的階段。","[]","[]","","false","false","https://cap.rcpet.edu.tw/exam/113/113exam.html","https://drive.google.com/file/d/1NJYibw-N2mHZP5lL8-rOhirWv_ZFQNiz/view","","","","","","","","",""
"OFF-0823","社會","官方歷屆真題","113","53","會考總複習","歷屆會考","113年社會第53題","進階","歷屆真題","【閱讀材料】
1950年代，臺灣電影配合政府「反共抗俄」政策，政府及商業機構拍攝的電影多為官方意識形態的宣傳工具；民間則以對日戰爭、國民失去家園的流亡記憶及本土民俗故事為素材，並發展以閩南語發音的「台語電影」。1960年代，政府強調社會安定，臺灣電影開啟「健康寫實」風格，主張避免暴露社會黑暗面、呈現人性光輝，受到當時海內外華人市場歡迎。1970年代經濟成長後，愛情、武俠、功夫、喜劇等電影類型也進一步成為民眾休閒娛樂。

1980年代初期，臺灣電影受到香港電影新浪潮影響，進入「臺灣新電影」時期。「新電影」強調建立良好導演體制，在劇本創作中融入鄉土文學，拍攝風格以自然、寫實為主，並開始有意識地挑戰官方政治禁忌，因此受到相關單位關切。例如初期代表作《兒子的大玩偶》正式上映前，因片段呈現基層建材行等疑似批判政府形象的畫面，遭官方施壓要求刪減；此事後來稱為「削蘋果事件」。最後在影視記者楊士琪等人聲援下，電影免於刪剪。

「新電影」發展之初，最可能以下列何者作為電影題材？","宣揚政府推行南進政策所帶來的經濟成就","關注一般農民、勞工等小人物生活中的困頓","受到美援影響，將美國流行文化作為劇情主軸","重視原住民文化，發揚原住民族音樂與神話傳說","1","關注一般農民、勞工等小人物生活中的困頓","","選文指出臺灣新電影以寫實風格、自然與真實為主，並在題材上有意挑戰官方政治禁忌；關注一般農民、勞工等小人物的生活困境，符合此創作方向，答案 B。","[""找出文章描述的新電影特徵：寫實、自然、真實，並關注被忽略的題材。"",""小人物的日常困境符合寫實電影呈現社會現況的做法。"",""因此最可能選擇農民與勞工生活為題材，答案 B。""]","把新電影的寫實風格與題材相連；不要和早期配合政策宣傳的電影混淆。","[]","[]","","false","false","https://cap.rcpet.edu.tw/exam/113/113exam.html","https://drive.google.com/file/d/1NJYibw-N2mHZP5lL8-rOhirWv_ZFQNiz/view","","","","","","","","",""
"OFF-0824","社會","官方歷屆真題","113","54","會考總複習","歷屆會考","113年社會第54題","進階","歷屆真題","【閱讀材料】
1950年代，臺灣電影配合政府「反共抗俄」政策，政府及商業機構拍攝的電影多為官方意識形態的宣傳工具；民間則以對日戰爭、國民失去家園的流亡記憶及本土民俗故事為素材，並發展以閩南語發音的「台語電影」。1960年代，政府強調社會安定，臺灣電影開啟「健康寫實」風格，主張避免暴露社會黑暗面、呈現人性光輝，受到當時海內外華人市場歡迎。1970年代經濟成長後，愛情、武俠、功夫、喜劇等電影類型也進一步成為民眾休閒娛樂。

1980年代初期，臺灣電影受到香港電影新浪潮影響，進入「臺灣新電影」時期。「新電影」強調建立良好導演體制，在劇本創作中融入鄉土文學，拍攝風格以自然、寫實為主，並開始有意識地挑戰官方政治禁忌，因此受到相關單位關切。例如初期代表作《兒子的大玩偶》正式上映前，因片段呈現基層建材行等疑似批判政府形象的畫面，遭官方施壓要求刪減；此事後來稱為「削蘋果事件」。最後在影視記者楊士琪等人聲援下，電影免於刪剪。

「削蘋果事件」中，國家企圖限制的人民權利類型，與下列何者最相似？","對法庭上的被告宣告褫奪公權","剝奪貪污罪犯應考公職的資格","禁止過度血腥暴力影像的出版","要求外國旅客入境應接受審查","2","禁止過度血腥暴力影像的出版","","「削蘋果事件」中，政府介入電影內容並限制其公開放映，侵害的是言論與出版傳播自由。禁止過度血腥暴力影像出版同樣涉及國家限制內容公開，權利類型最相近，答案 C。","[""先辨認國家限制的行為：干預電影內容並阻止作品上映。"",""這涉及創作者表達以及作品出版、傳播的自由。"",""禁止影像出版同樣限制內容傳播，與案例權利類型最相似，答案 C。""]","問的是權利類型相似，不是限制目的是否相同；分辨表意／出版自由與選舉、公務資格等權利。","[]","[]","","false","false","https://cap.rcpet.edu.tw/exam/113/113exam.html","https://drive.google.com/file/d/1NJYibw-N2mHZP5lL8-rOhirWv_ZFQNiz/view","","","","","","","","",""
"OFF-0985","社會","官方歷屆真題","114","1","會考總複習","歷屆會考","114年社會第1題","進階","歷屆真題","一國若發生重大自然災害，可能會直接衝擊該國的經濟活動，而成為較脆弱 的投資環境。臺灣因位於地震帶常發生地震，且易受颱風侵襲，於2015年被 某金融機構列為最脆弱的十個國家之一。下列哪一國家最可能也因為常發生 上述二種自然災害而列名其中？","日本","伊朗","北韓","澳洲","0","日本","","答案 A「日本」。日本和臺灣一樣位於環太平洋地震帶，且常受颱風侵襲；其他選項並非同時以這兩種災害頻繁聞名。","[""題幹的兩項條件是地震頻繁、易受颱風侵襲，必須同時符合。"",""日本位於環太平洋地震帶，且常有颱風侵襲，符合兩項條件。"",""選 A 日本；伊朗、北韓及澳洲不如日本符合題目所述的雙重災害特徵。""]","比較地理條件題要逐項符合所有線索，不能只因一國有地震或颱風其中之一就選。","[""依題幹證據判斷"",""辨析歷史或地理脈絡""]","[]","","false","false","https://cap.rcpet.edu.tw/exam/114/114exam.html","https://drive.google.com/file/d/1vFl3qctoBXYcCtWbAqKUqhekIMgV6q-m/view","","","","","","","","",""
"OFF-0986","社會","官方歷屆真題","114","2","會考總複習","歷屆會考","114年社會第2題","進階","歷屆真題","2019年底，臺灣的農場與牧場，正式迎來首批合法的農業移工，其中2名是酪農移 工，其餘 5名則是外展農業移工。外展農業移工意指由農會、漁會、農林漁牧有 關之合作社，或非營利組織等「外展機構」所聘僱的外國人，並由外展機構指派 其至服務的場所從事農務工作。上述政策的推行主要是為了因應下列何項問題？","農業勞動力老化","農產品的安全性","農村失業率偏高","稻米的生產過剩","0","農業勞動力老化","","答案 A「農業勞動力老化」。農業移工補充農場與牧場人力，政策主要回應農業人口高齡化及勞動力不足。","[""題幹說明外籍人力受聘後被派到農務場所工作，重點是補充直接從事農業的人手。"",""臺灣農業人口老化、青年投入不足，使農業勞動力短缺。"",""因此選 A；食品安全、農村失業或稻米過剩不能說明引進農業移工的主要目的。""]","由政策工具反推問題：引進勞工通常是補足人力，不等於解決農產品品質或產量過剩。","[""依題幹證據判斷"",""辨析歷史或地理脈絡""]","[]","","false","false","https://cap.rcpet.edu.tw/exam/114/114exam.html","https://drive.google.com/file/d/1vFl3qctoBXYcCtWbAqKUqhekIMgV6q-m/view","","","","","","","","",""
"OFF-0987","社會","官方歷屆真題","114","3","會考總複習","歷屆會考","114年社會第3題","進階","歷屆真題","某部電影描述主角與母親及只會說華語的祖母，同住在美國 舊金山 華人聚集 的街區，並出現拿筷子吃飯、與家人共度春節及清明節等原鄉文化情節，而 主角雖然從小在美國長大，但在生活中仍經常使用華語。上述電影情節的文 化意涵及傳播方式，與下列何者呈現的概念最相近？","利用國際婦女節倡導家務分工性別平權理念","來自泰、緬的新住民與移工齊聚慶祝潑水節","推行國語運動貶低母語所產生的不平等現象","華人認為烏鴉象徵厄運，在日本則象徵吉祥","1","來自泰、緬的新住民與移工齊聚慶祝潑水節","","答案 B「來自泰、緬的新住民與移工齊聚慶祝潑水節」。電影中的春節、清明節與華語，呈現移民在海外延續並傳播原鄉文化；泰、緬移民在異地共同慶祝潑水節是相同現象。","[""辨認題幹線索：主角在美國出生長大，仍使用華語並與家人過原鄉節日。"",""這是移民在居住地延續、傳承和傳播原生文化的例子。"",""選 B，泰、緬移民在海外慶祝潑水節同樣呈現移民社群傳承原鄉文化。""]","文化傳播題注意「人群遷移、原鄉文化、異地延續」的因果鏈；不只是節日或食物的表面相似。","[""依題幹證據判斷"",""辨析歷史或地理脈絡""]","[]","","false","false","https://cap.rcpet.edu.tw/exam/114/114exam.html","https://drive.google.com/file/d/1vFl3qctoBXYcCtWbAqKUqhekIMgV6q-m/view","","","","","","","","",""
"OFF-0988","社會","官方歷屆真題","114","4","會考總複習","歷屆會考","114年社會第4題","進階","歷屆真題","圖(一)是某行政區內名為挖仔的聚落地圖。根據該聚落所處環境特色判斷，其地名代表的意義最可能為下列何者？","位於岬灣海岸的灣澳","鄰近溪流河道的轉彎處","位處高山之間的小谷地","台地上的低窪地蓄水成湖","1","鄰近溪流河道的轉彎處","","答案 B「鄰近溪流河道的轉彎處」。地圖上的聚落靠近彎曲河道；「挖仔」地名與河流曲流旁的聚落環境相符。","[""先看圖中的聚落位置與河道，不只從地名單字猜測。"",""聚落緊鄰蜿蜒河道的彎曲處，呈現河流曲流地形。"",""因此選 B；地圖沒有呈現海灣、高山谷地或台地湖泊。""]","地名判讀要把位置圖和地形線索一起看；地圖比例或符號只支持相對位置，不代表實際尺寸。","[""依題幹證據判斷"",""辨析歷史或地理脈絡""]","[""./assets/official-exams/114-social-q04-wazai-map.png""]","./assets/official-exams/114-social-q04-wazai-map.png","true","false","https://cap.rcpet.edu.tw/exam/114/114exam.html","https://drive.google.com/file/d/1vFl3qctoBXYcCtWbAqKUqhekIMgV6q-m/view","","","","","","","","",""
"OFF-0989","社會","官方歷屆真題","114","5","會考總複習","歷屆會考","114年社會第5題","進階","歷屆真題","某研究於2018年調查發現，臺灣不同地區民眾對於各種社會議題的關注傾向與 程度有所差異，其中部分地區的民眾對於自身周遭環境的議題更加關切，例如 離島地區。下列何者最可能為離島地區民眾較為關注的議題？","適當管制房價，降低民眾租屋或購屋的負擔","落實區域間資源分配，讓民眾獲得同等醫療品質","管制重工業廢水的排放，避免造成土壤重金屬汙染","大規模土石流或崩塌，可能導致建築物毀損及人員傷亡","1","落實區域間資源分配，讓民眾獲得同等醫療品質","","答案 B「落實區域間資源分配，讓民眾獲得同等醫療品質」。離島交通距離遠、醫療院所及專科資源較少，醫療可近性與資源均衡是居民切身議題。","[""題幹說地方居民更關注與周遭生活環境直接相關的問題。"",""離島相較本島都會區，醫療院所與專科服務可近性較弱。"",""故選 B；房價、重工業污染及大型土石流並非離島普遍最具代表性的議題。""]","地方議題題要把區域特色連到居民需求；離島常見交通與公共服務可近性差異。","[""依題幹證據判斷"",""辨析歷史或地理脈絡""]","[]","","false","false","https://cap.rcpet.edu.tw/exam/114/114exam.html","https://drive.google.com/file/d/1vFl3qctoBXYcCtWbAqKUqhekIMgV6q-m/view","","","","","","","","",""
"OFF-0990","社會","官方歷屆真題","114","6","會考總複習","歷屆會考","114年社會第6題","進階","歷屆真題","圖(二)呈現臺北地區的帝國大學、臺灣總督府、鐵道部工場及飛行場等設施。根據內容判斷，此圖最可能出自下列何者？","大航海時代的〈熱蘭遮城鎮鳥瞰圖〉","清帝國統治時期的《淡水廳志》","日本統治時期的〈臺北州大觀〉","戰後臺灣的《最新版臺灣街道圖》","2","日本統治時期的〈臺北州大觀〉","","答案 C「日本統治時期的〈臺北州大觀〉」。圖中有臺灣總督府、帝國大學、鐵道部工場與飛行場，皆為日治時期臺北的機關或設施。","[""從地圖標示讀出帝國大學、臺灣總督府、鐵道部工場與飛行場。"",""臺灣總督府是日本統治臺灣的最高行政機關，帝國大學及其餘設施也符合日治時期城市景觀。"",""選 C；熱蘭遮城屬荷治時期臺南，淡水廳志屬清代，街道圖則不符合這些日治機關線索。""]","史料判讀用機關名稱和設施年代交叉定位，不能只看地圖所在區域。","[""依題幹證據判斷"",""辨析歷史或地理脈絡""]","[""./assets/official-exams/114-social-q06-taipei-map.png""]","./assets/official-exams/114-social-q06-taipei-map.png","true","false","https://cap.rcpet.edu.tw/exam/114/114exam.html","https://drive.google.com/file/d/1vFl3qctoBXYcCtWbAqKUqhekIMgV6q-m/view","","","","","","","","",""
"OFF-0991","社會","官方歷屆真題","114","7","會考總複習","歷屆會考","114年社會第7題","進階","歷屆真題","某中國作家著作主張女性應恢復下列六項自然權利：入學、交友、營業、掌握財產、出入自由、婚姻自由。此著作所提倡的主張最可能與下列何者有關？","隋 唐時期，西域民族風俗傳入中國","宋 元時期，朱熹學術成就受到推崇","明末清初，中國引入西方科學知識","晚清時期，近代歐洲思潮傳入中國","3","晚清時期，近代歐洲思潮傳入中國","","答案 D「晚清時期，近代歐洲思潮傳入中國」。女性受教育、財產、職業與婚姻自主等權利，反映近代平等觀念傳入並被中國知識分子提出。","[""把六項權利歸類：受教育、交友、經營、財產、行動與婚姻自主，核心是女性平等及自主。"",""這類近代權利觀念在晚清伴隨西方近代思潮傳入中國。"",""選 D；其他選項的隋唐、宋元或明末清初年代與近代女性權利主張不符。""]","歷史思想題先概括主張，再依思想內容判斷時代；多項權利並列時找共同核心。","[""依題幹證據判斷"",""辨析歷史或地理脈絡""]","[]","","false","false","https://cap.rcpet.edu.tw/exam/114/114exam.html","https://drive.google.com/file/d/1vFl3qctoBXYcCtWbAqKUqhekIMgV6q-m/view","","","","","","","","",""
"OFF-0992","社會","官方歷屆真題","114","8","會考總複習","歷屆會考","114年社會第8題","進階","歷屆真題","「十一世紀時，旅居中國的穆斯林商人，在生活方面可以依照自身的習俗行 事，例如他們在廣州的清真寺高塔上，懸掛旗幟、燈火來指引船隻出入港 口。但在貿易方面，仍須受到官方機構的管轄，此機構負責收取關稅、接 運貢品，並執行香料、珊瑚及象牙等進口商品的專賣，監督商家船隻的活 動。」上述的「機構」最可能是下列何者？","洋行","驛站","市舶司","總理各國事務衙門","2","市舶司","","答案 C「市舶司」。宋代市舶司管理海外貿易，負責徵稅、接待或管理外商與進出口貨物，符合題幹描述。","[""題幹限定十一世紀，且機構要管理港口貿易。"",""收取關稅、管理外商船隻及進口商品，符合宋代市舶司的職掌。"",""選 C；洋行是近代商行，驛站供交通傳遞，總理衙門則是清末外交機構。""]","古代機關題可由職掌辨識：市舶司管海外貿易，驛站管交通傳遞。","[""依題幹證據判斷"",""辨析歷史或地理脈絡""]","[]","","false","false","https://cap.rcpet.edu.tw/exam/114/114exam.html","https://drive.google.com/file/d/1vFl3qctoBXYcCtWbAqKUqhekIMgV6q-m/view","","","","","","","","",""
"OFF-0993","社會","官方歷屆真題","114","9","會考總複習","歷屆會考","114年社會第9題","進階","歷屆真題","「巴黎和會引起中國強烈的民族情緒，在部分知識分子的心中，西方角色從啟 蒙者轉變為壓迫者，因此他們逐漸對維護帝國主義、資本主義的西方國家感到 失望。在五四運動後，有些知識分子開始轉向世界革命理論，試圖從俄國革命 家對於受壓迫民族的呼籲，以及俄國新政權宣布放棄沙皇時代在中國特權的聲 明中，找到改變中國的出路。」上述內容最可能與下列何者有關？","中華民國的建立","西安事變的發生","中國共產黨的成立","文化大革命的發動","2","中國共產黨的成立","","答案 C「中國共產黨的成立」。五四運動後部分知識分子轉向俄國革命與受壓迫民族理論，促成馬克思主義傳播及中國共產黨成立的思想背景。","[""按時間線索定位：巴黎和會、五四運動之後，知識分子對西方失望。"",""文中提到俄國革命、世界革命理論及新政權放棄沙皇時代在華特權，顯示馬克思主義影響擴大。"",""此脈絡與中國共產黨成立有關，選 C；其他事件年代或性質不符。""]","歷史因果題抓時間詞與思想轉變；巴黎和會、五四運動是理解新思潮傳入的重要背景。","[""依題幹證據判斷"",""辨析歷史或地理脈絡""]","[]","","false","false","https://cap.rcpet.edu.tw/exam/114/114exam.html","https://drive.google.com/file/d/1vFl3qctoBXYcCtWbAqKUqhekIMgV6q-m/view","","","","","","","","",""
"OFF-0994","社會","官方歷屆真題","114","10","會考總複習","歷屆會考","114年社會第10題","進階","歷屆真題","圖(三)呈現教士向群眾販售贖罪券，並以圖文批判贖罪券交易。作者立場最可能為何？","強調君士坦丁堡教會擁有基督教的領導權","支持路德教派所提出因信得救的信仰主張","主張只有希伯來民族能作為耶和華的選民","認同羅耀拉等人所提倡天主教改革的理念","1","支持路德教派所提出因信得救的信仰主張","","答案 B「支持路德教派所提出因信得救的信仰主張」。版畫批判教會販售贖罪券，呼應路德反對以購買贖罪券換取救贖、主張因信稱義的改革立場。","[""觀察版畫：教士向群眾販售贖罪券，畫面文字質疑這種做法。"",""馬丁路德批評贖罪券，主張人因信仰得救，而非以金錢購買赦罪。"",""因此選 B；不是東西教會領導權、猶太選民論或天主教內部改革派的立場。""]","宗教改革題分清路德宗教改革與天主教改革；贖罪券批判是辨認路德立場的關鍵線索。","[""依題幹證據判斷"",""辨析歷史或地理脈絡""]","[""./assets/official-exams/114-social-q10-indulgence-woodcut.png""]","./assets/official-exams/114-social-q10-indulgence-woodcut.png","true","false","https://cap.rcpet.edu.tw/exam/114/114exam.html","https://drive.google.com/file/d/1vFl3qctoBXYcCtWbAqKUqhekIMgV6q-m/view","","","","","","","","",""
"OFF-0995","社會","官方歷屆真題","114","11","會考總複習","歷屆會考","114年社會第11題","進階","歷屆真題","一間跨國咖啡公司打算在某國的傳統文化觀光區設立分店，但卻因為品牌形 象與當地建築、傳統飲食習慣不同而引發居民抗議。該公司為此改變店面沿 用的品牌風格，除了採用相容於該區環境的色系，還將原本的英文招牌改用 當地文字呈現，並增加販售具當地料理特色的創意餐點，希望透過這些舉動 降低當地的反彈聲浪。上述跨國公司的舉動，與下列何者最相符？","成立跨國企業，強化國際分工","憑藉強勢文化，推動產業轉型","尊重多元文化，促進文化融合","凝聚社區認同，發展社區組織","2","尊重多元文化，促進文化融合","","答案 C「尊重多元文化，促進文化融合」。跨國公司調整色系、招牌語言與餐點以回應在地文化，屬於全球化下的在地調適與文化交流。","[""題幹列出公司依在地特色調整視覺、語言及商品內容。"",""這不是單向輸出原有品牌，而是接納地方文化並改變營運方式。"",""因此選 C；其他選項描述國際分工、強勢文化轉型或成立社區組織，均非題幹重點。""]","全球化常呈現全球品牌與在地文化互動；在地化調整是回應差異，不代表放棄品牌。","[""依題幹／圖表證據判斷"",""辨析地理或社會概念""]","[]","","false","false","https://cap.rcpet.edu.tw/exam/114/114exam.html","https://drive.google.com/file/d/1vFl3qctoBXYcCtWbAqKUqhekIMgV6q-m/view","","","","","","","","",""
"OFF-0996","社會","官方歷屆真題","114","12","會考總複習","歷屆會考","114年社會第12題","進階","歷屆真題","美國於2022年6月21日起，禁止進口來自中國 新疆的商品，因為美國政府認為 這些商品是強迫維吾爾人勞動的產物。如果企業想要繼續將在新疆生產的商 品出口至美國，則必須提出充足的證據，證明商品的生產過程沒有涉及強迫 勞動問題。美國執行上述管制措施的主要理由，最可能是下列何者？","擴大對外貿易的出超金額","減少全球化下的貿易障礙","保障旅外國民的工作權益","避免侵害人權的商業行為","3","避免侵害人權的商業行為","","答案 D「避免侵害人權的商業行為」。美國要求企業證明商品未涉及強迫勞動，是為防止供應鏈建立在侵犯勞動者基本人權之上。","[""題幹關鍵詞是強迫勞動，且進口管制要求企業提出未涉及強迫勞動的證明。"",""這項措施直接針對供應鏈中的勞動者權利與人權保障。"",""選 D；不是為擴大貿易出超、降低貿易障礙，也不是保障旅外美國公民的工作權。""]","辨認政策目的要看管制的對象與要求；強迫勞動對應人權議題，而非一般貿易平衡。","[""依題幹／圖表證據判斷"",""辨析地理或社會概念""]","[]","","false","false","https://cap.rcpet.edu.tw/exam/114/114exam.html","https://drive.google.com/file/d/1vFl3qctoBXYcCtWbAqKUqhekIMgV6q-m/view","","","","","","","","",""
"OFF-0997","社會","官方歷屆真題","114","13","會考總複習","歷屆會考","114年社會第13題","進階","歷屆真題","某大學於學期末時，在校內美食街設立意見回饋箱，消費者有任何建議都可以 寫在意見單上投入回饋箱中，學校會參考這些回饋的意見，藉以改善未來美食 街的營運方式。根據上述內容判斷，下列何項回饋意見最能提升市場的競爭程 度？","廠商應提供校內師生購買餐點九折優惠","應要求廠商提供餐點食材的生產履歷證明","希望廠商販售份量較少且價格較便宜的餐點","學校應招募更多廠商進駐美食街提供多元餐點","3","學校應招募更多廠商進駐美食街提供多元餐點","","答案 D「學校應招募更多廠商進駐美食街提供多元餐點」。增加供給者與選擇，會讓廠商彼此競爭，最直接提高市場競爭程度。","[""題目問提升競爭，不是單純降低價格或提高食品安全。"",""更多廠商進入同一市場，消費者可比較商品與服務，業者也必須爭取顧客。"",""因此選 D；折扣、履歷、份量調整都沒有直接增加市場中的競爭者數量。""]","市場競爭的關鍵是供需雙方有選擇、業者彼此爭取消費者；單一價格措施不等於競爭增加。","[""依題幹／圖表證據判斷"",""辨析地理或社會概念""]","[]","","false","false","https://cap.rcpet.edu.tw/exam/114/114exam.html","https://drive.google.com/file/d/1vFl3qctoBXYcCtWbAqKUqhekIMgV6q-m/view","","","","","","","","",""
"OFF-0998","社會","官方歷屆真題","114","14","會考總複習","歷屆會考","114年社會第14題","進階","歷屆真題","一對姊妹先後結婚，圖(四)呈現四人親屬關係。根據圖示，甲、乙、丙、丁四人之間最不可能存在何種關係？（圖示：兩姊妹各自與配偶結婚。）","配偶","姻親","直系血親","旁系血親","2","直系血親","","答案 C「直系血親」。圖中四人由姊妹及各自配偶構成；姊妹間為旁系血親，配偶彼此為姻親，配偶間是配偶關係，沒有任何一人是另一人的直系尊親屬或直系卑親屬。","[""先依圖辨認兩位姊妹及各自的婚姻關係。"",""姊妹是旁系血親；婚姻中的兩人是配偶；配偶與對方親屬則形成姻親。"",""四人之間不構成父母子女等直系血親，所以選 C。""]","直系血親是親子、祖孫等上下代直接相連；兄弟姊妹屬旁系血親，配偶親屬屬姻親。","[""依題幹／圖表證據判斷"",""辨析地理或社會概念""]","[""./assets/official-exams/114-social-q14-family-diagram.png""]","./assets/official-exams/114-social-q14-family-diagram.png","true","false","https://cap.rcpet.edu.tw/exam/114/114exam.html","https://drive.google.com/file/d/1vFl3qctoBXYcCtWbAqKUqhekIMgV6q-m/view","","","","","","","","",""
"OFF-0999","社會","官方歷屆真題","114","15","會考總複習","歷屆會考","114年社會第15題","進階","歷屆真題","表(二)統計各臺電視新聞報導某候選人的時間比例：水果臺總36%、正面28%、負面4%；F News總12%、正面4%、負面6%；馬水新聞總7%、正面3%、負面2%；W電視總28%、正面4%、負面21%。統計期間為5月1日至7日每日19:00–20:00。讀者最應注意什麼？","覺察媒體的報導內容與事實不符","解讀媒體報導中的性別刻板印象","留意媒體業者是否持有特定的立場","關注媒體是否善盡監督政府的責任","2","留意媒體業者是否持有特定的立場","","答案 C「留意媒體業者是否持有特定的立場」。不同臺對同一候選人的正、負面報導比例差異明顯，讀者應辨識媒體觀點及可能的選擇性報導。","[""比較各臺比例：水果臺正面報導占多數，W電視負面報導占多數，呈現明顯差異。"",""同一候選人受到不同方向的報導，值得留意媒體是否有特定立場或選材角度。"",""選 C；表格只呈現報導比例，不能直接證明內容不實、性別刻板印象或是否監督政府。""]","媒體識讀須區分「報導立場」和「內容真偽」；僅有比例資料不能直接證明報導不實。","[""依題幹／圖表證據判斷"",""辨析地理或社會概念""]","[]","","false","false","https://cap.rcpet.edu.tw/exam/114/114exam.html","https://drive.google.com/file/d/1vFl3qctoBXYcCtWbAqKUqhekIMgV6q-m/view","","","","","","","","",""
"OFF-1000","社會","官方歷屆真題","114","16","會考總複習","歷屆會考","114年社會第16題","進階","歷屆真題","圖(五)為中國於2019至2025年間規劃推 動的「西部陸海新通道」，該通道利用 鐵路、公路及海運等多種運輸方式以促 進物流效率與經濟發展。根據圖中資訊 判斷，上述通道的推動最可能具有下列 何項效益？","連結經北極海通往歐洲的航線","節省與美墨加協定成員的海運時間","增進與東南亞國協成員的貿易往來","避免來自西亞的石油運輸受制於他國","2","增進與東南亞國協成員的貿易往來","","答案 C「增進與東南亞國協成員的貿易往來」。西部陸海新通道連結中國西部、南部港口及東南亞方向，縮短內陸貨物通往東南亞的運輸路徑。","[""先讀地圖路線：中國西部城市經鐵路、公路向南到南寧、再連接北部灣港與海運。"",""路線面向東南亞海域及港口，有利中國西部與東南亞國協成員間物流及貿易。"",""選 C；圖示不是北極航線，也不涉及美墨加協定，更不能保證西亞石油運輸不受他國影響。""]","讀交通建設效益圖要沿線追蹤起點、通道及終點，再推論改善哪個方向的連結。","[""依題幹／圖表證據判斷"",""辨析地理或社會概念""]","[""./assets/official-exams/114-social-q16-western-route-map.png""]","./assets/official-exams/114-social-q16-western-route-map.png","true","false","https://cap.rcpet.edu.tw/exam/114/114exam.html","https://drive.google.com/file/d/1vFl3qctoBXYcCtWbAqKUqhekIMgV6q-m/view","","","","","","","","",""
"OFF-1001","社會","官方歷屆真題","114","17","會考總複習","歷屆會考","114年社會第17題","進階","歷屆真題","小荃想造訪一處風景優美的祕境，但在抵達祕境 的入口處，見有一告示牌寫著「上游水壩不定時 洩洪，請勿進入溪谷以確保生命安全」，於是決 定避開危險另覓他處。圖(六)為上述祕境附近的等 高線地形圖，圖中甲、乙、丙、丁何者最可能為 該祕境所在地點？","甲","乙","丙","丁","0","甲","","答案 A「甲」。警告指出上游水壩可能洩洪，危險點應位於溪谷中的河道或緊鄰河道處；圖中甲位在河流通過的低地谷線。","[""洩洪水會沿河道向下游流，風險最高處是河谷及河道附近，不是只看海拔高低。"",""在等高線圖上，河谷通常呈V形等高線，V形尖端指向上游；沿圖示河流定位。"",""圖中甲位於溪谷河道附近，符合警告所指危險區，選 A。""]","等高線的V形可辨識河谷；洪水風險要看河道連通和上下游，不可把較高地點一律當作安全答案。","[""依題幹／圖表證據判斷"",""辨析地理或社會概念""]","[""./assets/official-exams/114-social-q17-contour-map.png""]","./assets/official-exams/114-social-q17-contour-map.png","true","false","https://cap.rcpet.edu.tw/exam/114/114exam.html","https://drive.google.com/file/d/1vFl3qctoBXYcCtWbAqKUqhekIMgV6q-m/view","","","","","","","","",""
"OFF-1002","社會","官方歷屆真題","114","18","會考總複習","歷屆會考","114年社會第18題","進階","歷屆真題","近年來由於新冠肺炎疫情造成嚴重的通貨膨脹，使得甲地的房價及物價高 漲，影響其生活品質。此外，因為在鄰國的乙地1天的薪水，在甲地約1小時 就賺得到，於是有一部分的甲地人搬至乙地居住，再利用遠距工作或每天通 勤至甲地上班，藉以降低房租及生活消費。上述甲地與乙地依序最可能位於 何國？","法國、英國","美國、墨西哥","土耳其、希臘","馬來西亞、新加坡","1","美國、墨西哥","","答案 B「美國、墨西哥」。甲地生活成本高、工資遠高於鄰國乙地，居民搬到乙地居住再跨境通勤或遠距工作，符合美墨邊境的跨境生活型態。","[""題幹描述甲地高薪高物價、乙地薪資低且相鄰，形成跨境居住與工作。"",""美國與墨西哥接壤，兩側生活成本與所得差異可形成此種通勤／遠距居住情形。"",""選 B；法英、土希、馬新都不符合題幹所述的典型所得差及跨境移居脈絡。""]","跨境生活題須同時考慮鄰接關係、所得差異、房價和通勤可行性。","[""依題幹／圖表證據判斷"",""辨析地理或社會概念""]","[]","","false","false","https://cap.rcpet.edu.tw/exam/114/114exam.html","https://drive.google.com/file/d/1vFl3qctoBXYcCtWbAqKUqhekIMgV6q-m/view","","","","","","","","",""
"OFF-1003","社會","官方歷屆真題","114","19","會考總複習","歷屆會考","114年社會第19題","進階","歷屆真題","圖(七)為2022年世界及甲區域的人口年齡及性別資料，根據人口組成判斷， 甲區域最可能為下列何者？ 圖(七)","歐洲","北美洲","東北亞","漠南非洲","3","漠南非洲","","答案 D「漠南非洲」。圖中甲的人口金字塔底部較寬、年輕人口比例高，呈現出生率相對較高、人口較年輕的結構，符合漠南非洲特徵。","[""讀人口金字塔：底部代表年輕年齡層，甲的底部相對寬，年長人口比例較低。"",""這表示人口結構較年輕，與歐洲、北美洲及東北亞常見的低生育、高齡化型態不同。"",""選 D 漠南非洲。""]","人口金字塔底寬代表年輕人口比率較高；柱形形狀比單看總人口更能判斷區域人口特徵。","[""依題幹／圖表證據判斷"",""辨析地理或社會概念""]","[""./assets/official-exams/114-social-q19-population-pyramids.png""]","./assets/official-exams/114-social-q19-population-pyramids.png","true","false","https://cap.rcpet.edu.tw/exam/114/114exam.html","https://drive.google.com/file/d/1vFl3qctoBXYcCtWbAqKUqhekIMgV6q-m/view","","","","","","","","",""
"OFF-1004","社會","官方歷屆真題","114","20","會考總複習","歷屆會考","114年社會第20題","進階","歷屆真題","圖(八)是博物館展覽對臺灣歷史上某陶 製漏斗狀工具使用方式的介紹。此種工 具在十八至十九世紀之間，最多被用於 圖(九)中何處？","甲","乙","丙","丁","2","丙","","答案 C「丙」。圖(八)介紹的陶製漏斗狀工具是早期製糖過程中的糖漏，用於糖漿結晶、瀝出糖蜜；圖(九)中與製糖活動及糖業聚落相符的位置為丙。","[""先由工具形狀與用途辨認它是糖漏，屬於製糖加工器具。"",""十八至十九世紀臺灣的重要製糖區與聚落集中於西南部平原。"",""對照圖(九)的地點標示，製糖活動位置對應丙，選 C。""]","產業史料題先辨識器具功能，再把產業分布與地圖位置配對；不要只按地名猜答案。","[""依題幹／圖表證據判斷"",""辨析地理或社會概念""]","[""./assets/official-exams/114-social-q20-sugar-tool.png"",""./assets/official-exams/114-social-q20-taiwan-map.png""]","./assets/official-exams/114-social-q20-sugar-tool.png","true","false","https://cap.rcpet.edu.tw/exam/114/114exam.html","https://drive.google.com/file/d/1vFl3qctoBXYcCtWbAqKUqhekIMgV6q-m/view","","","","","","","","",""
"OFF-1005","社會","官方歷屆真題","114","21","會考總複習","歷屆會考","114年社會第21題","進階","歷屆真題","以下是學者對於中國史上某制度的論述：「此制度的基本涵義是指統治者透 過任用非世襲的官員，建立中央集權的政府。這個制度初步發展於東周， 在秦王朝統一天下後全面施行，隋 唐等朝代都繼續沿用，也影響了周遭的 日本、朝鮮，是中國重要的制度。」根據上述內容判斷，該制度最可能是下 列何者？","郡縣制度","封建制度","科舉制度","九品官人法","0","郡縣制度","","答案 A「郡縣制度」。郡縣制度以中央任命官員管理地方，取代世襲諸侯，發展中央集權；秦統一後全面推行，後世沿用。","[""抓住線索：地方官由統治者任命，且不是世襲。"",""任命官員治理郡、縣可讓中央直接控制地方；秦統一後全面推行。"",""所以是 A 郡縣制度；封建制度以世襲諸侯分封，科舉是選官考試，九品官人法是另一種選官制度。""]","郡縣制與封建制常考對比：前者中央任命、後者地方世襲；不要把選官考試制度混為一談。","[""依題幹／史料判讀"",""辨析歷史脈絡""]","[]","","false","false","https://cap.rcpet.edu.tw/exam/114/114exam.html","https://drive.google.com/file/d/1vFl3qctoBXYcCtWbAqKUqhekIMgV6q-m/view","","","","","","","","",""
"OFF-1006","社會","官方歷屆真題","114","22","會考總複習","歷屆會考","114年社會第22題","進階","歷屆真題","圖(十)是某報紙報導的部分內容，請依報導圖文判斷標題中的「？」最適合填入何者？","辛亥革命","北伐統一","八年抗戰","抗美援朝","2","八年抗戰","","答案 C「八年抗戰」。報紙文字談到日本軍隊戰敗、臺灣光復相關的戰後局勢，對應八年抗戰結束，不是抗美援朝。","[""先讀圖中文字所指的日本戰敗、戰事結束與臺灣光復脈絡。"",""日本於第二次世界大戰戰敗，結束自1937年起的對日抗戰。"",""因此標題應為八年抗戰，選 C；辛亥革命、北伐和抗美援朝分屬不同年代與事件。""]","史料題先從報紙中的人名、事件和語句定位年代，再與選項的歷史事件比對。","[""依題幹／史料判讀"",""辨析歷史脈絡""]","[""./assets/official-exams/114-social-q22-newspaper-clipping.png""]","./assets/official-exams/114-social-q22-newspaper-clipping.png","true","false","https://cap.rcpet.edu.tw/exam/114/114exam.html","https://drive.google.com/file/d/1vFl3qctoBXYcCtWbAqKUqhekIMgV6q-m/view","","","","","","","","",""
"OFF-1007","社會","官方歷屆真題","114","23","會考總複習","歷屆會考","114年社會第23題","進階","歷屆真題","1989年8月，奧地利與匈牙利邊境短暫開放，數百人趁機逃離共產集團、計畫經濟控制的家鄉，前往「自由的歐洲」。這些民眾最可能來自圖(十一)中的甲、乙、丙、丁何地？","甲","乙","丙","丁","0","甲","","答案 A「甲」。逃離者最可能來自東德。1989年東德人民經匈牙利、奧地利逃往西歐，圖中甲位於德國。","[""題幹描述逃離共產集團且實施計畫經濟的國家，並在奧匈邊境開放時出逃。"",""冷戰時期的東德屬共產集團；1989年東德人利用匈牙利邊境開放西逃。"",""對照圖中德國位置，標記為甲，故選 A；乙在南歐、丙在西歐、丁在北歐。""]","冷戰地圖題把制度線索（共產集團）與路線線索（匈牙利、奧地利）一起定位。","[""依題幹／史料判讀"",""辨析歷史脈絡""]","[""./assets/official-exams/114-social-q23-europe-map.png""]","./assets/official-exams/114-social-q23-europe-map.png","true","false","https://cap.rcpet.edu.tw/exam/114/114exam.html","https://drive.google.com/file/d/1vFl3qctoBXYcCtWbAqKUqhekIMgV6q-m/view","","","","","","","","",""
"OFF-1008","社會","官方歷屆真題","114","24","會考總複習","歷屆會考","114年社會第24題","進階","歷屆真題","某國中學生自治組織選舉前調查各年級願意採用不同投票方式的比例：七年級實體48%、網路93%；八年級實體49%、網路95%；九年級實體42%、網路90%。實體投票是設置投票箱，以紙本選票圈選。何者最適當？","實體投票比網路投票更能形成民意","使用科技可能有洩漏個人資料的風險","實體投票比網路投票更符合無記名原則","使用科技能提升學生參與公共事務的程度","3","使用科技能提升學生參與公共事務的程度","","答案 D「使用科技能提升學生參與公共事務的程度」。三個年級願意網路投票的比例都遠高於實體投票，顯示便利科技可能提高參與意願。","[""逐年比較網路與實體投票：七年級93%對48%，八年級95%對49%，九年級90%對42%。"",""每個年級對網路投票的意願都高出許多。"",""資料支持網路科技有助提升參與意願，選 D；此調查不能證明資安風險或哪一種更符合無記名原則。""]","從調查資料只能推論意願比例的差異，不能把未調查的資安或制度公平性當成結論。","[""依題幹／史料判讀"",""辨析歷史脈絡""]","[]","","false","false","https://cap.rcpet.edu.tw/exam/114/114exam.html","https://drive.google.com/file/d/1vFl3qctoBXYcCtWbAqKUqhekIMgV6q-m/view","","","","","","","","",""
"OFF-1009","社會","官方歷屆真題","114","25","會考總複習","歷屆會考","114年社會第25題","進階","歷屆真題","下列是某地方政府勞工局處理一件勞資糾紛的部分過程： 勞工局：「 根據貴公司的員工出勤紀錄，員工確實常加班工作，依法雇主應 給付加班費。」 雇主：「 可是我又沒強迫員工留下來加班，有時候他們留在公司也不一定是 為了工作，只是下班後不想那麼早離開而已。」 勞工局：「 依照《勞動事件法》規定，出勤紀錄內記載的勞工出勤時間，都 預設勞工是經雇主同意而加班工作。若雇主認為員工並非因加班 工作而留在公司，則須由雇主提出證明。」 根據上述《勞動事件法》的規定判斷，下列何者最可能是當初立法時考量的 理由？","消除職場上出現的性別歧視行為","確保勞工可維持基本的生活水準","禁止超時工作以保障童工的身心健康","平衡勞資雙方之間權力不對等的關係","3","平衡勞資雙方之間權力不對等的關係","","答案 D「平衡勞資雙方之間權力不對等的關係」。出勤紀錄先推定為雇主同意的加班，並由雇主負責提出反證，可降低勞工舉證困難。","[""題幹中雇主掌握出勤及薪資資料，勞工若要證明加班容易遇到資訊與權力差距。"",""法律以出勤紀錄作為加班推定，並把反證責任交由較能取得資料的雇主。"",""這種程序設計是在平衡勞資權力及舉證能力，選 D；不是性別歧視、最低生活保障或童工保護。""]","法律程序保障常針對雙方實際能力不對等；舉證責任配置是公平程序的重要工具。","[""依題幹／史料判讀"",""辨析歷史脈絡""]","[]","","false","false","https://cap.rcpet.edu.tw/exam/114/114exam.html","https://drive.google.com/file/d/1vFl3qctoBXYcCtWbAqKUqhekIMgV6q-m/view","","","","","","","","",""
"OFF-1010","社會","官方歷屆真題","114","26","會考總複習","歷屆會考","114年社會第26題","進階","歷屆真題","圖(十二)呈現甲國近三十年間三類已婚女性（尚無子女、有子女等）的勞動力參與率。根據圖中資訊，可推論該國社會存在何種現象？（勞動力參與率為15歲以上民間人口中就業者及正在找工作者的比例。）","家務勞動影響了女性參與市場勞動的機會","外籍配偶增多影響了該國女性的工作機會","家庭型態變遷使女性承擔較多的家務勞動","女性投入家務勞動的總時數比市場勞動多","0","家務勞動影響了女性參與市場勞動的機會","","答案 A「家務勞動影響了女性參與市場勞動的機會」。圖中家中有子女的兩類已婚女性勞動參與率都低於尚無子女者，呈現照顧責任可能影響就業參與的差異；圖表本身顯示的是關聯，不能單獨證明因果。","[""先讀圖例分組：尚無子女、家中有未滿6歲子女、家中只有6歲以上子女；兩類家中有子女者的參與率都低於尚無子女者。"",""三類女性均隨時間增加，但育兒家庭與其他組別仍有差距，反映照顧責任可能限制市場工作參與。"",""因此選 A；圖表沒有外籍配偶資料，也不能推論家務總時數一定多於市場工時。""]","相關性圖表能支持差異與可能因素的推論，但不要把圖上沒有測量的原因當作直接證明。","[""勞動力參與率"",""家務勞動"",""市場勞動""]","[""./assets/official-exams/114-social-q26-labor-chart.png""]","./assets/official-exams/114-social-q26-labor-chart.png","true","false","https://cap.rcpet.edu.tw/exam/114/114exam.html","https://drive.google.com/file/d/1vFl3qctoBXYcCtWbAqKUqhekIMgV6q-m/view","","","","","","","","",""
"OFF-1011","社會","官方歷屆真題","114","27","會考總複習","歷屆會考","114年社會第27題","進階","歷屆真題","土耳其扼黑海出入馬摩拉海的咽喉，因為原有 天然航道的航運交通量日益增加，政府計畫興 建圖(十三)中的新運河，該計畫除了引發國內 正反意見的討論外，也引起黑海周邊國家的高 度關注。上述運河完工後所帶來的影響最可能 為下列何者？","土耳其將會喪失原有的「歐亞陸橋」稱號","土耳其的經濟海域範圍將因此而大幅增加","黑海的海洋生物進入馬摩拉海的機率下降","船隻等候通過博斯普魯斯海峽的時間減少","3","船隻等候通過博斯普魯斯海峽的時間減少","","答案 D「船隻等候通過博斯普魯斯海峽的時間減少」。伊斯坦堡新運河規劃提供黑海與馬摩拉海之間的替代航道，可分散博斯普魯斯海峽船流。","[""從地圖確認新運河位於伊斯坦堡附近，與博斯普魯斯海峽同為黑海通往馬摩拉海的路線。"",""若部分船隻改走新運河，原海峽交通量及等候壅塞可能降低。"",""選 D；新運河不會讓土耳其海域大幅擴張，也不會改變歐亞陸橋地位；黑海生物移動也非此題主要交通效益。""]","基礎建設的影響要沿交通路線推論；替代通道通常分流、降低原通道壅塞。","[""Bosporus Strait（博斯普魯斯海峽）"",""canal（運河）"",""shipping route（航運路線）""]","[""./assets/official-exams/114-social-q27-black-sea-canal-map.png""]","./assets/official-exams/114-social-q27-black-sea-canal-map.png","true","false","https://cap.rcpet.edu.tw/exam/114/114exam.html","https://drive.google.com/file/d/1vFl3qctoBXYcCtWbAqKUqhekIMgV6q-m/view","","","","","","","","",""
"OFF-1012","社會","官方歷屆真題","114","28","會考總複習","歷屆會考","114年社會第28題","進階","歷屆真題","圖(十四)中的國家積極發展某一種綠色能源。 根據圖中資訊判斷，下列何者最可能為該國所 發展的綠色能源及選擇的理由？","水力；因雨量豐沛且山高水深，水力動能大","太陽能；因位處太陽直射範圍，輻射強度大","風力；因位於盛行西風帶，風力強勁且穩定","海洋能；因北大西洋暖流流經，洋流動能大","1","太陽能；因位處太陽直射範圍，輻射強度大","","答案 B「太陽能；因位處太陽直射範圍，輻射強度大」。圖中座標約為北緯1.33度、東經103.83度，位於赤道附近的新加坡，全年日照條件有利太陽能發展。","[""讀圖座標 1.33°N、103.83°E，位置在赤道附近的新加坡。"",""低緯度地區太陽高度角較大、日照能量較強，適合發展太陽能。"",""選 B；新加坡地勢低平，不符合高山水力條件，也不在西風帶或北大西洋暖流沿岸。""]","能源區位題以座標定位，再把緯度、地形、風帶或海流等自然條件連到能源類型。","[""solar energy（太陽能）"",""latitude（緯度）"",""solar radiation（太陽輻射）""]","[""./assets/official-exams/114-social-q28-singapore-map.png""]","./assets/official-exams/114-social-q28-singapore-map.png","true","false","https://cap.rcpet.edu.tw/exam/114/114exam.html","https://drive.google.com/file/d/1vFl3qctoBXYcCtWbAqKUqhekIMgV6q-m/view","","","","","","","","",""
"OFF-1013","社會","官方歷屆真題","114","29","會考總複習","歷屆會考","114年社會第29題","進階","歷屆真題","小綸從網站上取得2021年中國各省級行政區年降水量資料，他以當年全國平 均降水量691.6毫米作為標準，若省級行政區的年降水量低於此一數值，則在 該區塗上深灰色。根據上述原則，小綸繪製出的地圖最可能為下列何者？ (A) (B) (C) (D)","A","B","C","D","1","B","","答案 B。低於全國平均降水量 691.6 毫米的區域，主要分布在中國西北、北方內陸及較乾燥地區；選項 B 的塗色範圍最符合由東南濕潤區向西北乾燥區的分布。","[""題目規則是年降水量低於 691.6 毫米才塗深灰，需辨認乾燥區的空間分布。"",""中國降水大致由東南沿海向西北內陸遞減；西北內陸及部分北方地區較常低於此門檻。"",""比較四圖，B 的深色集中在北方與西北內陸，與降水分布最相符。""]","先建立降水量由東南向西北遞減的整體格局，再看省界範圍；不要只憑某一省份判斷。","[""annual precipitation（年降水量）"",""arid（乾燥的）"",""inland（內陸）""]","[""./assets/official-exams/114-social-q29-china-rainfall-options.png""]","./assets/official-exams/114-social-q29-china-rainfall-options.png","true","false","https://cap.rcpet.edu.tw/exam/114/114exam.html","https://drive.google.com/file/d/1vFl3qctoBXYcCtWbAqKUqhekIMgV6q-m/view","","","","","","","","",""
"OFF-1014","社會","官方歷屆真題","114","30","會考總複習","歷屆會考","114年社會第30題","進階","歷屆真題","【閱讀材料】碳匯是指能夠吸收及儲存含碳化合物的天然或人工「倉庫」，如森林、草 原、濕地、土壤、海洋等。為了達成2050年「碳中和」目標，各國除了減少 二氧化碳的排放之外，也積極擴大國家的碳匯。根據上文所述，若要增加一 國的碳匯，則下列何種方法最為適切？","以焚林的方式，快速取得種植經濟作物的土地","於屋頂上方設置太陽能發電板，增加電力供給","恢復曾經消失的農地，採友善環境的耕作方式","選用當地食材以減少運輸距離，降低食物里程","2","恢復曾經消失的農地，採友善環境的耕作方式","","答案 C「恢復曾經消失的農地，採友善環境的耕作方式」。植被與健康土壤可吸收並儲存碳；恢復土地生態及土壤碳庫，能增加碳匯。","[""題幹把碳匯定義為吸收並儲存含碳化合物的天然或人工倉庫。"",""友善耕作能恢復植被與土壤生態，使土壤累積有機碳，增加碳儲存。"",""選 C；焚林會釋放碳，太陽能主要減少排放而非直接擴大碳匯，縮短運輸也屬減排。""]","分清減碳排與增碳匯：再生能源偏向減少排放，森林、土壤等生態系吸收儲碳才是碳匯。","[""carbon sink（碳匯）"",""soil（土壤）"",""carbon storage（碳儲存）""]","[]","","false","false","https://cap.rcpet.edu.tw/exam/114/114exam.html","https://drive.google.com/file/d/1vFl3qctoBXYcCtWbAqKUqhekIMgV6q-m/view","","","","","","","","",""
"OFF-1015","社會","官方歷屆真題","114","31","會考總複習","歷屆會考","114年社會第31題","進階","歷屆真題","莎綺在北大武山看到日本統治時期興建的大武祠與紀念碑。碑文摘譯記載：日本政府招募高砂義勇隊，派往南洋作戰。根據這段史料，這些歷史建築興建的時局背景最可能為何？","強化皇民化運動的推展","宣傳日俄戰爭即將勝利","實施開山撫番推動漢化","發起原住民族正名運動","0","強化皇民化運動的推展","","答案 A「強化皇民化運動的推展」。碑文摘譯提到招募高砂義勇隊並派往南洋作戰，呈現日治後期對原住民族的戰時動員及要求效忠日本的皇民化政策。","[""先抓史料中的時間與動員線索：高砂義勇隊被招募並派往南洋作戰，指向日本統治後期的戰時背景。"",""將史料與政策目的連結：日本當局推動皇民化，強化臺灣人對日本國家的認同，並動員部分原住民族從軍。"",""因此選 A；日俄戰爭較早，開山撫番是清代政策，原住民族正名運動則是戰後發展。""]","史料題要先找出具體行動與對象，再判斷政策背景；高砂義勇隊赴南洋是日治後期戰時動員，不是清代政策。","[""依史料／制度／地圖證據判讀"",""核對選項時代與概念""]","[]","","false","false","https://cap.rcpet.edu.tw/exam/114/114exam.html","https://drive.google.com/file/d/1vFl3qctoBXYcCtWbAqKUqhekIMgV6q-m/view","","","","","","","","",""
"OFF-1016","社會","官方歷屆真題","114","32","會考總複習","歷屆會考","114年社會第32題","進階","歷屆真題","理加頭目因荷蘭人未能調停部落衝突，受日本人勸說後帶族人赴日求援；返臺遭荷蘭人監禁，引發日人挾持臺灣長官，江戶幕府並一度關閉荷蘭在日商館制裁。此事最可能發生於何時、何地？（江戶幕府：明治天皇親政以前實際統治日本的機構。）","十六世紀的澎湖","十七世紀的大員","十八世紀的淡水","十九世紀的卑南","1","十七世紀的大員","","答案 B「十七世紀的大員」。荷蘭東印度公司於十七世紀統治大員（臺南安平一帶）；理加事件及荷蘭、日本勢力衝突發生於此時期。","[""江戶幕府與荷蘭在日本設商館的線索，指向十七世紀日本鎖國時期。"",""荷蘭人當時以大員為據點統治臺灣西南部，理加事件與荷蘭臺灣長官相關。"",""故選 B 十七世紀的大員；其他地點與時代不符合荷蘭統治及江戶幕府的背景。""]","用多項年代線索交叉驗證：荷蘭據臺、江戶幕府和事件地點須同時吻合。","[""依史料／制度／地圖證據判讀"",""核對選項時代與概念""]","[]","","false","false","https://cap.rcpet.edu.tw/exam/114/114exam.html","https://drive.google.com/file/d/1vFl3qctoBXYcCtWbAqKUqhekIMgV6q-m/view","","","","","","","","",""
"OFF-1017","社會","官方歷屆真題","114","33","會考總複習","歷屆會考","114年社會第33題","進階","歷屆真題","表(四)統計臺灣鳳梨罐頭銷往美國、日本、中國大陸及西德的箱數。1946年：甲0、乙0、丙0、丁60,696；1950年：甲38,134、乙203、丙0、丁0；1955年：甲182,000、乙33,836、丙153,963、丁0；1960年：甲269,338、乙676,098、丙737,723、丁0。甲、乙、丙、丁何者最可能是中國大陸？","甲","乙","丙","丁","3","丁","","答案 D「丁」。丁在1946年有出口紀錄，1950年後持續為零，符合兩岸分治、政治衝突後對中國大陸貿易中斷的歷史背景。","[""先比較時間變化：丁1946年有60,696箱，1950年起各年均為零。"",""1949年後兩岸分治並形成長期對峙，對中國大陸的直接貿易受到限制。"",""因此丁最可能是中國大陸，選 D；其餘市場在1950至1960年間仍有持續或增加的出口。""]","表格題要看長期變化及政策轉折，不應僅由單一年數值推測目的地。","[""依史料／制度／地圖證據判讀"",""核對選項時代與概念""]","[]","","false","false","https://cap.rcpet.edu.tw/exam/114/114exam.html","https://drive.google.com/file/d/1vFl3qctoBXYcCtWbAqKUqhekIMgV6q-m/view","","","","","","","","",""
"OFF-1018","社會","官方歷屆真題","114","34","會考總複習","歷屆會考","114年社會第34題","進階","歷屆真題","某大學海報介紹演講者王美美的經歷：曾任法官、立法委員。下列何者最可能是她曾行使的職權？","為審核各機關送交的決算挑燈夜戰","提請總統任命行政院所屬部會首長","對司法院院長被提名人行使同意權","在掌握事證後彈劾違法失職的法官","2","對司法院院長被提名人行使同意權","","答案 C「對司法院院長被提名人行使同意權」。立法委員可依憲法增修條文對司法院院長、副院長及大法官等人事提名行使同意權。","[""海報說演講者曾任法官及立法委員，題目問其可能行使過的權限。"",""立法委員可對司法院院長被提名人行使同意權。"",""選 C；審核決算屬監察機關職權，提請任命行政院部會首長屬行政院長權責，彈劾法官則非立法委員個人職權。""]","先把職務和憲政機關配對：立法院立法、預算審議與人事同意；監察院調查、糾正及彈劾。","[""依史料／制度／地圖證據判讀"",""核對選項時代與概念""]","[]","","false","false","https://cap.rcpet.edu.tw/exam/114/114exam.html","https://drive.google.com/file/d/1vFl3qctoBXYcCtWbAqKUqhekIMgV6q-m/view","","","","","","","","",""
"OFF-1019","社會","官方歷屆真題","114","35","會考總複習","歷屆會考","114年社會第35題","進階","歷屆真題","甲資料：古代統治者為控制各地、運送物資兵力，強徵數百萬人修築運河。乙資料：地方政府規劃社會住宅，議會要求依法召開公聽會聽取居民意見。何者最適當？","甲資料顯示當時的市場勞動權利受法律保障","乙資料顯示當時的政府權力受到約束與制衡","二則資料皆顯示公共建設以促進公平正義為主要考量","二則資料皆顯示公共意見是經由大眾反覆討論而形成","1","乙資料顯示當時的政府權力受到約束與制衡","","答案 B「乙資料顯示當時的政府權力受到約束與制衡」。乙資料中議會依法律要求政府舉辦公聽會，顯示現代政府決策受到制度與民意監督。","[""甲描述統治者為國家控制與軍事運輸徵用大量勞力，沒有呈現勞工權利保障。"",""乙描述議會依法要求行政機關聽取居民意見，顯示權力受到制衡。"",""選 B；甲並非以公平正義為主，兩則也不是都透過大眾反覆討論形成。""]","比較不同時代治理時，留意強制動員與現代法治、民主參與的差別。","[""依史料／制度／地圖證據判讀"",""核對選項時代與概念""]","[]","","false","false","https://cap.rcpet.edu.tw/exam/114/114exam.html","https://drive.google.com/file/d/1vFl3qctoBXYcCtWbAqKUqhekIMgV6q-m/view","","","","","","","","",""
"OFF-1020","社會","官方歷屆真題","114","36","會考總複習","歷屆會考","114年社會第36題","進階","歷屆真題","模擬法庭角色為：甲檢察官、乙被告、丙辯護律師、丁法官。依我國法律及角色分工，下列哪句臺詞最恰當？","甲：我依據相關犯罪事證依法起訴乙","乙：我承認錯誤，我會儘早償還借款","丙：我希望甲審酌證據後判決乙無罪","丁：我判決原告勝訴，撤銷行政處分","0","甲：我依據相關犯罪事證依法起訴乙","","答案 A「甲：我依據相關犯罪事證依法起訴乙」。檢察官依法偵查、提起公訴並在法庭上提出證據，甲的說法符合檢察官職責。","[""甲是檢察官，負責依犯罪事證提起公訴。"",""乙是刑事被告；償還借款屬民事債務，不能直接對應此刑事模擬法庭。"",""丙是辯護人，應向法院為被告辯護；丁為法官，題目情境不是行政訴訟，故選 A。""]","法庭角色要分清：檢察官代表國家追訴、辯護人協助被告、法官居中審判。","[""依史料／制度／地圖證據判讀"",""核對選項時代與概念""]","[]","","false","false","https://cap.rcpet.edu.tw/exam/114/114exam.html","https://drive.google.com/file/d/1vFl3qctoBXYcCtWbAqKUqhekIMgV6q-m/view","","","","","","","","",""
"OFF-1021","社會","官方歷屆真題","114","37","會考總複習","歷屆會考","114年社會第37題","進階","歷屆真題","「社會企業」是近年頗受關注的概念，其中公司型的社會企業透過商業活動營 利，以改善社會或環境問題為目標，並非以讓出資者獲利為唯一考量，而企業 獲得的利潤，也將繼續投入改善社會或環境問題的商業活動，希望讓社會企業 得以永續經營。下列何種作法與上述提及的企業經營模式最相符？","運用低價策略創造企業優勢","制定法律推行友善勞工政策","提倡公平貿易幫助小農發展","募集善心捐款扶助弱勢群體","2","提倡公平貿易幫助小農發展","","答案 C「提倡公平貿易幫助小農發展」。公平貿易透過商業交易改善小農處境，同時仍以營運收入支持社會目標，符合公司型社會企業模式。","[""題幹定義公司型社會企業：以商業活動營利，但把改善社會或環境問題作為目標。"",""公平貿易以交易支持小農，兼具營運和社會改善效果。"",""選 C；純低價競爭未必改善社會問題，制定法律不是企業營運，募款則屬慈善而非商業模式。""]","社會企業與慈善團體不同：前者透過可持續的商業營運創造社會效益。","[""依史料／制度／地圖證據判讀"",""核對選項時代與概念""]","[]","","false","false","https://cap.rcpet.edu.tw/exam/114/114exam.html","https://drive.google.com/file/d/1vFl3qctoBXYcCtWbAqKUqhekIMgV6q-m/view","","","","","","","","",""
"OFF-1022","社會","官方歷屆真題","114","38","會考總複習","歷屆會考","114年社會第38題","進階","歷屆真題","某日新聞報導有位失智症患者將土地、房屋贈送給陌生人的糾紛，由於小明 的爺爺是中度失智症患者，家人擔心爺爺也會做出類似行為而導致權益受 損，便向律師諮詢。律師建議家屬可向法院提出聲請，對爺爺作出監護宣 告。上述律師的建議內容應是希望達成下列何項法律效果？","讓爺爺成為無行為能力人，以保障其財產","讓爺爺成為限制行為能力人，以保障其財產","讓爺爺成為無行為能力人，以保障其契約自由","讓爺爺成為限制行為能力人，以保障其契約自由","0","讓爺爺成為無行為能力人，以保障其財產","","答案 A「讓爺爺成為無行為能力人，以保障其財產」。監護宣告適用於因精神障礙或其他心智缺陷、不能為意思表示或受意思表示等情形者；受監護宣告者為無行為能力人，由監護人協助保障權益。","[""題目明確問法院作成監護宣告的法律效果，不是輔助宣告。"",""受監護宣告者依法為無行為能力人，法律行為由法定代理人代為或同意，以避免財產權益受損。"",""因此選 A；限制行為能力人是未成年人或受輔助宣告者等不同概念。""]","區分監護宣告與輔助宣告：監護宣告涉及無行為能力；輔助宣告為限制行為能力。","[""依史料／制度／地圖證據判讀"",""核對選項時代與概念""]","[]","","false","false","https://cap.rcpet.edu.tw/exam/114/114exam.html","https://drive.google.com/file/d/1vFl3qctoBXYcCtWbAqKUqhekIMgV6q-m/view","","","","","","","","",""
"OFF-1023","社會","官方歷屆真題","114","39","會考總複習","歷屆會考","114年社會第39題","進階","歷屆真題","2020年之前，臺灣與日本都面臨勞力短缺的問題，但日本提供比臺灣更高的 薪資吸引國際移工，因此許多菲律賓籍移工較願意前往日本工作。不過2022 年底時，許多在日本工作的菲律賓籍移工發現，雖然每個月都拿出相同金額 的日幣兌換成菲律賓披索匯回家鄉，但年底換到的菲律賓披索卻比年初減少 了約10%，因此他們打算改往澳洲工作。上述國際移工變更工作地的考量， 其原因之一最可能為下列何者？（菲律賓披索：菲律賓貨幣名稱。）","菲律賓披索相對日幣升值","菲律賓披索相對新臺幣貶值","去臺灣工作的機會成本比去日本低","去澳洲工作的機會成本比去日本高","0","菲律賓披索相對日幣升值","","答案 A「菲律賓披索相對日幣升值」。同額日幣年底可兌換的菲律賓披索比年初少約一成，表示日幣相對披索貶值，亦即披索相對日幣升值。","[""比較固定金額的日幣兌換結果：年底換到的披索變少。"",""這表示每一日幣能換得的披索減少，日幣購買力下降。"",""相對而言披索升值、日幣貶值，選 A；因此移工匯回家的披索金額變少。""]","匯率要說清楚比較方向：同一單位日幣能換到較少披索，代表日幣貶值、披索相對升值。","[""依史料／制度／地圖證據判讀"",""核對選項時代與概念""]","[]","","false","false","https://cap.rcpet.edu.tw/exam/114/114exam.html","https://drive.google.com/file/d/1vFl3qctoBXYcCtWbAqKUqhekIMgV6q-m/view","","","","","","","","",""
"OFF-1024","社會","官方歷屆真題","114","40","會考總複習","歷屆會考","114年社會第40題","進階","歷屆真題","俄烏戰爭後，立陶宛限制經其領土進出俄羅斯加里寧格勒的貨運，引發俄羅斯不滿。圖(十八)標示加里寧格勒位置，根據其地理位置與題幹判斷，其重要性為何？","作為俄羅斯與東北亞國家間的貿易前哨站","為俄羅斯貨物經波羅的海出太平洋的港口","位處俄羅斯天然氣輸送至芬蘭的最短路徑上","是俄羅斯對抗北大西洋公約組織的軍事基地","3","是俄羅斯對抗北大西洋公約組織的軍事基地","","答案 D「是俄羅斯對抗北大西洋公約組織的軍事基地」。加里寧格勒是俄羅斯位於波羅的海沿岸、與本土不相連的飛地，鄰近波蘭與立陶宛等北約成員，具重要軍事戰略位置。","[""看地圖可知加里寧格勒位於波羅的海沿岸，與俄羅斯本土隔開。"",""其周邊多為北約成員國，地理位置使其成為俄羅斯在歐洲的重要軍事據點。"",""選 D；它不在東北亞，也不是通往太平洋或芬蘭的主要輸送路線。""]","飛地的戰略價值常來自周邊國家與海域位置；將地圖相鄰關係和題幹政治情勢合併判讀。","[""依史料／制度／地圖證據判讀"",""核對選項時代與概念""]","[""./assets/official-exams/114-social-q40-kaliningrad-map.png""]","./assets/official-exams/114-social-q40-kaliningrad-map.png","true","false","https://cap.rcpet.edu.tw/exam/114/114exam.html","https://drive.google.com/file/d/1vFl3qctoBXYcCtWbAqKUqhekIMgV6q-m/view","","","","","","","","",""
"OFF-1025","社會","官方歷屆真題","114","41","會考總複習","歷屆會考","114年社會第41題","進階","歷屆真題","表(五)列出台灣五座水庫2020年5月31日、2020年11月30日及2021年5月31日的蓄水量百分比：翡翠水庫80.9%、94.6%、62.1%；石門水庫67.4%、49.7%、12.5%；鯉魚潭水庫53.7%、39.4%、5.8%；德基水庫42.7%、38.2%、2.7%；曾文水庫27.7%、23.1%、4.1%。2021年5月底的蓄水狀況與何者關係最密切？","2021年梅雨鋒面提早報到","2021年夏末對流雨較不旺盛","2020年冬季迎風面的地形雨偏少","2020年缺乏颱風帶來的豐沛雨量","3","2020年缺乏颱風帶來的豐沛雨量","","答案 D「2020年缺乏颱風帶來的豐沛雨量」。2020年夏季臺灣沒有颱風登陸，水庫於2020年5月至11月未見明顯補水，隔年梅雨前蓄水偏低，符合降雨不足的背景。","[""比較2020年5月底與11月底：多數水庫蓄水率未上升，部分甚至下降。"",""2020年臺灣沒有颱風登陸，少了颱風帶來的主要夏季降雨補注。"",""2021年5月底多座水庫蓄水率極低，故選 D；題目不是在說2021年梅雨提早或夏末降雨。""]","水庫存量表要看不同日期的變化；季節性降雨與颱風是水庫補注的重要來源。","[""依題幹與圖表證據判讀"",""核對選項的因果關係""]","[]","","false","false","https://cap.rcpet.edu.tw/exam/114/114exam.html","https://drive.google.com/file/d/1vFl3qctoBXYcCtWbAqKUqhekIMgV6q-m/view","","","","","","","","",""
"OFF-1026","社會","官方歷屆真題","114","42","會考總複習","歷屆會考","114年社會第42題","進階","歷屆真題","某民意代表法律諮詢服務站的案件數：2020年民事200件、刑事180件、合計380件；2021年民事230件、刑事150件、合計380件。2020年刑事案件超過半數為告訴乃論；2021年刑事案件超過半數為非告訴乃論。若只考慮可採調解方式處理的民事案件與告訴乃論刑事案件，下列哪組件數可能成立？","2020年70件，2021年100件","2020年100件，2021年70件","2020年300件，2021年300件","2020年330件，2021年330件","2","2020年300件，2021年300件","","答案 C「2020年300件，2021年300件」。2020年告訴乃論至少91件，取100件則民事200件加刑事100件為300件；2021年告訴乃論至多74件，取70件則民事230件加刑事70件也為300件。","[""2020年180件刑事案件中，告訴乃論超過半數，即91至180件；要湊成300件，取100件可行。"",""2021年150件刑事案件中，非告訴乃論超過半數，因此告訴乃論最多74件；取70件可使230件民事加70件刑事恰為300件。"",""因此 C 的兩年各300件都可能；2020年總數不可能低至70或100，2021年總數最多304件，故330件不可能。""]","此題考數量上下限，不是把所有刑事案件都視為可調解；注意『超過半數』代表嚴格大於或小於。","[""依題幹與圖表證據判讀"",""核對選項的因果關係""]","[]","","false","false","https://cap.rcpet.edu.tw/exam/114/114exam.html","https://drive.google.com/file/d/1vFl3qctoBXYcCtWbAqKUqhekIMgV6q-m/view","","","","","","","","",""
"OFF-1027","社會","官方歷屆真題","114","43","會考總複習","歷屆會考","114年社會第43題","進階","歷屆真題","【閱讀材料】墨西哥首都的國立人類學博物館以當地古文明文物為主，藏品約六十萬件。建築設計呼應古文明信仰中的風、火、水、土四種自然力量。一樓常設展有專區介紹當地古文明農業；由於農業與宗教神話密不可分，展區展示掌管農業生產的神祇雕像。雕像手中拿著原產美洲、也是當地人民主食的作物。博物館展品說明大多使用今日當地官方語文，若增加其他語言，可幫助更多外國旅客了解當地文化。

下列何項展品最可能屬於該博物館的主要館藏？","A","B","C","D","1","B","","答案 B「B」。國立人類學博物館收藏墨西哥古文明文物；選項中的阿茲提克容器屬當地前哥倫布文明，與館藏主題相符。","[""先定位博物館：位於墨西哥首都，館藏主題是當地古文明。"",""比較圖示選項，阿茲提克容器屬墨西哥古文明器物。"",""因此選 B；巴塞隆納城門、南島樹皮布、因紐特獵具分別屬其他地域或文化。""]","辨識圖像選項的文化來源，並和博物館所在地、館藏主題比對。","[""依題幹與圖表證據判讀"",""核對選項的因果關係""]","[""./assets/official-exams/114-social-q43-artifacts.svg""]","./assets/official-exams/114-social-q43-artifacts.svg","true","false","https://cap.rcpet.edu.tw/exam/114/114exam.html","https://drive.google.com/file/d/1vFl3qctoBXYcCtWbAqKUqhekIMgV6q-m/view","","","","","","","","",""
"OFF-1028","社會","官方歷屆真題","114","44","會考總複習","歷屆會考","114年社會第44題","進階","歷屆真題","【閱讀材料】墨西哥首都的國立人類學博物館以當地古文明文物為主，藏品約六十萬件。建築設計呼應古文明信仰中的風、火、水、土四種自然力量。一樓常設展有專區介紹當地古文明農業；由於農業與宗教神話密不可分，展區展示掌管農業生產的神祇雕像。雕像手中拿著原產美洲、也是當地人民主食的作物。博物館展品說明大多使用今日當地官方語文，若增加其他語言，可幫助更多外國旅客了解當地文化。

圖(十九)神祇雕像手中所持的物品最可能是下列何者？","玉米","橄欖","小麥","稻米","0","玉米","","答案 A「玉米」。雕像手中作物原產於美洲，且是墨西哥古文明重要主食，最可能為玉米。","[""題幹給兩條線索：作物原產美洲，且為當地人民主食。"",""墨西哥古文明普遍種植並食用玉米，圖中雕像手持的穗狀物也符合玉米。"",""選 A 玉米；橄欖、小麥和稻米並非此處最符合的美洲原生主食。""]","從作物原產地與文明飲食辨識圖像，不要只依現代全球食材分布判斷。","[""依題幹與圖表證據判讀"",""核對選項的因果關係""]","[""./assets/official-exams/114-social-q44-god-statue.svg""]","./assets/official-exams/114-social-q44-god-statue.svg","true","false","https://cap.rcpet.edu.tw/exam/114/114exam.html","https://drive.google.com/file/d/1vFl3qctoBXYcCtWbAqKUqhekIMgV6q-m/view","","","","","","","","",""
"OFF-1029","社會","官方歷屆真題","114","45","會考總複習","歷屆會考","114年社會第45題","進階","歷屆真題","【閱讀材料】墨西哥首都的國立人類學博物館以當地古文明文物為主，藏品約六十萬件。建築設計呼應古文明信仰中的風、火、水、土四種自然力量。一樓常設展有專區介紹當地古文明農業；由於農業與宗教神話密不可分，展區展示掌管農業生產的神祇雕像。雕像手中拿著原產美洲、也是當地人民主食的作物。博物館展品說明大多使用今日當地官方語文，若增加其他語言，可幫助更多外國旅客了解當地文化。

文中博物館的展品說明最可能以何種語文為主？","英文","法文","葡萄牙文","西班牙文","3","西班牙文","","答案 D「西班牙文」。墨西哥的官方語文為西班牙文，博物館主要使用當地官方語文撰寫展品說明。","[""文章指出展品說明主要採用今日當地的官方語文。"",""墨西哥主要官方語文為西班牙文。"",""因此選 D；英文、法文、葡萄牙文不是此題所指的主要官方語文。""]","用所在地辨認官方語文；墨西哥與西班牙語文化圈歷史相關。","[""依題幹與圖表證據判讀"",""核對選項的因果關係""]","[]","","false","false","https://cap.rcpet.edu.tw/exam/114/114exam.html","https://drive.google.com/file/d/1vFl3qctoBXYcCtWbAqKUqhekIMgV6q-m/view","","","","","","","","",""
"OFF-1030","社會","官方歷屆真題","114","46","會考總複習","歷屆會考","114年社會第46題","進階","歷屆真題","【閱讀材料】我國汽、機車牌照原則上由英文字母與阿拉伯數字組成，但受民意反應與社會考量，有些符號不再使用。例如數字4因發音近似「死」而避用；字母I、O因與數字1、0相似而排除；BAD、BUM、END等字母組合因有負面意涵也不採用。政府開放民眾加價選號：有人想要6666、8888、9999等特殊號碼，也有人選生日或紀念日號碼；不在意號碼者可接受系統隨機分配。無論如何選號，車主都須將車牌掛在指定位置，違規者依《道路交通管理處罰條例》受罰。

多數國家使用0～9這十個數字作為車牌編碼的組合，但我國僅使用其中九個 數字。根據文中內容判斷，其原因最可能為下列何者？","倫理價值具有約束力","民間習俗具有強制力","法律規定受宗教信仰影響","政府施政受社會規範影響","3","政府施政受社會規範影響","","答案 D「政府施政受社會規範影響」。民眾因數字4諧音不吉利而反映意見，政府因此調整車牌編碼，顯示政策會受到社會規範及民意影響。","[""原文指出數字4因諧音、I與O因外形相似、負面字母組合等原因被排除。"",""這些並非法律或宗教要求，而是社會習俗及民意考量。"",""因此選 D，政府施政受社會規範影響。""]","社會規範包含習俗、價值與民意，未必具法律強制力，但仍可能影響公共政策。","[""依題幹與圖表證據判讀"",""核對選項的因果關係""]","[]","","false","false","https://cap.rcpet.edu.tw/exam/114/114exam.html","https://drive.google.com/file/d/1vFl3qctoBXYcCtWbAqKUqhekIMgV6q-m/view","","","","","","","","",""
"OFF-1031","社會","官方歷屆真題","114","47","會考總複習","歷屆會考","114年社會第47題","進階","歷屆真題","【閱讀材料】我國汽、機車牌照原則上由英文字母與阿拉伯數字組成，但受民意反應與社會考量，有些符號不再使用。例如數字4因發音近似「死」而避用；字母I、O因與數字1、0相似而排除；BAD、BUM、END等字母組合因有負面意涵也不採用。政府開放民眾加價選號：有人想要6666、8888、9999等特殊號碼，也有人選生日或紀念日號碼；不在意號碼者可接受系統隨機分配。無論如何選號，車主都須將車牌掛在指定位置，違規者依《道路交通管理處罰條例》受罰。

文中關於民眾選擇車牌號碼的敘述，最適合用來說明下列哪一觀點？","廠商之間的價格競爭將使消費者受惠","市場的競爭程度越高對消費者越有利","負向誘因促使民眾的行為發生改變","不同人對同一誘因的感受有所不同","3","不同人對同一誘因的感受有所不同","","答案 D「不同人對同一誘因的感受有所不同」。有人願意付費選吉祥數字，有人重視生日紀念號碼，也有人接受隨機分配，反映個人偏好及誘因感受不同。","[""文章列出不同選號動機：追求吉祥數字、選生日／紀念日，或不在意號碼。"",""同一個車牌號碼對不同人有不同主觀價值和支付意願。"",""選 D；本文沒有描述廠商競爭或市場競爭程度。""]","消費者偏好差異會形成不同支付意願；不可把個人選擇誤當成市場競爭證據。","[""依題幹與圖表證據判讀"",""核對選項的因果關係""]","[]","","false","false","https://cap.rcpet.edu.tw/exam/114/114exam.html","https://drive.google.com/file/d/1vFl3qctoBXYcCtWbAqKUqhekIMgV6q-m/view","","","","","","","","",""
"OFF-1032","社會","官方歷屆真題","114","48","會考總複習","歷屆會考","114年社會第48題","進階","歷屆真題","【閱讀材料】我國汽、機車牌照原則上由英文字母與阿拉伯數字組成，但受民意反應與社會考量，有些符號不再使用。例如數字4因發音近似「死」而避用；字母I、O因與數字1、0相似而排除；BAD、BUM、END等字母組合因有負面意涵也不採用。政府開放民眾加價選號：有人想要6666、8888、9999等特殊號碼，也有人選生日或紀念日號碼；不在意號碼者可接受系統隨機分配。無論如何選號，車主都須將車牌掛在指定位置，違規者依《道路交通管理處罰條例》受罰。

某民眾的車牌被別人惡意拔走，導致他違反文末所述的規定而受罰。若該民 眾對此處罰不服，依法採行下列何種處理方式最適當？","向中央立法機關提出訴願","向地方行政機關提出請願","透過行政救濟途徑維護權益","透過刑事訴訟途徑維護權益","2","透過行政救濟途徑維護權益","","答案 C「透過行政救濟途徑維護權益」。民眾不服交通違規裁罰，屬對行政機關行政處分不服，應循訴願及行政訴訟等行政救濟途徑。","[""處罰依道路交通管理法規由警察機關作成，是行政裁罰。"",""不服行政處分，應依程序提出訴願，必要時再提行政訴訟。"",""因此選 C；不是向立法機關訴願、一般請願或刑事訴訟。""]","先辨認爭議性質：行政裁罰不服走行政救濟；犯罪追訴才涉及刑事程序。","[""依題幹與圖表證據判讀"",""核對選項的因果關係""]","[]","","false","false","https://cap.rcpet.edu.tw/exam/114/114exam.html","https://drive.google.com/file/d/1vFl3qctoBXYcCtWbAqKUqhekIMgV6q-m/view","","","","","","","","",""
"OFF-1033","社會","官方歷屆真題","114","49","會考總複習","歷屆會考","114年社會第49題","進階","歷屆真題","【閱讀材料】巴斯人的祖先原居伊朗高原。七世紀上半葉阿拉伯軍隊擊敗薩珊王朝後，伊斯蘭勢力逐漸統治當地，巴斯人遷往印度半島西部避難。當地穆斯林統治者對不同宗教文化較為寬容，使巴斯人得以從事貿易，並世代信仰源自伊朗高原的宗教。十七世紀後期，巴斯商人開始與歐洲商人合作，促進孟買等印度西部城市繁榮，也隨歐洲商人到中國經商。十八世紀後期至十九世紀初，巴斯商人在歐洲與中國的貿易網絡中扮演重要角色，並與控制印度的英國殖民者共同在華活動，留下會館及墓園。十九世紀中期以後，受美國內戰造成英國紡織原料短缺、蘇伊士運河開通促進航運等因素影響，巴斯商人增加對印度及歐洲產業投資，對中國貿易比例逐漸下降。

巴斯人的宗教信仰最可能為何？","祆教","佛教","猶太教","基督教","0","祆教","","答案 A「祆教」。巴斯人祖先來自伊朗高原，並世代信仰源自當地的祆教（瑣羅亞斯德教）。","[""文章指出巴斯人原居伊朗高原，後因阿拉伯勢力征服而遷往印度。"",""他們保留源自伊朗高原的宗教信仰，最符合祆教。"",""選 A；佛教、猶太教和基督教不是文中指出的巴斯人傳統信仰。""]","祆教又稱瑣羅亞斯德教，源於古代波斯；巴斯人是其重要信仰群體。","[""依題幹與圖表證據判讀"",""核對選項的因果關係""]","[]","","false","false","https://cap.rcpet.edu.tw/exam/114/114exam.html","https://drive.google.com/file/d/1vFl3qctoBXYcCtWbAqKUqhekIMgV6q-m/view","","","","","","","","",""
"OFF-1034","社會","官方歷屆真題","114","50","會考總複習","歷屆會考","114年社會第50題","進階","歷屆真題","【閱讀材料】巴斯人的祖先原居伊朗高原。七世紀上半葉阿拉伯軍隊擊敗薩珊王朝後，伊斯蘭勢力逐漸統治當地，巴斯人遷往印度半島西部避難。當地穆斯林統治者對不同宗教文化較為寬容，使巴斯人得以從事貿易，並世代信仰源自伊朗高原的宗教。十七世紀後期，巴斯商人開始與歐洲商人合作，促進孟買等印度西部城市繁榮，也隨歐洲商人到中國經商。十八世紀後期至十九世紀初，巴斯商人在歐洲與中國的貿易網絡中扮演重要角色，並與控制印度的英國殖民者共同在華活動，留下會館及墓園。十九世紀中期以後，受美國內戰造成英國紡織原料短缺、蘇伊士運河開通促進航運等因素影響，巴斯商人增加對印度及歐洲產業投資，對中國貿易比例逐漸下降。

十九世紀上半葉，巴斯人與中國商人的主要貿易模式最可能為何？","巴斯人賣瓷器到中國以換取茶葉","巴斯人賣鴉片到中國以取得白銀","巴斯人賣鹿皮到中國以獲得棉花","巴斯人賣茶葉到中國以交換工業品","1","巴斯人賣鴉片到中國以取得白銀","","答案 B「巴斯人賣鴉片到中國以取得白銀」。十九世紀上半葉英國控制印度並向中國輸出鴉片，換取白銀；巴斯商人參與此一殖民時期貿易網絡。","[""文章指出巴斯商人與控制印度的英國勢力合作，並在中國貿易。"",""十九世紀上半葉中英貿易的重要模式是英屬印度鴉片輸往中國，換取白銀。"",""選 B；瓷器、鹿皮或茶葉互換不是此時期最具代表性的巴斯商人對華模式。""]","歷史貿易題要連結殖民地、商品流向與支付媒介；鴉片輸中、白銀外流是重要背景。","[""依題幹與圖表證據判讀"",""核對選項的因果關係""]","[]","","false","false","https://cap.rcpet.edu.tw/exam/114/114exam.html","https://drive.google.com/file/d/1vFl3qctoBXYcCtWbAqKUqhekIMgV6q-m/view","","","","","","","","",""
"OFF-1035","社會","官方歷屆真題","114","51","會考總複習","歷屆會考","114年社會第51題","進階","歷屆真題","【閱讀材料】巴斯人的祖先原居伊朗高原。七世紀上半葉阿拉伯軍隊擊敗薩珊王朝後，伊斯蘭勢力逐漸統治當地，巴斯人遷往印度半島西部避難。當地穆斯林統治者對不同宗教文化較為寬容，使巴斯人得以從事貿易，並世代信仰源自伊朗高原的宗教。十七世紀後期，巴斯商人開始與歐洲商人合作，促進孟買等印度西部城市繁榮，也隨歐洲商人到中國經商。十八世紀後期至十九世紀初，巴斯商人在歐洲與中國的貿易網絡中扮演重要角色，並與控制印度的英國殖民者共同在華活動，留下會館及墓園。十九世紀中期以後，受美國內戰造成英國紡織原料短缺、蘇伊士運河開通促進航運等因素影響，巴斯商人增加對印度及歐洲產業投資，對中國貿易比例逐漸下降。

墓碑記載此人於西元1850年去世，並列出伊嗣俟紀元1219年。關於這種紀年方式的解讀，何者最適當？","當時類似的巴斯墓葬，多集中於今日山東 青島一帶","根據時間可確認，此人於《南京條約》簽訂前來華","此人為孟買出身，顯示其生前主要與日本商行合作","碑刻的紀年方式，反映巴斯人珍視薩珊王朝的歷史","3","碑刻的紀年方式，反映巴斯人珍視薩珊王朝的歷史","","答案 D「碑刻的紀年方式，反映巴斯人珍視薩珊王朝的歷史」。墓碑採用的巴斯傳統紀年與薩珊王朝末代君主耶茲德格德三世相關，反映巴斯人保存古波斯歷史傳統。","[""讀碑文題先辨認碑上的西元紀年及巴斯社群沿用的傳統紀年。"",""巴斯傳統紀年源自薩珊王朝末代君主耶茲德格德三世的紀年，延續其歷史記憶。"",""因此選 D；墓碑不能證明其與日本商行合作，也不能推出墓葬集中於青島。""]","墓誌所用曆法可反映群體歷史記憶；需分清傳統曆法與伊斯蘭曆。","[""依題幹與圖表證據判讀"",""核對選項的因果關係""]","[]","","false","false","https://cap.rcpet.edu.tw/exam/114/114exam.html","https://drive.google.com/file/d/1vFl3qctoBXYcCtWbAqKUqhekIMgV6q-m/view","","","","","","","","",""
"OFF-1036","社會","官方歷屆真題","114","52","會考總複習","歷屆會考","114年社會第52題","進階","歷屆真題","【閱讀材料】南喬治亞島位於南大西洋，雖環境冰寒，仍有許多海豹、象鼻海豹、企鵝及特有植物。1775年庫克船長登島後宣布其為英國領土，並以當時英王命名。二十世紀初島上設有捕鯨站，現已廢棄。1927年阿根廷聲稱擁有該島主權，成為往後與英國衝突的原因之一；1982年戰爭結束後仍由英國管轄。該島幾乎無常住人口，是觀光船中途站。2017年，一座約4,200平方公里的巨大冰山脫離陸地，在海上漂流；冰山持續崩裂融化，科學家依過往漂流路徑推測它可能撞上南喬治亞島。

根據題幹中的主權聲索紀錄，與英國產生領土紛爭的國家為何？","南非","澳洲","阿根廷","紐西蘭","2","阿根廷","","答案 C「阿根廷」。阿根廷於1927年主張南喬治亞島主權，英阿領土爭議延續至今。","[""題組材料明確指出阿根廷於1927年聲稱擁有該島主權。"",""南喬治亞島位於南大西洋，圖中標示其位置及英國管轄背景。"",""因此答案為 C 阿根廷。""]","領土爭議題優先找材料中的明確主權聲索及年代線索。","[""依題幹與圖表證據判讀"",""核對選項的因果關係""]","[]","","false","false","https://cap.rcpet.edu.tw/exam/114/114exam.html","https://drive.google.com/file/d/1vFl3qctoBXYcCtWbAqKUqhekIMgV6q-m/view","","","","","","","","",""
"OFF-1037","社會","官方歷屆真題","114","53","會考總複習","歷屆會考","114年社會第53題","進階","歷屆真題","【閱讀材料】南喬治亞島位於南大西洋，雖環境冰寒，仍有許多海豹、象鼻海豹、企鵝及特有植物。1775年庫克船長登島後宣布其為英國領土，並以當時英王命名。二十世紀初島上設有捕鯨站，現已廢棄。1927年阿根廷聲稱擁有該島主權，成為往後與英國衝突的原因之一；1982年戰爭結束後仍由英國管轄。該島幾乎無常住人口，是觀光船中途站。2017年，一座約4,200平方公里的巨大冰山脫離陸地，在海上漂流。圖(二十一)標示其不同時間位置；冰山持續崩裂融化，科學家依過往漂流路徑推測它可能撞上南喬治亞島。

依據上文及圖(二十一)中的三個日期標記，該冰山漂流方向為何？","東北向西南","西南向東北","東南向西北","西北向東南","1","西南向東北","","答案 B「西南向東北」。圖中2017至2020年的位置由約60°W往40°W移動，且緯度數值減少、逐漸遠離南極點，因此整體朝東北漂流。","[""按時間順序讀取2017、2019、2020三個位置，先確認地圖的經緯度方向。"",""經度由約60°W往40°W，往東移；南半球緯度由約60°S往較小的南緯數值移，代表往北。"",""同時往東、往北就是東北向，所以路徑是西南向東北，選 B。""]","西經度數值變小代表向東；南緯度數值變小代表向北。","[""依題幹與圖表證據判讀"",""核對選項的因果關係""]","[""./assets/official-exams/114-social-q53-iceberg-map.svg""]","./assets/official-exams/114-social-q53-iceberg-map.svg","true","false","https://cap.rcpet.edu.tw/exam/114/114exam.html","https://drive.google.com/file/d/1vFl3qctoBXYcCtWbAqKUqhekIMgV6q-m/view","","","","","","","","",""
"OFF-1038","社會","官方歷屆真題","114","54","會考總複習","歷屆會考","114年社會第54題","進階","歷屆真題","【閱讀材料】南喬治亞島位於南大西洋，雖環境冰寒，仍有許多海豹、象鼻海豹、企鵝及特有植物。1775年庫克船長登島後宣布其為英國領土，並以當時英王命名。二十世紀初島上設有捕鯨站，現已廢棄。1927年阿根廷聲稱擁有該島主權，成為往後與英國衝突的原因之一；1982年戰爭結束後仍由英國管轄。該島幾乎無常住人口，是觀光船中途站。2017年，一座約4,200平方公里的巨大冰山脫離陸地，在海上漂流；冰山持續崩裂融化，科學家依過往漂流路徑推測它可能撞上南喬治亞島。

上述冰山若撞上南喬治亞島，最可能造成何種影響？","巨浪侵襲島嶼陸地，阻礙工業發展","附近海水鹽度上升，改變海洋生態","威脅北美洲與非洲之間的船隻安全","島嶼海岸遭受破壞，危及動物棲地","3","島嶼海岸遭受破壞，危及動物棲地","","答案 D「島嶼海岸遭受破壞，危及動物棲地」。南喬治亞島是海豹、企鵝等動物棲地；巨大冰山若撞擊島岸，可能破壞沿岸環境並威脅生物。","[""材料指出南喬治亞島有海豹、企鵝及特有植物。"",""巨大冰山撞擊島岸可能破壞海岸與近岸生態，影響動物棲地。"",""因此選 D；不會造成北美與非洲間航道風險，也不能推論海水鹽度必然上升。""]","環境影響題從當地生態特徵推論；冰山撞岸首先直接影響海岸及依賴該棲地的生物。","[""依題幹與圖表證據判讀"",""核對選項的因果關係""]","[]","","false","false","https://cap.rcpet.edu.tw/exam/114/114exam.html","https://drive.google.com/file/d/1vFl3qctoBXYcCtWbAqKUqhekIMgV6q-m/view","","","","","","","","",""
"SIM-0009","社會","依114年官方真題能力指標原創","","","會考總複習","地理","天然災害分布","進階","會考類題","某國位於板塊交界，東側又面向熱帶氣旋頻繁生成的海域。下列哪組災害最需要同時防範？","地震與颱風","寒害與沙塵暴","暴風雪與乾旱","火山與極夜","0","地震與颱風","","答案為 A「地震與颱風」。此選項符合題幹所提供的時間、地點、制度、數據或因果條件。","[""先鎖定題目條件：「某國位於板塊交界，東側又面向熱帶氣旋頻繁生成的海域。下列哪組災害最需要同時防範？」"",""依題目提供的時間、地點、制度、數據或因果線索判斷，正確答案為 A「地震與颱風」。"",""再與其餘選項 B「寒害與沙塵暴」、C「暴風雪與乾旱」、D「火山與極夜」 比較；這些選項不符合題幹指定條件，因此選 A。""]","地理題先把每個位置線索翻成自然環境特徵。","[]","","","false","false","https://cap.rcpet.edu.tw/exam/114/114exam.html","","","","","","","","","",""
"SIM-0010","社會","依114年官方真題能力指標原創","","","會考總複習","地理","農業人口問題","進階","會考類題","某地農村青壯年人口持續外移，採收季經常找不到足夠人力。政府開放季節性農業移工，主要要改善什麼問題？","農業缺工","農產品過剩","耕地鹽化","市場壟斷","0","農業缺工","","答案為 A「農業缺工」。此選項符合題幹所提供的時間、地點、制度、數據或因果條件。","[""先鎖定題目條件：「某地農村青壯年人口持續外移，採收季經常找不到足夠人力。政府開放季節性農業移工，主要要改善什麼問題？」"",""依題目提供的時間、地點、制度、數據或因果線索判斷，正確答案為 A「農業缺工」。"",""再與其餘選項 B「農產品過剩」、C「耕地鹽化」、D「市場壟斷」 比較；這些選項不符合題幹指定條件，因此選 A。""]","先找題幹中的直接問題，再對照政策作用。","[]","","","false","false","https://cap.rcpet.edu.tw/exam/114/114exam.html","","","","","","","","","",""
